# This file uses centimeters as units for non-parametric coordinates.

mtllib frame_13.mtl
g blendShape1Set skinCluster1Set tweakSet1
v 0.000586 10.027603 -28.042150
v 0.000586 11.051556 -29.742813
v 0.000586 12.613555 -31.836746
v 0.000586 4.793279 -13.506510
v 0.000586 4.367110 -10.262774
v 0.000586 3.750950 -7.460137
v 0.000586 3.435155 -4.397125
v 0.003981 3.707645 -1.068288
v 0.003981 3.389395 5.106642
v -0.000509 3.764780 9.957298
v -0.000509 3.628531 12.952451
v -0.000849 6.957985 24.718611
v -0.000849 7.270212 26.098888
v -0.000869 7.727040 28.497068
v -0.000861 8.057959 30.042963
v 0.000586 9.075558 -26.178804
v 0.000586 8.045131 -23.846956
v 0.000586 7.906759 -21.306759
v 0.000586 6.440420 -18.686659
v -0.000509 3.814797 15.499026
v -0.000509 4.345265 17.709280
v -0.000849 7.040434 25.315189
v 0.002886 3.315552 10.084594
v 0.002886 3.349180 9.718726
v 0.003981 3.507300 -0.838302
v 0.003981 3.542418 -1.301356
v 0.000586 4.062422 -10.040984
v 0.000586 4.098643 -10.525918
v 0.000586 4.724651 19.668125
v 0.000586 7.705231 -21.164892
v 0.000586 7.635749 -21.515736
v 0.002380 24.925190 -34.272839
v 0.000199 24.942167 -35.786625
v 0.000199 23.971222 -43.306870
v 0.006979 20.586359 -48.142250
v 0.000199 17.330425 -48.862087
v 0.000274 15.204519 -33.769039
v 0.000199 14.861144 -45.266205
v 0.000199 15.415975 -46.980759
v 0.000199 14.580966 -35.081135
v 0.000199 22.822031 -46.122608
v 0.000199 24.788881 -40.027054
v -0.000725 19.692905 -48.680470
v 0.000199 14.201653 -40.804562
v 0.000199 14.479566 -43.473812
v -0.001014 18.260956 -48.921928
v 0.000199 16.209793 -48.499989
v 0.000199 24.530500 -41.273407
v 0.000199 14.232688 -41.716125
v 0.000199 14.126528 -37.046925
v 0.000199 25.031099 -38.576031
v 0.000199 25.078161 -36.782078
v 0.000199 14.324606 -35.933144
v 0.000199 22.294018 -46.876434
v 0.000199 23.669767 -44.253185
v 0.000199 21.492739 -47.529446
v 0.000199 14.675037 -44.436527
v 0.000199 14.365318 -42.718441
v 0.000441 24.982941 -32.587231
v 0.003981 15.580729 -32.874130
v 0.000199 17.877707 -48.903931
v 0.000199 23.342749 -45.172909
v 0.000199 16.743275 -48.780193
v 0.000199 24.232296 -42.381916
v -0.010382 19.048775 -48.865204
v 0.000199 14.861008 -34.308010
v -0.009973 24.917809 -34.868374
v 0.000586 25.425657 -31.759403
v 0.000586 25.966410 -31.055010
v 0.000586 12.423153 35.884613
v 0.000586 27.127209 -30.025667
v 0.000586 30.520296 -7.465043
v 0.000586 30.825624 -17.459263
v 0.000586 30.288212 -24.187435
v 0.000586 13.142253 33.128582
v 1.337804 14.959770 -31.214804
v 0.000586 30.183563 -2.988876
v 0.000586 30.783907 -11.420259
v 0.000586 30.712000 -21.047562
v 0.000586 29.521341 0.645887
v 0.000586 26.605711 10.040244
v 0.000586 23.479481 17.459219
v 0.000586 20.453285 23.140953
v 0.000586 24.953579 13.896927
v 0.000586 28.424051 4.566257
v 0.000586 16.238188 29.626402
v 0.000586 14.220645 31.740740
v 0.000602 12.039505 36.098854
v 1.700914 17.434368 -30.993767
v -0.002422 17.434368 -30.993767
g Set blendShape1Set skinCluster1Set tweakSet1
v -0.480691 16.556644 -45.758003
v -0.030458 16.617765 -46.063725
g blendShape1Set skinCluster1Set tweakSet1
v 0.000586 29.611395 -27.728109
v 0.000570 21.896221 20.298225
v 0.000570 18.854792 25.948627
v 0.000586 15.251996 30.665016
v 0.000502 25.086903 -32.204872
v 0.000586 5.316032 -16.142685
v 0.000586 13.927854 -31.844414
v 0.000746 9.488740 35.604874
v 0.000715 8.569722 35.510525
v 0.000627 8.812022 35.849434
g Set blendShape1Set skinCluster1Set tweakSet1
v -0.320163 16.432177 -45.749653
v -0.038781 16.445047 -45.806065
g blendShape1Set skinCluster1Set tweakSet1
v 0.003972 15.598077 -33.468075
v 0.000333 24.843145 -33.299313
v -0.000110 20.172949 -48.419174
v -0.001654 8.319185 34.667866
v 0.000711 9.881578 34.820366
v 0.000586 13.168344 -31.765465
v 0.000586 10.693211 32.771858
v -0.001779 8.024430 30.670961
v -0.001171 8.186028 33.618938
v -0.001695 8.133616 32.353516
v 0.000743 10.610457 33.349815
v -0.000854 7.595436 27.330536
v -0.000875 8.082177 29.245115
v 0.000586 11.046457 33.857819
v -0.000861 7.704372 27.997766
v -0.000851 7.461859 26.824673
v 0.000586 14.403654 -32.489830
v 0.000554 17.323336 28.151937
v 0.002369 18.761635 -48.917740
v 0.000181 16.889942 -47.538017
v 0.000199 21.154598 -47.782894
v 0.000586 8.530301 -24.970957
v 0.000199 17.038128 -47.472771
v -0.000858 7.636427 27.663008
v 0.000641 9.082098 35.961494
v 0.000618 9.004233 35.956104
v 0.000618 8.944148 35.950676
v 0.000700 10.198256 33.866009
v 0.000199 15.059641 -46.274147
v 0.000034 14.959382 -45.785088
v 0.000198 16.655001 -47.902893
v -0.003832 17.207083 -47.612087
v 0.000199 18.169146 -42.571922
v 0.000199 18.168806 -43.206963
v 0.000199 18.129072 -43.850224
v 0.000199 17.973852 -44.608749
v 0.000199 17.735424 -45.294525
v 0.000199 17.472759 -46.098557
v -0.014121 17.452307 -47.219215
v 0.000199 18.508207 -39.614071
v 0.000199 18.385141 -40.325016
v 0.000199 18.246521 -41.170567
v 0.000199 18.177782 -41.926540
v 0.000627 9.239724 35.897114
v 0.000042 15.959119 -48.283604
v -12.783259 4.872267 20.826492
v -9.389719 6.221226 22.104313
v -7.917953 5.499850 21.692675
v -10.341559 3.067158 21.248959
v -2.036996 8.419723 30.930531
v -1.009121 8.531783 29.669075
v -0.848742 8.536754 30.439980
v -1.965245 9.087938 30.805714
v -9.188167 4.164027 25.078522
v -8.158382 4.569424 24.444963
v -4.046763 5.200552 25.734312
v -7.690076 5.210841 27.456816
v -8.468786 8.699014 28.666515
v -8.117874 8.244257 26.628092
v -8.413423 7.819107 27.388546
v -8.404506 8.584457 29.189671
v -6.389735 9.324368 30.700920
v -9.142706 7.869905 31.940161
v -7.264549 8.529178 32.569637
v -4.263803 8.664193 31.498384
v -4.355245 9.731583 31.251915
v -9.919834 7.291652 24.171198
v -11.828011 6.705934 25.861446
v -13.007292 2.062479 27.575176
v -15.497241 3.734622 27.471758
v -13.448368 5.153047 28.478966
v -9.017305 7.759148 25.379606
v -10.120716 7.262506 26.624989
v -15.129004 -1.661866 43.311966
v -15.443277 -1.697449 44.348370
v -16.211607 -1.994317 43.445263
v -15.887605 -2.205575 42.336838
v -14.821355 -1.272673 45.293900
v -14.485964 -1.042574 44.148064
v -13.682833 -0.508896 45.128223
v -13.907298 -0.934885 46.321243
v -12.067718 0.589281 45.717213
v -11.560908 0.973755 46.212051
v -11.775022 0.114762 47.534466
v -12.169786 -0.084827 47.653198
v -9.748605 3.070297 44.705143
v -9.006831 3.321670 45.138271
v -9.494238 2.627465 46.467556
v -10.308215 2.204251 46.333836
v -10.899081 2.277234 43.380775
v -11.299058 1.615974 44.900421
v -11.805676 1.169140 44.169743
v -11.434196 1.766797 42.612087
v -12.021367 1.193389 41.906307
v -12.323120 0.718822 43.446159
v -12.671595 0.664416 40.984020
v -12.342090 0.958153 41.416225
v -12.697351 0.394216 42.968513
v -13.021566 0.096756 42.559906
v -13.701776 -0.547048 41.745934
v -13.341454 0.055266 40.151066
v -15.721866 -2.313621 41.769981
v -15.493157 -2.035751 40.669258
v -14.496316 -1.282454 41.187061
v -14.816756 -1.594392 42.481968
v -8.993542 4.119707 43.017803
v -8.063694 4.991965 42.878128
v -9.827822 3.537853 42.524647
v -10.365816 2.731064 44.130264
v -10.471956 3.024535 41.742535
v -11.628221 1.940035 40.238411
v -11.065492 2.480129 40.998764
v -12.327603 1.353366 39.234127
v -11.987565 1.639991 39.724033
v -12.948620 0.771170 38.331390
v -15.201333 -1.681222 39.264793
v -14.405794 -0.829631 36.147106
v -13.358289 0.388140 37.255444
v -14.098696 -0.665331 39.542530
v -10.486688 4.561945 34.059971
v -10.189584 4.996676 32.909298
v -9.889743 5.314336 33.459591
v -10.050223 5.057253 34.509411
v -10.488888 4.662018 32.389896
v -10.847648 4.178906 33.556679
v -11.174975 3.765103 33.022919
v -10.777379 4.247939 31.847370
v -8.050668 5.589787 40.500767
v -6.620102 5.606046 43.011703
v -6.867867 5.357700 44.035259
v -8.373300 4.861877 41.946114
v -9.010091 5.123102 39.266300
v -9.342815 4.334016 40.955452
v -10.094517 3.790187 40.091335
v -9.810902 4.562503 38.367184
v -11.034247 3.411041 36.857727
v -10.466639 3.959241 37.551117
v -10.719640 3.242762 39.290813
v -11.326628 2.679455 38.499851
v -11.748974 2.748123 35.886906
v -11.410682 3.049350 36.366566
v -11.684972 2.363628 37.992218
v -12.005565 2.083506 37.524448
v -12.549522 1.538088 36.508480
v -12.283143 2.130934 34.894463
v -13.807148 0.138059 32.729118
v -12.909941 1.287770 33.829849
v -13.138204 0.823623 35.457523
v -14.047553 -0.319506 34.365334
v -7.447241 6.586674 38.036263
v -5.513139 7.224998 38.984333
v -8.732281 5.968967 37.188126
v -9.642344 5.237477 36.497135
v -10.762058 4.041416 35.385944
v -10.251779 4.577224 35.949146
v -11.487142 3.269845 34.346916
v -11.144547 3.653133 34.877110
v -11.939911 2.701295 33.421303
v -13.535181 0.571740 31.143269
v -12.565616 1.790020 32.322033
v -6.878867 7.406356 35.287262
v -5.127022 7.838037 35.797832
v -8.427568 6.605855 34.791321
v -9.432597 5.765071 34.699604
v -11.657101 3.103364 32.149277
v -13.276378 1.001586 29.518328
v -12.255300 2.265447 31.024473
v -10.826643 1.997779 45.670078
v -10.262319 1.973925 47.148094
v -11.025197 1.459914 46.702335
v -15.414364 -1.472684 46.380131
v -15.655769 -1.529986 46.360424
v -14.159671 -1.904960 48.207378
v -13.631428 -1.263822 48.551498
v -13.368910 -0.686831 46.830826
v -9.882993 2.206517 47.751228
v -15.434114 0.169960 44.281181
v -15.581875 -0.570406 45.430420
v -14.792805 -0.306712 46.550232
v -14.751693 0.569573 44.896896
v -14.200138 0.005390 47.027519
v -14.193061 0.900375 45.359707
v -13.729775 1.214416 45.750366
v -13.407057 0.207082 47.405533
v -12.465973 0.318188 47.481133
v -12.617759 1.702050 46.529514
v -9.908562 2.242839 47.771442
v -11.247385 2.630677 46.719543
v -10.566471 1.465641 47.911331
v -10.089803 1.732820 48.042549
v -11.851411 2.272314 46.626530
v -11.697686 2.937191 45.366756
v -12.685061 2.455309 44.797657
v -13.556131 1.980067 44.087833
v -14.630548 1.245035 43.208126
v -14.075097 1.622173 43.645939
v -15.595312 0.616552 40.532539
v -15.917815 -0.112885 39.971119
v -16.195616 -0.736939 41.365593
v -15.826488 0.102288 42.032829
v -9.843128 4.611861 43.135487
v -10.334199 3.756701 44.613770
v -8.968312 3.467900 45.145966
v -8.230256 5.108675 43.057316
v -11.424032 3.599314 43.900208
v -11.039455 4.346714 42.320080
v -12.188108 3.895427 41.337154
v -12.471953 3.193980 43.072300
v -13.184213 3.269489 40.413071
v -13.369143 2.648968 42.316490
v -14.402547 2.318511 39.292423
v -14.483104 1.820801 41.422905
v -13.923413 2.232826 41.811234
v -13.769388 2.820640 39.836472
v -5.428507 8.775965 33.246601
v -11.987164 6.243933 30.461222
v -12.491116 5.846240 29.861731
v -12.996713 5.186878 31.647402
v -12.464479 5.617386 32.196491
v -15.257455 2.505415 29.406534
v -14.030660 4.114417 30.463268
v -8.787815 5.979570 40.562527
v -9.237802 5.252780 42.095856
v -7.350208 5.525141 44.180962
v -7.105895 5.768173 43.158249
v -10.164701 5.815658 38.964695
v -10.592271 5.067481 40.760525
v -11.466348 5.356011 37.699127
v -11.835232 4.618738 39.569233
v -12.480434 4.719059 36.655754
v -12.808893 3.999996 38.560581
v -13.711402 3.732619 35.270481
v -14.019696 3.030707 37.182861
v -13.491305 3.489162 37.813763
v -13.169719 4.211015 35.908611
v -14.595354 2.639031 33.984367
v -14.830446 1.979894 35.734703
v -15.334035 1.274886 32.650097
v -15.430884 0.679422 34.221363
v -15.102805 1.427371 37.540977
v -15.669080 0.031585 36.075539
v -8.141679 7.060172 37.952454
v -5.886510 7.727019 39.099754
v -9.730112 6.618141 36.760891
v -11.101398 6.085571 35.682762
v -12.158165 5.421551 34.720646
v -13.405538 4.414320 33.403938
v -12.838002 4.925043 34.032097
v -14.348181 3.328038 32.234993
v -15.236972 1.851823 30.999737
v -7.879865 7.740160 35.321911
v -5.434438 8.407981 35.837788
v -9.428710 7.268694 34.384171
v -10.813084 6.713401 33.605057
v -11.799259 6.089642 32.836567
v -10.784636 3.117926 45.911121
v -15.442826 -1.508941 46.836140
v -14.667868 -1.805972 48.539635
v -13.894184 -1.212678 48.862946
v -13.111592 -0.735503 49.394848
v -12.110761 0.056254 47.820229
v -9.525368 2.807749 46.497097
v -16.469053 -1.817689 42.566574
v -16.418705 -1.941031 43.448807
v -11.722448 0.250795 47.698475
v -10.050940 1.702670 47.986610
v -10.513680 1.441966 47.817986
v -5.087341 8.520929 33.119823
v -15.900880 -1.734092 46.525993
v -16.497316 -1.804731 43.878475
v -15.706069 -1.559024 46.431660
v -15.769399 -1.516128 46.437721
v -13.103754 -0.835905 49.377754
v -11.364745 6.759625 28.810722
v -11.652430 6.444015 28.521086
v -11.502147 6.675415 31.014189
v -10.631418 7.286261 31.616121
v -10.277473 7.627629 30.022606
v -11.112895 7.107534 29.350967
v -9.954604 5.168728 31.368902
v -10.222393 4.774209 30.780806
v -9.436152 5.209338 29.741829
v -9.177387 5.572095 30.345753
v -9.795583 4.596444 28.678946
v -10.888828 3.596716 27.606743
v -16.177984 16.120779 -21.583509
v -17.709291 14.569616 -20.623558
v -18.251348 14.205343 -19.582321
v -16.429272 14.464954 -21.234856
v -16.909723 12.842693 -19.527660
v -15.063847 13.023077 -21.183868
v -14.680771 12.629738 -21.913683
v -15.956209 12.222108 -20.626120
v -14.445100 11.219404 -22.319868
v -13.394958 12.356289 -22.886127
v -12.034127 11.827246 -25.419201
v -11.886670 12.648032 -24.604708
v -18.545488 14.277958 -19.587225
v -18.005001 14.640960 -20.629875
v -19.216087 13.719242 -20.780729
v -19.459991 13.877032 -19.178333
v -18.476421 13.094302 -19.075241
v -19.162571 13.813398 -19.174173
v -17.633787 11.718572 -20.317677
v -16.348450 10.532906 -21.756899
v -14.898524 8.945031 -23.273117
v -12.986539 9.112322 -26.101280
v -20.765697 11.657759 -18.898565
v -20.858192 11.821167 -19.163412
v -22.126749 9.446403 -18.952337
v -22.179676 9.081511 -18.516104
v -20.468307 11.270587 -19.079018
v -21.492281 9.122715 -18.817659
v -17.793644 9.914572 -21.393562
v -19.260347 7.462362 -21.276512
v -16.523525 5.976569 -24.264765
v -19.496826 10.126415 -19.814976
v -20.159683 8.960439 -19.640461
v -14.696142 5.508974 -27.169132
v -22.037529 8.877882 -18.701370
v -22.268845 8.548855 -19.005316
v -22.965855 5.955418 -18.880203
v -23.005480 5.978223 -18.464672
v -21.880543 8.302923 -18.786068
v -22.577944 5.740487 -18.666473
v -20.298435 4.511253 -20.894987
v -17.562244 3.231144 -23.893497
v -20.734306 6.873055 -19.505440
v -21.243038 5.799644 -19.364832
v -15.711807 2.139477 -26.620951
v -22.684074 5.276503 -18.688021
v -23.149853 5.490732 -18.463867
v -23.638680 4.112998 -18.263788
v -23.108442 3.782845 -18.248207
v -21.248119 1.978904 -20.119061
v -18.697197 -0.055909 -22.994978
v -21.854982 4.332906 -19.072441
v -22.268208 3.265419 -18.747824
v -16.532209 -1.047126 -25.655706
v -23.724606 3.102615 -17.988600
v -23.558395 3.057120 -18.858385
v -24.114965 1.562719 -17.856689
v -24.174459 1.580693 -17.252954
v -23.257881 2.878101 -17.802435
v -23.565434 1.481393 -17.160868
v -22.592699 2.134864 -18.301296
v -22.788641 1.269832 -17.978563
v -18.209036 -2.428715 -23.625019
v -19.798143 -2.357824 -21.462408
v -18.791401 -3.752100 -22.711777
v -24.164145 0.791972 -17.976679
v -23.551081 -0.164983 -19.152578
v -24.143843 -1.345409 -17.937761
v -24.502520 -1.238235 -16.860083
v -24.176250 1.228741 -17.153126
v -24.634766 -0.674164 -15.993010
v -23.548586 1.185551 -17.090914
v -24.083017 -0.763062 -15.952370
v -20.970312 -8.902440 -18.573542
v -19.855133 -6.381226 -20.667452
v -20.558842 -4.992148 -20.013906
v -21.749582 -7.725657 -17.545624
v -20.232452 -12.434457 -21.507866
v -18.677481 -9.475938 -25.333117
v -17.984993 -8.986641 -23.760727
v -19.426397 -11.433409 -20.859417
v -24.709776 -1.293752 -16.357416
v -24.404238 -2.690851 -17.012009
v -24.750484 -4.404812 -15.826565
v -25.047365 -4.175324 -14.423567
v -24.676273 -1.066098 -15.797077
v -25.167690 -3.763976 -13.961014
v -24.130726 -1.260041 -15.733322
v -24.658417 -3.975205 -13.876724
v -23.591814 -2.261589 -15.859348
v -23.888973 -3.565372 -14.892237
v -21.368031 -14.509854 -18.921293
v -23.270624 -13.037388 -19.394161
v -22.296421 -11.160214 -21.757643
v -25.508606 -6.148590 -12.815946
v -25.296148 -7.291741 -13.374633
v -25.435997 -8.166711 -12.583361
v -25.685760 -7.515401 -11.600562
v -25.457739 -5.720291 -12.491657
v -25.740252 -7.207946 -11.235970
v -24.973238 -5.782364 -12.560936
v -25.386742 -7.387116 -11.117088
v -22.374908 -9.597751 -15.590052
v -23.815779 -7.285254 -13.858327
v -24.435389 -8.897991 -12.194152
v -23.273808 -11.084399 -13.645228
v -24.627342 -6.773815 -12.470377
v -24.875212 -7.556761 -11.672215
v -21.788689 -10.738780 -16.442822
v -20.596746 -13.379574 -18.210703
v -23.771696 -17.348862 -14.163469
v -24.878561 -15.714181 -14.622457
v -24.031900 -14.509027 -16.985743
v -22.307486 -15.832006 -16.750814
v -22.669895 -12.223679 -14.478763
v -24.283916 -12.278728 -11.636750
v -23.820049 -13.415146 -12.195153
v -21.466919 -14.658058 -15.949437
v -22.996445 -15.793034 -13.427776
v -26.277916 -10.201825 -8.340975
v -26.648270 -10.107151 -8.358705
v -26.627007 -10.747456 -8.073928
v -26.372156 -10.812823 -8.036690
v -25.988501 -10.645823 -8.600925
v -25.933517 -10.240008 -8.889327
v -26.176300 -10.018111 -8.616572
v -21.957478 -13.628302 -15.461210
v -23.191744 -14.623816 -12.872256
v -20.084755 -10.314881 -19.923548
v -21.118994 -12.190471 -17.541697
v -18.766552 -7.849261 -22.317448
v -15.408571 -1.783837 -28.155621
v -17.020531 -3.554725 -24.937483
v -16.040213 -5.065119 -27.012157
v -14.579617 1.900458 -29.467505
v -13.629607 5.520113 -29.985783
v -12.299014 9.972034 -29.129021
v -11.489597 13.125722 -27.634260
v -10.714916 14.703835 -25.603821
v -19.168335 11.843053 -19.425657
v -18.707054 11.060918 -20.092085
v -19.065529 9.038900 -20.714230
v -19.774376 12.264179 -19.723560
v -19.854324 12.263894 -20.212130
v -20.270489 12.289706 -20.343828
v -18.982416 10.097310 -24.407776
v -20.684547 10.387508 -21.232328
v -20.898075 11.652485 -19.605444
v -20.309589 12.470886 -20.254965
v -19.900314 12.796739 -19.821722
v -19.894979 7.551728 -24.889530
v -21.822676 8.975302 -19.834122
v -21.970173 9.180547 -19.416727
v -21.268251 8.997936 -21.028320
v -21.590679 8.508833 -19.586153
v -21.666292 8.621795 -19.328711
v -21.338558 8.453601 -19.144352
v -20.396059 8.048238 -19.795012
v -19.489477 8.095389 -20.582649
v -20.139666 6.561791 -20.309195
v -22.696581 5.562365 -18.842802
v -22.279284 5.276944 -19.043617
v -21.394716 4.990170 -19.446777
v -20.559338 5.614927 -20.189672
v -21.252531 3.976885 -19.845692
v -23.566492 4.089323 -18.938257
v -23.594622 3.122396 -18.848894
v -23.724880 3.271965 -18.312141
v -23.141092 3.063538 -18.094921
v -22.305407 2.625691 -18.723463
v -21.609093 3.088304 -19.575390
v -22.055763 1.713818 -19.017057
v -23.912573 1.101238 -17.415298
v -23.311270 0.981216 -17.302076
v -22.779346 0.545698 -17.903713
v -24.362082 -1.305944 -16.658697
v -24.361376 -1.011198 -16.176126
v -23.826197 -1.056074 -16.122068
v -23.286455 -1.687435 -16.548353
v -22.291405 0.935375 -18.660513
v -24.760820 -4.930914 -15.718422
v -24.907764 -4.426527 -14.544281
v -24.925245 -4.121776 -14.140862
v -24.462656 -4.211039 -14.096688
v -23.934517 -4.503135 -14.594093
v -23.247129 -5.250953 -15.595427
v -23.432257 -3.918389 -15.583873
v -24.177740 -5.030078 -13.921757
v -23.800817 -5.481912 -14.453474
v -24.673479 -4.178166 -13.687661
v -25.182800 -4.122526 -13.669700
v -25.042059 -4.501265 -14.133057
v -24.943275 -5.434833 -14.872163
v -24.935413 -5.732624 -12.632094
v -24.320292 -5.819517 -13.325047
v -25.419151 -5.574321 -12.641408
v -25.315624 -5.972977 -13.029003
v -21.985897 -0.287260 -18.953136
v -22.548801 -2.730541 -17.504927
v -23.281345 -0.887229 -16.807213
v -23.056927 0.115172 -17.429419
v -22.635664 -0.503781 -17.934862
v -22.822046 -1.367270 -17.407085
v -23.202240 -2.980663 -16.299160
v -25.115448 -6.312493 -14.073707
v -25.121876 -6.988718 -14.035930
v -25.264837 -6.176787 -13.089617
v -25.275101 -5.835003 -12.711325
v -24.807247 -5.927762 -12.740550
v -24.374100 -6.454225 -13.069855
v -23.980318 -6.194295 -13.868608
v -24.315012 -7.325001 -12.859214
v -25.459211 -8.794671 -12.392934
v -25.629070 -7.829426 -11.494685
v -25.659475 -7.496254 -11.188930
v -25.256422 -7.606736 -11.209411
v -24.903584 -8.095737 -11.445548
v -24.527378 -7.922074 -12.243329
v -25.124014 -8.358006 -10.920390
v -24.893219 -8.840133 -11.268193
v -25.485617 -7.636165 -10.840165
v -25.883419 -7.518290 -10.838535
v -25.868391 -8.056791 -11.002596
v -25.805130 -8.693390 -11.267816
v -24.221783 -13.797733 -11.313533
v -24.685076 -12.675840 -10.728139
v -25.029268 -13.016587 -9.948521
v -24.623507 -14.180266 -10.431793
v -23.606106 -16.247723 -12.058464
v -23.604017 -14.950404 -11.881458
v -24.070234 -15.318948 -10.701977
v -24.007023 -16.488153 -11.082603
v -25.893963 -16.812273 -12.092714
v -25.426321 -16.442049 -13.295934
v -24.306040 -17.753365 -12.997023
v -24.802086 -18.173449 -11.912105
v -26.263472 -8.386604 -9.816327
v -26.062571 -8.609708 -10.385877
v -25.753630 -8.560467 -9.956088
v -25.334282 -8.889251 -10.356363
v -26.581825 -9.480524 -8.793167
v -26.384071 -8.490642 -9.583445
v -26.304602 -9.247540 -9.757987
v -26.505049 -9.891294 -9.118745
v -25.942471 -8.709789 -9.622567
v -26.143946 -9.665833 -8.820704
v -25.651503 -9.517775 -9.646935
v -25.806452 -9.955606 -9.150717
v -25.159140 -10.075282 -10.694146
v -26.074780 -9.740587 -10.398667
v -26.462965 -10.558076 -9.274301
v -26.166609 -8.662189 -9.813582
v -26.140823 -9.066038 -10.108557
v -25.751162 -8.879210 -9.789220
v -25.805002 -10.390718 -11.101251
v -25.125904 -9.275341 -10.744891
v -25.472263 -9.334893 -10.080126
v -25.482716 -9.968687 -9.953845
v -25.674494 -10.855034 -9.436621
v -25.730093 -11.188564 -8.991669
v -25.773811 -8.898965 -10.989545
v -26.237928 -11.298190 -9.706048
v -26.510839 -10.301762 -8.952799
v -26.512159 -9.892988 -8.684332
v -26.620596 -10.505358 -8.642595
v -26.535789 -10.977585 -9.005958
v -25.642963 -10.280425 -9.512211
v -26.633556 -10.997104 -8.315417
v -26.531006 -11.428993 -8.635152
v -26.585705 -12.596483 -6.766468
v -26.394253 -12.414050 -7.137251
v -26.192211 -11.957855 -7.420760
v -26.604877 -11.285619 -7.305643
v -26.161442 -11.460797 -7.885875
v -26.546177 -11.095661 -7.491715
v -26.720808 -11.165609 -7.626576
v -26.028175 -11.260603 -8.264028
v -16.744381 -6.945952 -25.909395
v -17.651831 -5.091460 -24.097527
v -20.903032 -8.683143 -24.895163
v -21.950113 8.742516 -19.823820
v -22.376997 8.428201 -19.436365
v -23.528761 3.976411 -19.275833
v -23.690893 3.228047 -19.081062
v -23.476292 2.920457 -19.151205
v -23.659266 2.984106 -19.155661
v -2.039517 10.035134 -28.115297
v -2.279315 9.025253 -26.151314
v -4.619597 9.348462 -26.234648
v -3.979469 10.280267 -28.123758
v -1.771063 10.988143 -29.656071
v -2.549146 12.267344 -30.738754
v -11.118412 7.905644 22.412308
v -11.587540 8.439153 26.126568
v -13.116119 8.498819 24.620728
v -11.639651 11.523722 -23.163210
v -8.955744 12.305894 -25.685707
v -10.288734 10.769966 -23.623829
v -17.467884 9.914200 -7.672335
v -17.326273 10.060109 -11.172777
v -12.249036 7.624199 -12.144775
v -13.341358 7.737223 -9.015076
v -18.915922 10.445441 -4.254573
v -12.781479 6.721007 -6.252308
v -17.437094 9.667683 -0.901666
v -12.442797 6.283123 -2.286966
v -18.124668 9.790180 2.720656
v -13.136816 6.674145 1.782122
v -16.347733 9.134153 8.027567
v -11.579113 6.135664 6.011807
v -16.474003 9.385303 11.637754
v -12.041343 6.595140 10.119328
v -14.467891 8.345037 14.034372
v -10.701751 6.250023 12.537455
v -14.005692 8.013538 15.983654
v -10.161503 6.267953 14.270028
v -14.700133 8.474772 19.440094
v -9.684042 7.163706 15.706184
v -8.500782 6.376967 18.400335
v -10.810846 7.155923 18.746799
v -11.166041 7.908955 21.559494
v -2.368494 8.520773 -24.980976
v -2.458242 7.967981 -23.862215
v -4.813073 8.182610 -23.881195
v -4.726745 8.686717 -24.925444
v -2.521378 7.464124 -21.285894
v -2.579432 7.591305 -21.102909
v -5.112050 7.942982 -21.500803
v -5.099148 7.814421 -21.665396
v -2.562603 7.378591 -20.946735
v -2.591670 6.144743 -18.662355
v -5.148288 6.379137 -18.631701
v -5.110467 7.721629 -21.331711
v -2.602530 5.206470 -16.152847
v -2.432817 4.290132 -10.337023
v -2.423271 4.025982 -10.616867
v -2.425234 3.985471 -10.145084
v -2.484855 3.291459 -4.370913
v -2.436648 3.652918 -7.407442
v -2.533726 3.581914 -0.860930
v -2.525779 3.415955 -1.088913
v -2.521330 3.386111 -0.646717
v -2.445102 3.523514 9.872967
v -2.438215 3.358115 9.642870
v -2.427244 3.334247 10.046851
v -2.279854 3.506002 12.890049
v -2.079934 3.895298 15.419890
v -3.612101 5.089900 22.452368
v -3.431496 4.766522 21.618706
v -8.568401 9.188264 -23.604033
v -7.641819 9.604878 -24.951822
v -7.748649 8.449521 -20.499874
v -7.741114 8.508834 -20.633802
v -8.182510 7.078218 -17.971853
v -7.776687 8.387296 -20.263018
v -8.596803 6.183936 -15.912132
v -5.287399 5.587395 -16.130451
v -8.695797 4.752104 -10.234377
v -8.681184 4.486363 -10.550467
v -4.959134 4.130716 -11.127995
v -4.969631 4.390532 -10.831454
v -8.703871 4.437465 -10.021547
v -4.963409 4.085928 -10.669348
v -8.701053 3.651062 -3.977492
v -8.824095 4.012189 -7.122913
v -4.864716 3.681401 -7.387272
v -4.853491 3.284302 -4.295223
v -8.523535 3.867783 -0.357886
v -8.534063 3.875903 -0.570971
v -4.793537 3.475620 -1.532576
v -4.800060 3.642308 -1.309663
v -8.507118 3.861629 -0.151149
v -4.784672 3.451064 -1.111239
v -7.928494 4.236400 9.852121
v -7.945371 4.233817 9.626567
v -4.618410 3.601591 8.915011
v -4.622795 3.772773 9.158259
v -7.894093 4.239552 10.109660
v -4.596499 3.587500 9.357092
v -7.084806 4.955755 14.798314
v -7.507695 4.951364 12.914710
v -4.393699 4.039215 12.972023
v -4.142770 4.352898 15.399417
v -6.144913 6.495265 19.731371
v -6.708429 5.832026 16.596498
v -5.407908 6.232997 20.038776
v -3.921463 6.050765 22.093376
v -3.859064 5.185187 24.266634
v -1.738924 4.354909 17.821911
v -9.557201 8.954364 -20.279182
v -9.088021 8.985901 -21.292749
v -11.008026 8.819261 -17.908928
v -9.517527 8.560332 -18.749823
v -11.764309 8.401908 -15.161038
v -10.901100 5.762401 -9.990156
v -10.229388 5.689507 -11.781298
v -10.375148 5.264118 -8.563345
v -10.426125 5.089632 0.083535
v -10.103718 4.878663 -1.498590
v -9.881809 4.787651 0.972446
v -9.591967 5.056843 10.028174
v -9.824182 5.138082 8.469419
v -9.354923 5.112845 11.383101
v -9.780598 6.474619 15.440660
v -6.794789 5.208125 15.983294
v -4.718623 5.390749 19.265930
v -5.273863 5.631561 19.977495
v -1.197775 4.711769 19.984146
v -3.681585 4.883552 18.263182
v -2.245689 4.886318 20.504684
v -8.245218 3.974758 6.499050
v -4.733964 3.441297 6.153556
v -2.437582 3.359559 5.504718
v -8.599922 5.225714 -13.621973
v -5.139961 4.942112 -13.752239
v -2.518987 4.590870 -13.575931
v -10.696716 9.212047 -20.174969
v -1.489411 24.277824 -34.007912
v -1.441722 24.374319 -34.645039
v -4.118212 22.108650 -33.926586
v -2.953872 23.243143 -33.929970
v -2.870717 23.403870 -34.608173
v -4.017899 22.381138 -34.615513
v -1.464868 24.836161 -38.614925
v -1.384123 24.631092 -40.038338
v -3.920147 23.110409 -38.620071
v -2.824655 24.248314 -38.617851
v -2.696408 24.171337 -40.120522
v -3.760032 23.038708 -40.084358
v -0.875613 23.282900 -45.143326
v -0.925502 23.551004 -44.262959
v -2.315926 15.435684 -34.501183
v -2.614351 15.909932 -33.993710
v -4.543375 15.807248 -36.939480
v -4.947046 16.677916 -37.198814
v -4.907517 16.406290 -37.829201
v -4.406049 15.403636 -37.461655
v -1.178769 14.388492 -42.706688
v -2.276470 14.602941 -42.758545
v -0.680254 14.878159 -45.273308
v -0.554472 14.949528 -45.789768
v -1.386786 14.938400 -45.307972
v -1.145568 14.995708 -45.802059
v -1.536144 14.161320 -37.509136
v -3.073715 14.553471 -37.881859
v -2.720547 14.530562 -40.957130
v -1.358605 14.264389 -40.865852
v -3.025395 14.833905 -42.842117
v -4.714902 19.759403 -38.884182
v -4.798956 17.928020 -39.017677
v -4.924818 17.944004 -37.943748
v -4.856453 19.563452 -37.701988
v -3.791936 15.912186 -43.195644
v -3.957888 15.949731 -42.728283
v -4.046605 16.780628 -42.908772
v -3.928027 16.731190 -43.325634
v -2.593335 16.409151 -46.172905
v -2.086310 16.334425 -46.813046
v -1.918447 15.895379 -46.651379
v -2.455149 15.935961 -46.063076
v -1.612429 15.089774 -45.847298
v -1.940394 15.018004 -45.335232
v -0.814873 22.116606 -46.757538
v -0.773048 21.447096 -47.398891
v -3.164114 16.421440 -45.264931
v -2.969677 15.893424 -45.100952
v -3.297479 15.884706 -44.426418
v -3.490112 16.491468 -44.607483
v -1.119923 24.045010 -42.445244
v -1.293535 24.314856 -41.366875
v -2.743913 23.471058 -42.812904
v -3.241683 22.829527 -42.884674
v -3.443536 22.864609 -42.217545
v -2.906956 23.555162 -42.223629
v -4.236923 16.844315 -42.377419
v -4.068938 15.977190 -42.430672
v -4.172029 16.055920 -42.188374
v -4.441809 17.029690 -41.874916
v -0.781059 15.684092 -47.511635
v -1.434140 15.868162 -47.206833
v -1.566032 16.223835 -47.434368
v -0.912565 16.048597 -48.080261
v -3.682715 14.830802 -41.032986
v -3.405191 14.838182 -41.930252
v -2.567373 14.525587 -41.866516
v -1.306612 14.289212 -41.802494
v -0.307622 15.428629 -46.976269
v -0.270830 15.760700 -47.304352
v -0.529157 15.770144 -47.277176
v -0.774926 15.806472 -47.250931
v -0.560907 16.723621 -47.348831
v -0.218115 16.711094 -47.464249
v -2.325971 14.917092 -44.567440
v -1.717865 14.795090 -44.498611
v -2.035597 14.696825 -43.580723
v -2.698539 14.856236 -43.623512
v -1.045387 14.534534 -43.495140
v -0.896281 14.698989 -44.447891
v -4.033020 20.919436 -42.992455
v -4.221112 19.514105 -42.643497
v -4.374145 19.837315 -41.472649
v -4.189769 21.566633 -41.660793
v -4.551404 19.910929 -40.188435
v -4.527686 21.542326 -38.708164
v -4.441318 21.612610 -40.134483
v -0.691728 15.458782 -46.966022
v -0.962979 15.117111 -46.289127
v -1.323612 15.220375 -46.340633
v -0.946929 15.538391 -46.977753
v -0.446814 15.076977 -46.279106
v -4.220375 18.116795 -42.476635
v -4.423350 18.341824 -41.503513
v -3.937536 18.921469 -43.698975
v -3.994560 17.826956 -43.302238
v -3.486238 17.100132 -44.881653
v -3.206203 16.997345 -45.392101
v -2.693463 16.915981 -46.164963
v -2.195273 16.841063 -46.859814
v -1.675785 16.780230 -47.537121
v -1.124172 16.629696 -48.203014
v -0.158855 15.971461 -48.325523
v -0.127209 16.219242 -48.467865
v -3.491794 16.242546 -43.234741
v -3.527733 15.180187 -42.988148
v -2.984945 16.005310 -44.776695
v -2.794628 15.138977 -44.647366
v -3.183234 15.156242 -43.745205
v -3.270712 16.142399 -43.936325
v -1.895325 16.290821 -46.438076
v -1.452545 16.593502 -46.890034
v -1.153992 15.703166 -47.025120
v -1.705031 15.411280 -46.402637
v -0.939839 16.693476 -47.195786
v -1.010341 15.823498 -47.113636
v -4.624169 18.376829 -40.311676
v -2.601275 23.946577 -41.574066
v -3.613572 22.946312 -41.404457
v -3.932581 15.236641 -41.987164
v -3.846821 16.453745 -42.345268
v -2.642382 14.988310 -35.265282
v -1.892748 14.538329 -36.261421
v -4.658439 21.372927 -37.288406
v -4.010740 23.045324 -37.095509
v -2.910340 24.082006 -36.990387
v -1.514671 24.726015 -36.919827
v -4.180426 15.189999 -38.253403
v -4.695970 17.086676 -39.728027
v -4.669676 16.157738 -39.472816
v -4.743475 16.348272 -38.602161
v -4.977144 17.851166 -37.314907
v -4.970518 18.910082 -36.806061
v -4.052504 22.791803 -35.694569
v -2.910129 23.671974 -35.718872
v -1.496952 24.494110 -35.800724
v -3.423534 14.841516 -36.831608
v -2.006988 23.031946 -45.039349
v -2.155586 22.679193 -44.916416
v -2.479042 22.724392 -44.141010
v -2.310933 23.194609 -44.293915
v -1.677661 20.713970 -46.952621
v -1.737822 20.654598 -46.794392
v -1.826451 21.601824 -46.469818
v -1.691176 21.806820 -46.601700
v -1.924950 22.441595 -45.681400
v -1.807362 22.541460 -45.838223
v -0.837837 22.769053 -46.038769
v -3.021880 22.722403 -43.327976
v -2.536767 23.353092 -43.452095
v -1.000581 23.798233 -43.382320
v -3.252849 22.364445 -43.644081
v -3.128039 22.520739 -44.195751
v -3.513584 22.165556 -44.038921
v -3.436734 22.072781 -43.811192
v -2.783811 22.121895 -45.823032
v -2.524759 21.336643 -46.579803
v -3.158698 20.849344 -46.299587
v -3.367808 21.591213 -45.877956
v -2.514469 20.434217 -46.736412
v -2.904046 20.241796 -46.491123
v -3.944338 19.670044 -43.884262
v -2.821447 18.008562 -46.202728
v -3.234961 17.969635 -45.524170
v -3.160410 18.415087 -45.509426
v -2.816275 18.437538 -46.128128
v -3.793864 19.700670 -45.166714
v -4.040347 20.494759 -44.492878
v -4.011476 20.515429 -44.530022
v -3.772758 19.776707 -45.159359
v -3.762801 21.291803 -44.232399
v -3.817231 21.303133 -44.202335
v -3.599934 21.815325 -44.057434
v -3.558477 21.885231 -44.066681
v -3.501664 21.716757 -44.127895
v -3.525837 21.688078 -44.135723
v -3.426602 21.328814 -45.840801
v -3.243260 20.654339 -46.176876
v -3.208569 20.599882 -46.063862
v -3.448128 21.157780 -45.787037
v -3.047297 20.132481 -46.354473
v -3.074573 20.113028 -46.248840
v -3.270028 19.282343 -45.730312
v -3.258125 19.387875 -45.692703
v -3.883282 20.519926 -44.333286
v -3.704691 19.651733 -44.958393
v -3.695015 21.310808 -43.938766
v -3.440591 21.975815 -44.054401
v -3.424428 21.971167 -43.855110
v -2.977021 20.611074 -46.084705
v -3.343196 21.221270 -45.753197
v -2.876717 20.181452 -46.282440
v -3.228501 19.226648 -45.562687
v -4.918700 20.784431 -35.803020
v -5.063260 20.253586 -34.777420
v -4.985246 19.769049 -34.000870
v -3.423675 22.052288 -44.994873
v -2.949167 22.448858 -44.944366
v -3.526626 21.698544 -45.026466
v -3.521121 21.853048 -45.015785
v -3.431878 21.814962 -45.031784
v -2.685470 19.210512 -46.084042
v -2.670850 19.128109 -46.163185
v -2.885903 19.151733 -46.036312
v -2.908165 19.263712 -45.948689
v -2.852527 19.198225 -45.914684
v -3.547836 15.896987 -43.765560
v -3.715472 16.589090 -44.036674
v -3.500629 18.391289 -44.612057
v -3.735087 18.867167 -44.579002
v -3.855045 17.632736 -43.778370
v -3.751740 21.808805 -43.806095
v -3.592554 21.857561 -43.582325
v -3.593431 21.561159 -44.094082
v -3.622688 21.633068 -44.047958
v -3.510236 21.636343 -43.766785
v -0.613333 21.016779 -47.771229
v -0.473173 20.470915 -48.177513
v -1.737699 19.963806 -47.083183
v -1.963305 19.539963 -47.289768
v -2.174869 19.025051 -46.770477
v -1.817581 19.937189 -46.929184
v -2.489595 19.784218 -46.761196
v -2.836399 19.633444 -46.426773
v -2.903380 19.621414 -46.297600
v -2.890145 19.657373 -46.189014
v -2.680158 19.658968 -46.198597
v -2.645362 16.108040 -45.375813
v -2.417474 15.204039 -45.365902
v -0.566573 17.935152 -48.808475
v -0.559347 18.364147 -48.745872
v -4.831723 17.099546 -33.275543
v -5.887534 17.011122 -32.279556
v -5.788248 20.029938 -32.440632
v -5.246129 19.732656 -33.301243
v -2.726690 16.219416 -32.887447
v -2.591439 16.177589 -33.453556
v -3.329401 19.100435 -45.720879
v -3.862124 19.560818 -45.098907
v -4.113691 20.418320 -44.408531
v -2.531350 18.526276 -46.556953
v -2.403858 18.032585 -46.894520
v -0.624722 17.381281 -48.762741
v -1.216819 17.372637 -48.308205
v -1.272535 18.016657 -48.319435
v -2.618717 19.030966 -46.300102
v -2.396741 19.050123 -46.531132
v -2.703806 18.838165 -46.252335
v -2.852597 18.998510 -46.119240
v -2.988749 18.824654 -45.932999
v -3.134297 19.025633 -45.893948
v -3.100377 19.207117 -45.877621
v -3.065966 19.321030 -45.848198
v -3.271676 18.880327 -45.622639
v -3.893379 19.360558 -45.007191
v -4.085293 20.320827 -44.353523
v -4.664925 17.219975 -40.702579
v -4.253424 15.320902 -41.067944
v -4.177411 16.300638 -41.833500
v -4.507738 16.247061 -40.988750
v -4.537836 16.219913 -40.863449
v -4.443229 16.099838 -41.573307
v -0.505143 16.677544 -48.615986
v -1.804142 17.384392 -47.607891
v -2.303694 17.407192 -46.897484
v -3.751614 17.464529 -44.152874
v -3.531317 18.097736 -44.803505
v -3.655748 22.055950 -42.945110
v -3.825154 22.158638 -42.277073
v -4.044887 20.102564 -44.112057
v -3.865840 19.177015 -44.879421
v -3.614116 21.931803 -43.383171
v -1.928193 17.960785 -47.653465
v -1.404953 21.086685 -47.254375
v -1.488254 21.937569 -46.594555
v -1.508974 22.637079 -45.857769
v -1.602581 23.114155 -45.072289
v -1.757736 23.367840 -44.270290
v -1.888839 23.570065 -43.438168
v -2.132184 23.792416 -42.583611
v -3.170478 18.649727 -45.507740
v -3.905913 21.310843 -44.008801
v -3.931821 21.288870 -43.868629
v -3.971701 21.109835 -43.552574
v -2.032285 15.279984 -45.880741
v -4.497605 15.499501 -40.250381
v -4.281817 16.323366 -41.386806
v -2.728207 18.563719 -46.029701
v -2.584412 18.668665 -46.341667
v -3.832582 16.668642 -43.669781
v -2.010372 18.556213 -47.654865
v -1.996576 19.277245 -47.406368
v -1.502155 19.537775 -47.998692
v -1.380026 18.744123 -48.227314
v -2.282553 18.868399 -46.922245
v -1.491164 19.716759 -47.874611
v -3.223189 17.516193 -45.495316
v -3.435139 17.493269 -45.104130
v -3.515039 17.812870 -44.962997
v -3.672805 17.292480 -44.465660
v -3.706830 15.927164 -43.420296
v -2.772329 17.469412 -46.197948
v -2.232962 18.445168 -47.168316
v -0.388391 16.005468 -48.276058
v -0.293655 15.726086 -47.982052
v -1.150529 20.405493 -47.830635
v -1.106144 20.809217 -47.620865
v -1.540877 20.206797 -47.608738
v -4.564183 17.174627 -34.722244
v -4.587158 17.137806 -33.997677
v -4.769226 17.229944 -35.764236
v -4.823725 17.043039 -36.535721
v -3.974278 15.617979 -36.325787
v -6.340853 11.928467 -27.658041
v -7.799943 13.462839 -27.838511
v -6.166551 13.380363 -29.321360
v -4.871998 12.603959 -29.022247
v -7.616811 16.434591 -30.700186
v -8.314897 18.460161 -29.736227
v -7.411834 18.881018 -31.008446
v -4.979984 15.628618 -31.910994
v -6.282129 15.087481 -30.796848
v -2.582044 14.671638 -32.318951
v -11.138192 11.598143 27.081760
v -12.737531 11.365079 26.132948
v -13.768617 10.768627 27.252647
v -12.068795 10.868131 28.468958
v -19.699944 13.035078 11.088063
v -18.262575 13.802448 11.425373
v -18.487936 14.211944 9.853837
v -20.086784 13.233138 9.484729
v -15.471826 11.562075 21.138186
v -15.796845 11.729717 20.081238
v -16.773487 11.065634 20.230021
v -16.444160 11.037363 21.268301
v -21.252644 14.395355 2.845844
v -19.674597 15.331192 3.087364
v -19.857719 15.834489 1.566396
v -21.604244 14.610968 1.417822
v -20.234413 16.568417 -3.378934
v -18.937296 17.313728 -1.658083
v -18.107254 18.423378 -5.098534
v -19.982962 16.937677 -5.134658
v -16.887251 18.107035 -20.686392
v -16.459173 20.238695 -19.541237
v -14.932827 20.850960 -21.456324
v -14.957818 19.645876 -22.771608
v -3.068069 12.908651 33.919743
v -2.820497 13.043809 32.301407
v -3.891019 13.033144 32.006786
v -4.493563 12.812869 33.126476
v -3.904903 27.719284 0.453088
v -3.919832 28.417181 -3.436028
v -7.300588 26.397099 -3.724956
v -7.272677 25.727688 0.195548
v -3.945827 28.786091 -7.456958
v -3.854543 29.065819 -11.317488
v -7.233621 27.078974 -11.315514
v -7.279326 26.788307 -7.583359
v -11.366196 15.612704 20.243532
v -11.666075 16.770796 17.571253
v -13.549984 15.443076 16.994944
v -13.148895 14.432315 19.606461
v -12.058742 17.828777 14.605265
v -12.433694 18.844200 11.312539
v -14.680887 17.174444 10.841950
v -14.159305 16.297955 14.061208
v -15.525130 19.005510 2.777636
v -15.315680 18.030331 7.157423
v -12.808614 19.899364 7.564712
v -13.019900 20.894960 3.305235
v -15.577722 20.424759 -4.775153
v -15.786666 19.668709 -1.114858
v -13.127807 21.692949 -0.673724
v -13.056202 22.379259 -4.435461
v -15.016941 21.538435 -11.935449
v -15.407249 20.963623 -8.403292
v -12.853781 22.884232 -8.076361
v -12.600763 23.332424 -11.585105
v -16.876865 15.352760 10.334043
v -16.764605 14.174916 13.383212
v -18.008656 17.116835 2.112037
v -18.154875 15.695160 6.937886
v -17.541248 19.417942 -12.638111
v -19.870716 17.196817 -13.924859
v -20.967852 16.238581 -10.985588
v -18.301298 18.492794 -8.794823
v -18.800543 18.339985 -16.355440
v -17.482550 19.419558 -18.081282
v -18.565102 17.354084 -19.264017
v -20.052891 16.727596 -17.066507
v -2.912763 26.538166 -29.758097
v -2.439735 25.074202 -30.812449
v -3.871115 29.256014 -15.868360
v -3.840684 29.186796 -19.302027
v -7.126221 27.348862 -17.592558
v -7.238275 27.236584 -14.826010
v -3.233409 28.661604 -28.008310
v -4.814387 24.190868 -29.970938
v -5.597876 25.731850 -28.531534
v -3.751768 28.849970 -23.886877
v 1.900770 15.476782 -30.945961
v 2.274756 15.837132 -30.889523
v -6.985785 27.269651 -21.941071
v -10.147872 13.065118 25.672319
v -7.033290 14.374461 26.749512
v -6.833133 16.753378 24.429405
v -9.528372 15.314367 23.409065
v -21.539082 15.601391 -14.544852
v -23.062874 14.117387 -11.544745
v -21.750416 15.255921 -1.873221
v -21.788729 15.292817 -3.342303
v -23.363972 13.684976 -2.990740
v -24.354086 13.237686 -2.403297
v -23.164433 13.374126 2.358314
v -23.367168 13.169250 1.217638
v -21.683323 12.275818 10.412725
v -21.926699 12.347246 9.131226
v -18.050514 10.626193 20.537102
v -17.138702 11.252964 18.965813
v -18.612007 10.746865 19.282579
v -15.395012 11.101452 23.317495
v -16.111338 11.076334 22.260658
v -17.323122 10.599325 22.277681
v -16.560158 10.670667 23.747026
v -14.036542 22.735762 -17.323231
v -15.674153 21.078560 -17.392572
v -16.712355 20.313883 -15.451028
v -14.576843 22.138029 -14.963441
v -12.121910 24.224688 -17.261324
v -12.338737 23.762173 -14.721328
v -14.869444 21.722023 -19.211426
v -14.125157 21.992641 -20.899929
v -13.256087 22.109497 -23.331141
v -12.138087 22.739773 -24.375425
v -6.252594 27.181292 -26.843307
v -1.537407 12.884836 32.863846
v -1.392834 12.785974 34.271667
v -9.598426 11.993728 28.318256
v -10.362879 11.201145 29.681612
v -10.301516 24.364634 -4.050326
v -10.325675 23.698557 -0.196159
v -10.074287 25.159758 -11.388693
v -10.187561 24.812069 -7.788919
v -9.847470 25.699144 -17.361387
v -9.988608 25.426348 -14.692019
v -9.876094 25.738911 -20.085636
v -10.435666 23.707224 -25.877459
v -8.101766 24.729485 -27.289452
v -12.538641 12.569102 23.709444
v -11.412645 12.843436 24.585386
v -11.191702 14.345349 22.590523
v -12.648558 13.558178 21.883196
v -13.390479 23.144938 -19.436882
v -11.935152 24.420492 -19.754301
v -21.385817 15.653151 -7.165646
v -19.887403 16.879181 -7.050716
v -22.931931 13.903167 -5.678354
v -13.761217 20.786888 -24.131632
v -7.209858 24.819132 4.257854
v -10.275188 22.834139 3.818558
v -10.114594 21.730228 7.979005
v -7.102679 23.608803 8.505956
v -3.823102 25.322180 9.235579
v -3.916397 26.824734 4.485772
v -9.733975 19.358206 15.179169
v -6.864036 21.019115 15.872553
v -6.974207 22.299870 12.386295
v -9.949251 20.526083 11.807714
v -3.638935 22.523945 16.709944
v -3.737802 23.847807 13.210299
v -9.567951 18.095509 18.198959
v -9.456956 16.806221 20.917414
v -6.820215 18.236040 21.808664
v -6.849550 19.679884 19.027596
v -3.609219 19.600281 22.728043
v -3.583161 21.059738 19.826099
v -4.379704 15.485675 28.259588
v -3.797740 17.868330 25.445051
v -18.988146 14.449835 8.283040
v -20.444687 13.520387 8.036435
v -22.228334 12.589634 7.888764
v -20.210745 16.059370 -0.051624
v -21.852907 14.868281 -0.004118
v -23.743656 13.321780 0.475901
v -18.949169 12.745984 13.162199
v -18.653200 12.364519 14.764527
v -17.419567 13.189363 14.782836
v -20.216413 11.566191 14.973605
v -20.782736 12.099785 13.539721
v -14.729632 11.164617 24.395819
v -15.392115 10.752093 25.485872
v -13.986758 11.551284 23.948198
v -14.258473 11.749543 22.844618
v -12.528318 11.944442 25.016159
v -13.061949 11.841497 24.594837
v -9.095256 12.629194 27.306173
v -5.766078 13.348823 29.314665
v -5.315357 13.591827 29.597473
v -7.016889 13.146376 28.438982
v -1.573122 13.940020 31.474266
v -14.355250 12.377754 21.223021
v -3.594394 15.109635 29.243872
v -2.976263 13.911724 31.000927
v -1.785582 14.883691 30.506067
v -25.560299 13.407005 -4.533707
v -23.100315 13.414342 -11.453623
v -23.088505 12.531413 -11.085316
v -25.549009 13.055122 -4.579039
v -24.667768 12.637381 2.260463
v -25.521132 12.830245 1.716044
v -25.505426 12.103106 1.713601
v -24.667768 12.399530 2.265073
v -24.246637 12.000062 10.227006
v -24.886053 11.883526 10.277407
v -24.887493 11.396605 10.259416
v -24.353848 11.682362 9.913816
v -22.604996 11.226660 17.009876
v -24.050629 12.523774 14.178438
v -24.050629 11.051577 14.078760
v -22.622206 10.310126 16.963549
v -17.522139 10.759095 26.948938
v -19.422371 9.999469 23.552969
v -19.422909 9.722941 23.517403
v -17.522139 9.867612 26.898321
v -13.162019 11.303990 30.886591
v -15.355085 9.825107 28.096855
v -15.355877 9.790460 28.118675
v -13.162020 10.134842 30.812532
v -3.825952 11.844627 35.980934
v -3.826110 12.463480 36.008865
v -5.840819 12.183409 34.592503
v -5.862429 11.431812 34.542934
v -25.373804 13.714566 -1.773615
v -24.785095 13.068808 -3.827293
v -24.789593 13.086807 -3.783479
v -25.373804 12.628894 -1.840636
v -15.986363 9.908841 28.274502
v -15.984400 9.594430 28.276836
v -10.779910 11.211883 31.942341
v -10.771678 10.856053 31.895582
v -2.743699 13.192410 37.436295
v -2.707413 12.379615 37.409904
v -21.763128 14.118406 -14.642281
v -21.138340 12.785365 -14.870539
v -24.189091 11.794247 10.684584
v -24.223034 11.463202 10.662843
v -24.833824 12.311474 2.369150
v -24.837402 12.184896 2.362936
v -20.006346 9.666073 23.468033
v -19.993317 10.166284 23.503399
v -21.409422 11.262099 20.251879
v -21.381718 10.269378 20.158821
v -21.354820 11.702300 -11.158591
v -22.953194 12.140104 -6.427476
v -23.753157 12.163795 -0.176611
v -23.411291 11.683323 1.092222
v -22.211458 10.839863 7.886461
v -21.641575 11.046404 8.555170
v -19.831091 10.564735 12.729964
v -19.663261 10.471134 14.551270
v -15.972557 9.392900 23.182859
v -15.195639 9.006768 24.641333
v -12.901635 9.332607 28.162905
v -10.856852 9.742044 29.598352
v -3.470172 11.581417 32.759804
v -5.101254 11.374963 32.380215
v -22.720327 11.932917 -3.688822
v -24.115362 12.859630 -3.037515
v -14.361084 8.933820 26.388502
v -9.989892 10.560568 30.783089
v -8.177993 10.150350 30.322712
v -8.666922 10.926340 31.086535
v -19.470594 11.451226 -14.763657
v -21.446388 10.938953 9.685902
v -23.019194 11.449812 2.067151
v -17.408566 9.057615 21.040344
v -18.328054 9.563737 19.477495
v -0.604033 13.017634 38.196487
v -15.942921 12.793734 -19.578123
v -13.256010 12.057549 -21.948490
v -13.670213 11.576720 -21.041378
v -15.854408 10.084032 -14.744139
v -20.278061 11.265347 -7.988040
v -20.433224 11.136339 -6.344714
v -20.749884 11.286743 -4.315029
v -21.199022 11.093494 -1.245668
v -20.637449 10.791935 0.189789
v -20.583069 10.763580 1.687158
v -19.967606 10.156912 6.993376
v -19.346682 10.164348 8.050387
v -19.466112 10.231359 9.757145
v -17.947926 9.788812 14.147202
v -17.283781 9.598817 15.372420
v -14.104327 8.650882 22.422432
v -13.435049 8.665695 25.965490
v -12.675430 8.724597 26.787960
v -12.357066 12.231530 -22.842958
v -6.976017 10.838732 -25.969873
v -0.771086 11.869341 34.685223
v -0.579668 12.275380 38.161026
v -2.613366 9.849544 31.161783
v -1.304518 9.746572 33.034904
v -2.540551 8.707771 31.203041
v -1.418416 9.043321 32.834557
v -0.839918 9.819205 33.796013
g Set blendShape1Set skinCluster1Set tweakSet1
v 0.412180 16.568996 -45.750462
g blendShape1Set skinCluster1Set tweakSet1
v -1.424743 9.109498 33.836857
v -3.468715 18.233622 -30.806593
v -0.815129 8.049670 33.521812
g Set blendShape1Set skinCluster1Set tweakSet1
v -3.380640 17.922972 -34.535435
g blendShape1Set skinCluster1Set tweakSet1
v -20.649164 13.928478 6.640229
v -22.695473 12.669924 6.585309
v -25.305475 12.767947 7.630527
v -25.305475 11.313434 7.532343
v -22.345882 10.896393 5.797792
v -21.666367 15.444689 -4.970224
v -23.360456 13.693854 -4.139110
v -24.688778 13.287994 -3.391941
v -24.688778 12.933517 -3.397185
v -23.189224 12.297591 -5.086026
v -19.254431 11.068209 17.372444
v -17.713573 11.672863 17.509214
v -18.150537 12.032572 16.163830
v -19.602453 11.370988 16.153452
v -21.808327 10.814126 17.401262
v -21.656408 11.077149 16.960291
v -21.823542 10.622546 17.386633
v -21.655996 10.619780 16.946083
v -19.267698 9.946743 17.822884
v -19.492426 10.281103 15.822432
v -17.168070 9.157204 17.254902
v -16.915510 12.849102 16.230688
v -15.526745 13.861494 16.455194
v -17.609356 10.515182 21.465694
v -19.056442 10.067067 23.023848
v -19.058580 9.899982 23.056471
v -16.935205 9.012570 21.855360
v -15.235558 11.433927 22.079327
v -15.355766 12.724806 19.023834
v -16.643810 12.415774 17.576763
v -13.287958 11.297107 25.677532
v -13.838386 11.229118 25.222128
v -14.196572 10.764181 26.734549
v -14.624512 10.759735 26.216452
v -15.248698 9.898677 28.031115
v -15.142310 9.972245 27.965391
v -15.244534 9.855125 28.054726
v -15.133193 9.919804 27.990774
v -13.293371 9.228909 27.748186
v -13.684835 9.127595 27.334970
v -12.290207 8.821286 27.203157
v -11.994688 12.047309 25.437662
v -7.819637 12.381509 29.526005
v -7.492465 13.069467 28.106083
v -8.205117 12.319248 29.252909
v -8.695575 11.836975 30.650455
v -9.131604 11.658172 30.366718
v -10.549895 10.798623 31.927891
v -10.478670 11.511744 31.963100
v -10.521890 11.317137 31.253757
v -10.637285 10.482919 31.363144
v -4.629888 12.932487 31.583767
v -4.281834 13.621842 30.449102
v -5.495630 12.780095 31.158348
v -6.069077 11.119059 32.293690
v -5.676141 10.749212 31.516079
v -8.083643 11.821026 33.869240
v -8.072450 12.551181 33.921364
v -8.321082 10.952011 31.247250
v -4.855882 12.744200 32.913273
v -5.809536 12.133868 34.106979
v -5.821615 11.384477 34.058792
v -6.093093 11.444862 33.066692
v -5.405454 12.639250 32.608746
v -6.805349 12.545325 30.244568
v -7.867559 12.176526 31.189255
v -6.030163 12.075834 34.352722
v -6.076565 11.339971 34.357452
v -6.437537 11.456490 33.041332
v -3.689358 13.463081 31.069773
v -1.401262 24.301611 -32.571831
v -1.499881 24.231716 -33.291897
v -4.380389 22.272963 -32.337509
v -4.183635 22.003746 -33.186253
v -2.767498 23.397907 -32.499626
v -2.956972 23.213017 -33.205093
v -1.234256 24.537462 -32.121288
v -2.243030 24.515055 -31.543133
v -4.632753 23.145113 -30.845463
v -11.905663 8.912324 27.614773
v -10.097537 9.163589 27.854286
v -7.612161 9.656431 29.229700
v -3.505238 10.660101 31.976543
v -5.447231 9.948940 31.014568
v -10.841631 8.803678 26.988371
v -1.245167 8.208214 30.844915
v -0.903934 8.134513 32.510792
v -6.940454 10.105067 -26.246048
v -6.114576 11.175876 -27.928310
v -2.771024 12.935292 -30.226780
v -5.144600 13.916357 -30.526981
v -4.244171 14.409365 -31.449144
v -2.645766 14.047729 -31.698359
v -4.761368 11.798355 -29.132685
v -0.536076 9.584655 34.789127
v -0.819892 9.074962 34.739124
v -0.543026 8.325632 34.647846
v -0.341943 9.291173 35.590351
v -0.201496 9.174894 35.898155
v -0.388916 9.024590 35.548958
v -0.225374 9.001230 35.889099
v -0.345899 8.675933 35.517208
v -0.205538 8.869717 35.849777
g Set blendShape1Set skinCluster1Set tweakSet1
v 0.242602 16.432177 -45.749653
v 1.040802 16.615421 -45.237186
v 2.335696 17.197983 -43.923626
g blendShape1Set skinCluster1Set tweakSet1
v -0.198753 15.747136 -48.101662
v -15.165678 7.884308 19.364916
v -16.536444 8.970527 18.462111
v -7.556297 10.295902 30.597200
v -6.759143 9.742130 29.916065
v -11.055886 0.868536 47.697697
v -11.117727 0.911009 47.810177
v -15.875787 -0.832514 44.888584
v -16.091768 -1.152447 44.514690
v -15.685737 -1.431654 46.398224
v -15.631188 -1.448659 46.381638
v -15.285102 0.766046 42.692989
v -15.862793 -0.328424 43.513393
v -16.187588 -0.954729 42.887501
v -0.171263 20.081915 -48.472847
v -0.055503 19.710421 -48.678375
v -0.155608 19.096296 -48.827374
v -0.549210 18.779915 -48.735329
v -0.894341 19.386026 -48.451534
v -0.825746 19.103794 -48.550354
v -0.881840 19.647200 -48.376781
v -0.839167 19.936749 -48.251316
v -1.169198 20.088421 -47.978752
v -0.318967 19.821476 -48.535095
v -0.405928 19.849514 -48.480110
v -0.258261 19.652359 -48.602486
v -0.268720 19.334610 -48.729652
v -0.506948 19.651394 -48.475750
v -0.506240 19.558340 -48.538837
v -0.474730 19.447659 -48.613895
v -0.402671 19.268843 -48.718891
v -0.473118 19.812737 -48.436760
v 2.569933 16.895227 -29.271717
v 2.773050 16.498114 -29.849808
v 2.814703 16.304960 -30.319120
v 2.838342 16.009613 -30.508560
v 2.804159 15.923185 -30.918348
v 2.726870 15.881630 -30.986889
v 0.003981 14.971641 -31.228180
v -1.305223 10.989652 33.031441
v -8.656820 9.729601 -23.705099
v -7.778407 10.284812 -24.716129
v -9.645498 10.021984 -22.413008
v -8.936194 10.641870 -24.336536
v -9.853233 9.336550 -22.456444
v -14.245317 10.235061 -17.981918
v -12.468206 9.787807 -19.675346
v -17.848932 11.886631 -17.450094
v -12.435736 9.980616 -20.778736
v -18.388983 15.553172 -19.269974
v -17.552040 14.116851 -19.180899
v -20.084404 15.288036 -17.483000
v -13.769641 10.950072 -20.175022
v -12.360568 10.561399 -21.064056
v -12.455106 10.393122 -20.890303
v -19.222927 13.773046 -17.483606
v -14.036864 10.621447 -19.856306
v -17.846176 12.892037 -18.523834
v -17.020590 11.946879 -18.844664
v -17.176792 13.173371 -18.792269
v -16.637123 12.382351 -18.778246
v -9.360709 5.872722 33.011330
v -9.626569 5.502480 32.025677
v -10.730726 4.150803 29.923504
v -11.262421 3.614087 31.050388
v -11.874495 2.834922 30.189962
v -11.466905 3.310983 29.134047
v -12.434974 2.189480 29.522081
v -12.298127 2.559321 28.824553
v -1.705758 17.434364 -30.993752
g Set blendShape1Set skinCluster1Set tweakSet1
v 2.014800 16.922649 -34.465508
v -0.003132 16.922649 -34.465508
v -2.021065 16.922649 -34.465508
v 1.806129 16.274767 -38.245914
g blendShape1Set skinCluster1Set tweakSet1
v -8.504972 5.449679 28.897089
v -8.359064 5.770767 29.344122
v -8.207091 6.732049 32.039284
v -8.843678 5.972607 30.987652
v -8.061571 6.045178 29.878059
v -6.807783 6.396194 29.483675
v -5.537506 7.388680 30.496149
v -3.803822 7.547806 30.152920
v -1.256823 7.727911 27.033983
v -1.179942 7.854673 27.641676
v -3.928581 5.358174 27.084290
v -0.565242 8.065667 28.807831
v -7.118458 5.786379 28.443483
v -6.651206 7.756872 32.643444
v -3.876075 5.522641 28.481371
v -1.029165 8.034519 28.261929
v -7.284902 14.851296 -30.108355
v -25.994467 -12.479203 -7.580968
v -25.787334 -12.750739 -7.965296
v -15.114048 1.250256 41.150265
v -15.359067 1.024117 39.050488
v -14.990235 1.552246 39.829651
v -16.208874 -1.050516 39.291706
v -16.494665 -1.564061 40.758671
v -16.505394 -1.728611 41.929501
v -15.561233 0.511893 38.261925
v -14.085299 -0.896248 43.102020
v -13.386241 -0.249936 43.940739
v -13.036670 -0.007197 44.379650
v -12.601714 0.264555 44.913895
v -2.254506 16.192352 -46.008045
v -24.610666 -15.383364 -9.580428
v -24.529955 -16.088612 -9.601317
v -26.753653 -11.349116 -7.883460
v -26.583879 -11.760998 -8.192383
v -12.833617 -0.440063 47.342129
v -12.774583 -0.144337 46.336777
v -16.283466 -1.217876 43.194294
v -26.374754 -12.013225 -9.027838
v -26.016005 -15.781612 -11.396155
v -25.585413 -15.456495 -12.722288
v -24.715559 -12.910311 -15.950213
v -25.482779 -14.225946 -13.515497
v -24.011513 -11.358692 -18.208843
v -23.239683 -9.527171 -20.418341
v -22.027197 -7.239929 -22.755583
v -25.019386 -14.457675 -9.234818
v -25.264132 -13.705657 -9.010434
v -25.834770 -11.833470 -8.400769
v -26.104174 -12.950544 -7.364953
v -26.190685 -13.201902 -7.257062
v -13.263265 -0.319003 45.693756
v -3.766137 15.856610 -42.650150
v -3.945543 15.820841 -42.321339
v -1.801080 15.835637 -46.538818
v -2.322548 15.881485 -45.966244
v -2.815542 15.892186 -45.019524
v -3.137314 15.880238 -44.358765
v -4.103218 15.866243 -42.115376
v -0.544725 16.819054 -47.362915
v -0.217799 16.794371 -47.434185
v -2.822358 17.052956 -43.432465
v -2.825514 16.924635 -44.054672
v -2.779796 16.647156 -44.785133
v -1.911014 16.646776 -46.299603
v -1.457946 16.685352 -46.882458
v -0.966155 16.765333 -47.146923
v -3.087598 17.326260 -42.597542
v -3.526449 15.841629 -43.347599
v -3.596478 15.823386 -43.148392
v -2.495116 16.609991 -45.284420
v -3.089701 17.179867 -41.862534
v -4.499902 16.242641 -40.977180
v -4.481408 16.217155 -40.856152
v -4.308769 16.009361 -41.518677
v -3.738628 16.744225 -41.085407
v -0.141746 15.620961 -47.857021
v -0.688071 15.707900 -47.365723
v -3.373789 15.816350 -43.706600
v -1.351126 15.794437 -47.073441
v -0.058411 15.657298 -47.958946
v -2.114637 16.644035 -45.960369
v -26.838118 -12.182118 -7.386015
v -26.663700 -12.844390 -7.750605
v -26.824230 -13.322217 -7.266885
v -26.928108 -12.515507 -6.970961
v -26.793016 -11.660636 -7.686698
v -26.883751 -11.312595 -7.455811
v -26.899113 -15.443270 -7.952051
v -26.745722 -15.658311 -8.407637
v -26.880814 -15.874198 -7.628099
v -27.041029 -15.566534 -7.242594
v -26.899857 -16.506699 -8.167649
v -27.153364 -16.261063 -7.232495
v -26.515579 -13.457310 -8.088398
v -26.650517 -14.005968 -7.890893
v -26.772690 -14.066167 -7.570674
v -26.560926 -13.513899 -7.751559
v -26.753214 -14.777781 -7.867413
v -26.889339 -14.997868 -7.290086
v -26.617102 -14.557687 -8.444766
v -26.463045 -14.355938 -9.126915
v -26.610674 -15.442411 -9.187212
v -26.757240 -15.320005 -8.661520
v -26.528357 -13.945754 -8.211123
v -26.449614 -13.430752 -8.632122
v -26.507029 -12.377845 -8.226980
v -26.795208 -17.431810 -8.627274
v -27.181332 -17.449099 -7.040090
v -26.410376 -17.414143 -10.214850
v -26.646870 -16.752161 -9.102968
v -25.437433 -18.620590 -10.460742
v -25.957298 -18.775852 -9.145974
v -26.447136 -15.739242 -7.121543
v -26.572506 -15.458750 -6.888079
v -26.643616 -16.051706 -6.769966
v -26.484529 -14.950649 -6.955065
v -26.533648 -17.201782 -6.601408
v -26.198008 -18.542513 -7.820124
v -25.991838 -18.058271 -7.298447
v -26.160950 -13.364251 -7.527949
v -25.851339 -13.138606 -7.656469
v -26.370161 -13.996191 -7.324419
v -25.834908 -13.799177 -7.737572
v -25.647606 -16.112555 -7.813348
v -25.738037 -15.671158 -7.908172
v -25.022594 -16.120235 -8.872004
v -25.029165 -15.603025 -8.694875
v -25.218493 -17.126518 -8.044401
v -24.949467 -17.696890 -8.510145
v -24.479752 -17.298359 -9.306370
v -25.147663 -16.872301 -8.652986
v -25.149883 -16.142899 -8.335111
v -25.383558 -15.637099 -8.301506
v -25.952866 -15.189740 -7.663576
v -26.001348 -14.475074 -7.560191
v -25.518215 -13.999494 -8.165348
v -25.333313 -14.920691 -8.439112
v -25.643089 -15.055223 -8.051337
v -25.683025 -14.402749 -7.916638
v -10.173117 15.967115 -27.860273
v -11.543077 14.827829 -28.732220
v -14.688489 11.341691 -31.430285
v -14.229155 15.101559 -29.768147
v -12.735131 11.098615 -30.724161
v -15.836352 6.778031 -32.059292
v -13.830061 6.153554 -31.483776
v -14.555663 1.967442 -31.402128
v -15.516549 -2.272257 -30.387539
v -11.077842 18.973461 -27.548958
v -10.578005 22.085672 -26.632713
v -7.433081 22.924862 -28.525545
v -6.436538 21.005285 -30.805117
v -12.578946 21.472870 -24.838230
v -17.228886 -7.091837 -27.523348
v -16.216208 -4.956010 -28.957497
v -21.057560 -5.008662 -24.495413
v -19.601271 -6.021397 -26.999870
v -23.928675 0.873102 -17.875202
v -22.593319 1.465054 -21.607613
v -23.218292 -0.074448 -20.347086
v -24.203552 1.436544 -18.256172
v -24.053091 0.976223 -18.203823
v -23.298748 -0.100064 -19.998999
v -24.152067 -2.259868 -17.628239
v -23.281532 -0.280699 -19.781834
v -22.444309 1.393960 -21.672583
v -23.039030 -0.015271 -20.411730
v -26.273758 -13.034651 -9.582167
v -26.018408 -12.616364 -10.970407
v -25.982536 -14.652463 -11.540606
v -26.237734 -14.100473 -9.840164
v -22.687990 -5.640797 -21.171072
v -23.798740 -7.981480 -19.090078
v -24.373640 -9.856468 -17.009306
v -24.658705 -8.641197 -15.974364
v -24.202948 -6.807168 -17.806490
v -21.833561 -3.507387 -22.757017
v -24.906912 -7.754697 -15.010975
v -24.442127 -5.611861 -16.862713
v -23.188650 -4.166237 -19.862888
v -22.314356 -1.780964 -21.577208
v -23.668945 -3.177832 -18.725166
v -22.819195 -0.767202 -20.479019
v -22.726126 -0.316214 -20.782375
v -24.971817 -11.357411 -14.964340
v -25.568520 -12.390348 -12.903549
v -25.521149 -11.306927 -12.837123
v -25.132940 -10.254296 -14.170059
v -25.729261 -11.162585 -11.839446
v -25.297876 -9.582789 -13.270707
v -23.310410 3.363212 -20.681194
v -22.779316 1.695168 -21.934740
v -23.159821 5.070717 -19.493303
v -22.737274 4.395493 -21.149439
v -23.181805 5.219675 -19.269358
v -22.930162 5.436103 -19.546217
v -21.814676 3.832354 -22.912663
v -22.790884 5.430046 -19.517174
v -20.458862 7.248555 -24.033695
v -21.874723 7.839224 -20.807087
v -23.055593 5.953851 -19.311646
v -22.954578 5.540082 -19.687502
v -22.587374 5.614881 -20.498545
v -22.366926 4.961779 -21.221695
v -22.139450 4.618566 -21.497040
v -21.156898 4.207879 -23.748384
v -21.693731 4.311430 -22.862268
v -19.838602 6.810619 -24.675825
v -22.221613 1.476197 -21.952084
v -21.324495 3.724155 -22.823557
v -21.299923 3.861330 -22.953636
v -20.642921 3.865598 -24.102814
v -19.318829 6.917685 -25.269371
v -20.185051 4.064928 -24.852016
v -18.510443 13.312241 -23.539242
v -18.996048 10.777930 -23.736086
v -18.430552 14.988758 -22.656063
v -18.690882 10.179204 -23.987404
v -17.818344 12.243322 -23.953989
v -18.249889 10.351661 -24.730911
v -18.057465 11.709499 -24.482555
v -15.201925 17.795536 -23.307957
v -14.561896 18.340675 -24.348650
v -13.692646 19.156162 -26.560207
v -18.015114 10.653795 -25.551805
v -17.526423 11.300056 -26.753756
v -18.509630 7.692409 -27.149759
v -18.991726 7.206021 -26.028280
v -16.991488 11.451916 -28.071056
v -16.021694 11.601200 -29.729681
v -17.143583 7.494062 -30.207319
v -17.950237 7.704158 -28.520725
v -15.583875 15.215446 -28.724594
v -16.800497 14.888304 -27.127863
v -17.353531 15.107467 -23.701780
v -17.656315 12.565517 -24.987720
v -17.436140 12.511642 -26.164066
v -19.405540 4.485641 -26.971233
v -19.818218 4.350463 -25.844011
v -18.968739 4.041148 -28.182165
v -20.979853 2.577101 -23.611397
v -20.623564 2.387650 -24.306959
v -19.715307 2.604911 -26.374731
v -20.134750 2.494006 -25.365953
v -20.047583 -3.974042 -26.740215
v -20.793659 -3.123060 -25.299229
v -16.862204 2.824267 -31.810549
v -18.182579 3.593041 -29.926046
v -17.942377 -1.594980 -30.412315
v -18.555426 -4.106607 -28.794298
v -19.565840 -2.527015 -27.665539
v -18.922256 -0.039975 -28.777910
v -19.636801 1.129119 -26.885317
v -20.313507 -1.344231 -26.162271
v -22.305279 -0.867040 -21.818855
v -21.490633 -2.025521 -23.616667
v -21.640409 1.313477 -22.835392
v -21.090986 1.111554 -23.815016
v -21.469341 -0.035454 -23.388222
v -20.958807 -0.607693 -24.599400
v -20.435228 0.995565 -25.140076
v -2.541237 19.199718 -46.090660
v -2.989941 19.214153 -45.780293
v -4.370691 16.378540 -40.624031
v -4.494625 16.503223 -40.592838
v -4.301280 16.178322 -41.113430
v -4.098315 16.327124 -41.736504
v -3.764896 16.226858 -42.311085
v -3.786758 16.211102 -42.656422
v -3.642746 16.163015 -43.144699
v -3.570443 16.158224 -43.342918
v -3.432850 16.150196 -43.709190
v -3.156313 16.087036 -44.439201
v -2.827525 16.058012 -45.109535
v -2.292572 16.172628 -45.933033
v -1.767395 16.168470 -46.472137
v -1.292413 16.131712 -46.984596
v -0.729009 16.228451 -47.671688
v -0.507158 16.112564 -47.738991
v -0.259947 16.376213 -48.021793
v 0.385940 19.631458 -48.274670
v -3.768994 16.870869 -42.685146
v -3.621005 16.855070 -43.131840
v -3.461561 16.836042 -43.744225
v -3.238252 16.803762 -44.469337
v -2.935187 16.770111 -45.173149
v -2.466755 16.719385 -45.931404
v -1.950151 16.635702 -46.484737
v -1.490117 16.540461 -46.987782
v -0.953535 16.614946 -47.384056
v -0.690021 16.665173 -47.614117
v -4.344009 17.143242 -40.284157
v -4.234578 16.989994 -40.952015
v -4.045372 16.920834 -41.659985
v -3.948983 16.897314 -42.187828
v -0.385714 19.639408 -48.271549
v -0.279661 16.699190 -47.778381
v -3.638429 17.401514 -42.664616
v -3.469006 17.388397 -43.181484
v -3.271816 17.359087 -43.822636
v -3.005367 17.312559 -44.539082
v -2.698687 17.257238 -45.262844
v -2.294473 17.172731 -45.983761
v -1.871415 17.041477 -46.595921
v -1.568451 16.872019 -47.082958
v -1.141624 17.012419 -47.274796
v -0.769594 17.110832 -47.456352
v -4.444754 17.594156 -39.982384
v -4.326324 17.497538 -40.863453
v -4.030688 17.442656 -41.576366
v -3.826995 17.413010 -42.160877
v -2.103804 17.126297 -33.225899
v -0.412612 17.172733 -47.559483
v -2.964015 17.734465 -42.619698
v -2.849354 17.722256 -43.172638
v -2.663488 17.669935 -43.832130
v -2.445280 17.595541 -44.545830
v -2.171047 17.501932 -45.268250
v -1.821894 17.297483 -45.992241
v -1.388944 17.228746 -46.835972
v -4.119107 18.166389 -39.742867
v -3.858671 18.012144 -40.551792
v -3.378291 17.839087 -41.485664
v -3.125672 17.764738 -42.085217
v -1.999801 17.886862 -42.602573
v -1.932558 17.844242 -43.189285
v -1.815969 17.789667 -43.849548
v -1.654188 17.712614 -44.561787
v -1.463169 17.565466 -45.287464
v -1.242507 17.424231 -46.025707
v -0.879887 17.345503 -47.114902
v -2.138811 18.472853 -39.647568
v -2.197324 18.277645 -40.440647
v -2.121597 18.062113 -41.442455
v -2.064047 17.945160 -42.042553
v -1.089702 17.929405 -42.579132
v -1.081726 17.885374 -43.185394
v -1.003298 17.837502 -43.851448
v -0.875035 17.737627 -44.574787
v -0.758411 17.564833 -45.300861
v -0.722440 17.463957 -46.051510
v -0.481334 17.435095 -47.236961
v -1.189375 18.345249 -39.603294
v -1.143780 18.203800 -40.387768
v -1.099956 18.036903 -41.311798
v -1.101096 17.959526 -41.980583
v -2.517905 17.530115 -33.219433
v -2.103804 17.308624 -33.117699
v 0.000586 19.596474 -31.993456
v -0.741402 19.511578 -32.038414
v -1.333593 19.378845 -32.153194
v -2.582221 18.983765 -32.468098
v -2.901823 18.469383 -32.668095
v -3.043806 18.160402 -32.861202
v -3.113803 17.792484 -32.902546
v -3.104093 17.620050 -33.264294
v -3.018514 17.563927 -33.333065
v -0.058896 9.082967 35.951214
v -0.068657 9.005040 35.946548
v -0.059823 8.945600 35.933502
v 0.000199 15.730718 -47.297459
v 0.000201 16.404943 -48.133713
v 2.144099 15.164517 -38.158058
v 0.000170 15.757649 -48.076736
v -0.099317 16.810122 -47.505104
v -0.100247 16.929720 -47.454811
v -4.643066 16.209269 -40.423733
v -4.498535 15.841335 -40.684547
v -4.356878 15.633534 -41.196400
v -4.116004 15.620420 -42.062042
v -3.710879 15.545296 -43.102772
v -3.435577 15.515185 -43.795319
v -3.046772 15.497138 -44.747536
v -2.655475 15.552567 -45.389294
v -2.226459 15.651741 -45.957287
v -1.876477 15.787421 -46.421532
v -1.306700 16.021484 -47.011108
v -0.939766 16.112978 -47.256683
v -0.644566 16.130110 -47.383572
v -0.403983 16.113737 -47.426609
v -0.185123 16.104074 -47.464466
v 0.000198 16.105844 -47.479557
v -3.046263 16.906197 -40.686020
v -3.645862 16.437778 -40.462917
v -3.939692 14.931385 -39.972500
v -2.855279 14.506846 -39.849537
v -1.412859 14.199734 -39.743916
v 0.000199 14.140646 -39.563969
v -4.058490 15.066154 -39.077106
v -2.947747 14.503776 -38.866096
v -1.449058 14.175921 -38.587791
v 0.000199 14.130704 -38.341965
v -1.336648 14.959770 -31.214804
v -1.899598 15.476780 -30.945946
v -0.488633 19.677219 -48.267673
v -0.443434 19.796120 -48.213280
v -0.405462 19.815397 -48.200954
v -0.329871 19.781179 -48.206467
v -0.292239 19.634808 -48.262753
v -0.316225 19.478973 -48.330006
v -0.384927 19.454552 -48.347977
v -0.455650 19.501318 -48.336716
v -0.484654 19.594778 -48.301346
v -2.273584 15.837121 -30.889425
v -1.899598 15.626269 -30.826326
v -0.000849 17.427912 -28.676132
v 3.046660 16.056683 -38.435379
v -0.721911 17.350967 -28.742895
v -1.333593 17.235582 -28.876278
v -2.568777 16.895231 -29.271704
v -2.771879 16.498116 -29.849792
v -2.813531 16.304960 -30.319118
v -0.254272 20.005342 -48.507015
v -0.457132 20.203867 -48.347549
v -0.645974 19.918858 -48.358578
v -0.695559 19.706125 -48.439293
v -0.685305 19.531094 -48.526188
v -0.615614 19.277128 -48.648136
v -0.472970 19.154079 -48.736477
v -0.239019 19.256180 -48.767502
v -0.136860 19.665184 -48.675827
v -12.590600 23.098269 -22.726418
v -11.506939 23.954834 -23.210287
v -9.881341 25.150646 -24.488791
v -8.557385 25.976942 -25.245399
v -0.280915 16.770100 -47.315506
v -0.566236 16.754137 -47.224003
v -2.469699 16.647156 -44.785133
v -2.515433 16.924635 -44.054672
v -1.363163 16.636116 -46.692677
v -1.600916 16.613047 -46.297741
v -0.962364 16.685411 -46.972836
v -2.512278 17.052956 -43.432465
v -2.777518 17.326260 -42.597542
v -2.185036 16.571747 -45.282310
v -2.779604 17.179867 -41.862534
v -1.804557 16.605791 -45.958260
v -0.000152 17.046717 -47.380283
v -0.122380 16.919861 -47.360653
v -2.736183 16.893139 -40.922699
v -2.469699 15.377842 -44.715115
v -2.515433 15.360203 -43.968372
v -1.282702 15.558570 -46.627758
v -1.600916 15.613506 -46.242603
v -2.512278 15.371568 -43.339714
v -2.777518 15.362148 -42.489193
v -2.185036 15.352667 -45.215061
v -2.779604 15.448335 -41.767014
v -1.804557 15.468573 -45.895527
v -3.046263 15.963722 -40.120548
v -2.736183 15.935482 -40.632473
v -1.567137 15.164101 -44.704182
v -1.612871 15.021737 -43.970924
v -0.981772 15.559281 -46.817581
v -0.961788 15.457811 -46.159962
v -1.609716 14.927732 -43.349216
v -1.874938 14.776096 -42.512272
v -1.282474 15.222968 -45.201271
v -1.877042 14.740201 -41.785851
v -1.093173 15.378823 -45.848755
v -2.143701 15.071557 -39.843224
v -1.833621 15.030595 -40.585789
v 0.000199 15.164101 -44.704182
v 0.000199 15.021737 -43.970924
v 0.000199 15.619316 -47.029984
v 0.000199 15.457811 -46.159962
v 0.000199 14.927732 -43.349216
v 0.000199 14.776096 -42.512272
v 0.000199 15.222968 -45.201271
v 0.000199 14.740201 -41.785851
v 0.000199 15.378823 -45.848755
v 0.000199 15.069979 -39.871841
v 0.000199 15.030595 -40.585789
v -0.333073 15.613307 -47.008114
v -0.668344 15.604205 -46.924885
v -0.205230 15.615184 -47.025349
v 0.000199 15.586171 -46.466026
v 0.000199 15.607271 -46.825058
v 1.900770 15.626269 -30.826326
g Set blendShape1Set skinCluster1Set tweakSet1
v 3.950449 16.979219 -34.488361
g blendShape1Set skinCluster1Set tweakSet1
v 12.922765 5.070097 21.095432
v 9.466198 6.338630 22.263929
v 8.006089 5.593798 21.820335
v 10.500825 3.227558 21.467001
v 1.976506 8.435305 30.951792
v 0.994130 8.534239 29.672415
v 0.847595 8.536888 30.440163
v 1.965804 9.087939 30.805714
v 9.250807 4.305930 25.271441
v 8.228387 4.695514 24.616356
v 4.060278 5.220619 25.761587
v 7.687370 5.329145 27.617657
v 8.413996 8.788889 28.788759
v 8.085685 8.368957 26.797626
v 8.371764 7.948274 27.564156
v 8.314386 8.711787 29.362825
v 6.272402 9.410620 30.818249
v 9.004784 8.009561 32.130020
v 7.103945 8.639749 32.719959
v 4.169219 8.709167 31.559593
v 4.280637 9.765393 31.298042
v 9.948284 7.417245 24.341959
v 11.834280 6.888029 26.109009
v 13.048741 2.263001 27.847780
v 15.514297 3.973281 27.796211
v 13.423201 5.359846 28.760105
v 9.018384 7.897947 25.568314
v 10.103023 7.418144 26.836582
v 14.897841 -1.430780 43.626133
v 15.190873 -1.461690 44.668888
v 15.982392 -1.746553 43.782104
v 15.684938 -1.962593 42.667175
v 14.542840 -1.046688 45.601131
v 14.227980 -0.821592 44.448490
v 13.396414 -0.300495 45.411549
v 13.602384 -0.723174 46.609070
v 11.752621 0.772603 45.966438
v 11.229714 1.149154 46.450504
v 11.429305 0.293342 47.777252
v 11.824508 0.099832 47.904243
v 9.417280 3.217801 44.905647
v 8.662810 3.457659 45.323120
v 9.132942 2.770826 46.662445
v 9.955940 2.360209 46.545853
v 10.607283 2.442749 43.605770
v 10.985508 1.787479 45.133572
v 11.514117 1.348611 44.413723
v 11.166140 1.940731 42.848530
v 11.776719 1.376540 42.155277
v 12.053457 0.906426 43.701199
v 12.454165 0.857785 41.246883
v 12.111206 1.146346 41.672054
v 12.442536 0.587694 43.231537
v 12.779766 0.295324 42.829849
v 13.486700 -0.337805 42.030392
v 13.150599 0.259150 40.428226
v 15.532794 -2.073085 42.096989
v 15.322913 -1.798590 40.991676
v 14.303981 -1.060806 41.488388
v 14.602023 -1.367984 42.789768
v 8.681623 4.255737 43.202698
v 7.741587 5.113605 43.043461
v 9.534894 3.686871 42.727203
v 10.051533 2.888199 44.343864
v 10.203074 3.183651 41.958824
v 11.407109 2.117316 40.479393
v 10.820351 2.648563 41.227722
v 12.136297 1.541640 39.490059
v 11.781712 1.822919 39.972698
v 12.784949 0.969215 38.600609
v 15.055118 -1.448370 39.581337
v 14.311970 -0.608622 36.447548
v 13.222887 0.592707 37.533531
v 13.931408 -0.449611 39.835785
v 10.354848 4.722339 34.278011
v 10.075241 5.152631 33.121307
v 9.759102 5.465550 33.665154
v 9.901520 5.210799 34.718140
v 10.390462 4.822702 32.608337
v 10.732110 4.344981 33.782444
v 11.076880 3.936349 33.255718
v 10.696566 4.413199 32.072029
v 7.769089 5.711537 40.666260
v 6.286237 5.705376 43.146709
v 6.516326 5.460708 44.175259
v 8.072575 4.988447 42.118149
v 8.761213 5.259871 39.452213
v 9.070613 4.475727 41.148075
v 9.848511 3.943669 40.299961
v 9.589175 4.711806 38.570137
v 10.861424 3.579549 37.086792
v 10.271065 4.118838 37.768066
v 10.498611 3.406057 39.512787
v 11.130612 2.852285 38.734787
v 11.606423 2.927864 36.131245
v 11.253573 3.223772 36.603672
v 11.504316 2.542092 38.234810
v 11.838899 2.267011 37.773899
v 12.412323 1.730192 36.769623
v 12.170676 2.319128 35.150295
v 13.770142 0.350290 33.017632
v 12.832513 1.485881 34.099163
v 13.033790 1.025040 35.731327
v 13.983275 -0.103784 34.658585
v 7.202097 6.699415 38.189510
v 5.238970 7.307747 39.096802
v 8.513953 6.101694 37.368546
v 9.449408 5.384406 36.696865
v 10.610414 4.205896 35.609535
v 10.080276 4.733698 36.161850
v 11.368848 3.445742 34.586029
v 11.009394 3.823627 35.108879
v 11.849595 2.884376 33.670185
v 13.524761 0.779989 31.426369
v 12.512114 1.983014 32.584393
v 6.678811 7.510695 35.429092
v 4.910215 7.915284 35.902828
v 8.249685 6.734201 34.965790
v 9.269231 5.908998 34.895256
v 11.587302 3.282248 32.392456
v 13.293425 1.206062 29.796303
v 12.221714 2.453818 31.280552
v 10.491274 2.161845 45.893116
v 9.896569 2.129073 47.359013
v 10.676444 1.626933 46.929394
v 15.116000 -1.237726 46.699566
v 15.358618 -1.291303 46.684921
v 13.830153 -1.689555 48.500229
v 13.285021 -1.056677 48.833118
v 13.049714 -0.483516 47.107239
v 9.501187 2.355704 47.954041
v 15.154383 0.405368 44.601227
v 15.289441 -0.332823 45.753422
v 14.473149 -0.081483 46.856438
v 14.453157 0.794333 45.202461
v 13.865895 0.221384 47.321171
v 13.879938 1.116425 45.653427
v 13.403803 1.423237 46.034256
v 13.062068 0.410788 47.682476
v 12.118011 0.507387 47.738350
v 12.268356 1.893575 46.789890
v 9.525767 2.392412 47.974777
v 10.880178 2.800975 46.951057
v 10.192490 1.625407 48.128532
v 9.709126 1.885199 48.249702
v 11.491460 2.451963 46.870758
v 11.353912 3.114600 45.607937
v 12.360260 2.648060 45.059692
v 13.253217 2.186393 44.368324
v 14.356988 1.468123 43.511410
v 13.786762 1.836599 43.937443
v 15.387063 0.854992 40.856678
v 15.732446 0.130694 40.302246
v 15.990563 -0.489234 41.702347
v 15.594700 0.344104 42.361576
v 9.520885 4.760889 43.338055
v 9.994010 3.913151 44.826435
v 8.621908 3.603278 45.329983
v 7.902534 5.232835 43.226074
v 11.100843 3.772668 44.135857
v 10.737952 4.514314 42.547897
v 11.913728 4.080915 41.589298
v 12.171970 3.383641 43.330120
v 12.938462 3.470528 40.686356
v 13.093059 2.852622 42.593334
v 14.194468 2.538592 39.591599
v 14.238085 2.041839 41.723389
v 13.664117 2.445141 42.099854
v 13.542397 3.030830 40.122196
v 5.250559 8.858150 33.358322
v 11.904244 6.427798 30.711180
v 12.426686 6.038003 30.122427
v 12.904883 5.386213 31.918386
v 12.354734 5.808391 32.456150
v 15.253013 2.740218 29.725739
v 13.979776 4.329980 30.756317
v 8.498712 6.112609 40.743362
v 8.927651 5.392583 42.285881
v 6.992878 5.635528 44.330994
v 6.766305 5.874937 43.303360
v 9.911086 5.970161 39.174717
v 10.312453 5.228364 40.979214
v 11.245845 5.530804 37.936733
v 11.586811 4.798994 39.814259
v 12.291221 4.909701 36.914909
v 12.590787 4.195472 38.826298
v 13.565938 3.942543 35.555851
v 13.844906 3.245152 37.474369
v 13.296438 3.695319 38.094006
v 13.003723 4.412444 36.182434
v 14.493315 2.862894 34.288692
v 14.701869 2.207172 36.043663
v 15.280671 1.510493 32.970390
v 15.353780 0.916337 34.543427
v 14.944847 1.658615 37.855328
v 15.563073 0.271945 36.402287
v 7.890766 7.183558 38.120171
v 5.602092 7.815436 39.219933
v 9.510395 6.766215 36.962173
v 10.911970 6.254984 35.913059
v 11.998728 5.607460 34.973370
v 13.288730 4.619756 33.683212
v 12.700382 5.121583 34.299278
v 14.272228 3.548296 32.534420
v 15.209267 2.086132 31.318268
v 7.673609 7.859859 35.484623
v 5.207936 8.489884 35.949116
v 9.248804 7.412435 34.579567
v 10.657557 6.878636 33.829681
v 11.669078 6.270251 33.082092
v 10.426998 3.281175 46.133049
v 15.135471 -1.273614 47.156075
v 14.329702 -1.582810 48.843033
v 13.540386 -1.001544 49.149990
v 12.739588 -0.536555 49.665321
v 11.759853 0.239961 48.069984
v 9.160669 2.951563 46.692604
v 16.255417 -1.565842 42.908966
v 16.188541 -1.690087 43.789974
v 11.371225 0.428525 47.940102
v 9.671909 1.854463 48.192970
v 10.142018 1.600937 48.034103
v 4.916078 8.597879 33.224468
v 15.603323 -1.491638 46.855618
v 16.256041 -1.552663 44.221169
v 15.407841 -1.319576 46.757202
v 15.470379 -1.275710 46.764580
v 12.733653 -0.637065 49.648087
v 11.308635 6.934116 29.047941
v 11.607139 6.623016 28.764437
v 11.401180 6.851675 31.253807
v 10.508753 7.448952 31.837292
v 10.183001 7.785089 30.236670
v 11.040213 7.278020 29.582743
v 9.869923 5.321294 31.576305
v 10.155997 4.931037 30.994003
v 9.385065 5.354183 29.938738
v 9.108170 5.712818 30.537056
v 9.776047 4.747064 28.883707
v 10.906740 3.764451 27.834774
v 16.328272 15.990465 -22.112862
v 17.745888 14.426804 -21.398993
v 18.330725 14.050609 -20.348331
v 16.453260 14.407459 -21.711813
v 16.932512 12.800255 -20.254778
v 15.045332 13.032706 -21.747183
v 14.523296 12.735625 -22.615360
v 15.862185 12.283718 -21.310005
v 14.149005 11.437098 -22.795216
v 13.139087 12.541011 -23.538416
v 11.517057 12.040445 -25.815126
v 11.506260 12.909320 -25.268993
v 18.620739 14.112580 -20.355474
v 18.037443 14.488159 -21.406931
v 19.135763 13.574710 -21.546963
v 19.511549 13.700013 -19.940214
v 18.508659 12.984008 -19.806995
v 19.218927 13.647996 -19.932896
v 17.480772 11.735694 -20.948822
v 16.004385 10.665470 -22.208139
v 14.343233 9.101568 -23.385944
v 12.225305 9.137730 -26.068504
v 20.613907 11.503166 -19.592352
v 20.695974 11.658974 -19.870817
v 21.805023 9.291201 -19.517151
v 21.873949 8.930370 -19.059120
v 20.278969 11.143149 -19.732758
v 21.167332 8.994931 -19.323179
v 17.383240 9.954825 -21.800381
v 18.663074 7.367477 -21.454702
v 15.650777 5.796088 -24.081022
v 19.181192 10.074048 -20.320065
v 19.768053 8.882312 -20.049948
v 13.590317 5.225278 -26.809593
v 21.706760 8.733268 -19.218765
v 21.896488 8.396884 -19.508785
v 22.492037 5.840769 -19.192804
v 22.564968 5.875124 -18.778589
v 21.515568 8.166766 -19.248306
v 22.116796 5.630109 -18.931818
v 19.645266 4.321391 -20.924717
v 16.721939 2.887807 -23.739130
v 20.230778 6.828665 -19.687914
v 20.724731 5.701997 -19.521736
v 14.675014 1.750971 -26.296331
v 22.217953 5.142536 -18.942917
v 22.705671 5.364144 -18.768923
v 23.222338 3.921973 -18.578075
v 22.695250 3.576738 -18.507807
v 20.720043 1.673098 -20.228241
v 18.033920 -0.425570 -22.980417
v 21.352901 4.153747 -19.222202
v 21.817093 3.029196 -18.926188
v 15.689725 -1.446253 -25.473480
v 23.376740 2.850922 -18.327971
v 23.115963 2.820932 -19.165869
v 23.854984 1.278312 -18.280912
v 23.974228 1.286710 -17.687954
v 22.932346 2.609240 -18.100441
v 23.375866 1.166200 -17.540154
v 22.246721 1.834306 -18.549967
v 22.523304 0.943635 -18.281988
v 17.597307 -2.820328 -23.624020
v 19.398823 -2.757336 -21.621857
v 18.352390 -4.162596 -22.829323
v 23.934883 0.500306 -18.437218
v 23.254667 -0.456985 -19.586290
v 24.045919 -1.651225 -18.503540
v 24.506584 -1.559700 -17.464769
v 24.005381 0.926087 -17.603800
v 24.690887 -1.010717 -16.588820
v 23.382832 0.861689 -17.481907
v 24.149120 -1.122720 -16.500713
v 21.199944 -9.319912 -19.162313
v 19.760868 -6.805143 -21.022699
v 20.452503 -5.405183 -20.381065
v 22.021996 -8.139441 -18.170956
v 20.323185 -12.787444 -22.124607
v 18.235844 -9.809101 -25.602489
v 17.687159 -9.390521 -23.977421
v 19.545233 -11.843900 -21.372873
v 24.766163 -1.620851 -16.988565
v 24.477116 -3.013758 -17.679819
v 25.024761 -4.744641 -16.615053
v 25.443026 -4.543746 -15.238863
v 24.774195 -1.408558 -16.417877
v 25.588247 -4.140835 -14.774483
v 24.247541 -1.627049 -16.313059
v 25.099173 -4.375969 -14.652017
v 23.756136 -2.652008 -16.437998
v 24.219221 -3.971466 -15.573934
v 21.756397 -14.883448 -19.720350
v 23.555172 -13.325592 -20.319033
v 22.303808 -11.416226 -22.525900
v 26.134596 -6.541773 -13.755357
v 25.910912 -7.676649 -14.326344
v 26.147978 -8.566787 -13.574614
v 26.464371 -7.932545 -12.600070
v 26.098677 -6.124886 -13.414793
v 26.541624 -7.632918 -12.233200
v 25.612886 -6.203807 -13.442007
v 26.206167 -7.827520 -12.088363
v 22.874195 -10.025853 -16.334923
v 24.395380 -7.712986 -14.675382
v 25.208874 -9.342175 -13.117801
v 23.988787 -11.529199 -14.519110
v 25.310556 -7.208323 -13.350961
v 25.652992 -8.000961 -12.600509
v 22.252790 -11.165009 -17.165485
v 21.017010 -13.804937 -18.909729
v 24.637480 -17.757965 -15.256177
v 25.645407 -16.075975 -15.764277
v 24.557877 -14.839737 -18.012772
v 22.908075 -16.226847 -17.665697
v 23.348986 -12.667009 -15.327477
v 25.211157 -12.738581 -12.641876
v 24.735090 -13.875674 -13.188498
v 22.103817 -15.103897 -16.758224
v 23.880875 -16.248442 -14.410175
v 27.426432 -10.678610 -9.479510
v 27.790617 -10.571036 -9.527349
v 27.814558 -11.218661 -9.259457
v 27.566200 -11.293517 -9.201621
v 27.128756 -11.125512 -9.724909
v 27.035824 -10.714701 -9.996097
v 27.295052 -10.491610 -9.739911
v 22.599012 -14.070176 -16.283815
v 24.087322 -15.087554 -13.841033
v 20.248283 -10.727758 -20.470421
v 21.549482 -12.614269 -18.250427
v 18.578358 -8.263871 -22.605936
v 14.345943 -2.194934 -27.827559
v 16.338959 -3.958892 -24.857594
v 15.231474 -5.467358 -26.863308
v 13.251636 1.465735 -28.939861
v 12.298999 5.155028 -29.576994
v 11.304271 9.827911 -29.161516
v 10.871819 13.393950 -28.144073
v 10.453317 14.951784 -26.060457
v 19.030073 11.754862 -20.108923
v 18.464712 11.032767 -20.683756
v 18.606468 9.000690 -21.060467
v 19.631092 12.134739 -20.446627
v 19.670948 12.135008 -20.934616
v 20.067142 12.140739 -21.073660
v 18.344254 9.891141 -24.884546
v 20.256481 10.254776 -21.797607
v 20.687328 11.496764 -20.298983
v 20.126448 12.312476 -20.998905
v 19.789248 12.639043 -20.584606
v 19.023691 7.266104 -25.101288
v 21.405258 8.827977 -20.336584
v 21.596878 9.030816 -19.947969
v 20.758879 8.849417 -21.489178
v 21.170691 8.374884 -20.038324
v 21.272541 8.487514 -19.797388
v 20.952673 8.333226 -19.581076
v 19.940737 7.954358 -20.128666
v 18.977432 8.023806 -20.849680
v 19.569218 6.489148 -20.430870
v 22.220169 5.437590 -19.112074
v 21.782476 5.141376 -19.263948
v 20.859894 4.845870 -19.578247
v 19.974508 5.498171 -20.286509
v 20.686419 3.769933 -19.936880
v 23.091841 3.891405 -19.246971
v 23.151211 2.888872 -19.159237
v 23.326029 3.045244 -18.634161
v 22.763338 2.822945 -18.360954
v 21.879946 2.357882 -18.913944
v 21.086159 2.836188 -19.694031
v 21.657175 1.398412 -19.223175
v 23.721073 0.793774 -17.842848
v 23.134695 0.650324 -17.676569
v 22.564699 0.202560 -18.240101
v 24.390497 -1.638867 -17.255487
v 24.419916 -1.355791 -16.761753
v 23.893602 -1.423712 -16.659678
v 23.350983 -2.069681 -17.063955
v 21.973412 0.600379 -18.923710
v 25.068810 -5.272838 -16.528831
v 25.303970 -4.797200 -15.355699
v 25.346073 -4.503536 -14.944714
v 24.894238 -4.613825 -14.861647
v 24.335169 -4.914659 -15.318439
v 23.590445 -5.663324 -16.278854
v 23.715792 -4.324686 -16.232887
v 24.668282 -5.449841 -14.697654
v 24.261452 -5.901760 -15.207036
v 25.149651 -4.585701 -14.481174
v 25.655689 -4.509109 -14.508399
v 25.486666 -4.879722 -14.968771
v 25.355753 -5.794098 -15.726700
v 25.566994 -6.153831 -13.507792
v 24.895269 -6.246655 -14.144290
v 26.041426 -5.976696 -13.555736
v 25.917187 -6.368134 -13.944653
v 21.711018 -0.645842 -19.242250
v 22.581398 -3.121814 -17.995035
v 23.270420 -1.257341 -17.277708
v 22.918854 -0.236291 -17.819365
v 22.483219 -0.866173 -18.309950
v 22.780233 -1.743812 -17.852571
v 23.366255 -3.377097 -16.873938
v 25.634663 -6.686196 -14.977128
v 25.668018 -7.362514 -14.960689
v 25.868307 -6.571916 -14.006729
v 25.901073 -6.240560 -13.620529
v 25.436543 -6.350607 -13.610295
v 24.994228 -6.883801 -13.915422
v 24.521072 -6.619539 -14.666353
v 24.982651 -7.759659 -13.726300
v 26.206961 -9.198462 -13.403834
v 26.427109 -8.250980 -12.498225
v 26.474447 -7.924955 -12.187205
v 26.075058 -8.049079 -12.174839
v 25.717791 -8.543769 -12.392138
v 25.267078 -8.363410 -13.148522
v 25.991871 -8.811275 -11.895815
v 25.745594 -9.291967 -12.234791
v 26.336956 -8.079773 -11.828255
v 26.729242 -7.948022 -11.858722
v 26.716097 -8.482342 -12.035539
v 26.648743 -9.113858 -12.311327
v 25.225758 -14.266415 -12.356874
v 25.704113 -13.144512 -11.783740
v 26.127069 -13.492853 -11.047417
v 25.716415 -14.657104 -11.525140
v 24.623709 -16.716381 -13.112897
v 24.596334 -15.424695 -12.899979
v 25.177254 -15.806681 -11.777008
v 25.117258 -16.967472 -12.183213
v 26.915787 -17.202356 -13.365113
v 26.331553 -16.818041 -14.511799
v 25.285168 -18.173378 -14.152420
v 25.888498 -18.603556 -13.127321
v 27.225100 -8.828353 -10.898005
v 26.981117 -9.043760 -11.453497
v 26.710512 -9.016101 -10.996728
v 26.267399 -9.348847 -11.367142
v 27.666531 -9.936279 -9.936997
v 27.369101 -8.934025 -10.679609
v 27.297401 -9.688646 -10.866928
v 27.573597 -10.341145 -10.265616
v 26.932762 -9.167174 -10.685390
v 27.233866 -10.135628 -9.930700
v 26.665455 -9.983714 -10.705837
v 26.877316 -10.428315 -10.237362
v 26.098715 -10.531151 -11.720156
v 27.026413 -10.173023 -11.497946
v 27.538248 -11.004923 -10.435009
v 27.137320 -9.107099 -10.894178
v 27.097578 -9.504045 -11.196611
v 26.732595 -9.338800 -10.838995
v 26.714884 -10.814202 -12.191300
v 26.036936 -9.731853 -11.746058
v 26.442827 -9.796240 -11.116362
v 26.483734 -10.432232 -11.008778
v 26.747974 -11.324236 -10.534989
v 26.853350 -11.666712 -10.106051
v 26.648611 -9.327429 -12.036940
v 27.298468 -11.741241 -10.865314
v 27.606741 -10.755255 -10.112088
v 27.619497 -10.353501 -9.833699
v 27.749947 -10.962740 -9.818492
v 27.647619 -11.428339 -10.185774
v 26.692213 -10.749321 -10.591722
v 27.807217 -11.461834 -9.507362
v 27.689936 -11.888826 -9.828558
v 27.947651 -13.100168 -8.005120
v 27.718235 -12.915087 -8.352289
v 27.477560 -12.459007 -8.604052
v 27.877787 -11.776328 -8.507338
v 27.389944 -11.951810 -9.050676
v 27.796850 -11.583866 -8.682173
v 27.960810 -11.644483 -8.833838
v 27.217306 -11.746838 -9.409883
v 16.115448 -7.346601 -25.885038
v 17.121145 -5.498934 -24.128275
v 20.478571 -8.918128 -25.379356
v 21.521130 8.591948 -20.315321
v 21.963650 8.269233 -19.934233
v 23.026718 3.770880 -19.580503
v 23.224396 2.998801 -19.400032
v 23.011623 2.679002 -19.452251
v 23.193554 2.746816 -19.473928
v 2.040688 10.035134 -28.115297
v 2.280487 9.025253 -26.151314
v 4.620769 9.348462 -26.234648
v 3.980641 10.280267 -28.123758
v 1.772234 10.988143 -29.656071
v 2.550318 12.267344 -30.738754
v 11.155133 8.005398 22.547947
v 11.586503 8.458172 26.152403
v 13.118407 8.524803 24.656057
v 11.458529 11.556176 -23.948639
v 8.936028 12.342481 -25.715385
v 10.282297 10.824180 -23.638718
v 17.469057 9.914200 -7.672335
v 17.327444 10.060109 -11.172777
v 12.250208 7.624199 -12.144775
v 13.342529 7.737223 -9.015076
v 18.917080 10.445441 -4.254573
v 12.782650 6.721007 -6.252308
v 17.438250 9.667683 -0.901666
v 12.443969 6.283123 -2.286966
v 18.125824 9.790180 2.720656
v 13.137987 6.674145 1.782122
v 16.348904 9.134153 8.027567
v 11.580285 6.135664 6.011807
v 16.475176 9.385303 11.637754
v 12.042499 6.595140 10.119328
v 14.469063 8.345037 14.034372
v 10.702922 6.250023 12.537455
v 14.006864 8.013538 15.983654
v 10.162674 6.267953 14.270028
v 14.701294 8.474766 19.440113
v 9.685198 7.163706 15.706184
v 8.526217 6.395733 18.425837
v 10.838166 7.185010 18.786348
v 11.212412 8.007912 21.694044
v 2.369665 8.520773 -24.980976
v 2.459398 7.967981 -23.862215
v 4.814245 8.182610 -23.881195
v 4.727900 8.686717 -24.925444
v 2.522550 7.464124 -21.285894
v 2.580603 7.591305 -21.102909
v 5.113222 7.942982 -21.500803
v 5.100319 7.814421 -21.665396
v 2.563775 7.378591 -20.946735
v 2.592841 6.144743 -18.662355
v 5.149460 6.379137 -18.631701
v 5.111623 7.721629 -21.331711
v 2.603701 5.206470 -16.152847
v 2.433988 4.290132 -10.337023
v 2.424426 4.025982 -10.616867
v 2.426405 3.985471 -10.145084
v 2.486026 3.291459 -4.370913
v 2.437820 3.652918 -7.407442
v 2.534898 3.581914 -0.860930
v 2.526935 3.415955 -1.088913
v 2.522502 3.386111 -0.646717
v 2.446258 3.523514 9.872967
v 2.439387 3.358115 9.642870
v 2.428416 3.334247 10.046851
v 2.281025 3.506002 12.890049
v 2.081106 3.895298 15.419890
v 3.613272 5.089900 22.452368
v 3.432667 4.766522 21.618706
v 8.569573 9.188264 -23.604033
v 7.642990 9.604878 -24.951822
v 7.749821 8.449521 -20.499874
v 7.742285 8.508834 -20.633802
v 8.183666 7.078218 -17.971853
v 7.777858 8.387296 -20.263018
v 8.597974 6.183936 -15.912132
v 5.288571 5.587395 -16.130451
v 8.696968 4.752104 -10.234377
v 8.682356 4.486363 -10.550467
v 4.960306 4.130716 -11.127995
v 4.970802 4.390532 -10.831454
v 8.705026 4.437465 -10.021547
v 4.964580 4.085928 -10.669348
v 8.702224 3.651062 -3.977492
v 8.825266 4.012189 -7.122913
v 4.865887 3.681401 -7.387272
v 4.854663 3.284302 -4.295223
v 8.524706 3.867783 -0.357886
v 8.535234 3.875903 -0.570971
v 4.794709 3.475620 -1.532576
v 4.801232 3.642308 -1.309663
v 8.508289 3.861629 -0.151149
v 4.785843 3.451064 -1.111239
v 7.929666 4.236400 9.852121
v 7.946526 4.233817 9.626567
v 4.619582 3.601591 8.915011
v 4.623967 3.772773 9.158259
v 7.895264 4.239552 10.109660
v 4.597671 3.587500 9.357092
v 7.085977 4.955755 14.798314
v 7.508851 4.951364 12.914710
v 4.394870 4.039215 12.972023
v 4.143942 4.352898 15.399417
v 6.168660 6.510514 19.752008
v 6.709600 5.832026 16.596498
v 5.409080 6.232997 20.038776
v 3.922634 6.050765 22.093376
v 3.880075 5.202328 24.289925
v 1.739509 4.354909 17.821911
v 9.558373 8.954364 -20.279182
v 9.089192 8.985901 -21.292749
v 11.009197 8.819261 -17.908928
v 9.518699 8.560332 -18.749823
v 11.765465 8.401908 -15.161038
v 10.902272 5.762401 -9.990156
v 10.230560 5.689507 -11.781298
v 10.376304 5.264118 -8.563345
v 10.427297 5.089632 0.083535
v 10.104890 4.878663 -1.498590
v 9.882964 4.787651 0.972446
v 9.593138 5.056843 10.028174
v 9.825354 5.138082 8.469419
v 9.356094 5.112845 11.383101
v 9.781770 6.474619 15.440660
v 6.795961 5.208125 15.983294
v 4.719779 5.390749 19.265930
v 5.275035 5.631561 19.977495
v 1.198931 4.711769 19.984146
v 3.682756 4.883552 18.263182
v 2.246861 4.886318 20.504684
v 8.246390 3.974758 6.499050
v 4.735135 3.441297 6.153556
v 2.438754 3.359559 5.504718
v 8.601093 5.225714 -13.621973
v 5.141132 4.942112 -13.752239
v 2.520159 4.590870 -13.575931
v 10.697888 9.212047 -20.174969
v 1.489958 24.277742 -34.007931
v 1.442071 24.374306 -34.645042
v 4.118852 22.108593 -33.926708
v 2.954420 23.243061 -33.930016
v 2.871114 23.403870 -34.608173
v 4.018296 22.381071 -34.615520
v 1.465265 24.836161 -38.614925
v 1.384520 24.631092 -40.038338
v 3.920544 23.110409 -38.620071
v 2.825052 24.248314 -38.617851
v 2.696805 24.171337 -40.120522
v 3.760429 23.038708 -40.084358
v 0.875993 23.282900 -45.143326
v 0.925899 23.551004 -44.262959
v 2.316323 15.435684 -34.501179
v 2.615066 15.909926 -33.993702
v 4.543772 15.807248 -36.939480
v 4.947443 16.677916 -37.198814
v 4.907914 16.406290 -37.829201
v 4.406446 15.403636 -37.461655
v 1.179166 14.388492 -42.706688
v 2.276850 14.602941 -42.758545
v 0.680634 14.878159 -45.273312
v 0.554869 14.949528 -45.789768
v 1.387184 14.938399 -45.307972
v 1.145948 14.995708 -45.802059
v 1.536542 14.161320 -37.509136
v 3.074112 14.553471 -37.881859
v 2.720944 14.530562 -40.957130
v 1.359002 14.264389 -40.865852
v 3.025789 14.833905 -42.842117
v 4.715299 19.759403 -38.884182
v 4.799353 17.928020 -39.017677
v 4.925198 17.944004 -37.943748
v 4.856850 19.563452 -37.701988
v 3.792333 15.912186 -43.195644
v 3.958285 15.949731 -42.728283
v 4.047002 16.780628 -42.908772
v 3.928424 16.731190 -43.325634
v 2.593732 16.409151 -46.172905
v 2.086689 16.334425 -46.813046
v 1.918844 15.895379 -46.651379
v 2.455546 15.935961 -46.063076
v 1.612826 15.089774 -45.847298
v 1.940791 15.018004 -45.335232
v 0.815270 22.116606 -46.757538
v 0.773445 21.447096 -47.398891
v 3.164512 16.421440 -45.264931
v 2.970074 15.893424 -45.100952
v 3.297859 15.884706 -44.426418
v 3.490509 16.491468 -44.607483
v 1.120302 24.045010 -42.445244
v 1.293933 24.314856 -41.366875
v 2.744311 23.471058 -42.812904
v 3.242062 22.829527 -42.884674
v 3.443933 22.864609 -42.217545
v 2.907353 23.555162 -42.223629
v 4.237321 16.844315 -42.377419
v 4.069335 15.977190 -42.430672
v 4.172426 16.055920 -42.188374
v 4.442188 17.029690 -41.874916
v 0.781456 15.684092 -47.511635
v 1.434537 15.868162 -47.206833
v 1.566429 16.223835 -47.434368
v 0.912963 16.048597 -48.080261
v 3.683112 14.830802 -41.032986
v 3.405588 14.838182 -41.930252
v 2.567770 14.525587 -41.866516
v 1.306992 14.289212 -41.802494
v 0.307782 15.428611 -46.976276
v 0.272560 15.741582 -47.286682
v 0.533248 15.761899 -47.268940
v 0.775306 15.806470 -47.250931
v 0.561304 16.723621 -47.348831
v 0.218512 16.711094 -47.464249
v 2.326368 14.917092 -44.567440
v 1.718263 14.795090 -44.498611
v 2.035994 14.696825 -43.580723
v 2.698936 14.856236 -43.623512
v 1.045784 14.534534 -43.495140
v 0.896678 14.698989 -44.447891
v 4.033399 20.919436 -42.992455
v 4.221509 19.514105 -42.643497
v 4.374542 19.837315 -41.472649
v 4.190166 21.566633 -41.660793
v 4.551801 19.910929 -40.188435
v 4.528083 21.542326 -38.708164
v 4.441698 21.612610 -40.134483
v 0.692125 15.458782 -46.966022
v 0.963359 15.117111 -46.289127
v 1.324008 15.220378 -46.340637
v 0.947326 15.538390 -46.977753
v 0.447194 15.076977 -46.279102
v 4.220773 18.116795 -42.476635
v 4.423747 18.341824 -41.503513
v 3.937933 18.921469 -43.698975
v 3.994939 17.826956 -43.302238
v 3.486635 17.100132 -44.881653
v 3.206583 16.997345 -45.392101
v 2.693860 16.915981 -46.164963
v 2.195670 16.841063 -46.859814
v 1.676182 16.780230 -47.537121
v 1.124568 16.629694 -48.203011
v 0.157138 15.971950 -48.326023
v 0.127636 16.219252 -48.467442
v 3.492174 16.242546 -43.234741
v 3.528130 15.180187 -42.988148
v 2.985342 16.005310 -44.776695
v 2.795025 15.138977 -44.647366
v 3.183631 15.156242 -43.745205
v 3.271109 16.142399 -43.936325
v 1.895705 16.290821 -46.438076
v 1.452931 16.593512 -46.890038
v 1.154389 15.703166 -47.025120
v 1.705422 15.411280 -46.402637
v 0.940236 16.693476 -47.195786
v 1.010739 15.823498 -47.113636
v 4.624566 18.376829 -40.311676
v 2.601673 23.946577 -41.574066
v 3.613969 22.946312 -41.404457
v 3.932978 15.236641 -41.987164
v 3.847218 16.453745 -42.345268
v 2.642779 14.988311 -35.265282
v 1.893145 14.538329 -36.261421
v 4.658819 21.372927 -37.288406
v 4.011137 23.045324 -37.095509
v 2.910737 24.082006 -36.990387
v 1.515068 24.726015 -36.919827
v 4.180823 15.189999 -38.253403
v 4.696367 17.086676 -39.728027
v 4.670055 16.157738 -39.472816
v 4.743872 16.348272 -38.602161
v 4.977541 17.851166 -37.314907
v 4.970915 18.910082 -36.806061
v 4.052901 22.791803 -35.694569
v 2.910526 23.671974 -35.718872
v 1.497350 24.494110 -35.800724
v 3.423932 14.841516 -36.831608
v 2.007385 23.031946 -45.039349
v 2.155984 22.679193 -44.916416
v 2.479439 22.724392 -44.141010
v 2.311330 23.194609 -44.293915
v 1.678040 20.713970 -46.952621
v 1.738202 20.654598 -46.794392
v 1.826849 21.601824 -46.469818
v 1.691573 21.806820 -46.601700
v 1.925347 22.441595 -45.681400
v 1.807759 22.541460 -45.838223
v 0.838234 22.769053 -46.038769
v 3.022277 22.722403 -43.327976
v 2.537164 23.353092 -43.452095
v 1.000979 23.798233 -43.382320
v 3.253229 22.364445 -43.644081
v 3.128436 22.520739 -44.195751
v 3.513981 22.165556 -44.038921
v 3.437131 22.072781 -43.811192
v 2.784208 22.121895 -45.823032
v 2.525156 21.336643 -46.579803
v 3.159095 20.849344 -46.299587
v 3.368205 21.591213 -45.877956
v 2.514866 20.434217 -46.736412
v 2.904443 20.241796 -46.491123
v 3.944735 19.670044 -43.884262
v 2.821844 18.008562 -46.202728
v 3.235358 17.969635 -45.524170
v 3.160807 18.415087 -45.509426
v 2.816655 18.437538 -46.128128
v 3.794261 19.700670 -45.166714
v 4.040744 20.494759 -44.492878
v 4.011855 20.515429 -44.530022
v 3.773138 19.776707 -45.159359
v 3.763199 21.291803 -44.232399
v 3.817628 21.303133 -44.202335
v 3.600331 21.815325 -44.057434
v 3.558857 21.885231 -44.066681
v 3.502061 21.716757 -44.127895
v 3.526234 21.688078 -44.135723
v 3.426999 21.328814 -45.840801
v 3.243658 20.654339 -46.176876
v 3.208949 20.599882 -46.063862
v 3.448525 21.157780 -45.787037
v 3.047695 20.132481 -46.354473
v 3.074971 20.113028 -46.248840
v 3.270425 19.282343 -45.730312
v 3.258523 19.387875 -45.692703
v 3.883679 20.519926 -44.333286
v 3.705088 19.651733 -44.958393
v 3.695412 21.310808 -43.938766
v 3.440988 21.975815 -44.054401
v 3.424826 21.971167 -43.855110
v 2.977419 20.611074 -46.084705
v 3.343594 21.221270 -45.753197
v 2.877097 20.181452 -46.282440
v 3.228898 19.226648 -45.562687
v 4.919098 20.784431 -35.803020
v 5.063657 20.253586 -34.777420
v 4.986058 19.769049 -34.000870
v 3.424054 22.052288 -44.994873
v 2.949564 22.448858 -44.944366
v 3.527005 21.698544 -45.026466
v 3.521519 21.853048 -45.015785
v 3.432258 21.814962 -45.031784
v 2.685849 19.210512 -46.084042
v 2.671247 19.128109 -46.163185
v 2.886300 19.151733 -46.036312
v 2.908563 19.263712 -45.948689
v 2.852924 19.198225 -45.914684
v 3.548216 15.896987 -43.765560
v 3.715869 16.589090 -44.036674
v 3.501009 18.391289 -44.612057
v 3.735484 18.867167 -44.579002
v 3.855441 17.632736 -43.778370
v 3.752137 21.808805 -43.806095
v 3.592952 21.857561 -43.582325
v 3.593810 21.561159 -44.094082
v 3.623085 21.633068 -44.047958
v 3.510633 21.636343 -43.766785
v 0.614020 21.016615 -47.771458
v 0.473508 20.471046 -48.177681
v 1.738096 19.963806 -47.083183
v 1.963702 19.539963 -47.289768
v 2.175266 19.025051 -46.770477
v 1.817979 19.937189 -46.929184
v 2.489992 19.784218 -46.761196
v 2.836797 19.633444 -46.426773
v 2.903777 19.621414 -46.297600
v 2.890542 19.657373 -46.189014
v 2.680556 19.658968 -46.198597
v 2.645742 16.108040 -45.375813
v 2.417871 15.204039 -45.365902
v 0.566970 17.935152 -48.808472
v 0.559729 18.364145 -48.745876
v 4.832839 17.099533 -33.275532
v 5.779420 16.927504 -32.303612
v 5.780343 20.027672 -32.438293
v 5.247246 19.732677 -33.301243
v 2.727840 16.219425 -32.887463
v 2.592347 16.177591 -33.453556
v 3.329780 19.100435 -45.720879
v 3.862521 19.560818 -45.098907
v 4.114088 20.418320 -44.408531
v 2.531747 18.526276 -46.556953
v 2.404255 18.032585 -46.894520
v 0.625102 17.381279 -48.762741
v 1.217199 17.372637 -48.308205
v 1.272932 18.016657 -48.319435
v 2.619114 19.030966 -46.300102
v 2.397138 19.050123 -46.531132
v 2.704185 18.838165 -46.252335
v 2.852994 18.998510 -46.119240
v 2.989128 18.824654 -45.932999
v 3.134694 19.025633 -45.893948
v 3.100757 19.207117 -45.877621
v 3.066364 19.321030 -45.848198
v 3.272073 18.880327 -45.622639
v 3.893759 19.360558 -45.007191
v 4.085690 20.320827 -44.353523
v 4.665322 17.219975 -40.702579
v 4.253805 15.320902 -41.067944
v 4.177808 16.300638 -41.833500
v 4.508135 16.247061 -40.988750
v 4.538233 16.219913 -40.863449
v 4.443626 16.099838 -41.573307
v 0.505540 16.677546 -48.615982
v 1.804523 17.384392 -47.607891
v 2.304091 17.407192 -46.897484
v 3.752008 17.464529 -44.152874
v 3.531714 18.097736 -44.803509
v 3.656146 22.055950 -42.945110
v 3.825551 22.158638 -42.277073
v 4.045284 20.102564 -44.112057
v 3.866237 19.177015 -44.879421
v 3.614495 21.931803 -43.383171
v 1.928590 17.960785 -47.653465
v 1.405333 21.086685 -47.254375
v 1.488651 21.937569 -46.594555
v 1.509371 22.637079 -45.857769
v 1.602979 23.114155 -45.072289
v 1.758133 23.367840 -44.270290
v 1.889236 23.570065 -43.438168
v 2.132582 23.792416 -42.583611
v 3.170875 18.649727 -45.507740
v 3.906310 21.310843 -44.008801
v 3.932219 21.288870 -43.868629
v 3.972098 21.109835 -43.552574
v 2.032681 15.279985 -45.880741
v 4.498003 15.499501 -40.250381
v 4.282214 16.323366 -41.386806
v 2.728604 18.563719 -46.029701
v 2.584792 18.668665 -46.341667
v 3.832979 16.668642 -43.669781
v 2.010769 18.556213 -47.654865
v 1.996973 19.277245 -47.406368
v 1.502552 19.537775 -47.998692
v 1.380423 18.744123 -48.227314
v 2.282950 18.868399 -46.922245
v 1.491543 19.716759 -47.874611
v 3.223586 17.516193 -45.495316
v 3.435536 17.493269 -45.104130
v 3.515436 17.812870 -44.962997
v 3.673184 17.292480 -44.465660
v 3.707227 15.927164 -43.420296
v 2.772726 17.469412 -46.197948
v 2.233341 18.445168 -47.168316
v 0.388789 16.005468 -48.276058
v 0.294052 15.726086 -47.982052
v 1.150926 20.405493 -47.830635
v 1.106542 20.809217 -47.620865
v 1.541257 20.206797 -47.608738
v 4.564580 17.174623 -34.722244
v 4.587912 17.137787 -33.997658
v 4.769623 17.229944 -35.764236
v 4.824122 17.043039 -36.535721
v 3.974658 15.617979 -36.325787
v 6.340433 11.929792 -27.659386
v 7.769645 13.473423 -27.872728
v 6.167722 13.380362 -29.321371
v 4.873170 12.603959 -29.022247
v 7.567164 16.400810 -30.752899
v 8.274551 18.428137 -29.792517
v 7.389473 18.829128 -31.120171
v 4.981156 15.628632 -31.911034
v 6.273289 15.082846 -30.806143
v 2.583216 14.671639 -32.318958
v 11.139363 11.598143 27.081760
v 12.738702 11.365079 26.132948
v 13.769788 10.768627 27.252647
v 12.069967 10.868131 28.468958
v 19.701115 13.035078 11.088063
v 18.263746 13.802448 11.425373
v 18.489107 14.211944 9.853837
v 20.087955 13.233138 9.484729
v 15.472982 11.562075 21.138186
v 15.798017 11.729717 20.081238
v 16.774658 11.065634 20.230021
v 16.445333 11.037363 21.268301
v 21.253815 14.395355 2.845844
v 19.675770 15.331192 3.087364
v 19.858891 15.834489 1.566396
v 21.605415 14.610968 1.417822
v 20.235584 16.568417 -3.378934
v 18.938467 17.313728 -1.658083
v 18.108425 18.423378 -5.098534
v 19.984135 16.937677 -5.134658
v 16.888384 18.107088 -20.686413
v 16.460346 20.238695 -19.541237
v 14.933998 20.850960 -21.456324
v 14.958849 19.645958 -22.771584
v 3.069241 12.908651 33.919743
v 2.821669 13.043809 32.301407
v 3.892190 13.033144 32.006786
v 4.494735 12.812869 33.126476
v 3.906059 27.719284 0.453088
v 3.921004 28.417181 -3.436028
v 7.301760 26.397099 -3.724956
v 7.273833 25.727688 0.195548
v 3.946999 28.786091 -7.456958
v 3.855715 29.065819 -11.317488
v 7.234793 27.078974 -11.315514
v 7.280498 26.788307 -7.583359
v 11.367368 15.612704 20.243532
v 11.667247 16.770796 17.571253
v 13.551156 15.443076 16.994944
v 13.150066 14.432315 19.606461
v 12.059914 17.828777 14.605265
v 12.434865 18.844200 11.312539
v 14.682043 17.174444 10.841950
v 14.160476 16.297955 14.061208
v 15.526302 19.005510 2.777636
v 15.316852 18.030331 7.157423
v 12.809786 19.899364 7.564712
v 13.021072 20.894960 3.305235
v 15.578894 20.424759 -4.775153
v 15.787821 19.668709 -1.114858
v 13.128979 21.692949 -0.673724
v 13.057373 22.379259 -4.435461
v 15.018113 21.538435 -11.935449
v 15.408421 20.963623 -8.403292
v 12.854953 22.884232 -8.076361
v 12.601935 23.332424 -11.585105
v 16.878021 15.352760 10.334043
v 16.765760 14.174916 13.383212
v 18.009827 17.116835 2.112037
v 18.156046 15.695160 6.937886
v 17.542419 19.417942 -12.638111
v 19.871889 17.196817 -13.924859
v 20.969007 16.238581 -10.985588
v 18.302471 18.492794 -8.794823
v 18.801714 18.339985 -16.355440
v 17.483721 19.419558 -18.081282
v 18.566273 17.354084 -19.264017
v 20.054045 16.727596 -17.066507
v 2.913934 26.538166 -29.758055
v 2.440907 25.073919 -30.814001
v 3.875199 29.258469 -15.868279
v 3.857965 29.203295 -19.070942
v 7.127392 27.348862 -17.592558
v 7.239447 27.236584 -14.826010
v 3.220491 28.669870 -27.982836
v 4.815559 24.190866 -29.970915
v 5.599047 25.731848 -28.531528
v 3.816725 28.892410 -23.280075
v 3.646259 16.530739 -38.777771
v 0.722502 17.350967 -28.742895
v 6.988436 27.265570 -21.941143
v 10.149043 13.065118 25.672319
v 7.034462 14.374461 26.749512
v 6.834305 16.753378 24.429405
v 9.529543 15.314367 23.409065
v 21.540253 15.601391 -14.544852
v 23.064045 14.117387 -11.544745
v 21.751587 15.255921 -1.873221
v 21.789900 15.292817 -3.342303
v 23.365143 13.684976 -2.990740
v 24.355257 13.237686 -2.403297
v 23.165588 13.374126 2.358314
v 23.368324 13.169250 1.217638
v 21.684492 12.275818 10.412725
v 21.927870 12.347246 9.131226
v 18.051685 10.626193 20.537102
v 17.139874 11.252964 18.965813
v 18.613178 10.746865 19.282579
v 15.396183 11.101452 23.317495
v 16.112509 11.076334 22.260658
v 17.324293 10.599325 22.277681
v 16.561314 10.670667 23.747026
v 14.037714 22.735762 -17.323231
v 15.675324 21.078560 -17.392572
v 16.713528 20.313883 -15.451028
v 14.577999 22.138029 -14.963441
v 12.123081 24.224688 -17.261324
v 12.339909 23.762173 -14.721328
v 14.870616 21.722023 -19.211426
v 14.126328 21.992641 -20.899929
v 13.257259 22.109497 -23.331141
v 12.139258 22.739773 -24.375425
v 6.253935 27.180777 -26.843426
v 1.538562 12.884836 32.863846
v 1.394006 12.785974 34.271667
v 9.599598 11.993728 28.318256
v 10.364050 11.201145 29.681612
v 10.302688 24.364634 -4.050326
v 10.326846 23.698557 -0.196159
v 10.075459 25.159758 -11.388693
v 10.188717 24.812069 -7.788919
v 9.848642 25.699144 -17.361387
v 9.989779 25.426348 -14.692019
v 9.877265 25.738911 -20.085636
v 10.436838 23.707224 -25.877459
v 8.102938 24.729475 -27.289438
v 12.539812 12.569102 23.709444
v 11.413801 12.843436 24.585386
v 11.192873 14.345349 22.590523
v 12.649730 13.558178 21.883196
v 13.391650 23.144938 -19.436882
v 11.936310 24.420492 -19.754303
v 21.386990 15.653151 -7.165646
v 19.888575 16.879181 -7.050716
v 22.933104 13.903167 -5.678354
v 13.759614 20.769156 -24.233141
v 7.211030 24.819132 4.257854
v 10.276344 22.834139 3.818558
v 10.115766 21.730228 7.979005
v 7.103851 23.608803 8.505956
v 3.824274 25.322180 9.235579
v 3.917568 26.824734 4.485772
v 9.735146 19.358206 15.179169
v 6.865208 21.019115 15.872553
v 6.975363 22.299870 12.386295
v 9.950422 20.526083 11.807714
v 3.640106 22.523945 16.709944
v 3.738974 23.847807 13.210299
v 9.569106 18.095509 18.198959
v 9.458128 16.806221 20.917414
v 6.821386 18.236040 21.808664
v 6.850722 19.679884 19.027596
v 3.610391 19.600281 22.728043
v 3.584332 21.059738 19.826099
v 4.380875 15.485675 28.259588
v 3.798896 17.868330 25.445051
v 18.989302 14.449835 8.283040
v 20.445843 13.520387 8.036435
v 22.229506 12.589634 7.888764
v 20.211916 16.059370 -0.051624
v 21.854080 14.868281 -0.004118
v 23.744827 13.321780 0.475901
v 18.950340 12.745984 13.162199
v 18.654371 12.364519 14.764527
v 17.420738 13.189363 14.782836
v 20.217585 11.566191 14.973605
v 20.783890 12.099785 13.539721
v 14.730804 11.164617 24.395819
v 15.393286 10.752093 25.485872
v 13.987929 11.551284 23.948198
v 14.259644 11.749543 22.844618
v 12.529474 11.944442 25.016159
v 13.063120 11.841497 24.594837
v 9.096427 12.629194 27.306173
v 5.767250 13.348823 29.314665
v 5.316513 13.591827 29.597473
v 7.018060 13.146376 28.438982
v 1.574294 13.940020 31.474266
v 14.356422 12.377754 21.223021
v 3.644713 15.205086 29.320196
v 2.977434 13.911724 31.000927
v 1.803581 14.927744 30.544073
v 25.561455 13.407005 -4.533707
v 23.101486 13.414342 -11.453623
v 23.089676 12.531413 -11.085316
v 25.550182 13.055122 -4.579039
v 24.668924 12.637381 2.260463
v 25.522303 12.830245 1.716044
v 25.506582 12.103106 1.713601
v 24.668924 12.399530 2.265073
v 24.247808 12.000062 10.227006
v 24.887224 11.883526 10.277407
v 24.888664 11.396605 10.259416
v 24.355019 11.682362 9.913816
v 22.606169 11.226660 17.009876
v 24.051785 12.523774 14.178438
v 24.051800 11.051577 14.078760
v 22.623377 10.310126 16.963549
v 17.523312 10.759095 26.948938
v 19.423544 9.999469 23.552969
v 19.424082 9.722941 23.517403
v 17.523312 9.867615 26.898325
v 13.163191 11.303990 30.886591
v 15.356256 9.825107 28.096855
v 15.357048 9.790469 28.118681
v 13.163191 10.134849 30.812536
v 3.827123 11.844627 35.980934
v 3.827282 12.463480 36.008865
v 5.841990 12.183409 34.592503
v 5.863600 11.431812 34.542934
v 25.374960 13.714566 -1.773615
v 24.786268 13.068808 -3.827293
v 24.790764 13.086807 -3.783479
v 25.374960 12.628894 -1.840636
v 15.987535 9.908841 28.274502
v 15.985572 9.594430 28.276836
v 10.781082 11.211883 31.942341
v 10.772850 10.856054 31.895582
v 2.744855 13.192410 37.436295
v 2.708585 12.379615 37.409904
v 21.764299 14.118406 -14.642281
v 21.139511 12.785365 -14.870539
v 24.190247 11.794247 10.684584
v 24.224188 11.463202 10.662843
v 24.834982 12.311474 2.369150
v 24.838575 12.184896 2.362936
v 20.007517 9.666073 23.468033
v 19.994488 10.166284 23.503399
v 21.410578 11.262099 20.251879
v 21.382874 10.269378 20.158821
v 21.355991 11.702300 -11.158591
v 22.954365 12.140104 -6.427476
v 23.754328 12.163795 -0.176611
v 23.412462 11.683323 1.092222
v 22.212614 10.839863 7.886461
v 21.642746 11.046404 8.555170
v 19.832264 10.564735 12.729964
v 19.664434 10.471134 14.551270
v 15.973730 9.392904 23.182867
v 15.196827 9.012458 24.649067
v 12.897505 9.346402 28.181658
v 10.850137 9.753811 29.614342
v 3.471343 11.581417 32.759804
v 5.102425 11.374965 32.380215
v 22.721500 11.932917 -3.688822
v 24.116535 12.859630 -3.037515
v 14.360670 8.944217 26.402637
v 9.990580 10.561072 30.783768
v 8.171658 10.157446 30.332354
v 8.668076 10.926348 31.086536
v 19.471748 11.451226 -14.763657
v 21.447559 10.938953 9.685902
v 23.020350 11.449812 2.067151
v 17.409719 9.057615 21.040344
v 18.329210 9.563737 19.477495
v 0.605204 13.017634 38.196487
v 15.999330 12.772961 -19.869888
v 13.177722 12.141389 -22.465405
v 13.686483 11.445234 -21.505569
v 15.855580 10.084032 -14.744139
v 20.279232 11.265347 -7.988040
v 20.434397 11.136339 -6.344714
v 20.751057 11.286743 -4.315029
v 21.200193 11.093494 -1.245668
v 20.638605 10.791935 0.189789
v 20.584240 10.763580 1.687158
v 19.968777 10.156912 6.993376
v 19.347853 10.164348 8.050387
v 19.467270 10.231359 9.757145
v 17.949097 9.788812 14.147202
v 17.284952 9.598817 15.372420
v 14.109569 8.668160 22.445950
v 13.435349 8.674246 25.977114
v 12.674746 8.734037 26.800791
v 12.181377 12.292675 -23.642450
v 6.975173 10.843734 -25.971809
v 0.772257 11.869341 34.685223
v 0.580824 12.275380 38.161026
v 2.615340 9.849544 31.161783
v 1.306262 9.746572 33.034904
v 2.541400 8.707771 31.203041
v 1.419120 9.043321 32.834557
v 0.841237 9.819205 33.796013
g Set blendShape1Set skinCluster1Set tweakSet1
v -3.164535 17.260292 -38.476059
g blendShape1Set skinCluster1Set tweakSet1
v 1.426061 9.109498 33.836857
g Set blendShape1Set skinCluster1Set tweakSet1
v -2.409694 17.197983 -43.923626
g blendShape1Set skinCluster1Set tweakSet1
v 0.814967 8.049670 33.521812
g Set blendShape1Set skinCluster1Set tweakSet1
v -1.123788 16.621447 -45.241421
g blendShape1Set skinCluster1Set tweakSet1
v 20.650335 13.928478 6.640229
v 22.696629 12.669924 6.585309
v 25.306646 12.767947 7.630527
v 25.306646 11.313434 7.532343
v 22.347055 10.896393 5.797792
v 21.667538 15.444689 -4.970224
v 23.361628 13.693854 -4.139110
v 24.689949 13.287994 -3.391941
v 24.689949 12.933517 -3.397185
v 23.190395 12.297591 -5.086026
v 19.255604 11.068209 17.372444
v 17.714745 11.672863 17.509214
v 18.151709 12.032572 16.163830
v 19.603609 11.370988 16.153452
v 21.809498 10.814126 17.401262
v 21.657564 11.077149 16.960291
v 21.824697 10.622546 17.386633
v 21.657167 10.619780 16.946083
v 19.268869 9.946743 17.822884
v 19.493597 10.281103 15.822432
v 17.169241 9.157204 17.254902
v 16.916681 12.849102 16.230688
v 15.527901 13.861494 16.455194
v 17.610525 10.515182 21.465694
v 19.057615 10.067067 23.023848
v 19.059752 9.899982 23.056471
v 16.936377 9.012571 21.855366
v 15.236729 11.433927 22.079327
v 15.356937 12.724806 19.023834
v 16.644983 12.415774 17.576763
v 13.289130 11.297107 25.677532
v 13.839557 11.229118 25.222128
v 14.197728 10.764181 26.734549
v 14.625683 10.759735 26.216452
v 15.249869 9.898677 28.031115
v 15.143482 9.972245 27.965391
v 15.245705 9.855135 28.054731
v 15.134347 9.919816 27.990782
v 13.289530 9.244380 27.769222
v 13.681882 9.143029 27.355957
v 12.288584 8.832211 27.217997
v 11.995860 12.047309 25.437662
v 7.820809 12.381509 29.526005
v 7.493637 13.069467 28.106083
v 8.206289 12.319248 29.252909
v 8.696747 11.836975 30.650455
v 9.132776 11.658172 30.366718
v 10.551067 10.798623 31.927891
v 10.479841 11.511744 31.963100
v 10.523061 11.317137 31.253757
v 10.638456 10.482919 31.363144
v 4.631059 12.932487 31.583767
v 4.283005 13.621842 30.449102
v 5.496802 12.780095 31.158348
v 6.070232 11.119060 32.293690
v 5.675304 10.750265 31.517509
v 8.084814 11.821026 33.869240
v 8.073621 12.551181 33.921364
v 8.322254 10.952012 31.247252
v 4.857037 12.744200 32.913273
v 5.810707 12.133868 34.106979
v 5.822771 11.384477 34.058792
v 6.094248 11.444862 33.066692
v 5.406626 12.639250 32.608746
v 6.806505 12.545325 30.244568
v 7.868731 12.176526 31.189255
v 6.031318 12.075834 34.352722
v 6.077720 11.339971 34.357452
v 6.438693 11.456490 33.041332
v 3.690530 13.463081 31.069773
v 1.402358 24.301537 -32.571815
v 1.500730 24.231716 -33.291893
v 4.381560 22.273489 -32.337070
v 4.184645 22.005127 -33.185501
v 2.768592 23.397881 -32.499619
v 2.957822 23.213018 -33.205093
v 1.235428 24.537363 -32.121281
v 2.244201 24.515104 -31.543085
v 4.633909 23.144722 -30.846905
v 11.901701 8.928418 27.636633
v 10.080682 9.204432 27.909748
v 7.583655 9.689599 29.274820
v 3.506410 10.660101 31.976543
v 5.436344 9.956072 31.024092
v 10.834503 8.834696 27.030500
v 1.246047 8.208214 30.844915
v 0.904109 8.134513 32.510792
v 6.941626 10.105067 -26.246048
v 6.115732 11.175876 -27.928310
v 2.772195 12.935292 -30.226784
v 5.145771 13.916357 -30.526995
v 4.245342 14.409365 -31.449146
v 2.646937 14.047726 -31.698341
v 4.762540 11.798355 -29.132685
v 0.537497 9.584655 34.789127
v 0.821313 9.074962 34.739124
v 0.542508 8.325632 34.647846
v 0.343312 9.291173 35.590351
v 0.202681 9.174894 35.898155
v 0.390285 9.024590 35.548958
v 0.226559 9.001230 35.889099
v 0.347236 8.675933 35.517208
v 0.206724 8.869717 35.849777
g Set blendShape1Set skinCluster1Set tweakSet1
v 3.090554 17.260292 -38.476059
v 3.306641 17.922972 -34.535435
g blendShape1Set skinCluster1Set tweakSet1
v 3.562200 17.554466 -30.867987
v 0.199160 15.745821 -48.102253
v 15.166833 7.884308 19.364916
v 16.537615 8.970527 18.462111
v 7.556261 10.296926 30.598557
v 6.738432 9.761187 29.941996
v 10.695397 1.035936 47.925278
v 10.754212 1.079338 48.039021
v 15.598623 -0.590290 45.217896
v 15.827278 -0.906800 44.848656
v 15.386256 -1.192527 46.723324
v 15.332351 -1.210368 46.705601
v 15.029469 0.999347 43.010159
v 15.606648 -0.086236 43.842655
v 15.954051 -0.707368 43.223793
v 0.171668 20.081917 -48.472839
v 0.055234 19.710596 -48.678093
v 0.155151 19.095991 -48.824986
v 0.550258 18.781784 -48.737095
v 0.894780 19.385952 -48.451588
v 0.826059 19.103495 -48.550644
v 0.882224 19.647192 -48.376789
v 0.839569 19.936739 -48.251331
v 1.169578 20.088421 -47.978752
v 0.319631 19.821440 -48.535095
v 0.407014 19.850052 -48.481308
v 0.258915 19.652245 -48.602497
v 0.268564 19.334528 -48.729046
v 0.510655 19.647665 -48.479221
v 0.507760 19.558407 -48.539524
v 0.475339 19.447662 -48.613956
v 0.402760 19.269070 -48.718933
v 0.472648 19.819746 -48.436962
v -2.837186 16.009613 -30.508560
v -2.802988 15.923185 -30.918348
v -2.725699 15.881623 -30.986837
v 1.480850 16.518023 -33.441151
v 2.104201 17.126297 -33.225899
v 2.518302 17.530115 -33.219433
v 2.104201 17.308622 -33.117699
v 1.306394 10.989652 33.031441
v 8.657991 9.729601 -23.705099
v 7.779568 10.284794 -24.716131
v 9.646860 10.025492 -22.413815
v 8.935941 10.650094 -24.339127
v 9.854389 9.336550 -22.456444
v 14.246488 10.235061 -17.981918
v 12.469362 9.787807 -19.675346
v 17.850088 11.886631 -17.450094
v 12.436908 9.980616 -20.778736
v 18.467131 15.471594 -19.570644
v 17.618698 14.067360 -19.452465
v 20.085646 15.288116 -17.483103
v 13.770817 10.950069 -20.175024
v 12.365545 10.596002 -21.073839
v 12.456600 10.395570 -20.890995
v 19.224098 13.773046 -17.483606
v 14.038036 10.621447 -19.856306
v 17.847540 12.892012 -18.524010
v 17.021961 11.946815 -18.844837
v 17.228226 13.148368 -18.971750
v 16.672728 12.376264 -18.876902
v 9.231032 6.015801 33.205833
v 9.523121 5.649853 32.226021
v 10.691675 4.315666 30.147627
v 11.207871 3.787014 31.285473
v 11.849748 3.017499 30.438168
v 11.457061 3.487401 29.373880
v 12.433943 2.380866 29.782263
v 12.306030 2.748670 29.081964
g Set blendShape1Set skinCluster1Set tweakSet1
v -0.003132 16.274767 -38.245914
v -1.812410 16.274767 -38.245914
v 1.534859 15.710806 -41.862446
v -0.003132 15.710806 -41.862446
v -1.541123 15.710806 -41.862446
g blendShape1Set skinCluster1Set tweakSet1
v 8.468163 5.580301 29.074667
v 8.308025 5.899033 29.518497
v 8.084920 6.857430 32.209732
v 8.754980 6.108043 31.171770
v 7.995236 6.168748 30.046049
v 6.744716 6.500444 29.625433
v 5.438416 7.473080 30.610952
v 3.739503 7.588793 30.208685
v 1.255013 7.729612 27.036301
v 1.173119 7.857851 27.646009
v 3.932984 5.384761 27.120434
v 0.554471 8.067050 28.809744
v 7.086433 5.895647 28.592054
v 6.501155 7.858066 32.781033
v 3.866206 5.549900 28.518435
v 1.019079 8.037424 28.265894
v 7.238802 14.835051 -30.151781
v 27.282640 -12.982573 -8.760533
v 27.050589 -13.251247 -9.132427
v 14.883300 1.481115 41.464100
v 15.175632 1.259110 39.369938
v 14.782512 1.781376 40.141125
v 16.052050 -0.802237 39.629223
v 16.314953 -1.311558 41.101944
v 16.303717 -1.476112 42.272774
v 15.402111 0.750185 38.585861
v 13.847096 -0.681279 43.394268
v 13.120767 -0.045938 44.218075
v 12.758411 0.191323 44.649540
v 12.308242 0.456263 45.174522
v 2.254903 16.192352 -46.008045
v 25.817429 -15.880850 -10.709878
v 25.757395 -16.587675 -10.743255
v 27.976242 -11.820301 -9.097589
v 27.792418 -12.229837 -9.401544
v 12.500106 -0.245098 47.607189
v 12.457576 0.049848 46.600777
v 16.047544 -0.969057 43.532570
v 27.517452 -12.468020 -10.221883
v 27.066790 -16.186010 -12.653255
v 26.509640 -15.842509 -13.926658
v 25.276218 -13.246886 -16.993433
v 26.297939 -14.596704 -14.672983
v 24.331635 -11.658656 -19.144337
v 23.304628 -9.783684 -21.229828
v 21.755047 -7.468786 -23.345264
v 26.226133 -14.950846 -10.376081
v 26.466255 -14.196845 -10.153355
v 27.030323 -12.322304 -9.544764
v 27.425873 -13.455198 -8.568260
v 27.529497 -13.706119 -8.475483
v 12.962234 -0.117174 45.968151
v 3.766535 15.856610 -42.650150
v 3.945940 15.820841 -42.321339
v 1.801478 15.835634 -46.538818
v 2.322945 15.881485 -45.966244
v 2.815938 15.892186 -45.019527
v 3.137693 15.880238 -44.358761
v 4.103615 15.866243 -42.115376
v 0.545105 16.819054 -47.362915
v 0.218196 16.794371 -47.434185
v 2.822755 17.052956 -43.432465
v 2.825911 16.924635 -44.054672
v 2.780176 16.647156 -44.785133
v 1.911394 16.646776 -46.299603
v 1.458343 16.685352 -46.882458
v 0.966552 16.765333 -47.146923
v 3.087995 17.326260 -42.597542
v 3.526849 15.841623 -43.347599
v 3.596875 15.823386 -43.148392
v 2.495514 16.609991 -45.284420
v 3.090099 17.179867 -41.862534
v 4.500299 16.242641 -40.977180
v 4.481805 16.217155 -40.856152
v 4.309171 16.009354 -41.518677
v 3.739025 16.744225 -41.085407
v 0.142120 15.620965 -47.857025
v 0.688469 15.707900 -47.365723
v 3.374184 15.816355 -43.706596
v 1.351523 15.794437 -47.073441
v 0.058456 15.658875 -47.957836
v 2.115035 16.644035 -45.960369
v 28.130650 -12.662178 -8.632812
v 27.945114 -13.320646 -8.998796
v 28.163086 -13.804729 -8.544666
v 28.267715 -13.002603 -8.236780
v 28.042667 -12.135147 -8.913764
v 28.142828 -11.790112 -8.682284
v 28.242889 -15.904278 -9.292626
v 28.056234 -16.112917 -9.738676
v 28.267124 -16.343534 -8.980471
v 28.451406 -16.040361 -8.602231
v 28.257734 -16.961338 -9.537048
v 28.585934 -16.730755 -8.621486
v 27.786661 -13.929582 -9.339090
v 27.955826 -14.478148 -9.169664
v 28.107943 -14.542177 -8.863314
v 27.863667 -13.993009 -9.009293
v 28.084347 -15.246406 -9.176890
v 28.278332 -15.476133 -8.620232
v 27.890375 -15.016667 -9.733573
v 27.669752 -14.803246 -10.393526
v 27.845394 -15.882279 -10.496925
v 28.034418 -15.768177 -9.983049
v 27.803720 -14.414101 -9.476027
v 27.671593 -13.891686 -9.873894
v 27.732025 -12.847881 -9.446291
v 28.141651 -17.877665 -10.011337
v 28.668337 -17.921585 -8.465616
v 27.616354 -17.833265 -11.557683
v 27.930094 -17.191729 -10.452849
v 26.664326 -19.065214 -11.750617
v 27.303890 -19.235714 -10.491614
v 27.876413 -16.235966 -8.433968
v 28.013283 -15.957329 -8.204780
v 28.113224 -16.550316 -8.110011
v 27.903790 -15.450967 -8.249526
v 28.054962 -17.707285 -7.964599
v 27.654341 -19.027653 -9.186025
v 27.480349 -18.563850 -8.634716
v 27.480778 -13.862556 -8.747093
v 27.154018 -13.644332 -8.841387
v 27.727026 -14.491976 -8.580560
v 27.151098 -14.302850 -8.939087
v 27.030392 -16.618608 -9.062476
v 27.098095 -16.172186 -9.152575
v 26.313908 -16.620892 -10.061519
v 26.320024 -16.108345 -9.871286
v 26.614487 -17.640358 -9.282944
v 26.323147 -18.207640 -9.738938
v 25.771950 -17.805403 -10.479074
v 26.481630 -17.373549 -9.875538
v 26.489279 -16.652666 -9.538819
v 26.709015 -16.140276 -9.511907
v 27.318714 -15.690063 -8.914612
v 27.353815 -14.976978 -8.796035
v 26.803894 -14.502975 -9.342584
v 26.624239 -15.422752 -9.624490
v 26.971474 -15.556403 -9.269552
v 27.002815 -14.906535 -9.120768
v 9.723384 16.498650 -28.150402
v 10.869764 15.278740 -29.265654
v 13.543336 10.922153 -31.719755
v 13.508697 15.072998 -30.331396
v 11.686376 10.887168 -30.904110
v 14.382535 6.259960 -31.924995
v 12.396346 5.740617 -31.160583
v 13.060699 1.469828 -30.856176
v 14.246038 -2.679277 -30.023403
v 10.792257 19.546198 -27.318121
v 10.579072 22.085703 -26.632605
v 7.434253 22.924854 -28.525532
v 6.437709 21.005293 -30.805111
v 12.576236 21.449596 -24.942337
v 16.453842 -7.440587 -27.529337
v 15.219300 -5.320084 -28.795372
v 20.488632 -5.231247 -24.868916
v 18.832079 -6.271710 -27.209072
v 23.703844 0.572523 -18.309925
v 21.964941 1.197459 -21.861050
v 22.793348 -0.347338 -20.732290
v 23.910946 1.160170 -18.690447
v 23.789911 0.688056 -18.642935
v 22.910759 -0.379073 -20.396397
v 24.140213 -2.575238 -18.245783
v 22.926075 -0.566418 -20.188475
v 21.813375 1.123125 -21.915184
v 22.603735 -0.293145 -20.776545
v 27.399263 -13.478119 -10.793252
v 27.007963 -13.034111 -12.141270
v 26.985106 -15.055387 -12.762581
v 27.373732 -14.537780 -11.076645
v 22.486099 -5.889163 -21.770313
v 23.922480 -8.257783 -19.905540
v 24.745373 -10.180470 -17.932663
v 25.084490 -8.981330 -16.894817
v 24.397226 -7.107327 -18.624172
v 21.360428 -3.748581 -23.163788
v 25.391104 -8.110003 -15.934374
v 24.673164 -5.932029 -17.663416
v 23.048233 -4.445176 -20.457491
v 21.860670 -2.049435 -21.949558
v 23.597597 -3.478487 -19.332281
v 22.419115 -1.051599 -20.858217
v 22.269732 -0.596008 -21.128513
v 25.569899 -11.711725 -15.990410
v 26.380320 -12.775156 -14.019983
v 26.305292 -11.695900 -13.919591
v 25.767094 -10.623822 -15.183439
v 26.597221 -11.569571 -12.940724
v 25.991432 -9.969568 -14.284572
v 22.698952 3.126702 -20.964964
v 22.113304 1.436039 -22.198013
v 22.630424 4.903855 -19.789724
v 22.072407 4.173383 -21.395149
v 22.671232 5.063253 -19.571960
v 22.397663 5.284250 -19.836338
v 21.016047 3.562866 -23.077114
v 22.260000 5.280772 -19.794146
v 19.637566 6.991164 -24.266119
v 21.325754 7.672390 -21.215424
v 22.548199 5.825014 -19.635719
v 22.412086 5.387794 -19.985491
v 21.981468 5.445744 -20.773397
v 21.697136 4.754587 -21.453156
v 21.445719 4.396221 -21.697712
v 20.297712 3.920785 -23.871803
v 20.896784 4.048067 -23.025454
v 18.956009 6.530324 -24.823801
v 21.563324 1.203283 -22.173237
v 20.534021 3.452023 -22.945011
v 20.498755 3.588648 -23.075859
v 19.764866 3.567788 -24.184917
v 18.397654 6.619929 -25.383989
v 19.255754 3.754030 -24.907059
v 18.191580 13.175482 -24.303816
v 18.458803 10.623948 -24.295584
v 18.302124 14.828258 -23.451395
v 18.099962 10.023771 -24.462837
v 17.403748 12.132888 -24.634680
v 17.633327 10.151443 -25.216873
v 17.559179 11.541081 -25.118555
v 15.235858 17.683662 -23.701395
v 14.541861 18.317781 -24.599981
v 13.512346 19.362181 -26.684984
v 17.360662 10.380994 -26.062704
v 16.818155 10.930898 -27.299101
v 17.506914 7.279199 -27.308174
v 18.034845 6.871144 -26.154377
v 16.176943 10.997251 -28.576687
v 15.061641 11.113499 -30.154713
v 15.870705 6.975484 -30.212711
v 16.831747 7.224958 -28.621550
v 14.948831 15.075930 -29.383532
v 16.282331 14.678679 -27.878654
v 17.160208 14.993388 -24.482954
v 17.182236 12.375439 -25.682236
v 16.856167 12.216940 -26.839315
v 18.319004 4.136725 -26.973553
v 18.816143 4.025310 -25.876997
v 17.791023 3.651193 -28.138353
v 20.162888 2.287647 -23.722420
v 19.771280 2.095184 -24.406010
v 18.722729 2.306606 -26.417627
v 19.215191 2.198765 -25.439777
v 19.215151 -4.208005 -26.932531
v 20.051743 -3.349021 -25.551094
v 15.356654 2.283874 -31.512300
v 16.852318 3.113903 -29.786469
v 16.668222 -1.915464 -30.285015
v 17.544773 -4.369091 -28.837196
v 18.593115 -2.763239 -27.769108
v 17.775501 -0.336815 -28.750280
v 18.644417 0.840299 -26.937428
v 19.429548 -1.588193 -26.307579
v 21.776800 -1.132412 -22.143772
v 20.852463 -2.265910 -23.907650
v 20.919201 1.037561 -23.017477
v 20.308119 0.836100 -23.967381
v 20.760340 -0.298010 -23.600029
v 20.175758 -0.861022 -24.784687
v 19.571789 0.716881 -25.256561
v 2.541634 19.199718 -46.090660
v 2.990338 19.214153 -45.780293
v 4.371089 16.378540 -40.624031
v 4.495005 16.503223 -40.592838
v 4.301661 16.178320 -41.113434
v 4.098711 16.327126 -41.736504
v 3.765294 16.226856 -42.311081
v 3.787155 16.211102 -42.656422
v 3.643145 16.163015 -43.144695
v 3.570823 16.158216 -43.342918
v 3.433246 16.150194 -43.709194
v 3.156692 16.087038 -44.439201
v 2.827921 16.058010 -45.109535
v 2.292970 16.172628 -45.933033
v 1.767774 16.168470 -46.472137
v 1.292809 16.131710 -46.984596
v 0.729406 16.228451 -47.671688
v 0.507554 16.112566 -47.738991
v 0.260344 16.376213 -48.021793
v 3.046660 16.999155 -39.000858
v 3.769392 16.870867 -42.685143
v 3.621385 16.855070 -43.131840
v 3.461941 16.836042 -43.744225
v 3.238648 16.803762 -44.469337
v 2.935585 16.770113 -45.173149
v 2.467153 16.719385 -45.931404
v 1.950548 16.635702 -46.484737
v 1.490515 16.540459 -46.987782
v 0.953913 16.614950 -47.384056
v 0.690416 16.665173 -47.614117
v 4.344387 17.143244 -40.284161
v 4.234975 16.989994 -40.952015
v 4.045751 16.920834 -41.659985
v 3.949379 16.897316 -42.187832
v 1.189772 20.024651 -35.875690
v 0.280059 16.699190 -47.778381
v 3.638826 17.401514 -42.664616
v 3.469403 17.388397 -43.181484
v 3.272196 17.359087 -43.822636
v 3.005764 17.312559 -44.539082
v 2.699067 17.257238 -45.262844
v 2.294870 17.172733 -45.983761
v 1.871812 17.041477 -46.595921
v 1.568831 16.872019 -47.082958
v 1.142021 17.012419 -47.274796
v 0.769992 17.110832 -47.456352
v 4.445133 17.594156 -39.982384
v 4.326721 17.497538 -40.863453
v 4.031085 17.442656 -41.576366
v 3.827374 17.413010 -42.160877
v 2.139208 19.742714 -35.897358
v 0.413009 17.172733 -47.559483
v 2.964394 17.734465 -42.619698
v 2.849751 17.722256 -43.172638
v 2.663885 17.669935 -43.832130
v 2.445659 17.595541 -44.545830
v 2.171445 17.501932 -45.268250
v 1.822273 17.297480 -45.992241
v 1.389341 17.228745 -46.835972
v 4.119504 18.166389 -39.742867
v 3.859068 18.012144 -40.551792
v 3.378688 17.839087 -41.485664
v 3.126069 17.764738 -42.085217
v 2.000198 17.886862 -42.602573
v 1.932937 17.844242 -43.189285
v 1.816366 17.789667 -43.849548
v 1.654586 17.712614 -44.561787
v 1.463566 17.565466 -45.287464
v 1.242904 17.424231 -46.025707
v 0.880284 17.345503 -47.114902
v 2.139208 18.472853 -39.647568
v 2.197704 18.277645 -40.440647
v 2.121994 18.062113 -41.442455
v 2.064427 17.945160 -42.042553
v 1.090099 17.929405 -42.579132
v 1.082123 17.885374 -43.185394
v 1.003696 17.837502 -43.851448
v 0.875414 17.737627 -44.574787
v 0.758808 17.564833 -45.300861
v 0.722837 17.463957 -46.051510
v 0.481731 17.435095 -47.236961
v 1.189772 18.345249 -39.603294
v 1.144177 18.203800 -40.387768
v 1.100354 18.036903 -41.311798
v 1.101475 17.959526 -41.980583
v 4.119504 18.908863 -35.963581
v 4.445133 17.687117 -38.297222
v 4.511904 17.249527 -38.630894
v 4.432880 16.368132 -39.481709
v 4.495005 16.596182 -38.907692
v 4.371089 16.471500 -38.938866
v 0.000199 15.162939 -38.186672
v -2.143701 15.164517 -38.158058
v -3.046263 16.056683 -38.435379
v -3.645862 16.530739 -38.777771
v -3.046263 16.999155 -39.000858
v 0.060087 9.082967 35.951214
v 0.069848 9.005040 35.946548
v 0.061014 8.945600 35.933502
v 0.000199 20.187609 -35.886475
v 0.099714 16.810122 -47.505104
v 0.100644 16.929720 -47.454811
v 4.643463 16.209269 -40.423733
v 4.498914 15.841335 -40.684547
v 4.357275 15.633534 -41.196400
v 4.116402 15.620420 -42.062042
v 3.711276 15.545296 -43.102772
v 3.435974 15.515185 -43.795319
v 3.047169 15.497138 -44.747536
v 2.655871 15.552567 -45.389294
v 2.226843 15.651743 -45.957287
v 1.876868 15.787415 -46.421532
v 1.307092 16.021475 -47.011108
v 0.940145 16.112978 -47.256683
v 0.644961 16.130108 -47.383575
v 0.404416 16.113680 -47.426662
v 0.185503 16.104074 -47.464432
v 3.046660 16.906197 -40.686020
v 3.646259 16.437778 -40.462917
v 3.940072 14.931385 -39.972500
v 2.855676 14.506846 -39.849537
v 1.413256 14.199734 -39.743916
v 4.058887 15.066154 -39.077106
v 2.948144 14.503776 -38.866096
v 1.449455 14.175921 -38.587791
v -1.189375 20.024651 -35.875690
v 0.742574 19.511578 -32.038414
v 0.494383 19.676865 -48.268284
v 0.448427 19.799505 -48.212257
v 0.410575 19.816462 -48.200905
v 0.328788 19.780281 -48.206520
v 0.286758 19.633162 -48.262611
v 0.316048 19.478888 -48.329826
v 0.384638 19.454388 -48.347820
v 0.456009 19.501308 -48.336567
v 0.488229 19.596092 -48.301018
v 1.334764 19.378845 -32.153194
v 2.583339 18.983765 -32.468098
v 2.902657 18.469376 -32.668091
v 3.044388 18.160400 -32.861198
v 3.114255 17.792477 -32.902538
v 3.104490 17.620037 -33.264286
v 3.018911 17.563927 -33.333065
v -0.001014 16.528982 -33.457626
v -1.480471 16.518023 -33.441151
v 0.254333 20.005726 -48.506935
v 0.458188 20.205147 -48.346737
v 0.647009 19.918301 -48.358540
v 0.696490 19.705654 -48.439354
v 0.686002 19.530699 -48.526333
v 0.616034 19.276127 -48.648674
v 0.473428 19.153011 -48.737282
v 0.238178 19.254911 -48.767109
v 0.136485 19.664791 -48.675877
v 12.591772 23.098269 -22.726418
v 11.508109 23.954834 -23.210285
v 9.882501 25.150646 -24.488791
v 8.558527 25.976948 -25.245516
v 0.281312 16.770100 -47.315506
v 0.566633 16.754137 -47.224003
v 2.470096 16.647156 -44.785133
v 2.515830 16.924635 -44.054672
v 1.363560 16.636116 -46.692677
v 1.601313 16.613047 -46.297741
v 0.962761 16.685411 -46.972836
v 2.512657 17.052956 -43.432465
v 2.777897 17.326260 -42.597542
v 2.185433 16.571747 -45.282310
v 2.780001 17.179867 -41.862534
v 1.804954 16.605791 -45.958260
v 0.122777 16.919861 -47.360653
v 2.736580 16.893139 -40.922699
v 2.470096 15.377842 -44.715115
v 2.515830 15.360203 -43.968372
v 1.283082 15.558570 -46.627758
v 1.601313 15.613506 -46.242603
v 2.512657 15.371568 -43.339714
v 2.777897 15.362148 -42.489193
v 2.185433 15.352667 -45.215061
v 2.780001 15.448335 -41.767014
v 1.804954 15.468573 -45.895527
v 3.046660 15.963722 -40.120548
v 2.736580 15.935482 -40.632473
v 1.567534 15.164101 -44.704182
v 1.613251 15.021737 -43.970924
v 0.982169 15.559281 -46.817581
v 0.962186 15.457811 -46.159962
v 1.610096 14.927732 -43.349216
v 1.875335 14.776096 -42.512272
v 1.282871 15.222968 -45.201271
v 1.877439 14.740201 -41.785851
v 1.093570 15.378823 -45.848755
v 2.144099 15.071557 -39.843224
v 1.834001 15.030595 -40.585789
v 0.333471 15.613307 -47.008114
v 0.668723 15.604205 -46.924885
v 0.205610 15.615184 -47.025349
v 1.334764 17.235579 -28.876286
v -4.370691 16.378540 -40.624031
v -4.494625 16.503223 -40.592838
v -4.432501 16.306616 -40.596855
v -4.511524 17.188011 -39.746037
v -4.444754 17.655867 -38.863712
v -4.119107 18.228100 -38.624195
v -2.138811 18.534563 -38.528896
v -1.189375 18.406960 -38.484623
v -2.138811 19.742714 -35.897358
v 0.000199 18.569918 -38.495399
v -3.046263 16.906197 -40.686020
v -3.645862 16.437778 -40.462917
v -3.046263 15.963722 -40.120548
v -2.143701 15.071557 -39.843224
v 0.000199 15.069979 -39.871841
v 4.371089 16.378540 -40.624031
v 4.495005 16.503223 -40.592838
v 4.432880 16.306616 -40.596855
v 4.511904 17.188011 -39.746037
v 4.445133 17.655867 -38.863712
v 4.119504 18.228100 -38.624195
v 2.139208 18.534563 -38.528896
v 1.189772 18.406960 -38.484623
v -4.119107 18.908863 -35.963581
v 3.046660 16.906197 -40.686020
v 3.646259 16.437778 -40.462917
v 3.046660 15.963722 -40.120548
v 2.144099 15.071557 -39.843224
v -4.370691 16.471500 -38.938866
v -4.494625 16.596182 -38.907692
v -4.432501 16.368132 -39.481709
v -4.511524 17.249527 -38.630894
v -4.444754 17.687117 -38.297222
v 0.000063 15.887033 -48.229382
v -3.288427 17.436228 -30.946962
v 3.397743 17.436228 -30.946962
v -2.352805 18.426374 -30.794300
v -1.177606 18.693197 -30.771765
v -0.002422 18.858341 -30.524870
v 1.172761 18.693201 -30.771778
v 2.347945 18.426380 -30.794321
g Set blendShape1Set skinCluster1Set tweakSet1
v -2.197500 18.890377 -34.588802
v -1.304369 19.186422 -34.605133
v -0.003132 19.453989 -34.619892
v 1.298105 19.186422 -34.605133
v 2.180472 18.890377 -34.588802
v -2.197500 18.253172 -38.578136
v -1.304369 18.557024 -38.609371
v -0.003132 18.831625 -38.637611
v 1.298105 18.557024 -38.609371
v 2.180472 18.253172 -38.578136
v -1.967617 17.691029 -44.110722
v -1.208438 18.375225 -44.241440
v -0.003132 18.566114 -44.217335
v 1.202174 18.375225 -44.241440
v 1.939476 17.691029 -44.110722
v -1.179720 16.963961 -45.180454
v -0.660134 17.269173 -45.079624
v -0.003132 17.508427 -45.351040
v 0.660606 17.277090 -45.093544
v 1.160264 16.963070 -45.180984
v -0.272261 16.299465 -45.382057
v -0.141773 16.263391 -45.479099
v -0.003132 16.263391 -45.479099
v 0.135509 16.263391 -45.479099
v 0.265997 16.299465 -45.382057
v -2.583621 15.575999 -42.048374
v 2.577357 15.575999 -42.048374
v -3.542507 16.314621 -38.316170
v 3.536243 16.314621 -38.316170
v -3.956713 16.979219 -34.488361
vt 0.028844 0.029690
vt 0.064334 0.178268
vt 0.048618 0.170292
vt 0.055405 0.026284
vt 0.068212 0.027435
vt 0.037349 0.127320
vt 0.047240 0.123195
vt 0.046191 0.141570
vt 0.173379 0.086497
vt 0.157231 0.085532
vt 0.143692 0.084683
vt 0.149267 0.043481
vt 0.143698 0.053667
vt 0.131280 0.084239
vt 0.128740 0.042776
vt 0.127097 0.054444
vt 0.120177 0.084105
vt 0.162035 0.043888
vt 0.157885 0.054210
vt 0.171729 0.056484
vt 0.172444 0.048025
vt 0.188785 0.053092
vt 0.204153 0.057043
vt 0.242253 0.167809
vt 0.073685 0.201245
vt 0.071306 0.218261
vt 0.198378 0.198258
vt 0.198839 0.209189
vt 0.180746 0.160084
vt 0.163889 0.164688
vt 0.139916 0.134172
vt 0.188898 0.210611
vt 0.167103 0.193017
vt 0.155372 0.180127
vt 0.147307 0.168015
vt 0.133619 0.146204
vt 0.126944 0.136167
vt 0.147490 0.220145
vt 0.142174 0.197654
vt 0.135522 0.182585
vt 0.130112 0.169709
vt 0.119865 0.147848
vt 0.114917 0.137188
vt 0.102752 0.140056
vt 0.182438 0.189150
vt 0.172204 0.176397
vt 0.187643 0.170983
vt 0.192599 0.182088
vt 0.218816 0.125689
vt 0.236684 0.114211
vt 0.224282 0.162512
vt 0.238377 0.171485
vt 0.190182 0.045156
vt 0.190518 0.046198
vt 0.069244 0.027525
vt 0.095240 0.127186
vt 0.171800 0.036208
vt 0.167277 0.039274
vt 0.169669 0.028790
vt 0.172023 0.029540
vt 0.132857 0.121520
vt 0.132954 0.110270
vt 0.165799 0.025452
vt 0.163450 0.028791
vt 0.121727 0.110890
vt 0.121830 0.122964
vt 0.130347 0.021752
vt 0.129930 0.026207
vt 0.102093 0.125183
vt 0.111256 0.111226
vt 0.111141 0.124069
vt 0.231131 0.100332
vt 0.228090 0.096944
vt 0.222474 0.075871
vt 0.203268 0.049458
vt 0.203397 0.048107
vt 0.106632 0.148873
vt 0.081256 0.151637
vt 0.065763 0.141670
vt 0.091363 0.141022
vt 0.094211 0.149049
vt 0.368124 0.259621
vt 0.379867 0.434680
vt 0.376834 0.419638
vt 0.372783 0.411331
vt 0.374836 0.398300
vt 0.367847 0.449043
vt 0.365203 0.424265
vt 0.364679 0.435223
vt 0.347607 0.403512
vt 0.320433 0.400893
vt 0.300771 0.400722
vt 0.213074 0.350865
vt 0.214842 0.363377
vt 0.299042 0.379910
vt 0.322176 0.378736
vt 0.356748 0.379765
vt 0.380951 0.378902
vt 0.371949 0.380716
vt 0.354023 0.433518
vt 0.345906 0.439616
vt 0.336688 0.443357
vt 0.340299 0.458243
vt 0.339536 0.454724
vt 0.334089 0.250450
vt 0.359147 0.445981
vt 0.360495 0.453411
vt 0.349878 0.453655
vt 0.349058 0.447079
vt 0.317754 0.247175
vt 0.319279 0.461311
vt 0.321855 0.456368
vt 0.319444 0.443680
vt 0.312104 0.445746
vt 0.317839 0.452808
vt 0.317802 0.455343
vt 0.316292 0.459313
vt 0.313724 0.456377
vt 0.315593 0.252985
vt 0.313838 0.248195
vt 0.321059 0.262390
vt 0.328803 0.264003
vt 0.297084 0.459205
vt 0.296824 0.455280
vt 0.295690 0.443051
vt 0.288464 0.444410
vt 0.294365 0.450656
vt 0.294662 0.454893
vt 0.291695 0.458350
vt 0.292033 0.454093
vt 0.279441 0.456564
vt 0.278510 0.451772
vt 0.273667 0.441119
vt 0.268071 0.441866
vt 0.272521 0.449471
vt 0.272576 0.454723
vt 0.270303 0.453575
vt 0.269764 0.449720
vt 0.275560 0.250251
vt 0.273597 0.248848
vt 0.257677 0.452008
vt 0.258269 0.447883
vt 0.255014 0.449441
vt 0.252865 0.450630
vt 0.238659 0.247326
vt 0.237881 0.448367
vt 0.237389 0.442158
vt 0.236235 0.445895
vt 0.233811 0.447533
vt 0.233749 0.443659
vt 0.236245 0.249902
vt 0.232737 0.247637
vt 0.342330 0.427068
vt 0.321110 0.430114
vt 0.297867 0.429641
vt 0.323916 0.435901
vt 0.331781 0.434856
vt 0.326342 0.445194
vt 0.304186 0.437643
vt 0.312490 0.437894
vt 0.302266 0.445455
vt 0.281164 0.436225
vt 0.289236 0.436805
vt 0.278483 0.443490
vt 0.363366 0.407381
vt 0.351636 0.419438
vt 0.207100 0.249744
vt 0.206715 0.254792
vt 0.211778 0.445594
vt 0.211225 0.441951
vt 0.211634 0.433703
vt 0.210291 0.439626
vt 0.209717 0.443271
vt 0.205234 0.252814
vt 0.205444 0.257057
vt 0.192344 0.400035
vt 0.193125 0.365300
vt 0.175795 0.367738
vt 0.175370 0.352032
vt 0.191916 0.351397
vt 0.207766 0.441760
vt 0.207168 0.445104
vt 0.202390 0.249482
vt 0.276600 0.399842
vt 0.260794 0.440493
vt 0.255073 0.444656
vt 0.254184 0.446840
vt 0.250815 0.438916
vt 0.255815 0.437692
vt 0.238530 0.444831
vt 0.236455 0.435359
vt 0.275708 0.428134
vt 0.268713 0.434892
vt 0.261982 0.434148
vt 0.242141 0.437816
vt 0.211655 0.398844
vt 0.242476 0.431456
vt 0.255980 0.426747
vt 0.249790 0.432382
vt 0.229850 0.436740
vt 0.218376 0.436303
vt 0.213107 0.423313
vt 0.235662 0.424130
vt 0.228358 0.430317
vt 0.219976 0.430025
vt 0.187277 0.250484
vt 0.186735 0.255531
vt 0.195390 0.444485
vt 0.195044 0.441032
vt 0.193142 0.433394
vt 0.187919 0.435737
vt 0.194022 0.439415
vt 0.194109 0.443249
vt 0.192536 0.444971
vt 0.193170 0.441335
vt 0.185737 0.252467
vt 0.183990 0.249981
vt 0.185658 0.257262
vt 0.183123 0.254914
vt 0.202552 0.254815
vt 0.200606 0.264966
vt 0.190653 0.264847
vt 0.198986 0.429278
vt 0.205784 0.429260
vt 0.205259 0.435155
vt 0.198086 0.434895
vt 0.166012 0.251102
vt 0.166374 0.255720
vt 0.178008 0.445523
vt 0.176862 0.442666
vt 0.174344 0.435439
vt 0.175697 0.440932
vt 0.175861 0.444681
vt 0.163718 0.252620
vt 0.163502 0.257254
vt 0.160291 0.249699
vt 0.173115 0.447162
vt 0.172811 0.443579
vt 0.173234 0.402722
vt 0.141436 0.247093
vt 0.157072 0.451461
vt 0.137877 0.255353
vt 0.156883 0.446733
vt 0.152475 0.439777
vt 0.157013 0.437849
vt 0.162111 0.438560
vt 0.159000 0.448366
vt 0.157666 0.443874
vt 0.161202 0.444739
vt 0.160988 0.449838
vt 0.143197 0.250886
vt 0.145182 0.248404
vt 0.142668 0.256588
vt 0.155572 0.261931
vt 0.152003 0.261897
vt 0.148438 0.254768
vt 0.157658 0.255120
vt 0.126951 0.250269
vt 0.127078 0.256546
vt 0.144558 0.450227
vt 0.144576 0.445481
vt 0.140475 0.444277
vt 0.140720 0.448150
vt 0.136282 0.448454
vt 0.136898 0.444588
vt 0.122934 0.253313
vt 0.122424 0.259327
vt 0.179027 0.436931
vt 0.174530 0.425479
vt 0.193319 0.423601
vt 0.187215 0.429970
vt 0.180298 0.430766
vt 0.162361 0.433176
vt 0.168650 0.432160
vt 0.169282 0.437642
vt 0.117816 0.252746
vt 0.117635 0.258910
vt 0.129650 0.445110
vt 0.123289 0.442154
vt 0.266033 0.376900
vt 0.258063 0.376834
vt 0.257159 0.388103
vt 0.256995 0.399271
vt 0.237672 0.397169
vt 0.282611 0.379428
vt 0.266146 0.387572
vt 0.319889 0.249956
vt 0.334101 0.252458
vt 0.333286 0.254957
vt 0.319212 0.252899
vt 0.761691 0.494235
vt 0.812010 0.403397
vt 0.813240 0.349540
vt 0.813186 0.282504
vt 0.810850 0.213918
vt 0.802230 0.145350
vt 0.818724 0.135522
vt 0.806276 0.165160
vt 0.804307 0.170936
vt 0.796169 0.143316
vt 0.792350 0.145032
vt 0.806267 0.179125
vt 0.787834 0.149744
vt 0.776785 0.135171
vt 0.810651 0.212160
vt 0.809646 0.192193
vt 0.837351 0.194401
vt 0.823733 0.203173
vt 0.847944 0.211401
vt 0.825266 0.212479
vt 0.827238 0.223085
vt 0.810950 0.215459
vt 0.813130 0.281060
vt 0.812418 0.236640
vt 0.842798 0.239775
vt 0.825892 0.273579
vt 0.854801 0.268837
vt 0.830400 0.279907
vt 0.827126 0.290741
vt 0.847258 0.297189
vt 0.813218 0.283993
vt 0.813004 0.307057
vt 0.812567 0.347140
vt 0.813664 0.328081
vt 0.849519 0.325101
vt 0.827239 0.339164
vt 0.855865 0.345497
vt 0.831597 0.349489
vt 0.825937 0.361248
vt 0.812476 0.352047
vt 0.784646 0.216633
vt 0.767995 0.211980
vt 0.785005 0.218406
vt 0.768030 0.213766
vt 0.767935 0.215711
vt 0.784771 0.220379
vt 0.785491 0.238754
vt 0.768195 0.242944
vt 0.785048 0.286432
vt 0.768461 0.283077
vt 0.785227 0.288242
vt 0.768490 0.285040
vt 0.768418 0.286928
vt 0.785088 0.290085
vt 0.785089 0.308451
vt 0.767946 0.308734
vt 0.785016 0.328914
vt 0.767479 0.328854
vt 0.785627 0.350298
vt 0.767416 0.346893
vt 0.785824 0.352499
vt 0.767355 0.349248
vt 0.767210 0.351737
vt 0.785599 0.355054
vt 0.787785 0.406141
vt 0.759395 0.145469
vt 0.768166 0.141605
vt 0.763388 0.159465
vt 0.779211 0.156578
vt 0.767385 0.192966
vt 0.766107 0.175959
vt 0.782505 0.175827
vt 0.784175 0.192228
vt 0.809832 0.424199
vt 0.809475 0.426119
vt 0.787646 0.428954
vt 0.787839 0.431052
vt 0.825139 0.414081
vt 0.787453 0.432600
vt 0.784305 0.449249
vt 0.763708 0.481706
vt 0.767226 0.448137
vt 0.768000 0.428825
vt 0.768476 0.427159
vt 0.768716 0.405724
vt 0.768406 0.425139
vt 0.137745 0.868934
vt 0.138007 0.877059
vt 0.124763 0.868974
vt 0.125026 0.877163
vt 0.259020 0.820599
vt 0.256447 0.807284
vt 0.252914 0.795317
vt 0.129155 0.830640
vt 0.259731 0.835035
vt 0.282948 0.851139
vt 0.280256 0.851142
vt 0.288709 0.858680
vt 0.287722 0.858390
vt 0.276452 0.861499
vt 0.277975 0.861518
vt 0.285193 0.800440
vt 0.270957 0.804206
vt 0.282961 0.787373
vt 0.268335 0.790887
vt 0.280362 0.774100
vt 0.289514 0.840205
vt 0.289909 0.840064
vt 0.289468 0.839152
vt 0.289046 0.839905
vt 0.285294 0.863398
vt 0.286246 0.863920
vt 0.133429 0.906801
vt 0.130317 0.917222
vt 0.122623 0.906492
vt 0.137297 0.885952
vt 0.135659 0.895413
vt 0.124491 0.885402
vt 0.123744 0.894758
vt 0.275615 0.861938
vt 0.289576 0.838302
vt 0.289925 0.834692
vt 0.290701 0.839132
vt 0.292225 0.837619
vt 0.289684 0.858822
vt 0.291631 0.858765
vt 0.287012 0.864425
vt 0.289297 0.864598
vt 0.313032 0.906872
vt 0.286424 0.870607
vt 0.284375 0.868908
vt 0.278079 0.872667
vt 0.280055 0.873718
vt 0.280998 0.876169
vt 0.277218 0.874851
vt 0.276528 0.871574
vt 0.276555 0.869653
vt 0.277424 0.868790
vt 0.278168 0.868797
vt 0.289864 0.851884
vt 0.289393 0.843680
vt 0.290837 0.852499
vt 0.290815 0.845054
vt 0.291560 0.852615
vt 0.291976 0.844436
vt 0.293864 0.851652
vt 0.293882 0.843547
vt 0.275428 0.872259
vt 0.274551 0.870985
vt 0.273294 0.862662
vt 0.210131 0.809492
vt 0.209913 0.806580
vt 0.243326 0.823040
vt 0.312027 0.919162
vt 0.296768 0.931030
vt 0.244865 0.852300
vt 0.258817 0.849153
vt 0.245888 0.863291
vt 0.292693 0.824670
vt 0.299459 0.917616
vt 0.304582 0.857031
vt 0.305712 0.848711
vt 0.304578 0.841167
vt 0.302428 0.834809
vt 0.300649 0.827818
vt 0.298002 0.822298
vt 0.279725 0.850873
vt 0.278849 0.850292
vt 0.269157 0.847454
vt 0.139242 0.917552
vt 0.143470 0.907212
vt 0.146411 0.895357
vt 0.147689 0.886326
vt 0.147455 0.876197
vt 0.227881 0.813230
vt 0.227314 0.824334
vt 0.241656 0.810087
vt 0.226608 0.806754
vt 0.147202 0.868010
vt 0.161471 0.866375
vt 0.158564 0.862596
vt 0.284067 0.840810
vt 0.287792 0.836614
vt 0.285687 0.843057
vt 0.288023 0.839709
vt 0.286041 0.843829
vt 0.288075 0.840740
vt 0.288306 0.840912
vt 0.286488 0.844211
vt 0.295973 0.817456
vt 0.287680 0.812004
vt 0.289853 0.818988
vt 0.274507 0.818301
vt 0.282883 0.821654
vt 0.285748 0.827808
vt 0.276601 0.832879
vt 0.299737 0.834853
vt 0.296220 0.835710
vt 0.295265 0.828660
vt 0.292208 0.831648
vt 0.286363 0.832017
vt 0.287167 0.834135
vt 0.280709 0.837148
vt 0.282268 0.839517
vt 0.274408 0.849400
vt 0.276351 0.849364
vt 0.270775 0.862682
vt 0.271851 0.871710
vt 0.276234 0.877627
vt 0.279893 0.879017
vt 0.283919 0.878613
vt 0.296671 0.873807
vt 0.289041 0.872176
vt 0.300221 0.866320
vt 0.293461 0.866093
vt 0.302267 0.857582
vt 0.295230 0.858449
vt 0.295763 0.842406
vt 0.303005 0.840765
vt 0.304463 0.848104
vt 0.296431 0.850209
vt 0.259236 0.864682
vt 0.263979 0.860488
vt 0.268811 0.863165
vt 0.286608 0.882094
vt 0.280547 0.882735
vt 0.267779 0.873305
vt 0.269338 0.873674
vt 0.275391 0.881401
vt 0.273133 0.882146
vt 0.255080 0.867698
vt 0.244467 0.837395
vt 0.227730 0.839526
vt 0.228067 0.845767
vt 0.230574 0.855050
vt 0.254786 0.871604
vt 0.250625 0.876858
vt 0.233359 0.876542
vt 0.245527 0.876237
vt 0.244248 0.863122
vt 0.244916 0.868825
vt 0.230400 0.856911
vt 0.231203 0.865933
vt 0.260437 0.876314
vt 0.255183 0.879434
vt 0.249543 0.907960
vt 0.237863 0.889386
vt 0.247058 0.884766
vt 0.261763 0.922356
vt 0.281769 0.923883
vt 0.276412 0.935275
vt 0.267417 0.888324
vt 0.256438 0.900726
vt 0.262968 0.893624
vt 0.273609 0.903996
vt 0.267960 0.913388
vt 0.294635 0.771712
vt 0.309370 0.767991
vt 0.296516 0.785303
vt 0.309529 0.783600
vt 0.298574 0.798370
vt 0.310328 0.796517
vt 0.300109 0.811018
vt 0.310586 0.808265
vt 0.303231 0.819684
vt 0.312216 0.817542
vt 0.305615 0.827000
vt 0.313342 0.825749
vt 0.306892 0.834086
vt 0.314135 0.833316
vt 0.307670 0.840867
vt 0.314722 0.840856
vt 0.307874 0.848561
vt 0.315248 0.849042
vt 0.306912 0.857365
vt 0.314983 0.857022
vt 0.302197 0.905870
vt 0.279300 0.884538
vt 0.286314 0.912479
vt 0.286999 0.883576
vt 0.295409 0.882243
vt 0.290119 0.902321
vt 0.278413 0.894626
vt 0.285978 0.892196
vt 0.292796 0.893955
vt 0.292855 0.946108
vt 0.302027 0.866962
vt 0.296200 0.879953
vt 0.298236 0.874774
vt 0.237037 0.799889
vt 0.211758 0.801751
vt 0.151370 0.843143
vt 0.158770 0.846964
vt 0.223467 0.759792
vt 0.252149 0.752982
vt 0.277254 0.761333
vt 0.273872 0.749529
vt 0.294085 0.759439
vt 0.292293 0.747942
vt 0.309255 0.756752
vt 0.304090 0.746075
vt 0.135770 0.813368
vt 0.165191 0.816280
vt 0.249358 0.784551
vt 0.264812 0.777937
vt 0.225381 0.768642
vt 0.257389 0.764867
vt 0.137385 0.821725
vt 0.167082 0.826701
vt 0.237168 0.788810
vt 0.215132 0.793645
vt 0.217528 0.787136
vt 0.223586 0.776150
vt 0.242671 0.776546
vt 0.235540 0.782192
vt 0.165990 0.835082
vt 0.162417 0.843019
vt 0.142538 0.836937
vt 0.150482 0.832913
vt 0.154530 0.839378
vt 0.217079 0.773332
vt 0.205601 0.785763
vt 0.198668 0.759216
vt 0.744525 0.932399
vt 0.742960 0.779289
vt 0.742045 0.802120
vt 0.720648 0.778440
vt 0.719368 0.800909
vt 0.659964 0.774558
vt 0.658562 0.797380
vt 0.608960 0.804525
vt 0.741894 0.824676
vt 0.741651 0.846740
vt 0.718458 0.823201
vt 0.717732 0.844554
vt 0.659147 0.820404
vt 0.661201 0.840575
vt 0.641692 0.841930
vt 0.637250 0.821472
vt 0.614473 0.825877
vt 0.621465 0.844786
vt 0.741506 0.863741
vt 0.718053 0.861757
vt 0.665352 0.873827
vt 0.663872 0.857403
vt 0.650333 0.872835
vt 0.646482 0.858062
vt 0.629390 0.860676
vt 0.635832 0.873900
vt 0.745838 0.685891
vt 0.745101 0.708433
vt 0.724812 0.708795
vt 0.726166 0.686714
vt 0.675061 0.682988
vt 0.669574 0.703645
vt 0.637310 0.679697
vt 0.744266 0.735095
vt 0.743594 0.757488
vt 0.721925 0.755942
vt 0.723342 0.732863
vt 0.665419 0.728982
vt 0.661046 0.751891
vt 0.620688 0.724695
vt 0.661387 0.584884
vt 0.688100 0.566323
vt 0.746353 0.547758
vt 0.578100 0.800118
vt 0.613039 0.668298
vt 0.600495 0.712496
vt 0.905997 0.102219
vt 0.937049 0.363255
vt 0.947718 0.213932
vt 0.953187 0.273532
vt 0.588777 0.803755
vt 0.584209 0.802332
vt 0.607707 0.721538
vt 0.601511 0.713553
vt 0.625957 0.678634
vt 0.614495 0.669989
vt 0.666714 0.604391
vt 0.664587 0.587726
vt 0.694423 0.582549
vt 0.691921 0.570056
vt 0.749849 0.559958
vt 0.747122 0.548479
vt 0.759083 0.558479
vt 0.941411 0.279593
vt 0.928834 0.223433
vt 0.881990 0.456156
vt 0.880108 0.465060
vt 0.867929 0.469550
vt 0.771953 0.030693
vt 0.768572 0.549569
vt 0.751271 0.056653
vt 0.752792 0.059462
vt 0.634198 0.687602
vt 0.623143 0.685294
vt 0.609027 0.667966
vt 0.611076 0.669403
vt 0.952561 0.213377
vt 0.946531 0.187660
vt 0.946418 0.209380
vt 0.927203 0.215493
vt 0.613981 0.666887
vt 0.616048 0.648332
vt 0.615572 0.667285
vt 0.621911 0.651226
vt 0.628701 0.671929
vt 0.637052 0.656291
vt 0.643876 0.688999
vt 0.647860 0.680592
vt 0.659131 0.681123
vt 0.660952 0.663195
vt 0.650090 0.671825
vt 0.640930 0.671283
vt 0.646874 0.660502
vt 0.915071 0.234451
vt 0.932746 0.228712
vt 0.912057 0.214660
vt 0.910744 0.226700
vt 0.886647 0.226253
vt 0.617748 0.733029
vt 0.615917 0.744611
vt 0.604901 0.725581
vt 0.596266 0.740286
vt 0.594040 0.714499
vt 0.597066 0.716592
vt 0.592887 0.734616
vt 0.587537 0.733322
vt 0.956652 0.278991
vt 0.952289 0.301132
vt 0.955510 0.231707
vt 0.954065 0.271648
vt 0.939330 0.271898
vt 0.933583 0.244012
vt 0.599625 0.711509
vt 0.599757 0.681460
vt 0.600335 0.711600
vt 0.607187 0.683286
vt 0.611207 0.715628
vt 0.619071 0.692129
vt 0.629396 0.736861
vt 0.633081 0.727528
vt 0.646797 0.727989
vt 0.632131 0.695706
vt 0.649231 0.699037
vt 0.634929 0.718238
vt 0.624230 0.716624
vt 0.922673 0.294168
vt 0.943017 0.289135
vt 0.944462 0.308041
vt 0.904487 0.314374
vt 0.900728 0.263678
vt 0.920021 0.272744
vt 0.919234 0.283603
vt 0.893481 0.289788
vt 0.613070 0.753473
vt 0.600369 0.746447
vt 0.589445 0.745385
vt 0.589656 0.745479
vt 0.948384 0.312365
vt 0.933389 0.312958
vt 0.915789 0.329887
vt 0.950388 0.313441
vt 0.954345 0.320445
vt 0.937709 0.322227
vt 0.579750 0.753552
vt 0.586308 0.745798
vt 0.581928 0.753460
vt 0.587843 0.747515
vt 0.596978 0.765303
vt 0.596777 0.753666
vt 0.611242 0.764085
vt 0.609904 0.778699
vt 0.622435 0.780905
vt 0.625135 0.768823
vt 0.639935 0.772204
vt 0.634324 0.795177
vt 0.637111 0.749331
vt 0.625346 0.757299
vt 0.935300 0.331504
vt 0.923424 0.364338
vt 0.890575 0.363856
vt 0.914845 0.341611
vt 0.918644 0.315543
vt 0.891718 0.338249
vt 0.898962 0.173167
vt 0.934018 0.166520
vt 0.940400 0.167641
vt 0.916045 0.170939
vt 0.626465 0.633960
vt 0.632457 0.634378
vt 0.633822 0.636636
vt 0.629105 0.637355
vt 0.644723 0.642341
vt 0.640743 0.648378
vt 0.649632 0.651757
vt 0.916801 0.180741
vt 0.916741 0.193832
vt 0.889397 0.200663
vt 0.902843 0.182663
vt 0.872487 0.183375
vt 0.657445 0.653859
vt 0.661262 0.611456
vt 0.649951 0.602365
vt 0.651251 0.602817
vt 0.918819 0.120929
vt 0.885913 0.118655
vt 0.912106 0.125581
vt 0.920663 0.127621
vt 0.646463 0.602369
vt 0.651999 0.605348
vt 0.647704 0.604063
vt 0.652338 0.606013
vt 0.665386 0.617694
vt 0.656087 0.619876
vt 0.658981 0.615357
vt 0.670989 0.619620
vt 0.679243 0.611795
vt 0.672955 0.614754
vt 0.668145 0.612835
vt 0.672883 0.607811
vt 0.849282 0.093313
vt 0.884458 0.084789
vt 0.889849 0.087700
vt 0.860191 0.089122
vt 0.671985 0.578664
vt 0.676983 0.581657
vt 0.672342 0.580316
vt 0.676952 0.581975
vt 0.674442 0.596000
vt 0.679106 0.592544
vt 0.677441 0.602618
vt 0.682925 0.598836
vt 0.698991 0.590983
vt 0.690419 0.609560
vt 0.681421 0.605904
vt 0.687308 0.603464
vt 0.660993 0.646057
vt 0.653178 0.644223
vt 0.662738 0.622779
vt 0.668574 0.625070
vt 0.747298 0.648552
vt 0.746841 0.666432
vt 0.728110 0.649089
vt 0.727506 0.667105
vt 0.670261 0.647541
vt 0.684205 0.648809
vt 0.679625 0.665055
vt 0.746384 0.615022
vt 0.747250 0.631653
vt 0.728016 0.616746
vt 0.728234 0.632623
vt 0.678258 0.621140
vt 0.690019 0.620808
vt 0.686958 0.633853
vt 0.652426 0.626142
vt 0.647369 0.635760
vt 0.635036 0.617600
vt 0.639259 0.619764
vt 0.633730 0.633477
vt 0.632764 0.633261
vt 0.924024 0.135699
vt 0.937185 0.164179
vt 0.659979 0.629182
vt 0.671697 0.632491
vt 0.663078 0.638570
vt 0.656263 0.636948
vt 0.702440 0.564022
vt 0.704094 0.566287
vt 0.702898 0.565404
vt 0.704449 0.577194
vt 0.708557 0.585793
vt 0.717105 0.581940
vt 0.711325 0.592287
vt 0.870200 0.097662
vt 0.879275 0.109689
vt 0.856161 0.109699
vt 0.858637 0.099994
vt 0.828265 0.045740
vt 0.850941 0.055253
vt 0.817100 0.058297
vt 0.712026 0.574752
vt 0.704511 0.568650
vt 0.705120 0.564329
vt 0.741372 0.563311
vt 0.734376 0.552879
vt 0.735367 0.554037
vt 0.785785 0.035960
vt 0.721907 0.556769
vt 0.721091 0.555421
vt 0.817492 0.040591
vt 0.786750 0.039478
vt 0.788658 0.036024
vt 0.733921 0.554738
vt 0.733065 0.553242
vt 0.734373 0.556243
vt 0.733157 0.554893
vt 0.739084 0.564187
vt 0.739417 0.571994
vt 0.735566 0.565403
vt 0.734035 0.573654
vt 0.734764 0.583685
vt 0.744873 0.576192
vt 0.744079 0.570177
vt 0.749355 0.577999
vt 0.750397 0.569063
vt 0.757801 0.566162
vt 0.756938 0.584684
vt 0.757549 0.575886
vt 0.852002 0.479091
vt 0.744976 0.953669
vt 0.745785 0.969263
vt 0.310431 0.720363
vt 0.307906 0.727692
vt 0.292226 0.726362
vt 0.299945 0.710022
vt 0.839634 0.131728
vt 0.863388 0.457225
vt 0.852861 0.464903
vt 0.822817 0.067835
vt 0.833698 0.099192
vt 0.824799 0.126515
vt 0.754364 0.061413
vt 0.846609 0.367265
vt 0.844217 0.389390
vt 0.812598 0.372361
vt 0.813930 0.388664
vt 0.787320 0.372885
vt 0.788742 0.388965
vt 0.768065 0.371225
vt 0.768737 0.388382
vt 0.179148 0.779519
vt 0.145807 0.783824
vt 0.777319 0.482911
vt 0.461101 0.907099
vt 0.471862 0.902555
vt 0.480628 0.897748
vt 0.492002 0.878478
vt 0.312559 0.934082
vt 0.322053 0.950506
vt 0.308219 0.949161
vt 0.134034 0.924705
vt 0.131335 0.931961
vt 0.126606 0.924009
vt 0.125063 0.930757
vt 0.117925 0.930522
vt 0.833558 0.182082
vt 0.868482 0.169406
vt 0.831363 0.173477
vt 0.830772 0.168729
vt 0.914035 0.153251
vt 0.900360 0.157684
vt 0.353891 0.256781
vt 0.352270 0.257409
vt 0.340687 0.256840
vt 0.348151 0.254795
vt 0.347478 0.255831
vt 0.343238 0.258556
vt 0.170575 0.795946
vt 0.167529 0.804866
vt 0.142229 0.804155
vt 0.143102 0.794981
vt 0.219195 0.750707
vt 0.218763 0.742554
vt 0.243208 0.743132
vt 0.242680 0.736673
vt 0.267406 0.741603
vt 0.267502 0.735225
vt 0.289638 0.740206
vt 0.290224 0.735261
vt 0.308016 0.738397
vt 0.308056 0.735345
vt 0.791855 0.077038
vt 0.793948 0.080119
vt 0.788250 0.059799
vt 0.783115 0.053605
vt 0.787658 0.048791
vt 0.789431 0.048880
vt 0.797314 0.051924
vt 0.235396 0.142882
vt 0.240621 0.143873
vt 0.220859 0.072289
vt 0.219629 0.073475
vt 0.213638 0.107861
vt 0.213952 0.108438
vt 0.212915 0.107843
vt 0.213377 0.108361
vt 0.216818 0.106227
vt 0.213466 0.107512
vt 0.213228 0.105740
vt 0.214415 0.113427
vt 0.219138 0.113551
vt 0.205462 0.131119
vt 0.304359 0.884973
vt 0.303884 0.895744
vt 0.314855 0.896060
vt 0.316072 0.882820
vt 0.315993 0.882626
vt 0.315895 0.882589
vt 0.315849 0.882643
vt 0.315800 0.882750
vt 0.315844 0.882874
vt 0.753483 0.062767
vt 0.773638 0.050650
vt 0.454682 0.859569
vt 0.465214 0.837505
vt 0.459275 0.862270
vt 0.461664 0.863988
vt 0.492318 0.873536
vt 0.465594 0.871752
vt 0.465043 0.868137
vt 0.137639 0.725149
vt 0.144303 0.731261
vt 0.772312 0.509012
vt 0.767286 0.505736
vt 0.787152 0.500139
vt 0.783718 0.495319
vt 0.798339 0.489003
vt 0.793426 0.485722
vt 0.816340 0.455276
vt 0.813633 0.451640
vt 0.809391 0.427281
vt 0.819756 0.434040
vt 0.824491 0.426601
vt 0.838005 0.408684
vt 0.879605 0.390405
vt 0.833905 0.427166
vt 0.595831 0.891194
vt 0.897766 0.461412
vt 0.612730 0.865309
vt 0.598330 0.826486
vt 0.606676 0.846472
vt 0.578281 0.829502
vt 0.588138 0.826261
vt 0.584433 0.853353
vt 0.596450 0.849346
vt 0.602188 0.868425
vt 0.588935 0.872031
vt 0.910753 0.392338
vt 0.928207 0.393904
vt 0.849557 0.425759
vt 0.902756 0.428333
vt 0.919061 0.424167
vt 0.907065 0.442099
vt 0.900209 0.433894
vt 0.871608 0.139388
vt 0.892366 0.125485
vt 0.897001 0.128532
vt 0.903252 0.137922
vt 0.891871 0.148975
vt 0.876548 0.145737
vt 0.185333 0.066420
vt 0.182230 0.072615
vt 0.169410 0.063776
vt 0.166108 0.070116
vt 0.154702 0.062098
vt 0.151243 0.069547
vt 0.140376 0.062126
vt 0.137254 0.069990
vt 0.126111 0.063595
vt 0.124852 0.070727
vt 0.114424 0.071647
vt 0.106791 0.072822
vt 0.113735 0.100262
vt 0.117044 0.091502
vt 0.124454 0.100229
vt 0.127996 0.091747
vt 0.135817 0.099398
vt 0.139353 0.091151
vt 0.147312 0.097075
vt 0.152140 0.091726
vt 0.170885 0.093050
vt 0.199021 0.101400
vt 0.195806 0.106011
vt 0.187540 0.060054
vt 0.213927 0.110384
vt 0.191916 0.111527
vt 0.758082 0.063481
vt 0.766522 0.069406
vt 0.469117 0.932394
vt 0.490995 0.954545
vt 0.469063 0.952489
vt 0.547718 0.905192
vt 0.540715 0.931953
vt 0.504455 0.951578
vt 0.492337 0.928882
vt 0.518756 0.926463
vt 0.522137 0.949361
vt 0.556559 0.892596
vt 0.533190 0.895018
vt 0.499839 0.795502
vt 0.475291 0.812279
vt 0.484284 0.787294
vt 0.546467 0.820059
vt 0.550688 0.847397
vt 0.523896 0.800046
vt 0.506286 0.800905
vt 0.535155 0.856216
vt 0.492449 0.868591
vt 0.560709 0.878466
vt 0.533242 0.875609
vt 0.563067 0.864209
vt 0.507198 0.240244
vt 0.521200 0.242057
vt 0.785129 0.127136
vt 0.778003 0.129757
vt 0.110745 0.084427
vt 0.101749 0.083984
vt 0.099327 0.091255
vt 0.092683 0.082758
vt 0.078282 0.088421
vt 0.082705 0.080731
vt 0.755009 0.068945
vt 0.756134 0.077147
vt 0.786969 0.065242
vt 0.786164 0.068665
vt 0.774756 0.057520
vt 0.780576 0.063888
vt 0.113154 0.169310
vt 0.114620 0.182309
vt 0.083704 0.219097
vt 0.090420 0.196218
vt 0.118851 0.196741
vt 0.116929 0.219599
vt 0.075846 0.027427
vt 0.103540 0.024674
vt 0.020052 0.053316
vt 0.112749 0.065313
vt 0.101473 0.069273
vt 0.787550 0.098419
vt 0.786720 0.109143
vt 0.026283 0.034331
vt 0.053693 0.029849
vt 0.754739 0.079107
vt 0.073386 0.078491
vt 0.104384 0.029360
vt 0.109050 0.056899
vt 0.106576 0.043913
vt 0.067877 0.035462
vt 0.073465 0.034950
vt 0.086997 0.049368
vt 0.090088 0.063147
vt 0.067309 0.050650
vt 0.060362 0.080872
vt 0.025698 0.071675
vt 0.763914 0.088787
vt 0.755873 0.081394
vt 0.054536 0.041689
vt 0.023658 0.040387
vt 0.141527 0.751865
vt 0.141081 0.763274
vt 0.159437 0.752364
vt 0.169294 0.740845
vt 0.182708 0.750747
vt 0.169377 0.765768
vt 0.789370 0.514443
vt 0.107957 0.091965
vt 0.097595 0.098800
vt 0.104552 0.100271
vt 0.089938 0.090222
vt 0.101347 0.111628
vt 0.096737 0.104811
vt 0.089368 0.098466
vt 0.091698 0.104972
vt 0.047646 0.116338
vt 0.056089 0.100048
vt 0.078199 0.099815
vt 0.088239 0.112537
vt 0.033039 0.112963
vt 0.017397 0.078895
vt 0.047992 0.098518
vt 0.758736 0.060146
vt 0.754743 0.055526
vt 0.761152 0.051686
vt 0.753655 0.048755
vt 0.750954 0.022426
vt 0.763562 0.023011
vt 0.757030 0.041746
vt 0.763409 0.540092
vt 0.754390 0.542220
vt 0.753818 0.541212
vt 0.764137 0.539475
vt 0.706490 0.565070
vt 0.720339 0.571497
vt 0.714904 0.573653
vt 0.725769 0.577628
vt 0.731578 0.584381
vt 0.719477 0.580745
vt 0.723943 0.588059
vt 0.724459 0.599373
vt 0.721029 0.589465
vt 0.741248 0.579664
vt 0.742368 0.595812
vt 0.746804 0.590932
vt 0.824919 0.043459
vt 0.826115 0.046825
vt 0.807932 0.055839
vt 0.809563 0.056440
vt 0.790662 0.066540
vt 0.793900 0.061854
vt 0.795778 0.062537
vt 0.792965 0.067350
vt 0.240966 0.148046
vt 0.222022 0.148741
vt 0.203289 0.118778
vt 0.207726 0.120585
vt 0.177254 0.126961
vt 0.145528 0.109909
vt 0.177614 0.115680
vt 0.167315 0.109908
vt 0.168337 0.099335
vt 0.176080 0.109796
vt 0.168662 0.117090
vt 0.173483 0.122819
vt 0.161620 0.140360
vt 0.165338 0.134245
vt 0.146275 0.119917
vt 0.159440 0.126158
vt 0.161798 0.130279
vt 0.152855 0.131566
vt 0.184002 0.137588
vt 0.180691 0.132057
vt 0.193527 0.135007
vt 0.147764 0.143518
vt 0.182845 0.102375
vt 0.184734 0.096821
vt 0.190153 0.088757
vt 0.200266 0.075341
vt 0.202394 0.069728
vt 0.204643 0.063877
vt 0.206438 0.070575
vt 0.227181 0.178357
vt 0.214961 0.186427
vt 0.219987 0.165414
vt 0.208991 0.172308
vt 0.208753 0.151721
vt 0.214973 0.160196
vt 0.204863 0.164293
vt 0.200151 0.153398
vt 0.240938 0.162800
vt 0.222963 0.156720
vt 0.240911 0.155859
vt 0.218985 0.058935
vt 0.220010 0.065163
vt 0.211084 0.056094
vt 0.218025 0.058851
vt 0.218839 0.065206
vt 0.209366 0.064251
vt 0.215000 0.051469
vt 0.215217 0.051146
vt 0.218902 0.054313
vt 0.218344 0.054415
vt 0.109925 0.256975
vt 0.110524 0.261575
vt 0.069803 0.178767
vt 0.086595 0.161737
vt 0.097157 0.167158
vt 0.095131 0.179141
vt 0.868545 0.123397
vt 0.827041 0.141654
vt 0.839535 0.134826
vt 0.839127 0.147707
vt 0.817986 0.151596
vt 0.214171 0.112413
vt 0.191945 0.113445
vt 0.194774 0.113810
vt 0.200254 0.116879
vt 0.189904 0.129505
vt 0.199498 0.126285
vt 0.185364 0.124970
vt 0.180613 0.120153
vt 0.193013 0.123113
vt 0.866786 0.414234
vt 0.900502 0.415819
vt 0.863859 0.430072
vt 0.892135 0.426534
vt 0.892238 0.430037
vt 0.888693 0.439616
vt 0.862796 0.434365
vt 0.862681 0.446593
vt 0.843192 0.464759
vt 0.180056 0.266393
vt 0.169248 0.267226
vt 0.124108 0.264041
vt 0.140776 0.264418
vt 0.118133 0.266338
vt 0.129895 0.442207
vt 0.171489 0.331068
vt 0.191749 0.330867
vt 0.211974 0.330549
vt 0.135304 0.410818
vt 0.173898 0.391130
vt 0.175095 0.378234
vt 0.192269 0.389121
vt 0.192495 0.376840
vt 0.134479 0.398831
vt 0.133361 0.387637
vt 0.213433 0.374680
vt 0.236199 0.374652
vt 0.234175 0.387984
vt 0.212201 0.387195
vt 0.119263 0.434774
vt 0.114470 0.433756
vt 0.145753 0.440069
vt 0.130022 0.435717
vt 0.125581 0.436336
vt 0.151973 0.434288
vt 0.146573 0.435081
vt 0.136804 0.431422
vt 0.141622 0.439955
vt 0.136637 0.438629
vt 0.137844 0.334606
vt 0.150524 0.332161
vt 0.153080 0.352692
vt 0.144146 0.353294
vt 0.152993 0.371728
vt 0.141796 0.373841
vt 0.152123 0.384122
vt 0.144982 0.385590
vt 0.152298 0.395676
vt 0.143612 0.397368
vt 0.142344 0.431390
vt 0.143643 0.408987
vt 0.152868 0.406712
vt 0.156991 0.428442
vt 0.121077 0.941024
vt 0.124994 0.942368
vt 0.315058 0.864964
vt 0.315504 0.870094
vt 0.304709 0.876126
vt 0.307576 0.866830
vt 0.311056 0.870828
vt 0.310130 0.875561
vt 0.304224 0.883034
vt 0.309566 0.879382
vt 0.191845 0.117465
vt 0.190532 0.119104
vt 0.183867 0.114927
vt 0.187254 0.114306
vt 0.185563 0.110523
vt 0.182314 0.110010
vt 0.191064 0.104582
vt 0.186322 0.103154
vt 0.194238 0.099764
vt 0.189455 0.098129
vt 0.207846 0.092443
vt 0.195516 0.089670
vt 0.200425 0.090774
vt 0.205088 0.075683
vt 0.221081 0.076942
vt 0.456501 0.869462
vt 0.457414 0.869637
vt 0.458186 0.869720
vt 0.824769 0.444023
vt 0.848184 0.435018
vt 0.849843 0.438116
vt 0.849827 0.440042
vt 0.810473 0.464744
vt 0.804065 0.474368
vt 0.805749 0.461914
vt 0.799621 0.471617
vt 0.783475 0.457677
vt 0.782378 0.468209
vt 0.766459 0.457109
vt 0.765654 0.466193
vt 0.832375 0.459509
vt 0.821177 0.478966
vt 0.820188 0.463530
vt 0.826893 0.448764
vt 0.217767 0.841513
vt 0.136833 0.956484
vt 0.141279 0.954832
vt 0.241725 0.913597
vt 0.227581 0.893948
vt 0.160667 0.912602
vt 0.171473 0.917111
vt 0.167357 0.889311
vt 0.182791 0.892923
vt 0.179626 0.904514
vt 0.165583 0.899745
vt 0.183182 0.880037
vt 0.167672 0.876664
vt 0.130755 0.960846
vt 0.132086 0.962243
vt 0.123189 0.965353
vt 0.122392 0.964073
vt 0.217474 0.823898
vt 0.216647 0.818438
vt 0.162186 0.864421
vt 0.171032 0.860320
vt 0.181411 0.870186
vt 0.163243 0.870296
vt 0.212834 0.814964
vt 0.209967 0.813279
vt 0.210412 0.811468
vt 0.218518 0.855802
vt 0.217923 0.845651
vt 0.219537 0.857142
vt 0.222098 0.880055
vt 0.219590 0.867640
vt 0.286577 0.956910
vt 0.269064 0.943898
vt 0.254609 0.930685
vt 0.157802 0.923567
vt 0.166517 0.927959
vt 0.158076 0.941057
vt 0.152212 0.946815
vt 0.146108 0.943177
vt 0.151722 0.934948
vt 0.116062 0.964140
vt 0.116407 0.965863
vt 0.209889 0.815271
vt 0.210865 0.817105
vt 0.213449 0.816668
vt 0.211689 0.819480
vt 0.214427 0.818902
vt 0.212378 0.822110
vt 0.215995 0.823505
vt 0.214381 0.834314
vt 0.217011 0.841256
vt 0.214438 0.840622
vt 0.217062 0.845560
vt 0.214212 0.848008
vt 0.217507 0.855058
vt 0.213671 0.854535
vt 0.217645 0.856244
vt 0.213308 0.867271
vt 0.218256 0.867733
vt 0.219174 0.882292
vt 0.221300 0.880594
vt 0.226386 0.896904
vt 0.227166 0.894667
vt 0.238669 0.915779
vt 0.241577 0.913645
vt 0.248616 0.934189
vt 0.254415 0.930745
vt 0.260953 0.950343
vt 0.268872 0.943973
vt 0.279169 0.962945
vt 0.286359 0.957100
vt 0.321510 0.970846
vt 0.295919 0.967977
vt 0.101438 0.257788
vt 0.109709 0.438058
vt 0.111074 0.435077
vt 0.077459 0.319904
vt 0.073209 0.314726
vt 0.120983 0.441624
vt 0.123163 0.444401
vt 0.119864 0.444296
vt 0.075772 0.307629
vt 0.081783 0.296768
vt 0.085986 0.289162
vt 0.080397 0.282276
vt 0.102672 0.262094
vt 0.103685 0.269526
vt 0.111134 0.268764
vt 0.070412 0.325152
vt 0.097479 0.258265
vt 0.082554 0.269616
vt 0.090336 0.268598
vt 0.097885 0.264362
vt 0.090578 0.279898
vt 0.091388 0.290324
vt 0.086463 0.296756
vt 0.091256 0.297059
vt 0.083793 0.306433
vt 0.091908 0.305383
vt 0.082679 0.315042
vt 0.092037 0.315190
vt 0.088220 0.318849
vt 0.083322 0.329120
vt 0.095122 0.332533
vt 0.081273 0.401938
vt 0.084752 0.406160
vt 0.078883 0.395172
vt 0.077705 0.380425
vt 0.088920 0.341303
vt 0.067030 0.341811
vt 0.125918 0.335228
vt 0.107061 0.339557
vt 0.117625 0.429468
vt 0.112430 0.427963
vt 0.109615 0.427733
vt 0.104361 0.431619
vt 0.088760 0.411828
vt 0.102471 0.425893
vt 0.096423 0.421252
vt 0.101195 0.417953
vt 0.108215 0.424190
vt 0.084761 0.384275
vt 0.086402 0.395154
vt 0.121760 0.384352
vt 0.117943 0.355983
vt 0.135813 0.354015
vt 0.134177 0.375108
vt 0.089208 0.361043
vt 0.106057 0.357598
vt 0.105771 0.374158
vt 0.093860 0.371138
vt 0.102425 0.381014
vt 0.100685 0.392149
vt 0.089985 0.399454
vt 0.090286 0.404077
vt 0.128083 0.429823
vt 0.123619 0.409928
vt 0.093572 0.408541
vt 0.122866 0.391876
vt 0.122564 0.401906
vt 0.119169 0.424670
vt 0.113675 0.423480
vt 0.102500 0.396670
vt 0.101164 0.402695
vt 0.109843 0.416707
vt 0.103545 0.410655
vt 0.109893 0.380824
vt 0.116423 0.375482
vt 0.107673 0.389572
vt 0.114150 0.386799
vt 0.107954 0.395095
vt 0.113163 0.393396
vt 0.108857 0.409213
vt 0.106942 0.402090
vt 0.112495 0.401317
vt 0.113905 0.411701
vt 0.389984 0.364249
vt 0.363557 0.340610
vt 0.369804 0.363545
vt 0.349270 0.343272
vt 0.360091 0.360871
vt 0.323583 0.361624
vt 0.299595 0.363881
vt 0.225454 0.709257
vt 0.211249 0.728341
vt 0.670854 0.983900
vt 0.661781 0.950019
vt 0.696370 0.978117
vt 0.682261 0.991094
vt 0.849247 0.528079
vt 0.821028 0.536872
vt 0.245115 0.703976
vt 0.274366 0.708172
vt 0.268839 0.724391
vt 0.241954 0.723347
vt 0.698761 0.949338
vt 0.723881 0.954362
vt 0.722277 0.971825
vt 0.808582 0.527503
vt 0.798026 0.521413
vt 0.834690 0.492267
vt 0.810479 0.496706
vt 0.827746 0.512476
vt 0.804243 0.515377
vt 0.797032 0.505319
vt 0.388839 0.342549
vt 0.238328 0.362269
vt 0.257883 0.360815
vt 0.283900 0.363849
vt 0.267276 0.361139
vt 0.241183 0.349524
vt 0.237654 0.331835
vt 0.260991 0.247588
vt 0.257512 0.250011
vt 0.255676 0.247651
vt 0.275016 0.254437
vt 0.274322 0.256326
vt 0.262152 0.251687
vt 0.262117 0.254678
vt 0.238020 0.255368
vt 0.236167 0.254742
vt 0.233633 0.252356
vt 0.212160 0.265250
vt 0.228694 0.263923
vt 0.255129 0.254599
vt 0.241452 0.263216
vt 0.254353 0.266123
vt 0.257024 0.254144
vt 0.259071 0.255857
vt 0.258031 0.271081
vt 0.259431 0.272865
vt 0.272529 0.275689
vt 0.135114 0.325405
vt 0.110686 0.304687
vt 0.101135 0.305208
vt 0.112843 0.292227
vt 0.099006 0.292700
vt 0.100088 0.277309
vt 0.112045 0.277932
vt 0.098343 0.317742
vt 0.126363 0.315098
vt 0.121686 0.325262
vt 0.206988 0.316803
vt 0.233325 0.316000
vt 0.208118 0.302855
vt 0.232988 0.301457
vt 0.208423 0.267361
vt 0.234517 0.265712
vt 0.256046 0.270644
vt 0.190491 0.316486
vt 0.169419 0.316864
vt 0.145702 0.317704
vt 0.190339 0.302530
vt 0.169191 0.302658
vt 0.148247 0.301213
vt 0.164057 0.270448
vt 0.186405 0.268726
vt 0.145315 0.286020
vt 0.129492 0.294675
vt 0.123828 0.274599
vt 0.143311 0.275008
vt 0.153121 0.292686
vt 0.169129 0.291694
vt 0.166123 0.281752
vt 0.189976 0.290705
vt 0.188215 0.279728
vt 0.206886 0.290804
vt 0.210721 0.278320
vt 0.234394 0.288356
vt 0.234271 0.277246
vt 0.281667 0.247986
vt 0.282748 0.252475
vt 0.282689 0.254857
vt 0.289369 0.265495
vt 0.281950 0.264400
vt 0.297986 0.247323
vt 0.295082 0.249767
vt 0.292286 0.247259
vt 0.290804 0.254553
vt 0.291466 0.252920
vt 0.311504 0.250243
vt 0.298133 0.249945
vt 0.310534 0.252928
vt 0.298269 0.252718
vt 0.293776 0.254702
vt 0.294619 0.254658
vt 0.296101 0.255403
vt 0.297623 0.260447
vt 0.309669 0.261429
vt 0.318799 0.255455
vt 0.315581 0.254777
vt 0.312863 0.255497
vt 0.277150 0.255466
vt 0.275661 0.254442
vt 0.275271 0.256859
vt 0.272975 0.276621
vt 0.259964 0.273932
vt 0.276629 0.276024
vt 0.290022 0.277500
vt 0.292919 0.268137
vt 0.294797 0.265745
vt 0.294555 0.277256
vt 0.296125 0.283256
vt 0.313317 0.280910
vt 0.348422 0.264149
vt 0.337217 0.260016
vt 0.319288 0.284700
vt 0.332675 0.282906
vt 0.339613 0.260092
vt 0.341919 0.260286
vt 0.337808 0.280669
vt 0.315282 0.285920
vt 0.334890 0.282868
vt 0.609294 0.893929
vt 0.620429 0.880757
vt 0.636158 0.899372
vt 0.649129 0.909211
vt 0.632120 0.915933
vt 0.625080 0.907652
vt 0.368175 0.269526
vt 0.336959 0.288092
vt 0.349541 0.280056
vt 0.358766 0.262777
vt 0.359010 0.283004
vt 0.354726 0.275418
vt 0.356733 0.263223
vt 0.372685 0.284926
vt 0.375828 0.292343
vt 0.339169 0.293176
vt 0.346884 0.284808
vt 0.349355 0.290313
vt 0.344179 0.287291
vt 0.349934 0.297021
vt 0.362170 0.304413
vt 0.346246 0.308622
vt 0.343738 0.300399
vt 0.317166 0.290459
vt 0.319614 0.295241
vt 0.323447 0.301888
vt 0.292083 0.279908
vt 0.295494 0.287385
vt 0.302313 0.296996
vt 0.298569 0.291913
vt 0.761471 0.085798
vt 0.759165 0.083181
vt 0.020926 0.050075
vt 0.021800 0.046835
vt 0.032939 0.063925
vt 0.040181 0.056175
vt 0.063803 0.072844
vt 0.067243 0.064815
vt 0.074690 0.075779
vt 0.075995 0.073066
vt 0.084490 0.077012
vt 0.086276 0.073293
vt 0.094456 0.079240
vt 0.096230 0.075723
vt 0.104463 0.077572
vt 0.103106 0.080778
vt 0.111958 0.081098
vt 0.113172 0.077768
vt 0.121627 0.080762
vt 0.123077 0.077419
vt 0.132872 0.080682
vt 0.134463 0.077124
vt 0.145605 0.080956
vt 0.147518 0.077229
vt 0.159521 0.081652
vt 0.161811 0.077773
vt 0.175710 0.082951
vt 0.178040 0.079406
vt 0.193002 0.085332
vt 0.195851 0.081908
vt 0.198016 0.086188
vt 0.200517 0.082706
vt 0.205547 0.087739
vt 0.210669 0.084703
vt 0.212442 0.089200
vt 0.217038 0.085956
vt 0.234883 0.085575
vt 0.235452 0.085211
vt 0.233291 0.092772
vt 0.231487 0.091260
vt 0.248765 0.128592
vt 0.242724 0.121401
vt 0.223208 0.129302
vt 0.227600 0.132915
vt 0.208539 0.134164
vt 0.211616 0.137209
vt 0.196534 0.138087
vt 0.199541 0.141166
vt 0.186407 0.141656
vt 0.188813 0.145724
vt 0.166664 0.145171
vt 0.171708 0.149983
vt 0.151794 0.148739
vt 0.155824 0.153959
vt 0.136967 0.151496
vt 0.140316 0.156789
vt 0.122399 0.153326
vt 0.124933 0.158803
vt 0.108379 0.154051
vt 0.110126 0.159229
vt 0.095407 0.153668
vt 0.096603 0.158287
vt 0.085391 0.156570
vt 0.083324 0.154104
vt 0.048655 0.166922
vt 0.047423 0.154246
vt 0.061108 0.154906
vt 0.056454 0.168142
vt 0.817373 0.120339
vt 0.809947 0.114163
vt 0.827845 0.090928
vt 0.821993 0.082664
vt 0.844315 0.089515
vt 0.839349 0.085718
vt 0.847307 0.081200
vt 0.887208 0.079161
vt 0.885833 0.081975
vt 0.853749 0.085161
vt 0.676158 0.580484
vt 0.676548 0.581237
vt 0.676269 0.580666
vt 0.676815 0.581206
vt 0.684555 0.587604
vt 0.681806 0.590035
vt 0.689659 0.594821
vt 0.686295 0.596824
vt 0.693930 0.599911
vt 0.690623 0.601683
vt 0.697502 0.605997
vt 0.705359 0.601314
vt 0.699651 0.619349
vt 0.710830 0.617897
vt 0.711572 0.633353
vt 0.698966 0.633666
vt 0.697020 0.649214
vt 0.710768 0.649334
vt 0.709365 0.666727
vt 0.694031 0.666007
vt 0.690618 0.684500
vt 0.707188 0.685772
vt 0.687112 0.705826
vt 0.705220 0.707658
vt 0.683707 0.730298
vt 0.702931 0.731484
vt 0.680925 0.753616
vt 0.701057 0.754700
vt 0.679348 0.776250
vt 0.699582 0.777346
vt 0.678432 0.798628
vt 0.698445 0.799706
vt 0.678294 0.820768
vt 0.697634 0.821760
vt 0.679124 0.840920
vt 0.697318 0.842369
vt 0.680594 0.857540
vt 0.697955 0.859386
vt 0.680031 0.874840
vt 0.697143 0.876968
vt 0.648985 0.930156
vt 0.658477 0.916228
vt 0.672966 0.931728
vt 0.384618 0.303820
vt 0.396443 0.316683
vt 0.367322 0.323372
vt 0.365408 0.316118
vt 0.350376 0.320203
vt 0.349697 0.330264
vt 0.324790 0.348042
vt 0.325636 0.309925
vt 0.304296 0.349310
vt 0.284453 0.349857
vt 0.258805 0.349593
vt 0.271487 0.349461
vt 0.257415 0.331350
vt 0.271200 0.331624
vt 0.305245 0.303055
vt 0.303212 0.310414
vt 0.263308 0.321842
vt 0.327131 0.319167
vt 0.326885 0.331916
vt 0.284316 0.332103
vt 0.306024 0.320091
vt 0.307767 0.332292
vt 0.285974 0.321257
vt 0.272897 0.321877
vt 0.256123 0.288212
vt 0.256072 0.277504
vt 0.259835 0.277634
vt 0.291037 0.279526
vt 0.274608 0.278324
vt 0.286800 0.287326
vt 0.251928 0.315011
vt 0.251031 0.300996
vt 0.287863 0.292293
vt 0.262634 0.311762
vt 0.261681 0.299901
vt 0.294571 0.303348
vt 0.291504 0.298078
vt 0.273810 0.310781
vt 0.272409 0.300761
vt 0.282680 0.299988
vt 0.287914 0.309064
vt 0.271323 0.292587
vt 0.260282 0.285668
vt 0.276876 0.285031
vt 0.279091 0.292138
vt 0.524061 0.823268
vt 0.482940 0.848339
vt 0.474852 0.842768
vt 0.498030 0.818153
vt 0.282554 0.867750
vt 0.283666 0.867986
vt 0.279774 0.872448
vt 0.279477 0.872217
vt 0.277582 0.869764
vt 0.279273 0.870652
vt 0.279061 0.872013
vt 0.278701 0.871949
vt 0.120985 0.917262
vt 0.118840 0.923922
vt 0.457081 0.467785
vt 0.458570 0.469764
vt 0.461535 0.473712
vt 0.464644 0.477250
vt 0.469798 0.480638
vt 0.473654 0.483429
vt 0.477457 0.485582
vt 0.482565 0.488338
vt 0.451662 0.458260
vt 0.453389 0.461956
vt 0.454344 0.463765
vt 0.456244 0.466679
vt 0.484642 0.489899
vt 0.461809 0.462439
vt 0.463972 0.465511
vt 0.466671 0.469041
vt 0.469588 0.472288
vt 0.473339 0.475612
vt 0.476610 0.478224
vt 0.479735 0.480420
vt 0.483071 0.482026
vt 0.454610 0.450207
vt 0.456707 0.454371
vt 0.458572 0.457213
vt 0.460290 0.460066
vt 0.489625 0.429947
vt 0.484985 0.482758
vt 0.490286 0.490248
vt 0.466723 0.459711
vt 0.468800 0.462964
vt 0.471205 0.466448
vt 0.473727 0.469800
vt 0.476517 0.473071
vt 0.479079 0.475979
vt 0.480954 0.478360
vt 0.458638 0.446924
vt 0.461127 0.451021
vt 0.463136 0.454284
vt 0.464959 0.457001
vt 0.472425 0.457449
vt 0.474154 0.460834
vt 0.476021 0.464337
vt 0.478054 0.467713
vt 0.480146 0.471175
vt 0.482040 0.474832
vt 0.483417 0.478668
vt 0.464257 0.442284
vt 0.467520 0.448007
vt 0.469468 0.451533
vt 0.471012 0.454511
vt 0.478541 0.456103
vt 0.479681 0.459502
vt 0.481025 0.462976
vt 0.482368 0.466420
vt 0.483606 0.469997
vt 0.484733 0.474021
vt 0.485555 0.478959
vt 0.475418 0.439833
vt 0.476288 0.446097
vt 0.476910 0.449720
vt 0.477681 0.452914
vt 0.320927 0.954727
vt 0.489635 0.419760
vt 0.489703 0.352613
vt 0.489676 0.379174
vt 0.489558 0.490393
vt 0.488830 0.490247
vt 0.483000 0.448632
vt 0.489601 0.447980
vt 0.482772 0.444624
vt 0.489605 0.443424
vt 0.455539 0.870194
vt 0.457854 0.870479
vt 0.456988 0.870291
vt 0.482261 0.438842
vt 0.489611 0.438083
vt 0.489615 0.433427
vt 0.114568 0.941472
vt 0.486809 0.473170
vt 0.489576 0.472305
vt 0.113944 0.968783
vt 0.113636 0.965897
vt 0.156908 0.860395
vt 0.155453 0.862795
vt 0.153393 0.866951
vt 0.155342 0.866953
vt 0.154552 0.874797
vt 0.157378 0.874763
vt 0.154704 0.887252
vt 0.158120 0.887779
vt 0.153315 0.895934
vt 0.157042 0.896390
vt 0.150222 0.908312
vt 0.153753 0.909601
vt 0.145431 0.918099
vt 0.149417 0.919298
vt 0.140120 0.925652
vt 0.143727 0.927652
vt 0.136104 0.933204
vt 0.138354 0.934772
vt 0.129549 0.943184
vt 0.130671 0.945050
vt 0.126850 0.949744
vt 0.126232 0.951560
vt 0.122918 0.950508
vt 0.122079 0.952269
vt 0.118625 0.950390
vt 0.117753 0.952233
vt 0.114423 0.951327
vt 0.114235 0.953070
vt 0.152452 0.860774
vt 0.146703 0.859970
vt 0.137489 0.859936
vt 0.124573 0.859576
vt 0.156764 0.851327
vt 0.155309 0.855843
vt 0.148567 0.848325
vt 0.147307 0.853813
vt 0.138910 0.845024
vt 0.137715 0.852415
vt 0.125282 0.841379
vt 0.124639 0.850176
vt 0.549653 0.654152
vt 0.556623 0.650865
vt 0.316049 0.882871
vt 0.315940 0.882912
vt 0.315892 0.882910
vt 0.525932 0.510101
vt 0.535230 0.510894
vt 0.531304 0.511923
vt 0.486407 0.469180
vt 0.489580 0.468913
vt 0.486075 0.465662
vt 0.489583 0.465293
vt 0.484809 0.352702
vt 0.480802 0.353033
vt 0.472165 0.354080
vt 0.485304 0.462238
vt 0.489587 0.461991
vt 0.494597 0.352712
vt 0.498604 0.353051
vt 0.507239 0.354115
vt 0.511647 0.355839
vt 0.514356 0.357722
vt 0.519621 0.359708
vt 0.518918 0.362143
vt 0.476191 0.511152
vt 0.519231 0.509698
vt 0.314724 0.875857
vt 0.315837 0.882257
vt 0.313199 0.880649
vt 0.315685 0.882525
vt 0.311903 0.884129
vt 0.315436 0.882894
vt 0.313536 0.886740
vt 0.315586 0.883323
vt 0.314625 0.887781
vt 0.315747 0.883475
vt 0.315467 0.888570
vt 0.315896 0.883295
vt 0.318616 0.887087
vt 0.316229 0.883167
vt 0.317827 0.879970
vt 0.319767 0.883941
vt 0.316455 0.883021
vt 0.316201 0.882299
vt 0.643967 0.889944
vt 0.653273 0.885931
vt 0.656426 0.902830
vt 0.664404 0.898749
vt 0.664324 0.909351
vt 0.673677 0.904669
vt 0.680420 0.920532
vt 0.689956 0.912556
vt 0.725904 0.931451
vt 0.701859 0.925778
vt 0.704913 0.916090
vt 0.519294 0.697696
vt 0.533944 0.684520
vt 0.537952 0.679678
vt 0.540589 0.674875
vt 0.544630 0.668285
vt 0.512207 0.700760
vt 0.514835 0.698919
vt 0.524103 0.694639
vt 0.526673 0.692291
vt 0.530776 0.687426
vt 0.509096 0.701839
vt 0.510260 0.701615
vt 0.544973 0.661889
vt 0.542282 0.626556
vt 0.531675 0.683291
vt 0.535834 0.678356
vt 0.538268 0.673949
vt 0.542149 0.667890
vt 0.521693 0.693738
vt 0.524197 0.691647
vt 0.528356 0.686909
vt 0.542430 0.662001
vt 0.541472 0.654449
vt 0.523797 0.678624
vt 0.525230 0.673943
vt 0.526406 0.669591
vt 0.528425 0.663537
vt 0.517727 0.688046
vt 0.519028 0.685667
vt 0.521702 0.681489
vt 0.526762 0.641610
vt 0.529924 0.658634
vt 0.534625 0.650083
vt 0.518111 0.677760
vt 0.518838 0.672851
vt 0.519182 0.668517
vt 0.521319 0.662611
vt 0.513729 0.686844
vt 0.514664 0.684966
vt 0.516078 0.680881
vt 0.521890 0.657470
vt 0.523506 0.647825
vt 0.515221 0.689687
vt 0.518624 0.695951
vt 0.513486 0.690524
vt 0.511782 0.691202
vt 0.511769 0.698584
vt 0.515031 0.697574
vt 0.509381 0.699785
vt 0.510302 0.699042
vt 0.509895 0.691619
vt 0.509194 0.691709
vt 0.766840 0.883812
vt 0.766842 0.916533
vt 0.747399 0.917452
vt 0.724083 0.918251
vt 0.718337 0.879372
vt 0.742247 0.881572
vt 0.478664 0.028649
vt 0.442840 0.177816
vt 0.458890 0.169251
vt 0.441137 0.025498
vt 0.452102 0.025244
vt 0.470159 0.126280
vt 0.460268 0.122154
vt 0.461317 0.140530
vt 0.334129 0.085457
vt 0.350277 0.084491
vt 0.363816 0.083643
vt 0.358241 0.042441
vt 0.363810 0.052627
vt 0.376228 0.083199
vt 0.378768 0.041736
vt 0.380411 0.053403
vt 0.387330 0.083065
vt 0.345472 0.042848
vt 0.349623 0.053170
vt 0.335779 0.055443
vt 0.335064 0.046985
vt 0.318723 0.052051
vt 0.308487 0.100359
vt 0.303355 0.056003
vt 0.265255 0.166768
vt 0.433823 0.200205
vt 0.436202 0.217220
vt 0.308669 0.208149
vt 0.308980 0.196903
vt 0.343619 0.163648
vt 0.326762 0.159043
vt 0.367592 0.133132
vt 0.318609 0.209570
vt 0.340405 0.191976
vt 0.352135 0.179087
vt 0.360200 0.166975
vt 0.373889 0.145164
vt 0.380563 0.135127
vt 0.360018 0.219105
vt 0.365333 0.196614
vt 0.371986 0.181545
vt 0.377395 0.168669
vt 0.387643 0.146808
vt 0.392591 0.136148
vt 0.325070 0.188110
vt 0.335304 0.175357
vt 0.319865 0.169943
vt 0.314909 0.181048
vt 0.270824 0.113170
vt 0.288691 0.124649
vt 0.269131 0.170444
vt 0.317326 0.044115
vt 0.316990 0.045158
vt 0.440023 0.025713
vt 0.412268 0.126145
vt 0.335527 0.035429
vt 0.335485 0.028499
vt 0.337838 0.027750
vt 0.340231 0.038233
vt 0.374650 0.120480
vt 0.374554 0.109230
vt 0.341708 0.024412
vt 0.344058 0.027750
vt 0.385678 0.121924
vt 0.385780 0.109849
vt 0.377160 0.020712
vt 0.377578 0.025167
vt 0.405414 0.124142
vt 0.396366 0.123029
vt 0.396252 0.110186
vt 0.279418 0.095904
vt 0.276377 0.099292
vt 0.285033 0.074831
vt 0.304110 0.047067
vt 0.304239 0.048418
vt 0.400876 0.147833
vt 0.404755 0.139016
vt 0.426251 0.150597
vt 0.413297 0.148009
vt 0.416145 0.139982
vt 0.441745 0.140629
vt 0.368124 0.667933
vt 0.379867 0.492874
vt 0.376834 0.507916
vt 0.372783 0.516223
vt 0.374836 0.529254
vt 0.367847 0.478511
vt 0.365203 0.503289
vt 0.364679 0.492331
vt 0.320433 0.526661
vt 0.300771 0.526832
vt 0.214842 0.564177
vt 0.282611 0.548126
vt 0.299042 0.547644
vt 0.322176 0.548818
vt 0.356748 0.547790
vt 0.380951 0.548652
vt 0.371949 0.546838
vt 0.354023 0.494036
vt 0.345906 0.487938
vt 0.339536 0.472830
vt 0.340299 0.469311
vt 0.334089 0.677104
vt 0.359147 0.481573
vt 0.349058 0.480475
vt 0.349878 0.473899
vt 0.360495 0.474143
vt 0.317754 0.680380
vt 0.319279 0.466243
vt 0.321855 0.471186
vt 0.319444 0.483874
vt 0.317839 0.474746
vt 0.313724 0.471177
vt 0.316292 0.468241
vt 0.317802 0.472211
vt 0.315593 0.674569
vt 0.313838 0.679359
vt 0.328803 0.663551
vt 0.321059 0.665164
vt 0.297084 0.468349
vt 0.296824 0.472274
vt 0.295690 0.484503
vt 0.294365 0.476898
vt 0.292033 0.473461
vt 0.291695 0.469204
vt 0.294662 0.472661
vt 0.279441 0.470990
vt 0.278510 0.475782
vt 0.273667 0.486435
vt 0.272521 0.478083
vt 0.269764 0.477834
vt 0.270303 0.473979
vt 0.272576 0.472831
vt 0.275560 0.677303
vt 0.273597 0.678706
vt 0.257677 0.475546
vt 0.258269 0.479671
vt 0.252865 0.476924
vt 0.255014 0.478113
vt 0.238659 0.680229
vt 0.237881 0.479187
vt 0.233749 0.483895
vt 0.233811 0.480021
vt 0.236235 0.481659
vt 0.236245 0.677652
vt 0.232737 0.679917
vt 0.342330 0.500486
vt 0.321110 0.497440
vt 0.275708 0.499420
vt 0.297867 0.497913
vt 0.323916 0.491653
vt 0.326342 0.482360
vt 0.336688 0.484197
vt 0.331781 0.492698
vt 0.304186 0.489911
vt 0.302266 0.482099
vt 0.312104 0.481808
vt 0.312490 0.489660
vt 0.281164 0.491329
vt 0.278483 0.484064
vt 0.288464 0.483144
vt 0.289236 0.490749
vt 0.268071 0.485688
vt 0.363366 0.520173
vt 0.347607 0.524042
vt 0.351636 0.508116
vt 0.207100 0.677810
vt 0.206715 0.672762
vt 0.209717 0.484283
vt 0.211778 0.481960
vt 0.211225 0.485603
vt 0.211634 0.493851
vt 0.210291 0.487928
vt 0.205234 0.674740
vt 0.205444 0.670497
vt 0.173234 0.524832
vt 0.175795 0.559816
vt 0.193125 0.562254
vt 0.175370 0.575522
vt 0.191916 0.576157
vt 0.192344 0.527519
vt 0.207766 0.485794
vt 0.207168 0.482450
vt 0.202390 0.678072
vt 0.260794 0.487061
vt 0.255073 0.482898
vt 0.255815 0.489862
vt 0.254184 0.480714
vt 0.237389 0.485396
vt 0.238530 0.482723
vt 0.236455 0.492195
vt 0.261982 0.493406
vt 0.268713 0.492662
vt 0.242141 0.489738
vt 0.250815 0.488638
vt 0.237672 0.530385
vt 0.211655 0.528710
vt 0.242476 0.496098
vt 0.249790 0.495172
vt 0.255980 0.500807
vt 0.235662 0.503424
vt 0.218376 0.491251
vt 0.229850 0.490814
vt 0.213107 0.504241
vt 0.219976 0.497529
vt 0.228358 0.497237
vt 0.187277 0.677070
vt 0.195390 0.483069
vt 0.195044 0.486522
vt 0.193142 0.494160
vt 0.194022 0.488139
vt 0.193170 0.486219
vt 0.192536 0.482583
vt 0.194109 0.484305
vt 0.185737 0.675087
vt 0.183990 0.677573
vt 0.185658 0.670292
vt 0.183123 0.672640
vt 0.202552 0.672739
vt 0.186735 0.672023
vt 0.200606 0.662588
vt 0.190653 0.662707
vt 0.198986 0.498276
vt 0.198086 0.492659
vt 0.205259 0.492399
vt 0.205784 0.498294
vt 0.166012 0.676452
vt 0.166374 0.671834
vt 0.178008 0.482031
vt 0.176862 0.484888
vt 0.174344 0.492115
vt 0.175697 0.486622
vt 0.175861 0.482873
vt 0.163718 0.674934
vt 0.163502 0.670300
vt 0.160291 0.677855
vt 0.173115 0.480392
vt 0.172811 0.483975
vt 0.141436 0.680461
vt 0.157072 0.476093
vt 0.137877 0.672201
vt 0.156883 0.480821
vt 0.157013 0.489705
vt 0.159000 0.479188
vt 0.160988 0.477716
vt 0.161202 0.482815
vt 0.157666 0.483680
vt 0.145182 0.679150
vt 0.143197 0.676668
vt 0.142668 0.670966
vt 0.155572 0.665623
vt 0.157658 0.672434
vt 0.148438 0.672786
vt 0.152003 0.665657
vt 0.127078 0.671008
vt 0.126951 0.677285
vt 0.144558 0.477327
vt 0.144576 0.482073
vt 0.140475 0.483277
vt 0.136282 0.479100
vt 0.140720 0.479404
vt 0.122934 0.674241
vt 0.122424 0.668227
vt 0.179027 0.490623
vt 0.187919 0.491817
vt 0.156991 0.499112
vt 0.174530 0.502075
vt 0.180298 0.496788
vt 0.187215 0.497584
vt 0.193319 0.503953
vt 0.162361 0.494378
vt 0.162111 0.488994
vt 0.169282 0.489912
vt 0.168650 0.495394
vt 0.152475 0.487777
vt 0.117816 0.674809
vt 0.117635 0.668644
vt 0.129650 0.482444
vt 0.257159 0.539451
vt 0.258063 0.550720
vt 0.213074 0.576689
vt 0.234175 0.539570
vt 0.256995 0.528283
vt 0.266033 0.550654
vt 0.266146 0.539982
vt 0.276600 0.527712
vt 0.319889 0.677598
vt 0.319212 0.674655
vt 0.333286 0.672597
vt 0.334101 0.675096
vt 0.749379 0.513204
vt 0.749414 0.495038
vt 0.737141 0.494186
vt 0.675572 0.126202
vt 0.749729 0.348716
vt 0.749871 0.286271
vt 0.750046 0.213290
vt 0.750092 0.175369
vt 0.687202 0.403133
vt 0.686213 0.349275
vt 0.686568 0.282245
vt 0.689271 0.213695
vt 0.694408 0.165239
vt 0.669538 0.168441
vt 0.681610 0.135234
vt 0.698062 0.145132
vt 0.696217 0.170906
vt 0.704131 0.143123
vt 0.707943 0.144855
vt 0.722354 0.129640
vt 0.750119 0.157917
vt 0.694207 0.179088
vt 0.712429 0.149453
vt 0.723549 0.135060
vt 0.750226 0.107218
vt 0.750081 0.192219
vt 0.750051 0.210604
vt 0.690647 0.192039
vt 0.689482 0.211941
vt 0.662850 0.194060
vt 0.676447 0.202902
vt 0.652150 0.210983
vt 0.674855 0.212185
vt 0.672818 0.222773
vt 0.689161 0.215233
vt 0.750040 0.216034
vt 0.749971 0.245551
vt 0.749876 0.284239
vt 0.687569 0.236389
vt 0.686632 0.280802
vt 0.657155 0.239383
vt 0.673900 0.273269
vt 0.645005 0.268406
vt 0.669364 0.279577
vt 0.652426 0.296786
vt 0.672589 0.290424
vt 0.686640 0.306796
vt 0.686530 0.283734
vt 0.749867 0.288179
vt 0.749819 0.308838
vt 0.749773 0.329185
vt 0.749735 0.346254
vt 0.685885 0.327815
vt 0.686897 0.346877
vt 0.650042 0.324686
vt 0.672261 0.338841
vt 0.643606 0.345053
vt 0.667856 0.349147
vt 0.673464 0.360929
vt 0.686966 0.351785
vt 0.749724 0.351164
vt 0.715445 0.216508
vt 0.732106 0.211917
vt 0.715074 0.218278
vt 0.732065 0.213701
vt 0.715300 0.220251
vt 0.732149 0.215647
vt 0.714486 0.238613
vt 0.731760 0.242872
vt 0.714691 0.286290
vt 0.731296 0.283002
vt 0.714506 0.288096
vt 0.731257 0.284964
vt 0.714634 0.289942
vt 0.731321 0.286853
vt 0.714551 0.308306
vt 0.731693 0.308660
vt 0.714531 0.328767
vt 0.732069 0.328781
vt 0.713824 0.350148
vt 0.732050 0.346819
vt 0.713618 0.352348
vt 0.732101 0.349174
vt 0.713831 0.354904
vt 0.732234 0.351664
vt 0.730487 0.405643
vt 0.711416 0.405980
vt 0.750137 0.149435
vt 0.750217 0.111153
vt 0.732141 0.141529
vt 0.740895 0.145430
vt 0.720923 0.156299
vt 0.736732 0.159340
vt 0.732786 0.192908
vt 0.716042 0.192128
vt 0.717742 0.175706
vt 0.734080 0.175885
vt 0.689641 0.425866
vt 0.689292 0.423944
vt 0.711258 0.430889
vt 0.711459 0.428792
vt 0.674028 0.413762
vt 0.714714 0.449103
vt 0.711637 0.432440
vt 0.749443 0.481135
vt 0.735176 0.481648
vt 0.749513 0.448092
vt 0.731799 0.448062
vt 0.749550 0.430989
vt 0.731108 0.428747
vt 0.749554 0.428612
vt 0.730638 0.427078
vt 0.749558 0.426905
vt 0.730717 0.425059
vt 0.749600 0.406702
vt 0.085261 0.877059
vt 0.111634 0.876552
vt 0.098242 0.877163
vt 0.098505 0.868974
vt 0.111634 0.868651
vt 0.385447 0.820599
vt 0.322250 0.796137
vt 0.322234 0.807506
vt 0.322266 0.783219
vt 0.391608 0.794993
vt 0.388020 0.807284
vt 0.085523 0.868934
vt 0.322272 0.766104
vt 0.111634 0.827739
vt 0.322234 0.856923
vt 0.322234 0.832891
vt 0.384736 0.835035
vt 0.364211 0.851142
vt 0.361519 0.851139
vt 0.355759 0.858680
vt 0.356745 0.858390
vt 0.366492 0.861518
vt 0.368015 0.861499
vt 0.359307 0.800440
vt 0.373510 0.804206
vt 0.361595 0.787372
vt 0.376212 0.790809
vt 0.364162 0.774011
vt 0.354558 0.840064
vt 0.354953 0.840205
vt 0.355421 0.839905
vt 0.354999 0.839152
vt 0.359173 0.863398
vt 0.358222 0.863920
vt 0.092950 0.917222
vt 0.089839 0.906801
vt 0.111634 0.906481
vt 0.100645 0.906492
vt 0.087609 0.895413
vt 0.085971 0.885952
vt 0.111634 0.885509
vt 0.111634 0.894564
vt 0.099524 0.894758
vt 0.098777 0.885402
vt 0.368852 0.861938
vt 0.354543 0.834692
vt 0.354891 0.838302
vt 0.352243 0.837619
vt 0.353767 0.839132
vt 0.352836 0.858765
vt 0.354783 0.858822
vt 0.357455 0.864425
vt 0.355170 0.864598
vt 0.322234 0.906995
vt 0.358043 0.870607
vt 0.364412 0.873718
vt 0.360092 0.868908
vt 0.366388 0.872667
vt 0.367249 0.874851
vt 0.363470 0.876169
vt 0.367939 0.871574
vt 0.367912 0.869653
vt 0.366299 0.868797
vt 0.367043 0.868790
vt 0.354603 0.851884
vt 0.355075 0.843680
vt 0.353630 0.852499
vt 0.353652 0.845054
vt 0.352907 0.852615
vt 0.352491 0.844436
vt 0.350603 0.851652
vt 0.350585 0.843547
vt 0.322234 0.840820
vt 0.322234 0.849466
vt 0.369039 0.872259
vt 0.369916 0.870985
vt 0.371174 0.862662
vt 0.424553 0.816750
vt 0.425609 0.809349
vt 0.400257 0.825602
vt 0.414407 0.832738
vt 0.322234 0.919071
vt 0.332441 0.919162
vt 0.385651 0.849153
vt 0.351774 0.824670
vt 0.322234 0.816893
vt 0.322234 0.825156
vt 0.345008 0.917616
vt 0.339886 0.857031
vt 0.338755 0.848711
vt 0.339890 0.841167
vt 0.342039 0.834809
vt 0.343818 0.827818
vt 0.346465 0.822298
vt 0.364742 0.850873
vt 0.365618 0.850292
vt 0.375311 0.847454
vt 0.084026 0.917552
vt 0.079798 0.907211
vt 0.076856 0.895357
vt 0.075578 0.886326
vt 0.075813 0.876197
vt 0.407840 0.800330
vt 0.413588 0.819365
vt 0.402231 0.812666
vt 0.076066 0.868010
vt 0.061797 0.866375
vt 0.064704 0.862596
vt 0.360400 0.840810
vt 0.356675 0.836614
vt 0.358780 0.843057
vt 0.356444 0.839709
vt 0.358426 0.843829
vt 0.357979 0.844211
vt 0.356161 0.840912
vt 0.356392 0.840740
vt 0.348494 0.817456
vt 0.356787 0.812004
vt 0.354615 0.818988
vt 0.369960 0.818301
vt 0.367866 0.832879
vt 0.358719 0.827808
vt 0.361584 0.821654
vt 0.348247 0.835710
vt 0.344730 0.834853
vt 0.352260 0.831648
vt 0.349203 0.828660
vt 0.357300 0.834135
vt 0.358104 0.832017
vt 0.363758 0.837148
vt 0.362199 0.839517
vt 0.370060 0.849400
vt 0.368117 0.849364
vt 0.373692 0.862682
vt 0.372616 0.871710
vt 0.368233 0.877627
vt 0.364574 0.879017
vt 0.360548 0.878613
vt 0.355426 0.872176
vt 0.347796 0.873807
vt 0.351006 0.866093
vt 0.344246 0.866320
vt 0.349237 0.858449
vt 0.342200 0.857582
vt 0.348705 0.842406
vt 0.348036 0.850209
vt 0.340004 0.848104
vt 0.341462 0.840765
vt 0.398579 0.863291
vt 0.375656 0.863165
vt 0.380488 0.860488
vt 0.385231 0.864682
vt 0.349058 0.882243
vt 0.357859 0.882094
vt 0.365167 0.884538
vt 0.363920 0.882735
vt 0.371335 0.882146
vt 0.369076 0.881401
vt 0.375129 0.873674
vt 0.376688 0.873305
vt 0.389388 0.867698
vt 0.389682 0.871604
vt 0.384031 0.876314
vt 0.399602 0.852300
vt 0.400000 0.837395
vt 0.416400 0.845767
vt 0.416738 0.839526
vt 0.413893 0.855050
vt 0.393842 0.876858
vt 0.411108 0.876542
vt 0.398940 0.876237
vt 0.399551 0.868825
vt 0.400219 0.863122
vt 0.413264 0.865933
vt 0.414068 0.856911
vt 0.389284 0.879434
vt 0.394925 0.907960
vt 0.388029 0.900726
vt 0.397409 0.884766
vt 0.406604 0.889386
vt 0.382705 0.922356
vt 0.368055 0.935275
vt 0.362699 0.923883
vt 0.376507 0.913388
vt 0.377050 0.888324
vt 0.381500 0.893624
vt 0.349908 0.771696
vt 0.335176 0.767994
vt 0.348029 0.785316
vt 0.335008 0.783609
vt 0.334174 0.796521
vt 0.345929 0.798374
vt 0.333881 0.808265
vt 0.344359 0.811018
vt 0.332252 0.817542
vt 0.341237 0.819684
vt 0.338852 0.827000
vt 0.331125 0.825749
vt 0.330332 0.833316
vt 0.337575 0.834086
vt 0.329745 0.840856
vt 0.336797 0.840867
vt 0.336593 0.848561
vt 0.329219 0.849042
vt 0.337555 0.857365
vt 0.329484 0.857022
vt 0.342270 0.905870
vt 0.331435 0.906872
vt 0.370858 0.903996
vt 0.358153 0.912479
vt 0.357469 0.883576
vt 0.354349 0.902321
vt 0.351672 0.893955
vt 0.358490 0.892196
vt 0.366054 0.894626
vt 0.347699 0.931030
vt 0.351612 0.946108
vt 0.342441 0.866962
vt 0.346232 0.874774
vt 0.348268 0.879953
vt 0.426113 0.801276
vt 0.064498 0.846964
vt 0.087498 0.813368
vt 0.111634 0.810457
vt 0.111634 0.818608
vt 0.420702 0.759218
vt 0.391999 0.752579
vt 0.370486 0.749400
vt 0.367276 0.761264
vt 0.352141 0.747911
vt 0.350414 0.759412
vt 0.322236 0.743539
vt 0.340368 0.746068
vt 0.335247 0.756747
vt 0.322253 0.755781
vt 0.058077 0.816280
vt 0.395223 0.783680
vt 0.379631 0.777600
vt 0.386771 0.764353
vt 0.418880 0.768099
vt 0.094113 0.830640
vt 0.085883 0.821725
vt 0.056186 0.826701
vt 0.407299 0.788810
vt 0.429336 0.793645
vt 0.426939 0.787136
vt 0.408927 0.782192
vt 0.401722 0.776050
vt 0.420894 0.775884
vt 0.060851 0.843019
vt 0.057277 0.835082
vt 0.080730 0.836937
vt 0.071898 0.843143
vt 0.068738 0.839378
vt 0.072786 0.832913
vt 0.017666 0.785764
vt 0.006187 0.773332
vt 0.024599 0.759216
vt 0.111634 0.781036
vt 0.766841 0.931852
vt 0.508022 0.510025
vt 0.786297 0.917459
vt 0.789175 0.932425
vt 0.496812 0.509698
vt 0.766798 0.803324
vt 0.766791 0.778491
vt 0.790619 0.779284
vt 0.791549 0.802107
vt 0.814220 0.800884
vt 0.812932 0.778428
vt 0.874969 0.797338
vt 0.873574 0.774574
vt 0.924390 0.804451
vt 0.766822 0.849431
vt 0.766807 0.826052
vt 0.791718 0.824655
vt 0.791991 0.846714
vt 0.815912 0.844496
vt 0.815152 0.823158
vt 0.872409 0.840403
vt 0.874427 0.820287
vt 0.891877 0.841705
vt 0.896283 0.821328
vt 0.918984 0.825706
vt 0.912026 0.844506
vt 0.766832 0.866727
vt 0.792159 0.863713
vt 0.791438 0.881550
vt 0.815365 0.879315
vt 0.815619 0.861695
vt 0.868375 0.873589
vt 0.869789 0.857193
vt 0.883374 0.872519
vt 0.887149 0.857782
vt 0.904184 0.860311
vt 0.897841 0.873486
vt 0.766784 0.684840
vt 0.766786 0.706843
vt 0.787731 0.685891
vt 0.788472 0.708433
vt 0.808762 0.708794
vt 0.807405 0.686713
vt 0.864018 0.703643
vt 0.858518 0.682981
vt 0.896273 0.679657
vt 0.766788 0.737259
vt 0.766789 0.758778
vt 0.789310 0.735094
vt 0.789984 0.757485
vt 0.811653 0.755938
vt 0.810235 0.732863
vt 0.872527 0.751926
vt 0.868179 0.729000
vt 0.913054 0.724713
vt 0.766793 0.565500
vt 0.872241 0.584821
vt 0.845389 0.566271
vt 0.787245 0.547756
vt 0.955079 0.799860
vt 0.920474 0.668211
vt 0.933270 0.712294
vt 0.594477 0.101566
vt 0.562349 0.362458
vt 0.551860 0.212709
vt 0.546587 0.272699
vt 0.949018 0.802142
vt 0.944476 0.803591
vt 0.932268 0.713368
vt 0.926143 0.721462
vt 0.919032 0.669905
vt 0.907619 0.678570
vt 0.869033 0.587669
vt 0.866897 0.604366
vt 0.841580 0.570018
vt 0.839117 0.582519
vt 0.786476 0.548479
vt 0.783739 0.559960
vt 0.774508 0.558479
vt 0.558341 0.278804
vt 0.570971 0.222469
vt 0.618846 0.464518
vt 0.631005 0.469056
vt 0.728819 0.030603
vt 0.766802 0.550585
vt 0.765028 0.549567
vt 0.749392 0.056649
vt 0.747859 0.059452
vt 0.490112 0.510101
vt 0.477046 0.511477
vt 0.899403 0.687556
vt 0.910454 0.685217
vt 0.924479 0.667856
vt 0.922441 0.669302
vt 0.546958 0.212167
vt 0.553575 0.185670
vt 0.583363 0.192806
vt 0.572633 0.214466
vt 0.553200 0.207991
vt 0.917442 0.648347
vt 0.919530 0.666817
vt 0.911605 0.651232
vt 0.917947 0.667216
vt 0.896507 0.656285
vt 0.904860 0.671876
vt 0.889722 0.688971
vt 0.874451 0.681107
vt 0.885724 0.680566
vt 0.886696 0.660491
vt 0.892640 0.671251
vt 0.883484 0.671803
vt 0.584782 0.233653
vt 0.567024 0.227773
vt 0.610697 0.199969
vt 0.613316 0.225610
vt 0.589152 0.225895
vt 0.587891 0.213784
vt 0.916023 0.733118
vt 0.938088 0.740401
vt 0.929026 0.725519
vt 0.939799 0.714187
vt 0.946681 0.733051
vt 0.941335 0.734512
vt 0.936786 0.716347
vt 0.547383 0.300294
vt 0.543104 0.278145
vt 0.544100 0.230820
vt 0.566185 0.243169
vt 0.560451 0.271118
vt 0.545715 0.270811
vt 0.933806 0.681270
vt 0.934134 0.711311
vt 0.926392 0.683137
vt 0.933425 0.711407
vt 0.914554 0.692036
vt 0.922560 0.715535
vt 0.904283 0.736958
vt 0.896477 0.749435
vt 0.886831 0.728020
vt 0.900592 0.727572
vt 0.901492 0.695661
vt 0.909476 0.716602
vt 0.898734 0.718245
vt 0.884377 0.699023
vt 0.577020 0.293451
vt 0.595120 0.313728
vt 0.555179 0.307231
vt 0.556698 0.288338
vt 0.599088 0.263053
vt 0.606230 0.289192
vt 0.580501 0.282901
vt 0.579757 0.272040
vt 0.933987 0.746987
vt 0.945258 0.745109
vt 0.945160 0.745171
vt 0.551242 0.311537
vt 0.566229 0.312193
vt 0.549235 0.312603
vt 0.561871 0.321439
vt 0.564239 0.330723
vt 0.545248 0.319585
vt 0.945747 0.746211
vt 0.952498 0.753640
vt 0.943859 0.747517
vt 0.950339 0.753596
vt 0.936067 0.754744
vt 0.935919 0.765708
vt 0.922067 0.764394
vt 0.923330 0.778860
vt 0.910930 0.780998
vt 0.899129 0.795162
vt 0.893557 0.772275
vt 0.908301 0.768979
vt 0.917845 0.744867
vt 0.920509 0.753828
vt 0.908194 0.757491
vt 0.584645 0.340916
vt 0.608815 0.363263
vt 0.575967 0.363602
vt 0.607785 0.337654
vt 0.583753 0.329190
vt 0.580959 0.314838
vt 0.566715 0.165321
vt 0.584282 0.170027
vt 0.583447 0.179748
vt 0.560946 0.165515
vt 0.901138 0.634454
vt 0.907089 0.634050
vt 0.899763 0.636694
vt 0.904459 0.637421
vt 0.888859 0.642363
vt 0.892829 0.648392
vt 0.883942 0.651758
vt 0.597352 0.181853
vt 0.627707 0.182822
vt 0.601266 0.172442
vt 0.876130 0.653857
vt 0.872356 0.611446
vt 0.883710 0.602347
vt 0.882404 0.602799
vt 0.581576 0.120221
vt 0.614491 0.118086
vt 0.588269 0.124902
vt 0.579704 0.126906
vt 0.881655 0.605338
vt 0.887209 0.602371
vt 0.881314 0.606004
vt 0.885961 0.604063
vt 0.874635 0.615353
vt 0.877525 0.619881
vt 0.870862 0.622779
vt 0.868217 0.617685
vt 0.862606 0.619611
vt 0.854344 0.611777
vt 0.860713 0.607789
vt 0.865457 0.612820
vt 0.860639 0.614739
vt 0.616088 0.084226
vt 0.640337 0.088661
vt 0.630292 0.097159
vt 0.610686 0.087114
vt 0.856603 0.581567
vt 0.861627 0.578577
vt 0.856632 0.581887
vt 0.861265 0.580232
vt 0.854477 0.592496
vt 0.859152 0.595959
vt 0.850652 0.598804
vt 0.856147 0.602590
vt 0.834560 0.590963
vt 0.843157 0.609544
vt 0.846265 0.603440
vt 0.852162 0.605880
vt 0.880402 0.644233
vt 0.872587 0.646060
vt 0.865018 0.625066
vt 0.766789 0.648338
vt 0.766788 0.665046
vt 0.786736 0.666431
vt 0.786283 0.648549
vt 0.806073 0.667103
vt 0.805474 0.649086
vt 0.863321 0.647540
vt 0.872625 0.663186
vt 0.853956 0.665050
vt 0.849379 0.648805
vt 0.766789 0.631807
vt 0.766786 0.615270
vt 0.786328 0.631649
vt 0.787189 0.615016
vt 0.805347 0.632617
vt 0.805558 0.616738
vt 0.855331 0.621129
vt 0.861890 0.632490
vt 0.846628 0.633848
vt 0.843565 0.620797
vt 0.886223 0.635785
vt 0.881180 0.626158
vt 0.898607 0.617645
vt 0.900841 0.633324
vt 0.899872 0.633537
vt 0.894375 0.619800
vt 0.563028 0.163393
vt 0.576310 0.134970
vt 0.873616 0.629189
vt 0.877325 0.636960
vt 0.870506 0.638575
vt 0.829405 0.566286
vt 0.831053 0.564020
vt 0.830599 0.565401
vt 0.821503 0.574753
vt 0.829078 0.577183
vt 0.816439 0.581938
vt 0.824987 0.585785
vt 0.828204 0.601303
vt 0.822228 0.592279
vt 0.641845 0.099539
vt 0.644280 0.109255
vt 0.621167 0.109147
vt 0.672445 0.045413
vt 0.683557 0.058016
vt 0.649730 0.054830
vt 0.828996 0.568648
vt 0.828374 0.564342
vt 0.792213 0.563326
vt 0.799235 0.552918
vt 0.798236 0.554074
vt 0.714965 0.035811
vt 0.812451 0.555486
vt 0.683239 0.040309
vt 0.712092 0.035863
vt 0.713986 0.039325
vt 0.799681 0.554790
vt 0.800530 0.553302
vt 0.799221 0.556286
vt 0.800435 0.554943
vt 0.794497 0.564203
vt 0.798010 0.565423
vt 0.799529 0.573660
vt 0.794154 0.571999
vt 0.789498 0.570180
vt 0.788699 0.576192
vt 0.776026 0.575885
vt 0.775784 0.566160
vt 0.783183 0.569061
vt 0.784217 0.577997
vt 0.766786 0.585215
vt 0.766788 0.575742
vt 0.776633 0.584683
vt 0.664150 0.491916
vt 0.646890 0.478666
vt 0.322277 0.708481
vt 0.788698 0.953734
vt 0.787837 0.969370
vt 0.766799 0.965743
vt 0.766824 0.952476
vt 0.322245 0.718374
vt 0.322234 0.724511
vt 0.334022 0.720412
vt 0.344480 0.710180
vt 0.352132 0.726401
vt 0.336530 0.727721
vt 0.660716 0.131353
vt 0.646091 0.464474
vt 0.635597 0.456751
vt 0.677800 0.067531
vt 0.651229 0.092898
vt 0.666788 0.098841
vt 0.746279 0.061396
vt 0.652766 0.366859
vt 0.686753 0.372097
vt 0.685348 0.388394
vt 0.712030 0.372727
vt 0.710536 0.388800
vt 0.731292 0.371148
vt 0.749679 0.371036
vt 0.749640 0.388529
vt 0.730544 0.388301
vt 0.077461 0.783824
vt 0.044120 0.779520
vt 0.721559 0.482797
vt 0.452336 0.882142
vt 0.457703 0.880237
vt 0.460468 0.878910
vt 0.464517 0.875261
vt 0.442590 0.313330
vt 0.322234 0.946224
vt 0.322234 0.931752
vt 0.331909 0.934082
vt 0.336248 0.949161
vt 0.323540 0.954727
vt 0.322415 0.950506
vt 0.091933 0.931961
vt 0.089233 0.924705
vt 0.098204 0.930757
vt 0.096662 0.924009
vt 0.111634 0.930461
vt 0.105343 0.930522
vt 0.666712 0.181778
vt 0.631765 0.168902
vt 0.668943 0.173193
vt 0.599881 0.157054
vt 0.586225 0.152563
vt 0.353891 0.670773
vt 0.352270 0.670145
vt 0.340687 0.670714
vt 0.343238 0.668998
vt 0.347478 0.671723
vt 0.348151 0.672760
vt 0.111634 0.794049
vt 0.111634 0.803078
vt 0.052694 0.795946
vt 0.080166 0.794981
vt 0.081039 0.804155
vt 0.055739 0.804866
vt 0.424857 0.750106
vt 0.425192 0.741978
vt 0.400857 0.742754
vt 0.401341 0.736341
vt 0.376707 0.735108
vt 0.376840 0.741447
vt 0.354148 0.735255
vt 0.354750 0.740182
vt 0.322230 0.732541
vt 0.336386 0.735356
vt 0.336431 0.738403
vt 0.322231 0.735249
vt 0.708723 0.076864
vt 0.706617 0.079935
vt 0.712400 0.059640
vt 0.717562 0.053467
vt 0.703370 0.051727
vt 0.711265 0.048716
vt 0.713039 0.048634
vt 0.266886 0.142833
vt 0.272112 0.141842
vt 0.286649 0.071249
vt 0.287878 0.072435
vt 0.293555 0.107397
vt 0.294131 0.107321
vt 0.290690 0.105186
vt 0.294279 0.104699
vt 0.294042 0.106472
vt 0.293870 0.106821
vt 0.288370 0.112511
vt 0.293093 0.112386
vt 0.302045 0.130079
vt 0.322234 0.884157
vt 0.322234 0.895418
vt 0.340109 0.884973
vt 0.322234 0.878633
vt 0.322234 0.874424
vt 0.340583 0.895744
vt 0.329612 0.896060
vt 0.328395 0.882820
vt 0.328475 0.882580
vt 0.328577 0.882574
vt 0.328657 0.882624
vt 0.328654 0.882751
vt 0.328639 0.882870
vt 0.747155 0.062754
vt 0.750317 0.063666
vt 0.727051 0.050552
vt 0.455360 0.321997
vt 0.456645 0.327031
vt 0.458853 0.325889
vt 0.457392 0.329094
vt 0.457234 0.328020
vt 0.464844 0.328293
vt 0.465010 0.327262
vt 0.111565 0.734291
vt 0.111634 0.742580
vt 0.078964 0.731262
vt 0.085629 0.725149
vt 0.731497 0.505666
vt 0.726456 0.508921
vt 0.715108 0.495178
vt 0.711653 0.499984
vt 0.705439 0.485541
vt 0.700514 0.488801
vt 0.682652 0.454997
vt 0.689720 0.427028
vt 0.685375 0.451372
vt 0.674623 0.426285
vt 0.679326 0.433745
vt 0.655059 0.388993
vt 0.661184 0.408312
vt 0.619667 0.389859
vt 0.665206 0.426812
vt 0.937601 0.890318
vt 0.617000 0.455606
vt 0.601198 0.460797
vt 0.920751 0.864839
vt 0.935045 0.826334
vt 0.926722 0.846162
vt 0.954957 0.829404
vt 0.945179 0.826141
vt 0.948749 0.852998
vt 0.944297 0.871413
vt 0.931200 0.867886
vt 0.936862 0.849013
vt 0.588511 0.391658
vt 0.571049 0.393147
vt 0.649560 0.425340
vt 0.596351 0.427692
vt 0.598873 0.433264
vt 0.591982 0.441439
vt 0.580064 0.423456
vt 0.608010 0.124888
vt 0.628710 0.138878
vt 0.603362 0.127916
vt 0.623743 0.145207
vt 0.608406 0.148380
vt 0.597071 0.137280
vt 0.325278 0.071575
vt 0.341400 0.069075
vt 0.338098 0.062736
vt 0.356265 0.068507
vt 0.352805 0.061058
vt 0.370254 0.068950
vt 0.367132 0.061086
vt 0.382656 0.069687
vt 0.381396 0.062555
vt 0.393084 0.070607
vt 0.400716 0.071782
vt 0.390463 0.090462
vt 0.393772 0.099222
vt 0.379512 0.090707
vt 0.383054 0.099189
vt 0.368154 0.090111
vt 0.371691 0.098358
vt 0.355368 0.090686
vt 0.360196 0.096035
vt 0.336623 0.092010
vt 0.319968 0.059013
vt 0.322174 0.065380
vt 0.311702 0.104971
vt 0.315592 0.110486
vt 0.294592 0.106803
vt 0.734088 0.069338
vt 0.742553 0.063448
vt 0.399895 0.242941
vt 0.413938 0.240966
vt 0.426815 0.239069
vt 0.501775 0.275630
vt 0.516343 0.279578
vt 0.405187 0.280573
vt 0.419687 0.276436
vt 0.432204 0.273356
vt 0.461164 0.327452
vt 0.488095 0.325094
vt 0.483200 0.316857
vt 0.494924 0.298188
vt 0.506204 0.304695
vt 0.434074 0.325430
vt 0.415854 0.305458
vt 0.439014 0.317229
vt 0.426945 0.298825
vt 0.437046 0.294172
vt 0.453873 0.870675
vt 0.458275 0.871093
vt 0.750249 0.096085
vt 0.750237 0.101727
vt 0.715239 0.126990
vt 0.396763 0.083387
vt 0.405759 0.082944
vt 0.414825 0.081717
vt 0.424803 0.079691
vt 0.750307 0.068331
vt 0.750288 0.077426
vt 0.744444 0.077122
vt 0.745603 0.068925
vt 0.714450 0.068515
vt 0.713658 0.065088
vt 0.725904 0.057417
vt 0.720058 0.063761
vt 0.394354 0.168270
vt 0.392888 0.181268
vt 0.412377 0.178100
vt 0.423804 0.218057
vt 0.390579 0.218558
vt 0.388656 0.195701
vt 0.417087 0.195178
vt 0.403967 0.023633
vt 0.431522 0.025723
vt 0.487456 0.052276
vt 0.394759 0.064273
vt 0.406035 0.068233
vt 0.713723 0.108990
vt 0.712939 0.098262
vt 0.453814 0.028809
vt 0.481224 0.033291
vt 0.745830 0.079089
vt 0.750280 0.081157
vt 0.434122 0.077451
vt 0.403123 0.028320
vt 0.398457 0.055858
vt 0.400931 0.042873
vt 0.433310 0.033910
vt 0.440370 0.034891
vt 0.417420 0.062107
vt 0.420511 0.048328
vt 0.440198 0.049610
vt 0.481810 0.070635
vt 0.447145 0.079832
vt 0.736615 0.088729
vt 0.750257 0.092370
vt 0.744686 0.081371
vt 0.750279 0.084303
vt 0.452972 0.040648
vt 0.483850 0.039347
vt 0.111634 0.751720
vt 0.111634 0.763200
vt 0.081741 0.751866
vt 0.082187 0.763274
vt 0.063832 0.752365
vt 0.053892 0.765769
vt 0.040560 0.750747
vt 0.053974 0.740845
vt 0.709377 0.514275
vt 0.399551 0.090925
vt 0.408181 0.090214
vt 0.402955 0.099231
vt 0.409912 0.097759
vt 0.417570 0.089182
vt 0.429226 0.087381
vt 0.406160 0.110587
vt 0.410771 0.103771
vt 0.418139 0.097426
vt 0.415809 0.103931
vt 0.459861 0.115298
vt 0.419269 0.111496
vt 0.429308 0.098775
vt 0.451419 0.099008
vt 0.474468 0.111923
vt 0.459516 0.097477
vt 0.490110 0.077854
vt 0.745925 0.055507
vt 0.741913 0.060111
vt 0.747041 0.048741
vt 0.739533 0.051641
vt 0.749853 0.022424
vt 0.750721 0.035641
vt 0.743696 0.041718
vt 0.737243 0.022956
vt 0.770202 0.540096
vt 0.769476 0.539479
vt 0.779780 0.541215
vt 0.779209 0.542223
vt 0.827010 0.565082
vt 0.811635 0.556830
vt 0.813202 0.571511
vt 0.818629 0.573659
vt 0.807783 0.577631
vt 0.814068 0.580746
vt 0.809613 0.588055
vt 0.801978 0.584377
vt 0.812525 0.589460
vt 0.809104 0.599366
vt 0.792319 0.579663
vt 0.798798 0.583682
vt 0.766785 0.601502
vt 0.766785 0.592669
vt 0.786763 0.590928
vt 0.791198 0.595810
vt 0.674590 0.046507
vt 0.675800 0.043146
vt 0.691102 0.056191
vt 0.692735 0.055597
vt 0.709960 0.066370
vt 0.707653 0.067171
vt 0.704861 0.062346
vt 0.706742 0.061671
vt 0.266542 0.147005
vt 0.285486 0.147700
vt 0.299781 0.119545
vt 0.304218 0.117738
vt 0.330254 0.125921
vt 0.361979 0.108869
vt 0.338845 0.116050
vt 0.329894 0.114640
vt 0.340193 0.108868
vt 0.331428 0.108756
vt 0.324663 0.101335
vt 0.339170 0.098294
vt 0.334025 0.121779
vt 0.342170 0.133205
vt 0.345888 0.139319
vt 0.361233 0.118877
vt 0.354653 0.130526
vt 0.345709 0.129239
vt 0.348068 0.125118
vt 0.323506 0.136547
vt 0.313981 0.133967
vt 0.317604 0.128465
vt 0.326817 0.131017
vt 0.359744 0.142478
vt 0.322773 0.095781
vt 0.317354 0.087716
vt 0.307242 0.074301
vt 0.302419 0.074643
vt 0.305114 0.068687
vt 0.301069 0.069535
vt 0.298142 0.063211
vt 0.302865 0.062836
vt 0.292547 0.185387
vt 0.280326 0.177316
vt 0.298517 0.171268
vt 0.287521 0.164374
vt 0.298755 0.150681
vt 0.307357 0.152358
vt 0.302644 0.163253
vt 0.292534 0.159156
vt 0.266570 0.161760
vt 0.266596 0.154818
vt 0.284545 0.155680
vt 0.283226 0.161471
vt 0.287498 0.064123
vt 0.288522 0.057894
vt 0.296424 0.055054
vt 0.288669 0.064166
vt 0.289483 0.057811
vt 0.292507 0.050429
vt 0.289164 0.053375
vt 0.288606 0.053273
vt 0.292291 0.050106
vt 0.322234 0.887285
vt 0.322234 0.889111
vt 0.109925 0.670579
vt 0.110524 0.665979
vt 0.437705 0.177726
vt 0.410351 0.166117
vt 0.420913 0.160697
vt 0.631839 0.122900
vt 0.673267 0.141332
vt 0.682279 0.151311
vt 0.661155 0.147334
vt 0.660801 0.134451
vt 0.293336 0.111373
vt 0.293581 0.109344
vt 0.315563 0.112404
vt 0.312733 0.112770
vt 0.307254 0.115838
vt 0.308009 0.125245
vt 0.322144 0.123930
vt 0.314495 0.122072
vt 0.326895 0.119112
vt 0.632380 0.413743
vt 0.598657 0.415187
vt 0.606979 0.425938
vt 0.635241 0.429594
vt 0.606862 0.429441
vt 0.636285 0.433892
vt 0.636349 0.446121
vt 0.610366 0.439035
vt 0.655760 0.464369
vt 0.180056 0.661161
vt 0.169248 0.660328
vt 0.140776 0.663136
vt 0.124108 0.663513
vt 0.118133 0.661216
vt 0.129895 0.485347
vt 0.136898 0.482966
vt 0.171489 0.596486
vt 0.191749 0.596687
vt 0.211974 0.597005
vt 0.135304 0.516737
vt 0.175095 0.549320
vt 0.173898 0.536424
vt 0.192495 0.550714
vt 0.192269 0.538433
vt 0.133361 0.539917
vt 0.134479 0.528723
vt 0.213433 0.552874
vt 0.212201 0.540359
vt 0.236199 0.552902
vt 0.119263 0.492780
vt 0.114470 0.493798
vt 0.145753 0.487485
vt 0.125581 0.491218
vt 0.130022 0.491837
vt 0.146573 0.492473
vt 0.151973 0.493266
vt 0.136804 0.496132
vt 0.136637 0.488925
vt 0.141622 0.487599
vt 0.137844 0.592948
vt 0.150524 0.595393
vt 0.153080 0.574862
vt 0.144146 0.574260
vt 0.152993 0.555826
vt 0.141796 0.553713
vt 0.152123 0.543432
vt 0.144982 0.541964
vt 0.152298 0.531878
vt 0.143612 0.530186
vt 0.142344 0.496164
vt 0.152868 0.520842
vt 0.143643 0.518567
vt 0.102191 0.941024
vt 0.098274 0.942369
vt 0.329409 0.864964
vt 0.328963 0.870094
vt 0.322234 0.869844
vt 0.322234 0.865806
vt 0.339758 0.876126
vt 0.334338 0.875561
vt 0.333412 0.870828
vt 0.336892 0.866830
vt 0.340243 0.883034
vt 0.334901 0.879382
vt 0.315662 0.116425
vt 0.316976 0.118064
vt 0.323641 0.113887
vt 0.320254 0.113265
vt 0.325193 0.108969
vt 0.321944 0.109483
vt 0.321186 0.102114
vt 0.316444 0.103542
vt 0.318053 0.097089
vt 0.313270 0.098724
vt 0.299661 0.091403
vt 0.311992 0.088630
vt 0.307083 0.089734
vt 0.286427 0.075901
vt 0.456283 0.872375
vt 0.457220 0.872372
vt 0.457984 0.872441
vt 0.650894 0.434604
vt 0.674270 0.443708
vt 0.649231 0.439623
vt 0.649222 0.437696
vt 0.694848 0.474142
vt 0.688480 0.464491
vt 0.699304 0.471410
vt 0.693216 0.461679
vt 0.716561 0.468072
vt 0.715509 0.457535
vt 0.749474 0.466365
vt 0.733295 0.466126
vt 0.732528 0.457038
vt 0.749494 0.456905
vt 0.666600 0.459164
vt 0.672127 0.448440
vt 0.678770 0.463236
vt 0.677717 0.478669
vt 0.426079 0.841491
vt 0.086435 0.956484
vt 0.081989 0.954832
vt 0.402742 0.913597
vt 0.416886 0.893948
vt 0.062601 0.912602
vt 0.051795 0.917111
vt 0.055911 0.889311
vt 0.057685 0.899745
vt 0.043642 0.904514
vt 0.040477 0.892923
vt 0.055596 0.876664
vt 0.040085 0.880037
vt 0.421077 0.822700
vt 0.092513 0.960846
vt 0.100876 0.964073
vt 0.100078 0.965353
vt 0.091182 0.962243
vt 0.424025 0.837294
vt 0.422515 0.830717
vt 0.061082 0.864421
vt 0.060025 0.870296
vt 0.041857 0.870186
vt 0.052236 0.860320
vt 0.422643 0.819602
vt 0.425666 0.818733
vt 0.426639 0.820010
vt 0.425351 0.855046
vt 0.426172 0.845658
vt 0.424930 0.857142
vt 0.422360 0.880047
vt 0.424877 0.867640
vt 0.357890 0.956910
vt 0.375403 0.943898
vt 0.389859 0.930685
vt 0.341640 0.957018
vt 0.065465 0.923567
vt 0.056751 0.927959
vt 0.065191 0.941056
vt 0.071546 0.934948
vt 0.077160 0.943177
vt 0.071056 0.946815
vt 0.107206 0.964140
vt 0.106861 0.965863
vt 0.424541 0.822549
vt 0.427007 0.821692
vt 0.424379 0.823820
vt 0.427549 0.823120
vt 0.424372 0.830564
vt 0.426097 0.827768
vt 0.425615 0.836916
vt 0.426677 0.832916
vt 0.426769 0.841437
vt 0.427682 0.835565
vt 0.426841 0.845654
vt 0.428296 0.839194
vt 0.426846 0.854855
vt 0.429965 0.847069
vt 0.426822 0.856244
vt 0.430797 0.854535
vt 0.425445 0.867881
vt 0.431160 0.867271
vt 0.422499 0.880036
vt 0.425293 0.882292
vt 0.417021 0.893972
vt 0.418081 0.896904
vt 0.402890 0.913645
vt 0.405798 0.915779
vt 0.390053 0.930745
vt 0.395851 0.934189
vt 0.375595 0.943973
vt 0.383514 0.950343
vt 0.358109 0.957100
vt 0.365298 0.962945
vt 0.325541 0.960843
vt 0.341607 0.957071
vt 0.348548 0.967977
vt 0.322957 0.970846
vt 0.101438 0.669766
vt 0.109709 0.489497
vt 0.111074 0.492477
vt 0.077459 0.607650
vt 0.073209 0.612828
vt 0.120983 0.485930
vt 0.119864 0.483258
vt 0.123163 0.483153
vt 0.123289 0.485400
vt 0.081783 0.630786
vt 0.075772 0.619925
vt 0.080397 0.645278
vt 0.085986 0.638392
vt 0.102672 0.665460
vt 0.103685 0.658028
vt 0.111134 0.658790
vt 0.070412 0.602402
vt 0.097479 0.669289
vt 0.082554 0.657938
vt 0.097885 0.663192
vt 0.090336 0.658956
vt 0.090578 0.647656
vt 0.091388 0.637230
vt 0.091256 0.630495
vt 0.086463 0.630798
vt 0.091908 0.622171
vt 0.083793 0.621121
vt 0.092037 0.612364
vt 0.082679 0.612512
vt 0.088220 0.608705
vt 0.083322 0.598434
vt 0.081273 0.525616
vt 0.084752 0.521394
vt 0.078883 0.532382
vt 0.077705 0.547129
vt 0.088920 0.586251
vt 0.067030 0.585743
vt 0.125918 0.592326
vt 0.107061 0.587997
vt 0.112430 0.499591
vt 0.117625 0.498086
vt 0.109615 0.499821
vt 0.104361 0.495935
vt 0.088760 0.515726
vt 0.102471 0.501661
vt 0.108215 0.503364
vt 0.096423 0.506302
vt 0.084761 0.543279
vt 0.086402 0.532400
vt 0.121760 0.543202
vt 0.117943 0.571571
vt 0.134177 0.552446
vt 0.135813 0.573539
vt 0.089208 0.566511
vt 0.093860 0.556417
vt 0.106057 0.569956
vt 0.105771 0.553397
vt 0.102425 0.546540
vt 0.100685 0.535405
vt 0.089985 0.528100
vt 0.090286 0.523477
vt 0.128083 0.497731
vt 0.123619 0.517626
vt 0.101195 0.509601
vt 0.093572 0.519013
vt 0.122866 0.535678
vt 0.122564 0.525648
vt 0.113675 0.504074
vt 0.119169 0.502884
vt 0.102500 0.530884
vt 0.101164 0.524859
vt 0.109843 0.510847
vt 0.103545 0.516899
vt 0.116423 0.552072
vt 0.109893 0.546730
vt 0.114150 0.540755
vt 0.107673 0.537982
vt 0.113163 0.534159
vt 0.107954 0.532459
vt 0.108857 0.518341
vt 0.113905 0.515853
vt 0.112495 0.526237
vt 0.106942 0.525464
vt 0.389984 0.563305
vt 0.369804 0.564009
vt 0.360091 0.566683
vt 0.349270 0.584282
vt 0.323583 0.565930
vt 0.299595 0.563673
vt 0.418209 0.708982
vt 0.432509 0.727785
vt 0.863238 0.984188
vt 0.851754 0.991443
vt 0.677628 0.536579
vt 0.649441 0.527657
vt 0.398673 0.703949
vt 0.401963 0.723114
vt 0.375322 0.724359
vt 0.369768 0.708324
vt 0.835113 0.949427
vt 0.837533 0.978385
vt 0.811452 0.972028
vt 0.809865 0.954472
vt 0.700697 0.521208
vt 0.690118 0.527260
vt 0.688343 0.496453
vt 0.701755 0.505121
vt 0.694505 0.515149
vt 0.671014 0.512152
vt 0.363557 0.586944
vt 0.388839 0.585005
vt 0.238328 0.565285
vt 0.257883 0.566739
vt 0.267276 0.566415
vt 0.283900 0.563705
vt 0.241183 0.578030
vt 0.237654 0.595719
vt 0.260991 0.679966
vt 0.257512 0.677543
vt 0.255676 0.679903
vt 0.275016 0.673117
vt 0.262152 0.675867
vt 0.262117 0.672876
vt 0.238020 0.672186
vt 0.236167 0.672812
vt 0.233633 0.675198
vt 0.212160 0.662304
vt 0.228694 0.663631
vt 0.255129 0.672955
vt 0.241452 0.664338
vt 0.254353 0.661431
vt 0.257024 0.673410
vt 0.259071 0.671697
vt 0.274322 0.671228
vt 0.258031 0.656473
vt 0.272529 0.651865
vt 0.259431 0.654689
vt 0.135114 0.602149
vt 0.101135 0.622346
vt 0.110686 0.622867
vt 0.112843 0.635327
vt 0.112045 0.649622
vt 0.100088 0.650245
vt 0.099006 0.634854
vt 0.098343 0.609812
vt 0.095122 0.595021
vt 0.121686 0.602292
vt 0.126363 0.612456
vt 0.206988 0.610751
vt 0.233325 0.611554
vt 0.208118 0.624699
vt 0.232988 0.626097
vt 0.208423 0.660193
vt 0.234517 0.661842
vt 0.256046 0.656910
vt 0.169419 0.610690
vt 0.190491 0.611068
vt 0.145702 0.609850
vt 0.169191 0.624896
vt 0.190339 0.625024
vt 0.148247 0.626341
vt 0.164057 0.657106
vt 0.186405 0.658828
vt 0.143311 0.652546
vt 0.123828 0.652955
vt 0.129492 0.632879
vt 0.145315 0.641534
vt 0.153121 0.634868
vt 0.166123 0.645802
vt 0.169129 0.635860
vt 0.188215 0.647826
vt 0.189976 0.636849
vt 0.210721 0.649234
vt 0.206886 0.636750
vt 0.234271 0.650308
vt 0.234394 0.639198
vt 0.281667 0.679568
vt 0.282748 0.675079
vt 0.282689 0.672697
vt 0.289369 0.662059
vt 0.281950 0.663154
vt 0.297986 0.680231
vt 0.295082 0.677787
vt 0.292286 0.680295
vt 0.291466 0.674634
vt 0.290804 0.673001
vt 0.311504 0.677311
vt 0.298133 0.677609
vt 0.310534 0.674627
vt 0.298269 0.674836
vt 0.293776 0.672852
vt 0.296101 0.672151
vt 0.294619 0.672896
vt 0.309669 0.666125
vt 0.297623 0.667107
vt 0.318799 0.672099
vt 0.315581 0.672777
vt 0.312863 0.672057
vt 0.277150 0.672088
vt 0.275661 0.673112
vt 0.275271 0.670695
vt 0.272975 0.650933
vt 0.259964 0.653622
vt 0.276629 0.651531
vt 0.290022 0.650054
vt 0.294797 0.661809
vt 0.292919 0.659418
vt 0.294555 0.650298
vt 0.296125 0.644298
vt 0.313317 0.646645
vt 0.348422 0.663405
vt 0.337217 0.667538
vt 0.332675 0.644648
vt 0.319288 0.642854
vt 0.339613 0.667462
vt 0.341919 0.667268
vt 0.337808 0.646885
vt 0.315282 0.641634
vt 0.334890 0.644686
vt 0.913211 0.880176
vt 0.924357 0.893093
vt 0.897775 0.898826
vt 0.908993 0.906857
vt 0.902057 0.915364
vt 0.884852 0.908842
vt 0.368175 0.658028
vt 0.339169 0.634378
vt 0.336959 0.639462
vt 0.349541 0.647498
vt 0.358766 0.664777
vt 0.356733 0.664331
vt 0.354726 0.652136
vt 0.372685 0.642628
vt 0.375828 0.635211
vt 0.349355 0.637241
vt 0.346884 0.642746
vt 0.344179 0.640263
vt 0.359010 0.644550
vt 0.349934 0.630533
vt 0.343738 0.627155
vt 0.346246 0.618932
vt 0.362170 0.623141
vt 0.319614 0.632313
vt 0.317166 0.637095
vt 0.323447 0.625666
vt 0.292083 0.647646
vt 0.295494 0.640169
vt 0.302313 0.630558
vt 0.298569 0.635641
vt 0.739070 0.085751
vt 0.741388 0.083144
vt 0.750272 0.087453
vt 0.750265 0.089771
vt 0.485708 0.045794
vt 0.486582 0.049035
vt 0.467327 0.055135
vt 0.474568 0.062885
vt 0.440264 0.063775
vt 0.443705 0.071804
vt 0.431513 0.072026
vt 0.432817 0.074738
vt 0.421232 0.072252
vt 0.423017 0.075972
vt 0.411278 0.074683
vt 0.413052 0.078200
vt 0.403044 0.076532
vt 0.404402 0.079738
vt 0.394336 0.076728
vt 0.395549 0.080058
vt 0.384431 0.076378
vt 0.385881 0.079722
vt 0.373044 0.076084
vt 0.374636 0.079641
vt 0.359989 0.076189
vt 0.361903 0.079916
vt 0.345697 0.076733
vt 0.347987 0.080612
vt 0.329468 0.078365
vt 0.331798 0.081911
vt 0.311657 0.080868
vt 0.314506 0.084292
vt 0.306991 0.081666
vt 0.309491 0.085148
vt 0.296839 0.083663
vt 0.301961 0.086699
vt 0.290470 0.084916
vt 0.295066 0.088160
vt 0.272624 0.084535
vt 0.276021 0.090219
vt 0.274217 0.091731
vt 0.272056 0.084171
vt 0.258743 0.127552
vt 0.264783 0.120361
vt 0.279908 0.131875
vt 0.284300 0.128262
vt 0.295892 0.136169
vt 0.298969 0.133124
vt 0.307967 0.140126
vt 0.310974 0.137047
vt 0.318695 0.144684
vt 0.321100 0.140616
vt 0.335800 0.148942
vt 0.340844 0.144131
vt 0.351684 0.152919
vt 0.355714 0.147698
vt 0.367192 0.155748
vt 0.370540 0.150456
vt 0.382575 0.157762
vt 0.385109 0.152285
vt 0.397382 0.158188
vt 0.399129 0.153010
vt 0.410905 0.157247
vt 0.412101 0.152628
vt 0.422116 0.155530
vt 0.424184 0.153063
vt 0.458853 0.165881
vt 0.451054 0.167102
vt 0.446399 0.153866
vt 0.460085 0.153206
vt 0.690475 0.113912
vt 0.683023 0.120057
vt 0.678562 0.082363
vt 0.672675 0.090602
vt 0.661193 0.085344
vt 0.656211 0.089121
vt 0.653254 0.080793
vt 0.646796 0.084727
vt 0.614725 0.081406
vt 0.613362 0.078587
vt 0.857424 0.580389
vt 0.857037 0.581143
vt 0.857315 0.580571
vt 0.856766 0.581115
vt 0.849013 0.587553
vt 0.851769 0.589984
vt 0.843906 0.594791
vt 0.847275 0.596793
vt 0.839634 0.599890
vt 0.842947 0.601661
vt 0.836068 0.605982
vt 0.822747 0.617887
vt 0.833929 0.619338
vt 0.822013 0.633347
vt 0.834620 0.633660
vt 0.822818 0.649331
vt 0.836567 0.649211
vt 0.824216 0.666725
vt 0.839550 0.666003
vt 0.826385 0.685770
vt 0.842957 0.684497
vt 0.828358 0.707658
vt 0.846471 0.705826
vt 0.830648 0.731486
vt 0.849877 0.730306
vt 0.832519 0.754700
vt 0.852648 0.753626
vt 0.833991 0.777331
vt 0.854212 0.776243
vt 0.835133 0.799668
vt 0.855130 0.798584
vt 0.835971 0.821694
vt 0.855300 0.820677
vt 0.836323 0.842276
vt 0.854507 0.840791
vt 0.835720 0.859281
vt 0.853078 0.857387
vt 0.836574 0.876858
vt 0.853695 0.874670
vt 0.885195 0.929942
vt 0.872351 0.950053
vt 0.861026 0.931665
vt 0.875519 0.915993
vt 0.396443 0.610871
vt 0.384618 0.623735
vt 0.367322 0.604182
vt 0.365408 0.611436
vt 0.349697 0.597290
vt 0.350376 0.607351
vt 0.324790 0.579512
vt 0.325636 0.617629
vt 0.304296 0.578244
vt 0.284453 0.577697
vt 0.258805 0.577962
vt 0.271487 0.578093
vt 0.257415 0.596204
vt 0.271200 0.595930
vt 0.303212 0.617140
vt 0.305245 0.624499
vt 0.263308 0.605712
vt 0.326885 0.595638
vt 0.327131 0.608387
vt 0.284316 0.595451
vt 0.307767 0.595262
vt 0.306024 0.607463
vt 0.285974 0.606297
vt 0.272897 0.605677
vt 0.256072 0.650050
vt 0.256123 0.639342
vt 0.259835 0.649921
vt 0.291037 0.648028
vt 0.274608 0.649230
vt 0.286800 0.640228
vt 0.251031 0.626558
vt 0.251928 0.612543
vt 0.287863 0.635261
vt 0.261681 0.627653
vt 0.262634 0.615793
vt 0.294571 0.624206
vt 0.291504 0.629476
vt 0.273810 0.616773
vt 0.287914 0.618490
vt 0.282680 0.627566
vt 0.272409 0.626793
vt 0.271323 0.634967
vt 0.279091 0.635416
vt 0.276876 0.642523
vt 0.260282 0.641886
vt 0.463167 0.325813
vt 0.361913 0.867750
vt 0.364991 0.872217
vt 0.364693 0.872448
vt 0.360801 0.867986
vt 0.366885 0.869764
vt 0.365766 0.871949
vt 0.365406 0.872013
vt 0.365194 0.870652
vt 0.111634 0.918043
vt 0.111634 0.924542
vt 0.104428 0.923922
vt 0.102283 0.917262
vt 0.522080 0.467851
vt 0.520588 0.469827
vt 0.517614 0.473769
vt 0.514499 0.477300
vt 0.509337 0.480678
vt 0.505476 0.483461
vt 0.501669 0.485607
vt 0.496555 0.488352
vt 0.527519 0.458336
vt 0.525784 0.462030
vt 0.524825 0.463836
vt 0.522920 0.466746
vt 0.484403 0.458731
vt 0.489590 0.458311
vt 0.494474 0.489909
vt 0.490802 0.488192
vt 0.483686 0.455335
vt 0.489594 0.455069
vt 0.489597 0.451662
vt 0.483358 0.452040
vt 0.517363 0.462495
vt 0.515194 0.465563
vt 0.512488 0.469088
vt 0.509565 0.472329
vt 0.505806 0.475645
vt 0.502530 0.478251
vt 0.499401 0.480440
vt 0.496062 0.482039
vt 0.524587 0.450278
vt 0.522481 0.454438
vt 0.520610 0.457276
vt 0.518887 0.460125
vt 0.489568 0.479961
vt 0.487678 0.479292
vt 0.494146 0.482768
vt 0.491538 0.483360
vt 0.489560 0.488288
vt 0.489565 0.483719
vt 0.487592 0.483357
vt 0.488319 0.488190
vt 0.512455 0.459757
vt 0.510371 0.463006
vt 0.507959 0.466486
vt 0.505430 0.469832
vt 0.502634 0.473098
vt 0.500066 0.476001
vt 0.498186 0.478377
vt 0.520566 0.446987
vt 0.518069 0.451079
vt 0.516053 0.454337
vt 0.514225 0.457051
vt 0.506758 0.457484
vt 0.505022 0.460865
vt 0.503148 0.464364
vt 0.501107 0.467736
vt 0.499009 0.471194
vt 0.497107 0.474847
vt 0.495722 0.478680
vt 0.514956 0.442335
vt 0.511681 0.448052
vt 0.509726 0.451574
vt 0.508177 0.454549
vt 0.500644 0.456125
vt 0.495501 0.455347
vt 0.499497 0.459522
vt 0.494777 0.458741
vt 0.498146 0.462993
vt 0.493868 0.462247
vt 0.496796 0.466435
vt 0.493091 0.465669
vt 0.495551 0.470009
vt 0.492752 0.469187
vt 0.494416 0.474031
vt 0.492341 0.473176
vt 0.491460 0.479296
vt 0.493584 0.478967
vt 0.503800 0.439862
vt 0.496959 0.438857
vt 0.502917 0.446124
vt 0.496436 0.444638
vt 0.502289 0.449746
vt 0.496200 0.448645
vt 0.495835 0.452053
vt 0.501510 0.452939
vt 0.322234 0.954297
vt 0.302860 0.957071
vt 0.302827 0.957018
vt 0.328606 0.882822
vt 0.328503 0.882641
vt 0.328606 0.882644
vt 0.328608 0.882745
vt 0.328565 0.882631
vt 0.328463 0.882774
vt 0.328560 0.882733
vt 0.315864 0.882841
vt 0.315872 0.882685
vt 0.315852 0.882749
vt 0.315908 0.882659
vt 0.315962 0.882673
vt 0.315898 0.882871
vt 0.316007 0.882849
vt 0.315939 0.882869
vt 0.315919 0.882753
vt 0.315996 0.882766
vt 0.521098 0.547047
vt 0.528303 0.545721
vt 0.537751 0.545456
vt 0.533763 0.545407
vt 0.485029 0.379344
vt 0.481209 0.379791
vt 0.472858 0.381130
vt 0.455463 0.871459
vt 0.455208 0.870799
vt 0.457770 0.871619
vt 0.456894 0.871628
vt 0.456771 0.870943
vt 0.457654 0.871032
vt 0.108700 0.941472
vt 0.111634 0.941042
vt 0.111634 0.970779
vt 0.109324 0.968783
vt 0.111634 0.967239
vt 0.109632 0.965897
vt 0.066360 0.860395
vt 0.067815 0.862795
vt 0.070815 0.860774
vt 0.067926 0.866953
vt 0.069875 0.866951
vt 0.068716 0.874798
vt 0.065890 0.874763
vt 0.065148 0.887779
vt 0.068563 0.887251
vt 0.066226 0.896390
vt 0.069953 0.895934
vt 0.069515 0.909601
vt 0.073046 0.908312
vt 0.073851 0.919298
vt 0.077837 0.918099
vt 0.083148 0.925652
vt 0.079541 0.927652
vt 0.084914 0.934772
vt 0.087164 0.933204
vt 0.092596 0.945051
vt 0.093718 0.943184
vt 0.097035 0.951560
vt 0.096419 0.949743
vt 0.101188 0.952269
vt 0.100350 0.950508
vt 0.105515 0.952233
vt 0.104643 0.950390
vt 0.111634 0.953275
vt 0.109033 0.953070
vt 0.108845 0.951326
vt 0.111634 0.951482
vt 0.076565 0.859970
vt 0.085779 0.859936
vt 0.111634 0.858206
vt 0.098695 0.859576
vt 0.067959 0.855843
vt 0.066504 0.851327
vt 0.074701 0.848325
vt 0.075961 0.853813
vt 0.085552 0.852415
vt 0.084357 0.845024
vt 0.111634 0.837142
vt 0.111634 0.848104
vt 0.098629 0.850176
vt 0.097986 0.841379
vt 0.466350 0.654160
vt 0.459368 0.650870
vt 0.328424 0.882882
vt 0.328472 0.882833
vt 0.328576 0.882846
vt 0.328590 0.882906
vt 0.328540 0.882911
vt 0.328545 0.882854
vt 0.468686 0.383249
vt 0.467754 0.355794
vt 0.466102 0.385315
vt 0.465041 0.357672
vt 0.461481 0.389791
vt 0.460470 0.362083
vt 0.459772 0.359647
vt 0.460976 0.387323
vt 0.542364 0.545831
vt 0.539852 0.511152
vt 0.538997 0.511477
vt 0.541573 0.546282
vt 0.508021 0.585230
vt 0.508022 0.547211
vt 0.494945 0.547047
vt 0.487740 0.545721
vt 0.492587 0.585246
vt 0.483445 0.585997
vt 0.494324 0.379354
vt 0.498143 0.379808
vt 0.506491 0.381164
vt 0.510659 0.383292
vt 0.513239 0.385362
vt 0.518361 0.387382
vt 0.517851 0.389848
vt 0.474470 0.546282
vt 0.473679 0.545831
vt 0.328630 0.882257
vt 0.329743 0.875857
vt 0.328782 0.882525
vt 0.331268 0.880649
vt 0.329031 0.882894
vt 0.332564 0.884129
vt 0.328882 0.883323
vt 0.330931 0.886740
vt 0.328721 0.883475
vt 0.329842 0.887781
vt 0.328492 0.883336
vt 0.329000 0.888570
vt 0.328238 0.883167
vt 0.325851 0.887087
vt 0.326640 0.879970
vt 0.328266 0.882299
vt 0.328012 0.883021
vt 0.324700 0.883941
vt 0.880521 0.885603
vt 0.889863 0.889522
vt 0.877468 0.902530
vt 0.869445 0.898509
vt 0.869593 0.909134
vt 0.860171 0.904501
vt 0.853485 0.920445
vt 0.843878 0.912476
vt 0.809654 0.918256
vt 0.828878 0.916065
vt 0.831963 0.925774
vt 0.807840 0.931484
vt 0.496828 0.697747
vt 0.482094 0.684575
vt 0.478075 0.679723
vt 0.475431 0.674914
vt 0.471380 0.668314
vt 0.503943 0.700741
vt 0.501307 0.698940
vt 0.491990 0.694704
vt 0.489404 0.692357
vt 0.485275 0.687488
vt 0.508045 0.701931
vt 0.506990 0.701806
vt 0.505855 0.701573
vt 0.471037 0.661908
vt 0.484369 0.683340
vt 0.480197 0.678399
vt 0.477756 0.673985
vt 0.473865 0.667918
vt 0.494403 0.693790
vt 0.491884 0.691704
vt 0.487702 0.686964
vt 0.473583 0.662020
vt 0.474542 0.654457
vt 0.492252 0.678655
vt 0.490812 0.673969
vt 0.489631 0.669612
vt 0.487606 0.663552
vt 0.498350 0.688076
vt 0.497041 0.685697
vt 0.494354 0.681520
vt 0.486103 0.658645
vt 0.481395 0.650085
vt 0.508024 0.677542
vt 0.497940 0.677779
vt 0.497206 0.672866
vt 0.508022 0.672548
vt 0.508022 0.668157
vt 0.496859 0.668530
vt 0.494718 0.662622
vt 0.508022 0.661934
vt 0.502344 0.686861
vt 0.508031 0.686767
vt 0.501403 0.684984
vt 0.508028 0.684868
vt 0.508025 0.680762
vt 0.499979 0.680898
vt 0.494144 0.657477
vt 0.508021 0.656386
vt 0.508022 0.646288
vt 0.492526 0.647825
vt 0.500866 0.689712
vt 0.497490 0.695993
vt 0.504364 0.698582
vt 0.504314 0.691220
vt 0.502606 0.690545
vt 0.501099 0.697596
vt 0.508049 0.700328
vt 0.506753 0.699767
vt 0.505830 0.699030
vt 0.506205 0.691636
vt 0.508033 0.688645
vt 0.506910 0.691728
vt 0.508038 0.691773
vt 0.508036 0.690632
vt 0.482281 0.545407
vt 0.484739 0.511923
vt 0.480813 0.510894
vt 0.478292 0.545456
vt 0.553229 0.599673
vt 0.440754 0.426762
vt 0.448912 0.455019
vt 0.453196 0.445972
vt 0.456357 0.441816
vt 0.462232 0.437291
vt 0.481719 0.433790
vt 0.475450 0.434696
vt 0.475719 0.588184
vt 0.470019 0.586818
vt 0.496608 0.419531
vt 0.551992 0.600014
vt 0.546713 0.599118
vt 0.541284 0.600996
vt 0.533840 0.597998
vt 0.524053 0.597341
vt 0.462806 0.599666
vt 0.538503 0.426861
vt 0.530275 0.455101
vt 0.526009 0.446046
vt 0.522857 0.441883
vt 0.516992 0.437347
vt 0.503779 0.434724
vt 0.503428 0.429437
vt 0.497219 0.429714
vt 0.497511 0.433806
vt 0.502347 0.419327
vt 0.514709 0.418623
vt 0.516635 0.428314
vt 0.474755 0.601003
vt 0.474755 0.601003
vt 0.469322 0.599120
vt 0.469322 0.599120
vt 0.464043 0.600008
vt 0.472732 0.652123
vt 0.472732 0.652123
vt 0.482205 0.598002
vt 0.482205 0.598002
vt 0.508021 0.597733
vt 0.508021 0.597733
vt 0.491993 0.597337
vt 0.491993 0.597337
vt 0.553229 0.599673
vt 0.552524 0.587552
vt 0.444976 0.417653
vt 0.440754 0.426762
vt 0.444487 0.421246
vt 0.440552 0.430497
vt 0.453276 0.418911
vt 0.449997 0.428508
vt 0.457926 0.418275
vt 0.455114 0.427977
vt 0.464564 0.418572
vt 0.462618 0.428259
vt 0.482032 0.429699
vt 0.482663 0.419517
vt 0.476925 0.419302
vt 0.475823 0.429409
vt 0.521347 0.418339
vt 0.524140 0.428047
vt 0.525997 0.418985
vt 0.529256 0.428589
vt 0.551992 0.600014
vt 0.551310 0.587991
vt 0.546024 0.586818
vt 0.546713 0.599118
vt 0.541284 0.600996
vt 0.540324 0.588183
vt 0.533840 0.597998
vt 0.532598 0.585996
vt 0.524053 0.597341
vt 0.523457 0.585247
vt 0.464043 0.600008
vt 0.464733 0.587990
vt 0.463519 0.587551
vt 0.462806 0.599666
vt 0.538503 0.426861
vt 0.534299 0.417744
vt 0.534781 0.421338
vt 0.538697 0.430597
vt 0.324786 0.956025
vt 0.322234 0.961650
vt 0.318927 0.960843
vt 0.319681 0.956025
vt 0.322234 0.958959
vt 0.451483 0.236617
vt 0.460914 0.236617
vt 0.470332 0.236711
vt 0.453262 0.270413
vt 0.460743 0.270214
vt 0.468207 0.270370
vt 0.454663 0.293340
vt 0.460957 0.293274
vt 0.467256 0.293246
vt 0.457593 0.314894
vt 0.461141 0.314871
vt 0.464752 0.314989
vt 0.458308 0.319995
vt 0.458597 0.324582
vt 0.461124 0.320129
vt 0.461411 0.324756
vt 0.463769 0.319976
vt 0.465769 0.320683
vt 0.463369 0.324358
vt 0.468024 0.315609
vt 0.471666 0.293390
vt 0.473524 0.270719
vt 0.479799 0.237137
vt 0.456020 0.320694
vt 0.452042 0.315426
vt 0.454431 0.315355
vt 0.442910 0.294021
vt 0.450214 0.293567
vt 0.438864 0.271947
vt 0.433124 0.237574
vt 0.441992 0.236949
vt 0.447857 0.270808
vt 0.493419 0.238399
vt 0.491887 0.237758
vt 0.489133 0.272696
vt 0.482198 0.271613
vt 0.484663 0.293625
vt 0.478675 0.293603
vt 0.479677 0.313031
vt 0.465578 0.326304
vt 0.466217 0.322047
vt 0.470523 0.315844
vt 0.215761 0.815534
vt 0.214563 0.812926
vt 0.415941 0.809738
vn 0.143670 0.218403 -0.965225
vn 0.143670 0.218403 -0.965225
vn 0.143670 0.218403 -0.965225
vn 0.143670 0.218403 -0.965225
vn 0.327141 -0.710624 0.622891
vn 0.327141 -0.710624 0.622891
vn 0.327141 -0.710624 0.622891
vn 0.327141 -0.710624 0.622891
vn 0.172372 -0.968546 0.179464
vn 0.172372 -0.968546 0.179464
vn 0.172372 -0.968546 0.179464
vn 0.172372 -0.968546 0.179464
vn -0.984524 0.121490 -0.126300
vn -0.984524 0.121490 -0.126300
vn -0.984524 0.121490 -0.126300
vn -0.984524 0.121490 -0.126300
vn -0.407308 0.900536 0.152101
vn -0.407308 0.900536 0.152101
vn -0.407308 0.900536 0.152101
vn -0.407308 0.900536 0.152101
vn 0.247481 0.205367 0.946878
vn 0.247481 0.205367 0.946878
vn 0.247481 0.205367 0.946878
vn 0.247481 0.205367 0.946878
vn -0.345757 0.875585 -0.337348
vn -0.345757 0.875585 -0.337348
vn -0.345757 0.875585 -0.337348
vn -0.345757 0.875585 -0.337348
vn -0.516388 -0.784353 -0.343705
vn -0.516388 -0.784353 -0.343705
vn -0.516388 -0.784353 -0.343705
vn -0.516388 -0.784353 -0.343705
vn -0.649138 0.756001 -0.084158
vn -0.649138 0.756001 -0.084158
vn -0.649138 0.756001 -0.084158
vn -0.649138 0.756001 -0.084158
vn -0.353513 0.935260 -0.017831
vn -0.353513 0.935260 -0.017831
vn -0.353513 0.935260 -0.017831
vn -0.353513 0.935260 -0.017831
vn 0.308253 -0.936277 0.168420
vn 0.308253 -0.936277 0.168420
vn 0.308253 -0.936277 0.168420
vn 0.308253 -0.936277 0.168420
vn 0.543681 -0.832887 -0.103497
vn 0.543681 -0.832887 -0.103497
vn 0.543681 -0.832887 -0.103497
vn 0.543681 -0.832887 -0.103497
vn 0.602736 -0.742955 -0.291079
vn 0.602736 -0.742955 -0.291079
vn 0.602736 -0.742955 -0.291079
vn 0.602736 -0.742955 -0.291079
vn 0.465656 -0.840072 -0.278288
vn 0.465656 -0.840072 -0.278288
vn 0.465656 -0.840072 -0.278288
vn 0.465656 -0.840072 -0.278288
vn 0.739491 -0.667435 -0.087661
vn 0.739491 -0.667435 -0.087661
vn 0.739491 -0.667435 -0.087661
vn 0.739491 -0.667435 -0.087661
vn 0.729375 -0.679791 -0.076788
vn 0.729375 -0.679791 -0.076788
vn 0.729375 -0.679791 -0.076788
vn 0.729375 -0.679791 -0.076788
vn 0.725411 -0.683219 -0.083609
vn 0.725411 -0.683219 -0.083609
vn 0.725411 -0.683219 -0.083609
vn 0.725411 -0.683219 -0.083609
vn 0.731820 -0.676108 -0.085539
vn 0.731820 -0.676108 -0.085539
vn 0.731820 -0.676108 -0.085539
vn 0.731820 -0.676108 -0.085539
vn 0.630111 -0.775118 -0.046396
vn 0.630111 -0.775118 -0.046396
vn 0.630111 -0.775118 -0.046396
vn 0.630111 -0.775118 -0.046396
vn 0.568607 -0.771059 -0.286624
vn 0.568607 -0.771059 -0.286624
vn 0.568607 -0.771059 -0.286624
vn 0.568607 -0.771059 -0.286624
vn 0.716443 -0.687868 -0.116392
vn 0.716443 -0.687868 -0.116392
vn 0.716443 -0.687868 -0.116392
vn 0.716443 -0.687868 -0.116392
vn 0.759668 -0.641131 -0.108887
vn 0.759668 -0.641131 -0.108887
vn 0.759668 -0.641131 -0.108887
vn 0.759668 -0.641131 -0.108887
vn 0.736810 -0.666117 -0.115753
vn 0.736810 -0.666117 -0.115753
vn 0.736810 -0.666117 -0.115753
vn 0.736810 -0.666117 -0.115753
vn 0.746682 -0.656935 -0.104417
vn 0.746682 -0.656935 -0.104417
vn 0.746682 -0.656935 -0.104417
vn 0.746682 -0.656935 -0.104417
vn 0.730215 -0.682419 -0.033023
vn 0.730215 -0.682419 -0.033023
vn 0.730215 -0.682419 -0.033023
vn 0.730215 -0.682419 -0.033023
vn 0.765923 -0.641531 -0.042420
vn 0.765923 -0.641531 -0.042420
vn 0.765923 -0.641531 -0.042420
vn 0.765923 -0.641531 -0.042420
vn 0.797086 -0.603808 0.008382
vn 0.797086 -0.603808 0.008382
vn 0.797086 -0.603808 0.008382
vn 0.797086 -0.603808 0.008382
vn 0.491308 -0.842807 -0.219755
vn 0.491308 -0.842807 -0.219755
vn 0.491308 -0.842807 -0.219755
vn 0.491308 -0.842807 -0.219755
vn 0.637761 -0.737124 -0.223402
vn 0.637761 -0.737124 -0.223402
vn 0.637761 -0.737124 -0.223402
vn 0.637761 -0.737124 -0.223402
vn 0.701880 -0.687148 -0.187595
vn 0.701880 -0.687148 -0.187595
vn 0.701880 -0.687148 -0.187595
vn 0.701880 -0.687148 -0.187595
vn 0.769381 -0.622681 -0.142550
vn 0.769381 -0.622681 -0.142550
vn 0.769381 -0.622681 -0.142550
vn 0.769381 -0.622681 -0.142550
vn 0.760046 -0.634820 -0.139043
vn 0.760046 -0.634820 -0.139043
vn 0.760046 -0.634820 -0.139043
vn 0.760046 -0.634820 -0.139043
vn 0.806855 -0.582952 -0.095671
vn 0.806855 -0.582952 -0.095671
vn 0.806855 -0.582952 -0.095671
vn 0.806855 -0.582952 -0.095671
vn 0.807251 -0.588073 -0.050155
vn 0.807251 -0.588073 -0.050155
vn 0.807251 -0.588073 -0.050155
vn 0.807251 -0.588073 -0.050155
vn 0.521893 -0.851265 -0.054550
vn 0.521893 -0.851265 -0.054550
vn 0.521893 -0.851265 -0.054550
vn 0.521893 -0.851265 -0.054550
vn 0.702751 -0.695624 -0.149159
vn 0.702751 -0.695624 -0.149159
vn 0.702751 -0.695624 -0.149159
vn 0.702751 -0.695624 -0.149159
vn 0.766266 -0.629181 -0.130261
vn 0.766266 -0.629181 -0.130261
vn 0.766266 -0.629181 -0.130261
vn 0.766266 -0.629181 -0.130261
vn 0.751437 -0.645569 -0.136319
vn 0.751437 -0.645569 -0.136319
vn 0.751437 -0.645569 -0.136319
vn 0.751437 -0.645569 -0.136319
vn 0.775731 -0.622212 -0.105328
vn 0.775731 -0.622212 -0.105328
vn 0.775731 -0.622212 -0.105328
vn 0.775731 -0.622212 -0.105328
vn 0.785719 -0.617524 -0.036186
vn 0.785719 -0.617524 -0.036186
vn 0.785719 -0.617524 -0.036186
vn 0.785719 -0.617524 -0.036186
vn 0.419166 -0.875023 -0.242146
vn 0.419166 -0.875023 -0.242146
vn 0.419166 -0.875023 -0.242146
vn 0.419166 -0.875023 -0.242146
vn 0.575784 -0.790450 -0.208953
vn 0.575784 -0.790450 -0.208953
vn 0.575784 -0.790450 -0.208953
vn 0.575784 -0.790450 -0.208953
vn 0.697081 -0.691978 -0.187738
vn 0.697081 -0.691978 -0.187738
vn 0.697081 -0.691978 -0.187738
vn 0.697081 -0.691978 -0.187738
vn 0.773972 -0.619913 -0.129130
vn 0.773972 -0.619913 -0.129130
vn 0.773972 -0.619913 -0.129130
vn 0.773972 -0.619913 -0.129130
vn 0.773877 -0.625768 -0.097616
vn 0.773877 -0.625768 -0.097616
vn 0.773877 -0.625768 -0.097616
vn 0.773877 -0.625768 -0.097616
vn 0.806823 -0.588562 -0.051302
vn 0.806823 -0.588562 -0.051302
vn 0.806823 -0.588562 -0.051302
vn 0.806823 -0.588562 -0.051302
vn 0.796293 -0.604426 -0.024227
vn 0.796293 -0.604426 -0.024227
vn 0.796293 -0.604426 -0.024227
vn 0.796293 -0.604426 -0.024227
vn 0.336053 -0.926449 -0.169587
vn 0.336053 -0.926449 -0.169587
vn 0.336053 -0.926449 -0.169587
vn 0.336053 -0.926449 -0.169587
vn 0.500304 -0.851647 -0.156180
vn 0.500304 -0.851647 -0.156180
vn 0.500304 -0.851647 -0.156180
vn 0.500304 -0.851647 -0.156180
vn 0.659562 -0.741203 -0.124883
vn 0.659562 -0.741203 -0.124883
vn 0.659562 -0.741203 -0.124883
vn 0.659562 -0.741203 -0.124883
vn 0.776670 -0.623222 -0.091534
vn 0.776670 -0.623222 -0.091534
vn 0.776670 -0.623222 -0.091534
vn 0.776670 -0.623222 -0.091534
vn 0.796148 -0.603076 -0.049483
vn 0.796148 -0.603076 -0.049483
vn 0.796148 -0.603076 -0.049483
vn 0.796148 -0.603076 -0.049483
vn 0.808563 -0.588135 -0.017978
vn 0.808563 -0.588135 -0.017978
vn 0.808563 -0.588135 -0.017978
vn 0.808563 -0.588135 -0.017978
vn 0.796334 -0.604009 -0.032022
vn 0.796334 -0.604009 -0.032022
vn 0.796334 -0.604009 -0.032022
vn 0.796334 -0.604009 -0.032022
vn 0.620529 -0.762220 -0.184297
vn 0.620529 -0.762220 -0.184297
vn 0.620529 -0.762220 -0.184297
vn 0.620529 -0.762220 -0.184297
vn 0.620341 -0.761977 -0.185925
vn 0.620341 -0.761977 -0.185925
vn 0.620341 -0.761977 -0.185925
vn 0.620341 -0.761977 -0.185925
vn 0.594147 -0.778660 -0.201687
vn 0.594147 -0.778660 -0.201687
vn 0.594147 -0.778660 -0.201687
vn 0.594147 -0.778660 -0.201687
vn 0.631240 -0.733216 -0.252847
vn 0.631240 -0.733216 -0.252847
vn 0.631240 -0.733216 -0.252847
vn 0.631240 -0.733216 -0.252847
vn 0.402243 -0.910590 0.095010
vn 0.402243 -0.910590 0.095010
vn 0.402243 -0.910590 0.095010
vn 0.402243 -0.910590 0.095010
vn 0.314368 -0.910399 -0.268973
vn 0.314368 -0.910399 -0.268973
vn 0.314368 -0.910399 -0.268973
vn 0.314368 -0.910399 -0.268973
vn 0.713260 -0.675266 -0.187820
vn 0.713260 -0.675266 -0.187820
vn 0.713260 -0.675266 -0.187820
vn 0.713260 -0.675266 -0.187820
vn 0.550952 -0.818268 -0.163980
vn 0.550952 -0.818268 -0.163980
vn 0.550952 -0.818268 -0.163980
vn 0.550952 -0.818268 -0.163980
vn -0.682918 0.651743 0.329931
vn -0.682918 0.651743 0.329931
vn -0.682918 0.651743 0.329931
vn -0.682918 0.651743 0.329931
vn -0.657146 0.669004 0.347265
vn -0.657146 0.669004 0.347265
vn -0.657146 0.669004 0.347265
vn -0.657146 0.669004 0.347265
vn -0.449069 0.616221 0.646999
vn -0.449069 0.616221 0.646999
vn -0.449069 0.616221 0.646999
vn -0.449069 0.616221 0.646999
vn -0.445684 0.509735 0.735891
vn -0.445684 0.509735 0.735891
vn -0.445684 0.509735 0.735891
vn -0.445684 0.509735 0.735891
vn -0.575175 0.745491 0.336773
vn -0.575175 0.745491 0.336773
vn -0.575175 0.745491 0.336773
vn -0.575175 0.745491 0.336773
vn -0.594535 0.740721 0.312828
vn -0.594535 0.740721 0.312828
vn -0.594535 0.740721 0.312828
vn -0.594535 0.740721 0.312828
vn -0.654215 0.714664 0.247505
vn -0.654215 0.714664 0.247505
vn -0.654215 0.714664 0.247505
vn -0.654215 0.714664 0.247505
vn -0.914513 0.404554 -0.001712
vn -0.914513 0.404554 -0.001712
vn -0.914513 0.404554 -0.001712
vn -0.914513 0.404554 -0.001712
vn -0.139722 0.833266 0.534925
vn -0.139722 0.833266 0.534925
vn -0.139722 0.833266 0.534925
vn -0.139722 0.833266 0.534925
vn -0.523826 0.814243 0.250229
vn -0.523826 0.814243 0.250229
vn -0.523826 0.814243 0.250229
vn -0.523826 0.814243 0.250229
vn -0.633262 0.750021 0.190912
vn -0.633262 0.750021 0.190912
vn -0.633262 0.750021 0.190912
vn -0.633262 0.750021 0.190912
vn -0.673582 0.723160 0.152731
vn -0.673582 0.723160 0.152731
vn -0.673582 0.723160 0.152731
vn -0.673582 0.723160 0.152731
vn -0.248905 0.923189 0.292862
vn -0.248905 0.923189 0.292862
vn -0.248905 0.923189 0.292862
vn -0.248905 0.923189 0.292862
vn -0.674734 0.733754 0.079620
vn -0.674734 0.733754 0.079620
vn -0.674734 0.733754 0.079620
vn -0.674734 0.733754 0.079620
vn -0.741374 0.606907 0.286405
vn -0.741374 0.606907 0.286405
vn -0.741374 0.606907 0.286405
vn -0.741374 0.606907 0.286405
vn -0.343500 0.905223 0.250158
vn -0.343500 0.905223 0.250158
vn -0.343500 0.905223 0.250158
vn -0.343500 0.905223 0.250158
vn -0.409000 0.869363 0.277356
vn -0.409000 0.869363 0.277356
vn -0.409000 0.869363 0.277356
vn -0.409000 0.869363 0.277356
vn -0.512584 0.828779 0.224461
vn -0.512584 0.828779 0.224461
vn -0.512584 0.828779 0.224461
vn -0.512584 0.828779 0.224461
vn -0.644867 0.745494 0.168479
vn -0.644867 0.745494 0.168479
vn -0.644867 0.745494 0.168479
vn -0.644867 0.745494 0.168479
vn -0.734559 0.666484 0.127368
vn -0.734559 0.666484 0.127368
vn -0.734559 0.666484 0.127368
vn -0.734559 0.666484 0.127368
vn -0.830060 0.551637 0.081841
vn -0.830060 0.551637 0.081841
vn -0.830060 0.551637 0.081841
vn -0.830060 0.551637 0.081841
vn -0.915714 0.397529 0.058640
vn -0.915714 0.397529 0.058640
vn -0.915714 0.397529 0.058640
vn -0.915714 0.397529 0.058640
vn -0.484946 0.633312 0.603111
vn -0.484946 0.633312 0.603111
vn -0.484946 0.633312 0.603111
vn -0.484946 0.633312 0.603111
vn -0.520050 0.822098 0.231738
vn -0.520050 0.822098 0.231738
vn -0.520050 0.822098 0.231738
vn -0.520050 0.822098 0.231738
vn -0.641007 0.748131 0.171491
vn -0.641007 0.748131 0.171491
vn -0.641007 0.748131 0.171491
vn -0.641007 0.748131 0.171491
vn -0.823096 0.566107 0.045116
vn -0.823096 0.566107 0.045116
vn -0.823096 0.566107 0.045116
vn -0.823096 0.566107 0.045116
vn -0.918417 0.395611 0.001632
vn -0.918417 0.395611 0.001632
vn -0.918417 0.395611 0.001632
vn -0.918417 0.395611 0.001632
vn -0.380359 0.877080 0.293357
vn -0.380359 0.877080 0.293357
vn -0.380359 0.877080 0.293357
vn -0.380359 0.877080 0.293357
vn -0.413707 0.875524 0.249608
vn -0.413707 0.875524 0.249608
vn -0.413707 0.875524 0.249608
vn -0.413707 0.875524 0.249608
vn -0.497496 0.841367 0.211186
vn -0.497496 0.841367 0.211186
vn -0.497496 0.841367 0.211186
vn -0.497496 0.841367 0.211186
vn -0.633638 0.756087 0.163814
vn -0.633638 0.756087 0.163814
vn -0.633638 0.756087 0.163814
vn -0.633638 0.756087 0.163814
vn -0.735176 0.666564 0.123323
vn -0.735176 0.666564 0.123323
vn -0.735176 0.666564 0.123323
vn -0.735176 0.666564 0.123323
vn -0.812576 0.575259 0.093788
vn -0.812576 0.575259 0.093788
vn -0.812576 0.575259 0.093788
vn -0.812576 0.575259 0.093788
vn -0.892942 0.443900 0.074879
vn -0.892942 0.443900 0.074879
vn -0.892942 0.443900 0.074879
vn -0.892942 0.443900 0.074879
vn -0.325764 0.929092 0.175119
vn -0.325764 0.929092 0.175119
vn -0.325764 0.929092 0.175119
vn -0.325764 0.929092 0.175119
vn -0.393603 0.898475 0.194472
vn -0.393603 0.898475 0.194472
vn -0.393603 0.898475 0.194472
vn -0.393603 0.898475 0.194472
vn -0.466841 0.864495 0.186298
vn -0.466841 0.864495 0.186298
vn -0.466841 0.864495 0.186298
vn -0.466841 0.864495 0.186298
vn -0.616070 0.772855 0.152160
vn -0.616070 0.772855 0.152160
vn -0.616070 0.772855 0.152160
vn -0.616070 0.772855 0.152160
vn -0.718003 0.685085 0.123007
vn -0.718003 0.685085 0.123007
vn -0.718003 0.685085 0.123007
vn -0.718003 0.685085 0.123007
vn -0.788104 0.606401 0.105690
vn -0.788104 0.606401 0.105690
vn -0.788104 0.606401 0.105690
vn -0.788104 0.606401 0.105690
vn -0.860915 0.490778 0.134024
vn -0.860915 0.490778 0.134024
vn -0.860915 0.490778 0.134024
vn -0.860915 0.490778 0.134024
vn -0.400256 0.868354 0.292842
vn -0.400256 0.868354 0.292842
vn -0.400256 0.868354 0.292842
vn -0.400256 0.868354 0.292842
vn -0.385484 0.858084 0.339255
vn -0.385484 0.858084 0.339255
vn -0.385484 0.858084 0.339255
vn -0.385484 0.858084 0.339255
vn -0.437241 0.834750 0.334683
vn -0.437241 0.834750 0.334683
vn -0.437241 0.834750 0.334683
vn -0.437241 0.834750 0.334683
vn -0.751547 0.506779 0.422318
vn -0.751547 0.506779 0.422318
vn -0.751547 0.506779 0.422318
vn -0.751547 0.506779 0.422318
vn -0.662426 0.573446 0.482028
vn -0.662426 0.573446 0.482028
vn -0.662426 0.573446 0.482028
vn -0.662426 0.573446 0.482028
vn -0.047576 0.881697 0.469411
vn -0.047576 0.881697 0.469411
vn -0.047576 0.881697 0.469411
vn -0.047576 0.881697 0.469411
vn -0.035599 0.897751 0.439062
vn -0.035599 0.897751 0.439062
vn -0.035599 0.897751 0.439062
vn -0.035599 0.897751 0.439062
vn -0.494706 -0.868554 -0.029648
vn -0.494706 -0.868554 -0.029648
vn -0.494706 -0.868554 -0.029648
vn -0.494706 -0.868554 -0.029648
vn 0.507890 -0.737094 0.445803
vn 0.507890 -0.737094 0.445803
vn 0.507890 -0.737094 0.445803
vn 0.507890 -0.737094 0.445803
vn 0.306344 -0.819880 0.483684
vn 0.306344 -0.819880 0.483684
vn 0.306344 -0.819880 0.483684
vn 0.306344 -0.819880 0.483684
vn 0.939925 -0.059603 0.336137
vn 0.939925 -0.059603 0.336137
vn 0.939925 -0.059603 0.336137
vn 0.939925 -0.059603 0.336137
vn 0.890708 0.122643 0.437718
vn 0.890708 0.122643 0.437718
vn 0.890708 0.122643 0.437718
vn 0.890708 0.122643 0.437718
vn 0.800634 0.308407 0.513684
vn 0.800634 0.308407 0.513684
vn 0.800634 0.308407 0.513684
vn 0.800634 0.308407 0.513684
vn -0.505353 -0.741345 -0.441618
vn -0.505353 -0.741345 -0.441618
vn -0.505353 -0.741345 -0.441618
vn -0.505353 -0.741345 -0.441618
vn 0.387698 0.870794 0.302339
vn 0.387698 0.870794 0.302339
vn 0.387698 0.870794 0.302339
vn 0.387698 0.870794 0.302339
vn -0.546327 -0.777067 -0.312559
vn -0.546327 -0.777067 -0.312559
vn -0.546327 -0.777067 -0.312559
vn -0.546327 -0.777067 -0.312559
vn -0.160814 -0.879461 0.447982
vn -0.160814 -0.879461 0.447982
vn -0.160814 -0.879461 0.447982
vn -0.160814 -0.879461 0.447982
vn -0.523293 -0.783400 -0.335334
vn -0.523293 -0.783400 -0.335334
vn -0.523293 -0.783400 -0.335334
vn -0.523293 -0.783400 -0.335334
vn 0.626733 0.629734 0.458956
vn 0.626733 0.629734 0.458956
vn 0.626733 0.629734 0.458956
vn 0.626733 0.629734 0.458956
vn -0.557211 -0.772425 -0.304756
vn -0.557211 -0.772425 -0.304756
vn -0.557211 -0.772425 -0.304756
vn -0.557211 -0.772425 -0.304756
vn 0.838837 0.502317 0.209833
vn 0.838837 0.502317 0.209833
vn 0.838837 0.502317 0.209833
vn 0.838837 0.502317 0.209833
vn -0.561669 -0.770649 -0.301045
vn -0.561669 -0.770649 -0.301045
vn -0.561669 -0.770649 -0.301045
vn -0.561669 -0.770649 -0.301045
vn -0.404996 -0.905169 0.129024
vn -0.404996 -0.905169 0.129024
vn -0.404996 -0.905169 0.129024
vn -0.404996 -0.905169 0.129024
vn 0.542062 -0.158503 0.825255
vn 0.542062 -0.158503 0.825255
vn 0.542062 -0.158503 0.825255
vn 0.542062 -0.158503 0.825255
vn -0.221583 -0.972370 -0.073475
vn -0.221583 -0.972370 -0.073475
vn -0.221583 -0.972370 -0.073475
vn -0.221583 -0.972370 -0.073475
vn 0.364579 -0.710163 0.602288
vn 0.364579 -0.710163 0.602288
vn 0.364579 -0.710163 0.602288
vn 0.364579 -0.710163 0.602288
vn 0.855879 -0.415858 0.307462
vn 0.855879 -0.415858 0.307462
vn 0.855879 -0.415858 0.307462
vn 0.855879 -0.415858 0.307462
vn 0.925258 0.163575 0.342260
vn 0.925258 0.163575 0.342260
vn 0.925258 0.163575 0.342260
vn 0.925258 0.163575 0.342260
vn -0.422044 0.905206 0.049814
vn -0.422044 0.905206 0.049814
vn -0.422044 0.905206 0.049814
vn -0.422044 0.905206 0.049814
vn -0.727041 0.679796 0.096380
vn -0.727041 0.679796 0.096380
vn -0.727041 0.679796 0.096380
vn -0.727041 0.679796 0.096380
vn -0.623601 0.766300 0.154617
vn -0.623601 0.766300 0.154617
vn -0.623601 0.766300 0.154617
vn -0.623601 0.766300 0.154617
vn -0.582120 0.810905 0.059752
vn -0.582120 0.810905 0.059752
vn -0.582120 0.810905 0.059752
vn -0.582120 0.810905 0.059752
vn -0.648088 0.760834 -0.033353
vn -0.648088 0.760834 -0.033353
vn -0.648088 0.760834 -0.033353
vn -0.648088 0.760834 -0.033353
vn -0.583131 0.808708 0.077136
vn -0.583131 0.808708 0.077136
vn -0.583131 0.808708 0.077136
vn -0.583131 0.808708 0.077136
vn 0.644111 -0.741791 0.186726
vn 0.644111 -0.741791 0.186726
vn 0.644111 -0.741791 0.186726
vn 0.644111 -0.741791 0.186726
vn 0.449815 -0.874604 0.180928
vn 0.449815 -0.874604 0.180928
vn 0.449815 -0.874604 0.180928
vn 0.449815 -0.874604 0.180928
vn 0.421935 0.395575 0.815776
vn 0.421935 0.395575 0.815776
vn 0.421935 0.395575 0.815776
vn 0.421935 0.395575 0.815776
vn 0.529277 0.535667 0.657971
vn 0.529277 0.535667 0.657971
vn 0.529277 0.535667 0.657971
vn 0.529277 0.535667 0.657971
vn 0.661124 -0.103542 0.743098
vn 0.661124 -0.103542 0.743098
vn 0.661124 -0.103542 0.743098
vn 0.661124 -0.103542 0.743098
vn 0.683988 -0.298543 0.665607
vn 0.683988 -0.298543 0.665607
vn 0.683988 -0.298543 0.665607
vn 0.683988 -0.298543 0.665607
vn 0.715325 -0.499556 0.488625
vn 0.715325 -0.499556 0.488625
vn 0.715325 -0.499556 0.488625
vn 0.715325 -0.499556 0.488625
vn -0.534151 0.840234 -0.093215
vn -0.534151 0.840234 -0.093215
vn -0.534151 0.840234 -0.093215
vn -0.534151 0.840234 -0.093215
vn 0.289893 0.348150 0.891489
vn 0.289893 0.348150 0.891489
vn 0.289893 0.348150 0.891489
vn 0.289893 0.348150 0.891489
vn 0.368768 -0.574689 0.730577
vn 0.368768 -0.574689 0.730577
vn 0.368768 -0.574689 0.730577
vn 0.368768 -0.574689 0.730577
vn 0.220750 -0.651982 0.725389
vn 0.220750 -0.651982 0.725389
vn 0.220750 -0.651982 0.725389
vn 0.220750 -0.651982 0.725389
vn 0.769162 -0.384125 0.510723
vn 0.769162 -0.384125 0.510723
vn 0.769162 -0.384125 0.510723
vn 0.769162 -0.384125 0.510723
vn -0.784542 0.473127 0.400804
vn -0.784542 0.473127 0.400804
vn -0.784542 0.473127 0.400804
vn -0.784542 0.473127 0.400804
vn 0.412392 -0.089263 0.906623
vn 0.412392 -0.089263 0.906623
vn 0.412392 -0.089263 0.906623
vn 0.412392 -0.089263 0.906623
vn 0.490741 -0.404417 0.771764
vn 0.490741 -0.404417 0.771764
vn 0.490741 -0.404417 0.771764
vn 0.490741 -0.404417 0.771764
vn 0.498523 -0.141263 0.855289
vn 0.498523 -0.141263 0.855289
vn 0.498523 -0.141263 0.855289
vn 0.498523 -0.141263 0.855289
vn 0.707078 -0.511722 0.488038
vn 0.707078 -0.511722 0.488038
vn 0.707078 -0.511722 0.488038
vn 0.707078 -0.511722 0.488038
vn -0.949323 0.294900 0.108718
vn -0.949323 0.294900 0.108718
vn -0.949323 0.294900 0.108718
vn -0.949323 0.294900 0.108718
vn 0.377139 -0.054678 0.924541
vn 0.377139 -0.054678 0.924541
vn 0.377139 -0.054678 0.924541
vn 0.377139 -0.054678 0.924541
vn 0.691079 -0.158767 0.705126
vn 0.691079 -0.158767 0.705126
vn 0.691079 -0.158767 0.705126
vn 0.691079 -0.158767 0.705126
vn 0.456983 -0.088255 0.885086
vn 0.456983 -0.088255 0.885086
vn 0.456983 -0.088255 0.885086
vn 0.456983 -0.088255 0.885086
vn 0.799333 -0.182462 0.572516
vn 0.799333 -0.182462 0.572516
vn 0.799333 -0.182462 0.572516
vn 0.799333 -0.182462 0.572516
vn 0.269356 0.127073 0.954620
vn 0.269356 0.127073 0.954620
vn 0.269356 0.127073 0.954620
vn 0.269356 0.127073 0.954620
vn 0.724260 -0.061844 0.686748
vn 0.724260 -0.061844 0.686748
vn 0.724260 -0.061844 0.686748
vn 0.724260 -0.061844 0.686748
vn 0.521958 0.082689 0.848954
vn 0.521958 0.082689 0.848954
vn 0.521958 0.082689 0.848954
vn 0.521958 0.082689 0.848954
vn 0.788636 -0.062093 0.611716
vn 0.788636 -0.062093 0.611716
vn 0.788636 -0.062093 0.611716
vn 0.788636 -0.062093 0.611716
vn -0.960435 0.230019 -0.157021
vn -0.960435 0.230019 -0.157021
vn -0.960435 0.230019 -0.157021
vn -0.960435 0.230019 -0.157021
vn -0.096302 0.445093 0.890291
vn -0.096302 0.445093 0.890291
vn -0.096302 0.445093 0.890291
vn -0.096302 0.445093 0.890291
vn 0.714970 0.133445 0.686302
vn 0.714970 0.133445 0.686302
vn 0.714970 0.133445 0.686302
vn 0.714970 0.133445 0.686302
vn 0.805977 0.024773 0.591428
vn 0.805977 0.024773 0.591428
vn 0.805977 0.024773 0.591428
vn 0.805977 0.024773 0.591428
vn -0.920852 -0.015841 -0.389591
vn -0.920852 -0.015841 -0.389591
vn -0.920852 -0.015841 -0.389591
vn -0.920852 -0.015841 -0.389591
vn -0.982281 0.112068 -0.150214
vn -0.982281 0.112068 -0.150214
vn -0.982281 0.112068 -0.150214
vn -0.982281 0.112068 -0.150214
vn -0.016957 0.515633 0.856642
vn -0.016957 0.515633 0.856642
vn -0.016957 0.515633 0.856642
vn -0.016957 0.515633 0.856642
vn 0.826141 0.116162 0.551360
vn 0.826141 0.116162 0.551360
vn 0.826141 0.116162 0.551360
vn 0.826141 0.116162 0.551360
vn 0.789511 -0.599755 -0.130256
vn 0.789511 -0.599755 -0.130256
vn 0.789511 -0.599755 -0.130256
vn 0.789511 -0.599755 -0.130256
vn -0.965656 -0.031374 -0.257921
vn -0.965656 -0.031374 -0.257921
vn -0.965656 -0.031374 -0.257921
vn -0.965656 -0.031374 -0.257921
vn -0.990279 0.063529 -0.123741
vn -0.990279 0.063529 -0.123741
vn -0.990279 0.063529 -0.123741
vn -0.990279 0.063529 -0.123741
vn 0.094253 0.548861 0.830583
vn 0.094253 0.548861 0.830583
vn 0.094253 0.548861 0.830583
vn 0.094253 0.548861 0.830583
vn 0.700751 0.308221 0.643388
vn 0.700751 0.308221 0.643388
vn 0.700751 0.308221 0.643388
vn 0.700751 0.308221 0.643388
vn -0.335601 -0.661178 -0.670981
vn -0.335601 -0.661178 -0.670981
vn -0.335601 -0.661178 -0.670981
vn -0.335601 -0.661178 -0.670981
vn -0.973306 -0.060533 -0.221384
vn -0.973306 -0.060533 -0.221384
vn -0.973306 -0.060533 -0.221384
vn -0.973306 -0.060533 -0.221384
vn -0.992538 0.080697 -0.091412
vn -0.992538 0.080697 -0.091412
vn -0.992538 0.080697 -0.091412
vn -0.992538 0.080697 -0.091412
vn 0.137357 0.633677 0.761306
vn 0.137357 0.633677 0.761306
vn 0.137357 0.633677 0.761306
vn 0.137357 0.633677 0.761306
vn 0.858668 0.149983 0.490096
vn 0.858668 0.149983 0.490096
vn 0.858668 0.149983 0.490096
vn 0.858668 0.149983 0.490096
vn 0.752856 0.327533 0.570903
vn 0.752856 0.327533 0.570903
vn 0.752856 0.327533 0.570903
vn 0.752856 0.327533 0.570903
vn 0.879818 0.153254 0.449925
vn 0.879818 0.153254 0.449925
vn 0.879818 0.153254 0.449925
vn 0.879818 0.153254 0.449925
vn 0.822834 -0.563864 -0.070716
vn 0.822834 -0.563864 -0.070716
vn 0.822834 -0.563864 -0.070716
vn 0.822834 -0.563864 -0.070716
vn -0.512979 -0.628286 -0.584901
vn -0.512979 -0.628286 -0.584901
vn -0.512979 -0.628286 -0.584901
vn -0.512979 -0.628286 -0.584901
vn 0.863971 0.104037 0.492677
vn 0.863971 0.104037 0.492677
vn 0.863971 0.104037 0.492677
vn 0.863971 0.104037 0.492677
vn 0.801816 -0.571996 0.172947
vn 0.801816 -0.571996 0.172947
vn 0.801816 -0.571996 0.172947
vn 0.801816 -0.571996 0.172947
vn 0.029056 0.424355 0.905030
vn 0.029056 0.424355 0.905030
vn 0.029056 0.424355 0.905030
vn 0.029056 0.424355 0.905030
vn 0.825848 0.259553 0.500607
vn 0.825848 0.259553 0.500607
vn 0.825848 0.259553 0.500607
vn 0.825848 0.259553 0.500607
vn 0.871798 0.040181 0.488214
vn 0.871798 0.040181 0.488214
vn 0.871798 0.040181 0.488214
vn 0.871798 0.040181 0.488214
vn 0.873355 0.118190 0.472528
vn 0.873355 0.118190 0.472528
vn 0.873355 0.118190 0.472528
vn 0.873355 0.118190 0.472528
vn 0.870826 0.039027 0.490039
vn 0.870826 0.039027 0.490039
vn 0.870826 0.039027 0.490039
vn 0.870826 0.039027 0.490039
vn 0.901220 -0.035456 0.431908
vn 0.901220 -0.035456 0.431908
vn 0.901220 -0.035456 0.431908
vn 0.901220 -0.035456 0.431908
vn 0.912185 -0.086202 0.400609
vn 0.912185 -0.086202 0.400609
vn 0.912185 -0.086202 0.400609
vn 0.912185 -0.086202 0.400609
vn 0.910448 -0.200890 0.361563
vn 0.910448 -0.200890 0.361563
vn 0.910448 -0.200890 0.361563
vn 0.910448 -0.200890 0.361563
vn 0.896745 -0.388906 0.211188
vn 0.896745 -0.388906 0.211188
vn 0.896745 -0.388906 0.211188
vn 0.896745 -0.388906 0.211188
vn 0.943950 -0.317229 0.091241
vn 0.943950 -0.317229 0.091241
vn 0.943950 -0.317229 0.091241
vn 0.943950 -0.317229 0.091241
vn 0.908956 -0.413386 0.053952
vn 0.908956 -0.413386 0.053952
vn 0.908956 -0.413386 0.053952
vn 0.908956 -0.413386 0.053952
vn 0.423368 -0.443163 0.790168
vn 0.423368 -0.443163 0.790168
vn 0.423368 -0.443163 0.790168
vn 0.423368 -0.443163 0.790168
vn 0.426377 -0.490891 0.759755
vn 0.426377 -0.490891 0.759755
vn 0.426377 -0.490891 0.759755
vn 0.426377 -0.490891 0.759755
vn 0.619560 -0.329104 0.712626
vn 0.619560 -0.329104 0.712626
vn 0.619560 -0.329104 0.712626
vn 0.619560 -0.329104 0.712626
vn 0.453680 -0.278780 0.846437
vn 0.453680 -0.278780 0.846437
vn 0.453680 -0.278780 0.846437
vn 0.453680 -0.278780 0.846437
vn 0.244620 0.401645 0.882520
vn 0.244620 0.401645 0.882520
vn 0.244620 0.401645 0.882520
vn 0.244620 0.401645 0.882520
vn -0.247822 0.933584 0.258853
vn -0.247822 0.933584 0.258853
vn -0.247822 0.933584 0.258853
vn -0.247822 0.933584 0.258853
vn -0.807810 0.384514 -0.446758
vn -0.807810 0.384514 -0.446758
vn -0.807810 0.384514 -0.446758
vn -0.807810 0.384514 -0.446758
vn -0.831966 0.551196 -0.063370
vn -0.831966 0.551196 -0.063370
vn -0.831966 0.551196 -0.063370
vn -0.831966 0.551196 -0.063370
vn -0.383573 -0.115819 0.916219
vn -0.383573 -0.115819 0.916219
vn -0.383573 -0.115819 0.916219
vn -0.383573 -0.115819 0.916219
vn -0.882828 0.237260 -0.405366
vn -0.882828 0.237260 -0.405366
vn -0.882828 0.237260 -0.405366
vn -0.882828 0.237260 -0.405366
vn -0.885259 -0.359804 -0.294716
vn -0.885259 -0.359804 -0.294716
vn -0.885259 -0.359804 -0.294716
vn -0.885259 -0.359804 -0.294716
vn -0.008182 -0.712732 0.701389
vn -0.008182 -0.712732 0.701389
vn -0.008182 -0.712732 0.701389
vn -0.008182 -0.712732 0.701389
vn 0.471948 -0.279170 0.836259
vn 0.471948 -0.279170 0.836259
vn 0.471948 -0.279170 0.836259
vn 0.471948 -0.279170 0.836259
vn 0.617661 -0.380725 0.688145
vn 0.617661 -0.380725 0.688145
vn 0.617661 -0.380725 0.688145
vn 0.617661 -0.380725 0.688145
vn 0.779159 -0.080631 0.621619
vn 0.779159 -0.080631 0.621619
vn 0.779159 -0.080631 0.621619
vn 0.779159 -0.080631 0.621619
vn 0.565147 0.027690 0.824525
vn 0.565147 0.027690 0.824525
vn 0.565147 0.027690 0.824525
vn 0.565147 0.027690 0.824525
vn 0.659456 0.504823 0.557021
vn 0.659456 0.504823 0.557021
vn 0.659456 0.504823 0.557021
vn 0.659456 0.504823 0.557021
vn -0.367883 0.777478 -0.510088
vn -0.367883 0.777478 -0.510088
vn -0.367883 0.777478 -0.510088
vn -0.367883 0.777478 -0.510088
vn -0.859935 0.329056 -0.390172
vn -0.859935 0.329056 -0.390172
vn -0.859935 0.329056 -0.390172
vn -0.859935 0.329056 -0.390172
vn -0.825644 0.345421 -0.446090
vn -0.825644 0.345421 -0.446090
vn -0.825644 0.345421 -0.446090
vn -0.825644 0.345421 -0.446090
vn -0.070717 -0.677574 0.732047
vn -0.070717 -0.677574 0.732047
vn -0.070717 -0.677574 0.732047
vn -0.070717 -0.677574 0.732047
vn 0.406069 -0.268165 0.873610
vn 0.406069 -0.268165 0.873610
vn 0.406069 -0.268165 0.873610
vn 0.406069 -0.268165 0.873610
vn 0.735301 -0.221585 0.640493
vn 0.735301 -0.221585 0.640493
vn 0.735301 -0.221585 0.640493
vn 0.735301 -0.221585 0.640493
vn 0.759453 -0.143259 0.634593
vn 0.759453 -0.143259 0.634593
vn 0.759453 -0.143259 0.634593
vn 0.759453 -0.143259 0.634593
vn 0.530254 0.213269 0.820577
vn 0.530254 0.213269 0.820577
vn 0.530254 0.213269 0.820577
vn 0.530254 0.213269 0.820577
vn 0.573223 0.409402 0.709793
vn 0.573223 0.409402 0.709793
vn 0.573223 0.409402 0.709793
vn 0.573223 0.409402 0.709793
vn -0.983254 0.058266 -0.172676
vn -0.983254 0.058266 -0.172676
vn -0.983254 0.058266 -0.172676
vn -0.983254 0.058266 -0.172676
vn -0.167258 0.078831 0.982757
vn -0.167258 0.078831 0.982757
vn -0.167258 0.078831 0.982757
vn -0.167258 0.078831 0.982757
vn 0.586033 0.075337 0.806777
vn 0.586033 0.075337 0.806777
vn 0.586033 0.075337 0.806777
vn 0.586033 0.075337 0.806777
vn 0.783928 -0.038859 0.619635
vn 0.783928 -0.038859 0.619635
vn 0.783928 -0.038859 0.619635
vn 0.783928 -0.038859 0.619635
vn 0.804820 0.029477 0.592787
vn 0.804820 0.029477 0.592787
vn 0.804820 0.029477 0.592787
vn 0.804820 0.029477 0.592787
vn 0.705284 0.270894 0.655126
vn 0.705284 0.270894 0.655126
vn 0.705284 0.270894 0.655126
vn 0.705284 0.270894 0.655126
vn 0.150295 0.844156 0.514600
vn 0.150295 0.844156 0.514600
vn 0.150295 0.844156 0.514600
vn 0.150295 0.844156 0.514600
vn -0.927774 -0.342512 -0.148056
vn -0.927774 -0.342512 -0.148056
vn -0.927774 -0.342512 -0.148056
vn -0.927774 -0.342512 -0.148056
vn -0.222626 -0.393643 0.891899
vn -0.222626 -0.393643 0.891899
vn -0.222626 -0.393643 0.891899
vn -0.222626 -0.393643 0.891899
vn 0.757567 0.128330 0.640018
vn 0.757567 0.128330 0.640018
vn 0.757567 0.128330 0.640018
vn 0.757567 0.128330 0.640018
vn 0.178958 0.884565 -0.430720
vn 0.178958 0.884565 -0.430720
vn 0.178958 0.884565 -0.430720
vn 0.178958 0.884565 -0.430720
vn -0.661473 -0.660263 0.355678
vn -0.661473 -0.660263 0.355678
vn -0.661473 -0.660263 0.355678
vn -0.661473 -0.660263 0.355678
vn -0.140760 -0.571262 0.808608
vn -0.140760 -0.571262 0.808608
vn -0.140760 -0.571262 0.808608
vn -0.140760 -0.571262 0.808608
vn 0.736278 0.277636 0.617101
vn 0.736278 0.277636 0.617101
vn 0.736278 0.277636 0.617101
vn 0.736278 0.277636 0.617101
vn 0.151267 0.893310 0.423221
vn 0.151267 0.893310 0.423221
vn 0.151267 0.893310 0.423221
vn 0.151267 0.893310 0.423221
vn -0.450264 0.804167 -0.388042
vn -0.450264 0.804167 -0.388042
vn -0.450264 0.804167 -0.388042
vn -0.450264 0.804167 -0.388042
vn 0.666842 -0.322078 0.672002
vn 0.666842 -0.322078 0.672002
vn 0.666842 -0.322078 0.672002
vn 0.666842 -0.322078 0.672002
vn 0.792541 -0.223460 0.567402
vn 0.792541 -0.223460 0.567402
vn 0.792541 -0.223460 0.567402
vn 0.792541 -0.223460 0.567402
vn 0.752431 -0.087659 0.652811
vn 0.752431 -0.087659 0.652811
vn 0.752431 -0.087659 0.652811
vn 0.752431 -0.087659 0.652811
vn 0.686540 -0.254897 0.680948
vn 0.686540 -0.254897 0.680948
vn 0.686540 -0.254897 0.680948
vn 0.686540 -0.254897 0.680948
vn 0.723373 -0.249526 0.643792
vn 0.723373 -0.249526 0.643792
vn 0.723373 -0.249526 0.643792
vn 0.723373 -0.249526 0.643792
vn 0.763363 -0.106643 0.637106
vn 0.763363 -0.106643 0.637106
vn 0.763363 -0.106643 0.637106
vn 0.763363 -0.106643 0.637106
vn 0.810888 0.028638 0.584500
vn 0.810888 0.028638 0.584500
vn 0.810888 0.028638 0.584500
vn 0.810888 0.028638 0.584500
vn 0.391030 -0.423314 0.817252
vn 0.391030 -0.423314 0.817252
vn 0.391030 -0.423314 0.817252
vn 0.391030 -0.423314 0.817252
vn -0.979301 -0.160873 -0.122842
vn -0.979301 -0.160873 -0.122842
vn -0.979301 -0.160873 -0.122842
vn -0.979301 -0.160873 -0.122842
vn -0.669818 -0.621060 0.406976
vn -0.669818 -0.621060 0.406976
vn -0.669818 -0.621060 0.406976
vn -0.669818 -0.621060 0.406976
vn -0.297879 -0.674704 0.675310
vn -0.297879 -0.674704 0.675310
vn -0.297879 -0.674704 0.675310
vn -0.297879 -0.674704 0.675310
vn 0.746335 0.138892 0.650917
vn 0.746335 0.138892 0.650917
vn 0.746335 0.138892 0.650917
vn 0.746335 0.138892 0.650917
vn 0.856340 0.116166 0.503177
vn 0.856340 0.116166 0.503177
vn 0.856340 0.116166 0.503177
vn 0.856340 0.116166 0.503177
vn 0.869100 0.184648 0.458879
vn 0.869100 0.184648 0.458879
vn 0.869100 0.184648 0.458879
vn 0.869100 0.184648 0.458879
vn 0.779328 0.377860 0.499870
vn 0.779328 0.377860 0.499870
vn 0.779328 0.377860 0.499870
vn 0.779328 0.377860 0.499870
vn 0.146232 0.988369 0.041744
vn 0.146232 0.988369 0.041744
vn 0.146232 0.988369 0.041744
vn 0.146232 0.988369 0.041744
vn -0.889229 0.266071 -0.372128
vn -0.889229 0.266071 -0.372128
vn -0.889229 0.266071 -0.372128
vn -0.889229 0.266071 -0.372128
vn -0.974783 0.099311 -0.199838
vn -0.974783 0.099311 -0.199838
vn -0.974783 0.099311 -0.199838
vn -0.974783 0.099311 -0.199838
vn 0.873166 0.103486 0.476310
vn 0.873166 0.103486 0.476310
vn 0.873166 0.103486 0.476310
vn 0.873166 0.103486 0.476310
vn 0.877715 0.166241 0.449422
vn 0.877715 0.166241 0.449422
vn 0.877715 0.166241 0.449422
vn 0.877715 0.166241 0.449422
vn 0.819811 -0.572633 -0.001278
vn 0.819811 -0.572633 -0.001278
vn 0.819811 -0.572633 -0.001278
vn 0.819811 -0.572633 -0.001278
vn -0.422548 -0.695415 -0.581250
vn -0.422548 -0.695415 -0.581250
vn -0.422548 -0.695415 -0.581250
vn -0.422548 -0.695415 -0.581250
vn 0.867711 0.174690 0.465362
vn 0.867711 0.174690 0.465362
vn 0.867711 0.174690 0.465362
vn 0.867711 0.174690 0.465362
vn 0.746266 0.292663 0.597859
vn 0.746266 0.292663 0.597859
vn 0.746266 0.292663 0.597859
vn 0.746266 0.292663 0.597859
vn 0.125889 0.550980 0.824969
vn 0.125889 0.550980 0.824969
vn 0.125889 0.550980 0.824969
vn 0.125889 0.550980 0.824969
vn -0.965742 -0.020259 -0.258713
vn -0.965742 -0.020259 -0.258713
vn -0.965742 -0.020259 -0.258713
vn -0.965742 -0.020259 -0.258713
vn 0.772404 0.062467 0.632053
vn 0.772404 0.062467 0.632053
vn 0.772404 0.062467 0.632053
vn 0.772404 0.062467 0.632053
vn 0.810392 0.116337 0.574222
vn 0.810392 0.116337 0.574222
vn 0.810392 0.116337 0.574222
vn 0.810392 0.116337 0.574222
vn 0.752810 0.183577 0.632121
vn 0.752810 0.183577 0.632121
vn 0.752810 0.183577 0.632121
vn 0.752810 0.183577 0.632121
vn 0.821713 0.069604 0.565634
vn 0.821713 0.069604 0.565634
vn 0.821713 0.069604 0.565634
vn 0.821713 0.069604 0.565634
vn 0.826113 0.096625 0.555159
vn 0.826113 0.096625 0.555159
vn 0.826113 0.096625 0.555159
vn 0.826113 0.096625 0.555159
vn 0.770427 0.134631 0.623151
vn 0.770427 0.134631 0.623151
vn 0.770427 0.134631 0.623151
vn 0.770427 0.134631 0.623151
vn 0.735882 0.221619 0.639814
vn 0.735882 0.221619 0.639814
vn 0.735882 0.221619 0.639814
vn 0.735882 0.221619 0.639814
vn 0.847259 0.143079 0.511548
vn 0.847259 0.143079 0.511548
vn 0.847259 0.143079 0.511548
vn 0.847259 0.143079 0.511548
vn 0.853834 0.151562 0.497993
vn 0.853834 0.151562 0.497993
vn 0.853834 0.151562 0.497993
vn 0.853834 0.151562 0.497993
vn 0.796205 0.047067 0.603193
vn 0.796205 0.047067 0.603193
vn 0.796205 0.047067 0.603193
vn 0.796205 0.047067 0.603193
vn 0.837792 0.140688 0.527553
vn 0.837792 0.140688 0.527553
vn 0.837792 0.140688 0.527553
vn 0.837792 0.140688 0.527553
vn 0.843554 0.130725 0.520891
vn 0.843554 0.130725 0.520891
vn 0.843554 0.130725 0.520891
vn 0.843554 0.130725 0.520891
vn 0.827983 0.137274 0.543691
vn 0.827983 0.137274 0.543691
vn 0.827983 0.137274 0.543691
vn 0.827983 0.137274 0.543691
vn 0.858057 0.163576 0.486807
vn 0.858057 0.163576 0.486807
vn 0.858057 0.163576 0.486807
vn 0.858057 0.163576 0.486807
vn 0.867187 0.131719 0.480247
vn 0.867187 0.131719 0.480247
vn 0.867187 0.131719 0.480247
vn 0.867187 0.131719 0.480247
vn -0.988546 -0.046102 -0.143708
vn -0.988546 -0.046102 -0.143708
vn -0.988546 -0.046102 -0.143708
vn -0.988546 -0.046102 -0.143708
vn -0.847149 -0.439332 0.298875
vn -0.847149 -0.439332 0.298875
vn -0.847149 -0.439332 0.298875
vn -0.847149 -0.439332 0.298875
vn -0.088769 -0.408502 0.908431
vn -0.088769 -0.408502 0.908431
vn -0.088769 -0.408502 0.908431
vn -0.088769 -0.408502 0.908431
vn 0.738872 0.180987 0.649085
vn 0.738872 0.180987 0.649085
vn 0.738872 0.180987 0.649085
vn 0.738872 0.180987 0.649085
vn 0.872255 0.128556 0.471852
vn 0.872255 0.128556 0.471852
vn 0.872255 0.128556 0.471852
vn 0.872255 0.128556 0.471852
vn 0.876710 0.168476 0.450550
vn 0.876710 0.168476 0.450550
vn 0.876710 0.168476 0.450550
vn 0.876710 0.168476 0.450550
vn 0.798295 0.330525 0.503466
vn 0.798295 0.330525 0.503466
vn 0.798295 0.330525 0.503466
vn 0.798295 0.330525 0.503466
vn 0.090923 0.868866 -0.486626
vn 0.090923 0.868866 -0.486626
vn 0.090923 0.868866 -0.486626
vn 0.090923 0.868866 -0.486626
vn -0.517294 0.591533 -0.618463
vn -0.517294 0.591533 -0.618463
vn -0.517294 0.591533 -0.618463
vn -0.517294 0.591533 -0.618463
vn -0.918957 0.121697 -0.375111
vn -0.918957 0.121697 -0.375111
vn -0.918957 0.121697 -0.375111
vn -0.918957 0.121697 -0.375111
vn -0.981504 0.033594 -0.188472
vn -0.981504 0.033594 -0.188472
vn -0.981504 0.033594 -0.188472
vn -0.981504 0.033594 -0.188472
vn -0.977193 -0.001951 -0.212342
vn -0.977193 -0.001951 -0.212342
vn -0.977193 -0.001951 -0.212342
vn -0.977193 -0.001951 -0.212342
vn 0.880975 0.141681 0.451452
vn 0.880975 0.141681 0.451452
vn 0.880975 0.141681 0.451452
vn 0.880975 0.141681 0.451452
vn 0.875098 0.169095 0.453444
vn 0.875098 0.169095 0.453444
vn 0.875098 0.169095 0.453444
vn 0.875098 0.169095 0.453444
vn -0.985379 -0.081995 -0.149350
vn -0.985379 -0.081995 -0.149350
vn -0.985379 -0.081995 -0.149350
vn -0.985379 -0.081995 -0.149350
vn -0.976214 -0.204557 0.071852
vn -0.976214 -0.204557 0.071852
vn -0.976214 -0.204557 0.071852
vn -0.976214 -0.204557 0.071852
vn -0.189021 -0.164854 0.968036
vn -0.189021 -0.164854 0.968036
vn -0.189021 -0.164854 0.968036
vn -0.189021 -0.164854 0.968036
vn 0.742904 0.212271 0.634850
vn 0.742904 0.212271 0.634850
vn 0.742904 0.212271 0.634850
vn 0.742904 0.212271 0.634850
vn 0.887961 0.118218 0.444466
vn 0.887961 0.118218 0.444466
vn 0.887961 0.118218 0.444466
vn 0.887961 0.118218 0.444466
vn 0.893470 0.115829 0.433930
vn 0.893470 0.115829 0.433930
vn 0.893470 0.115829 0.433930
vn 0.893470 0.115829 0.433930
vn 0.793309 0.335311 0.508161
vn 0.793309 0.335311 0.508161
vn 0.793309 0.335311 0.508161
vn 0.793309 0.335311 0.508161
vn 0.272396 0.932237 0.238191
vn 0.272396 0.932237 0.238191
vn 0.272396 0.932237 0.238191
vn 0.272396 0.932237 0.238191
vn -0.883177 0.186038 -0.430568
vn -0.883177 0.186038 -0.430568
vn -0.883177 0.186038 -0.430568
vn -0.883177 0.186038 -0.430568
vn -0.937781 0.104122 -0.331249
vn -0.937781 0.104122 -0.331249
vn -0.937781 0.104122 -0.331249
vn -0.937781 0.104122 -0.331249
vn 0.883636 0.125034 0.451170
vn 0.883636 0.125034 0.451170
vn 0.883636 0.125034 0.451170
vn 0.883636 0.125034 0.451170
vn 0.931737 -0.057954 0.358480
vn 0.931737 -0.057954 0.358480
vn 0.931737 -0.057954 0.358480
vn 0.931737 -0.057954 0.358480
vn -0.633019 -0.609597 -0.477157
vn -0.633019 -0.609597 -0.477157
vn -0.633019 -0.609597 -0.477157
vn -0.633019 -0.609597 -0.477157
vn -0.950699 0.027962 -0.308852
vn -0.950699 0.027962 -0.308852
vn -0.950699 0.027962 -0.308852
vn -0.950699 0.027962 -0.308852
vn 0.314215 0.635957 0.704861
vn 0.314215 0.635957 0.704861
vn 0.314215 0.635957 0.704861
vn 0.314215 0.635957 0.704861
vn 0.764844 0.310332 0.564542
vn 0.764844 0.310332 0.564542
vn 0.764844 0.310332 0.564542
vn 0.764844 0.310332 0.564542
vn -0.960468 -0.009349 -0.278232
vn -0.960468 -0.009349 -0.278232
vn -0.960468 -0.009349 -0.278232
vn -0.960468 -0.009349 -0.278232
vn 0.316029 0.561109 0.765037
vn 0.316029 0.561109 0.765037
vn 0.316029 0.561109 0.765037
vn 0.316029 0.561109 0.765037
vn 0.799303 0.287192 0.527859
vn 0.799303 0.287192 0.527859
vn 0.799303 0.287192 0.527859
vn 0.799303 0.287192 0.527859
vn 0.854792 0.121487 0.504551
vn 0.854792 0.121487 0.504551
vn 0.854792 0.121487 0.504551
vn 0.854792 0.121487 0.504551
vn -0.947755 -0.003206 -0.318983
vn -0.947755 -0.003206 -0.318983
vn -0.947755 -0.003206 -0.318983
vn -0.947755 -0.003206 -0.318983
vn -0.828381 0.143866 -0.541376
vn -0.828381 0.143866 -0.541376
vn -0.828381 0.143866 -0.541376
vn -0.828381 0.143866 -0.541376
vn 0.429874 0.854551 -0.291466
vn 0.429874 0.854551 -0.291466
vn 0.429874 0.854551 -0.291466
vn 0.429874 0.854551 -0.291466
vn -0.906543 0.088732 -0.412681
vn -0.906543 0.088732 -0.412681
vn -0.906543 0.088732 -0.412681
vn -0.906543 0.088732 -0.412681
vn 0.886867 -0.000619 0.462025
vn 0.886867 -0.000619 0.462025
vn 0.886867 -0.000619 0.462025
vn 0.886867 -0.000619 0.462025
vn 0.915787 0.063905 0.396548
vn 0.915787 0.063905 0.396548
vn 0.915787 0.063905 0.396548
vn 0.915787 0.063905 0.396548
vn 0.902834 0.176657 0.392024
vn 0.902834 0.176657 0.392024
vn 0.902834 0.176657 0.392024
vn 0.902834 0.176657 0.392024
vn 0.822839 0.242896 0.513749
vn 0.822839 0.242896 0.513749
vn 0.822839 0.242896 0.513749
vn 0.822839 0.242896 0.513749
vn 0.791915 0.195042 0.578645
vn 0.791915 0.195042 0.578645
vn 0.791915 0.195042 0.578645
vn 0.791915 0.195042 0.578645
vn 0.243133 0.303554 0.921271
vn 0.243133 0.303554 0.921271
vn 0.243133 0.303554 0.921271
vn 0.243133 0.303554 0.921271
vn -0.977716 -0.096250 -0.186567
vn -0.977716 -0.096250 -0.186567
vn -0.977716 -0.096250 -0.186567
vn -0.977716 -0.096250 -0.186567
vn -0.924233 0.019506 -0.381330
vn -0.924233 0.019506 -0.381330
vn -0.924233 0.019506 -0.381330
vn -0.924233 0.019506 -0.381330
vn -0.975208 -0.021685 -0.220226
vn -0.975208 -0.021685 -0.220226
vn -0.975208 -0.021685 -0.220226
vn -0.975208 -0.021685 -0.220226
vn -0.956739 -0.111617 -0.268685
vn -0.956739 -0.111617 -0.268685
vn -0.956739 -0.111617 -0.268685
vn -0.956739 -0.111617 -0.268685
vn -0.982164 -0.187989 0.003618
vn -0.982164 -0.187989 0.003618
vn -0.982164 -0.187989 0.003618
vn -0.982164 -0.187989 0.003618
vn -0.996419 -0.082898 -0.016633
vn -0.996419 -0.082898 -0.016633
vn -0.996419 -0.082898 -0.016633
vn -0.996419 -0.082898 -0.016633
vn 0.105128 0.381046 0.918560
vn 0.105128 0.381046 0.918560
vn 0.105128 0.381046 0.918560
vn 0.105128 0.381046 0.918560
vn 0.789544 0.220935 0.572546
vn 0.789544 0.220935 0.572546
vn 0.789544 0.220935 0.572546
vn 0.789544 0.220935 0.572546
vn 0.173847 0.788202 0.590352
vn 0.173847 0.788202 0.590352
vn 0.173847 0.788202 0.590352
vn 0.173847 0.788202 0.590352
vn -0.951306 0.150104 -0.269234
vn -0.951306 0.150104 -0.269234
vn -0.951306 0.150104 -0.269234
vn -0.951306 0.150104 -0.269234
vn -0.922876 0.063943 -0.379752
vn -0.922876 0.063943 -0.379752
vn -0.922876 0.063943 -0.379752
vn -0.922876 0.063943 -0.379752
vn 0.879139 0.164944 0.447112
vn 0.879139 0.164944 0.447112
vn 0.879139 0.164944 0.447112
vn 0.879139 0.164944 0.447112
vn 0.902109 0.006306 0.431462
vn 0.902109 0.006306 0.431462
vn 0.902109 0.006306 0.431462
vn 0.902109 0.006306 0.431462
vn 0.890881 0.117356 0.438814
vn 0.890881 0.117356 0.438814
vn 0.890881 0.117356 0.438814
vn 0.890881 0.117356 0.438814
vn 0.895458 0.081866 0.437553
vn 0.895458 0.081866 0.437553
vn 0.895458 0.081866 0.437553
vn 0.895458 0.081866 0.437553
vn 0.925229 0.076020 0.371715
vn 0.925229 0.076020 0.371715
vn 0.925229 0.076020 0.371715
vn 0.925229 0.076020 0.371715
vn -0.999673 -0.017440 -0.018693
vn -0.999673 -0.017440 -0.018693
vn -0.999673 -0.017440 -0.018693
vn -0.999673 -0.017440 -0.018693
vn -0.985103 -0.096695 -0.142205
vn -0.985103 -0.096695 -0.142205
vn -0.985103 -0.096695 -0.142205
vn -0.985103 -0.096695 -0.142205
vn 0.716872 0.231920 0.657501
vn 0.716872 0.231920 0.657501
vn 0.716872 0.231920 0.657501
vn 0.716872 0.231920 0.657501
vn 0.789647 0.364783 0.493347
vn 0.789647 0.364783 0.493347
vn 0.789647 0.364783 0.493347
vn 0.789647 0.364783 0.493347
vn -0.218376 0.823856 0.523042
vn -0.218376 0.823856 0.523042
vn -0.218376 0.823856 0.523042
vn -0.218376 0.823856 0.523042
vn 0.806263 0.369678 0.461821
vn 0.806263 0.369678 0.461821
vn 0.806263 0.369678 0.461821
vn 0.806263 0.369678 0.461821
vn 0.874445 -0.032943 0.484005
vn 0.874445 -0.032943 0.484005
vn 0.874445 -0.032943 0.484005
vn 0.874445 -0.032943 0.484005
vn 0.829797 0.058448 0.554996
vn 0.829797 0.058448 0.554996
vn 0.829797 0.058448 0.554996
vn 0.829797 0.058448 0.554996
vn 0.779200 0.052220 0.624596
vn 0.779200 0.052220 0.624596
vn 0.779200 0.052220 0.624596
vn 0.779200 0.052220 0.624596
vn 0.873411 -0.067113 0.482337
vn 0.873411 -0.067113 0.482337
vn 0.873411 -0.067113 0.482337
vn 0.873411 -0.067113 0.482337
vn -0.348032 -0.661790 -0.664009
vn -0.348032 -0.661790 -0.664009
vn -0.348032 -0.661790 -0.664009
vn -0.348032 -0.661790 -0.664009
vn 0.809771 0.102673 0.577693
vn 0.809771 0.102673 0.577693
vn 0.809771 0.102673 0.577693
vn 0.809771 0.102673 0.577693
vn 0.767164 0.011563 0.641347
vn 0.767164 0.011563 0.641347
vn 0.767164 0.011563 0.641347
vn 0.767164 0.011563 0.641347
vn -0.443099 0.886793 0.131383
vn -0.443099 0.886793 0.131383
vn -0.443099 0.886793 0.131383
vn -0.443099 0.886793 0.131383
vn -0.874490 -0.483093 -0.043463
vn -0.874490 -0.483093 -0.043463
vn -0.874490 -0.483093 -0.043463
vn -0.874490 -0.483093 -0.043463
vn -0.868242 0.394485 -0.300894
vn -0.868242 0.394485 -0.300894
vn -0.868242 0.394485 -0.300894
vn -0.868242 0.394485 -0.300894
vn -0.060611 0.976375 0.207409
vn -0.060611 0.976375 0.207409
vn -0.060611 0.976375 0.207409
vn -0.060611 0.976375 0.207409
vn -0.986996 0.126010 0.099806
vn -0.986996 0.126010 0.099806
vn -0.986996 0.126010 0.099806
vn -0.986996 0.126010 0.099806
vn 0.029444 0.908911 -0.415950
vn 0.029444 0.908911 -0.415950
vn 0.029444 0.908911 -0.415950
vn 0.029444 0.908911 -0.415950
vn -0.106565 -0.877942 -0.466756
vn -0.106565 -0.877942 -0.466756
vn -0.106565 -0.877942 -0.466756
vn -0.106565 -0.877942 -0.466756
vn -0.106270 -0.753935 -0.648297
vn -0.106270 -0.753935 -0.648297
vn -0.106270 -0.753935 -0.648297
vn -0.106270 -0.753935 -0.648297
vn -0.182160 -0.766055 -0.616424
vn -0.182160 -0.766055 -0.616424
vn -0.182160 -0.766055 -0.616424
vn -0.182160 -0.766055 -0.616424
vn 0.010666 -0.854084 -0.520025
vn 0.010666 -0.854084 -0.520025
vn 0.010666 -0.854084 -0.520025
vn 0.010666 -0.854084 -0.520025
vn -0.340565 -0.935768 0.091397
vn -0.340565 -0.935768 0.091397
vn -0.340565 -0.935768 0.091397
vn -0.340565 -0.935768 0.091397
vn -0.552704 -0.421676 -0.718824
vn -0.552704 -0.421676 -0.718824
vn -0.552704 -0.421676 -0.718824
vn -0.552704 -0.421676 -0.718824
vn -0.464374 -0.880973 -0.090794
vn -0.464374 -0.880973 -0.090794
vn -0.464374 -0.880973 -0.090794
vn -0.464374 -0.880973 -0.090794
vn -0.527764 -0.837512 -0.141559
vn -0.527764 -0.837512 -0.141559
vn -0.527764 -0.837512 -0.141559
vn -0.527764 -0.837512 -0.141559
vn -0.539585 -0.841911 -0.005843
vn -0.539585 -0.841911 -0.005843
vn -0.539585 -0.841911 -0.005843
vn -0.539585 -0.841911 -0.005843
vn -0.552300 -0.832503 -0.043626
vn -0.552300 -0.832503 -0.043626
vn -0.552300 -0.832503 -0.043626
vn -0.552300 -0.832503 -0.043626
vn -0.513772 -0.854851 0.072575
vn -0.513772 -0.854851 0.072575
vn -0.513772 -0.854851 0.072575
vn -0.513772 -0.854851 0.072575
vn -0.521401 -0.852433 0.038731
vn -0.521401 -0.852433 0.038731
vn -0.521401 -0.852433 0.038731
vn -0.521401 -0.852433 0.038731
vn -0.485965 -0.869590 0.087477
vn -0.485965 -0.869590 0.087477
vn -0.485965 -0.869590 0.087477
vn -0.485965 -0.869590 0.087477
vn -0.435917 -0.899001 0.042121
vn -0.435917 -0.899001 0.042121
vn -0.435917 -0.899001 0.042121
vn -0.435917 -0.899001 0.042121
vn -0.337017 -0.932855 -0.127281
vn -0.337017 -0.932855 -0.127281
vn -0.337017 -0.932855 -0.127281
vn -0.337017 -0.932855 -0.127281
vn -0.675751 -0.721298 0.151957
vn -0.675751 -0.721298 0.151957
vn -0.675751 -0.721298 0.151957
vn -0.675751 -0.721298 0.151957
vn -0.075580 -0.893468 -0.442722
vn -0.075580 -0.893468 -0.442722
vn -0.075580 -0.893468 -0.442722
vn -0.075580 -0.893468 -0.442722
vn -0.195491 -0.808548 0.555008
vn -0.195491 -0.808548 0.555008
vn -0.195491 -0.808548 0.555008
vn -0.195491 -0.808548 0.555008
vn -0.068367 -0.885895 -0.458820
vn -0.068367 -0.885895 -0.458820
vn -0.068367 -0.885895 -0.458820
vn -0.068367 -0.885895 -0.458820
vn 0.071012 -0.923563 -0.376815
vn 0.071012 -0.923563 -0.376815
vn 0.071012 -0.923563 -0.376815
vn 0.071012 -0.923563 -0.376815
vn -0.001822 -0.713908 0.700238
vn -0.001822 -0.713908 0.700238
vn -0.001822 -0.713908 0.700238
vn -0.001822 -0.713908 0.700238
vn 0.048101 -0.560666 -0.826644
vn 0.048101 -0.560666 -0.826644
vn 0.048101 -0.560666 -0.826644
vn 0.048101 -0.560666 -0.826644
vn 0.046992 -0.992835 -0.109867
vn 0.046992 -0.992835 -0.109867
vn 0.046992 -0.992835 -0.109867
vn 0.046992 -0.992835 -0.109867
vn 0.088451 -0.808273 0.582126
vn 0.088451 -0.808273 0.582126
vn 0.088451 -0.808273 0.582126
vn 0.088451 -0.808273 0.582126
vn -0.016015 -0.746445 -0.665255
vn -0.016015 -0.746445 -0.665255
vn -0.016015 -0.746445 -0.665255
vn -0.016015 -0.746445 -0.665255
vn 0.004333 -0.627800 0.778363
vn 0.004333 -0.627800 0.778363
vn 0.004333 -0.627800 0.778363
vn 0.004333 -0.627800 0.778363
vn 0.042052 -0.425099 -0.904169
vn 0.042052 -0.425099 -0.904169
vn 0.042052 -0.425099 -0.904169
vn 0.042052 -0.425099 -0.904169
vn 0.005930 -0.993643 0.112425
vn 0.005930 -0.993643 0.112425
vn 0.005930 -0.993643 0.112425
vn 0.005930 -0.993643 0.112425
vn 0.225809 -0.913755 0.337730
vn 0.225809 -0.913755 0.337730
vn 0.225809 -0.913755 0.337730
vn 0.225809 -0.913755 0.337730
vn -0.435217 -0.899704 0.033459
vn -0.435217 -0.899704 0.033459
vn -0.435217 -0.899704 0.033459
vn -0.435217 -0.899704 0.033459
vn -0.263901 -0.857429 -0.441782
vn -0.263901 -0.857429 -0.441782
vn -0.263901 -0.857429 -0.441782
vn -0.263901 -0.857429 -0.441782
vn -0.137244 -0.966945 0.214898
vn -0.137244 -0.966945 0.214898
vn -0.137244 -0.966945 0.214898
vn -0.137244 -0.966945 0.214898
vn -0.336983 -0.818724 -0.464901
vn -0.336983 -0.818724 -0.464901
vn -0.336983 -0.818724 -0.464901
vn -0.336983 -0.818724 -0.464901
vn -0.234382 -0.902245 -0.361965
vn -0.234382 -0.902245 -0.361965
vn -0.234382 -0.902245 -0.361965
vn -0.234382 -0.902245 -0.361965
vn 0.029752 -0.758046 0.651522
vn 0.029752 -0.758046 0.651522
vn 0.029752 -0.758046 0.651522
vn 0.029752 -0.758046 0.651522
vn -0.188640 -0.508224 -0.840311
vn -0.188640 -0.508224 -0.840311
vn -0.188640 -0.508224 -0.840311
vn -0.188640 -0.508224 -0.840311
vn -0.097101 -0.988250 -0.118041
vn -0.097101 -0.988250 -0.118041
vn -0.097101 -0.988250 -0.118041
vn -0.097101 -0.988250 -0.118041
vn 0.008808 -0.939766 0.341705
vn 0.008808 -0.939766 0.341705
vn 0.008808 -0.939766 0.341705
vn 0.008808 -0.939766 0.341705
vn -0.183519 -0.889306 -0.418875
vn -0.183519 -0.889306 -0.418875
vn -0.183519 -0.889306 -0.418875
vn -0.183519 -0.889306 -0.418875
vn -0.080498 -0.933917 0.348309
vn -0.080498 -0.933917 0.348309
vn -0.080498 -0.933917 0.348309
vn -0.080498 -0.933917 0.348309
vn -0.227792 -0.914410 -0.334611
vn -0.227792 -0.914410 -0.334611
vn -0.227792 -0.914410 -0.334611
vn -0.227792 -0.914410 -0.334611
vn -0.252481 -0.961284 0.110389
vn -0.252481 -0.961284 0.110389
vn -0.252481 -0.961284 0.110389
vn -0.252481 -0.961284 0.110389
vn -0.414096 -0.876687 0.244836
vn -0.414096 -0.876687 0.244836
vn -0.414096 -0.876687 0.244836
vn -0.414096 -0.876687 0.244836
vn 0.162197 -0.923195 -0.348428
vn 0.162197 -0.923195 -0.348428
vn 0.162197 -0.923195 -0.348428
vn 0.162197 -0.923195 -0.348428
vn -0.021219 -0.977184 0.211333
vn -0.021219 -0.977184 0.211333
vn -0.021219 -0.977184 0.211333
vn -0.021219 -0.977184 0.211333
vn -0.268246 -0.945171 -0.186271
vn -0.268246 -0.945171 -0.186271
vn -0.268246 -0.945171 -0.186271
vn -0.268246 -0.945171 -0.186271
vn -0.476744 -0.705021 -0.525034
vn -0.476744 -0.705021 -0.525034
vn -0.476744 -0.705021 -0.525034
vn -0.476744 -0.705021 -0.525034
vn -0.549877 -0.762105 -0.341807
vn -0.549877 -0.762105 -0.341807
vn -0.549877 -0.762105 -0.341807
vn -0.549877 -0.762105 -0.341807
vn -0.502922 -0.863971 -0.024960
vn -0.502922 -0.863971 -0.024960
vn -0.502922 -0.863971 -0.024960
vn -0.502922 -0.863971 -0.024960
vn -0.502425 -0.827249 -0.251453
vn -0.502425 -0.827249 -0.251453
vn -0.502425 -0.827249 -0.251453
vn -0.502425 -0.827249 -0.251453
vn -0.581123 -0.812055 -0.053513
vn -0.581123 -0.812055 -0.053513
vn -0.581123 -0.812055 -0.053513
vn -0.581123 -0.812055 -0.053513
vn -0.539599 -0.841921 0.001389
vn -0.539599 -0.841921 0.001389
vn -0.539599 -0.841921 0.001389
vn -0.539599 -0.841921 0.001389
vn -0.535449 -0.843769 0.036734
vn -0.535449 -0.843769 0.036734
vn -0.535449 -0.843769 0.036734
vn -0.535449 -0.843769 0.036734
vn -0.442632 -0.896427 0.022276
vn -0.442632 -0.896427 0.022276
vn -0.442632 -0.896427 0.022276
vn -0.442632 -0.896427 0.022276
vn -0.435410 -0.893959 0.106092
vn -0.435410 -0.893959 0.106092
vn -0.435410 -0.893959 0.106092
vn -0.435410 -0.893959 0.106092
vn -0.395613 -0.911685 0.110995
vn -0.395613 -0.911685 0.110995
vn -0.395613 -0.911685 0.110995
vn -0.395613 -0.911685 0.110995
vn -0.395209 -0.472252 0.787901
vn -0.395209 -0.472252 0.787901
vn -0.395209 -0.472252 0.787901
vn -0.395209 -0.472252 0.787901
vn -0.242181 -0.968834 0.052047
vn -0.242181 -0.968834 0.052047
vn -0.242181 -0.968834 0.052047
vn -0.242181 -0.968834 0.052047
vn -0.094401 -0.966012 -0.240645
vn -0.094401 -0.966012 -0.240645
vn -0.094401 -0.966012 -0.240645
vn -0.094401 -0.966012 -0.240645
vn -0.417430 -0.862225 0.286913
vn -0.417430 -0.862225 0.286913
vn -0.417430 -0.862225 0.286913
vn -0.417430 -0.862225 0.286913
vn -0.250114 -0.944999 0.210762
vn -0.250114 -0.944999 0.210762
vn -0.250114 -0.944999 0.210762
vn -0.250114 -0.944999 0.210762
vn -0.899251 -0.237278 0.367486
vn -0.899251 -0.237278 0.367486
vn -0.899251 -0.237278 0.367486
vn -0.899251 -0.237278 0.367486
vn -0.823832 -0.128620 0.552048
vn -0.823832 -0.128620 0.552048
vn -0.823832 -0.128620 0.552048
vn -0.823832 -0.128620 0.552048
vn -0.485482 -0.869962 0.086450
vn -0.485482 -0.869962 0.086450
vn -0.485482 -0.869962 0.086450
vn -0.485482 -0.869962 0.086450
vn 0.026258 -0.984667 0.172459
vn 0.026258 -0.984667 0.172459
vn 0.026258 -0.984667 0.172459
vn 0.026258 -0.984667 0.172459
vn -0.241803 -0.945566 0.217797
vn -0.241803 -0.945566 0.217797
vn -0.241803 -0.945566 0.217797
vn -0.241803 -0.945566 0.217797
vn -0.190168 -0.981547 -0.020060
vn -0.190168 -0.981547 -0.020060
vn -0.190168 -0.981547 -0.020060
vn -0.190168 -0.981547 -0.020060
vn 0.364943 -0.901324 0.233305
vn 0.364943 -0.901324 0.233305
vn 0.364943 -0.901324 0.233305
vn 0.364943 -0.901324 0.233305
vn 0.020178 -0.996257 0.084050
vn 0.020178 -0.996257 0.084050
vn 0.020178 -0.996257 0.084050
vn 0.020178 -0.996257 0.084050
vn -0.212737 -0.957835 0.193118
vn -0.212737 -0.957835 0.193118
vn -0.212737 -0.957835 0.193118
vn -0.212737 -0.957835 0.193118
vn -0.347381 -0.879130 0.326278
vn -0.347381 -0.879130 0.326278
vn -0.347381 -0.879130 0.326278
vn -0.347381 -0.879130 0.326278
vn -0.533306 -0.830809 0.159189
vn -0.533306 -0.830809 0.159189
vn -0.533306 -0.830809 0.159189
vn -0.533306 -0.830809 0.159189
vn -0.530540 -0.846937 0.034998
vn -0.530540 -0.846937 0.034998
vn -0.530540 -0.846937 0.034998
vn -0.530540 -0.846937 0.034998
vn -0.524018 -0.847878 0.080672
vn -0.524018 -0.847878 0.080672
vn -0.524018 -0.847878 0.080672
vn -0.524018 -0.847878 0.080672
vn -0.155300 -0.984536 0.081063
vn -0.155300 -0.984536 0.081063
vn -0.155300 -0.984536 0.081063
vn -0.155300 -0.984536 0.081063
vn 0.003967 -0.999981 -0.004760
vn 0.003967 -0.999981 -0.004760
vn 0.003967 -0.999981 -0.004760
vn 0.003967 -0.999981 -0.004760
vn 0.028951 -0.999507 -0.012137
vn 0.028951 -0.999507 -0.012137
vn 0.028951 -0.999507 -0.012137
vn 0.028951 -0.999507 -0.012137
vn -0.127584 -0.991775 0.010233
vn -0.127584 -0.991775 0.010233
vn -0.127584 -0.991775 0.010233
vn -0.127584 -0.991775 0.010233
vn -0.544291 -0.838039 0.037916
vn -0.544291 -0.838039 0.037916
vn -0.544291 -0.838039 0.037916
vn -0.544291 -0.838039 0.037916
vn -0.489699 -0.869943 0.058258
vn -0.489699 -0.869943 0.058258
vn -0.489699 -0.869943 0.058258
vn -0.489699 -0.869943 0.058258
vn -0.509355 -0.860556 0.000057
vn -0.509355 -0.860556 0.000057
vn -0.509355 -0.860556 0.000057
vn -0.509355 -0.860556 0.000057
vn -0.552523 -0.827799 0.097302
vn -0.552523 -0.827799 0.097302
vn -0.552523 -0.827799 0.097302
vn -0.552523 -0.827799 0.097302
vn -0.088587 -0.993586 0.070284
vn -0.088587 -0.993586 0.070284
vn -0.088587 -0.993586 0.070284
vn -0.088587 -0.993586 0.070284
vn 0.055490 -0.997789 0.036585
vn 0.055490 -0.997789 0.036585
vn 0.055490 -0.997789 0.036585
vn 0.055490 -0.997789 0.036585
vn 0.036966 -0.992079 -0.120053
vn 0.036966 -0.992079 -0.120053
vn 0.036966 -0.992079 -0.120053
vn 0.036966 -0.992079 -0.120053
vn -0.103077 -0.985781 -0.132707
vn -0.103077 -0.985781 -0.132707
vn -0.103077 -0.985781 -0.132707
vn -0.103077 -0.985781 -0.132707
vn -0.560780 -0.820699 -0.109450
vn -0.560780 -0.820699 -0.109450
vn -0.560780 -0.820699 -0.109450
vn -0.560780 -0.820699 -0.109450
vn -0.625444 -0.771480 -0.116785
vn -0.625444 -0.771480 -0.116785
vn -0.625444 -0.771480 -0.116785
vn -0.625444 -0.771480 -0.116785
vn -0.660637 -0.720854 -0.209591
vn -0.660637 -0.720854 -0.209591
vn -0.660637 -0.720854 -0.209591
vn -0.660637 -0.720854 -0.209591
vn -0.553792 -0.779041 -0.293954
vn -0.553792 -0.779041 -0.293954
vn -0.553792 -0.779041 -0.293954
vn -0.553792 -0.779041 -0.293954
vn -0.110946 -0.959410 -0.259273
vn -0.110946 -0.959410 -0.259273
vn -0.110946 -0.959410 -0.259273
vn -0.110946 -0.959410 -0.259273
vn 0.061068 -0.976222 -0.207995
vn 0.061068 -0.976222 -0.207995
vn 0.061068 -0.976222 -0.207995
vn 0.061068 -0.976222 -0.207995
vn -0.193960 -0.975408 0.104684
vn -0.193960 -0.975408 0.104684
vn -0.193960 -0.975408 0.104684
vn -0.193960 -0.975408 0.104684
vn 0.149678 -0.688511 -0.709612
vn 0.149678 -0.688511 -0.709612
vn 0.149678 -0.688511 -0.709612
vn 0.149678 -0.688511 -0.709612
vn -0.272172 -0.787254 0.553312
vn -0.272172 -0.787254 0.553312
vn -0.272172 -0.787254 0.553312
vn -0.272172 -0.787254 0.553312
vn -0.072860 -0.997049 0.024169
vn -0.072860 -0.997049 0.024169
vn -0.072860 -0.997049 0.024169
vn -0.072860 -0.997049 0.024169
vn -0.032250 -0.999477 -0.002382
vn -0.032250 -0.999477 -0.002382
vn -0.032250 -0.999477 -0.002382
vn -0.032250 -0.999477 -0.002382
vn 0.117887 -0.720301 -0.683571
vn 0.117887 -0.720301 -0.683571
vn 0.117887 -0.720301 -0.683571
vn 0.117887 -0.720301 -0.683571
vn -0.136360 -0.799277 0.585289
vn -0.136360 -0.799277 0.585289
vn -0.136360 -0.799277 0.585289
vn -0.136360 -0.799277 0.585289
vn -0.015452 -0.998516 0.052218
vn -0.015452 -0.998516 0.052218
vn -0.015452 -0.998516 0.052218
vn -0.015452 -0.998516 0.052218
vn -0.006868 -0.992399 -0.122875
vn -0.006868 -0.992399 -0.122875
vn -0.006868 -0.992399 -0.122875
vn -0.006868 -0.992399 -0.122875
vn -0.013453 -0.992521 -0.121333
vn -0.013453 -0.992521 -0.121333
vn -0.013453 -0.992521 -0.121333
vn -0.013453 -0.992521 -0.121333
vn 0.152278 -0.493990 -0.856028
vn 0.152278 -0.493990 -0.856028
vn 0.152278 -0.493990 -0.856028
vn 0.152278 -0.493990 -0.856028
vn -0.160648 -0.733118 0.660856
vn -0.160648 -0.733118 0.660856
vn -0.160648 -0.733118 0.660856
vn -0.160648 -0.733118 0.660856
vn -0.054260 -0.970128 -0.236449
vn -0.054260 -0.970128 -0.236449
vn -0.054260 -0.970128 -0.236449
vn -0.054260 -0.970128 -0.236449
vn -0.113439 -0.938093 -0.327281
vn -0.113439 -0.938093 -0.327281
vn -0.113439 -0.938093 -0.327281
vn -0.113439 -0.938093 -0.327281
vn 0.086941 -0.908386 0.408994
vn 0.086941 -0.908386 0.408994
vn 0.086941 -0.908386 0.408994
vn 0.086941 -0.908386 0.408994
vn -0.177271 -0.971249 0.158901
vn -0.177271 -0.971249 0.158901
vn -0.177271 -0.971249 0.158901
vn -0.177271 -0.971249 0.158901
vn -0.212625 -0.953908 0.211780
vn -0.212625 -0.953908 0.211780
vn -0.212625 -0.953908 0.211780
vn -0.212625 -0.953908 0.211780
vn -0.225774 -0.961465 0.156878
vn -0.225774 -0.961465 0.156878
vn -0.225774 -0.961465 0.156878
vn -0.225774 -0.961465 0.156878
vn -0.292838 -0.926237 -0.237341
vn -0.292838 -0.926237 -0.237341
vn -0.292838 -0.926237 -0.237341
vn -0.292838 -0.926237 -0.237341
vn -0.378441 -0.747057 -0.546524
vn -0.378441 -0.747057 -0.546524
vn -0.378441 -0.747057 -0.546524
vn -0.378441 -0.747057 -0.546524
vn 0.041563 -0.598016 -0.800406
vn 0.041563 -0.598016 -0.800406
vn 0.041563 -0.598016 -0.800406
vn 0.041563 -0.598016 -0.800406
vn -0.261716 -0.941157 -0.213841
vn -0.261716 -0.941157 -0.213841
vn -0.261716 -0.941157 -0.213841
vn -0.261716 -0.941157 -0.213841
vn -0.284155 -0.945118 -0.161267
vn -0.284155 -0.945118 -0.161267
vn -0.284155 -0.945118 -0.161267
vn -0.284155 -0.945118 -0.161267
vn -0.097053 -0.977929 -0.185031
vn -0.097053 -0.977929 -0.185031
vn -0.097053 -0.977929 -0.185031
vn -0.097053 -0.977929 -0.185031
vn 0.013627 -0.890157 -0.455449
vn 0.013627 -0.890157 -0.455449
vn 0.013627 -0.890157 -0.455449
vn 0.013627 -0.890157 -0.455449
vn 0.018491 -0.907648 -0.419325
vn 0.018491 -0.907648 -0.419325
vn 0.018491 -0.907648 -0.419325
vn 0.018491 -0.907648 -0.419325
vn 0.041214 -0.982382 -0.182280
vn 0.041214 -0.982382 -0.182280
vn 0.041214 -0.982382 -0.182280
vn 0.041214 -0.982382 -0.182280
vn 0.126406 -0.686462 0.716095
vn 0.126406 -0.686462 0.716095
vn 0.126406 -0.686462 0.716095
vn 0.126406 -0.686462 0.716095
vn 0.006278 -0.583850 -0.811837
vn 0.006278 -0.583850 -0.811837
vn 0.006278 -0.583850 -0.811837
vn 0.006278 -0.583850 -0.811837
vn 0.084782 -0.882553 -0.462506
vn 0.084782 -0.882553 -0.462506
vn 0.084782 -0.882553 -0.462506
vn 0.084782 -0.882553 -0.462506
vn -0.368525 0.927898 0.056518
vn -0.368525 0.927898 0.056518
vn -0.368525 0.927898 0.056518
vn -0.368525 0.927898 0.056518
vn -0.675819 0.723901 0.138695
vn -0.675819 0.723901 0.138695
vn -0.675819 0.723901 0.138695
vn -0.675819 0.723901 0.138695
vn -0.118646 0.980617 -0.155926
vn -0.118646 0.980617 -0.155926
vn -0.118646 0.980617 -0.155926
vn -0.118646 0.980617 -0.155926
vn -0.721481 0.684515 -0.104423
vn -0.721481 0.684515 -0.104423
vn -0.721481 0.684515 -0.104423
vn -0.721481 0.684515 -0.104423
vn -0.097074 0.944167 -0.314841
vn -0.097074 0.944167 -0.314841
vn -0.097074 0.944167 -0.314841
vn -0.097074 0.944167 -0.314841
vn -0.253237 -0.795970 0.549821
vn -0.253237 -0.795970 0.549821
vn -0.253237 -0.795970 0.549821
vn -0.253237 -0.795970 0.549821
vn -0.908539 -0.406030 0.098466
vn -0.908539 -0.406030 0.098466
vn -0.908539 -0.406030 0.098466
vn -0.908539 -0.406030 0.098466
vn -0.028128 -0.992062 -0.122563
vn -0.028128 -0.992062 -0.122563
vn -0.028128 -0.992062 -0.122563
vn -0.028128 -0.992062 -0.122563
vn -0.179440 -0.974096 -0.137619
vn -0.179440 -0.974096 -0.137619
vn -0.179440 -0.974096 -0.137619
vn -0.179440 -0.974096 -0.137619
vn -0.075283 -0.985384 -0.152813
vn -0.075283 -0.985384 -0.152813
vn -0.075283 -0.985384 -0.152813
vn -0.075283 -0.985384 -0.152813
vn -0.196239 -0.978988 -0.055438
vn -0.196239 -0.978988 -0.055438
vn -0.196239 -0.978988 -0.055438
vn -0.196239 -0.978988 -0.055438
vn -0.039155 -0.997775 -0.053972
vn -0.039155 -0.997775 -0.053972
vn -0.039155 -0.997775 -0.053972
vn -0.039155 -0.997775 -0.053972
vn -0.307597 -0.939231 -0.152412
vn -0.307597 -0.939231 -0.152412
vn -0.307597 -0.939231 -0.152412
vn -0.307597 -0.939231 -0.152412
vn -0.991997 0.056114 -0.113103
vn -0.991997 0.056114 -0.113103
vn -0.991997 0.056114 -0.113103
vn -0.991997 0.056114 -0.113103
vn -0.941131 -0.181858 -0.284955
vn -0.941131 -0.181858 -0.284955
vn -0.941131 -0.181858 -0.284955
vn -0.941131 -0.181858 -0.284955
vn -0.714090 -0.408722 -0.568351
vn -0.714090 -0.408722 -0.568351
vn -0.714090 -0.408722 -0.568351
vn -0.714090 -0.408722 -0.568351
vn -0.149659 -0.966473 -0.208645
vn -0.149659 -0.966473 -0.208645
vn -0.149659 -0.966473 -0.208645
vn -0.149659 -0.966473 -0.208645
vn -0.206147 0.643149 -0.737471
vn -0.206147 0.643149 -0.737471
vn -0.206147 0.643149 -0.737471
vn -0.206147 0.643149 -0.737471
vn -0.829476 -0.401116 -0.388684
vn -0.829476 -0.401116 -0.388684
vn -0.829476 -0.401116 -0.388684
vn -0.829476 -0.401116 -0.388684
vn -0.142591 0.955177 -0.259431
vn -0.142591 0.955177 -0.259431
vn -0.142591 0.955177 -0.259431
vn -0.142591 0.955177 -0.259431
vn -0.752691 0.598036 -0.275335
vn -0.752691 0.598036 -0.275335
vn -0.752691 0.598036 -0.275335
vn -0.752691 0.598036 -0.275335
vn -0.931118 -0.155723 -0.329801
vn -0.931118 -0.155723 -0.329801
vn -0.931118 -0.155723 -0.329801
vn -0.931118 -0.155723 -0.329801
vn -0.532417 -0.707870 -0.464168
vn -0.532417 -0.707870 -0.464168
vn -0.532417 -0.707870 -0.464168
vn -0.532417 -0.707870 -0.464168
vn -0.316023 -0.945654 -0.076598
vn -0.316023 -0.945654 -0.076598
vn -0.316023 -0.945654 -0.076598
vn -0.316023 -0.945654 -0.076598
vn -0.186312 -0.981993 -0.031266
vn -0.186312 -0.981993 -0.031266
vn -0.186312 -0.981993 -0.031266
vn -0.186312 -0.981993 -0.031266
vn -0.042938 -0.998585 -0.031388
vn -0.042938 -0.998585 -0.031388
vn -0.042938 -0.998585 -0.031388
vn -0.042938 -0.998585 -0.031388
vn -0.259095 0.056296 -0.964210
vn -0.259095 0.056296 -0.964210
vn -0.259095 0.056296 -0.964210
vn -0.259095 0.056296 -0.964210
vn -0.200332 -0.967078 -0.156929
vn -0.200332 -0.967078 -0.156929
vn -0.200332 -0.967078 -0.156929
vn -0.200332 -0.967078 -0.156929
vn -0.126694 -0.977457 -0.168896
vn -0.126694 -0.977457 -0.168896
vn -0.126694 -0.977457 -0.168896
vn -0.126694 -0.977457 -0.168896
vn -0.036736 -0.981613 -0.187312
vn -0.036736 -0.981613 -0.187312
vn -0.036736 -0.981613 -0.187312
vn -0.036736 -0.981613 -0.187312
vn -0.983541 0.090024 -0.156660
vn -0.983541 0.090024 -0.156660
vn -0.983541 0.090024 -0.156660
vn -0.983541 0.090024 -0.156660
vn -0.992420 0.090181 -0.083487
vn -0.992420 0.090181 -0.083487
vn -0.992420 0.090181 -0.083487
vn -0.992420 0.090181 -0.083487
vn -0.194946 -0.834636 -0.515149
vn -0.194946 -0.834636 -0.515149
vn -0.194946 -0.834636 -0.515149
vn -0.194946 -0.834636 -0.515149
vn -0.068998 -0.882217 -0.465760
vn -0.068998 -0.882217 -0.465760
vn -0.068998 -0.882217 -0.465760
vn -0.068998 -0.882217 -0.465760
vn -0.035118 -0.890915 -0.452811
vn -0.035118 -0.890915 -0.452811
vn -0.035118 -0.890915 -0.452811
vn -0.035118 -0.890915 -0.452811
vn -0.986092 0.008719 -0.165971
vn -0.986092 0.008719 -0.165971
vn -0.986092 0.008719 -0.165971
vn -0.986092 0.008719 -0.165971
vn -0.968575 -0.033853 -0.246406
vn -0.968575 -0.033853 -0.246406
vn -0.968575 -0.033853 -0.246406
vn -0.968575 -0.033853 -0.246406
vn -0.884243 -0.175203 -0.432918
vn -0.884243 -0.175203 -0.432918
vn -0.884243 -0.175203 -0.432918
vn -0.884243 -0.175203 -0.432918
vn -0.794814 -0.186108 -0.577611
vn -0.794814 -0.186108 -0.577611
vn -0.794814 -0.186108 -0.577611
vn -0.794814 -0.186108 -0.577611
vn -0.735199 -0.325573 -0.594546
vn -0.735199 -0.325573 -0.594546
vn -0.735199 -0.325573 -0.594546
vn -0.735199 -0.325573 -0.594546
vn -0.904821 0.184558 -0.383715
vn -0.904821 0.184558 -0.383715
vn -0.904821 0.184558 -0.383715
vn -0.904821 0.184558 -0.383715
vn -0.924116 0.130695 -0.359066
vn -0.924116 0.130695 -0.359066
vn -0.924116 0.130695 -0.359066
vn -0.924116 0.130695 -0.359066
vn -0.706221 -0.039442 -0.706892
vn -0.706221 -0.039442 -0.706892
vn -0.706221 -0.039442 -0.706892
vn -0.706221 -0.039442 -0.706892
vn -0.539967 0.064144 -0.839238
vn -0.539967 0.064144 -0.839238
vn -0.539967 0.064144 -0.839238
vn -0.539967 0.064144 -0.839238
vn -0.987113 0.047514 -0.152810
vn -0.987113 0.047514 -0.152810
vn -0.987113 0.047514 -0.152810
vn -0.987113 0.047514 -0.152810
vn -0.985004 0.078529 -0.153626
vn -0.985004 0.078529 -0.153626
vn -0.985004 0.078529 -0.153626
vn -0.985004 0.078529 -0.153626
vn -0.716243 0.683551 -0.140549
vn -0.716243 0.683551 -0.140549
vn -0.716243 0.683551 -0.140549
vn -0.716243 0.683551 -0.140549
vn -0.126256 0.967229 -0.220291
vn -0.126256 0.967229 -0.220291
vn -0.126256 0.967229 -0.220291
vn -0.126256 0.967229 -0.220291
vn -0.162212 -0.941883 0.294183
vn -0.162212 -0.941883 0.294183
vn -0.162212 -0.941883 0.294183
vn -0.162212 -0.941883 0.294183
vn -0.988956 0.120266 -0.086611
vn -0.988956 0.120266 -0.086611
vn -0.988956 0.120266 -0.086611
vn -0.988956 0.120266 -0.086611
vn -0.703910 0.710175 0.012768
vn -0.703910 0.710175 0.012768
vn -0.703910 0.710175 0.012768
vn -0.703910 0.710175 0.012768
vn -0.181422 0.983288 0.015190
vn -0.181422 0.983288 0.015190
vn -0.181422 0.983288 0.015190
vn -0.181422 0.983288 0.015190
vn -0.991675 0.055087 -0.116386
vn -0.991675 0.055087 -0.116386
vn -0.991675 0.055087 -0.116386
vn -0.991675 0.055087 -0.116386
vn -0.331426 -0.943111 -0.026443
vn -0.331426 -0.943111 -0.026443
vn -0.331426 -0.943111 -0.026443
vn -0.331426 -0.943111 -0.026443
vn -0.995642 -0.052977 -0.076755
vn -0.995642 -0.052977 -0.076755
vn -0.995642 -0.052977 -0.076755
vn -0.995642 -0.052977 -0.076755
vn -0.995187 0.051268 -0.083511
vn -0.995187 0.051268 -0.083511
vn -0.995187 0.051268 -0.083511
vn -0.995187 0.051268 -0.083511
vn -0.643316 0.745319 0.175055
vn -0.643316 0.745319 0.175055
vn -0.643316 0.745319 0.175055
vn -0.643316 0.745319 0.175055
vn -0.261015 0.950676 0.167589
vn -0.261015 0.950676 0.167589
vn -0.261015 0.950676 0.167589
vn -0.261015 0.950676 0.167589
vn -0.521106 -0.850706 0.068901
vn -0.521106 -0.850706 0.068901
vn -0.521106 -0.850706 0.068901
vn -0.521106 -0.850706 0.068901
vn -0.272015 -0.943464 0.189428
vn -0.272015 -0.943464 0.189428
vn -0.272015 -0.943464 0.189428
vn -0.272015 -0.943464 0.189428
vn -0.120371 -0.968566 0.217694
vn -0.120371 -0.968566 0.217694
vn -0.120371 -0.968566 0.217694
vn -0.120371 -0.968566 0.217694
vn -0.893216 0.210587 -0.397263
vn -0.893216 0.210587 -0.397263
vn -0.893216 0.210587 -0.397263
vn -0.893216 0.210587 -0.397263
vn -0.869408 0.115536 -0.480397
vn -0.869408 0.115536 -0.480397
vn -0.869408 0.115536 -0.480397
vn -0.869408 0.115536 -0.480397
vn -0.852314 0.303594 -0.425902
vn -0.852314 0.303594 -0.425902
vn -0.852314 0.303594 -0.425902
vn -0.852314 0.303594 -0.425902
vn -0.182354 0.765779 -0.616709
vn -0.182354 0.765779 -0.616709
vn -0.182354 0.765779 -0.616709
vn -0.182354 0.765779 -0.616709
vn -0.823339 0.383178 -0.418674
vn -0.823339 0.383178 -0.418674
vn -0.823339 0.383178 -0.418674
vn -0.823339 0.383178 -0.418674
vn -0.130740 0.948028 -0.290088
vn -0.130740 0.948028 -0.290088
vn -0.130740 0.948028 -0.290088
vn -0.130740 0.948028 -0.290088
vn -0.741927 0.650555 0.162239
vn -0.741927 0.650555 0.162239
vn -0.741927 0.650555 0.162239
vn -0.741927 0.650555 0.162239
vn -0.497938 0.428943 -0.753701
vn -0.497938 0.428943 -0.753701
vn -0.497938 0.428943 -0.753701
vn -0.497938 0.428943 -0.753701
vn -0.509630 0.107404 -0.853664
vn -0.509630 0.107404 -0.853664
vn -0.509630 0.107404 -0.853664
vn -0.509630 0.107404 -0.853664
vn -0.976370 0.029064 -0.214143
vn -0.976370 0.029064 -0.214143
vn -0.976370 0.029064 -0.214143
vn -0.976370 0.029064 -0.214143
vn -0.858949 0.128946 -0.495560
vn -0.858949 0.128946 -0.495560
vn -0.858949 0.128946 -0.495560
vn -0.858949 0.128946 -0.495560
vn -0.793229 -0.391154 -0.466675
vn -0.793229 -0.391154 -0.466675
vn -0.793229 -0.391154 -0.466675
vn -0.793229 -0.391154 -0.466675
vn -0.789373 0.232999 -0.567981
vn -0.789373 0.232999 -0.567981
vn -0.789373 0.232999 -0.567981
vn -0.789373 0.232999 -0.567981
vn -0.595757 0.429303 -0.678802
vn -0.595757 0.429303 -0.678802
vn -0.595757 0.429303 -0.678802
vn -0.595757 0.429303 -0.678802
vn -0.389303 0.246376 -0.887549
vn -0.389303 0.246376 -0.887549
vn -0.389303 0.246376 -0.887549
vn -0.389303 0.246376 -0.887549
vn -0.951178 -0.217499 -0.218988
vn -0.951178 -0.217499 -0.218988
vn -0.951178 -0.217499 -0.218988
vn -0.951178 -0.217499 -0.218988
vn -0.955118 -0.288945 -0.065280
vn -0.955118 -0.288945 -0.065280
vn -0.955118 -0.288945 -0.065280
vn -0.955118 -0.288945 -0.065280
vn -0.576905 0.293634 -0.762207
vn -0.576905 0.293634 -0.762207
vn -0.576905 0.293634 -0.762207
vn -0.576905 0.293634 -0.762207
vn 0.849835 0.443275 -0.285109
vn 0.849835 0.443275 -0.285109
vn 0.849835 0.443275 -0.285109
vn 0.849835 0.443275 -0.285109
vn 0.925821 -0.096752 -0.365369
vn 0.925821 -0.096752 -0.365369
vn 0.925821 -0.096752 -0.365369
vn 0.925821 -0.096752 -0.365369
vn 0.959455 -0.281721 -0.008896
vn 0.959455 -0.281721 -0.008896
vn 0.959455 -0.281721 -0.008896
vn 0.959455 -0.281721 -0.008896
vn 0.061999 -0.435544 0.898030
vn 0.061999 -0.435544 0.898030
vn 0.061999 -0.435544 0.898030
vn 0.061999 -0.435544 0.898030
vn 0.180024 -0.339509 0.923214
vn 0.180024 -0.339509 0.923214
vn 0.180024 -0.339509 0.923214
vn 0.180024 -0.339509 0.923214
vn 0.775628 0.572394 0.266019
vn 0.775628 0.572394 0.266019
vn 0.775628 0.572394 0.266019
vn 0.775628 0.572394 0.266019
vn -0.896768 0.417825 -0.145705
vn -0.896768 0.417825 -0.145705
vn -0.896768 0.417825 -0.145705
vn -0.896768 0.417825 -0.145705
vn -0.914396 0.397204 -0.078165
vn -0.914396 0.397204 -0.078165
vn -0.914396 0.397204 -0.078165
vn -0.914396 0.397204 -0.078165
vn -0.930501 0.363993 -0.040964
vn -0.930501 0.363993 -0.040964
vn -0.930501 0.363993 -0.040964
vn -0.930501 0.363993 -0.040964
vn -0.925104 0.379459 0.013895
vn -0.925104 0.379459 0.013895
vn -0.925104 0.379459 0.013895
vn -0.925104 0.379459 0.013895
vn -0.907408 0.378847 0.181894
vn -0.907408 0.378847 0.181894
vn -0.907408 0.378847 0.181894
vn -0.907408 0.378847 0.181894
vn -0.659714 0.728847 -0.183192
vn -0.659714 0.728847 -0.183192
vn -0.659714 0.728847 -0.183192
vn -0.659714 0.728847 -0.183192
vn -0.987694 -0.156379 -0.002360
vn -0.987694 -0.156379 -0.002360
vn -0.987694 -0.156379 -0.002360
vn -0.987694 -0.156379 -0.002360
vn 0.921359 -0.387629 0.029020
vn 0.921359 -0.387629 0.029020
vn 0.921359 -0.387629 0.029020
vn 0.921359 -0.387629 0.029020
vn -0.345020 0.572591 -0.743707
vn -0.345020 0.572591 -0.743707
vn -0.345020 0.572591 -0.743707
vn -0.345020 0.572591 -0.743707
vn 0.291292 0.889566 0.351881
vn 0.291292 0.889566 0.351881
vn 0.291292 0.889566 0.351881
vn 0.291292 0.889566 0.351881
vn -0.883036 -0.352706 -0.309590
vn -0.883036 -0.352706 -0.309590
vn -0.883036 -0.352706 -0.309590
vn -0.883036 -0.352706 -0.309590
vn -0.954811 -0.213799 -0.206458
vn -0.954811 -0.213799 -0.206458
vn -0.954811 -0.213799 -0.206458
vn -0.954811 -0.213799 -0.206458
vn -0.963091 -0.052842 -0.263937
vn -0.963091 -0.052842 -0.263937
vn -0.963091 -0.052842 -0.263937
vn -0.963091 -0.052842 -0.263937
vn -0.754453 0.649176 0.096801
vn -0.754453 0.649176 0.096801
vn -0.754453 0.649176 0.096801
vn -0.754453 0.649176 0.096801
vn -0.695166 0.085133 -0.713790
vn -0.695166 0.085133 -0.713790
vn -0.695166 0.085133 -0.713790
vn -0.695166 0.085133 -0.713790
vn 0.937854 -0.336006 -0.086776
vn 0.937854 -0.336006 -0.086776
vn 0.937854 -0.336006 -0.086776
vn 0.937854 -0.336006 -0.086776
vn -0.110235 0.553006 -0.825853
vn -0.110235 0.553006 -0.825853
vn -0.110235 0.553006 -0.825853
vn -0.110235 0.553006 -0.825853
vn -0.913174 0.401026 -0.072739
vn -0.913174 0.401026 -0.072739
vn -0.913174 0.401026 -0.072739
vn -0.913174 0.401026 -0.072739
vn -0.597027 -0.069028 -0.799246
vn -0.597027 -0.069028 -0.799246
vn -0.597027 -0.069028 -0.799246
vn -0.597027 -0.069028 -0.799246
vn -0.944867 -0.325373 -0.036865
vn -0.944867 -0.325373 -0.036865
vn -0.944867 -0.325373 -0.036865
vn -0.944867 -0.325373 -0.036865
vn 0.074240 0.173171 0.982090
vn 0.074240 0.173171 0.982090
vn 0.074240 0.173171 0.982090
vn 0.074240 0.173171 0.982090
vn -0.863353 0.050993 -0.502017
vn -0.863353 0.050993 -0.502017
vn -0.863353 0.050993 -0.502017
vn -0.863353 0.050993 -0.502017
vn -0.149428 -0.964606 -0.217271
vn -0.149428 -0.964606 -0.217271
vn -0.149428 -0.964606 -0.217271
vn -0.149428 -0.964606 -0.217271
vn -0.087053 -0.971435 -0.220761
vn -0.087053 -0.971435 -0.220761
vn -0.087053 -0.971435 -0.220761
vn -0.087053 -0.971435 -0.220761
vn -0.022789 -0.975618 -0.218291
vn -0.022789 -0.975618 -0.218291
vn -0.022789 -0.975618 -0.218291
vn -0.022789 -0.975618 -0.218291
vn -0.918081 0.195015 -0.345104
vn -0.918081 0.195015 -0.345104
vn -0.918081 0.195015 -0.345104
vn -0.918081 0.195015 -0.345104
vn -0.250019 -0.955304 -0.157750
vn -0.250019 -0.955304 -0.157750
vn -0.250019 -0.955304 -0.157750
vn -0.250019 -0.955304 -0.157750
vn -0.162960 -0.969643 -0.182309
vn -0.162960 -0.969643 -0.182309
vn -0.162960 -0.969643 -0.182309
vn -0.162960 -0.969643 -0.182309
vn -0.033874 -0.985033 -0.169003
vn -0.033874 -0.985033 -0.169003
vn -0.033874 -0.985033 -0.169003
vn -0.033874 -0.985033 -0.169003
vn -0.916693 0.153987 -0.368730
vn -0.916693 0.153987 -0.368730
vn -0.916693 0.153987 -0.368730
vn -0.916693 0.153987 -0.368730
vn -0.226795 0.055078 -0.972384
vn -0.226795 0.055078 -0.972384
vn -0.226795 0.055078 -0.972384
vn -0.226795 0.055078 -0.972384
vn -0.759925 -0.063746 -0.646878
vn -0.759925 -0.063746 -0.646878
vn -0.759925 -0.063746 -0.646878
vn -0.759925 -0.063746 -0.646878
vn -0.326941 -0.903768 -0.276249
vn -0.326941 -0.903768 -0.276249
vn -0.326941 -0.903768 -0.276249
vn -0.326941 -0.903768 -0.276249
vn -0.222963 -0.974812 -0.005424
vn -0.222963 -0.974812 -0.005424
vn -0.222963 -0.974812 -0.005424
vn -0.222963 -0.974812 -0.005424
vn -0.700753 0.108711 -0.705072
vn -0.700753 0.108711 -0.705072
vn -0.700753 0.108711 -0.705072
vn -0.700753 0.108711 -0.705072
vn -0.834189 0.179240 -0.521537
vn -0.834189 0.179240 -0.521537
vn -0.834189 0.179240 -0.521537
vn -0.834189 0.179240 -0.521537
vn -0.728084 0.537192 -0.425815
vn -0.728084 0.537192 -0.425815
vn -0.728084 0.537192 -0.425815
vn -0.728084 0.537192 -0.425815
vn -0.933499 0.214978 0.286990
vn -0.933499 0.214978 0.286990
vn -0.933499 0.214978 0.286990
vn -0.933499 0.214978 0.286990
vn -0.952709 0.291492 -0.085901
vn -0.952709 0.291492 -0.085901
vn -0.952709 0.291492 -0.085901
vn -0.952709 0.291492 -0.085901
vn -0.829842 0.066447 -0.554028
vn -0.829842 0.066447 -0.554028
vn -0.829842 0.066447 -0.554028
vn -0.829842 0.066447 -0.554028
vn -0.715416 -0.057865 -0.696298
vn -0.715416 -0.057865 -0.696298
vn -0.715416 -0.057865 -0.696298
vn -0.715416 -0.057865 -0.696298
vn -0.718887 -0.207706 -0.663370
vn -0.718887 -0.207706 -0.663370
vn -0.718887 -0.207706 -0.663370
vn -0.718887 -0.207706 -0.663370
vn -0.846572 0.119474 -0.518693
vn -0.846572 0.119474 -0.518693
vn -0.846572 0.119474 -0.518693
vn -0.846572 0.119474 -0.518693
vn -0.588939 -0.037195 -0.807321
vn -0.588939 -0.037195 -0.807321
vn -0.588939 -0.037195 -0.807321
vn -0.588939 -0.037195 -0.807321
vn -0.167079 -0.069398 -0.983498
vn -0.167079 -0.069398 -0.983498
vn -0.167079 -0.069398 -0.983498
vn -0.167079 -0.069398 -0.983498
vn -0.673093 0.116099 -0.730388
vn -0.673093 0.116099 -0.730388
vn -0.673093 0.116099 -0.730388
vn -0.673093 0.116099 -0.730388
vn -0.612651 -0.333580 -0.716508
vn -0.612651 -0.333580 -0.716508
vn -0.612651 -0.333580 -0.716508
vn -0.612651 -0.333580 -0.716508
vn -0.871195 -0.418920 -0.255980
vn -0.871195 -0.418920 -0.255980
vn -0.871195 -0.418920 -0.255980
vn -0.871195 -0.418920 -0.255980
vn -0.904429 -0.363863 0.222738
vn -0.904429 -0.363863 0.222738
vn -0.904429 -0.363863 0.222738
vn -0.904429 -0.363863 0.222738
vn -0.678849 -0.219114 -0.700824
vn -0.678849 -0.219114 -0.700824
vn -0.678849 -0.219114 -0.700824
vn -0.678849 -0.219114 -0.700824
vn -0.570261 0.234508 -0.787279
vn -0.570261 0.234508 -0.787279
vn -0.570261 0.234508 -0.787279
vn -0.570261 0.234508 -0.787279
vn -0.422129 0.434857 -0.795428
vn -0.422129 0.434857 -0.795428
vn -0.422129 0.434857 -0.795428
vn -0.422129 0.434857 -0.795428
vn -0.506873 0.464609 -0.726098
vn -0.506873 0.464609 -0.726098
vn -0.506873 0.464609 -0.726098
vn -0.506873 0.464609 -0.726098
vn -0.609512 0.171158 -0.774080
vn -0.609512 0.171158 -0.774080
vn -0.609512 0.171158 -0.774080
vn -0.609512 0.171158 -0.774080
vn -0.517550 0.348007 -0.781686
vn -0.517550 0.348007 -0.781686
vn -0.517550 0.348007 -0.781686
vn -0.517550 0.348007 -0.781686
vn 0.575764 0.620197 0.532777
vn 0.575764 0.620197 0.532777
vn 0.575764 0.620197 0.532777
vn 0.575764 0.620197 0.532777
vn 0.509817 -0.654388 0.558447
vn 0.509817 -0.654388 0.558447
vn 0.509817 -0.654388 0.558447
vn 0.509817 -0.654388 0.558447
vn -0.986816 0.062165 -0.149435
vn -0.986816 0.062165 -0.149435
vn -0.986816 0.062165 -0.149435
vn -0.986816 0.062165 -0.149435
vn -0.918589 0.301916 -0.255032
vn -0.918589 0.301916 -0.255032
vn -0.918589 0.301916 -0.255032
vn -0.918589 0.301916 -0.255032
vn -0.583984 0.711156 -0.391433
vn -0.583984 0.711156 -0.391433
vn -0.583984 0.711156 -0.391433
vn -0.583984 0.711156 -0.391433
vn -0.881445 0.286148 -0.375732
vn -0.881445 0.286148 -0.375732
vn -0.881445 0.286148 -0.375732
vn -0.881445 0.286148 -0.375732
vn -0.089468 0.867967 -0.488496
vn -0.089468 0.867967 -0.488496
vn -0.089468 0.867967 -0.488496
vn -0.089468 0.867967 -0.488496
vn -0.699626 -0.419072 -0.578707
vn -0.699626 -0.419072 -0.578707
vn -0.699626 -0.419072 -0.578707
vn -0.699626 -0.419072 -0.578707
vn -0.799599 -0.288379 -0.526762
vn -0.799599 -0.288379 -0.526762
vn -0.799599 -0.288379 -0.526762
vn -0.799599 -0.288379 -0.526762
vn -0.975538 -0.089566 -0.200756
vn -0.975538 -0.089566 -0.200756
vn -0.975538 -0.089566 -0.200756
vn -0.975538 -0.089566 -0.200756
vn -0.979784 0.080100 -0.183323
vn -0.979784 0.080100 -0.183323
vn -0.979784 0.080100 -0.183323
vn -0.979784 0.080100 -0.183323
vn -0.924342 0.043903 -0.379031
vn -0.924342 0.043903 -0.379031
vn -0.924342 0.043903 -0.379031
vn -0.924342 0.043903 -0.379031
vn -0.995494 0.014302 -0.093739
vn -0.995494 0.014302 -0.093739
vn -0.995494 0.014302 -0.093739
vn -0.995494 0.014302 -0.093739
vn -0.988062 -0.142196 -0.059286
vn -0.988062 -0.142196 -0.059286
vn -0.988062 -0.142196 -0.059286
vn -0.988062 -0.142196 -0.059286
vn -0.959928 0.042179 -0.277055
vn -0.959928 0.042179 -0.277055
vn -0.959928 0.042179 -0.277055
vn -0.959928 0.042179 -0.277055
vn -0.220587 -0.189890 -0.956704
vn -0.220587 -0.189890 -0.956704
vn -0.220587 -0.189890 -0.956704
vn -0.220587 -0.189890 -0.956704
vn -0.561048 -0.221223 -0.797675
vn -0.561048 -0.221223 -0.797675
vn -0.561048 -0.221223 -0.797675
vn -0.561048 -0.221223 -0.797675
vn -0.763604 -0.205242 -0.612197
vn -0.763604 -0.205242 -0.612197
vn -0.763604 -0.205242 -0.612197
vn -0.763604 -0.205242 -0.612197
vn -0.793552 -0.213359 -0.569871
vn -0.793552 -0.213359 -0.569871
vn -0.793552 -0.213359 -0.569871
vn -0.793552 -0.213359 -0.569871
vn -0.960606 0.141696 -0.239078
vn -0.960606 0.141696 -0.239078
vn -0.960606 0.141696 -0.239078
vn -0.960606 0.141696 -0.239078
vn -0.929687 -0.036930 -0.366496
vn -0.929687 -0.036930 -0.366496
vn -0.929687 -0.036930 -0.366496
vn -0.929687 -0.036930 -0.366496
vn -0.835531 0.472124 -0.281046
vn -0.835531 0.472124 -0.281046
vn -0.835531 0.472124 -0.281046
vn -0.835531 0.472124 -0.281046
vn -0.963578 -0.261964 0.053776
vn -0.963578 -0.261964 0.053776
vn -0.963578 -0.261964 0.053776
vn -0.963578 -0.261964 0.053776
vn -0.770243 0.522557 -0.365594
vn -0.770243 0.522557 -0.365594
vn -0.770243 0.522557 -0.365594
vn -0.770243 0.522557 -0.365594
vn -0.732198 0.549096 -0.402964
vn -0.732198 0.549096 -0.402964
vn -0.732198 0.549096 -0.402964
vn -0.732198 0.549096 -0.402964
vn -0.144166 0.952298 -0.268971
vn -0.144166 0.952298 -0.268971
vn -0.144166 0.952298 -0.268971
vn -0.144166 0.952298 -0.268971
vn -0.730314 -0.138708 -0.668881
vn -0.730314 -0.138708 -0.668881
vn -0.730314 -0.138708 -0.668881
vn -0.730314 -0.138708 -0.668881
vn -0.709844 0.296805 -0.638772
vn -0.709844 0.296805 -0.638772
vn -0.709844 0.296805 -0.638772
vn -0.709844 0.296805 -0.638772
vn -0.319246 0.670308 -0.669902
vn -0.319246 0.670308 -0.669902
vn -0.319246 0.670308 -0.669902
vn -0.319246 0.670308 -0.669902
vn -0.244320 0.806805 -0.537934
vn -0.244320 0.806805 -0.537934
vn -0.244320 0.806805 -0.537934
vn -0.244320 0.806805 -0.537934
vn -0.247130 0.914810 -0.319453
vn -0.247130 0.914810 -0.319453
vn -0.247130 0.914810 -0.319453
vn -0.247130 0.914810 -0.319453
vn -0.290939 0.920618 -0.260416
vn -0.290939 0.920618 -0.260416
vn -0.290939 0.920618 -0.260416
vn -0.290939 0.920618 -0.260416
vn -0.324694 0.896268 -0.302121
vn -0.324694 0.896268 -0.302121
vn -0.324694 0.896268 -0.302121
vn -0.324694 0.896268 -0.302121
vn -0.400185 0.870044 -0.287881
vn -0.400185 0.870044 -0.287881
vn -0.400185 0.870044 -0.287881
vn -0.400185 0.870044 -0.287881
vn -0.924034 0.162594 -0.346014
vn -0.924034 0.162594 -0.346014
vn -0.924034 0.162594 -0.346014
vn -0.924034 0.162594 -0.346014
vn -0.838611 0.373402 -0.396615
vn -0.838611 0.373402 -0.396615
vn -0.838611 0.373402 -0.396615
vn -0.838611 0.373402 -0.396615
vn -0.984556 0.143446 0.100362
vn -0.984556 0.143446 0.100362
vn -0.984556 0.143446 0.100362
vn -0.984556 0.143446 0.100362
vn -0.999236 -0.025760 0.029386
vn -0.999236 -0.025760 0.029386
vn -0.999236 -0.025760 0.029386
vn -0.999236 -0.025760 0.029386
vn -0.387599 0.102227 -0.916142
vn -0.387599 0.102227 -0.916142
vn -0.387599 0.102227 -0.916142
vn -0.387599 0.102227 -0.916142
vn -0.330624 -0.730692 -0.597308
vn -0.330624 -0.730692 -0.597308
vn -0.330624 -0.730692 -0.597308
vn -0.330624 -0.730692 -0.597308
vn -0.338820 -0.869120 -0.360321
vn -0.338820 -0.869120 -0.360321
vn -0.338820 -0.869120 -0.360321
vn -0.338820 -0.869120 -0.360321
vn -0.352309 -0.892861 -0.280496
vn -0.352309 -0.892861 -0.280496
vn -0.352309 -0.892861 -0.280496
vn -0.352309 -0.892861 -0.280496
vn -0.437333 -0.876545 -0.201017
vn -0.437333 -0.876545 -0.201017
vn -0.437333 -0.876545 -0.201017
vn -0.437333 -0.876545 -0.201017
vn -0.493647 -0.842785 -0.214537
vn -0.493647 -0.842785 -0.214537
vn -0.493647 -0.842785 -0.214537
vn -0.493647 -0.842785 -0.214537
vn -0.548234 -0.812281 -0.199095
vn -0.548234 -0.812281 -0.199095
vn -0.548234 -0.812281 -0.199095
vn -0.548234 -0.812281 -0.199095
vn -0.611454 -0.773088 -0.168698
vn -0.611454 -0.773088 -0.168698
vn -0.611454 -0.773088 -0.168698
vn -0.611454 -0.773088 -0.168698
vn -0.963308 -0.081479 -0.255732
vn -0.963308 -0.081479 -0.255732
vn -0.963308 -0.081479 -0.255732
vn -0.963308 -0.081479 -0.255732
vn -0.996145 0.016462 -0.086159
vn -0.996145 0.016462 -0.086159
vn -0.996145 0.016462 -0.086159
vn -0.996145 0.016462 -0.086159
vn -0.966000 0.034382 -0.256245
vn -0.966000 0.034382 -0.256245
vn -0.966000 0.034382 -0.256245
vn -0.966000 0.034382 -0.256245
vn -0.671971 -0.737289 -0.069714
vn -0.671971 -0.737289 -0.069714
vn -0.671971 -0.737289 -0.069714
vn -0.671971 -0.737289 -0.069714
vn -0.891913 -0.265559 -0.366019
vn -0.891913 -0.265559 -0.366019
vn -0.891913 -0.265559 -0.366019
vn -0.891913 -0.265559 -0.366019
vn -0.931152 0.357388 -0.072317
vn -0.931152 0.357388 -0.072317
vn -0.931152 0.357388 -0.072317
vn -0.931152 0.357388 -0.072317
vn -0.908638 0.277144 0.312359
vn -0.908638 0.277144 0.312359
vn -0.908638 0.277144 0.312359
vn -0.908638 0.277144 0.312359
vn -0.660602 0.514189 -0.547005
vn -0.660602 0.514189 -0.547005
vn -0.660602 0.514189 -0.547005
vn -0.660602 0.514189 -0.547005
vn -0.216768 0.531541 -0.818826
vn -0.216768 0.531541 -0.818826
vn -0.216768 0.531541 -0.818826
vn -0.216768 0.531541 -0.818826
vn 0.881694 -0.448553 -0.146343
vn 0.881694 -0.448553 -0.146343
vn 0.881694 -0.448553 -0.146343
vn 0.881694 -0.448553 -0.146343
vn -0.737036 0.660080 -0.145163
vn -0.737036 0.660080 -0.145163
vn -0.737036 0.660080 -0.145163
vn -0.737036 0.660080 -0.145163
vn -0.884138 0.432720 -0.176222
vn -0.884138 0.432720 -0.176222
vn -0.884138 0.432720 -0.176222
vn -0.884138 0.432720 -0.176222
vn -0.914804 0.305784 -0.263876
vn -0.914804 0.305784 -0.263876
vn -0.914804 0.305784 -0.263876
vn -0.914804 0.305784 -0.263876
vn -0.275592 0.947249 -0.163612
vn -0.275592 0.947249 -0.163612
vn -0.275592 0.947249 -0.163612
vn -0.275592 0.947249 -0.163612
vn -0.490098 0.860354 -0.139981
vn -0.490098 0.860354 -0.139981
vn -0.490098 0.860354 -0.139981
vn -0.490098 0.860354 -0.139981
vn -0.802548 0.575643 -0.156688
vn -0.802548 0.575643 -0.156688
vn -0.802548 0.575643 -0.156688
vn -0.802548 0.575643 -0.156688
vn -0.892032 0.451741 -0.014496
vn -0.892032 0.451741 -0.014496
vn -0.892032 0.451741 -0.014496
vn -0.892032 0.451741 -0.014496
vn -0.994793 0.082550 0.059764
vn -0.994793 0.082550 0.059764
vn -0.994793 0.082550 0.059764
vn -0.994793 0.082550 0.059764
vn -0.983313 -0.181194 -0.016234
vn -0.983313 -0.181194 -0.016234
vn -0.983313 -0.181194 -0.016234
vn -0.983313 -0.181194 -0.016234
vn -0.767318 -0.484610 -0.419971
vn -0.767318 -0.484610 -0.419971
vn -0.767318 -0.484610 -0.419971
vn -0.767318 -0.484610 -0.419971
vn -0.684811 -0.522775 -0.507682
vn -0.684811 -0.522775 -0.507682
vn -0.684811 -0.522775 -0.507682
vn -0.684811 -0.522775 -0.507682
vn -0.724040 -0.394572 -0.565755
vn -0.724040 -0.394572 -0.565755
vn -0.724040 -0.394572 -0.565755
vn -0.724040 -0.394572 -0.565755
vn -0.697420 -0.012785 -0.716548
vn -0.697420 -0.012785 -0.716548
vn -0.697420 -0.012785 -0.716548
vn -0.697420 -0.012785 -0.716548
vn -0.391872 -0.151364 -0.907483
vn -0.391872 -0.151364 -0.907483
vn -0.391872 -0.151364 -0.907483
vn -0.391872 -0.151364 -0.907483
vn -0.183402 0.121207 -0.975537
vn -0.183402 0.121207 -0.975537
vn -0.183402 0.121207 -0.975537
vn -0.183402 0.121207 -0.975537
vn -0.047889 0.249078 -0.967299
vn -0.047889 0.249078 -0.967299
vn -0.047889 0.249078 -0.967299
vn -0.047889 0.249078 -0.967299
vn -0.132353 0.667571 -0.732688
vn -0.132353 0.667571 -0.732688
vn -0.132353 0.667571 -0.732688
vn -0.132353 0.667571 -0.732688
vn -0.259223 0.892540 -0.369020
vn -0.259223 0.892540 -0.369020
vn -0.259223 0.892540 -0.369020
vn -0.259223 0.892540 -0.369020
vn -0.966607 -0.050812 -0.251177
vn -0.966607 -0.050812 -0.251177
vn -0.966607 -0.050812 -0.251177
vn -0.966607 -0.050812 -0.251177
vn -0.790393 -0.491707 -0.365381
vn -0.790393 -0.491707 -0.365381
vn -0.790393 -0.491707 -0.365381
vn -0.790393 -0.491707 -0.365381
vn -0.739698 0.153482 -0.655203
vn -0.739698 0.153482 -0.655203
vn -0.739698 0.153482 -0.655203
vn -0.739698 0.153482 -0.655203
vn -0.919476 0.378062 -0.107858
vn -0.919476 0.378062 -0.107858
vn -0.919476 0.378062 -0.107858
vn -0.919476 0.378062 -0.107858
vn -0.782688 0.356456 -0.510235
vn -0.782688 0.356456 -0.510235
vn -0.782688 0.356456 -0.510235
vn -0.782688 0.356456 -0.510235
vn -0.834386 0.481550 -0.268158
vn -0.834386 0.481550 -0.268158
vn -0.834386 0.481550 -0.268158
vn -0.834386 0.481550 -0.268158
vn -0.801762 0.495250 -0.334522
vn -0.801762 0.495250 -0.334522
vn -0.801762 0.495250 -0.334522
vn -0.801762 0.495250 -0.334522
vn -0.771760 0.319399 -0.549883
vn -0.771760 0.319399 -0.549883
vn -0.771760 0.319399 -0.549883
vn -0.771760 0.319399 -0.549883
vn -0.874886 -0.133537 -0.465556
vn -0.874886 -0.133537 -0.465556
vn -0.874886 -0.133537 -0.465556
vn -0.874886 -0.133537 -0.465556
vn -0.884907 -0.037508 -0.464255
vn -0.884907 -0.037508 -0.464255
vn -0.884907 -0.037508 -0.464255
vn -0.884907 -0.037508 -0.464255
vn -0.964949 0.062619 -0.254857
vn -0.964949 0.062619 -0.254857
vn -0.964949 0.062619 -0.254857
vn -0.964949 0.062619 -0.254857
vn -0.900985 0.167383 -0.400262
vn -0.900985 0.167383 -0.400262
vn -0.900985 0.167383 -0.400262
vn -0.900985 0.167383 -0.400262
vn -0.957883 -0.032291 -0.285336
vn -0.957883 -0.032291 -0.285336
vn -0.957883 -0.032291 -0.285336
vn -0.957883 -0.032291 -0.285336
vn -0.932622 -0.165036 -0.320904
vn -0.932622 -0.165036 -0.320904
vn -0.932622 -0.165036 -0.320904
vn -0.932622 -0.165036 -0.320904
vn -0.934105 -0.224282 -0.277752
vn -0.934105 -0.224282 -0.277752
vn -0.934105 -0.224282 -0.277752
vn -0.934105 -0.224282 -0.277752
vn -0.925758 -0.079596 -0.369643
vn -0.925758 -0.079596 -0.369643
vn -0.925758 -0.079596 -0.369643
vn -0.925758 -0.079596 -0.369643
vn -0.927244 -0.150797 -0.342753
vn -0.927244 -0.150797 -0.342753
vn -0.927244 -0.150797 -0.342753
vn -0.927244 -0.150797 -0.342753
vn -0.965184 -0.073180 -0.251127
vn -0.965184 -0.073180 -0.251127
vn -0.965184 -0.073180 -0.251127
vn -0.965184 -0.073180 -0.251127
vn -0.905065 -0.296084 -0.305273
vn -0.905065 -0.296084 -0.305273
vn -0.905065 -0.296084 -0.305273
vn -0.905065 -0.296084 -0.305273
vn -0.845799 -0.069807 -0.528915
vn -0.845799 -0.069807 -0.528915
vn -0.845799 -0.069807 -0.528915
vn -0.845799 -0.069807 -0.528915
vn -0.834365 -0.142229 -0.532547
vn -0.834365 -0.142229 -0.532547
vn -0.834365 -0.142229 -0.532547
vn -0.834365 -0.142229 -0.532547
vn -0.832850 -0.167487 -0.527550
vn -0.832850 -0.167487 -0.527550
vn -0.832850 -0.167487 -0.527550
vn -0.832850 -0.167487 -0.527550
vn -0.681708 -0.512725 -0.521907
vn -0.681708 -0.512725 -0.521907
vn -0.681708 -0.512725 -0.521907
vn -0.681708 -0.512725 -0.521907
vn -0.772807 -0.241550 -0.586875
vn -0.772807 -0.241550 -0.586875
vn -0.772807 -0.241550 -0.586875
vn -0.772807 -0.241550 -0.586875
vn -0.839802 -0.108482 -0.531944
vn -0.839802 -0.108482 -0.531944
vn -0.839802 -0.108482 -0.531944
vn -0.839802 -0.108482 -0.531944
vn -0.817431 -0.171451 -0.549920
vn -0.817431 -0.171451 -0.549920
vn -0.817431 -0.171451 -0.549920
vn -0.817431 -0.171451 -0.549920
vn -0.563694 0.819389 0.104166
vn -0.563694 0.819389 0.104166
vn -0.563694 0.819389 0.104166
vn -0.563694 0.819389 0.104166
vn -0.449046 0.862090 0.234860
vn -0.449046 0.862090 0.234860
vn -0.449046 0.862090 0.234860
vn -0.449046 0.862090 0.234860
vn -0.408730 0.910739 0.059109
vn -0.408730 0.910739 0.059109
vn -0.408730 0.910739 0.059109
vn -0.408730 0.910739 0.059109
vn -0.359412 0.926074 -0.114933
vn -0.359412 0.926074 -0.114933
vn -0.359412 0.926074 -0.114933
vn -0.359412 0.926074 -0.114933
vn -0.274917 0.940185 -0.201179
vn -0.274917 0.940185 -0.201179
vn -0.274917 0.940185 -0.201179
vn -0.274917 0.940185 -0.201179
vn -0.213887 0.942386 -0.257217
vn -0.213887 0.942386 -0.257217
vn -0.213887 0.942386 -0.257217
vn -0.213887 0.942386 -0.257217
vn -0.207279 0.935280 -0.286857
vn -0.207279 0.935280 -0.286857
vn -0.207279 0.935280 -0.286857
vn -0.207279 0.935280 -0.286857
vn -0.214300 0.938139 -0.271977
vn -0.214300 0.938139 -0.271977
vn -0.214300 0.938139 -0.271977
vn -0.214300 0.938139 -0.271977
vn -0.221236 0.923495 -0.313388
vn -0.221236 0.923495 -0.313388
vn -0.221236 0.923495 -0.313388
vn -0.221236 0.923495 -0.313388
vn -0.267533 0.820759 -0.504758
vn -0.267533 0.820759 -0.504758
vn -0.267533 0.820759 -0.504758
vn -0.267533 0.820759 -0.504758
vn -0.325135 0.688006 -0.648795
vn -0.325135 0.688006 -0.648795
vn -0.325135 0.688006 -0.648795
vn -0.325135 0.688006 -0.648795
vn -0.405092 0.574999 -0.710828
vn -0.405092 0.574999 -0.710828
vn -0.405092 0.574999 -0.710828
vn -0.405092 0.574999 -0.710828
vn -0.687987 -0.048985 -0.724068
vn -0.687987 -0.048985 -0.724068
vn -0.687987 -0.048985 -0.724068
vn -0.687987 -0.048985 -0.724068
vn -0.535627 0.066194 -0.841856
vn -0.535627 0.066194 -0.841856
vn -0.535627 0.066194 -0.841856
vn -0.535627 0.066194 -0.841856
vn -0.886794 0.113846 -0.447924
vn -0.886794 0.113846 -0.447924
vn -0.886794 0.113846 -0.447924
vn -0.886794 0.113846 -0.447924
vn -0.825708 -0.173088 -0.536886
vn -0.825708 -0.173088 -0.536886
vn -0.825708 -0.173088 -0.536886
vn -0.825708 -0.173088 -0.536886
vn -0.906144 0.143608 -0.397843
vn -0.906144 0.143608 -0.397843
vn -0.906144 0.143608 -0.397843
vn -0.906144 0.143608 -0.397843
vn -0.870083 -0.057084 -0.489589
vn -0.870083 -0.057084 -0.489589
vn -0.870083 -0.057084 -0.489589
vn -0.870083 -0.057084 -0.489589
vn -0.427469 -0.409564 -0.805933
vn -0.427469 -0.409564 -0.805933
vn -0.427469 -0.409564 -0.805933
vn -0.427469 -0.409564 -0.805933
vn -0.334108 -0.795229 -0.505948
vn -0.334108 -0.795229 -0.505948
vn -0.334108 -0.795229 -0.505948
vn -0.334108 -0.795229 -0.505948
vn -0.436025 0.458432 -0.774417
vn -0.436025 0.458432 -0.774417
vn -0.436025 0.458432 -0.774417
vn -0.436025 0.458432 -0.774417
vn -0.909388 0.215215 -0.355945
vn -0.909388 0.215215 -0.355945
vn -0.909388 0.215215 -0.355945
vn -0.909388 0.215215 -0.355945
vn -0.853106 0.359616 -0.378004
vn -0.853106 0.359616 -0.378004
vn -0.853106 0.359616 -0.378004
vn -0.853106 0.359616 -0.378004
vn -0.987014 -0.049052 -0.152965
vn -0.987014 -0.049052 -0.152965
vn -0.987014 -0.049052 -0.152965
vn -0.987014 -0.049052 -0.152965
vn -0.870487 -0.473433 -0.134586
vn -0.870487 -0.473433 -0.134586
vn -0.870487 -0.473433 -0.134586
vn -0.870487 -0.473433 -0.134586
vn -0.987698 -0.155365 -0.017747
vn -0.987698 -0.155365 -0.017747
vn -0.987698 -0.155365 -0.017747
vn -0.987698 -0.155365 -0.017747
vn -0.662895 -0.667116 0.339892
vn -0.662895 -0.667116 0.339892
vn -0.662895 -0.667116 0.339892
vn -0.662895 -0.667116 0.339892
vn -0.206210 -0.866825 0.453974
vn -0.206210 -0.866825 0.453974
vn -0.206210 -0.866825 0.453974
vn -0.206210 -0.866825 0.453974
vn -0.995255 -0.097284 0.001534
vn -0.995255 -0.097284 0.001534
vn -0.995255 -0.097284 0.001534
vn -0.995255 -0.097284 0.001534
vn -0.902666 0.408436 0.135554
vn -0.902666 0.408436 0.135554
vn -0.902666 0.408436 0.135554
vn -0.902666 0.408436 0.135554
vn -0.617470 0.745182 0.251860
vn -0.617470 0.745182 0.251860
vn -0.617470 0.745182 0.251860
vn -0.617470 0.745182 0.251860
vn -0.521206 0.837314 0.165072
vn -0.521206 0.837314 0.165072
vn -0.521206 0.837314 0.165072
vn -0.521206 0.837314 0.165072
vn -0.315158 0.946257 0.072614
vn -0.315158 0.946257 0.072614
vn -0.315158 0.946257 0.072614
vn -0.315158 0.946257 0.072614
vn -0.574504 -0.807014 0.136654
vn -0.574504 -0.807014 0.136654
vn -0.574504 -0.807014 0.136654
vn -0.574504 -0.807014 0.136654
vn -0.989318 0.105700 -0.100391
vn -0.989318 0.105700 -0.100391
vn -0.989318 0.105700 -0.100391
vn -0.989318 0.105700 -0.100391
vn -0.992241 -0.047676 0.114827
vn -0.992241 -0.047676 0.114827
vn -0.992241 -0.047676 0.114827
vn -0.992241 -0.047676 0.114827
vn -0.446330 -0.842529 0.301552
vn -0.446330 -0.842529 0.301552
vn -0.446330 -0.842529 0.301552
vn -0.446330 -0.842529 0.301552
vn -0.738604 -0.515559 0.434353
vn -0.738604 -0.515559 0.434353
vn -0.738604 -0.515559 0.434353
vn -0.738604 -0.515559 0.434353
vn -0.997313 -0.023344 -0.069434
vn -0.997313 -0.023344 -0.069434
vn -0.997313 -0.023344 -0.069434
vn -0.997313 -0.023344 -0.069434
vn -0.987153 -0.037700 0.155265
vn -0.987153 -0.037700 0.155265
vn -0.987153 -0.037700 0.155265
vn -0.987153 -0.037700 0.155265
vn -0.805899 -0.340965 0.484014
vn -0.805899 -0.340965 0.484014
vn -0.805899 -0.340965 0.484014
vn -0.805899 -0.340965 0.484014
vn -0.627327 -0.686333 0.367979
vn -0.627327 -0.686333 0.367979
vn -0.627327 -0.686333 0.367979
vn -0.627327 -0.686333 0.367979
vn -0.440604 -0.652914 -0.616094
vn -0.440604 -0.652914 -0.616094
vn -0.440604 -0.652914 -0.616094
vn -0.440604 -0.652914 -0.616094
vn -0.730217 -0.024849 -0.682764
vn -0.730217 -0.024849 -0.682764
vn -0.730217 -0.024849 -0.682764
vn -0.730217 -0.024849 -0.682764
vn -0.482930 -0.470280 -0.738657
vn -0.482930 -0.470280 -0.738657
vn -0.482930 -0.470280 -0.738657
vn -0.482930 -0.470280 -0.738657
vn -0.084641 -0.332794 -0.939193
vn -0.084641 -0.332794 -0.939193
vn -0.084641 -0.332794 -0.939193
vn -0.084641 -0.332794 -0.939193
vn -0.272964 0.922089 0.274302
vn -0.272964 0.922089 0.274302
vn -0.272964 0.922089 0.274302
vn -0.272964 0.922089 0.274302
vn -0.526025 0.810836 0.256597
vn -0.526025 0.810836 0.256597
vn -0.526025 0.810836 0.256597
vn -0.526025 0.810836 0.256597
vn -0.482630 0.845152 0.229752
vn -0.482630 0.845152 0.229752
vn -0.482630 0.845152 0.229752
vn -0.482630 0.845152 0.229752
vn -0.544948 0.786519 0.290552
vn -0.544948 0.786519 0.290552
vn -0.544948 0.786519 0.290552
vn -0.544948 0.786519 0.290552
vn -0.608073 0.787849 0.097673
vn -0.608073 0.787849 0.097673
vn -0.608073 0.787849 0.097673
vn -0.608073 0.787849 0.097673
vn -0.784000 0.433841 -0.443990
vn -0.784000 0.433841 -0.443990
vn -0.784000 0.433841 -0.443990
vn -0.784000 0.433841 -0.443990
vn -0.086615 0.991032 0.101756
vn -0.086615 0.991032 0.101756
vn -0.086615 0.991032 0.101756
vn -0.086615 0.991032 0.101756
vn -0.514139 0.844373 0.150652
vn -0.514139 0.844373 0.150652
vn -0.514139 0.844373 0.150652
vn -0.514139 0.844373 0.150652
vn -0.510425 0.858145 0.055258
vn -0.510425 0.858145 0.055258
vn -0.510425 0.858145 0.055258
vn -0.510425 0.858145 0.055258
vn -0.604825 0.705316 0.369751
vn -0.604825 0.705316 0.369751
vn -0.604825 0.705316 0.369751
vn -0.604825 0.705316 0.369751
vn -0.610054 0.734444 0.297366
vn -0.610054 0.734444 0.297366
vn -0.610054 0.734444 0.297366
vn -0.610054 0.734444 0.297366
vn -0.611379 0.764543 0.204181
vn -0.611379 0.764543 0.204181
vn -0.611379 0.764543 0.204181
vn -0.611379 0.764543 0.204181
vn -0.616166 0.777187 0.127744
vn -0.616166 0.777187 0.127744
vn -0.616166 0.777187 0.127744
vn -0.616166 0.777187 0.127744
vn -0.602876 0.795538 0.060503
vn -0.602876 0.795538 0.060503
vn -0.602876 0.795538 0.060503
vn -0.602876 0.795538 0.060503
vn -0.648991 0.701108 0.295396
vn -0.648991 0.701108 0.295396
vn -0.648991 0.701108 0.295396
vn -0.648991 0.701108 0.295396
vn -0.629246 0.751065 0.199876
vn -0.629246 0.751065 0.199876
vn -0.629246 0.751065 0.199876
vn -0.629246 0.751065 0.199876
vn -0.615515 0.779718 0.114806
vn -0.615515 0.779718 0.114806
vn -0.615515 0.779718 0.114806
vn -0.615515 0.779718 0.114806
vn -0.674808 0.737720 0.020076
vn -0.674808 0.737720 0.020076
vn -0.674808 0.737720 0.020076
vn -0.674808 0.737720 0.020076
vn -0.745269 0.610809 -0.267369
vn -0.745269 0.610809 -0.267369
vn -0.745269 0.610809 -0.267369
vn -0.745269 0.610809 -0.267369
vn -0.234434 0.578164 -0.781516
vn -0.234434 0.578164 -0.781516
vn -0.234434 0.578164 -0.781516
vn -0.234434 0.578164 -0.781516
vn -0.503315 0.864085 -0.005565
vn -0.503315 0.864085 -0.005565
vn -0.503315 0.864085 -0.005565
vn -0.503315 0.864085 -0.005565
vn -0.159961 0.645146 -0.747127
vn -0.159961 0.645146 -0.747127
vn -0.159961 0.645146 -0.747127
vn -0.159961 0.645146 -0.747127
vn -0.462047 0.443935 -0.767746
vn -0.462047 0.443935 -0.767746
vn -0.462047 0.443935 -0.767746
vn -0.462047 0.443935 -0.767746
vn 0.510206 0.855216 -0.091086
vn 0.510206 0.855216 -0.091086
vn 0.510206 0.855216 -0.091086
vn 0.510206 0.855216 -0.091086
vn -0.510622 0.648974 0.564002
vn -0.510622 0.648974 0.564002
vn -0.510622 0.648974 0.564002
vn -0.510622 0.648974 0.564002
vn -0.700137 0.713842 -0.015428
vn -0.700137 0.713842 -0.015428
vn -0.700137 0.713842 -0.015428
vn -0.700137 0.713842 -0.015428
vn -0.647448 0.752191 -0.122557
vn -0.647448 0.752191 -0.122557
vn -0.647448 0.752191 -0.122557
vn -0.647448 0.752191 -0.122557
vn -0.568485 0.812975 0.126080
vn -0.568485 0.812975 0.126080
vn -0.568485 0.812975 0.126080
vn -0.568485 0.812975 0.126080
vn -0.428736 0.886035 0.176430
vn -0.428736 0.886035 0.176430
vn -0.428736 0.886035 0.176430
vn -0.428736 0.886035 0.176430
vn -0.273473 0.937484 0.215258
vn -0.273473 0.937484 0.215258
vn -0.273473 0.937484 0.215258
vn -0.273473 0.937484 0.215258
vn -0.326759 0.932186 0.155750
vn -0.326759 0.932186 0.155750
vn -0.326759 0.932186 0.155750
vn -0.326759 0.932186 0.155750
vn -0.651717 0.756662 0.052235
vn -0.651717 0.756662 0.052235
vn -0.651717 0.756662 0.052235
vn -0.651717 0.756662 0.052235
vn -0.676822 0.735988 -0.015262
vn -0.676822 0.735988 -0.015262
vn -0.676822 0.735988 -0.015262
vn -0.676822 0.735988 -0.015262
vn -0.601639 0.794849 0.079028
vn -0.601639 0.794849 0.079028
vn -0.601639 0.794849 0.079028
vn -0.601639 0.794849 0.079028
vn -0.670787 0.697615 -0.251748
vn -0.670787 0.697615 -0.251748
vn -0.670787 0.697615 -0.251748
vn -0.670787 0.697615 -0.251748
vn -0.668392 0.741663 -0.056457
vn -0.668392 0.741663 -0.056457
vn -0.668392 0.741663 -0.056457
vn -0.668392 0.741663 -0.056457
vn -0.499462 0.526025 -0.688357
vn -0.499462 0.526025 -0.688357
vn -0.499462 0.526025 -0.688357
vn -0.499462 0.526025 -0.688357
vn -0.089775 0.976690 0.194981
vn -0.089775 0.976690 0.194981
vn -0.089775 0.976690 0.194981
vn -0.089775 0.976690 0.194981
vn -0.388593 0.886492 0.251251
vn -0.388593 0.886492 0.251251
vn -0.388593 0.886492 0.251251
vn -0.388593 0.886492 0.251251
vn -0.420339 0.892749 0.162220
vn -0.420339 0.892749 0.162220
vn -0.420339 0.892749 0.162220
vn -0.420339 0.892749 0.162220
vn -0.403266 0.913193 0.058774
vn -0.403266 0.913193 0.058774
vn -0.403266 0.913193 0.058774
vn -0.403266 0.913193 0.058774
vn -0.381826 0.923877 -0.025711
vn -0.381826 0.923877 -0.025711
vn -0.381826 0.923877 -0.025711
vn -0.381826 0.923877 -0.025711
vn 0.323235 0.937932 -0.125708
vn 0.323235 0.937932 -0.125708
vn 0.323235 0.937932 -0.125708
vn 0.323235 0.937932 -0.125708
vn -0.563029 0.814463 0.140175
vn -0.563029 0.814463 0.140175
vn -0.563029 0.814463 0.140175
vn -0.563029 0.814463 0.140175
vn -0.561932 0.825030 0.059647
vn -0.561932 0.825030 0.059647
vn -0.561932 0.825030 0.059647
vn -0.561932 0.825030 0.059647
vn -0.532454 0.845731 0.035109
vn -0.532454 0.845731 0.035109
vn -0.532454 0.845731 0.035109
vn -0.532454 0.845731 0.035109
vn -0.559023 0.701930 0.441347
vn -0.559023 0.701930 0.441347
vn -0.559023 0.701930 0.441347
vn -0.559023 0.701930 0.441347
vn -0.703093 0.686005 -0.187235
vn -0.703093 0.686005 -0.187235
vn -0.703093 0.686005 -0.187235
vn -0.703093 0.686005 -0.187235
vn -0.665037 0.725727 -0.176197
vn -0.665037 0.725727 -0.176197
vn -0.665037 0.725727 -0.176197
vn -0.665037 0.725727 -0.176197
vn -0.408921 0.909335 0.076767
vn -0.408921 0.909335 0.076767
vn -0.408921 0.909335 0.076767
vn -0.408921 0.909335 0.076767
vn -0.515494 0.852904 0.082590
vn -0.515494 0.852904 0.082590
vn -0.515494 0.852904 0.082590
vn -0.515494 0.852904 0.082590
vn -0.564521 0.821471 0.080636
vn -0.564521 0.821471 0.080636
vn -0.564521 0.821471 0.080636
vn -0.564521 0.821471 0.080636
vn -0.611606 0.786940 0.081630
vn -0.611606 0.786940 0.081630
vn -0.611606 0.786940 0.081630
vn -0.611606 0.786940 0.081630
vn -0.639957 0.765602 0.065641
vn -0.639957 0.765602 0.065641
vn -0.639957 0.765602 0.065641
vn -0.639957 0.765602 0.065641
vn -0.659101 0.749743 0.058919
vn -0.659101 0.749743 0.058919
vn -0.659101 0.749743 0.058919
vn -0.659101 0.749743 0.058919
vn -0.723704 0.689199 0.035452
vn -0.723704 0.689199 0.035452
vn -0.723704 0.689199 0.035452
vn -0.723704 0.689199 0.035452
vn -0.387577 0.921603 0.020789
vn -0.387577 0.921603 0.020789
vn -0.387577 0.921603 0.020789
vn -0.387577 0.921603 0.020789
vn -0.505811 0.861784 0.038513
vn -0.505811 0.861784 0.038513
vn -0.505811 0.861784 0.038513
vn -0.505811 0.861784 0.038513
vn -0.554012 0.831283 0.045164
vn -0.554012 0.831283 0.045164
vn -0.554012 0.831283 0.045164
vn -0.554012 0.831283 0.045164
vn -0.596068 0.800239 0.065735
vn -0.596068 0.800239 0.065735
vn -0.596068 0.800239 0.065735
vn -0.596068 0.800239 0.065735
vn -0.652895 0.755686 0.051642
vn -0.652895 0.755686 0.051642
vn -0.652895 0.755686 0.051642
vn -0.652895 0.755686 0.051642
vn -0.695445 0.718058 0.027367
vn -0.695445 0.718058 0.027367
vn -0.695445 0.718058 0.027367
vn -0.695445 0.718058 0.027367
vn -0.725486 0.685587 -0.060328
vn -0.725486 0.685587 -0.060328
vn -0.725486 0.685587 -0.060328
vn -0.725486 0.685587 -0.060328
vn -0.803178 0.472334 -0.363051
vn -0.803178 0.472334 -0.363051
vn -0.803178 0.472334 -0.363051
vn -0.803178 0.472334 -0.363051
vn -0.383989 0.918453 -0.094855
vn -0.383989 0.918453 -0.094855
vn -0.383989 0.918453 -0.094855
vn -0.383989 0.918453 -0.094855
vn -0.486890 0.871848 -0.053103
vn -0.486890 0.871848 -0.053103
vn -0.486890 0.871848 -0.053103
vn -0.486890 0.871848 -0.053103
vn -0.496608 0.867882 -0.012691
vn -0.496608 0.867882 -0.012691
vn -0.496608 0.867882 -0.012691
vn -0.496608 0.867882 -0.012691
vn -0.634779 0.772580 -0.013298
vn -0.634779 0.772580 -0.013298
vn -0.634779 0.772580 -0.013298
vn -0.634779 0.772580 -0.013298
vn -0.702983 0.707764 -0.069893
vn -0.702983 0.707764 -0.069893
vn -0.702983 0.707764 -0.069893
vn -0.702983 0.707764 -0.069893
vn -0.671121 0.740037 -0.044067
vn -0.671121 0.740037 -0.044067
vn -0.671121 0.740037 -0.044067
vn -0.671121 0.740037 -0.044067
vn -0.749598 0.506274 -0.426366
vn -0.749598 0.506274 -0.426366
vn -0.749598 0.506274 -0.426366
vn -0.749598 0.506274 -0.426366
vn -0.547750 0.802023 0.238180
vn -0.547750 0.802023 0.238180
vn -0.547750 0.802023 0.238180
vn -0.547750 0.802023 0.238180
vn -0.503925 0.823810 0.259608
vn -0.503925 0.823810 0.259608
vn -0.503925 0.823810 0.259608
vn -0.503925 0.823810 0.259608
vn -0.362952 0.885250 0.290859
vn -0.362952 0.885250 0.290859
vn -0.362952 0.885250 0.290859
vn -0.362952 0.885250 0.290859
vn -0.530942 0.789767 0.307193
vn -0.530942 0.789767 0.307193
vn -0.530942 0.789767 0.307193
vn -0.530942 0.789767 0.307193
vn -0.470762 0.821968 0.320548
vn -0.470762 0.821968 0.320548
vn -0.470762 0.821968 0.320548
vn -0.470762 0.821968 0.320548
vn -0.314889 0.880876 0.353414
vn -0.314889 0.880876 0.353414
vn -0.314889 0.880876 0.353414
vn -0.314889 0.880876 0.353414
vn -0.543487 0.746096 0.384660
vn -0.543487 0.746096 0.384660
vn -0.543487 0.746096 0.384660
vn -0.543487 0.746096 0.384660
vn -0.445730 0.797060 0.407454
vn -0.445730 0.797060 0.407454
vn -0.445730 0.797060 0.407454
vn -0.445730 0.797060 0.407454
vn -0.256251 0.863216 0.434963
vn -0.256251 0.863216 0.434963
vn -0.256251 0.863216 0.434963
vn -0.256251 0.863216 0.434963
vn -0.504095 0.670200 0.544720
vn -0.504095 0.670200 0.544720
vn -0.504095 0.670200 0.544720
vn -0.504095 0.670200 0.544720
vn -0.293319 0.770007 0.566615
vn -0.293319 0.770007 0.566615
vn -0.293319 0.770007 0.566615
vn -0.293319 0.770007 0.566615
vn -0.344364 0.870622 0.351327
vn -0.344364 0.870622 0.351327
vn -0.344364 0.870622 0.351327
vn -0.344364 0.870622 0.351327
vn -0.483372 0.820923 0.304035
vn -0.483372 0.820923 0.304035
vn -0.483372 0.820923 0.304035
vn -0.483372 0.820923 0.304035
vn -0.537115 0.795726 0.279871
vn -0.537115 0.795726 0.279871
vn -0.537115 0.795726 0.279871
vn -0.537115 0.795726 0.279871
vn -0.606268 0.746458 0.274297
vn -0.606268 0.746458 0.274297
vn -0.606268 0.746458 0.274297
vn -0.606268 0.746458 0.274297
vn -0.633589 0.716295 0.292381
vn -0.633589 0.716295 0.292381
vn -0.633589 0.716295 0.292381
vn -0.633589 0.716295 0.292381
vn -0.548278 0.783611 0.292138
vn -0.548278 0.783611 0.292138
vn -0.548278 0.783611 0.292138
vn -0.548278 0.783611 0.292138
vn -0.460941 0.842494 0.278815
vn -0.460941 0.842494 0.278815
vn -0.460941 0.842494 0.278815
vn -0.460941 0.842494 0.278815
vn -0.395279 0.891175 0.222623
vn -0.395279 0.891175 0.222623
vn -0.395279 0.891175 0.222623
vn -0.395279 0.891175 0.222623
vn -0.515336 0.835789 0.189434
vn -0.515336 0.835789 0.189434
vn -0.515336 0.835789 0.189434
vn -0.515336 0.835789 0.189434
vn -0.556526 0.809840 0.185574
vn -0.556526 0.809840 0.185574
vn -0.556526 0.809840 0.185574
vn -0.556526 0.809840 0.185574
vn -0.615292 0.769374 0.171698
vn -0.615292 0.769374 0.171698
vn -0.615292 0.769374 0.171698
vn -0.615292 0.769374 0.171698
vn -0.616198 0.766339 0.181727
vn -0.616198 0.766339 0.181727
vn -0.616198 0.766339 0.181727
vn -0.616198 0.766339 0.181727
vn -0.568392 0.787749 0.237451
vn -0.568392 0.787749 0.237451
vn -0.568392 0.787749 0.237451
vn -0.568392 0.787749 0.237451
vn -0.587259 0.747179 0.311208
vn -0.587259 0.747179 0.311208
vn -0.587259 0.747179 0.311208
vn -0.587259 0.747179 0.311208
vn -0.540355 0.788276 0.294342
vn -0.540355 0.788276 0.294342
vn -0.540355 0.788276 0.294342
vn -0.540355 0.788276 0.294342
vn -0.313418 0.880958 0.354516
vn -0.313418 0.880958 0.354516
vn -0.313418 0.880958 0.354516
vn -0.313418 0.880958 0.354516
vn -0.307289 0.939436 0.151768
vn -0.307289 0.939436 0.151768
vn -0.307289 0.939436 0.151768
vn -0.307289 0.939436 0.151768
vn -0.385144 0.896031 0.220892
vn -0.385144 0.896031 0.220892
vn -0.385144 0.896031 0.220892
vn -0.385144 0.896031 0.220892
vn -0.478256 0.790866 0.381842
vn -0.478256 0.790866 0.381842
vn -0.478256 0.790866 0.381842
vn -0.478256 0.790866 0.381842
vn -0.445978 0.793571 0.413943
vn -0.445978 0.793571 0.413943
vn -0.445978 0.793571 0.413943
vn -0.445978 0.793571 0.413943
vn -0.543645 0.627776 0.557088
vn -0.543645 0.627776 0.557088
vn -0.543645 0.627776 0.557088
vn -0.543645 0.627776 0.557088
vn -0.234468 0.769459 0.594102
vn -0.234468 0.769459 0.594102
vn -0.234468 0.769459 0.594102
vn -0.234468 0.769459 0.594102
vn -0.585886 0.719618 0.372676
vn -0.585886 0.719618 0.372676
vn -0.585886 0.719618 0.372676
vn -0.585886 0.719618 0.372676
vn -0.304903 0.701482 0.644171
vn -0.304903 0.701482 0.644171
vn -0.304903 0.701482 0.644171
vn -0.304903 0.701482 0.644171
vn 0.070165 0.994380 0.079287
vn 0.070165 0.994380 0.079287
vn 0.070165 0.994380 0.079287
vn 0.070165 0.994380 0.079287
vn -0.934948 -0.106047 -0.338565
vn -0.934948 -0.106047 -0.338565
vn -0.934948 -0.106047 -0.338565
vn -0.934948 -0.106047 -0.338565
vn -0.543533 -0.006961 0.839359
vn -0.543533 -0.006961 0.839359
vn -0.543533 -0.006961 0.839359
vn -0.543533 -0.006961 0.839359
vn 0.412375 -0.393810 0.821499
vn 0.412375 -0.393810 0.821499
vn 0.412375 -0.393810 0.821499
vn 0.412375 -0.393810 0.821499
vn -0.896172 -0.020632 0.443227
vn -0.896172 -0.020632 0.443227
vn -0.896172 -0.020632 0.443227
vn -0.896172 -0.020632 0.443227
vn -0.869562 -0.035944 0.492514
vn -0.869562 -0.035944 0.492514
vn -0.869562 -0.035944 0.492514
vn -0.869562 -0.035944 0.492514
vn -0.776215 -0.026825 0.629898
vn -0.776215 -0.026825 0.629898
vn -0.776215 -0.026825 0.629898
vn -0.776215 -0.026825 0.629898
vn -0.571281 -0.037423 0.819901
vn -0.571281 -0.037423 0.819901
vn -0.571281 -0.037423 0.819901
vn -0.571281 -0.037423 0.819901
vn -0.959351 0.010173 -0.282033
vn -0.959351 0.010173 -0.282033
vn -0.959351 0.010173 -0.282033
vn -0.959351 0.010173 -0.282033
vn -0.666572 -0.030907 0.744799
vn -0.666572 -0.030907 0.744799
vn -0.666572 -0.030907 0.744799
vn -0.666572 -0.030907 0.744799
vn -0.399627 -0.074541 0.913642
vn -0.399627 -0.074541 0.913642
vn -0.399627 -0.074541 0.913642
vn -0.399627 -0.074541 0.913642
vn -0.781976 -0.043499 0.621788
vn -0.781976 -0.043499 0.621788
vn -0.781976 -0.043499 0.621788
vn -0.781976 -0.043499 0.621788
vn -0.855028 -0.273474 -0.440611
vn -0.855028 -0.273474 -0.440611
vn -0.855028 -0.273474 -0.440611
vn -0.855028 -0.273474 -0.440611
vn -0.974872 0.112989 0.191982
vn -0.974872 0.112989 0.191982
vn -0.974872 0.112989 0.191982
vn -0.974872 0.112989 0.191982
vn -0.534462 0.008965 -0.845145
vn -0.534462 0.008965 -0.845145
vn -0.534462 0.008965 -0.845145
vn -0.534462 0.008965 -0.845145
vn -0.923228 -0.041934 0.381957
vn -0.923228 -0.041934 0.381957
vn -0.923228 -0.041934 0.381957
vn -0.923228 -0.041934 0.381957
vn -0.397683 -0.915194 -0.065334
vn -0.397683 -0.915194 -0.065334
vn -0.397683 -0.915194 -0.065334
vn -0.397683 -0.915194 -0.065334
vn -0.189727 -0.981551 0.023697
vn -0.189727 -0.981551 0.023697
vn -0.189727 -0.981551 0.023697
vn -0.189727 -0.981551 0.023697
vn 0.200953 -0.811038 0.549395
vn 0.200953 -0.811038 0.549395
vn 0.200953 -0.811038 0.549395
vn 0.200953 -0.811038 0.549395
vn -0.115603 -0.984025 -0.135395
vn -0.115603 -0.984025 -0.135395
vn -0.115603 -0.984025 -0.135395
vn -0.115603 -0.984025 -0.135395
vn -0.179863 -0.982395 0.050503
vn -0.179863 -0.982395 0.050503
vn -0.179863 -0.982395 0.050503
vn -0.179863 -0.982395 0.050503
vn -0.102058 -0.954833 0.279068
vn -0.102058 -0.954833 0.279068
vn -0.102058 -0.954833 0.279068
vn -0.102058 -0.954833 0.279068
vn 0.124945 -0.988543 0.084689
vn 0.124945 -0.988543 0.084689
vn 0.124945 -0.988543 0.084689
vn 0.124945 -0.988543 0.084689
vn -0.279304 -0.959381 -0.039727
vn -0.279304 -0.959381 -0.039727
vn -0.279304 -0.959381 -0.039727
vn -0.279304 -0.959381 -0.039727
vn -0.267562 -0.958655 0.096912
vn -0.267562 -0.958655 0.096912
vn -0.267562 -0.958655 0.096912
vn -0.267562 -0.958655 0.096912
vn -0.013609 -0.772544 0.634815
vn -0.013609 -0.772544 0.634815
vn -0.013609 -0.772544 0.634815
vn -0.013609 -0.772544 0.634815
vn -0.515189 -0.814224 -0.267618
vn -0.515189 -0.814224 -0.267618
vn -0.515189 -0.814224 -0.267618
vn -0.515189 -0.814224 -0.267618
vn -0.254856 -0.959193 -0.122462
vn -0.254856 -0.959193 -0.122462
vn -0.254856 -0.959193 -0.122462
vn -0.254856 -0.959193 -0.122462
vn -0.506025 -0.828159 -0.241021
vn -0.506025 -0.828159 -0.241021
vn -0.506025 -0.828159 -0.241021
vn -0.506025 -0.828159 -0.241021
vn -0.272233 -0.958020 -0.089924
vn -0.272233 -0.958020 -0.089924
vn -0.272233 -0.958020 -0.089924
vn -0.272233 -0.958020 -0.089924
vn -0.916454 0.110733 -0.384513
vn -0.916454 0.110733 -0.384513
vn -0.916454 0.110733 -0.384513
vn -0.916454 0.110733 -0.384513
vn -0.433730 0.898807 -0.063430
vn -0.433730 0.898807 -0.063430
vn -0.433730 0.898807 -0.063430
vn -0.433730 0.898807 -0.063430
vn -0.047938 0.993493 -0.103312
vn -0.047938 0.993493 -0.103312
vn -0.047938 0.993493 -0.103312
vn -0.047938 0.993493 -0.103312
vn -0.073570 0.943305 0.323672
vn -0.073570 0.943305 0.323672
vn -0.073570 0.943305 0.323672
vn -0.073570 0.943305 0.323672
vn -0.443098 0.890954 0.099319
vn -0.443098 0.890954 0.099319
vn -0.443098 0.890954 0.099319
vn -0.443098 0.890954 0.099319
vn -0.087021 0.981196 0.172285
vn -0.087021 0.981196 0.172285
vn -0.087021 0.981196 0.172285
vn -0.087021 0.981196 0.172285
vn -0.117899 0.977269 0.176198
vn -0.117899 0.977269 0.176198
vn -0.117899 0.977269 0.176198
vn -0.117899 0.977269 0.176198
vn 0.166075 0.932147 0.321747
vn 0.166075 0.932147 0.321747
vn 0.166075 0.932147 0.321747
vn 0.166075 0.932147 0.321747
vn 0.167278 0.967844 0.187872
vn 0.167278 0.967844 0.187872
vn 0.167278 0.967844 0.187872
vn 0.167278 0.967844 0.187872
vn -0.225342 0.973335 -0.042892
vn -0.225342 0.973335 -0.042892
vn -0.225342 0.973335 -0.042892
vn -0.225342 0.973335 -0.042892
vn 0.107441 0.982567 0.151717
vn 0.107441 0.982567 0.151717
vn 0.107441 0.982567 0.151717
vn 0.107441 0.982567 0.151717
vn -0.291812 0.952084 -0.091553
vn -0.291812 0.952084 -0.091553
vn -0.291812 0.952084 -0.091553
vn -0.291812 0.952084 -0.091553
vn -0.005031 0.995307 -0.096636
vn -0.005031 0.995307 -0.096636
vn -0.005031 0.995307 -0.096636
vn -0.005031 0.995307 -0.096636
vn -0.211705 0.963172 0.165774
vn -0.211705 0.963172 0.165774
vn -0.211705 0.963172 0.165774
vn -0.211705 0.963172 0.165774
vn -0.175273 0.982495 -0.063113
vn -0.175273 0.982495 -0.063113
vn -0.175273 0.982495 -0.063113
vn -0.175273 0.982495 -0.063113
vn 0.215384 0.971332 -0.100620
vn 0.215384 0.971332 -0.100620
vn 0.215384 0.971332 -0.100620
vn 0.215384 0.971332 -0.100620
vn -0.603705 -0.629844 -0.488709
vn -0.603705 -0.629844 -0.488709
vn -0.603705 -0.629844 -0.488709
vn -0.603705 -0.629844 -0.488709
vn -0.362582 -0.921315 -0.140401
vn -0.362582 -0.921315 -0.140401
vn -0.362582 -0.921315 -0.140401
vn -0.362582 -0.921315 -0.140401
vn -0.425521 -0.902019 -0.072761
vn -0.425521 -0.902019 -0.072761
vn -0.425521 -0.902019 -0.072761
vn -0.425521 -0.902019 -0.072761
vn -0.308661 -0.903051 0.298711
vn -0.308661 -0.903051 0.298711
vn -0.308661 -0.903051 0.298711
vn -0.308661 -0.903051 0.298711
vn -0.385947 -0.912594 -0.134970
vn -0.385947 -0.912594 -0.134970
vn -0.385947 -0.912594 -0.134970
vn -0.385947 -0.912594 -0.134970
vn -0.300017 -0.952788 -0.046739
vn -0.300017 -0.952788 -0.046739
vn -0.300017 -0.952788 -0.046739
vn -0.300017 -0.952788 -0.046739
vn -0.235500 -0.931273 0.277974
vn -0.235500 -0.931273 0.277974
vn -0.235500 -0.931273 0.277974
vn -0.235500 -0.931273 0.277974
vn -0.348877 -0.937160 -0.004041
vn -0.348877 -0.937160 -0.004041
vn -0.348877 -0.937160 -0.004041
vn -0.348877 -0.937160 -0.004041
vn -0.383869 -0.922885 -0.030471
vn -0.383869 -0.922885 -0.030471
vn -0.383869 -0.922885 -0.030471
vn -0.383869 -0.922885 -0.030471
vn -0.300969 -0.953621 0.004927
vn -0.300969 -0.953621 0.004927
vn -0.300969 -0.953621 0.004927
vn -0.300969 -0.953621 0.004927
vn -0.131778 -0.982826 0.129184
vn -0.131778 -0.982826 0.129184
vn -0.131778 -0.982826 0.129184
vn -0.131778 -0.982826 0.129184
vn -0.372712 -0.927945 -0.001921
vn -0.372712 -0.927945 -0.001921
vn -0.372712 -0.927945 -0.001921
vn -0.372712 -0.927945 -0.001921
vn -0.104083 -0.958155 -0.266658
vn -0.104083 -0.958155 -0.266658
vn -0.104083 -0.958155 -0.266658
vn -0.104083 -0.958155 -0.266658
vn -0.537084 -0.594661 -0.598263
vn -0.537084 -0.594661 -0.598263
vn -0.537084 -0.594661 -0.598263
vn -0.537084 -0.594661 -0.598263
vn 0.074485 -0.984813 0.156827
vn 0.074485 -0.984813 0.156827
vn 0.074485 -0.984813 0.156827
vn 0.074485 -0.984813 0.156827
vn 0.966281 0.060660 0.250241
vn 0.966281 0.060660 0.250241
vn 0.966281 0.060660 0.250241
vn 0.966281 0.060660 0.250241
vn -0.509068 0.794103 0.332041
vn -0.509068 0.794103 0.332041
vn -0.509068 0.794103 0.332041
vn -0.509068 0.794103 0.332041
vn -0.820318 -0.030975 0.571068
vn -0.820318 -0.030975 0.571068
vn -0.820318 -0.030975 0.571068
vn -0.820318 -0.030975 0.571068
vn -0.078684 -0.981465 0.174743
vn -0.078684 -0.981465 0.174743
vn -0.078684 -0.981465 0.174743
vn -0.078684 -0.981465 0.174743
vn 0.437365 0.845107 0.307418
vn 0.437365 0.845107 0.307418
vn 0.437365 0.845107 0.307418
vn 0.437365 0.845107 0.307418
vn 0.476490 0.874142 -0.093985
vn 0.476490 0.874142 -0.093985
vn 0.476490 0.874142 -0.093985
vn 0.476490 0.874142 -0.093985
vn -0.510827 0.854805 -0.091455
vn -0.510827 0.854805 -0.091455
vn -0.510827 0.854805 -0.091455
vn -0.510827 0.854805 -0.091455
vn -0.570092 0.814434 -0.108129
vn -0.570092 0.814434 -0.108129
vn -0.570092 0.814434 -0.108129
vn -0.597000 0.744313 0.299314
vn -0.597000 0.744313 0.299314
vn -0.597000 0.744313 0.299314
vn -0.597000 0.744313 0.299314
vn -0.562866 0.758516 0.328383
vn -0.562866 0.758516 0.328383
vn -0.562866 0.758516 0.328383
vn -0.562866 0.758516 0.328383
vn -0.488410 0.829294 0.271529
vn -0.488410 0.829294 0.271529
vn -0.488410 0.829294 0.271529
vn -0.488410 0.829294 0.271529
vn 0.037129 0.972670 0.229203
vn 0.037129 0.972670 0.229203
vn 0.037129 0.972670 0.229203
vn 0.037129 0.972670 0.229203
vn -0.988231 -0.008406 0.152739
vn -0.988231 -0.008406 0.152739
vn -0.988231 -0.008406 0.152739
vn -0.988231 -0.008406 0.152739
vn -0.153842 -0.987825 0.023111
vn -0.153842 -0.987825 0.023111
vn -0.153842 -0.987825 0.023111
vn -0.153842 -0.987825 0.023111
vn -0.273187 -0.961948 0.004895
vn -0.273187 -0.961948 0.004895
vn -0.273187 -0.961948 0.004895
vn -0.273187 -0.961948 0.004895
vn -0.321263 -0.944653 0.066493
vn -0.321263 -0.944653 0.066493
vn -0.321263 -0.944653 0.066493
vn -0.321263 -0.944653 0.066493
vn -0.166547 -0.983288 -0.073526
vn -0.166547 -0.983288 -0.073526
vn -0.166547 -0.983288 -0.073526
vn -0.166547 -0.983288 -0.073526
vn -0.998897 0.015828 0.044212
vn -0.998897 0.015828 0.044212
vn -0.998897 0.015828 0.044212
vn -0.998897 0.015828 0.044212
vn -0.022521 0.996558 -0.079777
vn -0.022521 0.996558 -0.079777
vn -0.022521 0.996558 -0.079777
vn -0.022521 0.996558 -0.079777
vn -0.352265 0.915630 0.193727
vn -0.352265 0.915630 0.193727
vn -0.352265 0.915630 0.193727
vn -0.352265 0.915630 0.193727
vn -0.608430 0.733284 0.303493
vn -0.608430 0.733284 0.303493
vn -0.608430 0.733284 0.303493
vn -0.608430 0.733284 0.303493
vn -0.529019 0.801618 0.278473
vn -0.529019 0.801618 0.278473
vn -0.529019 0.801618 0.278473
vn -0.529019 0.801618 0.278473
vn -0.283302 -0.958582 -0.029344
vn -0.283302 -0.958582 -0.029344
vn -0.283302 -0.958582 -0.029344
vn -0.283302 -0.958582 -0.029344
vn -0.310563 -0.949603 0.042472
vn -0.310563 -0.949603 0.042472
vn -0.310563 -0.949603 0.042472
vn -0.310563 -0.949603 0.042472
vn -0.648378 0.727491 0.224416
vn -0.648378 0.727491 0.224416
vn -0.648378 0.727491 0.224416
vn -0.648378 0.727491 0.224416
vn -0.586575 0.796938 0.144287
vn -0.586575 0.796938 0.144287
vn -0.586575 0.796938 0.144287
vn -0.586575 0.796938 0.144287
vn -0.618026 0.777580 0.115820
vn -0.618026 0.777580 0.115820
vn -0.618026 0.777580 0.115820
vn -0.618026 0.777580 0.115820
vn 0.074358 0.990107 0.118996
vn 0.074358 0.990107 0.118996
vn 0.074358 0.990107 0.118996
vn 0.074358 0.990107 0.118996
vn -0.999135 -0.007085 -0.040986
vn -0.999135 -0.007085 -0.040986
vn -0.999135 -0.007085 -0.040986
vn -0.999135 -0.007085 -0.040986
vn -0.092941 -0.978704 -0.183032
vn -0.092941 -0.978704 -0.183032
vn -0.092941 -0.978704 -0.183032
vn -0.092941 -0.978704 -0.183032
vn -0.348747 -0.935152 -0.062181
vn -0.348747 -0.935152 -0.062181
vn -0.348747 -0.935152 -0.062181
vn -0.348747 -0.935152 -0.062181
vn -0.307324 -0.946206 -0.101222
vn -0.307324 -0.946206 -0.101222
vn -0.307324 -0.946206 -0.101222
vn -0.307324 -0.946206 -0.101222
vn -0.289675 -0.946110 -0.144790
vn -0.289675 -0.946110 -0.144790
vn -0.289675 -0.946110 -0.144790
vn -0.289675 -0.946110 -0.144790
vn -0.995962 0.008156 -0.089403
vn -0.995962 0.008156 -0.089403
vn -0.995962 0.008156 -0.089403
vn -0.995962 0.008156 -0.089403
vn -0.213847 0.976536 0.025436
vn -0.213847 0.976536 0.025436
vn -0.213847 0.976536 0.025436
vn -0.213847 0.976536 0.025436
vn -0.509443 0.839126 0.190619
vn -0.509443 0.839126 0.190619
vn -0.509443 0.839126 0.190619
vn -0.509443 0.839126 0.190619
vn -0.576275 0.792627 0.199123
vn -0.576275 0.792627 0.199123
vn -0.576275 0.792627 0.199123
vn -0.576275 0.792627 0.199123
vn -0.560437 0.811273 0.166570
vn -0.560437 0.811273 0.166570
vn -0.560437 0.811273 0.166570
vn -0.560437 0.811273 0.166570
vn -0.442065 -0.884034 -0.151862
vn -0.442065 -0.884034 -0.151862
vn -0.442065 -0.884034 -0.151862
vn -0.442065 -0.884034 -0.151862
vn -0.347696 -0.937253 -0.025768
vn -0.347696 -0.937253 -0.025768
vn -0.347696 -0.937253 -0.025768
vn -0.347696 -0.937253 -0.025768
vn -0.647585 0.760627 0.045605
vn -0.647585 0.760627 0.045605
vn -0.647585 0.760627 0.045605
vn -0.647585 0.760627 0.045605
vn -0.715133 0.698943 0.008045
vn -0.715133 0.698943 0.008045
vn -0.715133 0.698943 0.008045
vn -0.715133 0.698943 0.008045
vn -0.344986 0.906932 0.241785
vn -0.344986 0.906932 0.241785
vn -0.344986 0.906932 0.241785
vn -0.344986 0.906932 0.241785
vn 0.972362 -0.039365 -0.230135
vn 0.972362 -0.039365 -0.230135
vn 0.972362 -0.039365 -0.230135
vn 0.972362 -0.039365 -0.230135
vn -0.455431 -0.890040 -0.020284
vn -0.455431 -0.890040 -0.020284
vn -0.455431 -0.890040 -0.020284
vn -0.455431 -0.890040 -0.020284
vn -0.371272 -0.927596 -0.041506
vn -0.371272 -0.927596 -0.041506
vn -0.371272 -0.927596 -0.041506
vn -0.371272 -0.927596 -0.041506
vn -0.368641 -0.928734 -0.039454
vn -0.368641 -0.928734 -0.039454
vn -0.368641 -0.928734 -0.039454
vn -0.368641 -0.928734 -0.039454
vn -0.287989 -0.953871 0.084806
vn -0.287989 -0.953871 0.084806
vn -0.287989 -0.953871 0.084806
vn -0.287989 -0.953871 0.084806
vn -0.803320 -0.055300 0.592975
vn -0.803320 -0.055300 0.592975
vn -0.803320 -0.055300 0.592975
vn -0.803320 -0.055300 0.592975
vn -0.153474 0.977447 0.145060
vn -0.153474 0.977447 0.145060
vn -0.153474 0.977447 0.145060
vn -0.153474 0.977447 0.145060
vn -0.754881 0.652075 -0.070380
vn -0.754881 0.652075 -0.070380
vn -0.754881 0.652075 -0.070380
vn -0.754881 0.652075 -0.070380
vn -0.649612 0.759604 -0.031718
vn -0.649612 0.759604 -0.031718
vn -0.649612 0.759604 -0.031718
vn -0.649612 0.759604 -0.031718
vn -0.663371 0.748176 0.013097
vn -0.663371 0.748176 0.013097
vn -0.663371 0.748176 0.013097
vn -0.663371 0.748176 0.013097
vn -0.606870 0.790924 0.078412
vn -0.606870 0.790924 0.078412
vn -0.606870 0.790924 0.078412
vn -0.606870 0.790924 0.078412
vn -0.353323 -0.935459 -0.008929
vn -0.353323 -0.935459 -0.008929
vn -0.353323 -0.935459 -0.008929
vn -0.353323 -0.935459 -0.008929
vn -0.398106 -0.917230 -0.014192
vn -0.398106 -0.917230 -0.014192
vn -0.398106 -0.917230 -0.014192
vn -0.398106 -0.917230 -0.014192
vn -0.380691 0.860396 0.338812
vn -0.380691 0.860396 0.338812
vn -0.380691 0.860396 0.338812
vn -0.380691 0.860396 0.338812
vn -0.052727 0.943291 0.327752
vn -0.052727 0.943291 0.327752
vn -0.052727 0.943291 0.327752
vn -0.052727 0.943291 0.327752
vn -0.942927 0.036214 -0.331025
vn -0.942927 0.036214 -0.331025
vn -0.942927 0.036214 -0.331025
vn -0.942927 0.036214 -0.331025
vn -0.225983 -0.965958 -0.125924
vn -0.225983 -0.965958 -0.125924
vn -0.225983 -0.965958 -0.125924
vn -0.225983 -0.965958 -0.125924
vn -0.351768 -0.923384 -0.153689
vn -0.351768 -0.923384 -0.153689
vn -0.351768 -0.923384 -0.153689
vn -0.351768 -0.923384 -0.153689
vn -0.334419 -0.941897 -0.031530
vn -0.334419 -0.941897 -0.031530
vn -0.334419 -0.941897 -0.031530
vn -0.334419 -0.941897 -0.031530
vn 0.019113 -0.996788 0.077773
vn 0.019113 -0.996788 0.077773
vn 0.019113 -0.996788 0.077773
vn 0.019113 -0.996788 0.077773
vn 0.038677 -0.044457 0.998262
vn 0.038677 -0.044457 0.998262
vn 0.038677 -0.044457 0.998262
vn 0.038677 -0.044457 0.998262
vn 0.026965 0.965950 0.257322
vn 0.026965 0.965950 0.257322
vn 0.026965 0.965950 0.257322
vn 0.026965 0.965950 0.257322
vn -0.390800 0.853892 0.343720
vn -0.390800 0.853892 0.343720
vn -0.390800 0.853892 0.343720
vn -0.390800 0.853892 0.343720
vn -0.523834 0.768830 0.366741
vn -0.523834 0.768830 0.366741
vn -0.523834 0.768830 0.366741
vn -0.523834 0.768830 0.366741
vn -0.354691 -0.934122 -0.040125
vn -0.354691 -0.934122 -0.040125
vn -0.354691 -0.934122 -0.040125
vn -0.354691 -0.934122 -0.040125
vn -0.414073 -0.902351 -0.119611
vn -0.414073 -0.902351 -0.119611
vn -0.414073 -0.902351 -0.119611
vn -0.414073 -0.902351 -0.119611
vn -0.558572 0.762877 0.325602
vn -0.558572 0.762877 0.325602
vn -0.558572 0.762877 0.325602
vn -0.558572 0.762877 0.325602
vn -0.381403 0.921908 0.067953
vn -0.381403 0.921908 0.067953
vn -0.381403 0.921908 0.067953
vn -0.381403 0.921908 0.067953
vn -0.305146 0.951837 -0.029874
vn -0.305146 0.951837 -0.029874
vn -0.305146 0.951837 -0.029874
vn -0.305146 0.951837 -0.029874
vn -0.805773 0.008790 -0.592159
vn -0.805773 0.008790 -0.592159
vn -0.805773 0.008790 -0.592159
vn -0.805773 0.008790 -0.592159
vn -0.166511 -0.971935 0.166184
vn -0.166511 -0.971935 0.166184
vn -0.166511 -0.971935 0.166184
vn -0.166511 -0.971935 0.166184
vn -0.160631 -0.969845 0.183300
vn -0.160631 -0.969845 0.183300
vn -0.160631 -0.969845 0.183300
vn -0.160631 -0.969845 0.183300
vn 0.010657 -0.919516 0.392909
vn 0.010657 -0.919516 0.392909
vn 0.010657 -0.919516 0.392909
vn 0.010657 -0.919516 0.392909
vn 0.428200 -0.013447 0.903584
vn 0.428200 -0.013447 0.903584
vn 0.428200 -0.013447 0.903584
vn 0.428200 -0.013447 0.903584
vn 0.067757 0.967185 0.244874
vn 0.067757 0.967185 0.244874
vn 0.067757 0.967185 0.244874
vn 0.067757 0.967185 0.244874
vn -0.324763 0.925938 0.192788
vn -0.324763 0.925938 0.192788
vn -0.324763 0.925938 0.192788
vn -0.324763 0.925938 0.192788
vn -0.403147 0.901002 0.160215
vn -0.403147 0.901002 0.160215
vn -0.403147 0.901002 0.160215
vn -0.403147 0.901002 0.160215
vn -0.545145 0.782175 0.301694
vn -0.545145 0.782175 0.301694
vn -0.545145 0.782175 0.301694
vn -0.545145 0.782175 0.301694
vn -0.583509 0.728805 0.358274
vn -0.583509 0.728805 0.358274
vn -0.583509 0.728805 0.358274
vn -0.583509 0.728805 0.358274
vn -0.603889 0.711959 0.358375
vn -0.603889 0.711959 0.358375
vn -0.603889 0.711959 0.358375
vn -0.603889 0.711959 0.358375
vn -0.388046 0.901404 0.192073
vn -0.388046 0.901404 0.192073
vn -0.388046 0.901404 0.192073
vn -0.388046 0.901404 0.192073
vn -0.408822 0.846749 0.340413
vn -0.408822 0.846749 0.340413
vn -0.408822 0.846749 0.340413
vn -0.408822 0.846749 0.340413
vn -0.286766 0.932679 0.218803
vn -0.286766 0.932679 0.218803
vn -0.286766 0.932679 0.218803
vn -0.286766 0.932679 0.218803
vn -0.352837 0.886527 0.299294
vn -0.352837 0.886527 0.299294
vn -0.352837 0.886527 0.299294
vn -0.352837 0.886527 0.299294
vn -0.214065 -0.467407 -0.857733
vn -0.214065 -0.467407 -0.857733
vn -0.214065 -0.467407 -0.857733
vn -0.214065 -0.467407 -0.857733
vn -0.310748 -0.916265 0.252774
vn -0.310748 -0.916265 0.252774
vn -0.310748 -0.916265 0.252774
vn -0.310748 -0.916265 0.252774
vn -0.165248 -0.912942 0.373136
vn -0.165248 -0.912942 0.373136
vn -0.165248 -0.912942 0.373136
vn -0.165248 -0.912942 0.373136
vn -0.184062 -0.941044 0.283825
vn -0.184062 -0.941044 0.283825
vn -0.184062 -0.941044 0.283825
vn -0.184062 -0.941044 0.283825
vn 0.051276 -0.839328 0.541202
vn 0.051276 -0.839328 0.541202
vn 0.051276 -0.839328 0.541202
vn 0.051276 -0.839328 0.541202
vn 0.313595 0.080952 0.946100
vn 0.313595 0.080952 0.946100
vn 0.313595 0.080952 0.946100
vn 0.313595 0.080952 0.946100
vn -0.122376 0.943166 0.308970
vn -0.122376 0.943166 0.308970
vn -0.122376 0.943166 0.308970
vn -0.122376 0.943166 0.308970
vn -0.251111 0.941702 0.223919
vn -0.251111 0.941702 0.223919
vn -0.251111 0.941702 0.223919
vn -0.251111 0.941702 0.223919
vn -0.389612 0.881065 0.268191
vn -0.389612 0.881065 0.268191
vn -0.389612 0.881065 0.268191
vn -0.389612 0.881065 0.268191
vn -0.436219 0.784105 0.441466
vn -0.436219 0.784105 0.441466
vn -0.436219 0.784105 0.441466
vn -0.436219 0.784105 0.441466
vn -0.512488 0.801459 0.308251
vn -0.512488 0.801459 0.308251
vn -0.512488 0.801459 0.308251
vn -0.512488 0.801459 0.308251
vn -0.634822 0.686445 0.354675
vn -0.634822 0.686445 0.354675
vn -0.634822 0.686445 0.354675
vn -0.634822 0.686445 0.354675
vn -0.536164 0.760937 0.365381
vn -0.536164 0.760937 0.365381
vn -0.536164 0.760937 0.365381
vn -0.536164 0.760937 0.365381
vn -0.563554 0.743409 0.360209
vn -0.563554 0.743409 0.360209
vn -0.563554 0.743409 0.360209
vn -0.563554 0.743409 0.360209
vn -0.285567 0.852053 0.438699
vn -0.285567 0.852053 0.438699
vn -0.285567 0.852053 0.438699
vn -0.285567 0.852053 0.438699
vn -0.453464 0.811769 0.367969
vn -0.453464 0.811769 0.367969
vn -0.453464 0.811769 0.367969
vn -0.453464 0.811769 0.367969
vn -0.539805 0.769971 0.340228
vn -0.539805 0.769971 0.340228
vn -0.539805 0.769971 0.340228
vn -0.539805 0.769971 0.340228
vn -0.609571 0.717870 0.336281
vn -0.609571 0.717870 0.336281
vn -0.609571 0.717870 0.336281
vn -0.609571 0.717870 0.336281
vn -0.644827 0.688345 0.332234
vn -0.644827 0.688345 0.332234
vn -0.644827 0.688345 0.332234
vn -0.644827 0.688345 0.332234
vn -0.266674 0.829405 0.490890
vn -0.266674 0.829405 0.490890
vn -0.266674 0.829405 0.490890
vn -0.266674 0.829405 0.490890
vn -0.446340 0.773925 0.449245
vn -0.446340 0.773925 0.449245
vn -0.446340 0.773925 0.449245
vn -0.446340 0.773925 0.449245
vn -0.542009 0.730228 0.415924
vn -0.542009 0.730228 0.415924
vn -0.542009 0.730228 0.415924
vn -0.542009 0.730228 0.415924
vn -0.591650 0.695149 0.408311
vn -0.591650 0.695149 0.408311
vn -0.591650 0.695149 0.408311
vn -0.591650 0.695149 0.408311
vn -0.623500 0.675633 0.393406
vn -0.623500 0.675633 0.393406
vn -0.623500 0.675633 0.393406
vn -0.623500 0.675633 0.393406
vn -0.312296 0.897783 0.310576
vn -0.312296 0.897783 0.310576
vn -0.312296 0.897783 0.310576
vn -0.312296 0.897783 0.310576
vn 0.042058 0.998475 -0.035757
vn 0.042058 0.998475 -0.035757
vn 0.042058 0.998475 -0.035757
vn 0.042058 0.998475 -0.035757
vn -0.988664 -0.023903 0.148229
vn -0.988664 -0.023903 0.148229
vn -0.988664 -0.023903 0.148229
vn -0.988664 -0.023903 0.148229
vn -0.241764 -0.966579 -0.085295
vn -0.241764 -0.966579 -0.085295
vn -0.241764 -0.966579 -0.085295
vn -0.241764 -0.966579 -0.085295
vn -0.574012 0.716922 0.395644
vn -0.574012 0.716922 0.395644
vn -0.574012 0.716922 0.395644
vn -0.574012 0.716922 0.395644
vn -0.374284 0.865435 0.333066
vn -0.374284 0.865435 0.333066
vn -0.374284 0.865435 0.333066
vn -0.374284 0.865435 0.333066
vn -0.385730 0.905457 0.177090
vn -0.385730 0.905457 0.177090
vn -0.385730 0.905457 0.177090
vn -0.385730 0.905457 0.177090
vn -0.991122 0.122064 0.052712
vn -0.991122 0.122064 0.052712
vn -0.991122 0.122064 0.052712
vn -0.991122 0.122064 0.052712
vn -0.031174 -0.985511 -0.166722
vn -0.031174 -0.985511 -0.166722
vn -0.031174 -0.985511 -0.166722
vn -0.031174 -0.985511 -0.166722
vn 0.945350 -0.068349 0.318813
vn 0.945350 -0.068349 0.318813
vn 0.945350 -0.068349 0.318813
vn 0.945350 -0.068349 0.318813
vn -0.351503 0.930371 -0.104193
vn -0.351503 0.930371 -0.104193
vn -0.351503 0.930371 -0.104193
vn -0.351503 0.930371 -0.104193
vn -0.409280 0.880936 0.237576
vn -0.409280 0.880936 0.237576
vn -0.409280 0.880936 0.237576
vn -0.409280 0.880936 0.237576
vn -0.404877 0.856017 0.321418
vn -0.404877 0.856017 0.321418
vn -0.404877 0.856017 0.321418
vn -0.404877 0.856017 0.321418
vn -0.351476 0.845514 0.401959
vn -0.351476 0.845514 0.401959
vn -0.351476 0.845514 0.401959
vn -0.351476 0.845514 0.401959
vn -0.470304 0.718904 0.511851
vn -0.470304 0.718904 0.511851
vn -0.470304 0.718904 0.511851
vn -0.470304 0.718904 0.511851
vn -0.239794 -0.968340 0.069405
vn -0.239794 -0.968340 0.069405
vn -0.239794 -0.968340 0.069405
vn -0.239794 -0.968340 0.069405
vn 0.124052 -0.894631 0.429239
vn 0.124052 -0.894631 0.429239
vn 0.124052 -0.894631 0.429239
vn 0.124052 -0.894631 0.429239
vn 0.044891 -0.823077 0.566153
vn 0.044891 -0.823077 0.566153
vn 0.044891 -0.823077 0.566153
vn 0.044891 -0.823077 0.566153
vn -0.326467 0.925799 -0.190565
vn -0.326467 0.925799 -0.190565
vn -0.326467 0.925799 -0.190565
vn -0.326467 0.925799 -0.190565
vn -0.621741 -0.011885 0.783133
vn -0.621741 -0.011885 0.783133
vn -0.621741 -0.011885 0.783133
vn -0.621741 -0.011885 0.783133
vn 0.042526 -0.949508 0.310848
vn 0.042526 -0.949508 0.310848
vn 0.042526 -0.949508 0.310848
vn 0.042526 -0.949508 0.310848
vn -0.203914 0.974506 0.093580
vn -0.203914 0.974506 0.093580
vn -0.203914 0.974506 0.093580
vn -0.203914 0.974506 0.093580
vn -0.428162 0.902307 0.050199
vn -0.428162 0.902307 0.050199
vn -0.428162 0.902307 0.050199
vn -0.428162 0.902307 0.050199
vn -0.996668 0.027374 -0.076840
vn -0.996668 0.027374 -0.076840
vn -0.996668 0.027374 -0.076840
vn -0.996668 0.027374 -0.076840
vn -0.024775 -0.999681 -0.004966
vn -0.024775 -0.999681 -0.004966
vn -0.024775 -0.999681 -0.004966
vn -0.024775 -0.999681 -0.004966
vn -0.243913 0.963972 0.106130
vn -0.243913 0.963972 0.106130
vn -0.243913 0.963972 0.106130
vn -0.243913 0.963972 0.106130
vn -0.013486 0.999123 0.039635
vn -0.013486 0.999123 0.039635
vn -0.013486 0.999123 0.039635
vn -0.013486 0.999123 0.039635
vn -0.226465 -0.022583 0.973757
vn -0.226465 -0.022583 0.973757
vn -0.226465 -0.022583 0.973757
vn -0.226465 -0.022583 0.973757
vn -0.164699 -0.980804 0.104390
vn -0.164699 -0.980804 0.104390
vn -0.164699 -0.980804 0.104390
vn -0.164699 -0.980804 0.104390
vn 0.017636 -0.996541 -0.081208
vn 0.017636 -0.996541 -0.081208
vn 0.017636 -0.996541 -0.081208
vn 0.017636 -0.996541 -0.081208
vn 0.756751 -0.048870 0.651874
vn 0.756751 -0.048870 0.651874
vn 0.756751 -0.048870 0.651874
vn 0.756751 -0.048870 0.651874
vn -0.218828 0.940934 0.258375
vn -0.218828 0.940934 0.258375
vn -0.218828 0.940934 0.258375
vn -0.218828 0.940934 0.258375
vn -0.229302 0.967849 0.103386
vn -0.229302 0.967849 0.103386
vn -0.229302 0.967849 0.103386
vn -0.229302 0.967849 0.103386
vn -0.275024 0.874505 0.399504
vn -0.275024 0.874505 0.399504
vn -0.275024 0.874505 0.399504
vn -0.275024 0.874505 0.399504
vn -0.446034 0.834731 0.322921
vn -0.446034 0.834731 0.322921
vn -0.446034 0.834731 0.322921
vn -0.446034 0.834731 0.322921
vn -0.406597 0.688897 0.600083
vn -0.406597 0.688897 0.600083
vn -0.406597 0.688897 0.600083
vn -0.406597 0.688897 0.600083
vn -0.275297 0.834029 0.478129
vn -0.275297 0.834029 0.478129
vn -0.275297 0.834029 0.478129
vn -0.275297 0.834029 0.478129
vn -0.185133 0.793156 0.580197
vn -0.185133 0.793156 0.580197
vn -0.185133 0.793156 0.580197
vn -0.185133 0.793156 0.580197
vn -0.269196 0.748541 0.605987
vn -0.269196 0.748541 0.605987
vn -0.269196 0.748541 0.605987
vn -0.269196 0.748541 0.605987
vn -0.220547 0.689860 0.689531
vn -0.220547 0.689860 0.689531
vn -0.220547 0.689860 0.689531
vn -0.220547 0.689860 0.689531
vn 0.116606 -0.773350 -0.623164
vn 0.116606 -0.773350 -0.623164
vn 0.116606 -0.773350 -0.623164
vn 0.116606 -0.773350 -0.623164
vn -0.405372 0.908099 -0.105021
vn -0.405372 0.908099 -0.105021
vn -0.405372 0.908099 -0.105021
vn -0.405372 0.908099 -0.105021
vn -0.761995 0.439961 -0.475182
vn -0.761995 0.439961 -0.475182
vn -0.761995 0.439961 -0.475182
vn -0.761995 0.439961 -0.475182
vn -0.627678 0.746435 -0.221032
vn -0.627678 0.746435 -0.221032
vn -0.627678 0.746435 -0.221032
vn -0.627678 0.746435 -0.221032
vn -0.563793 0.825235 -0.033552
vn -0.563793 0.825235 -0.033552
vn -0.563793 0.825235 -0.033552
vn -0.563793 0.825235 -0.033552
vn -0.357531 0.732902 -0.578815
vn -0.357531 0.732902 -0.578815
vn -0.357531 0.732902 -0.578815
vn -0.357531 0.732902 -0.578815
vn -0.482437 0.559967 -0.673566
vn -0.482437 0.559967 -0.673566
vn -0.482437 0.559967 -0.673566
vn -0.482437 0.559967 -0.673566
vn -0.337632 0.724173 -0.601314
vn -0.337632 0.724173 -0.601314
vn -0.337632 0.724173 -0.601314
vn -0.337632 0.724173 -0.601314
vn -0.533412 0.684538 -0.496870
vn -0.533412 0.684538 -0.496870
vn -0.533412 0.684538 -0.496870
vn -0.533412 0.684538 -0.496870
vn -0.415518 0.868303 -0.270914
vn -0.415518 0.868303 -0.270914
vn -0.415518 0.868303 -0.270914
vn -0.415518 0.868303 -0.270914
vn -0.430108 0.747002 -0.506947
vn -0.430108 0.747002 -0.506947
vn -0.430108 0.747002 -0.506947
vn -0.430108 0.747002 -0.506947
vn -0.241922 -0.969743 0.032749
vn -0.241922 -0.969743 0.032749
vn -0.241922 -0.969743 0.032749
vn -0.241922 -0.969743 0.032749
vn -0.624482 -0.468019 -0.625285
vn -0.624482 -0.468019 -0.625285
vn -0.624482 -0.468019 -0.625285
vn -0.624482 -0.468019 -0.625285
vn -0.012380 -0.920125 0.391430
vn -0.012380 -0.920125 0.391430
vn -0.012380 -0.920125 0.391430
vn -0.012380 -0.920125 0.391430
vn 0.016312 -0.932740 0.360181
vn 0.016312 -0.932740 0.360181
vn 0.016312 -0.932740 0.360181
vn 0.016312 -0.932740 0.360181
vn -0.189384 -0.600869 0.776589
vn -0.189384 -0.600869 0.776589
vn -0.189384 -0.600869 0.776589
vn -0.189384 -0.600869 0.776589
vn 0.003808 -0.941602 0.336705
vn 0.003808 -0.941602 0.336705
vn 0.003808 -0.941602 0.336705
vn 0.003808 -0.941602 0.336705
vn -0.106825 -0.890214 0.442840
vn -0.106825 -0.890214 0.442840
vn -0.106825 -0.890214 0.442840
vn -0.106825 -0.890214 0.442840
vn -0.456584 -0.741692 0.491349
vn -0.456584 -0.741692 0.491349
vn -0.456584 -0.741692 0.491349
vn -0.456584 -0.741692 0.491349
vn -0.516010 -0.804941 0.292923
vn -0.516010 -0.804941 0.292923
vn -0.516010 -0.804941 0.292923
vn -0.516010 -0.804941 0.292923
vn -0.427648 -0.873324 -0.233288
vn -0.427648 -0.873324 -0.233288
vn -0.427648 -0.873324 -0.233288
vn -0.427648 -0.873324 -0.233288
vn -0.600136 -0.742311 -0.298012
vn -0.600136 -0.742311 -0.298012
vn -0.600136 -0.742311 -0.298012
vn -0.600136 -0.742311 -0.298012
vn -0.138325 -0.937979 -0.317903
vn -0.138325 -0.937979 -0.317903
vn -0.138325 -0.937979 -0.317903
vn -0.138325 -0.937979 -0.317903
vn -0.125922 -0.962790 -0.239122
vn -0.125922 -0.962790 -0.239122
vn -0.125922 -0.962790 -0.239122
vn -0.125922 -0.962790 -0.239122
vn 0.062691 -0.974847 -0.213876
vn 0.062691 -0.974847 -0.213876
vn 0.062691 -0.974847 -0.213876
vn 0.062691 -0.974847 -0.213876
vn -0.308577 -0.770013 -0.558445
vn -0.308577 -0.770013 -0.558445
vn -0.308577 -0.770013 -0.558445
vn -0.308577 -0.770013 -0.558445
vn -0.246600 -0.752672 -0.610469
vn -0.246600 -0.752672 -0.610469
vn -0.246600 -0.752672 -0.610469
vn -0.246600 -0.752672 -0.610469
vn -0.222907 -0.612954 -0.758024
vn -0.222907 -0.612954 -0.758024
vn -0.222907 -0.612954 -0.758024
vn -0.222907 -0.612954 -0.758024
vn -0.281151 -0.382421 -0.880175
vn -0.281151 -0.382421 -0.880175
vn -0.281151 -0.382421 -0.880175
vn -0.281151 -0.382421 -0.880175
vn -0.260342 -0.750511 -0.607417
vn -0.260342 -0.750511 -0.607417
vn -0.260342 -0.750511 -0.607417
vn -0.260342 -0.750511 -0.607417
vn -0.347726 -0.636587 -0.688364
vn -0.347726 -0.636587 -0.688364
vn -0.347726 -0.636587 -0.688364
vn -0.347726 -0.636587 -0.688364
vn 0.785479 -0.475370 0.396290
vn 0.785479 -0.475370 0.396290
vn 0.785479 -0.475370 0.396290
vn 0.785479 -0.475370 0.396290
vn 0.737718 0.522303 0.427753
vn 0.737718 0.522303 0.427753
vn 0.737718 0.522303 0.427753
vn 0.737718 0.522303 0.427753
vn 0.078969 -0.981441 0.174750
vn 0.078969 -0.981441 0.174750
vn 0.078969 -0.981441 0.174750
vn 0.078969 -0.981441 0.174750
vn -0.437342 0.845110 0.307443
vn -0.437342 0.845110 0.307443
vn -0.437342 0.845110 0.307443
vn -0.437342 0.845110 0.307443
vn -0.374861 0.750356 0.544468
vn -0.374861 0.750356 0.544468
vn -0.374861 0.750356 0.544468
vn -0.374861 0.750356 0.544468
vn -0.893459 0.093447 0.439315
vn -0.893459 0.093447 0.439315
vn -0.893459 0.093447 0.439315
vn -0.893459 0.093447 0.439315
vn -0.878398 -0.180481 0.442542
vn -0.878398 -0.180481 0.442542
vn -0.878398 -0.180481 0.442542
vn -0.878398 -0.180481 0.442542
vn -0.228277 -0.794041 0.563372
vn -0.228277 -0.794041 0.563372
vn -0.228277 -0.794041 0.563372
vn -0.228277 -0.794041 0.563372
vn 0.465139 0.790233 0.398970
vn 0.465139 0.790233 0.398970
vn 0.465139 0.790233 0.398970
vn 0.465139 0.790233 0.398970
vn 0.858733 0.318682 0.401272
vn 0.858733 0.318682 0.401272
vn 0.858733 0.318682 0.401272
vn 0.858733 0.318682 0.401272
vn 0.875317 -0.299151 0.379907
vn 0.875317 -0.299151 0.379907
vn 0.875317 -0.299151 0.379907
vn 0.875317 -0.299151 0.379907
vn 0.122987 -0.932003 0.340946
vn 0.122987 -0.932003 0.340946
vn 0.122987 -0.932003 0.340946
vn 0.122987 -0.932003 0.340946
vn -0.016618 -0.583353 -0.812049
vn -0.016618 -0.583353 -0.812049
vn -0.016618 -0.583353 -0.812049
vn -0.016618 -0.583353 -0.812049
vn -0.356693 -0.688286 -0.631691
vn -0.356693 -0.688286 -0.631691
vn -0.356693 -0.688286 -0.631691
vn -0.356693 -0.688286 -0.631691
vn -0.226133 -0.457556 -0.859945
vn -0.226133 -0.457556 -0.859945
vn -0.226133 -0.457556 -0.859945
vn -0.226133 -0.457556 -0.859945
vn -0.241254 -0.468039 -0.850139
vn -0.241254 -0.468039 -0.850139
vn -0.241254 -0.468039 -0.850139
vn -0.241254 -0.468039 -0.850139
vn -0.346724 -0.835660 -0.425975
vn -0.346724 -0.835660 -0.425975
vn -0.346724 -0.835660 -0.425975
vn -0.346724 -0.835660 -0.425975
vn -0.182990 -0.927364 -0.326360
vn -0.182990 -0.927364 -0.326360
vn -0.182990 -0.927364 -0.326360
vn -0.182990 -0.927364 -0.326360
vn -0.069601 -0.961526 -0.265750
vn -0.069601 -0.961526 -0.265750
vn -0.069601 -0.961526 -0.265750
vn -0.069601 -0.961526 -0.265750
vn -0.005086 -0.973833 -0.227209
vn -0.005086 -0.973833 -0.227209
vn -0.005086 -0.973833 -0.227209
vn -0.005086 -0.973833 -0.227209
vn -0.346838 -0.936919 -0.043424
vn -0.346838 -0.936919 -0.043424
vn -0.346838 -0.936919 -0.043424
vn -0.346838 -0.936919 -0.043424
vn -0.445940 -0.887967 -0.112484
vn -0.445940 -0.887967 -0.112484
vn -0.445940 -0.887967 -0.112484
vn -0.445940 -0.887967 -0.112484
vn 0.467286 -0.413368 0.781518
vn 0.467286 -0.413368 0.781518
vn 0.467286 -0.413368 0.781518
vn 0.467286 -0.413368 0.781518
vn -0.335937 -0.941879 -0.003049
vn -0.335937 -0.941879 -0.003049
vn -0.335937 -0.941879 -0.003049
vn -0.335937 -0.941879 -0.003049
vn -0.709686 -0.455220 0.537700
vn -0.709686 -0.455220 0.537700
vn -0.709686 -0.455220 0.537700
vn -0.709686 -0.455220 0.537700
vn 0.118216 0.567479 0.814858
vn 0.118216 0.567479 0.814858
vn 0.118216 0.567479 0.814858
vn 0.118216 0.567479 0.814858
vn 0.208022 0.884841 0.416873
vn 0.208022 0.884841 0.416873
vn 0.208022 0.884841 0.416873
vn 0.208022 0.884841 0.416873
vn -0.481267 -0.195085 0.854590
vn -0.481267 -0.195085 0.854590
vn -0.481267 -0.195085 0.854590
vn -0.481267 -0.195085 0.854590
vn -0.213145 -0.764812 0.607974
vn -0.213145 -0.764812 0.607974
vn -0.213145 -0.764812 0.607974
vn -0.213145 -0.764812 0.607974
vn -0.450265 -0.889075 0.082509
vn -0.450265 -0.889075 0.082509
vn -0.450265 -0.889075 0.082509
vn -0.450265 -0.889075 0.082509
vn -0.929788 -0.145358 -0.338179
vn -0.929788 -0.145358 -0.338179
vn -0.929788 -0.145358 -0.338179
vn -0.929788 -0.145358 -0.338179
vn -0.906961 0.386433 -0.167605
vn -0.906961 0.386433 -0.167605
vn -0.906961 0.386433 -0.167605
vn -0.906961 0.386433 -0.167605
vn -0.699477 0.713889 0.033079
vn -0.699477 0.713889 0.033079
vn -0.699477 0.713889 0.033079
vn -0.699477 0.713889 0.033079
vn -0.573177 0.818554 0.037909
vn -0.573177 0.818554 0.037909
vn -0.573177 0.818554 0.037909
vn -0.573177 0.818554 0.037909
vn -0.381727 0.921837 0.067096
vn -0.381727 0.921837 0.067096
vn -0.381727 0.921837 0.067096
vn -0.381727 0.921837 0.067096
vn -0.682117 0.483706 0.548402
vn -0.682117 0.483706 0.548402
vn -0.682117 0.483706 0.548402
vn -0.682117 0.483706 0.548402
vn -0.245861 -0.736606 0.630051
vn -0.245861 -0.736606 0.630051
vn -0.245861 -0.736606 0.630051
vn -0.245861 -0.736606 0.630051
vn -0.117447 -0.849127 0.514965
vn -0.117447 -0.849127 0.514965
vn -0.117447 -0.849127 0.514965
vn -0.117447 -0.849127 0.514965
vn 0.136534 -0.911341 0.388349
vn 0.136534 -0.911341 0.388349
vn 0.136534 -0.911341 0.388349
vn 0.136534 -0.911341 0.388349
vn -0.182097 0.571444 0.800183
vn -0.182097 0.571444 0.800183
vn -0.182097 0.571444 0.800183
vn -0.182097 0.571444 0.800183
vn 0.609199 -0.656771 0.444442
vn 0.609199 -0.656771 0.444442
vn 0.609199 -0.656771 0.444442
vn 0.609199 -0.656771 0.444442
vn 0.744924 -0.598095 -0.295585
vn 0.744924 -0.598095 -0.295585
vn 0.744924 -0.598095 -0.295585
vn 0.744924 -0.598095 -0.295585
vn -0.865392 0.433785 0.250854
vn -0.865392 0.433785 0.250854
vn -0.865392 0.433785 0.250854
vn -0.865392 0.433785 0.250854
vn 0.282464 0.201129 0.937956
vn 0.282464 0.201129 0.937956
vn 0.282464 0.201129 0.937956
vn 0.282464 0.201129 0.937956
vn 0.254827 -0.315461 0.914083
vn 0.254827 -0.315461 0.914083
vn 0.254827 -0.315461 0.914083
vn 0.254827 -0.315461 0.914083
vn -0.153528 -0.985862 -0.067129
vn -0.153528 -0.985862 -0.067129
vn -0.153528 -0.985862 -0.067129
vn -0.153528 -0.985862 -0.067129
vn -0.801453 0.486898 0.347280
vn -0.801453 0.486898 0.347280
vn -0.801453 0.486898 0.347280
vn -0.801453 0.486898 0.347280
vn -0.660334 0.716872 0.223727
vn -0.660334 0.716872 0.223727
vn -0.660334 0.716872 0.223727
vn -0.660334 0.716872 0.223727
vn -0.910644 0.396073 0.117703
vn -0.910644 0.396073 0.117703
vn -0.910644 0.396073 0.117703
vn -0.910644 0.396073 0.117703
vn 0.041784 0.484633 -0.873719
vn 0.041784 0.484633 -0.873719
vn 0.041784 0.484633 -0.873719
vn 0.041784 0.484633 -0.873719
vn -0.105635 0.263541 -0.958847
vn -0.105635 0.263541 -0.958847
vn -0.105635 0.263541 -0.958847
vn -0.105635 0.263541 -0.958847
vn -0.305307 0.019809 -0.952048
vn -0.305307 0.019809 -0.952048
vn -0.305307 0.019809 -0.952048
vn -0.305307 0.019809 -0.952048
vn -0.567263 0.146105 -0.810473
vn -0.567263 0.146105 -0.810473
vn -0.567263 0.146105 -0.810473
vn -0.567263 0.146105 -0.810473
vn -0.530031 0.372426 -0.761818
vn -0.530031 0.372426 -0.761818
vn -0.530031 0.372426 -0.761818
vn -0.530031 0.372426 -0.761818
vn -0.451829 0.410645 -0.791973
vn -0.451829 0.410645 -0.791973
vn -0.451829 0.410645 -0.791973
vn -0.451829 0.410645 -0.791973
vn -0.066054 0.563166 -0.823699
vn -0.066054 0.563166 -0.823699
vn -0.066054 0.563166 -0.823699
vn -0.066054 0.563166 -0.823699
vn -0.522474 0.037000 -0.851852
vn -0.522474 0.037000 -0.851852
vn -0.522474 0.037000 -0.851852
vn -0.522474 0.037000 -0.851852
vn -0.428669 0.268240 -0.862723
vn -0.428669 0.268240 -0.862723
vn -0.428669 0.268240 -0.862723
vn -0.428669 0.268240 -0.862723
vn -0.458639 0.236833 -0.856481
vn -0.458639 0.236833 -0.856481
vn -0.458639 0.236833 -0.856481
vn -0.458639 0.236833 -0.856481
vn -0.467212 0.320520 -0.824002
vn -0.467212 0.320520 -0.824002
vn -0.467212 0.320520 -0.824002
vn -0.467212 0.320520 -0.824002
vn -0.080139 0.484166 -0.871299
vn -0.080139 0.484166 -0.871299
vn -0.080139 0.484166 -0.871299
vn -0.080139 0.484166 -0.871299
vn -0.280195 0.368439 -0.886422
vn -0.280195 0.368439 -0.886422
vn -0.280195 0.368439 -0.886422
vn -0.280195 0.368439 -0.886422
vn -0.201094 0.421834 -0.884091
vn -0.201094 0.421834 -0.884091
vn -0.201094 0.421834 -0.884091
vn -0.201094 0.421834 -0.884091
vn -0.247782 0.314952 -0.916193
vn -0.247782 0.314952 -0.916193
vn -0.247782 0.314952 -0.916193
vn -0.247782 0.314952 -0.916193
vn -0.148160 0.331228 -0.931846
vn -0.148160 0.331228 -0.931846
vn -0.148160 0.331228 -0.931846
vn -0.148160 0.331228 -0.931846
vn -0.389325 0.219922 -0.894461
vn -0.389325 0.219922 -0.894461
vn -0.389325 0.219922 -0.894461
vn -0.389325 0.219922 -0.894461
vn -0.983649 0.124835 -0.129813
vn -0.983649 0.124835 -0.129813
vn -0.983649 0.124835 -0.129813
vn -0.983649 0.124835 -0.129813
vn -0.960265 -0.265043 -0.087424
vn -0.960265 -0.265043 -0.087424
vn -0.960265 -0.265043 -0.087424
vn -0.960265 -0.265043 -0.087424
vn -0.393259 -0.911774 -0.118385
vn -0.393259 -0.911774 -0.118385
vn -0.393259 -0.911774 -0.118385
vn -0.393259 -0.911774 -0.118385
vn 0.440270 -0.890305 -0.116270
vn 0.440270 -0.890305 -0.116270
vn 0.440270 -0.890305 -0.116270
vn 0.440270 -0.890305 -0.116270
vn 0.965795 -0.238259 -0.102333
vn 0.965795 -0.238259 -0.102333
vn 0.965795 -0.238259 -0.102333
vn 0.965795 -0.238259 -0.102333
vn 0.991602 0.081740 -0.100221
vn 0.991602 0.081740 -0.100221
vn 0.991602 0.081740 -0.100221
vn 0.991602 0.081740 -0.100221
vn 0.927968 0.347664 -0.134184
vn 0.927968 0.347664 -0.134184
vn 0.927968 0.347664 -0.134184
vn 0.927968 0.347664 -0.134184
vn -0.082828 -0.996383 0.019002
vn -0.082828 -0.996383 0.019002
vn -0.082828 -0.996383 0.019002
vn -0.082828 -0.996383 0.019002
vn -0.279053 -0.739970 0.612024
vn -0.279053 -0.739970 0.612024
vn -0.279053 -0.739970 0.612024
vn -0.279053 -0.739970 0.612024
vn -0.465088 0.790259 0.398980
vn -0.465088 0.790259 0.398980
vn -0.465088 0.790259 0.398980
vn -0.465088 0.790259 0.398980
vn -0.858752 0.318693 0.401223
vn -0.858752 0.318693 0.401223
vn -0.858752 0.318693 0.401223
vn -0.858752 0.318693 0.401223
vn -0.875485 -0.297711 0.380651
vn -0.875485 -0.297711 0.380651
vn -0.875485 -0.297711 0.380651
vn -0.875485 -0.297711 0.380651
vn -0.123341 -0.931795 0.341388
vn -0.123341 -0.931795 0.341388
vn -0.123341 -0.931795 0.341388
vn -0.123341 -0.931795 0.341388
vn -0.448550 0.317185 -0.835581
vn -0.448550 0.317185 -0.835581
vn -0.448550 0.317185 -0.835581
vn -0.448550 0.317185 -0.835581
vn -0.560843 0.211543 -0.800440
vn -0.560843 0.211543 -0.800440
vn -0.560843 0.211543 -0.800440
vn -0.560843 0.211543 -0.800440
vn -0.680695 0.031641 -0.731883
vn -0.680695 0.031641 -0.731883
vn -0.680695 0.031641 -0.731883
vn -0.680695 0.031641 -0.731883
vn -0.914500 -0.012430 -0.404394
vn -0.914500 -0.012430 -0.404394
vn -0.914500 -0.012430 -0.404394
vn -0.914500 -0.012430 -0.404394
vn -0.776977 -0.074238 -0.625136
vn -0.776977 -0.074238 -0.625136
vn -0.776977 -0.074238 -0.625136
vn -0.776977 -0.074238 -0.625136
vn -0.605240 -0.569984 -0.555700
vn -0.605240 -0.569984 -0.555700
vn -0.605240 -0.569984 -0.555700
vn -0.605240 -0.569984 -0.555700
vn -0.727552 0.038584 -0.684966
vn -0.727552 0.038584 -0.684966
vn -0.727552 0.038584 -0.684966
vn -0.727552 0.038584 -0.684966
vn -0.253549 -0.957021 -0.140794
vn -0.253549 -0.957021 -0.140794
vn -0.253549 -0.957021 -0.140794
vn -0.253549 -0.957021 -0.140794
vn -0.231044 -0.963156 -0.137654
vn -0.231044 -0.963156 -0.137654
vn -0.231044 -0.963156 -0.137654
vn -0.231044 -0.963156 -0.137654
vn -0.376671 -0.907442 -0.186192
vn -0.376671 -0.907442 -0.186192
vn -0.376671 -0.907442 -0.186192
vn -0.376671 -0.907442 -0.186192
vn -0.387691 -0.890595 -0.237773
vn -0.387691 -0.890595 -0.237773
vn -0.387691 -0.890595 -0.237773
vn -0.387691 -0.890595 -0.237773
vn -0.386212 -0.873266 -0.297063
vn -0.386212 -0.873266 -0.297063
vn -0.386212 -0.873266 -0.297063
vn -0.386212 -0.873266 -0.297063
vn -0.346175 -0.921519 -0.175972
vn -0.346175 -0.921519 -0.175972
vn -0.346175 -0.921519 -0.175972
vn -0.346175 -0.921519 -0.175972
vn -0.749768 -0.229845 -0.620499
vn -0.749768 -0.229845 -0.620499
vn -0.749768 -0.229845 -0.620499
vn -0.749768 -0.229845 -0.620499
vn -0.636324 -0.628544 -0.447242
vn -0.636324 -0.628544 -0.447242
vn -0.636324 -0.628544 -0.447242
vn -0.636324 -0.628544 -0.447242
vn -0.694385 0.009242 -0.719544
vn -0.694385 0.009242 -0.719544
vn -0.694385 0.009242 -0.719544
vn -0.694385 0.009242 -0.719544
vn -0.785413 0.045427 -0.617303
vn -0.785413 0.045427 -0.617303
vn -0.785413 0.045427 -0.617303
vn -0.785413 0.045427 -0.617303
vn -0.878447 0.156225 -0.451580
vn -0.878447 0.156225 -0.451580
vn -0.878447 0.156225 -0.451580
vn -0.878447 0.156225 -0.451580
vn -0.533550 -0.621037 -0.574141
vn -0.533550 -0.621037 -0.574141
vn -0.533550 -0.621037 -0.574141
vn -0.533550 -0.621037 -0.574141
vn -0.723559 -0.328825 -0.606908
vn -0.723559 -0.328825 -0.606908
vn -0.723559 -0.328825 -0.606908
vn -0.723559 -0.328825 -0.606908
vn -0.630051 -0.382835 -0.675628
vn -0.630051 -0.382835 -0.675628
vn -0.630051 -0.382835 -0.675628
vn -0.630051 -0.382835 -0.675628
vn -0.593496 -0.584656 -0.553119
vn -0.593496 -0.584656 -0.553119
vn -0.593496 -0.584656 -0.553119
vn -0.593496 -0.584656 -0.553119
vn -0.440654 -0.873812 -0.205613
vn -0.440654 -0.873812 -0.205613
vn -0.440654 -0.873812 -0.205613
vn -0.440654 -0.873812 -0.205613
vn -0.716616 -0.508199 -0.477697
vn -0.716616 -0.508199 -0.477697
vn -0.716616 -0.508199 -0.477697
vn -0.716616 -0.508199 -0.477697
vn -0.553748 -0.271774 -0.787084
vn -0.553748 -0.271774 -0.787084
vn -0.553748 -0.271774 -0.787084
vn -0.553748 -0.271774 -0.787084
vn -0.199227 0.016485 -0.979815
vn -0.199227 0.016485 -0.979815
vn -0.199227 0.016485 -0.979815
vn -0.199227 0.016485 -0.979815
vn -0.573358 -0.459849 -0.678084
vn -0.573358 -0.459849 -0.678084
vn -0.573358 -0.459849 -0.678084
vn -0.573358 -0.459849 -0.678084
vn -0.573967 -0.275795 -0.771037
vn -0.573967 -0.275795 -0.771037
vn -0.573967 -0.275795 -0.771037
vn -0.573967 -0.275795 -0.771037
vn 0.080076 -0.885344 0.457990
vn 0.080076 -0.885344 0.457990
vn 0.080076 -0.885344 0.457990
vn 0.080076 -0.885344 0.457990
vn -0.468686 -0.873892 -0.129021
vn -0.468686 -0.873892 -0.129021
vn -0.468686 -0.873892 -0.129021
vn -0.468686 -0.873892 -0.129021
vn 0.752173 -0.650069 -0.107920
vn 0.752173 -0.650069 -0.107920
vn 0.752173 -0.650069 -0.107920
vn 0.752173 -0.650069 -0.107920
vn 0.749757 -0.648121 -0.133433
vn 0.749757 -0.648121 -0.133433
vn 0.749757 -0.648121 -0.133433
vn 0.749757 -0.648121 -0.133433
vn 0.760470 -0.630996 -0.153397
vn 0.760470 -0.630996 -0.153397
vn 0.760470 -0.630996 -0.153397
vn 0.760470 -0.630996 -0.153397
vn 0.772945 -0.617754 -0.144691
vn 0.772945 -0.617754 -0.144691
vn 0.772945 -0.617754 -0.144691
vn 0.772945 -0.617754 -0.144691
vn 0.766895 -0.633952 -0.099886
vn 0.766895 -0.633952 -0.099886
vn 0.766895 -0.633952 -0.099886
vn 0.766895 -0.633952 -0.099886
vn 0.738199 -0.674036 -0.027139
vn 0.738199 -0.674036 -0.027139
vn 0.738199 -0.674036 -0.027139
vn 0.738199 -0.674036 -0.027139
vn 0.723277 -0.689261 0.042309
vn 0.723277 -0.689261 0.042309
vn 0.723277 -0.689261 0.042309
vn 0.723277 -0.689261 0.042309
vn 0.763943 -0.640066 0.081895
vn 0.763943 -0.640066 0.081895
vn 0.763943 -0.640066 0.081895
vn 0.763943 -0.640066 0.081895
vn 0.756807 -0.653249 0.022568
vn 0.756807 -0.653249 0.022568
vn 0.756807 -0.653249 0.022568
vn 0.756807 -0.653249 0.022568
vn 0.822108 -0.569313 -0.004652
vn 0.822108 -0.569313 -0.004652
vn 0.822108 -0.569313 -0.004652
vn 0.822108 -0.569313 -0.004652
vn 0.822412 -0.568697 -0.014940
vn 0.822412 -0.568697 -0.014940
vn 0.822412 -0.568697 -0.014940
vn 0.822412 -0.568697 -0.014940
vn 0.823813 -0.563870 -0.058153
vn 0.823813 -0.563870 -0.058153
vn 0.823813 -0.563870 -0.058153
vn 0.823813 -0.563870 -0.058153
vn 0.796427 -0.601390 -0.063515
vn 0.796427 -0.601390 -0.063515
vn 0.796427 -0.601390 -0.063515
vn 0.796427 -0.601390 -0.063515
vn 0.743841 -0.663480 -0.080597
vn 0.743841 -0.663480 -0.080597
vn 0.743841 -0.663480 -0.080597
vn 0.743841 -0.663480 -0.080597
vn 0.717319 -0.690625 -0.092143
vn 0.717319 -0.690625 -0.092143
vn 0.717319 -0.690625 -0.092143
vn 0.717319 -0.690625 -0.092143
vn 0.573292 -0.816243 0.071296
vn 0.573292 -0.816243 0.071296
vn 0.573292 -0.816243 0.071296
vn 0.573292 -0.816243 0.071296
vn 0.725304 -0.680222 -0.105985
vn 0.725304 -0.680222 -0.105985
vn 0.725304 -0.680222 -0.105985
vn 0.725304 -0.680222 -0.105985
vn 0.401306 -0.913344 0.068961
vn 0.401306 -0.913344 0.068961
vn 0.401306 -0.913344 0.068961
vn 0.401306 -0.913344 0.068961
vn 0.699322 -0.609491 -0.373457
vn 0.699322 -0.609491 -0.373457
vn 0.699322 -0.609491 -0.373457
vn 0.699322 -0.609491 -0.373457
vn -0.327161 -0.614171 0.718164
vn -0.327161 -0.614171 0.718164
vn -0.327161 -0.614171 0.718164
vn -0.327161 -0.614171 0.718164
vn -0.412414 -0.374577 -0.830426
vn -0.412414 -0.374577 -0.830426
vn -0.412414 -0.374577 -0.830426
vn -0.412414 -0.374577 -0.830426
vn 0.737381 -0.668938 -0.093758
vn 0.737381 -0.668938 -0.093758
vn 0.737381 -0.668938 -0.093758
vn 0.737381 -0.668938 -0.093758
vn 0.512871 0.764741 0.390043
vn 0.512871 0.764741 0.390043
vn 0.512871 0.764741 0.390043
vn 0.512871 0.764741 0.390043
vn 0.863306 -0.503753 0.030577
vn 0.863306 -0.503753 0.030577
vn 0.863306 -0.503753 0.030577
vn 0.863306 -0.503753 0.030577
vn 0.887611 0.415944 0.197833
vn 0.887611 0.415944 0.197833
vn 0.887611 0.415944 0.197833
vn 0.887611 0.415944 0.197833
vn -0.077815 -0.996819 -0.017230
vn -0.077815 -0.996819 -0.017230
vn -0.077815 -0.996819 -0.017230
vn -0.077815 -0.996819 -0.017230
vn -0.512916 0.764800 0.389870
vn -0.512916 0.764800 0.389870
vn -0.512916 0.764800 0.389870
vn -0.512916 0.764800 0.389870
vn -0.863668 -0.503124 0.030716
vn -0.863668 -0.503124 0.030716
vn -0.863668 -0.503124 0.030716
vn -0.863668 -0.503124 0.030716
vn -0.887363 0.416477 0.197822
vn -0.887363 0.416477 0.197822
vn -0.887363 0.416477 0.197822
vn -0.887363 0.416477 0.197822
vn -0.786144 -0.474224 0.396344
vn -0.786144 -0.474224 0.396344
vn -0.786144 -0.474224 0.396344
vn -0.786144 -0.474224 0.396344
vn 0.078073 -0.996798 -0.017264
vn 0.078073 -0.996798 -0.017264
vn 0.078073 -0.996798 -0.017264
vn 0.078073 -0.996798 -0.017264
vn 0.015014 -0.990230 0.138636
vn 0.015014 -0.990230 0.138636
vn 0.015014 -0.990230 0.138636
vn 0.015014 -0.990230 0.138636
vn 0.000000 -0.989311 0.145820
vn 0.000000 -0.989311 0.145820
vn 0.000000 -0.989311 0.145820
vn 0.000000 -0.989311 0.145820
vn -0.121792 0.364810 0.923082
vn -0.121792 0.364810 0.923082
vn -0.121792 0.364810 0.923082
vn -0.121792 0.364810 0.923082
vn -0.178976 -0.580797 0.794130
vn -0.178976 -0.580797 0.794130
vn -0.178976 -0.580797 0.794130
vn -0.178976 -0.580797 0.794130
vn 0.601041 -0.767290 -0.223640
vn 0.601041 -0.767290 -0.223640
vn 0.601041 -0.767290 -0.223640
vn 0.601041 -0.767290 -0.223640
vn -0.598539 -0.384355 0.702868
vn -0.598539 -0.384355 0.702868
vn -0.598539 -0.384355 0.702868
vn -0.598539 -0.384355 0.702868
vn 0.794252 -0.607483 0.011298
vn 0.794252 -0.607483 0.011298
vn 0.794252 -0.607483 0.011298
vn 0.794252 -0.607483 0.011298
vn 0.749526 -0.659969 0.051498
vn 0.749526 -0.659969 0.051498
vn 0.749526 -0.659969 0.051498
vn 0.749526 -0.659969 0.051498
vn 0.637210 -0.746260 0.192509
vn 0.637210 -0.746260 0.192509
vn 0.637210 -0.746260 0.192509
vn 0.637210 -0.746260 0.192509
vn 0.471489 -0.805155 0.359755
vn 0.471489 -0.805155 0.359755
vn 0.471489 -0.805155 0.359755
vn 0.471489 -0.805155 0.359755
vn 0.527132 -0.790638 0.311486
vn 0.527132 -0.790638 0.311486
vn 0.527132 -0.790638 0.311486
vn 0.527132 -0.790638 0.311486
vn -0.377484 -0.818935 -0.432263
vn -0.377484 -0.818935 -0.432263
vn -0.377484 -0.818935 -0.432263
vn -0.377484 -0.818935 -0.432263
vn -0.557738 0.594674 0.579043
vn -0.557738 0.594674 0.579043
vn -0.557738 0.594674 0.579043
vn -0.557738 0.594674 0.579043
vn -0.260505 -0.310491 0.914184
vn -0.260505 -0.310491 0.914184
vn -0.260505 -0.310491 0.914184
vn -0.260505 -0.310491 0.914184
vn -0.076618 -0.747526 0.659799
vn -0.076618 -0.747526 0.659799
vn -0.076618 -0.747526 0.659799
vn -0.076618 -0.747526 0.659799
vn -0.423940 0.885575 0.189821
vn -0.423940 0.885575 0.189821
vn -0.423940 0.885575 0.189821
vn -0.423940 0.885575 0.189821
vn -0.380402 0.907749 0.176879
vn -0.380402 0.907749 0.176879
vn -0.380402 0.907749 0.176879
vn -0.380402 0.907749 0.176879
vn -0.252442 0.951352 0.176643
vn -0.252442 0.951352 0.176643
vn -0.252442 0.951352 0.176643
vn -0.252442 0.951352 0.176643
vn 0.792089 0.597265 0.125974
vn 0.792089 0.597265 0.125974
vn 0.792089 0.597265 0.125974
vn 0.792089 0.597265 0.125974
vn 0.402713 -0.864155 0.301758
vn 0.402713 -0.864155 0.301758
vn 0.402713 -0.864155 0.301758
vn 0.402713 -0.864155 0.301758
vn 0.135837 -0.739129 0.659725
vn 0.135837 -0.739129 0.659725
vn 0.135837 -0.739129 0.659725
vn 0.135837 -0.739129 0.659725
vn 0.663407 -0.747056 0.042420
vn 0.663407 -0.747056 0.042420
vn 0.663407 -0.747056 0.042420
vn 0.663407 -0.747056 0.042420
vn 0.618564 -0.785734 -0.000651
vn 0.618564 -0.785734 -0.000651
vn 0.618564 -0.785734 -0.000651
vn 0.618564 -0.785734 -0.000651
vn 0.648586 -0.750185 0.128680
vn 0.648586 -0.750185 0.128680
vn 0.648586 -0.750185 0.128680
vn 0.648586 -0.750185 0.128680
vn 0.301380 -0.826293 0.475825
vn 0.301380 -0.826293 0.475825
vn 0.301380 -0.826293 0.475825
vn 0.301380 -0.826293 0.475825
vn 0.365179 -0.843503 0.393886
vn 0.365179 -0.843503 0.393886
vn 0.365179 -0.843503 0.393886
vn 0.365179 -0.843503 0.393886
vn -0.267336 -0.886160 0.378486
vn -0.267336 -0.886160 0.378486
vn -0.267336 -0.886160 0.378486
vn -0.267336 -0.886160 0.378486
vn 0.332730 -0.865391 0.374686
vn 0.332730 -0.865391 0.374686
vn 0.332730 -0.865391 0.374686
vn 0.332730 -0.865391 0.374686
vn 0.376336 -0.912850 -0.158355
vn 0.376336 -0.912850 -0.158355
vn 0.376336 -0.912850 -0.158355
vn 0.376336 -0.912850 -0.158355
vn 0.515192 -0.856444 -0.032877
vn 0.515192 -0.856444 -0.032877
vn 0.515192 -0.856444 -0.032877
vn 0.515192 -0.856444 -0.032877
vn 0.456977 -0.842521 0.285184
vn 0.456977 -0.842521 0.285184
vn 0.456977 -0.842521 0.285184
vn 0.456977 -0.842521 0.285184
vn 0.407055 -0.846080 0.344173
vn 0.407055 -0.846080 0.344173
vn 0.407055 -0.846080 0.344173
vn 0.407055 -0.846080 0.344173
vn 0.102619 -0.686186 0.720151
vn 0.102619 -0.686186 0.720151
vn 0.102619 -0.686186 0.720151
vn 0.102619 -0.686186 0.720151
vn 0.065344 -0.957445 0.281123
vn 0.065344 -0.957445 0.281123
vn 0.065344 -0.957445 0.281123
vn 0.065344 -0.957445 0.281123
vn -0.163843 -0.968744 0.186252
vn -0.163843 -0.968744 0.186252
vn -0.163843 -0.968744 0.186252
vn -0.163843 -0.968744 0.186252
vn -0.320927 -0.927806 0.190215
vn -0.320927 -0.927806 0.190215
vn -0.320927 -0.927806 0.190215
vn -0.320927 -0.927806 0.190215
vn 0.483235 -0.697126 0.529622
vn 0.483235 -0.697126 0.529622
vn 0.483235 -0.697126 0.529622
vn 0.483235 -0.697126 0.529622
vn -0.095299 -0.749135 -0.655527
vn -0.095299 -0.749135 -0.655527
vn -0.095299 -0.749135 -0.655527
vn -0.095299 -0.749135 -0.655527
vn -0.311659 -0.563118 -0.765354
vn -0.311659 -0.563118 -0.765354
vn -0.311659 -0.563118 -0.765354
vn -0.311659 -0.563118 -0.765354
vn -0.414798 -0.547538 -0.726736
vn -0.414798 -0.547538 -0.726736
vn -0.414798 -0.547538 -0.726736
vn -0.414798 -0.547538 -0.726736
vn -0.401252 -0.614363 -0.679378
vn -0.401252 -0.614363 -0.679378
vn -0.401252 -0.614363 -0.679378
vn -0.401252 -0.614363 -0.679378
vn 0.914376 0.246157 0.321439
vn 0.914376 0.246157 0.321439
vn 0.914376 0.246157 0.321439
vn 0.914376 0.246157 0.321439
vn 0.805348 -0.592746 -0.008145
vn 0.805348 -0.592746 -0.008145
vn 0.805348 -0.592746 -0.008145
vn 0.805348 -0.592746 -0.008145
vn 0.804199 -0.590650 -0.066310
vn 0.804199 -0.590650 -0.066310
vn 0.804199 -0.590650 -0.066310
vn 0.804199 -0.590650 -0.066310
vn 0.627357 -0.765974 0.140381
vn 0.627357 -0.765974 0.140381
vn 0.627357 -0.765974 0.140381
vn 0.627357 -0.765974 0.140381
vn 0.789499 -0.582250 -0.194102
vn 0.789499 -0.582250 -0.194102
vn 0.789499 -0.582250 -0.194102
vn 0.789499 -0.582250 -0.194102
vn 0.631218 -0.772617 -0.068018
vn 0.631218 -0.772617 -0.068018
vn 0.631218 -0.772617 -0.068018
vn 0.631218 -0.772617 -0.068018
vn 0.609981 -0.791794 0.031402
vn 0.609981 -0.791794 0.031402
vn 0.609981 -0.791794 0.031402
vn 0.609981 -0.791794 0.031402
vn 0.535889 -0.836311 0.115787
vn 0.535889 -0.836311 0.115787
vn 0.535889 -0.836311 0.115787
vn 0.535889 -0.836311 0.115787
vn 0.130960 -0.971540 -0.197383
vn 0.130960 -0.971540 -0.197383
vn 0.130960 -0.971540 -0.197383
vn 0.130960 -0.971540 -0.197383
vn -0.101128 -0.869234 0.483947
vn -0.101128 -0.869234 0.483947
vn -0.101128 -0.869234 0.483947
vn -0.101128 -0.869234 0.483947
vn -0.388286 -0.808597 0.442047
vn -0.388286 -0.808597 0.442047
vn -0.388286 -0.808597 0.442047
vn -0.388286 -0.808597 0.442047
vn -0.066613 -0.990610 0.119390
vn -0.066613 -0.990610 0.119390
vn -0.066613 -0.990610 0.119390
vn -0.066613 -0.990610 0.119390
vn -0.336342 -0.050522 0.940384
vn -0.336342 -0.050522 0.940384
vn -0.336342 -0.050522 0.940384
vn -0.336342 -0.050522 0.940384
vn -0.285952 0.946095 -0.152105
vn -0.285952 0.946095 -0.152105
vn -0.285952 0.946095 -0.152105
vn -0.285952 0.946095 -0.152105
vn -0.328858 0.938392 0.106174
vn -0.328858 0.938392 0.106174
vn -0.328858 0.938392 0.106174
vn -0.328858 0.938392 0.106174
vn -0.373765 0.866039 0.332080
vn -0.373765 0.866039 0.332080
vn -0.373765 0.866039 0.332080
vn -0.373765 0.866039 0.332080
vn -0.547761 0.674197 0.495396
vn -0.547761 0.674197 0.495396
vn -0.547761 0.674197 0.495396
vn -0.547761 0.674197 0.495396
vn -0.465034 0.663754 0.585810
vn -0.465034 0.663754 0.585810
vn -0.465034 0.663754 0.585810
vn -0.465034 0.663754 0.585810
vn -0.306368 0.772139 0.556723
vn -0.306368 0.772139 0.556723
vn -0.306368 0.772139 0.556723
vn -0.306368 0.772139 0.556723
vn 0.203511 -0.927108 0.314728
vn 0.203511 -0.927108 0.314728
vn 0.203511 -0.927108 0.314728
vn 0.203511 -0.927108 0.314728
vn -0.151050 -0.758311 0.634152
vn -0.151050 -0.758311 0.634152
vn -0.151050 -0.758311 0.634152
vn -0.151050 -0.758311 0.634152
vn -0.136005 -0.895291 0.424212
vn -0.136005 -0.895291 0.424212
vn -0.136005 -0.895291 0.424212
vn -0.136005 -0.895291 0.424212
vn -0.470363 0.389811 0.791711
vn -0.470363 0.389811 0.791711
vn -0.470363 0.389811 0.791711
vn -0.470363 0.389811 0.791711
vn -0.622325 0.748212 0.229980
vn -0.622325 0.748212 0.229980
vn -0.622325 0.748212 0.229980
vn -0.622325 0.748212 0.229980
vn -0.655568 0.731942 0.185719
vn -0.655568 0.731942 0.185719
vn -0.655568 0.731942 0.185719
vn -0.655568 0.731942 0.185719
vn -0.818992 0.568442 0.078262
vn -0.818992 0.568442 0.078262
vn -0.818992 0.568442 0.078262
vn -0.818992 0.568442 0.078262
vn -0.852344 0.488570 0.186573
vn -0.852344 0.488570 0.186573
vn -0.852344 0.488570 0.186573
vn -0.852344 0.488570 0.186573
vn -0.826638 0.561582 0.035979
vn -0.826638 0.561582 0.035979
vn -0.826638 0.561582 0.035979
vn -0.826638 0.561582 0.035979
vn -0.936675 0.347099 -0.046494
vn -0.936675 0.347099 -0.046494
vn -0.936675 0.347099 -0.046494
vn -0.936675 0.347099 -0.046494
vn -0.946061 0.320902 0.044616
vn -0.946061 0.320902 0.044616
vn -0.946061 0.320902 0.044616
vn -0.946061 0.320902 0.044616
vn -0.519515 -0.826765 -0.215785
vn -0.519515 -0.826765 -0.215785
vn -0.519515 -0.826765 -0.215785
vn -0.519515 -0.826765 -0.215785
vn -0.907298 0.419195 -0.032939
vn -0.907298 0.419195 -0.032939
vn -0.907298 0.419195 -0.032939
vn -0.907298 0.419195 -0.032939
vn -0.510044 -0.786733 -0.347715
vn -0.510044 -0.786733 -0.347715
vn -0.510044 -0.786733 -0.347715
vn -0.510044 -0.786733 -0.347715
vn -0.467366 -0.815801 -0.340644
vn -0.467366 -0.815801 -0.340644
vn -0.467366 -0.815801 -0.340644
vn -0.467366 -0.815801 -0.340644
vn 0.661170 -0.745065 -0.087932
vn 0.661170 -0.745065 -0.087932
vn 0.661170 -0.745065 -0.087932
vn 0.661170 -0.745065 -0.087932
vn -0.804860 0.593421 0.007209
vn -0.804860 0.593421 0.007209
vn -0.804860 0.593421 0.007209
vn -0.804860 0.593421 0.007209
vn -0.933231 0.356271 -0.046375
vn -0.933231 0.356271 -0.046375
vn -0.933231 0.356271 -0.046375
vn -0.933231 0.356271 -0.046375
vn -0.722652 0.681556 0.115138
vn -0.722652 0.681556 0.115138
vn -0.722652 0.681556 0.115138
vn -0.722652 0.681556 0.115138
vn -0.907028 0.418642 -0.045151
vn -0.907028 0.418642 -0.045151
vn -0.907028 0.418642 -0.045151
vn -0.907028 0.418642 -0.045151
vn -0.681744 0.713432 0.161987
vn -0.681744 0.713432 0.161987
vn -0.681744 0.713432 0.161987
vn -0.681744 0.713432 0.161987
vn -0.702803 0.700884 0.121777
vn -0.702803 0.700884 0.121777
vn -0.702803 0.700884 0.121777
vn -0.702803 0.700884 0.121777
vn 0.684667 -0.728856 0.000041
vn 0.684667 -0.728856 0.000041
vn 0.684667 -0.728856 0.000041
vn 0.684667 -0.728856 0.000041
vn 0.682602 -0.730790 0.000794
vn 0.682602 -0.730790 0.000794
vn 0.682602 -0.730790 0.000794
vn 0.682602 -0.730790 0.000794
vn 0.653555 -0.755937 -0.037758
vn 0.653555 -0.755937 -0.037758
vn 0.653555 -0.755937 -0.037758
vn 0.653555 -0.755937 -0.037758
vn 0.694990 -0.709169 -0.118610
vn 0.694990 -0.709169 -0.118610
vn 0.694990 -0.709169 -0.118610
vn 0.694990 -0.709169 -0.118610
vn 0.729806 -0.666713 -0.151249
vn 0.729806 -0.666713 -0.151249
vn 0.729806 -0.666713 -0.151249
vn 0.729806 -0.666713 -0.151249
vn 0.756170 -0.631998 -0.169662
vn 0.756170 -0.631998 -0.169662
vn 0.756170 -0.631998 -0.169662
vn 0.756170 -0.631998 -0.169662
vn 0.014847 0.895490 0.444833
vn 0.014847 0.895490 0.444833
vn 0.014847 0.895490 0.444833
vn 0.014847 0.895490 0.444833
vn -0.350703 0.879379 0.322023
vn -0.350703 0.879379 0.322023
vn -0.350703 0.879379 0.322023
vn -0.350703 0.879379 0.322023
vn -0.534450 0.800919 0.269987
vn -0.534450 0.800919 0.269987
vn -0.534450 0.800919 0.269987
vn -0.534450 0.800919 0.269987
vn -0.478426 0.444302 0.757433
vn -0.478426 0.444302 0.757433
vn -0.478426 0.444302 0.757433
vn -0.478426 0.444302 0.757433
vn 0.560362 -0.645137 0.519416
vn 0.560362 -0.645137 0.519416
vn 0.560362 -0.645137 0.519416
vn 0.560362 -0.645137 0.519416
vn 0.684598 -0.652764 -0.324384
vn 0.684598 -0.652764 -0.324384
vn 0.684598 -0.652764 -0.324384
vn 0.684598 -0.652764 -0.324384
vn 0.780709 0.042549 0.623445
vn 0.780709 0.042549 0.623445
vn 0.780709 0.042549 0.623445
vn 0.780709 0.042549 0.623445
vn -0.822954 -0.032753 -0.567163
vn -0.822954 -0.032753 -0.567163
vn -0.822954 -0.032753 -0.567163
vn -0.822954 -0.032753 -0.567163
vn -0.771603 -0.075377 -0.631623
vn -0.771603 -0.075377 -0.631623
vn -0.771603 -0.075377 -0.631623
vn -0.771603 -0.075377 -0.631623
vn 0.925216 -0.010209 0.379302
vn 0.925216 -0.010209 0.379302
vn 0.925216 -0.010209 0.379302
vn 0.925216 -0.010209 0.379302
vn -0.288863 0.120110 -0.949806
vn -0.288863 0.120110 -0.949806
vn -0.288863 0.120110 -0.949806
vn -0.288863 0.120110 -0.949806
vn -0.224035 -0.011828 -0.974509
vn -0.224035 -0.011828 -0.974509
vn -0.224035 -0.011828 -0.974509
vn -0.224035 -0.011828 -0.974509
vn -0.980227 0.181040 -0.079872
vn -0.980227 0.181040 -0.079872
vn -0.980227 0.181040 -0.079872
vn -0.980227 0.181040 -0.079872
vn -0.956433 -0.106012 -0.272025
vn -0.956433 -0.106012 -0.272025
vn -0.956433 -0.106012 -0.272025
vn -0.956433 -0.106012 -0.272025
vn -0.472977 0.837441 -0.273836
vn -0.472977 0.837441 -0.273836
vn -0.472977 0.837441 -0.273836
vn -0.472977 0.837441 -0.273836
vn -0.398355 0.909234 0.120859
vn -0.398355 0.909234 0.120859
vn -0.398355 0.909234 0.120859
vn -0.398355 0.909234 0.120859
vn -0.250753 -0.954162 0.163396
vn -0.250753 -0.954162 0.163396
vn -0.250753 -0.954162 0.163396
vn -0.250753 -0.954162 0.163396
vn -0.515966 -0.856375 -0.020014
vn -0.515966 -0.856375 -0.020014
vn -0.515966 -0.856375 -0.020014
vn -0.515966 -0.856375 -0.020014
vn 0.516339 -0.845455 -0.136380
vn 0.516339 -0.845455 -0.136380
vn 0.516339 -0.845455 -0.136380
vn 0.516339 -0.845455 -0.136380
vn -0.885342 0.417432 0.204742
vn -0.885342 0.417432 0.204742
vn -0.885342 0.417432 0.204742
vn -0.885342 0.417432 0.204742
vn -0.984129 0.175967 -0.022940
vn -0.984129 0.175967 -0.022940
vn -0.984129 0.175967 -0.022940
vn -0.984129 0.175967 -0.022940
vn -0.887717 0.447856 0.106689
vn -0.887717 0.447856 0.106689
vn -0.887717 0.447856 0.106689
vn -0.887717 0.447856 0.106689
vn -0.833639 0.536957 0.129322
vn -0.833639 0.536957 0.129322
vn -0.833639 0.536957 0.129322
vn -0.833639 0.536957 0.129322
vn -0.924560 0.374151 0.072106
vn -0.924560 0.374151 0.072106
vn -0.924560 0.374151 0.072106
vn -0.924560 0.374151 0.072106
vn -0.447504 -0.855990 -0.258885
vn -0.447504 -0.855990 -0.258885
vn -0.447504 -0.855990 -0.258885
vn -0.447504 -0.855990 -0.258885
vn -0.375167 0.013443 -0.926860
vn -0.375167 0.013443 -0.926860
vn -0.375167 0.013443 -0.926860
vn -0.375167 0.013443 -0.926860
vn -0.603911 -0.514900 -0.608416
vn -0.603911 -0.514900 -0.608416
vn -0.603911 -0.514900 -0.608416
vn -0.603911 -0.514900 -0.608416
vn -0.541294 -0.678327 -0.496864
vn -0.541294 -0.678327 -0.496864
vn -0.541294 -0.678327 -0.496864
vn -0.541294 -0.678327 -0.496864
vn -0.962590 -0.067050 -0.262537
vn -0.962590 -0.067050 -0.262537
vn -0.962590 -0.067050 -0.262537
vn -0.962590 -0.067050 -0.262537
vn -0.937871 -0.054166 -0.342729
vn -0.937871 -0.054166 -0.342729
vn -0.937871 -0.054166 -0.342729
vn -0.937871 -0.054166 -0.342729
vn -0.950223 -0.141896 -0.277383
vn -0.950223 -0.141896 -0.277383
vn -0.950223 -0.141896 -0.277383
vn -0.950223 -0.141896 -0.277383
vn 0.773326 0.225473 0.592562
vn 0.773326 0.225473 0.592562
vn 0.773326 0.225473 0.592562
vn 0.773326 0.225473 0.592562
vn -0.945910 0.067961 -0.317232
vn -0.945910 0.067961 -0.317232
vn -0.945910 0.067961 -0.317232
vn -0.945910 0.067961 -0.317232
vn -0.919070 -0.123752 -0.374160
vn -0.919070 -0.123752 -0.374160
vn -0.919070 -0.123752 -0.374160
vn -0.919070 -0.123752 -0.374160
vn -0.914753 -0.141064 -0.378586
vn -0.914753 -0.141064 -0.378586
vn -0.914753 -0.141064 -0.378586
vn -0.914753 -0.141064 -0.378586
vn -0.891243 -0.119772 -0.437426
vn -0.891243 -0.119772 -0.437426
vn -0.891243 -0.119772 -0.437426
vn -0.891243 -0.119772 -0.437426
vn -0.880313 -0.059356 -0.470665
vn -0.880313 -0.059356 -0.470665
vn -0.880313 -0.059356 -0.470665
vn -0.880313 -0.059356 -0.470665
vn 0.917840 0.181206 0.353176
vn 0.917840 0.181206 0.353176
vn 0.917840 0.181206 0.353176
vn 0.917840 0.181206 0.353176
vn 0.921175 0.167911 0.351059
vn 0.921175 0.167911 0.351059
vn 0.921175 0.167911 0.351059
vn 0.921175 0.167911 0.351059
vn 0.872232 0.288689 0.394804
vn 0.872232 0.288689 0.394804
vn 0.872232 0.288689 0.394804
vn 0.872232 0.288689 0.394804
vn 0.864389 0.136063 0.484065
vn 0.864389 0.136063 0.484065
vn 0.864389 0.136063 0.484065
vn 0.864389 0.136063 0.484065
vn 0.887133 0.101150 0.450292
vn 0.887133 0.101150 0.450292
vn 0.887133 0.101150 0.450292
vn 0.887133 0.101150 0.450292
vn 0.888766 0.100175 0.447281
vn 0.888766 0.100175 0.447281
vn 0.888766 0.100175 0.447281
vn 0.888766 0.100175 0.447281
vn 0.849280 0.267571 0.455115
vn 0.849280 0.267571 0.455115
vn 0.849280 0.267571 0.455115
vn 0.849280 0.267571 0.455115
vn 0.854866 0.047802 0.516643
vn 0.854866 0.047802 0.516643
vn 0.854866 0.047802 0.516643
vn 0.854866 0.047802 0.516643
vn 0.746448 0.103156 0.657400
vn 0.746448 0.103156 0.657400
vn 0.746448 0.103156 0.657400
vn 0.746448 0.103156 0.657400
vn 0.807076 0.120640 0.577992
vn 0.807076 0.120640 0.577992
vn 0.807076 0.120640 0.577992
vn 0.807076 0.120640 0.577992
vn 0.838649 -0.505417 0.203031
vn 0.838649 -0.505417 0.203031
vn 0.838649 -0.505417 0.203031
vn 0.838649 -0.505417 0.203031
vn 0.906216 -0.001443 0.422812
vn 0.906216 -0.001443 0.422812
vn 0.906216 -0.001443 0.422812
vn 0.906216 -0.001443 0.422812
vn 0.903385 0.182346 0.388130
vn 0.903385 0.182346 0.388130
vn 0.903385 0.182346 0.388130
vn 0.903385 0.182346 0.388130
vn 0.888119 0.223999 0.401335
vn 0.888119 0.223999 0.401335
vn 0.888119 0.223999 0.401335
vn 0.888119 0.223999 0.401335
vn 0.923802 0.023132 0.382172
vn 0.923802 0.023132 0.382172
vn 0.923802 0.023132 0.382172
vn 0.923802 0.023132 0.382172
vn 0.935968 0.167298 0.309800
vn 0.935968 0.167298 0.309800
vn 0.935968 0.167298 0.309800
vn 0.935968 0.167298 0.309800
vn -0.938222 -0.057705 -0.341187
vn -0.938222 -0.057705 -0.341187
vn -0.938222 -0.057705 -0.341187
vn -0.938222 -0.057705 -0.341187
vn -0.604100 -0.593507 -0.531802
vn -0.604100 -0.593507 -0.531802
vn -0.604100 -0.593507 -0.531802
vn -0.604100 -0.593507 -0.531802
vn 0.834255 -0.512799 0.202622
vn 0.834255 -0.512799 0.202622
vn 0.834255 -0.512799 0.202622
vn 0.834255 -0.512799 0.202622
vn 0.921866 -0.042188 0.385205
vn 0.921866 -0.042188 0.385205
vn 0.921866 -0.042188 0.385205
vn 0.921866 -0.042188 0.385205
vn 0.863319 0.214793 0.456667
vn 0.863319 0.214793 0.456667
vn 0.863319 0.214793 0.456667
vn 0.863319 0.214793 0.456667
vn 0.881579 0.132465 0.453068
vn 0.881579 0.132465 0.453068
vn 0.881579 0.132465 0.453068
vn 0.881579 0.132465 0.453068
vn 0.877188 0.153960 0.454794
vn 0.877188 0.153960 0.454794
vn 0.877188 0.153960 0.454794
vn 0.877188 0.153960 0.454794
vn -0.084402 -0.688993 -0.719837
vn -0.084402 -0.688993 -0.719837
vn -0.084402 -0.688993 -0.719837
vn -0.084402 -0.688993 -0.719837
vn -0.171600 -0.648657 -0.741484
vn -0.171600 -0.648657 -0.741484
vn -0.171600 -0.648657 -0.741484
vn -0.171600 -0.648657 -0.741484
vn -0.355917 -0.465397 -0.810388
vn -0.355917 -0.465397 -0.810388
vn -0.355917 -0.465397 -0.810388
vn -0.355917 -0.465397 -0.810388
vn -0.604751 0.344940 -0.717839
vn -0.604751 0.344940 -0.717839
vn -0.604751 0.344940 -0.717839
vn -0.604751 0.344940 -0.717839
vn -0.444854 0.492586 -0.747974
vn -0.444854 0.492586 -0.747974
vn -0.444854 0.492586 -0.747974
vn -0.444854 0.492586 -0.747974
vn -0.159936 0.603126 -0.781447
vn -0.159936 0.603126 -0.781447
vn -0.159936 0.603126 -0.781447
vn -0.159936 0.603126 -0.781447
vn -0.569479 0.396461 -0.720079
vn -0.569479 0.396461 -0.720079
vn -0.569479 0.396461 -0.720079
vn -0.569479 0.396461 -0.720079
vn -0.553250 0.329767 -0.764962
vn -0.553250 0.329767 -0.764962
vn -0.553250 0.329767 -0.764962
vn -0.553250 0.329767 -0.764962
vn -0.954805 0.293137 0.049163
vn -0.954805 0.293137 0.049163
vn -0.954805 0.293137 0.049163
vn -0.954805 0.293137 0.049163
vn -0.589204 -0.806397 -0.050622
vn -0.589204 -0.806397 -0.050622
vn -0.589204 -0.806397 -0.050622
vn -0.589204 -0.806397 -0.050622
vn 0.468052 -0.864064 0.185259
vn 0.468052 -0.864064 0.185259
vn 0.468052 -0.864064 0.185259
vn 0.468052 -0.864064 0.185259
vn 0.603813 -0.784732 0.140023
vn 0.603813 -0.784732 0.140023
vn 0.603813 -0.784732 0.140023
vn 0.603813 -0.784732 0.140023
vn 0.588929 -0.807321 0.037357
vn 0.588929 -0.807321 0.037357
vn 0.588929 -0.807321 0.037357
vn 0.588929 -0.807321 0.037357
vn 0.576013 -0.795218 -0.189311
vn 0.576013 -0.795218 -0.189311
vn 0.576013 -0.795218 -0.189311
vn 0.576013 -0.795218 -0.189311
vn 0.558519 -0.826384 -0.071739
vn 0.558519 -0.826384 -0.071739
vn 0.558519 -0.826384 -0.071739
vn 0.558519 -0.826384 -0.071739
vn 0.619039 -0.760856 -0.194651
vn 0.619039 -0.760856 -0.194651
vn 0.619039 -0.760856 -0.194651
vn 0.619039 -0.760856 -0.194651
vn -0.347553 -0.004668 0.937649
vn -0.347553 -0.004668 0.937649
vn -0.347553 -0.004668 0.937649
vn -0.347553 -0.004668 0.937649
vn -0.338937 -0.295810 0.893095
vn -0.338937 -0.295810 0.893095
vn -0.338937 -0.295810 0.893095
vn -0.338937 -0.295810 0.893095
vn -0.505489 0.033221 -0.862193
vn -0.505489 0.033221 -0.862193
vn -0.505489 0.033221 -0.862193
vn -0.505489 0.033221 -0.862193
vn -0.368334 -0.835805 -0.407136
vn -0.368334 -0.835805 -0.407136
vn -0.368334 -0.835805 -0.407136
vn -0.368334 -0.835805 -0.407136
vn -0.480619 -0.590842 -0.648006
vn -0.480619 -0.590842 -0.648006
vn -0.480619 -0.590842 -0.648006
vn -0.480619 -0.590842 -0.648006
vn -0.871460 0.069671 -0.485493
vn -0.871460 0.069671 -0.485493
vn -0.871460 0.069671 -0.485493
vn -0.871460 0.069671 -0.485493
vn -0.267373 -0.846300 -0.460746
vn -0.267373 -0.846300 -0.460746
vn -0.267373 -0.846300 -0.460746
vn -0.267373 -0.846300 -0.460746
vn -0.090983 -0.898358 -0.429737
vn -0.090983 -0.898358 -0.429737
vn -0.090983 -0.898358 -0.429737
vn -0.090983 -0.898358 -0.429737
vn 0.010259 -0.914935 -0.403470
vn 0.010259 -0.914935 -0.403470
vn 0.010259 -0.914935 -0.403470
vn 0.010259 -0.914935 -0.403470
vn -0.375170 -0.721183 -0.582360
vn -0.375170 -0.721183 -0.582360
vn -0.375170 -0.721183 -0.582360
vn -0.375170 -0.721183 -0.582360
vn -0.507302 -0.825857 -0.246181
vn -0.507302 -0.825857 -0.246181
vn -0.507302 -0.825857 -0.246181
vn -0.507302 -0.825857 -0.246181
vn -0.277701 -0.943091 -0.182926
vn -0.277701 -0.943091 -0.182926
vn -0.277701 -0.943091 -0.182926
vn -0.277701 -0.943091 -0.182926
vn -0.008783 -0.999766 -0.019751
vn -0.008783 -0.999766 -0.019751
vn -0.008783 -0.999766 -0.019751
vn -0.008783 -0.999766 -0.019751
vn -0.765774 -0.576038 -0.285954
vn -0.765774 -0.576038 -0.285954
vn -0.765774 -0.576038 -0.285954
vn -0.765774 -0.576038 -0.285954
vn -0.261237 0.109867 -0.959002
vn -0.261237 0.109867 -0.959002
vn -0.261237 0.109867 -0.959002
vn -0.261237 0.109867 -0.959002
vn -0.881141 0.376986 -0.285435
vn -0.881141 0.376986 -0.285435
vn -0.881141 0.376986 -0.285435
vn -0.881141 0.376986 -0.285435
vn -0.771927 0.163963 -0.614202
vn -0.771927 0.163963 -0.614202
vn -0.771927 0.163963 -0.614202
vn -0.771927 0.163963 -0.614202
vn -0.510216 0.190309 -0.838726
vn -0.510216 0.190309 -0.838726
vn -0.510216 0.190309 -0.838726
vn -0.510216 0.190309 -0.838726
vn -0.745400 0.521879 -0.414754
vn -0.745400 0.521879 -0.414754
vn -0.745400 0.521879 -0.414754
vn -0.745400 0.521879 -0.414754
vn -0.136643 -0.986653 -0.088573
vn -0.136643 -0.986653 -0.088573
vn -0.136643 -0.986653 -0.088573
vn -0.136643 -0.986653 -0.088573
vn -0.358145 -0.911438 -0.202516
vn -0.358145 -0.911438 -0.202516
vn -0.358145 -0.911438 -0.202516
vn -0.358145 -0.911438 -0.202516
vn -0.838456 0.293808 -0.458985
vn -0.838456 0.293808 -0.458985
vn -0.838456 0.293808 -0.458985
vn -0.838456 0.293808 -0.458985
vn -0.818599 0.528076 -0.225900
vn -0.818599 0.528076 -0.225900
vn -0.818599 0.528076 -0.225900
vn -0.818599 0.528076 -0.225900
vn -0.688910 0.724782 -0.009726
vn -0.688910 0.724782 -0.009726
vn -0.688910 0.724782 -0.009726
vn -0.688910 0.724782 -0.009726
vn -0.047111 -0.976385 -0.210840
vn -0.047111 -0.976385 -0.210840
vn -0.047111 -0.976385 -0.210840
vn -0.047111 -0.976385 -0.210840
vn -0.592231 -0.794543 0.134033
vn -0.592231 -0.794543 0.134033
vn -0.592231 -0.794543 0.134033
vn -0.592231 -0.794543 0.134033
vn -0.427082 0.159172 -0.890093
vn -0.427082 0.159172 -0.890093
vn -0.427082 0.159172 -0.890093
vn -0.427082 0.159172 -0.890093
vn -0.748739 -0.632952 -0.196879
vn -0.748739 -0.632952 -0.196879
vn -0.748739 -0.632952 -0.196879
vn -0.748739 -0.632952 -0.196879
vn -0.608388 0.786082 -0.109272
vn -0.608388 0.786082 -0.109272
vn -0.608388 0.786082 -0.109272
vn -0.608388 0.786082 -0.109272
vn -0.556377 0.829807 -0.043179
vn -0.556377 0.829807 -0.043179
vn -0.556377 0.829807 -0.043179
vn -0.556377 0.829807 -0.043179
vn -0.171000 -0.975529 -0.138207
vn -0.171000 -0.975529 -0.138207
vn -0.171000 -0.975529 -0.138207
vn -0.171000 -0.975529 -0.138207
vn -0.404412 -0.911599 -0.073747
vn -0.404412 -0.911599 -0.073747
vn -0.404412 -0.911599 -0.073747
vn -0.404412 -0.911599 -0.073747
vn -0.391280 -0.914698 -0.101128
vn -0.391280 -0.914698 -0.101128
vn -0.391280 -0.914698 -0.101128
vn -0.391280 -0.914698 -0.101128
vn -0.204387 -0.972230 -0.113992
vn -0.204387 -0.972230 -0.113992
vn -0.204387 -0.972230 -0.113992
vn -0.204387 -0.972230 -0.113992
vn -0.217452 -0.975359 -0.037286
vn -0.217452 -0.975359 -0.037286
vn -0.217452 -0.975359 -0.037286
vn -0.217452 -0.975359 -0.037286
vn -0.331629 -0.915753 -0.226754
vn -0.331629 -0.915753 -0.226754
vn -0.331629 -0.915753 -0.226754
vn -0.331629 -0.915753 -0.226754
vn -0.136004 -0.989204 0.054568
vn -0.136004 -0.989204 0.054568
vn -0.136004 -0.989204 0.054568
vn -0.136004 -0.989204 0.054568
vn -0.828712 0.319157 -0.459756
vn -0.828712 0.319157 -0.459756
vn -0.828712 0.319157 -0.459756
vn -0.828712 0.319157 -0.459756
vn -0.796917 0.249351 -0.550226
vn -0.796917 0.249351 -0.550226
vn -0.796917 0.249351 -0.550226
vn -0.796917 0.249351 -0.550226
vn -0.518058 0.313632 -0.795771
vn -0.518058 0.313632 -0.795771
vn -0.518058 0.313632 -0.795771
vn -0.518058 0.313632 -0.795771
vn 0.765917 0.454224 -0.455030
vn 0.765917 0.454224 -0.455030
vn 0.765917 0.454224 -0.455030
vn 0.765917 0.454224 -0.455030
vn 0.042852 -0.877913 0.476900
vn 0.042852 -0.877913 0.476900
vn 0.042852 -0.877913 0.476900
vn 0.042852 -0.877913 0.476900
vn 0.877307 -0.380842 0.292047
vn 0.877307 -0.380842 0.292047
vn 0.877307 -0.380842 0.292047
vn 0.877307 -0.380842 0.292047
vn 0.739843 -0.400883 0.540301
vn 0.739843 -0.400883 0.540301
vn 0.739843 -0.400883 0.540301
vn 0.739843 -0.400883 0.540301
vn 0.954986 -0.202084 0.217172
vn 0.954986 -0.202084 0.217172
vn 0.954986 -0.202084 0.217172
vn 0.954986 -0.202084 0.217172
vn 0.951063 0.092745 0.294751
vn 0.951063 0.092745 0.294751
vn 0.951063 0.092745 0.294751
vn 0.951063 0.092745 0.294751
vn 0.932843 0.123993 0.338274
vn 0.932843 0.123993 0.338274
vn 0.932843 0.123993 0.338274
vn 0.932843 0.123993 0.338274
vn 0.920909 0.144748 0.361904
vn 0.920909 0.144748 0.361904
vn 0.920909 0.144748 0.361904
vn 0.920909 0.144748 0.361904
vn 0.921199 0.185527 0.342011
vn 0.921199 0.185527 0.342011
vn 0.921199 0.185527 0.342011
vn 0.921199 0.185527 0.342011
vn 0.867751 0.264594 0.420711
vn 0.867751 0.264594 0.420711
vn 0.867751 0.264594 0.420711
vn 0.867751 0.264594 0.420711
vn 0.863689 0.028541 0.503216
vn 0.863689 0.028541 0.503216
vn 0.863689 0.028541 0.503216
vn 0.863689 0.028541 0.503216
vn 0.711939 -0.181246 0.678448
vn 0.711939 -0.181246 0.678448
vn 0.711939 -0.181246 0.678448
vn 0.711939 -0.181246 0.678448
vn 0.716370 -0.249961 0.651409
vn 0.716370 -0.249961 0.651409
vn 0.716370 -0.249961 0.651409
vn 0.716370 -0.249961 0.651409
vn 0.612658 0.181973 0.769114
vn 0.612658 0.181973 0.769114
vn 0.612658 0.181973 0.769114
vn 0.612658 0.181973 0.769114
vn 0.607995 0.374121 0.700268
vn 0.607995 0.374121 0.700268
vn 0.607995 0.374121 0.700268
vn 0.607995 0.374121 0.700268
vn 0.623823 0.258544 0.737563
vn 0.623823 0.258544 0.737563
vn 0.623823 0.258544 0.737563
vn 0.623823 0.258544 0.737563
vn -0.951554 -0.043398 -0.304403
vn -0.951554 -0.043398 -0.304403
vn -0.951554 -0.043398 -0.304403
vn -0.951554 -0.043398 -0.304403
vn -0.938020 0.173271 -0.300161
vn -0.938020 0.173271 -0.300161
vn -0.938020 0.173271 -0.300161
vn -0.938020 0.173271 -0.300161
vn -0.162593 -0.523335 0.836471
vn -0.162593 -0.523335 0.836471
vn -0.162593 -0.523335 0.836471
vn -0.162593 -0.523335 0.836471
vn -0.443282 0.341977 0.828585
vn -0.443282 0.341977 0.828585
vn -0.443282 0.341977 0.828585
vn -0.443282 0.341977 0.828585
vn -0.951667 -0.209348 -0.224730
vn -0.951667 -0.209348 -0.224730
vn -0.951667 -0.209348 -0.224730
vn -0.951667 -0.209348 -0.224730
vn -0.951478 0.215787 -0.219377
vn -0.951478 0.215787 -0.219377
vn -0.951478 0.215787 -0.219377
vn -0.951478 0.215787 -0.219377
vn -0.951945 0.230438 -0.201742
vn -0.951945 0.230438 -0.201742
vn -0.951945 0.230438 -0.201742
vn -0.951945 0.230438 -0.201742
vn -0.960915 0.236052 -0.144643
vn -0.960915 0.236052 -0.144643
vn -0.960915 0.236052 -0.144643
vn -0.960915 0.236052 -0.144643
vn -0.448212 0.772052 0.450602
vn -0.448212 0.772052 0.450602
vn -0.448212 0.772052 0.450602
vn -0.448212 0.772052 0.450602
vn -0.964279 0.079036 -0.252822
vn -0.964279 0.079036 -0.252822
vn -0.964279 0.079036 -0.252822
vn -0.964279 0.079036 -0.252822
vn -0.934010 -0.142909 -0.327418
vn -0.934010 -0.142909 -0.327418
vn -0.934010 -0.142909 -0.327418
vn -0.934010 -0.142909 -0.327418
vn -0.956789 0.182812 -0.226129
vn -0.956789 0.182812 -0.226129
vn -0.956789 0.182812 -0.226129
vn -0.956789 0.182812 -0.226129
vn -0.984055 0.125258 -0.126282
vn -0.984055 0.125258 -0.126282
vn -0.984055 0.125258 -0.126282
vn -0.984055 0.125258 -0.126282
vn -0.926288 -0.100825 -0.363076
vn -0.926288 -0.100825 -0.363076
vn -0.926288 -0.100825 -0.363076
vn -0.926288 -0.100825 -0.363076
vn -0.971295 -0.114291 -0.208624
vn -0.971295 -0.114291 -0.208624
vn -0.971295 -0.114291 -0.208624
vn -0.971295 -0.114291 -0.208624
vn -0.969400 -0.004138 -0.245452
vn -0.969400 -0.004138 -0.245452
vn -0.969400 -0.004138 -0.245452
vn -0.969400 -0.004138 -0.245452
vn -0.967898 0.056615 -0.244884
vn -0.967898 0.056615 -0.244884
vn -0.967898 0.056615 -0.244884
vn -0.967898 0.056615 -0.244884
vn -0.960949 -0.071880 -0.267228
vn -0.960949 -0.071880 -0.267228
vn -0.960949 -0.071880 -0.267228
vn -0.960949 -0.071880 -0.267228
vn -0.933707 -0.083200 -0.348237
vn -0.933707 -0.083200 -0.348237
vn -0.933707 -0.083200 -0.348237
vn -0.933707 -0.083200 -0.348237
vn -0.974638 -0.020884 -0.222810
vn -0.974638 -0.020884 -0.222810
vn -0.974638 -0.020884 -0.222810
vn -0.974638 -0.020884 -0.222810
vn -0.975784 0.076969 -0.204747
vn -0.975784 0.076969 -0.204747
vn -0.975784 0.076969 -0.204747
vn -0.975784 0.076969 -0.204747
vn -0.960157 0.166882 -0.224162
vn -0.960157 0.166882 -0.224162
vn -0.960157 0.166882 -0.224162
vn -0.960157 0.166882 -0.224162
vn -0.963192 0.224249 -0.148237
vn -0.963192 0.224249 -0.148237
vn -0.963192 0.224249 -0.148237
vn -0.963192 0.224249 -0.148237
vn -0.954135 -0.199798 -0.222951
vn -0.954135 -0.199798 -0.222951
vn -0.954135 -0.199798 -0.222951
vn -0.954135 -0.199798 -0.222951
vn -0.973795 0.052643 -0.221251
vn -0.973795 0.052643 -0.221251
vn -0.973795 0.052643 -0.221251
vn -0.973795 0.052643 -0.221251
vn -0.967999 0.037610 -0.248118
vn -0.967999 0.037610 -0.248118
vn -0.967999 0.037610 -0.248118
vn -0.967999 0.037610 -0.248118
vn -0.819814 -0.496591 -0.285135
vn -0.819814 -0.496591 -0.285135
vn -0.819814 -0.496591 -0.285135
vn -0.819814 -0.496591 -0.285135
vn -0.334518 -0.755397 0.563448
vn -0.334518 -0.755397 0.563448
vn -0.334518 -0.755397 0.563448
vn -0.334518 -0.755397 0.563448
vn -0.595300 0.738220 0.317251
vn -0.595300 0.738220 0.317251
vn -0.595300 0.738220 0.317251
vn -0.595300 0.738220 0.317251
vn -0.628279 0.219204 0.746469
vn -0.628279 0.219204 0.746469
vn -0.628279 0.219204 0.746469
vn -0.628279 0.219204 0.746469
vn -0.634844 0.096091 0.766642
vn -0.634844 0.096091 0.766642
vn -0.634844 0.096091 0.766642
vn -0.634844 0.096091 0.766642
vn -0.199323 -0.685991 0.699776
vn -0.199323 -0.685991 0.699776
vn -0.199323 -0.685991 0.699776
vn -0.199323 -0.685991 0.699776
vn -0.827219 -0.544771 -0.137599
vn -0.827219 -0.544771 -0.137599
vn -0.827219 -0.544771 -0.137599
vn -0.827219 -0.544771 -0.137599
vn -0.711363 -0.561307 -0.422962
vn -0.711363 -0.561307 -0.422962
vn -0.711363 -0.561307 -0.422962
vn -0.711363 -0.561307 -0.422962
vn 0.744416 -0.330705 0.580068
vn 0.744416 -0.330705 0.580068
vn 0.744416 -0.330705 0.580068
vn 0.744416 -0.330705 0.580068
vn 0.858496 0.129529 0.496192
vn 0.858496 0.129529 0.496192
vn 0.858496 0.129529 0.496192
vn 0.858496 0.129529 0.496192
vn 0.125540 -0.878764 0.460450
vn 0.125540 -0.878764 0.460450
vn 0.125540 -0.878764 0.460450
vn 0.125540 -0.878764 0.460450
vn 0.540025 -0.000825 0.841649
vn 0.540025 -0.000825 0.841649
vn 0.540025 -0.000825 0.841649
vn 0.540025 -0.000825 0.841649
vn -0.582913 0.327616 0.743559
vn -0.582913 0.327616 0.743559
vn -0.582913 0.327616 0.743559
vn -0.582913 0.327616 0.743559
vn -0.541039 0.427446 0.724270
vn -0.541039 0.427446 0.724270
vn -0.541039 0.427446 0.724270
vn -0.541039 0.427446 0.724270
vn 0.699975 0.288410 0.653341
vn 0.699975 0.288410 0.653341
vn 0.699975 0.288410 0.653341
vn 0.699975 0.288410 0.653341
vn 0.871939 -0.017006 0.489319
vn 0.871939 -0.017006 0.489319
vn 0.871939 -0.017006 0.489319
vn 0.871939 -0.017006 0.489319
vn 0.752092 -0.103085 0.650947
vn 0.752092 -0.103085 0.650947
vn 0.752092 -0.103085 0.650947
vn 0.752092 -0.103085 0.650947
vn 0.722477 0.160553 0.672495
vn 0.722477 0.160553 0.672495
vn 0.722477 0.160553 0.672495
vn 0.722477 0.160553 0.672495
vn 0.908767 0.134063 0.395184
vn 0.908767 0.134063 0.395184
vn 0.908767 0.134063 0.395184
vn 0.908767 0.134063 0.395184
vn 0.707175 -0.690888 0.150259
vn 0.707175 -0.690888 0.150259
vn 0.707175 -0.690888 0.150259
vn 0.707175 -0.690888 0.150259
vn 0.838282 -0.539693 0.077550
vn 0.838282 -0.539693 0.077550
vn 0.838282 -0.539693 0.077550
vn 0.838282 -0.539693 0.077550
vn 0.641063 -0.711300 0.288254
vn 0.641063 -0.711300 0.288254
vn 0.641063 -0.711300 0.288254
vn 0.641063 -0.711300 0.288254
vn 0.844251 0.281888 0.455828
vn 0.844251 0.281888 0.455828
vn 0.844251 0.281888 0.455828
vn 0.844251 0.281888 0.455828
vn 0.884922 0.074167 0.459795
vn 0.884922 0.074167 0.459795
vn 0.884922 0.074167 0.459795
vn 0.884922 0.074167 0.459795
vn 0.701467 0.282319 0.654401
vn 0.701467 0.282319 0.654401
vn 0.701467 0.282319 0.654401
vn 0.701467 0.282319 0.654401
vn 0.766628 -0.058878 0.639386
vn 0.766628 -0.058878 0.639386
vn 0.766628 -0.058878 0.639386
vn 0.766628 -0.058878 0.639386
vn 0.791947 -0.043704 0.609024
vn 0.791947 -0.043704 0.609024
vn 0.791947 -0.043704 0.609024
vn 0.791947 -0.043704 0.609024
vn 0.934627 0.170510 0.312088
vn 0.934627 0.170510 0.312088
vn 0.934627 0.170510 0.312088
vn 0.934627 0.170510 0.312088
vn 0.918569 0.124152 0.375257
vn 0.918569 0.124152 0.375257
vn 0.918569 0.124152 0.375257
vn 0.918569 0.124152 0.375257
vn 0.653678 0.137001 0.744269
vn 0.653678 0.137001 0.744269
vn 0.653678 0.137001 0.744269
vn 0.653678 0.137001 0.744269
vn 0.862283 0.209904 0.460878
vn 0.862283 0.209904 0.460878
vn 0.862283 0.209904 0.460878
vn 0.862283 0.209904 0.460878
vn 0.880082 0.062304 0.470717
vn 0.880082 0.062304 0.470717
vn 0.880082 0.062304 0.470717
vn 0.880082 0.062304 0.470717
vn 0.757615 0.034705 0.651779
vn 0.757615 0.034705 0.651779
vn 0.757615 0.034705 0.651779
vn 0.757615 0.034705 0.651779
vn 0.771031 -0.060527 0.633914
vn 0.771031 -0.060527 0.633914
vn 0.771031 -0.060527 0.633914
vn 0.771031 -0.060527 0.633914
vn 0.777874 0.009325 0.628351
vn 0.777874 0.009325 0.628351
vn 0.777874 0.009325 0.628351
vn 0.777874 0.009325 0.628351
vn 0.834660 0.021468 0.550347
vn 0.834660 0.021468 0.550347
vn 0.834660 0.021468 0.550347
vn 0.834660 0.021468 0.550347
vn 0.879705 0.111363 0.462296
vn 0.879705 0.111363 0.462296
vn 0.879705 0.111363 0.462296
vn 0.879705 0.111363 0.462296
vn 0.751965 0.073101 0.655138
vn 0.751965 0.073101 0.655138
vn 0.751965 0.073101 0.655138
vn 0.751965 0.073101 0.655138
vn 0.814712 -0.033850 0.578877
vn 0.814712 -0.033850 0.578877
vn 0.814712 -0.033850 0.578877
vn 0.814712 -0.033850 0.578877
vn 0.871460 -0.423452 -0.247479
vn 0.871460 -0.423452 -0.247479
vn 0.871460 -0.423452 -0.247479
vn 0.871460 -0.423452 -0.247479
vn 0.363460 0.342561 -0.866342
vn 0.363460 0.342561 -0.866342
vn 0.363460 0.342561 -0.866342
vn 0.363460 0.342561 -0.866342
vn 0.945776 -0.122658 -0.300772
vn 0.945776 -0.122658 -0.300772
vn 0.945776 -0.122658 -0.300772
vn 0.945776 -0.122658 -0.300772
vn 0.319740 0.062652 -0.945432
vn 0.319740 0.062652 -0.945432
vn 0.319740 0.062652 -0.945432
vn 0.319740 0.062652 -0.945432
vn 0.934807 -0.189637 -0.300289
vn 0.934807 -0.189637 -0.300289
vn 0.934807 -0.189637 -0.300289
vn 0.934807 -0.189637 -0.300289
vn 0.971888 -0.215855 -0.094018
vn 0.971888 -0.215855 -0.094018
vn 0.971888 -0.215855 -0.094018
vn 0.971888 -0.215855 -0.094018
vn 0.975583 -0.219615 0.002540
vn 0.975583 -0.219615 0.002540
vn 0.975583 -0.219615 0.002540
vn 0.975583 -0.219615 0.002540
vn -0.603634 0.384126 -0.698623
vn -0.603634 0.384126 -0.698623
vn -0.603634 0.384126 -0.698623
vn -0.603634 0.384126 -0.698623
vn -0.712824 0.154556 -0.684101
vn -0.712824 0.154556 -0.684101
vn -0.712824 0.154556 -0.684101
vn -0.712824 0.154556 -0.684101
vn -0.670649 0.194303 -0.715874
vn -0.670649 0.194303 -0.715874
vn -0.670649 0.194303 -0.715874
vn -0.670649 0.194303 -0.715874
vn -0.686617 -0.034663 -0.726193
vn -0.686617 -0.034663 -0.726193
vn -0.686617 -0.034663 -0.726193
vn -0.686617 -0.034663 -0.726193
vn -0.568028 0.346597 -0.746468
vn -0.568028 0.346597 -0.746468
vn -0.568028 0.346597 -0.746468
vn -0.568028 0.346597 -0.746468
vn -0.686787 0.505634 -0.522167
vn -0.686787 0.505634 -0.522167
vn -0.686787 0.505634 -0.522167
vn -0.686787 0.505634 -0.522167
vn -0.553483 0.360265 -0.750910
vn -0.553483 0.360265 -0.750910
vn -0.553483 0.360265 -0.750910
vn -0.553483 0.360265 -0.750910
vn -0.693235 0.515205 -0.503973
vn -0.693235 0.515205 -0.503973
vn -0.693235 0.515205 -0.503973
vn -0.693235 0.515205 -0.503973
vn -0.584526 0.470709 -0.660880
vn -0.584526 0.470709 -0.660880
vn -0.584526 0.470709 -0.660880
vn -0.584526 0.470709 -0.660880
vn -0.609669 -0.386492 -0.692046
vn -0.609669 -0.386492 -0.692046
vn -0.609669 -0.386492 -0.692046
vn -0.609669 -0.386492 -0.692046
vn -0.645189 -0.537203 -0.543272
vn -0.645189 -0.537203 -0.543272
vn -0.645189 -0.537203 -0.543272
vn -0.645189 -0.537203 -0.543272
vn -0.589595 -0.622550 -0.514596
vn -0.589595 -0.622550 -0.514596
vn -0.589595 -0.622550 -0.514596
vn -0.589595 -0.622550 -0.514596
vn 0.377834 0.214663 -0.900645
vn 0.377834 0.214663 -0.900645
vn 0.377834 0.214663 -0.900645
vn 0.377834 0.214663 -0.900645
vn 0.766640 -0.622030 -0.159188
vn 0.766640 -0.622030 -0.159188
vn 0.766640 -0.622030 -0.159188
vn 0.766640 -0.622030 -0.159188
vn 0.868683 -0.470050 -0.156345
vn 0.868683 -0.470050 -0.156345
vn 0.868683 -0.470050 -0.156345
vn 0.868683 -0.470050 -0.156345
vn 0.970758 -0.235888 -0.044573
vn 0.970758 -0.235888 -0.044573
vn 0.970758 -0.235888 -0.044573
vn 0.970758 -0.235888 -0.044573
vn -0.870156 0.016984 -0.492483
vn -0.870156 0.016984 -0.492483
vn -0.870156 0.016984 -0.492483
vn -0.870156 0.016984 -0.492483
vn -0.362104 -0.481828 -0.797949
vn -0.362104 -0.481828 -0.797949
vn -0.362104 -0.481828 -0.797949
vn -0.362104 -0.481828 -0.797949
vn -0.930327 -0.363805 0.046225
vn -0.930327 -0.363805 0.046225
vn -0.930327 -0.363805 0.046225
vn -0.930327 -0.363805 0.046225
vn -0.065399 0.886103 -0.458851
vn -0.065399 0.886103 -0.458851
vn -0.065399 0.886103 -0.458851
vn -0.065399 0.886103 -0.458851
vn -0.900818 0.038590 -0.432478
vn -0.900818 0.038590 -0.432478
vn -0.900818 0.038590 -0.432478
vn -0.900818 0.038590 -0.432478
vn -0.903871 0.407835 0.129180
vn -0.903871 0.407835 0.129180
vn -0.903871 0.407835 0.129180
vn -0.903871 0.407835 0.129180
vn -0.923883 -0.262357 0.278584
vn -0.923883 -0.262357 0.278584
vn -0.923883 -0.262357 0.278584
vn -0.923883 -0.262357 0.278584
vn -0.927958 -0.307366 -0.210762
vn -0.927958 -0.307366 -0.210762
vn -0.927958 -0.307366 -0.210762
vn -0.927958 -0.307366 -0.210762
vn -0.964408 -0.212016 -0.158009
vn -0.964408 -0.212016 -0.158009
vn -0.964408 -0.212016 -0.158009
vn -0.964408 -0.212016 -0.158009
vn -0.857581 0.151501 -0.491531
vn -0.857581 0.151501 -0.491531
vn -0.857581 0.151501 -0.491531
vn -0.857581 0.151501 -0.491531
vn -0.905645 -0.094544 -0.413362
vn -0.905645 -0.094544 -0.413362
vn -0.905645 -0.094544 -0.413362
vn -0.905645 -0.094544 -0.413362
vn -0.596195 0.527680 -0.605066
vn -0.596195 0.527680 -0.605066
vn -0.596195 0.527680 -0.605066
vn -0.596195 0.527680 -0.605066
vn -0.884001 -0.081367 -0.460349
vn -0.884001 -0.081367 -0.460349
vn -0.884001 -0.081367 -0.460349
vn -0.884001 -0.081367 -0.460349
vn -0.868895 -0.494003 -0.031356
vn -0.868895 -0.494003 -0.031356
vn -0.868895 -0.494003 -0.031356
vn -0.868895 -0.494003 -0.031356
vn 0.276401 0.867107 -0.414401
vn 0.276401 0.867107 -0.414401
vn 0.276401 0.867107 -0.414401
vn 0.276401 0.867107 -0.414401
vn -0.275149 -0.892835 -0.356564
vn -0.275149 -0.892835 -0.356564
vn -0.275149 -0.892835 -0.356564
vn -0.275149 -0.892835 -0.356564
vn -0.327586 -0.532095 -0.780745
vn -0.327586 -0.532095 -0.780745
vn -0.327586 -0.532095 -0.780745
vn -0.327586 -0.532095 -0.780745
vn -0.983160 0.007257 -0.182605
vn -0.983160 0.007257 -0.182605
vn -0.983160 0.007257 -0.182605
vn -0.983160 0.007257 -0.182605
vn -0.986251 0.020908 -0.163929
vn -0.986251 0.020908 -0.163929
vn -0.986251 0.020908 -0.163929
vn -0.986251 0.020908 -0.163929
vn -0.957454 -0.057178 -0.282865
vn -0.957454 -0.057178 -0.282865
vn -0.957454 -0.057178 -0.282865
vn -0.957454 -0.057178 -0.282865
vn -0.963316 0.164568 -0.211991
vn -0.963316 0.164568 -0.211991
vn -0.963316 0.164568 -0.211991
vn -0.963316 0.164568 -0.211991
vn -0.975617 0.067848 -0.208729
vn -0.975617 0.067848 -0.208729
vn -0.975617 0.067848 -0.208729
vn -0.975617 0.067848 -0.208729
vn -0.985162 0.004130 -0.171579
vn -0.985162 0.004130 -0.171579
vn -0.985162 0.004130 -0.171579
vn -0.985162 0.004130 -0.171579
vn -0.965494 0.003160 -0.260406
vn -0.965494 0.003160 -0.260406
vn -0.965494 0.003160 -0.260406
vn -0.965494 0.003160 -0.260406
vn -0.903001 0.045438 -0.427229
vn -0.903001 0.045438 -0.427229
vn -0.903001 0.045438 -0.427229
vn -0.903001 0.045438 -0.427229
vn -0.947957 -0.023138 -0.317557
vn -0.947957 -0.023138 -0.317557
vn -0.947957 -0.023138 -0.317557
vn -0.947957 -0.023138 -0.317557
vn -0.962924 -0.016494 -0.269267
vn -0.962924 -0.016494 -0.269267
vn -0.962924 -0.016494 -0.269267
vn -0.962924 -0.016494 -0.269267
vn -0.900327 0.046541 -0.432718
vn -0.900327 0.046541 -0.432718
vn -0.900327 0.046541 -0.432718
vn -0.900327 0.046541 -0.432718
vn -0.971189 -0.009414 -0.238124
vn -0.971189 -0.009414 -0.238124
vn -0.971189 -0.009414 -0.238124
vn -0.971189 -0.009414 -0.238124
vn -0.918325 0.067856 -0.389968
vn -0.918325 0.067856 -0.389968
vn -0.918325 0.067856 -0.389968
vn -0.918325 0.067856 -0.389968
vn -0.908587 0.044250 -0.415345
vn -0.908587 0.044250 -0.415345
vn -0.908587 0.044250 -0.415345
vn -0.908587 0.044250 -0.415345
vn -0.940664 0.003906 -0.339317
vn -0.940664 0.003906 -0.339317
vn -0.940664 0.003906 -0.339317
vn -0.940664 0.003906 -0.339317
vn -0.896758 -0.040796 -0.440636
vn -0.896758 -0.040796 -0.440636
vn -0.896758 -0.040796 -0.440636
vn -0.896758 -0.040796 -0.440636
vn -0.858157 -0.208929 -0.468952
vn -0.858157 -0.208929 -0.468952
vn -0.858157 -0.208929 -0.468952
vn -0.858157 -0.208929 -0.468952
vn -0.961011 0.032488 -0.274595
vn -0.961011 0.032488 -0.274595
vn -0.961011 0.032488 -0.274595
vn -0.961011 0.032488 -0.274595
vn -0.958842 0.008931 -0.283801
vn -0.958842 0.008931 -0.283801
vn -0.958842 0.008931 -0.283801
vn -0.958842 0.008931 -0.283801
vn -0.972457 0.039587 -0.229696
vn -0.972457 0.039587 -0.229696
vn -0.972457 0.039587 -0.229696
vn -0.972457 0.039587 -0.229696
vn -0.966821 0.048434 -0.250821
vn -0.966821 0.048434 -0.250821
vn -0.966821 0.048434 -0.250821
vn -0.966821 0.048434 -0.250821
vn -0.966487 0.016144 -0.256206
vn -0.966487 0.016144 -0.256206
vn -0.966487 0.016144 -0.256206
vn -0.966487 0.016144 -0.256206
vn -0.974280 0.060560 -0.217049
vn -0.974280 0.060560 -0.217049
vn -0.974280 0.060560 -0.217049
vn -0.974280 0.060560 -0.217049
vn -0.976768 0.063559 -0.204657
vn -0.976768 0.063559 -0.204657
vn -0.976768 0.063559 -0.204657
vn -0.976768 0.063559 -0.204657
vn -0.978942 0.006229 -0.204043
vn -0.978942 0.006229 -0.204043
vn -0.978942 0.006229 -0.204043
vn -0.978942 0.006229 -0.204043
vn -0.970765 0.079773 -0.226389
vn -0.970765 0.079773 -0.226389
vn -0.970765 0.079773 -0.226389
vn -0.970765 0.079773 -0.226389
vn -0.972631 0.070256 -0.221481
vn -0.972631 0.070256 -0.221481
vn -0.972631 0.070256 -0.221481
vn -0.972631 0.070256 -0.221481
vn -0.974033 0.012019 -0.226086
vn -0.974033 0.012019 -0.226086
vn -0.974033 0.012019 -0.226086
vn -0.974033 0.012019 -0.226086
vn -0.969519 -0.002531 -0.245002
vn -0.969519 -0.002531 -0.245002
vn -0.969519 -0.002531 -0.245002
vn -0.969519 -0.002531 -0.245002
vn -0.929150 0.043788 -0.367101
vn -0.929150 0.043788 -0.367101
vn -0.929150 0.043788 -0.367101
vn -0.929150 0.043788 -0.367101
vn -0.907291 0.022503 -0.419901
vn -0.907291 0.022503 -0.419901
vn -0.907291 0.022503 -0.419901
vn -0.907291 0.022503 -0.419901
vn -0.971001 -0.045420 -0.234723
vn -0.971001 -0.045420 -0.234723
vn -0.971001 -0.045420 -0.234723
vn -0.971001 -0.045420 -0.234723
vn -0.901392 0.298027 -0.314122
vn -0.901392 0.298027 -0.314122
vn -0.901392 0.298027 -0.314122
vn -0.901392 0.298027 -0.314122
vn -0.946350 0.311026 -0.087668
vn -0.946350 0.311026 -0.087668
vn -0.946350 0.311026 -0.087668
vn -0.946350 0.311026 -0.087668
vn -0.938742 0.263131 -0.222545
vn -0.938742 0.263131 -0.222545
vn -0.938742 0.263131 -0.222545
vn -0.938742 0.263131 -0.222545
vn -0.638788 0.607989 -0.471486
vn -0.638788 0.607989 -0.471486
vn -0.638788 0.607989 -0.471486
vn -0.638788 0.607989 -0.471486
vn -0.834938 0.165630 -0.524830
vn -0.834938 0.165630 -0.524830
vn -0.834938 0.165630 -0.524830
vn -0.834938 0.165630 -0.524830
vn -0.824295 -0.553276 0.120100
vn -0.824295 -0.553276 0.120100
vn -0.824295 -0.553276 0.120100
vn -0.824295 -0.553276 0.120100
vn -0.441231 0.874648 -0.200765
vn -0.441231 0.874648 -0.200765
vn -0.441231 0.874648 -0.200765
vn -0.441231 0.874648 -0.200765
vn -0.698176 0.711634 -0.078271
vn -0.698176 0.711634 -0.078271
vn -0.698176 0.711634 -0.078271
vn -0.698176 0.711634 -0.078271
vn -0.799047 0.411018 -0.438849
vn -0.799047 0.411018 -0.438849
vn -0.799047 0.411018 -0.438849
vn -0.799047 0.411018 -0.438849
vn -0.947108 0.265939 0.179621
vn -0.947108 0.265939 0.179621
vn -0.947108 0.265939 0.179621
vn -0.947108 0.265939 0.179621
vn -0.819979 -0.513562 0.252763
vn -0.819979 -0.513562 0.252763
vn -0.819979 -0.513562 0.252763
vn -0.819979 -0.513562 0.252763
vn -0.881893 0.222811 -0.415475
vn -0.881893 0.222811 -0.415475
vn -0.881893 0.222811 -0.415475
vn -0.881893 0.222811 -0.415475
vn -0.907100 0.136750 -0.398082
vn -0.907100 0.136750 -0.398082
vn -0.907100 0.136750 -0.398082
vn -0.907100 0.136750 -0.398082
vn -0.351268 0.804227 -0.479405
vn -0.351268 0.804227 -0.479405
vn -0.351268 0.804227 -0.479405
vn -0.351268 0.804227 -0.479405
vn -0.812148 0.323599 -0.485489
vn -0.812148 0.323599 -0.485489
vn -0.812148 0.323599 -0.485489
vn -0.812148 0.323599 -0.485489
vn -0.758095 -0.652076 -0.009418
vn -0.758095 -0.652076 -0.009418
vn -0.758095 -0.652076 -0.009418
vn -0.758095 -0.652076 -0.009418
vn -0.877351 0.185141 -0.442694
vn -0.877351 0.185141 -0.442694
vn -0.877351 0.185141 -0.442694
vn -0.877351 0.185141 -0.442694
vn -0.920170 -0.310777 -0.238128
vn -0.920170 -0.310777 -0.238128
vn -0.920170 -0.310777 -0.238128
vn -0.920170 -0.310777 -0.238128
vn 0.533430 0.839650 -0.102180
vn 0.533430 0.839650 -0.102180
vn 0.533430 0.839650 -0.102180
vn 0.533430 0.839650 -0.102180
vn -0.495598 -0.830793 0.253307
vn -0.495598 -0.830793 0.253307
vn -0.495598 -0.830793 0.253307
vn -0.495598 -0.830793 0.253307
vn -0.785929 0.330579 -0.522526
vn -0.785929 0.330579 -0.522526
vn -0.785929 0.330579 -0.522526
vn -0.785929 0.330579 -0.522526
vn -0.788027 -0.177064 -0.589629
vn -0.788027 -0.177064 -0.589629
vn -0.788027 -0.177064 -0.589629
vn -0.788027 -0.177064 -0.589629
vn -0.051770 -0.369334 -0.927854
vn -0.051770 -0.369334 -0.927854
vn -0.051770 -0.369334 -0.927854
vn -0.051770 -0.369334 -0.927854
vn -0.092306 0.798389 -0.595025
vn -0.092306 0.798389 -0.595025
vn -0.092306 0.798389 -0.595025
vn -0.092306 0.798389 -0.595025
vn -0.809505 -0.571196 -0.135784
vn -0.809505 -0.571196 -0.135784
vn -0.809505 -0.571196 -0.135784
vn -0.809505 -0.571196 -0.135784
vn -0.706915 -0.592859 -0.385733
vn -0.706915 -0.592859 -0.385733
vn -0.706915 -0.592859 -0.385733
vn -0.706915 -0.592859 -0.385733
vn -0.639386 0.050463 -0.767228
vn -0.639386 0.050463 -0.767228
vn -0.639386 0.050463 -0.767228
vn -0.639386 0.050463 -0.767228
vn -0.815398 0.138949 -0.561979
vn -0.815398 0.138949 -0.561979
vn -0.815398 0.138949 -0.561979
vn -0.815398 0.138949 -0.561979
vn -0.861816 0.325982 -0.388599
vn -0.861816 0.325982 -0.388599
vn -0.861816 0.325982 -0.388599
vn -0.861816 0.325982 -0.388599
vn -0.884755 0.462495 -0.057516
vn -0.884755 0.462495 -0.057516
vn -0.884755 0.462495 -0.057516
vn -0.884755 0.462495 -0.057516
vn 0.245369 0.881211 -0.404055
vn 0.245369 0.881211 -0.404055
vn 0.245369 0.881211 -0.404055
vn 0.245369 0.881211 -0.404055
vn 0.788041 -0.156732 -0.595338
vn 0.788041 -0.156732 -0.595338
vn 0.788041 -0.156732 -0.595338
vn 0.788041 -0.156732 -0.595338
vn -0.705792 -0.697777 0.122335
vn -0.705792 -0.697777 0.122335
vn -0.705792 -0.697777 0.122335
vn -0.705792 -0.697777 0.122335
vn -0.359924 0.152394 -0.920451
vn -0.359924 0.152394 -0.920451
vn -0.359924 0.152394 -0.920451
vn -0.359924 0.152394 -0.920451
vn -0.794167 0.348565 -0.497796
vn -0.794167 0.348565 -0.497796
vn -0.794167 0.348565 -0.497796
vn -0.794167 0.348565 -0.497796
vn -0.922815 0.306420 -0.233493
vn -0.922815 0.306420 -0.233493
vn -0.922815 0.306420 -0.233493
vn -0.922815 0.306420 -0.233493
vn -0.831025 0.103445 -0.546532
vn -0.831025 0.103445 -0.546532
vn -0.831025 0.103445 -0.546532
vn -0.831025 0.103445 -0.546532
vn -0.818672 0.465790 -0.335881
vn -0.818672 0.465790 -0.335881
vn -0.818672 0.465790 -0.335881
vn -0.818672 0.465790 -0.335881
vn -0.847340 0.284655 -0.448316
vn -0.847340 0.284655 -0.448316
vn -0.847340 0.284655 -0.448316
vn -0.847340 0.284655 -0.448316
vn -0.925494 0.287563 -0.246511
vn -0.925494 0.287563 -0.246511
vn -0.925494 0.287563 -0.246511
vn -0.925494 0.287563 -0.246511
vn -0.846320 0.277830 -0.454481
vn -0.846320 0.277830 -0.454481
vn -0.846320 0.277830 -0.454481
vn -0.846320 0.277830 -0.454481
vn -0.824669 0.217792 -0.522003
vn -0.824669 0.217792 -0.522003
vn -0.824669 0.217792 -0.522003
vn -0.824669 0.217792 -0.522003
vn -0.768411 0.591913 -0.243277
vn -0.768411 0.591913 -0.243277
vn -0.768411 0.591913 -0.243277
vn -0.768411 0.591913 -0.243277
vn -0.895847 0.276513 -0.347849
vn -0.895847 0.276513 -0.347849
vn -0.895847 0.276513 -0.347849
vn -0.895847 0.276513 -0.347849
vn -0.744814 0.660101 0.097568
vn -0.744814 0.660101 0.097568
vn -0.744814 0.660101 0.097568
vn -0.744814 0.660101 0.097568
vn -0.940528 0.222381 -0.256816
vn -0.940528 0.222381 -0.256816
vn -0.940528 0.222381 -0.256816
vn -0.940528 0.222381 -0.256816
vn -0.927051 0.307251 -0.214879
vn -0.927051 0.307251 -0.214879
vn -0.927051 0.307251 -0.214879
vn -0.927051 0.307251 -0.214879
vn -0.525125 0.265198 -0.808649
vn -0.525125 0.265198 -0.808649
vn -0.525125 0.265198 -0.808649
vn -0.525125 0.265198 -0.808649
vn 0.094069 0.981126 0.168946
vn 0.094069 0.981126 0.168946
vn 0.094069 0.981126 0.168946
vn 0.094069 0.981126 0.168946
vn -0.762812 0.627023 -0.157986
vn -0.762812 0.627023 -0.157986
vn -0.762812 0.627023 -0.157986
vn -0.762812 0.627023 -0.157986
vn -0.965184 0.195528 -0.173750
vn -0.965184 0.195528 -0.173750
vn -0.965184 0.195528 -0.173750
vn -0.965184 0.195528 -0.173750
vn -0.948422 0.220504 -0.227760
vn -0.948422 0.220504 -0.227760
vn -0.948422 0.220504 -0.227760
vn -0.948422 0.220504 -0.227760
vn -0.971793 0.220525 -0.083587
vn -0.971793 0.220525 -0.083587
vn -0.971793 0.220525 -0.083587
vn -0.971793 0.220525 -0.083587
vn -0.938639 0.157925 -0.306622
vn -0.938639 0.157925 -0.306622
vn -0.938639 0.157925 -0.306622
vn -0.938639 0.157925 -0.306622
vn -0.922329 0.244123 -0.299522
vn -0.922329 0.244123 -0.299522
vn -0.922329 0.244123 -0.299522
vn -0.922329 0.244123 -0.299522
vn -0.926230 0.244413 -0.286985
vn -0.926230 0.244413 -0.286985
vn -0.926230 0.244413 -0.286985
vn -0.926230 0.244413 -0.286985
vn -0.896857 0.221093 -0.383099
vn -0.896857 0.221093 -0.383099
vn -0.896857 0.221093 -0.383099
vn -0.896857 0.221093 -0.383099
vn -0.883286 0.019773 -0.468418
vn -0.883286 0.019773 -0.468418
vn -0.883286 0.019773 -0.468418
vn -0.883286 0.019773 -0.468418
vn -0.869978 0.056270 -0.489870
vn -0.869978 0.056270 -0.489870
vn -0.869978 0.056270 -0.489870
vn -0.869978 0.056270 -0.489870
vn -0.932524 0.053598 -0.357108
vn -0.932524 0.053598 -0.357108
vn -0.932524 0.053598 -0.357108
vn -0.932524 0.053598 -0.357108
vn -0.925137 0.090959 -0.368575
vn -0.925137 0.090959 -0.368575
vn -0.925137 0.090959 -0.368575
vn -0.925137 0.090959 -0.368575
vn -0.888452 -0.103087 -0.447243
vn -0.888452 -0.103087 -0.447243
vn -0.888452 -0.103087 -0.447243
vn -0.888452 -0.103087 -0.447243
vn -0.203066 -0.939512 0.275829
vn -0.203066 -0.939512 0.275829
vn -0.203066 -0.939512 0.275829
vn -0.203066 -0.939512 0.275829
vn 0.663686 -0.745571 0.060373
vn 0.663686 -0.745571 0.060373
vn 0.663686 -0.745571 0.060373
vn 0.663686 -0.745571 0.060373
vn -0.080637 -0.946429 0.312681
vn -0.080637 -0.946429 0.312681
vn -0.080637 -0.946429 0.312681
vn -0.080637 -0.946429 0.312681
vn 0.319149 -0.873587 0.367410
vn 0.319149 -0.873587 0.367410
vn 0.319149 -0.873587 0.367410
vn 0.319149 -0.873587 0.367410
vn 0.462772 -0.853029 0.241213
vn 0.462772 -0.853029 0.241213
vn 0.462772 -0.853029 0.241213
vn 0.462772 -0.853029 0.241213
vn 0.610263 -0.781327 0.130795
vn 0.610263 -0.781327 0.130795
vn 0.610263 -0.781327 0.130795
vn 0.610263 -0.781327 0.130795
vn 0.703752 -0.709891 0.028063
vn 0.703752 -0.709891 0.028063
vn 0.703752 -0.709891 0.028063
vn 0.703752 -0.709891 0.028063
vn 0.762890 -0.645310 -0.039673
vn 0.762890 -0.645310 -0.039673
vn 0.762890 -0.645310 -0.039673
vn 0.762890 -0.645310 -0.039673
vn 0.770014 -0.632530 -0.083570
vn 0.770014 -0.632530 -0.083570
vn 0.770014 -0.632530 -0.083570
vn 0.770014 -0.632530 -0.083570
vn 0.772929 -0.623192 -0.119218
vn 0.772929 -0.623192 -0.119218
vn 0.772929 -0.623192 -0.119218
vn 0.772929 -0.623192 -0.119218
vn 0.766722 -0.626775 -0.138888
vn 0.766722 -0.626775 -0.138888
vn 0.766722 -0.626775 -0.138888
vn 0.766722 -0.626775 -0.138888
vn 0.752301 -0.643687 -0.140395
vn 0.752301 -0.643687 -0.140395
vn 0.752301 -0.643687 -0.140395
vn 0.752301 -0.643687 -0.140395
vn 0.723032 -0.678902 -0.127738
vn 0.723032 -0.678902 -0.127738
vn 0.723032 -0.678902 -0.127738
vn 0.723032 -0.678902 -0.127738
vn 0.697993 -0.710391 -0.090278
vn 0.697993 -0.710391 -0.090278
vn 0.697993 -0.710391 -0.090278
vn 0.697993 -0.710391 -0.090278
vn 0.655878 -0.750372 -0.082257
vn 0.655878 -0.750372 -0.082257
vn 0.655878 -0.750372 -0.082257
vn 0.655878 -0.750372 -0.082257
vn 0.563187 -0.815625 -0.132572
vn 0.563187 -0.815625 -0.132572
vn 0.563187 -0.815625 -0.132572
vn 0.563187 -0.815625 -0.132572
vn 0.561290 -0.801781 -0.205184
vn 0.561290 -0.801781 -0.205184
vn 0.561290 -0.801781 -0.205184
vn 0.561290 -0.801781 -0.205184
vn 0.627964 -0.770362 -0.110466
vn 0.627964 -0.770362 -0.110466
vn 0.627964 -0.770362 -0.110466
vn 0.627964 -0.770362 -0.110466
vn 0.099775 -0.869723 0.483349
vn 0.099775 -0.869723 0.483349
vn 0.099775 -0.869723 0.483349
vn 0.099775 -0.869723 0.483349
vn -0.564279 0.677664 0.471552
vn -0.564279 0.677664 0.471552
vn -0.564279 0.677664 0.471552
vn -0.564279 0.677664 0.471552
vn -0.560865 0.694409 0.450807
vn -0.560865 0.694409 0.450807
vn -0.560865 0.694409 0.450807
vn -0.560865 0.694409 0.450807
vn -0.680402 0.690515 0.245444
vn -0.680402 0.690515 0.245444
vn -0.680402 0.690515 0.245444
vn -0.680402 0.690515 0.245444
vn -0.678367 0.710187 0.188288
vn -0.678367 0.710187 0.188288
vn -0.678367 0.710187 0.188288
vn -0.678367 0.710187 0.188288
vn -0.688776 0.707074 0.160105
vn -0.688776 0.707074 0.160105
vn -0.688776 0.707074 0.160105
vn -0.688776 0.707074 0.160105
vn -0.687154 0.712617 0.141408
vn -0.687154 0.712617 0.141408
vn -0.687154 0.712617 0.141408
vn -0.687154 0.712617 0.141408
vn -0.689726 0.708320 0.150205
vn -0.689726 0.708320 0.150205
vn -0.689726 0.708320 0.150205
vn -0.689726 0.708320 0.150205
vn -0.681842 0.716133 0.149149
vn -0.681842 0.716133 0.149149
vn -0.681842 0.716133 0.149149
vn -0.681842 0.716133 0.149149
vn -0.664788 0.734242 0.137640
vn -0.664788 0.734242 0.137640
vn -0.664788 0.734242 0.137640
vn -0.664788 0.734242 0.137640
vn -0.677269 0.728782 0.100915
vn -0.677269 0.728782 0.100915
vn -0.677269 0.728782 0.100915
vn -0.677269 0.728782 0.100915
vn -0.713973 0.699947 -0.017771
vn -0.713973 0.699947 -0.017771
vn -0.713973 0.699947 -0.017771
vn -0.713973 0.699947 -0.017771
vn -0.371804 0.924615 -0.082762
vn -0.371804 0.924615 -0.082762
vn -0.371804 0.924615 -0.082762
vn -0.371804 0.924615 -0.082762
vn -0.437845 0.892902 0.104966
vn -0.437845 0.892902 0.104966
vn -0.437845 0.892902 0.104966
vn -0.437845 0.892902 0.104966
vn -0.122418 -0.885153 0.448908
vn -0.122418 -0.885153 0.448908
vn -0.122418 -0.885153 0.448908
vn -0.122418 -0.885153 0.448908
vn 0.066604 -0.957897 0.279281
vn 0.066604 -0.957897 0.279281
vn 0.066604 -0.957897 0.279281
vn 0.066604 -0.957897 0.279281
vn -0.171621 -0.910657 0.375833
vn -0.171621 -0.910657 0.375833
vn -0.171621 -0.910657 0.375833
vn -0.171621 -0.910657 0.375833
vn -0.222054 -0.952643 0.207760
vn -0.222054 -0.952643 0.207760
vn -0.222054 -0.952643 0.207760
vn -0.222054 -0.952643 0.207760
vn -0.186715 -0.499509 -0.845948
vn -0.186715 -0.499509 -0.845948
vn -0.186715 -0.499509 -0.845948
vn -0.186715 -0.499509 -0.845948
vn -0.359651 0.882660 0.302592
vn -0.359651 0.882660 0.302592
vn -0.359651 0.882660 0.302592
vn -0.359651 0.882660 0.302592
vn -0.291055 0.930280 0.223308
vn -0.291055 0.930280 0.223308
vn -0.291055 0.930280 0.223308
vn -0.291055 0.930280 0.223308
vn -0.418927 0.835718 0.355071
vn -0.418927 0.835718 0.355071
vn -0.418927 0.835718 0.355071
vn -0.418927 0.835718 0.355071
vn -0.478380 0.780527 0.402405
vn -0.478380 0.780527 0.402405
vn -0.478380 0.780527 0.402405
vn -0.478380 0.780527 0.402405
vn -0.577954 0.665551 0.472240
vn -0.577954 0.665551 0.472240
vn -0.577954 0.665551 0.472240
vn -0.577954 0.665551 0.472240
vn -0.591479 0.694952 0.408893
vn -0.591479 0.694952 0.408893
vn -0.591479 0.694952 0.408893
vn -0.591479 0.694952 0.408893
vn -0.577497 0.725906 0.373574
vn -0.577497 0.725906 0.373574
vn -0.577497 0.725906 0.373574
vn -0.577497 0.725906 0.373574
vn -0.573354 0.744451 0.342137
vn -0.573354 0.744451 0.342137
vn -0.573354 0.744451 0.342137
vn -0.573354 0.744451 0.342137
vn -0.574961 0.761090 0.300269
vn -0.574961 0.761090 0.300269
vn -0.574961 0.761090 0.300269
vn -0.574961 0.761090 0.300269
vn -0.572484 0.773652 0.271524
vn -0.572484 0.773652 0.271524
vn -0.572484 0.773652 0.271524
vn -0.572484 0.773652 0.271524
vn -0.580790 0.783478 0.221012
vn -0.580790 0.783478 0.221012
vn -0.580790 0.783478 0.221012
vn -0.580790 0.783478 0.221012
vn -0.591192 0.787221 0.175429
vn -0.591192 0.787221 0.175429
vn -0.591192 0.787221 0.175429
vn -0.591192 0.787221 0.175429
vn -0.591722 0.794974 0.133726
vn -0.591722 0.794974 0.133726
vn -0.591722 0.794974 0.133726
vn -0.591722 0.794974 0.133726
vn -0.589881 0.803672 0.078433
vn -0.589881 0.803672 0.078433
vn -0.589881 0.803672 0.078433
vn -0.589881 0.803672 0.078433
vn -0.588600 0.806200 0.059933
vn -0.588600 0.806200 0.059933
vn -0.588600 0.806200 0.059933
vn -0.588600 0.806200 0.059933
vn -0.582944 0.810568 0.056175
vn -0.582944 0.810568 0.056175
vn -0.582944 0.810568 0.056175
vn -0.582944 0.810568 0.056175
vn -0.559033 0.825459 0.078101
vn -0.559033 0.825459 0.078101
vn -0.559033 0.825459 0.078101
vn -0.559033 0.825459 0.078101
vn -0.540077 0.841338 0.021618
vn -0.540077 0.841338 0.021618
vn -0.540077 0.841338 0.021618
vn -0.540077 0.841338 0.021618
vn -0.598683 0.789004 -0.138027
vn -0.598683 0.789004 -0.138027
vn -0.598683 0.789004 -0.138027
vn -0.598683 0.789004 -0.138027
vn -0.699251 0.393003 -0.597156
vn -0.699251 0.393003 -0.597156
vn -0.699251 0.393003 -0.597156
vn -0.699251 0.393003 -0.597156
vn -0.482110 0.494680 -0.723092
vn -0.482110 0.494680 -0.723092
vn -0.482110 0.494680 -0.723092
vn -0.482110 0.494680 -0.723092
vn -0.323249 0.613097 -0.720848
vn -0.323249 0.613097 -0.720848
vn -0.323249 0.613097 -0.720848
vn -0.323249 0.613097 -0.720848
vn -0.652591 0.326680 -0.683670
vn -0.652591 0.326680 -0.683670
vn -0.652591 0.326680 -0.683670
vn -0.652591 0.326680 -0.683670
vn -0.735182 0.271710 -0.621032
vn -0.735182 0.271710 -0.621032
vn -0.735182 0.271710 -0.621032
vn -0.735182 0.271710 -0.621032
vn 0.194954 -0.081620 -0.977410
vn 0.194954 -0.081620 -0.977410
vn 0.194954 -0.081620 -0.977410
vn 0.194954 -0.081620 -0.977410
vn -0.873159 0.201124 -0.444008
vn -0.873159 0.201124 -0.444008
vn -0.873159 0.201124 -0.444008
vn -0.873159 0.201124 -0.444008
vn 0.001082 -0.268661 -0.963234
vn 0.001082 -0.268661 -0.963234
vn 0.001082 -0.268661 -0.963234
vn 0.001082 -0.268661 -0.963234
vn -0.174247 -0.465163 -0.867907
vn -0.174247 -0.465163 -0.867907
vn -0.174247 -0.465163 -0.867907
vn -0.174247 -0.465163 -0.867907
vn -0.317142 -0.487315 -0.813600
vn -0.317142 -0.487315 -0.813600
vn -0.317142 -0.487315 -0.813600
vn -0.317142 -0.487315 -0.813600
vn -0.807939 -0.102356 -0.580309
vn -0.807939 -0.102356 -0.580309
vn -0.807939 -0.102356 -0.580309
vn -0.807939 -0.102356 -0.580309
vn -0.915641 0.047837 -0.399141
vn -0.915641 0.047837 -0.399141
vn -0.915641 0.047837 -0.399141
vn -0.915641 0.047837 -0.399141
vn -0.847248 -0.074306 -0.525974
vn -0.847248 -0.074306 -0.525974
vn -0.847248 -0.074306 -0.525974
vn -0.847248 -0.074306 -0.525974
vn -0.937691 0.055826 -0.342956
vn -0.937691 0.055826 -0.342956
vn -0.937691 0.055826 -0.342956
vn -0.937691 0.055826 -0.342956
vn -0.888690 0.010872 -0.458380
vn -0.888690 0.010872 -0.458380
vn -0.888690 0.010872 -0.458380
vn -0.888690 0.010872 -0.458380
vn -0.775507 0.162702 -0.610015
vn -0.775507 0.162702 -0.610015
vn -0.775507 0.162702 -0.610015
vn -0.775507 0.162702 -0.610015
vn -0.832915 0.013291 -0.553241
vn -0.832915 0.013291 -0.553241
vn -0.832915 0.013291 -0.553241
vn -0.832915 0.013291 -0.553241
vn -0.895563 0.076166 -0.438367
vn -0.895563 0.076166 -0.438367
vn -0.895563 0.076166 -0.438367
vn -0.895563 0.076166 -0.438367
vn -0.928101 -0.034073 -0.370767
vn -0.928101 -0.034073 -0.370767
vn -0.928101 -0.034073 -0.370767
vn -0.928101 -0.034073 -0.370767
vn -0.933077 -0.070962 -0.352608
vn -0.933077 -0.070962 -0.352608
vn -0.933077 -0.070962 -0.352608
vn -0.933077 -0.070962 -0.352608
vn -0.885695 0.005228 -0.464239
vn -0.885695 0.005228 -0.464239
vn -0.885695 0.005228 -0.464239
vn -0.885695 0.005228 -0.464239
vn -0.829694 0.111415 -0.546987
vn -0.829694 0.111415 -0.546987
vn -0.829694 0.111415 -0.546987
vn -0.829694 0.111415 -0.546987
vn -0.858314 0.133907 -0.495344
vn -0.858314 0.133907 -0.495344
vn -0.858314 0.133907 -0.495344
vn -0.858314 0.133907 -0.495344
vn -0.924177 -0.021835 -0.381339
vn -0.924177 -0.021835 -0.381339
vn -0.924177 -0.021835 -0.381339
vn -0.924177 -0.021835 -0.381339
vn -0.900604 0.059068 -0.430607
vn -0.900604 0.059068 -0.430607
vn -0.900604 0.059068 -0.430607
vn -0.900604 0.059068 -0.430607
vn -0.892890 0.136075 -0.429221
vn -0.892890 0.136075 -0.429221
vn -0.892890 0.136075 -0.429221
vn -0.892890 0.136075 -0.429221
vn -0.885952 0.134398 -0.443876
vn -0.885952 0.134398 -0.443876
vn -0.885952 0.134398 -0.443876
vn -0.885952 0.134398 -0.443876
vn -0.911733 0.053457 -0.407291
vn -0.911733 0.053457 -0.407291
vn -0.911733 0.053457 -0.407291
vn -0.911733 0.053457 -0.407291
vn -0.912869 0.105871 -0.394287
vn -0.912869 0.105871 -0.394287
vn -0.912869 0.105871 -0.394287
vn -0.912869 0.105871 -0.394287
vn -0.898798 0.135389 -0.416931
vn -0.898798 0.135389 -0.416931
vn -0.898798 0.135389 -0.416931
vn -0.898798 0.135389 -0.416931
vn -0.883867 0.076987 -0.461359
vn -0.883867 0.076987 -0.461359
vn -0.883867 0.076987 -0.461359
vn -0.883867 0.076987 -0.461359
vn -0.737692 0.522285 0.427818
vn -0.737692 0.522285 0.427818
vn -0.737692 0.522285 0.427818
vn -0.737692 0.522285 0.427818
vn 0.050695 0.246614 0.967787
vn 0.050695 0.246614 0.967787
vn 0.050695 0.246614 0.967787
vn 0.050695 0.246614 0.967787
vn 0.545641 0.694292 0.469292
vn 0.545641 0.694292 0.469292
vn 0.545641 0.694292 0.469292
vn 0.545641 0.694292 0.469292
vn -0.004174 -0.986757 -0.162151
vn -0.004174 -0.986757 -0.162151
vn -0.004174 -0.986757 -0.162151
vn -0.004174 -0.986757 -0.162151
vn 0.945362 -0.035720 0.324060
vn 0.945362 -0.035720 0.324060
vn 0.945362 -0.035720 0.324060
vn 0.945362 -0.035720 0.324060
vn 0.956879 0.017947 0.289933
vn 0.956879 0.017947 0.289933
vn 0.956879 0.017947 0.289933
vn 0.956879 0.017947 0.289933
vn 0.943767 0.089246 0.318338
vn 0.943767 0.089246 0.318338
vn 0.943767 0.089246 0.318338
vn 0.943767 0.089246 0.318338
vn 0.901288 0.146352 0.407752
vn 0.901288 0.146352 0.407752
vn 0.901288 0.146352 0.407752
vn 0.901288 0.146352 0.407752
vn 0.821731 0.210061 0.529747
vn 0.821731 0.210061 0.529747
vn 0.821731 0.210061 0.529747
vn 0.821731 0.210061 0.529747
vn 0.709632 0.256900 0.656068
vn 0.709632 0.256900 0.656068
vn 0.709632 0.256900 0.656068
vn 0.709632 0.256900 0.656068
vn 0.716873 0.322494 0.618135
vn 0.716873 0.322494 0.618135
vn 0.716873 0.322494 0.618135
vn 0.716873 0.322494 0.618135
vn 0.688793 0.109378 0.716660
vn 0.688793 0.109378 0.716660
vn 0.688793 0.109378 0.716660
vn 0.688793 0.109378 0.716660
vn 0.500425 -0.156917 0.851441
vn 0.500425 -0.156917 0.851441
vn 0.500425 -0.156917 0.851441
vn 0.500425 -0.156917 0.851441
vn 0.964136 -0.125715 0.233746
vn 0.964136 -0.125715 0.233746
vn 0.964136 -0.125715 0.233746
vn 0.964136 -0.125715 0.233746
vn 0.911843 -0.131439 0.388930
vn 0.911843 -0.131439 0.388930
vn 0.911843 -0.131439 0.388930
vn 0.911843 -0.131439 0.388930
vn 0.965133 0.251933 0.071043
vn 0.965133 0.251933 0.071043
vn 0.965133 0.251933 0.071043
vn 0.965133 0.251933 0.071043
vn 0.949649 -0.011937 0.313087
vn 0.949649 -0.011937 0.313087
vn 0.949649 -0.011937 0.313087
vn 0.949649 -0.011937 0.313087
vn 0.136004 -0.989204 0.054568
vn 0.136004 -0.989204 0.054568
vn 0.136004 -0.989204 0.054568
vn 0.136004 -0.989204 0.054568
vn 0.608249 -0.184038 0.772116
vn 0.608249 -0.184038 0.772116
vn 0.608249 -0.184038 0.772116
vn 0.608249 -0.184038 0.772116
vn 0.120320 -0.843706 0.523148
vn 0.120320 -0.843706 0.523148
vn 0.120320 -0.843706 0.523148
vn 0.120320 -0.843706 0.523148
vn 0.920825 -0.236053 0.310418
vn 0.920825 -0.236053 0.310418
vn 0.920825 -0.236053 0.310418
vn 0.920825 -0.236053 0.310418
vn 0.924448 -0.265941 0.273262
vn 0.924448 -0.265941 0.273262
vn 0.924448 -0.265941 0.273262
vn 0.924448 -0.265941 0.273262
vn 0.891838 -0.319275 0.320449
vn 0.891838 -0.319275 0.320449
vn 0.891838 -0.319275 0.320449
vn 0.891838 -0.319275 0.320449
vn 0.856408 -0.341663 0.387082
vn 0.856408 -0.341663 0.387082
vn 0.856408 -0.341663 0.387082
vn 0.856408 -0.341663 0.387082
vn 0.815964 -0.278114 0.506810
vn 0.815964 -0.278114 0.506810
vn 0.815964 -0.278114 0.506810
vn 0.815964 -0.278114 0.506810
vn 0.765070 -0.102521 0.635734
vn 0.765070 -0.102521 0.635734
vn 0.765070 -0.102521 0.635734
vn 0.765070 -0.102521 0.635734
vn 0.802098 0.160547 0.575207
vn 0.802098 0.160547 0.575207
vn 0.802098 0.160547 0.575207
vn 0.802098 0.160547 0.575207
vn 0.487670 0.161644 0.857933
vn 0.487670 0.161644 0.857933
vn 0.487670 0.161644 0.857933
vn 0.487670 0.161644 0.857933
vn 0.555626 -0.085530 0.827021
vn 0.555626 -0.085530 0.827021
vn 0.555626 -0.085530 0.827021
vn 0.555626 -0.085530 0.827021
vn 0.981607 0.148060 0.120520
vn 0.981607 0.148060 0.120520
vn 0.981607 0.148060 0.120520
vn 0.981607 0.148060 0.120520
vn 0.946736 0.017089 0.321556
vn 0.946736 0.017089 0.321556
vn 0.946736 0.017089 0.321556
vn 0.946736 0.017089 0.321556
vn 0.952159 -0.153585 0.264208
vn 0.952159 -0.153585 0.264208
vn 0.952159 -0.153585 0.264208
vn 0.952159 -0.153585 0.264208
vn 0.909207 -0.235049 0.343649
vn 0.909207 -0.235049 0.343649
vn 0.909207 -0.235049 0.343649
vn 0.909207 -0.235049 0.343649
vn -0.120319 -0.843706 0.523148
vn -0.120319 -0.843706 0.523148
vn -0.120319 -0.843706 0.523148
vn -0.120319 -0.843706 0.523148
vn 0.347001 -0.285803 0.893256
vn 0.347001 -0.285803 0.893256
vn 0.347001 -0.285803 0.893256
vn 0.347001 -0.285803 0.893256
vn -0.539032 0.153158 0.828243
vn -0.539032 0.153158 0.828243
vn -0.539032 0.153158 0.828243
vn -0.539032 0.153158 0.828243
vn 0.448926 -0.882518 0.140102
vn 0.448926 -0.882518 0.140102
vn 0.448926 -0.882518 0.140102
vn 0.448926 -0.882518 0.140102
vn 0.456542 -0.869391 0.189021
vn 0.456542 -0.869391 0.189021
vn 0.456542 -0.869391 0.189021
vn 0.456542 -0.869391 0.189021
vn 0.444052 -0.867591 0.223839
vn 0.444052 -0.867591 0.223839
vn 0.444052 -0.867591 0.223839
vn 0.444052 -0.867591 0.223839
vn 0.423851 -0.867726 0.259617
vn 0.423851 -0.867726 0.259617
vn 0.423851 -0.867726 0.259617
vn 0.423851 -0.867726 0.259617
vn 0.329164 -0.878112 0.347232
vn 0.329164 -0.878112 0.347232
vn 0.329164 -0.878112 0.347232
vn 0.329164 -0.878112 0.347232
vn 0.370445 -0.865673 0.336721
vn 0.370445 -0.865673 0.336721
vn 0.370445 -0.865673 0.336721
vn 0.370445 -0.865673 0.336721
vn 0.504452 -0.648520 0.570044
vn 0.504452 -0.648520 0.570044
vn 0.504452 -0.648520 0.570044
vn 0.504452 -0.648520 0.570044
vn 0.714000 -0.651369 0.256754
vn 0.714000 -0.651369 0.256754
vn 0.714000 -0.651369 0.256754
vn 0.714000 -0.651369 0.256754
vn 0.512241 -0.784315 0.349943
vn 0.512241 -0.784315 0.349943
vn 0.512241 -0.784315 0.349943
vn 0.512241 -0.784315 0.349943
vn 0.445257 -0.860610 0.247175
vn 0.445257 -0.860610 0.247175
vn 0.445257 -0.860610 0.247175
vn 0.445257 -0.860610 0.247175
vn 0.425696 -0.886927 0.179284
vn 0.425696 -0.886927 0.179284
vn 0.425696 -0.886927 0.179284
vn 0.425696 -0.886927 0.179284
vn 0.143965 -0.987071 0.070467
vn 0.143965 -0.987071 0.070467
vn 0.143965 -0.987071 0.070467
vn 0.143965 -0.987071 0.070467
vn 0.137001 -0.984318 0.111126
vn 0.137001 -0.984318 0.111126
vn 0.137001 -0.984318 0.111126
vn 0.137001 -0.984318 0.111126
vn 0.144413 -0.979206 0.142482
vn 0.144413 -0.979206 0.142482
vn 0.144413 -0.979206 0.142482
vn 0.144413 -0.979206 0.142482
vn 0.121828 -0.972037 0.200752
vn 0.121828 -0.972037 0.200752
vn 0.121828 -0.972037 0.200752
vn 0.121828 -0.972037 0.200752
vn 0.151575 -0.947078 0.282963
vn 0.151575 -0.947078 0.282963
vn 0.151575 -0.947078 0.282963
vn 0.151575 -0.947078 0.282963
vn 0.263877 -0.947443 0.180891
vn 0.263877 -0.947443 0.180891
vn 0.263877 -0.947443 0.180891
vn 0.263877 -0.947443 0.180891
vn 0.469700 -0.653842 0.593188
vn 0.469700 -0.653842 0.593188
vn 0.469700 -0.653842 0.593188
vn 0.469700 -0.653842 0.593188
vn 0.138474 -0.963834 0.227702
vn 0.138474 -0.963834 0.227702
vn 0.138474 -0.963834 0.227702
vn 0.138474 -0.963834 0.227702
vn 0.148348 -0.960500 0.235440
vn 0.148348 -0.960500 0.235440
vn 0.148348 -0.960500 0.235440
vn 0.148348 -0.960500 0.235440
vn 0.161081 -0.967304 0.195897
vn 0.161081 -0.967304 0.195897
vn 0.161081 -0.967304 0.195897
vn 0.161081 -0.967304 0.195897
vn 0.157876 -0.981089 0.111982
vn 0.157876 -0.981089 0.111982
vn 0.157876 -0.981089 0.111982
vn 0.157876 -0.981089 0.111982
vn 0.046164 -0.996094 0.075264
vn 0.046164 -0.996094 0.075264
vn 0.046164 -0.996094 0.075264
vn 0.046164 -0.996094 0.075264
vn 0.053112 -0.994993 0.084664
vn 0.053112 -0.994993 0.084664
vn 0.053112 -0.994993 0.084664
vn 0.053112 -0.994993 0.084664
vn 0.046547 -0.990231 0.131441
vn 0.046547 -0.990231 0.131441
vn 0.046547 -0.990231 0.131441
vn 0.046547 -0.990231 0.131441
vn 0.019926 -0.975476 0.219203
vn 0.019926 -0.975476 0.219203
vn 0.019926 -0.975476 0.219203
vn 0.019926 -0.975476 0.219203
vn 0.036781 -0.985344 0.166568
vn 0.036781 -0.985344 0.166568
vn 0.036781 -0.985344 0.166568
vn 0.036781 -0.985344 0.166568
vn 0.152599 -0.984446 0.087064
vn 0.152599 -0.984446 0.087064
vn 0.152599 -0.984446 0.087064
vn 0.152599 -0.984446 0.087064
vn 0.327868 -0.711764 0.621204
vn 0.327868 -0.711764 0.621204
vn 0.327868 -0.711764 0.621204
vn 0.327868 -0.711764 0.621204
vn -0.107872 -0.972092 0.208329
vn -0.107872 -0.972092 0.208329
vn -0.107872 -0.972092 0.208329
vn -0.107872 -0.972092 0.208329
vn -0.063615 -0.979608 0.190581
vn -0.063615 -0.979608 0.190581
vn -0.063615 -0.979608 0.190581
vn -0.063615 -0.979608 0.190581
vn -0.020008 -0.988410 0.150487
vn -0.020008 -0.988410 0.150487
vn -0.020008 -0.988410 0.150487
vn -0.020008 -0.988410 0.150487
vn 0.026732 -0.996610 0.077802
vn 0.026732 -0.996610 0.077802
vn 0.026732 -0.996610 0.077802
vn 0.026732 -0.996610 0.077802
vn -0.203623 -0.978515 0.032352
vn -0.203623 -0.978515 0.032352
vn -0.203623 -0.978515 0.032352
vn -0.203623 -0.978515 0.032352
vn -0.181262 -0.978318 0.100188
vn -0.181262 -0.978318 0.100188
vn -0.181262 -0.978318 0.100188
vn -0.181262 -0.978318 0.100188
vn -0.153899 -0.973035 0.171806
vn -0.153899 -0.973035 0.171806
vn -0.153899 -0.973035 0.171806
vn -0.153899 -0.973035 0.171806
vn -0.139819 -0.974301 0.176601
vn -0.139819 -0.974301 0.176601
vn -0.139819 -0.974301 0.176601
vn -0.139819 -0.974301 0.176601
vn -0.068001 -0.811049 0.581012
vn -0.068001 -0.811049 0.581012
vn -0.068001 -0.811049 0.581012
vn -0.068001 -0.811049 0.581012
vn -0.021911 -0.999477 0.023798
vn -0.021911 -0.999477 0.023798
vn -0.021911 -0.999477 0.023798
vn -0.021911 -0.999477 0.023798
vn -0.123238 -0.965674 0.228660
vn -0.123238 -0.965674 0.228660
vn -0.123238 -0.965674 0.228660
vn -0.123238 -0.965674 0.228660
vn -0.235869 -0.927610 0.289663
vn -0.235869 -0.927610 0.289663
vn -0.235869 -0.927610 0.289663
vn -0.235869 -0.927610 0.289663
vn -0.268748 -0.945090 0.185958
vn -0.268748 -0.945090 0.185958
vn -0.268748 -0.945090 0.185958
vn -0.268748 -0.945090 0.185958
vn -0.265678 -0.960721 0.080195
vn -0.265678 -0.960721 0.080195
vn -0.265678 -0.960721 0.080195
vn -0.265678 -0.960721 0.080195
vn -0.234265 -0.971498 0.036230
vn -0.234265 -0.971498 0.036230
vn -0.234265 -0.971498 0.036230
vn -0.234265 -0.971498 0.036230
vn -0.219042 -0.412016 0.884456
vn -0.219042 -0.412016 0.884456
vn -0.219042 -0.412016 0.884456
vn -0.219042 -0.412016 0.884456
vn -0.306170 -0.600675 0.738546
vn -0.306170 -0.600675 0.738546
vn -0.306170 -0.600675 0.738546
vn -0.306170 -0.600675 0.738546
vn -0.128450 -0.980685 -0.147507
vn -0.128450 -0.980685 -0.147507
vn -0.128450 -0.980685 -0.147507
vn -0.128450 -0.980685 -0.147507
vn 0.071878 -0.687556 -0.722565
vn 0.071878 -0.687556 -0.722565
vn 0.071878 -0.687556 -0.722565
vn 0.071878 -0.687556 -0.722565
vn -0.132976 -0.829029 -0.543166
vn -0.132976 -0.829029 -0.543166
vn -0.132976 -0.829029 -0.543166
vn -0.132976 -0.829029 -0.543166
vn 0.128450 -0.980681 -0.147532
vn 0.128450 -0.980681 -0.147532
vn 0.128450 -0.980681 -0.147532
vn 0.128450 -0.980681 -0.147532
vn 0.133182 -0.829037 -0.543102
vn 0.133182 -0.829037 -0.543102
vn 0.133182 -0.829037 -0.543102
vn 0.133182 -0.829037 -0.543102
vn 0.536659 0.151948 0.830005
vn 0.536659 0.151948 0.830005
vn 0.536659 0.151948 0.830005
vn 0.536659 0.151948 0.830005
vn 0.203621 -0.978515 0.032353
vn 0.203621 -0.978515 0.032353
vn 0.203621 -0.978515 0.032353
vn 0.203621 -0.978515 0.032353
vn 0.181260 -0.978319 0.100186
vn 0.181260 -0.978319 0.100186
vn 0.181260 -0.978319 0.100186
vn 0.181260 -0.978319 0.100186
vn 0.153899 -0.973035 0.171806
vn 0.153899 -0.973035 0.171806
vn 0.153899 -0.973035 0.171806
vn 0.153899 -0.973035 0.171806
vn -0.152649 -0.054106 0.986798
vn -0.152649 -0.054106 0.986798
vn -0.152649 -0.054106 0.986798
vn -0.152649 -0.054106 0.986798
vn -0.201831 -0.164156 0.965566
vn -0.201831 -0.164156 0.965566
vn -0.201831 -0.164156 0.965566
vn -0.201831 -0.164156 0.965566
vn 0.139819 -0.974301 0.176600
vn 0.139819 -0.974301 0.176600
vn 0.139819 -0.974301 0.176600
vn 0.139819 -0.974301 0.176600
vn -0.048886 -0.703756 -0.708758
vn -0.048886 -0.703756 -0.708758
vn -0.048886 -0.703756 -0.708758
vn -0.048886 -0.703756 -0.708758
vn 0.070830 -0.809806 0.582407
vn 0.070830 -0.809806 0.582407
vn 0.070830 -0.809806 0.582407
vn 0.070830 -0.809806 0.582407
vn 0.022433 -0.999470 0.023578
vn 0.022433 -0.999470 0.023578
vn 0.022433 -0.999470 0.023578
vn 0.022433 -0.999470 0.023578
vn -0.517685 0.337459 -0.786208
vn -0.517685 0.337459 -0.786208
vn -0.517685 0.337459 -0.786208
vn -0.517685 0.337459 -0.786208
vn -0.150029 -0.057003 -0.987037
vn -0.150029 -0.057003 -0.987037
vn -0.150029 -0.057003 -0.987037
vn -0.150029 -0.057003 -0.987037
vn -0.972450 -0.218884 -0.080193
vn -0.972450 -0.218884 -0.080193
vn -0.972450 -0.218884 -0.080193
vn -0.972450 -0.218884 -0.080193
vn -0.934476 -0.305791 -0.182335
vn -0.934476 -0.305791 -0.182335
vn -0.934476 -0.305791 -0.182335
vn -0.934476 -0.305791 -0.182335
vn -0.867539 -0.430231 -0.249553
vn -0.867539 -0.430231 -0.249553
vn -0.867539 -0.430231 -0.249553
vn -0.867539 -0.430231 -0.249553
vn -0.825917 -0.479370 -0.296759
vn -0.825917 -0.479370 -0.296759
vn -0.825917 -0.479370 -0.296759
vn -0.825917 -0.479370 -0.296759
vn -0.780526 -0.540795 -0.313559
vn -0.780526 -0.540795 -0.313559
vn -0.780526 -0.540795 -0.313559
vn -0.780526 -0.540795 -0.313559
vn -0.748547 -0.590020 -0.302579
vn -0.748547 -0.590020 -0.302579
vn -0.748547 -0.590020 -0.302579
vn -0.748547 -0.590020 -0.302579
vn -0.698006 -0.561769 -0.444076
vn -0.698006 -0.561769 -0.444076
vn -0.698006 -0.561769 -0.444076
vn -0.698006 -0.561769 -0.444076
vn -0.663240 -0.477864 -0.575986
vn -0.663240 -0.477864 -0.575986
vn -0.663240 -0.477864 -0.575986
vn -0.663240 -0.477864 -0.575986
vn -0.693981 -0.414396 -0.588784
vn -0.693981 -0.414396 -0.588784
vn -0.693981 -0.414396 -0.588784
vn -0.693981 -0.414396 -0.588784
vn -0.631961 -0.300007 -0.714578
vn -0.631961 -0.300007 -0.714578
vn -0.631961 -0.300007 -0.714578
vn -0.631961 -0.300007 -0.714578
vn -0.458335 -0.243410 -0.854798
vn -0.458335 -0.243410 -0.854798
vn -0.458335 -0.243410 -0.854798
vn -0.458335 -0.243410 -0.854798
vn -0.431698 -0.248433 -0.867132
vn -0.431698 -0.248433 -0.867132
vn -0.431698 -0.248433 -0.867132
vn -0.431698 -0.248433 -0.867132
vn -0.167970 -0.328575 -0.929422
vn -0.167970 -0.328575 -0.929422
vn -0.167970 -0.328575 -0.929422
vn -0.167970 -0.328575 -0.929422
vn -0.139972 -0.370740 -0.918128
vn -0.139972 -0.370740 -0.918128
vn -0.139972 -0.370740 -0.918128
vn -0.139972 -0.370740 -0.918128
vn -0.042532 -0.425473 -0.903971
vn -0.042532 -0.425473 -0.903971
vn -0.042532 -0.425473 -0.903971
vn -0.042532 -0.425473 -0.903971
vn -0.382303 0.870599 0.309682
vn -0.382303 0.870599 0.309682
vn -0.382303 0.870599 0.309682
vn -0.382303 0.870599 0.309682
vn -0.833210 -0.541531 0.111828
vn -0.833210 -0.541531 0.111828
vn -0.833210 -0.541531 0.111828
vn -0.833210 -0.541531 0.111828
vn -0.412203 -0.910924 0.017502
vn -0.412203 -0.910924 0.017502
vn -0.412203 -0.910924 0.017502
vn -0.412203 -0.910924 0.017502
vn -0.207874 -0.977841 -0.024788
vn -0.207874 -0.977841 -0.024788
vn -0.207874 -0.977841 -0.024788
vn -0.207874 -0.977841 -0.024788
vn -0.034228 -0.999306 -0.014704
vn -0.034228 -0.999306 -0.014704
vn -0.034228 -0.999306 -0.014704
vn -0.034228 -0.999306 -0.014704
vn -0.884292 -0.466675 -0.015566
vn -0.884292 -0.466675 -0.015566
vn -0.884292 -0.466675 -0.015566
vn -0.884292 -0.466675 -0.015566
vn -0.479280 -0.877467 0.018508
vn -0.479280 -0.877467 0.018508
vn -0.479280 -0.877467 0.018508
vn -0.479280 -0.877467 0.018508
vn -0.229285 -0.973333 -0.007122
vn -0.229285 -0.973333 -0.007122
vn -0.229285 -0.973333 -0.007122
vn -0.229285 -0.973333 -0.007122
vn -0.024699 -0.999656 -0.008815
vn -0.024699 -0.999656 -0.008815
vn -0.024699 -0.999656 -0.008815
vn -0.024699 -0.999656 -0.008815
vn -0.350871 0.905857 0.237302
vn -0.350871 0.905857 0.237302
vn -0.350871 0.905857 0.237302
vn -0.350871 0.905857 0.237302
vn -0.365096 0.850579 -0.378444
vn -0.365096 0.850579 -0.378444
vn -0.365096 0.850579 -0.378444
vn -0.365096 0.850579 -0.378444
vn 0.745814 0.610007 -0.267680
vn 0.745814 0.610007 -0.267680
vn 0.745814 0.610007 -0.267680
vn 0.745814 0.610007 -0.267680
vn 0.714533 0.594842 0.368248
vn 0.714533 0.594842 0.368248
vn 0.714533 0.594842 0.368248
vn 0.714533 0.594842 0.368248
vn 0.997402 0.040775 -0.059390
vn 0.997402 0.040775 -0.059390
vn 0.997402 0.040775 -0.059390
vn 0.997402 0.040775 -0.059390
vn -0.064224 0.805654 0.588895
vn -0.064224 0.805654 0.588895
vn -0.064224 0.805654 0.588895
vn -0.064224 0.805654 0.588895
vn 0.315408 0.780642 0.539551
vn 0.315408 0.780642 0.539551
vn 0.315408 0.780642 0.539551
vn 0.315408 0.780642 0.539551
vn 0.123238 -0.965674 0.228661
vn 0.123238 -0.965674 0.228661
vn 0.123238 -0.965674 0.228661
vn 0.123238 -0.965674 0.228661
vn 0.235867 -0.927610 0.289665
vn 0.235867 -0.927610 0.289665
vn 0.235867 -0.927610 0.289665
vn 0.235867 -0.927610 0.289665
vn 0.274432 -0.804097 -0.527366
vn 0.274432 -0.804097 -0.527366
vn 0.274432 -0.804097 -0.527366
vn 0.274432 -0.804097 -0.527366
vn 0.374881 -0.775616 -0.507822
vn 0.374881 -0.775616 -0.507822
vn 0.374881 -0.775616 -0.507822
vn 0.374881 -0.775616 -0.507822
vn 0.916273 -0.321533 -0.238872
vn 0.916273 -0.321533 -0.238872
vn 0.916273 -0.321533 -0.238872
vn 0.916273 -0.321533 -0.238872
vn 0.268746 -0.945091 0.185953
vn 0.268746 -0.945091 0.185953
vn 0.268746 -0.945091 0.185953
vn 0.268746 -0.945091 0.185953
vn -0.274316 -0.804113 -0.527402
vn -0.274316 -0.804113 -0.527402
vn -0.274316 -0.804113 -0.527402
vn -0.274316 -0.804113 -0.527402
vn -0.374892 -0.775613 -0.507820
vn -0.374892 -0.775613 -0.507820
vn -0.374892 -0.775613 -0.507820
vn -0.374892 -0.775613 -0.507820
vn -0.916348 -0.321418 -0.238740
vn -0.916348 -0.321418 -0.238740
vn -0.916348 -0.321418 -0.238740
vn -0.916348 -0.321418 -0.238740
vn -0.976454 -0.139188 -0.164814
vn -0.976454 -0.139188 -0.164814
vn -0.976454 -0.139188 -0.164814
vn -0.976454 -0.139188 -0.164814
vn -0.983422 -0.082447 -0.161503
vn -0.983422 -0.082447 -0.161503
vn -0.983422 -0.082447 -0.161503
vn -0.983422 -0.082447 -0.161503
vn -0.986355 0.164631 0.000947
vn -0.986355 0.164631 0.000947
vn -0.986355 0.164631 0.000947
vn -0.986355 0.164631 0.000947
vn -0.685891 0.628812 0.366264
vn -0.685891 0.628812 0.366264
vn -0.685891 0.628812 0.366264
vn -0.685891 0.628812 0.366264
vn -0.000569 0.819522 0.573047
vn -0.000569 0.819522 0.573047
vn -0.000569 0.819522 0.573047
vn -0.000569 0.819522 0.573047
vn -0.143026 0.526070 -0.838328
vn -0.143026 0.526070 -0.838328
vn -0.143026 0.526070 -0.838328
vn -0.143026 0.526070 -0.838328
vn -0.479478 0.405362 -0.778320
vn -0.479478 0.405362 -0.778320
vn -0.479478 0.405362 -0.778320
vn -0.479478 0.405362 -0.778320
vn -0.409057 0.409812 -0.815308
vn -0.409057 0.409812 -0.815308
vn -0.409057 0.409812 -0.815308
vn -0.409057 0.409812 -0.815308
vn -0.451183 0.312151 -0.836060
vn -0.451183 0.312151 -0.836060
vn -0.451183 0.312151 -0.836060
vn -0.451183 0.312151 -0.836060
vn -0.505991 0.213573 -0.835680
vn -0.505991 0.213573 -0.835680
vn -0.505991 0.213573 -0.835680
vn -0.505991 0.213573 -0.835680
vn -0.474755 0.090125 -0.875491
vn -0.474755 0.090125 -0.875491
vn -0.474755 0.090125 -0.875491
vn -0.474755 0.090125 -0.875491
vn -0.256658 0.102234 -0.961080
vn -0.256658 0.102234 -0.961080
vn -0.256658 0.102234 -0.961080
vn -0.256658 0.102234 -0.961080
vn -0.179558 0.258751 -0.949108
vn -0.179558 0.258751 -0.949108
vn -0.179558 0.258751 -0.949108
vn -0.179558 0.258751 -0.949108
vn -0.142107 0.423943 -0.894471
vn -0.142107 0.423943 -0.894471
vn -0.142107 0.423943 -0.894471
vn -0.142107 0.423943 -0.894471
vn -0.736059 0.635715 -0.232560
vn -0.736059 0.635715 -0.232560
vn -0.736059 0.635715 -0.232560
vn -0.736059 0.635715 -0.232560
vn -0.674570 0.660942 -0.328802
vn -0.674570 0.660942 -0.328802
vn -0.674570 0.660942 -0.328802
vn -0.674570 0.660942 -0.328802
vn -0.694957 0.634633 -0.338046
vn -0.694957 0.634633 -0.338046
vn -0.694957 0.634633 -0.338046
vn -0.694957 0.634633 -0.338046
vn -0.605441 0.634737 -0.480157
vn -0.605441 0.634737 -0.480157
vn -0.605441 0.634737 -0.480157
vn -0.605441 0.634737 -0.480157
vn -0.596850 0.555499 -0.578957
vn -0.596850 0.555499 -0.578957
vn -0.596850 0.555499 -0.578957
vn -0.596850 0.555499 -0.578957
vn 0.108084 0.927917 0.356774
vn 0.108084 0.927917 0.356774
vn 0.108084 0.927917 0.356774
vn 0.108084 0.927917 0.356774
vn 0.000000 0.934824 -0.355111
vn 0.000000 0.934824 -0.355111
vn 0.000000 0.934824 -0.355111
vn 0.000000 0.934824 -0.355111
vn 0.128559 0.979889 0.152610
vn 0.128559 0.979889 0.152610
vn 0.128559 0.979889 0.152610
vn 0.128559 0.979889 0.152610
vn 0.058228 0.945663 0.319893
vn 0.058228 0.945663 0.319893
vn 0.058228 0.945663 0.319893
vn 0.058228 0.945663 0.319893
vn 0.000000 0.950378 -0.311096
vn 0.000000 0.950378 -0.311096
vn 0.000000 0.950378 -0.311096
vn 0.000000 0.950378 -0.311096
vn 0.061626 0.995109 -0.077204
vn 0.061626 0.995109 -0.077204
vn 0.061626 0.995109 -0.077204
vn 0.061626 0.995109 -0.077204
vn 0.000000 0.979389 -0.201986
vn 0.000000 0.979389 -0.201986
vn 0.000000 0.979389 -0.201986
vn 0.000000 0.979389 -0.201986
vn 0.000000 0.980737 0.195334
vn 0.000000 0.980737 0.195334
vn 0.000000 0.980737 0.195334
vn 0.000000 0.980737 0.195334
vn 0.106628 0.900052 0.422535
vn 0.106628 0.900052 0.422535
vn 0.106628 0.900052 0.422535
vn 0.106628 0.900052 0.422535
vn 0.114354 0.989950 0.083201
vn 0.114354 0.989950 0.083201
vn 0.114354 0.989950 0.083201
vn 0.114354 0.989950 0.083201
vn 0.120771 0.985687 0.117625
vn 0.120771 0.985687 0.117625
vn 0.120771 0.985687 0.117625
vn 0.120771 0.985687 0.117625
vn -0.730365 0.677951 -0.083359
vn -0.730365 0.677951 -0.083359
vn -0.730365 0.677951 -0.083359
vn -0.730365 0.677951 -0.083359
vn -0.726951 0.661261 -0.185138
vn -0.726951 0.661261 -0.185138
vn -0.726951 0.661261 -0.185138
vn -0.726951 0.661261 -0.185138
vn 0.115579 0.961369 0.249822
vn 0.115579 0.961369 0.249822
vn 0.115579 0.961369 0.249822
vn 0.115579 0.961369 0.249822
vn 0.998119 0.003376 0.061209
vn 0.998119 0.003376 0.061209
vn 0.998119 0.003376 0.061209
vn 0.998119 0.003376 0.061209
vn 0.813881 0.064901 0.577396
vn 0.813881 0.064901 0.577396
vn 0.813881 0.064901 0.577396
vn 0.813881 0.064901 0.577396
vn 0.954474 0.016430 0.297841
vn 0.954474 0.016430 0.297841
vn 0.954474 0.016430 0.297841
vn 0.954474 0.016430 0.297841
vn 0.869276 0.027227 0.493577
vn 0.869276 0.027227 0.493577
vn 0.869276 0.027227 0.493577
vn 0.869276 0.027227 0.493577
vn 0.999987 -0.000277 -0.005014
vn 0.999987 -0.000277 -0.005014
vn 0.999987 -0.000277 -0.005014
vn 0.999987 -0.000277 -0.005014
vn 0.999996 0.000158 0.002869
vn 0.999996 0.000158 0.002869
vn 0.999996 0.000158 0.002869
vn 0.999996 0.000158 0.002869
vn 0.856932 0.028389 0.514646
vn 0.856932 0.028389 0.514646
vn 0.856932 0.028389 0.514646
vn 0.856932 0.028389 0.514646
vn 0.870529 0.027106 0.491370
vn 0.870529 0.027106 0.491370
vn 0.870529 0.027106 0.491370
vn 0.870529 0.027106 0.491370
vn 0.748289 0.272394 0.604868
vn 0.748289 0.272394 0.604868
vn 0.748289 0.272394 0.604868
vn 0.748289 0.272394 0.604868
vn 0.999131 -0.005918 -0.041256
vn 0.999131 -0.005918 -0.041256
vn 0.999131 -0.005918 -0.041256
vn 0.999131 -0.005918 -0.041256
vn 0.289883 0.949439 0.120560
vn 0.289883 0.949439 0.120560
vn 0.289883 0.949439 0.120560
vn 0.289883 0.949439 0.120560
vn 0.172281 0.980644 0.093038
vn 0.172281 0.980644 0.093038
vn 0.172281 0.980644 0.093038
vn 0.172281 0.980644 0.093038
vn 0.485088 0.842871 0.232936
vn 0.485088 0.842871 0.232936
vn 0.485088 0.842871 0.232936
vn 0.485088 0.842871 0.232936
vn 0.183309 0.973382 0.137566
vn 0.183309 0.973382 0.137566
vn 0.183309 0.973382 0.137566
vn 0.183309 0.973382 0.137566
vn 0.397291 0.915825 0.058524
vn 0.397291 0.915825 0.058524
vn 0.397291 0.915825 0.058524
vn 0.397291 0.915825 0.058524
vn 0.582056 0.812716 -0.026532
vn 0.582056 0.812716 -0.026532
vn 0.582056 0.812716 -0.026532
vn 0.582056 0.812716 -0.026532
vn 0.130343 0.916542 0.378104
vn 0.130343 0.916542 0.378104
vn 0.130343 0.916542 0.378104
vn 0.130343 0.916542 0.378104
vn 0.121327 0.960948 0.248714
vn 0.121327 0.960948 0.248714
vn 0.121327 0.960948 0.248714
vn 0.121327 0.960948 0.248714
vn 0.650741 0.704660 0.282826
vn 0.650741 0.704660 0.282826
vn 0.650741 0.704660 0.282826
vn 0.650741 0.704660 0.282826
vn 0.645124 0.717413 -0.262932
vn 0.645124 0.717413 -0.262932
vn 0.645124 0.717413 -0.262932
vn 0.645124 0.717413 -0.262932
vn 0.000000 0.981669 0.190593
vn 0.000000 0.981669 0.190593
vn 0.000000 0.981669 0.190593
vn 0.000000 0.981669 0.190593
vn -0.019430 0.983339 0.180742
vn -0.019430 0.983339 0.180742
vn -0.019430 0.983339 0.180742
vn -0.019430 0.983339 0.180742
vn 0.000000 0.983980 0.178276
vn 0.000000 0.983980 0.178276
vn 0.000000 0.983980 0.178276
vn 0.000000 0.983980 0.178276
vn 0.000000 0.993061 0.117603
vn 0.000000 0.993061 0.117603
vn 0.000000 0.993061 0.117603
vn 0.000000 0.993061 0.117603
vn 0.000000 0.988761 0.149504
vn 0.000000 0.988761 0.149504
vn 0.000000 0.988761 0.149504
vn 0.000000 0.988761 0.149504
vn 0.000000 0.998781 0.049354
vn 0.000000 0.998781 0.049354
vn 0.000000 0.998781 0.049354
vn 0.000000 0.998781 0.049354
vn 0.000000 0.969267 0.246013
vn 0.000000 0.969267 0.246013
vn 0.000000 0.969267 0.246013
vn 0.000000 0.969267 0.246013
vn 0.000000 0.972231 0.234025
vn 0.000000 0.972231 0.234025
vn 0.000000 0.972231 0.234025
vn 0.000000 0.972231 0.234025
vn 0.000000 0.998482 -0.055080
vn 0.000000 0.998482 -0.055080
vn 0.000000 0.998482 -0.055080
vn 0.000000 0.998482 -0.055080
vn 0.000000 0.971948 -0.235195
vn 0.000000 0.971948 -0.235195
vn 0.000000 0.971948 -0.235195
vn 0.000000 0.971948 -0.235195
vn 0.255161 0.229875 0.939175
vn 0.255161 0.229875 0.939175
vn 0.255161 0.229875 0.939175
vn 0.255161 0.229875 0.939175
vn 0.548953 0.098143 0.830072
vn 0.548953 0.098143 0.830072
vn 0.548953 0.098143 0.830072
vn 0.548953 0.098143 0.830072
vn 0.425529 0.155257 0.891527
vn 0.425529 0.155257 0.891527
vn 0.425529 0.155257 0.891527
vn 0.425529 0.155257 0.891527
vn -0.025808 0.244051 0.969419
vn -0.025808 0.244051 0.969419
vn -0.025808 0.244051 0.969419
vn -0.025808 0.244051 0.969419
vn 0.079110 0.247776 0.965582
vn 0.079110 0.247776 0.965582
vn 0.079110 0.247776 0.965582
vn 0.079110 0.247776 0.965582
vn -0.130600 0.964815 0.228200
vn -0.130600 0.964815 0.228200
vn -0.130600 0.964815 0.228200
vn -0.130600 0.964815 0.228200
vn -0.012980 0.998315 0.056554
vn -0.012980 0.998315 0.056554
vn -0.012980 0.998315 0.056554
vn -0.012980 0.998315 0.056554
vn -0.018753 0.998101 0.058675
vn -0.018753 0.998101 0.058675
vn -0.018753 0.998101 0.058675
vn -0.321127 0.938389 -0.127685
vn -0.321127 0.938389 -0.127685
vn -0.321127 0.938389 -0.127685
vn -0.321127 0.938389 -0.127685
vn -0.474535 0.875346 -0.092660
vn -0.474535 0.875346 -0.092660
vn -0.474535 0.875346 -0.092660
vn -0.474535 0.875346 -0.092660
vn -0.120897 0.208407 -0.970541
vn -0.120897 0.208407 -0.970541
vn -0.120897 0.208407 -0.970541
vn -0.120897 0.208407 -0.970541
vn -0.350171 -0.687535 0.636142
vn -0.350171 -0.687535 0.636142
vn -0.350171 -0.687535 0.636142
vn -0.350171 -0.687535 0.636142
vn -0.154532 -0.971942 0.177340
vn -0.154532 -0.971942 0.177340
vn -0.154532 -0.971942 0.177340
vn -0.154532 -0.971942 0.177340
vn 0.990021 0.097911 -0.101351
vn 0.990021 0.097911 -0.101351
vn 0.990021 0.097911 -0.101351
vn 0.990021 0.097911 -0.101351
vn 0.388675 0.907445 0.159612
vn 0.388675 0.907445 0.159612
vn 0.388675 0.907445 0.159612
vn 0.388675 0.907445 0.159612
vn -0.277456 0.238360 0.930700
vn -0.277456 0.238360 0.930700
vn -0.277456 0.238360 0.930700
vn -0.277456 0.238360 0.930700
vn 0.334039 0.882235 -0.331783
vn 0.334039 0.882235 -0.331783
vn 0.334039 0.882235 -0.331783
vn 0.334039 0.882235 -0.331783
vn 0.535475 -0.776259 -0.332698
vn 0.535475 -0.776259 -0.332698
vn 0.535475 -0.776259 -0.332698
vn 0.535475 -0.776259 -0.332698
vn 0.639045 0.765915 -0.070678
vn 0.639045 0.765915 -0.070678
vn 0.639045 0.765915 -0.070678
vn 0.639045 0.765915 -0.070678
vn 0.341171 0.939755 -0.021501
vn 0.341171 0.939755 -0.021501
vn 0.341171 0.939755 -0.021501
vn 0.341171 0.939755 -0.021501
vn -0.297269 -0.940935 0.162085
vn -0.297269 -0.940935 0.162085
vn -0.297269 -0.940935 0.162085
vn -0.297269 -0.940935 0.162085
vn -0.528515 -0.841137 -0.114716
vn -0.528515 -0.841137 -0.114716
vn -0.528515 -0.841137 -0.114716
vn -0.528515 -0.841137 -0.114716
vn -0.585015 -0.752091 -0.303506
vn -0.585015 -0.752091 -0.303506
vn -0.585015 -0.752091 -0.303506
vn -0.585015 -0.752091 -0.303506
vn -0.446750 -0.847094 -0.287830
vn -0.446750 -0.847094 -0.287830
vn -0.446750 -0.847094 -0.287830
vn -0.446750 -0.847094 -0.287830
vn -0.727138 -0.678720 -0.103000
vn -0.727138 -0.678720 -0.103000
vn -0.727138 -0.678720 -0.103000
vn -0.727138 -0.678720 -0.103000
vn -0.717054 -0.690930 -0.091920
vn -0.717054 -0.690930 -0.091920
vn -0.717054 -0.690930 -0.091920
vn -0.717054 -0.690930 -0.091920
vn -0.712906 -0.694285 -0.098662
vn -0.712906 -0.694285 -0.098662
vn -0.712906 -0.694285 -0.098662
vn -0.712906 -0.694285 -0.098662
vn -0.719378 -0.687277 -0.100726
vn -0.719378 -0.687277 -0.100726
vn -0.719378 -0.687277 -0.100726
vn -0.719378 -0.687277 -0.100726
vn -0.616998 -0.784717 -0.059443
vn -0.616998 -0.784717 -0.059443
vn -0.616998 -0.784717 -0.059443
vn -0.616998 -0.784717 -0.059443
vn -0.550550 -0.779673 -0.298336
vn -0.550550 -0.779673 -0.298336
vn -0.550550 -0.779673 -0.298336
vn -0.550550 -0.779673 -0.298336
vn -0.703179 -0.698795 -0.131244
vn -0.703179 -0.698795 -0.131244
vn -0.703179 -0.698795 -0.131244
vn -0.703179 -0.698795 -0.131244
vn -0.747264 -0.652731 -0.124657
vn -0.747264 -0.652731 -0.124657
vn -0.747264 -0.652731 -0.124657
vn -0.747264 -0.652731 -0.124657
vn -0.723888 -0.677360 -0.131035
vn -0.723888 -0.677360 -0.131035
vn -0.723888 -0.677360 -0.131035
vn -0.723888 -0.677360 -0.131035
vn -0.734136 -0.668331 -0.119909
vn -0.734136 -0.668331 -0.119909
vn -0.734136 -0.668331 -0.119909
vn -0.734136 -0.668331 -0.119909
vn -0.718776 -0.693570 -0.048182
vn -0.718776 -0.693570 -0.048182
vn -0.718776 -0.693570 -0.048182
vn -0.718776 -0.693570 -0.048182
vn -0.754913 -0.653225 -0.058332
vn -0.754913 -0.653225 -0.058332
vn -0.754913 -0.653225 -0.058332
vn -0.754913 -0.653225 -0.058332
vn -0.787699 -0.616006 -0.008200
vn -0.787699 -0.616006 -0.008200
vn -0.787699 -0.616006 -0.008200
vn -0.787699 -0.616006 -0.008200
vn -0.473579 -0.850231 -0.229850
vn -0.473579 -0.850231 -0.229850
vn -0.473579 -0.850231 -0.229850
vn -0.473579 -0.850231 -0.229850
vn -0.621528 -0.746815 -0.236582
vn -0.621528 -0.746815 -0.236582
vn -0.621528 -0.746815 -0.236582
vn -0.621528 -0.746815 -0.236582
vn -0.687148 -0.697834 -0.202128
vn -0.687148 -0.697834 -0.202128
vn -0.687148 -0.697834 -0.202128
vn -0.687148 -0.697834 -0.202128
vn -0.756556 -0.634426 -0.158515
vn -0.756556 -0.634426 -0.158515
vn -0.756556 -0.634426 -0.158515
vn -0.756556 -0.634426 -0.158515
vn -0.747112 -0.646418 -0.154811
vn -0.747112 -0.646418 -0.154811
vn -0.747112 -0.646418 -0.154811
vn -0.747112 -0.646418 -0.154811
vn -0.795607 -0.595288 -0.112437
vn -0.795607 -0.595288 -0.112437
vn -0.795607 -0.595288 -0.112437
vn -0.795607 -0.595288 -0.112437
vn -0.796879 -0.600419 -0.066938
vn -0.796879 -0.600419 -0.066938
vn -0.796879 -0.600419 -0.066938
vn -0.796879 -0.600419 -0.066938
vn -0.507465 -0.859194 -0.065308
vn -0.507465 -0.859194 -0.065308
vn -0.507465 -0.859194 -0.065308
vn -0.507465 -0.859194 -0.065308
vn -0.688685 -0.706337 -0.163712
vn -0.688685 -0.706337 -0.163712
vn -0.688685 -0.706337 -0.163712
vn -0.688685 -0.706337 -0.163712
vn -0.753600 -0.640878 -0.146162
vn -0.753600 -0.640878 -0.146162
vn -0.753600 -0.640878 -0.146162
vn -0.753600 -0.640878 -0.146162
vn -0.738394 -0.657038 -0.151906
vn -0.738394 -0.657038 -0.151906
vn -0.738394 -0.657038 -0.151906
vn -0.738394 -0.657038 -0.151906
vn -0.763691 -0.634059 -0.121433
vn -0.763691 -0.634059 -0.121433
vn -0.763691 -0.634059 -0.121433
vn -0.763691 -0.634059 -0.121433
vn -0.775194 -0.629537 -0.052516
vn -0.775194 -0.629537 -0.052516
vn -0.775194 -0.629537 -0.052516
vn -0.775194 -0.629537 -0.052516
vn -0.400493 -0.881331 -0.250721
vn -0.400493 -0.881331 -0.250721
vn -0.400493 -0.881331 -0.250721
vn -0.400493 -0.881331 -0.250721
vn -0.559051 -0.799186 -0.220827
vn -0.559051 -0.799186 -0.220827
vn -0.559051 -0.799186 -0.220827
vn -0.559051 -0.799186 -0.220827
vn -0.682275 -0.702588 -0.202165
vn -0.682275 -0.702588 -0.202165
vn -0.682275 -0.702588 -0.202165
vn -0.682275 -0.702588 -0.202165
vn -0.761469 -0.631732 -0.145192
vn -0.761469 -0.631732 -0.145192
vn -0.761469 -0.631732 -0.145192
vn -0.761469 -0.631732 -0.145192
vn -0.761950 -0.637582 -0.113676
vn -0.761950 -0.637582 -0.113676
vn -0.761950 -0.637582 -0.113676
vn -0.761950 -0.637582 -0.113676
vn -0.796411 -0.600912 -0.068073
vn -0.796411 -0.600912 -0.068073
vn -0.796411 -0.600912 -0.068073
vn -0.796411 -0.600912 -0.068073
vn -0.786215 -0.616606 -0.040781
vn -0.786215 -0.616606 -0.040781
vn -0.786215 -0.616606 -0.040781
vn -0.786215 -0.616606 -0.040781
vn -0.318131 -0.931485 -0.176432
vn -0.318131 -0.931485 -0.176432
vn -0.318131 -0.931485 -0.176432
vn -0.318131 -0.931485 -0.176432
vn -0.483762 -0.859221 -0.166476
vn -0.483762 -0.859221 -0.166476
vn -0.483762 -0.859221 -0.166476
vn -0.483762 -0.859221 -0.166476
vn -0.645324 -0.751242 -0.138535
vn -0.645324 -0.751242 -0.138535
vn -0.645324 -0.751242 -0.138535
vn -0.645324 -0.751242 -0.138535
vn -0.764902 -0.635086 -0.107656
vn -0.764902 -0.635086 -0.107656
vn -0.764902 -0.635086 -0.107656
vn -0.764902 -0.635086 -0.107656
vn -0.785560 -0.615252 -0.066031
vn -0.785560 -0.615252 -0.066031
vn -0.785560 -0.615252 -0.066031
vn -0.785560 -0.615252 -0.066031
vn -0.798863 -0.600506 -0.034800
vn -0.798863 -0.600506 -0.034800
vn -0.798863 -0.600506 -0.034800
vn -0.798863 -0.600506 -0.034800
vn -0.786095 -0.616194 -0.048575
vn -0.786095 -0.616194 -0.048575
vn -0.786095 -0.616194 -0.048575
vn -0.786095 -0.616194 -0.048575
vn -0.604732 -0.771651 -0.197112
vn -0.604732 -0.771651 -0.197112
vn -0.604732 -0.771651 -0.197112
vn -0.604732 -0.771651 -0.197112
vn -0.604514 -0.771405 -0.198739
vn -0.604514 -0.771405 -0.198739
vn -0.604514 -0.771405 -0.198739
vn -0.604514 -0.771405 -0.198739
vn -0.577738 -0.787683 -0.213950
vn -0.577738 -0.787683 -0.213950
vn -0.577738 -0.787683 -0.213950
vn -0.577738 -0.787683 -0.213950
vn -0.614443 -0.742810 -0.265882
vn -0.614443 -0.742810 -0.265882
vn -0.614443 -0.742810 -0.265882
vn -0.614443 -0.742810 -0.265882
vn -0.390082 -0.916688 0.086719
vn -0.390082 -0.916688 0.086719
vn -0.390082 -0.916688 0.086719
vn -0.390082 -0.916688 0.086719
vn -0.294620 -0.915087 -0.275345
vn -0.294620 -0.915087 -0.275345
vn -0.294620 -0.915087 -0.275345
vn -0.294620 -0.915087 -0.275345
vn -0.698701 -0.686130 -0.202590
vn -0.698701 -0.686130 -0.202590
vn -0.698701 -0.686130 -0.202590
vn -0.698701 -0.686130 -0.202590
vn -0.534755 -0.826617 -0.175335
vn -0.534755 -0.826617 -0.175335
vn -0.534755 -0.826617 -0.175335
vn -0.534755 -0.826617 -0.175335
vn 0.665756 0.662121 0.344043
vn 0.665756 0.662121 0.344043
vn 0.665756 0.662121 0.344043
vn 0.665756 0.662121 0.344043
vn 0.639362 0.678983 0.360831
vn 0.639362 0.678983 0.360831
vn 0.639362 0.678983 0.360831
vn 0.639362 0.678983 0.360831
vn 0.425898 0.622956 0.656154
vn 0.425898 0.622956 0.656154
vn 0.425898 0.622956 0.656154
vn 0.425898 0.622956 0.656154
vn 0.422291 0.516420 0.744971
vn 0.422291 0.516420 0.744971
vn 0.422291 0.516420 0.744971
vn 0.422291 0.516420 0.744971
vn 0.556466 0.754200 0.348609
vn 0.556466 0.754200 0.348609
vn 0.556466 0.754200 0.348609
vn 0.556466 0.754200 0.348609
vn 0.576385 0.749736 0.325078
vn 0.576385 0.749736 0.325078
vn 0.576385 0.749736 0.325078
vn 0.576385 0.749736 0.325078
vn 0.637816 0.724610 0.261022
vn 0.637816 0.724610 0.261022
vn 0.637816 0.724610 0.261022
vn 0.637816 0.724610 0.261022
vn 0.908014 0.418581 0.017358
vn 0.908014 0.418581 0.017358
vn 0.908014 0.418581 0.017358
vn 0.908014 0.418581 0.017358
vn 0.115660 0.835234 0.537594
vn 0.115660 0.835234 0.537594
vn 0.115660 0.835234 0.537594
vn 0.115660 0.835234 0.537594
vn 0.505882 0.822169 0.261001
vn 0.505882 0.822169 0.261001
vn 0.505882 0.822169 0.261001
vn 0.505882 0.822169 0.261001
vn 0.617511 0.759648 0.203997
vn 0.617511 0.759648 0.203997
vn 0.617511 0.759648 0.203997
vn 0.617511 0.759648 0.203997
vn 0.659024 0.733422 0.166671
vn 0.659024 0.733422 0.166671
vn 0.659024 0.733422 0.166671
vn 0.659024 0.733422 0.166671
vn 0.223576 0.929860 0.292188
vn 0.223576 0.929860 0.292188
vn 0.223576 0.929860 0.292188
vn 0.223576 0.929860 0.292188
vn 0.661554 0.744033 0.093601
vn 0.661554 0.744033 0.093601
vn 0.661554 0.744033 0.093601
vn 0.661554 0.744033 0.093601
vn 0.725792 0.618198 0.301757
vn 0.725792 0.618198 0.301757
vn 0.725792 0.618198 0.301757
vn 0.725792 0.618198 0.301757
vn 0.324221 0.910361 0.257144
vn 0.324221 0.910361 0.257144
vn 0.324221 0.910361 0.257144
vn 0.324221 0.910361 0.257144
vn 0.389680 0.875510 0.285713
vn 0.389680 0.875510 0.285713
vn 0.389680 0.875510 0.285713
vn 0.389680 0.875510 0.285713
vn 0.494964 0.836531 0.235004
vn 0.494964 0.836531 0.235004
vn 0.494964 0.836531 0.235004
vn 0.494964 0.836531 0.235004
vn 0.629651 0.755303 0.181817
vn 0.629651 0.755303 0.181817
vn 0.629651 0.755303 0.181817
vn 0.629651 0.755303 0.181817
vn 0.721391 0.677686 0.142605
vn 0.721391 0.677686 0.142605
vn 0.721391 0.677686 0.142605
vn 0.721391 0.677686 0.142605
vn 0.819578 0.564332 0.099100
vn 0.819578 0.564332 0.099100
vn 0.819578 0.564332 0.099100
vn 0.819578 0.564332 0.099100
vn 0.908057 0.411573 0.077719
vn 0.908057 0.411573 0.077719
vn 0.908057 0.411573 0.077719
vn 0.908057 0.411573 0.077719
vn 0.462420 0.640596 0.613029
vn 0.462420 0.640596 0.613029
vn 0.462420 0.640596 0.613029
vn 0.462420 0.640596 0.613029
vn 0.502375 0.829967 0.242432
vn 0.502375 0.829967 0.242432
vn 0.502375 0.829967 0.242432
vn 0.502375 0.829967 0.242432
vn 0.625685 0.757884 0.184744
vn 0.625685 0.757884 0.184744
vn 0.625685 0.757884 0.184744
vn 0.625685 0.757884 0.184744
vn 0.813160 0.578704 0.062234
vn 0.813160 0.578704 0.062234
vn 0.813160 0.578704 0.062234
vn 0.813160 0.578704 0.062234
vn 0.911985 0.409697 0.020783
vn 0.911985 0.409697 0.020783
vn 0.911985 0.409697 0.020783
vn 0.911985 0.409697 0.020783
vn 0.360595 0.882782 0.301109
vn 0.360595 0.882782 0.301109
vn 0.360595 0.882782 0.301109
vn 0.360595 0.882782 0.301109
vn 0.394871 0.881748 0.258067
vn 0.394871 0.881748 0.258067
vn 0.394871 0.881748 0.258067
vn 0.394871 0.881748 0.258067
vn 0.479961 0.848890 0.221412
vn 0.479961 0.848890 0.221412
vn 0.479961 0.848890 0.221412
vn 0.479961 0.848890 0.221412
vn 0.618362 0.765723 0.176911
vn 0.618362 0.765723 0.176911
vn 0.618362 0.765723 0.176911
vn 0.618362 0.765723 0.176911
vn 0.722090 0.677780 0.138568
vn 0.722090 0.677780 0.138568
vn 0.722090 0.677780 0.138568
vn 0.722090 0.677780 0.138568
vn 0.801488 0.587680 0.110674
vn 0.801488 0.587680 0.110674
vn 0.801488 0.587680 0.110674
vn 0.801488 0.587680 0.110674
vn 0.884242 0.457580 0.093470
vn 0.884242 0.457580 0.093470
vn 0.884242 0.457580 0.093470
vn 0.884242 0.457580 0.093470
vn 0.307692 0.933967 0.181746
vn 0.307692 0.933967 0.181746
vn 0.307692 0.933967 0.181746
vn 0.307692 0.933967 0.181746
vn 0.375576 0.904394 0.202520
vn 0.375576 0.904394 0.202520
vn 0.375576 0.904394 0.202520
vn 0.375576 0.904394 0.202520
vn 0.449482 0.871548 0.195885
vn 0.449482 0.871548 0.195885
vn 0.449482 0.871548 0.195885
vn 0.449482 0.871548 0.195885
vn 0.600784 0.782221 0.164891
vn 0.600784 0.782221 0.164891
vn 0.600784 0.782221 0.164891
vn 0.600784 0.782221 0.164891
vn 0.704644 0.696034 0.137887
vn 0.704644 0.696034 0.137887
vn 0.704644 0.696034 0.137887
vn 0.704644 0.696034 0.137887
vn 0.776292 0.618444 0.122056
vn 0.776292 0.618444 0.122056
vn 0.776292 0.618444 0.122056
vn 0.776292 0.618444 0.122056
vn 0.850270 0.503944 0.151924
vn 0.850270 0.503944 0.151924
vn 0.850270 0.503944 0.151924
vn 0.850270 0.503944 0.151924
vn 0.380631 0.874364 0.301012
vn 0.380631 0.874364 0.301012
vn 0.380631 0.874364 0.301012
vn 0.380631 0.874364 0.301012
vn 0.365048 0.863861 0.347108
vn 0.365048 0.863861 0.347108
vn 0.365048 0.863861 0.347108
vn 0.365048 0.863861 0.347108
vn 0.417249 0.841325 0.343622
vn 0.417249 0.841325 0.343622
vn 0.417249 0.841325 0.343622
vn 0.417249 0.841325 0.343622
vn 0.734658 0.518217 0.437869
vn 0.734658 0.518217 0.437869
vn 0.734658 0.518217 0.437869
vn 0.734658 0.518217 0.437869
vn 0.643293 0.583494 0.495690
vn 0.643293 0.583494 0.495690
vn 0.643293 0.583494 0.495690
vn 0.643293 0.583494 0.495690
vn 0.024176 0.882249 0.470162
vn 0.024176 0.882249 0.470162
vn 0.024176 0.882249 0.470162
vn 0.024176 0.882249 0.470162
vn 0.012584 0.898122 0.439566
vn 0.012584 0.898122 0.439566
vn 0.012584 0.898122 0.439566
vn 0.012584 0.898122 0.439566
vn 0.508518 -0.860838 -0.019155
vn 0.508518 -0.860838 -0.019155
vn 0.508518 -0.860838 -0.019155
vn 0.508518 -0.860838 -0.019155
vn -0.505708 -0.744883 0.435211
vn -0.505708 -0.744883 0.435211
vn -0.505708 -0.744883 0.435211
vn -0.505708 -0.744883 0.435211
vn -0.303735 -0.824561 0.477330
vn -0.303735 -0.824561 0.477330
vn -0.303735 -0.824561 0.477330
vn -0.303735 -0.824561 0.477330
vn -0.945718 -0.074080 0.316432
vn -0.945718 -0.074080 0.316432
vn -0.945718 -0.074080 0.316432
vn -0.945718 -0.074080 0.316432
vn -0.901454 0.108852 0.418966
vn -0.901454 0.108852 0.418966
vn -0.901454 0.108852 0.418966
vn -0.901454 0.108852 0.418966
vn -0.822450 0.323921 0.467602
vn -0.822450 0.323921 0.467602
vn -0.822450 0.323921 0.467602
vn -0.822450 0.323921 0.467602
vn 0.525831 -0.733408 -0.430829
vn 0.525831 -0.733408 -0.430829
vn 0.525831 -0.733408 -0.430829
vn 0.525831 -0.733408 -0.430829
vn -0.407295 0.864675 0.294022
vn -0.407295 0.864675 0.294022
vn -0.407295 0.864675 0.294022
vn -0.407295 0.864675 0.294022
vn 0.564640 -0.768517 -0.300937
vn 0.564640 -0.768517 -0.300937
vn 0.564640 -0.768517 -0.300937
vn 0.564640 -0.768517 -0.300937
vn 0.164929 -0.876951 0.451392
vn 0.164929 -0.876951 0.451392
vn 0.164929 -0.876951 0.451392
vn 0.164929 -0.876951 0.451392
vn 0.542189 -0.775200 -0.324186
vn 0.542189 -0.775200 -0.324186
vn 0.542189 -0.775200 -0.324186
vn 0.542189 -0.775200 -0.324186
vn -0.645809 0.619945 0.445645
vn -0.645809 0.619945 0.445645
vn -0.645809 0.619945 0.445645
vn -0.645809 0.619945 0.445645
vn 0.575287 -0.763706 -0.292912
vn 0.575287 -0.763706 -0.292912
vn 0.575287 -0.763706 -0.292912
vn 0.575287 -0.763706 -0.292912
vn -0.850663 0.489333 0.192159
vn -0.850663 0.489333 0.192159
vn -0.850663 0.489333 0.192159
vn -0.850663 0.489333 0.192159
vn 0.579640 -0.761863 -0.289105
vn 0.579640 -0.761863 -0.289105
vn 0.579640 -0.761863 -0.289105
vn 0.579640 -0.761863 -0.289105
vn 0.416080 -0.898855 0.137613
vn 0.416080 -0.898855 0.137613
vn 0.416080 -0.898855 0.137613
vn 0.416080 -0.898855 0.137613
vn -0.556610 -0.167047 0.813806
vn -0.556610 -0.167047 0.813806
vn -0.556610 -0.167047 0.813806
vn -0.556610 -0.167047 0.813806
vn 0.238010 -0.968832 -0.068665
vn 0.238010 -0.968832 -0.068665
vn 0.238010 -0.968832 -0.068665
vn 0.238010 -0.968832 -0.068665
vn -0.366140 -0.715784 0.594639
vn -0.366140 -0.715784 0.594639
vn -0.366140 -0.715784 0.594639
vn -0.366140 -0.715784 0.594639
vn -0.855640 -0.428980 0.289579
vn -0.855640 -0.428980 0.289579
vn -0.855640 -0.428980 0.289579
vn -0.855640 -0.428980 0.289579
vn -0.934619 0.149270 0.322810
vn -0.934619 0.149270 0.322810
vn -0.934619 0.149270 0.322810
vn -0.934619 0.149270 0.322810
vn 0.406931 0.911585 0.058487
vn 0.406931 0.911585 0.058487
vn 0.406931 0.911585 0.058487
vn 0.406931 0.911585 0.058487
vn 0.714318 0.690888 0.111461
vn 0.714318 0.690888 0.111461
vn 0.714318 0.690888 0.111461
vn 0.714318 0.690888 0.111461
vn 0.608364 0.775780 0.167507
vn 0.608364 0.775780 0.167507
vn 0.608364 0.775780 0.167507
vn 0.608364 0.775780 0.167507
vn 0.568191 0.819760 0.071787
vn 0.568191 0.819760 0.071787
vn 0.568191 0.819760 0.071787
vn 0.568191 0.819760 0.071787
vn 0.636862 0.770721 -0.019908
vn 0.636862 0.770721 -0.019908
vn 0.636862 0.770721 -0.019908
vn 0.636862 0.770721 -0.019908
vn 0.568878 0.817571 0.089188
vn 0.568878 0.817571 0.089188
vn 0.568878 0.817571 0.089188
vn 0.568878 0.817571 0.089188
vn -0.636387 -0.751644 0.173328
vn -0.636387 -0.751644 0.173328
vn -0.636387 -0.751644 0.173328
vn -0.636387 -0.751644 0.173328
vn -0.439983 -0.881454 0.171620
vn -0.439983 -0.881454 0.171620
vn -0.439983 -0.881454 0.171620
vn -0.439983 -0.881454 0.171620
vn -0.206531 0.533105 0.820454
vn -0.206531 0.533105 0.820454
vn -0.206531 0.533105 0.820454
vn -0.206531 0.533105 0.820454
vn -0.465910 0.514004 0.720228
vn -0.465910 0.514004 0.720228
vn -0.465910 0.514004 0.720228
vn -0.465910 0.514004 0.720228
vn -0.627430 0.073482 0.775198
vn -0.627430 0.073482 0.775198
vn -0.627430 0.073482 0.775198
vn -0.627430 0.073482 0.775198
vn -0.658479 -0.320751 0.680827
vn -0.658479 -0.320751 0.680827
vn -0.658479 -0.320751 0.680827
vn -0.658479 -0.320751 0.680827
vn -0.736362 -0.321524 0.595309
vn -0.736362 -0.321524 0.595309
vn -0.736362 -0.321524 0.595309
vn -0.736362 -0.321524 0.595309
vn 0.562269 0.817312 -0.125914
vn 0.562269 0.817312 -0.125914
vn 0.562269 0.817312 -0.125914
vn 0.562269 0.817312 -0.125914
vn -0.271317 0.399230 0.875787
vn -0.271317 0.399230 0.875787
vn -0.271317 0.399230 0.875787
vn -0.271317 0.399230 0.875787
vn -0.394535 -0.472171 0.788287
vn -0.394535 -0.472171 0.788287
vn -0.394535 -0.472171 0.788287
vn -0.394535 -0.472171 0.788287
vn -0.258521 -0.617474 0.742895
vn -0.258521 -0.617474 0.742895
vn -0.258521 -0.617474 0.742895
vn -0.258521 -0.617474 0.742895
vn -0.760430 -0.228942 0.607726
vn -0.760430 -0.228942 0.607726
vn -0.760430 -0.228942 0.607726
vn -0.760430 -0.228942 0.607726
vn 0.825004 0.455622 0.334331
vn 0.825004 0.455622 0.334331
vn 0.825004 0.455622 0.334331
vn 0.825004 0.455622 0.334331
vn -0.366590 0.018938 0.930190
vn -0.366590 0.018938 0.930190
vn -0.366590 0.018938 0.930190
vn -0.366590 0.018938 0.930190
vn -0.479180 -0.260099 0.838293
vn -0.479180 -0.260099 0.838293
vn -0.479180 -0.260099 0.838293
vn -0.479180 -0.260099 0.838293
vn -0.457693 -0.021273 0.888856
vn -0.457693 -0.021273 0.888856
vn -0.457693 -0.021273 0.888856
vn -0.457693 -0.021273 0.888856
vn -0.713158 -0.381122 0.588346
vn -0.713158 -0.381122 0.588346
vn -0.713158 -0.381122 0.588346
vn -0.713158 -0.381122 0.588346
vn 0.964783 0.262123 0.022016
vn 0.964783 0.262123 0.022016
vn 0.964783 0.262123 0.022016
vn 0.964783 0.262123 0.022016
vn -0.326084 0.044232 0.944306
vn -0.326084 0.044232 0.944306
vn -0.326084 0.044232 0.944306
vn -0.326084 0.044232 0.944306
vn -0.640862 -0.109749 0.759771
vn -0.640862 -0.109749 0.759771
vn -0.640862 -0.109749 0.759771
vn -0.640862 -0.109749 0.759771
vn -0.364568 0.013685 0.931076
vn -0.364568 0.013685 0.931076
vn -0.364568 0.013685 0.931076
vn -0.364568 0.013685 0.931076
vn -0.751291 -0.168263 0.638161
vn -0.751291 -0.168263 0.638161
vn -0.751291 -0.168263 0.638161
vn -0.751291 -0.168263 0.638161
vn -0.179482 0.143230 0.973279
vn -0.179482 0.143230 0.973279
vn -0.179482 0.143230 0.973279
vn -0.179482 0.143230 0.973279
vn -0.672448 -0.089890 0.734665
vn -0.672448 -0.089890 0.734665
vn -0.672448 -0.089890 0.734665
vn -0.672448 -0.089890 0.734665
vn -0.437457 0.090059 0.894718
vn -0.437457 0.090059 0.894718
vn -0.437457 0.090059 0.894718
vn -0.437457 0.090059 0.894718
vn -0.730277 -0.096698 0.676273
vn -0.730277 -0.096698 0.676273
vn -0.730277 -0.096698 0.676273
vn -0.730277 -0.096698 0.676273
vn 0.927522 0.274475 -0.253704
vn 0.927522 0.274475 -0.253704
vn 0.927522 0.274475 -0.253704
vn 0.927522 0.274475 -0.253704
vn 0.176160 0.416899 0.891719
vn 0.176160 0.416899 0.891719
vn 0.176160 0.416899 0.891719
vn 0.176160 0.416899 0.891719
vn -0.640161 0.073863 0.764682
vn -0.640161 0.073863 0.764682
vn -0.640161 0.073863 0.764682
vn -0.640161 0.073863 0.764682
vn -0.742320 -0.036209 0.669066
vn -0.742320 -0.036209 0.669066
vn -0.742320 -0.036209 0.669066
vn -0.742320 -0.036209 0.669066
vn 0.873013 0.059973 -0.483995
vn 0.873013 0.059973 -0.483995
vn 0.873013 0.059973 -0.483995
vn 0.873013 0.059973 -0.483995
vn 0.953219 0.178554 -0.243908
vn 0.953219 0.178554 -0.243908
vn 0.953219 0.178554 -0.243908
vn 0.953219 0.178554 -0.243908
vn 0.085510 0.476968 0.874751
vn 0.085510 0.476968 0.874751
vn 0.085510 0.476968 0.874751
vn 0.085510 0.476968 0.874751
vn -0.770952 0.050459 0.634891
vn -0.770952 0.050459 0.634891
vn -0.770952 0.050459 0.634891
vn -0.770952 0.050459 0.634891
vn -0.770364 -0.634119 -0.066578
vn -0.770364 -0.634119 -0.066578
vn -0.770364 -0.634119 -0.066578
vn -0.770364 -0.634119 -0.066578
vn 0.936745 0.035917 -0.348166
vn 0.936745 0.035917 -0.348166
vn 0.936745 0.035917 -0.348166
vn 0.936745 0.035917 -0.348166
vn 0.968064 0.124736 -0.217471
vn 0.968064 0.124736 -0.217471
vn 0.968064 0.124736 -0.217471
vn 0.968064 0.124736 -0.217471
vn -0.034453 0.508294 0.860494
vn -0.034453 0.508294 0.860494
vn -0.034453 0.508294 0.860494
vn -0.034453 0.508294 0.860494
vn -0.654669 0.234472 0.718632
vn -0.654669 0.234472 0.718632
vn -0.654669 0.234472 0.718632
vn -0.654669 0.234472 0.718632
vn 0.296935 -0.628552 -0.718855
vn 0.296935 -0.628552 -0.718855
vn 0.296935 -0.628552 -0.718855
vn 0.296935 -0.628552 -0.718855
vn 0.951123 -0.021213 -0.308083
vn 0.951123 -0.021213 -0.308083
vn 0.951123 -0.021213 -0.308083
vn 0.951123 -0.021213 -0.308083
vn 0.977165 0.118058 -0.176668
vn 0.977165 0.118058 -0.176668
vn 0.977165 0.118058 -0.176668
vn 0.977165 0.118058 -0.176668
vn -0.089759 0.608551 0.788422
vn -0.089759 0.608551 0.788422
vn -0.089759 0.608551 0.788422
vn -0.089759 0.608551 0.788422
vn -0.815396 0.110148 0.568329
vn -0.815396 0.110148 0.568329
vn -0.815396 0.110148 0.568329
vn -0.815396 0.110148 0.568329
vn -0.710021 0.285553 0.643685
vn -0.710021 0.285553 0.643685
vn -0.710021 0.285553 0.643685
vn -0.710021 0.285553 0.643685
vn -0.842795 0.110751 0.526717
vn -0.842795 0.110751 0.526717
vn -0.842795 0.110751 0.526717
vn -0.842795 0.110751 0.526717
vn -0.804940 -0.593190 -0.014022
vn -0.804940 -0.593190 -0.014022
vn -0.804940 -0.593190 -0.014022
vn -0.804940 -0.593190 -0.014022
vn 0.480247 -0.595359 -0.644136
vn 0.480247 -0.595359 -0.644136
vn 0.480247 -0.595359 -0.644136
vn 0.480247 -0.595359 -0.644136
vn -0.819387 0.062519 0.569821
vn -0.819387 0.062519 0.569821
vn -0.819387 0.062519 0.569821
vn -0.819387 0.062519 0.569821
vn -0.765190 -0.603338 0.224648
vn -0.765190 -0.603338 0.224648
vn -0.765190 -0.603338 0.224648
vn -0.765190 -0.603338 0.224648
vn 0.038577 0.400719 0.915388
vn 0.038577 0.400719 0.915388
vn 0.038577 0.400719 0.915388
vn 0.038577 0.400719 0.915388
vn -0.785473 0.219749 0.578570
vn -0.785473 0.219749 0.578570
vn -0.785473 0.219749 0.578570
vn -0.785473 0.219749 0.578570
vn -0.826939 -0.002988 0.562283
vn -0.826939 -0.002988 0.562283
vn -0.826939 -0.002988 0.562283
vn -0.826939 -0.002988 0.562283
vn -0.831204 0.071959 0.551291
vn -0.831204 0.071959 0.551291
vn -0.831204 0.071959 0.551291
vn -0.831204 0.071959 0.551291
vn -0.810586 -0.017302 0.585364
vn -0.810586 -0.017302 0.585364
vn -0.810586 -0.017302 0.585364
vn -0.810586 -0.017302 0.585364
vn -0.849641 -0.083167 0.520762
vn -0.849641 -0.083167 0.520762
vn -0.849641 -0.083167 0.520762
vn -0.849641 -0.083167 0.520762
vn -0.857292 -0.122547 0.500033
vn -0.857292 -0.122547 0.500033
vn -0.857292 -0.122547 0.500033
vn -0.857292 -0.122547 0.500033
vn -0.875086 -0.176509 0.450632
vn -0.875086 -0.176509 0.450632
vn -0.875086 -0.176509 0.450632
vn -0.875086 -0.176509 0.450632
vn -0.904932 -0.290607 0.310878
vn -0.904932 -0.290607 0.310878
vn -0.904932 -0.290607 0.310878
vn -0.904932 -0.290607 0.310878
vn -0.957836 -0.207870 0.198344
vn -0.957836 -0.207870 0.198344
vn -0.957836 -0.207870 0.198344
vn -0.957836 -0.207870 0.198344
vn -0.932590 -0.328067 0.150494
vn -0.932590 -0.328067 0.150494
vn -0.932590 -0.328067 0.150494
vn -0.932590 -0.328067 0.150494
vn -0.441283 -0.359507 0.822207
vn -0.441283 -0.359507 0.822207
vn -0.441283 -0.359507 0.822207
vn -0.441283 -0.359507 0.822207
vn -0.450376 -0.364966 0.814838
vn -0.450376 -0.364966 0.814838
vn -0.450376 -0.364966 0.814838
vn -0.450376 -0.364966 0.814838
vn -0.617334 -0.184822 0.764682
vn -0.617334 -0.184822 0.764682
vn -0.617334 -0.184822 0.764682
vn -0.617334 -0.184822 0.764682
vn -0.451712 -0.151066 0.879281
vn -0.451712 -0.151066 0.879281
vn -0.451712 -0.151066 0.879281
vn -0.451712 -0.151066 0.879281
vn -0.201449 0.482182 0.852595
vn -0.201449 0.482182 0.852595
vn -0.201449 0.482182 0.852595
vn -0.201449 0.482182 0.852595
vn 0.287819 0.928443 0.234849
vn 0.287819 0.928443 0.234849
vn 0.287819 0.928443 0.234849
vn 0.287819 0.928443 0.234849
vn 0.812332 0.278288 -0.512516
vn 0.812332 0.278288 -0.512516
vn 0.812332 0.278288 -0.512516
vn 0.812332 0.278288 -0.512516
vn 0.868790 0.479458 -0.123785
vn 0.868790 0.479458 -0.123785
vn 0.868790 0.479458 -0.123785
vn 0.868790 0.479458 -0.123785
vn 0.417914 -0.125355 0.899796
vn 0.417914 -0.125355 0.899796
vn 0.417914 -0.125355 0.899796
vn 0.417914 -0.125355 0.899796
vn 0.863884 0.147101 -0.481733
vn 0.863884 0.147101 -0.481733
vn 0.863884 0.147101 -0.481733
vn 0.863884 0.147101 -0.481733
vn 0.831588 -0.427221 -0.354885
vn 0.831588 -0.427221 -0.354885
vn 0.831588 -0.427221 -0.354885
vn 0.831588 -0.427221 -0.354885
vn 0.025324 -0.679768 0.732990
vn 0.025324 -0.679768 0.732990
vn 0.025324 -0.679768 0.732990
vn 0.025324 -0.679768 0.732990
vn -0.431708 -0.175936 0.884689
vn -0.431708 -0.175936 0.884689
vn -0.431708 -0.175936 0.884689
vn -0.431708 -0.175936 0.884689
vn -0.588701 -0.275359 0.760005
vn -0.588701 -0.275359 0.760005
vn -0.588701 -0.275359 0.760005
vn -0.588701 -0.275359 0.760005
vn -0.739612 0.049090 0.671241
vn -0.739612 0.049090 0.671241
vn -0.739612 0.049090 0.671241
vn -0.739612 0.049090 0.671241
vn -0.498353 0.178873 0.848321
vn -0.498353 0.178873 0.848321
vn -0.498353 0.178873 0.848321
vn -0.498353 0.178873 0.848321
vn -0.581095 0.564036 0.586679
vn -0.581095 0.564036 0.586679
vn -0.581095 0.564036 0.586679
vn -0.581095 0.564036 0.586679
vn 0.368254 0.739067 -0.564064
vn 0.368254 0.739067 -0.564064
vn 0.368254 0.739067 -0.564064
vn 0.368254 0.739067 -0.564064
vn 0.854145 0.232268 -0.465284
vn 0.854145 0.232268 -0.465284
vn 0.854145 0.232268 -0.465284
vn 0.854145 0.232268 -0.465284
vn 0.825023 0.230180 -0.516096
vn 0.825023 0.230180 -0.516096
vn 0.825023 0.230180 -0.516096
vn 0.825023 0.230180 -0.516096
vn 0.129851 -0.639643 0.757625
vn 0.129851 -0.639643 0.757625
vn 0.129851 -0.639643 0.757625
vn 0.129851 -0.639643 0.757625
vn -0.337285 -0.214917 0.916542
vn -0.337285 -0.214917 0.916542
vn -0.337285 -0.214917 0.916542
vn -0.337285 -0.214917 0.916542
vn -0.690168 -0.174140 0.702384
vn -0.690168 -0.174140 0.702384
vn -0.690168 -0.174140 0.702384
vn -0.690168 -0.174140 0.702384
vn -0.706880 -0.118469 0.697342
vn -0.706880 -0.118469 0.697342
vn -0.706880 -0.118469 0.697342
vn -0.706880 -0.118469 0.697342
vn -0.453422 0.233576 0.860146
vn -0.453422 0.233576 0.860146
vn -0.453422 0.233576 0.860146
vn -0.453422 0.233576 0.860146
vn -0.504927 0.432164 0.747184
vn -0.504927 0.432164 0.747184
vn -0.504927 0.432164 0.747184
vn -0.504927 0.432164 0.747184
vn 0.962739 0.079181 -0.258582
vn 0.962739 0.079181 -0.258582
vn 0.962739 0.079181 -0.258582
vn 0.962739 0.079181 -0.258582
vn 0.260978 0.081043 0.961937
vn 0.260978 0.081043 0.961937
vn 0.260978 0.081043 0.961937
vn 0.260978 0.081043 0.961937
vn -0.504135 0.049932 0.862180
vn -0.504135 0.049932 0.862180
vn -0.504135 0.049932 0.862180
vn -0.504135 0.049932 0.862180
vn -0.721904 -0.076356 0.687767
vn -0.721904 -0.076356 0.687767
vn -0.721904 -0.076356 0.687767
vn -0.721904 -0.076356 0.687767
vn -0.736709 -0.046375 0.674618
vn -0.736709 -0.046375 0.674618
vn -0.736709 -0.046375 0.674618
vn -0.736709 -0.046375 0.674618
vn -0.628267 0.183771 0.755982
vn -0.628267 0.183771 0.755982
vn -0.628267 0.183771 0.755982
vn -0.628267 0.183771 0.755982
vn -0.068623 0.796814 0.600315
vn -0.068623 0.796814 0.600315
vn -0.068623 0.796814 0.600315
vn -0.068623 0.796814 0.600315
vn 0.932344 -0.246823 -0.264221
vn 0.932344 -0.246823 -0.264221
vn 0.932344 -0.246823 -0.264221
vn 0.932344 -0.246823 -0.264221
vn 0.317388 -0.403352 0.858238
vn 0.317388 -0.403352 0.858238
vn 0.317388 -0.403352 0.858238
vn 0.317388 -0.403352 0.858238
vn -0.689066 0.055177 0.722595
vn -0.689066 0.055177 0.722595
vn -0.689066 0.055177 0.722595
vn -0.689066 0.055177 0.722595
vn -0.246701 0.883822 -0.397488
vn -0.246701 0.883822 -0.397488
vn -0.246701 0.883822 -0.397488
vn -0.246701 0.883822 -0.397488
vn 0.722156 -0.635436 0.273336
vn 0.722156 -0.635436 0.273336
vn 0.722156 -0.635436 0.273336
vn 0.722156 -0.635436 0.273336
vn 0.236817 -0.589660 0.772152
vn 0.236817 -0.589660 0.772152
vn 0.236817 -0.589660 0.772152
vn 0.236817 -0.589660 0.772152
vn -0.685664 0.202904 0.699067
vn -0.685664 0.202904 0.699067
vn -0.685664 0.202904 0.699067
vn -0.685664 0.202904 0.699067
vn -0.144248 0.870381 0.470775
vn -0.144248 0.870381 0.470775
vn -0.144248 0.870381 0.470775
vn -0.144248 0.870381 0.470775
vn 0.375980 0.834976 -0.401814
vn 0.375980 0.834976 -0.401814
vn 0.375980 0.834976 -0.401814
vn 0.375980 0.834976 -0.401814
vn -0.666826 -0.196623 0.718806
vn -0.666826 -0.196623 0.718806
vn -0.666826 -0.196623 0.718806
vn -0.666826 -0.196623 0.718806
vn -0.777023 -0.165610 0.607296
vn -0.777023 -0.165610 0.607296
vn -0.777023 -0.165610 0.607296
vn -0.777023 -0.165610 0.607296
vn -0.707850 -0.108342 0.698005
vn -0.707850 -0.108342 0.698005
vn -0.707850 -0.108342 0.698005
vn -0.707850 -0.108342 0.698005
vn -0.658384 -0.126245 0.742020
vn -0.658384 -0.126245 0.742020
vn -0.658384 -0.126245 0.742020
vn -0.658384 -0.126245 0.742020
vn -0.682771 -0.186335 0.706472
vn -0.682771 -0.186335 0.706472
vn -0.682771 -0.186335 0.706472
vn -0.682771 -0.186335 0.706472
vn -0.701519 -0.110115 0.704092
vn -0.701519 -0.110115 0.704092
vn -0.701519 -0.110115 0.704092
vn -0.701519 -0.110115 0.704092
vn -0.744214 -0.037157 0.666907
vn -0.744214 -0.037157 0.666907
vn -0.744214 -0.037157 0.666907
vn -0.744214 -0.037157 0.666907
vn -0.388813 -0.253983 0.885617
vn -0.388813 -0.253983 0.885617
vn -0.388813 -0.253983 0.885617
vn -0.388813 -0.253983 0.885617
vn 0.969477 -0.109247 -0.219500
vn 0.969477 -0.109247 -0.219500
vn 0.969477 -0.109247 -0.219500
vn 0.969477 -0.109247 -0.219500
vn 0.730101 -0.602201 0.322965
vn 0.730101 -0.602201 0.322965
vn 0.730101 -0.602201 0.322965
vn 0.730101 -0.602201 0.322965
vn 0.385942 -0.680977 0.622350
vn 0.385942 -0.680977 0.622350
vn 0.385942 -0.680977 0.622350
vn 0.385942 -0.680977 0.622350
vn -0.686604 0.079797 0.722639
vn -0.686604 0.079797 0.722639
vn -0.686604 0.079797 0.722639
vn -0.686604 0.079797 0.722639
vn -0.809137 0.057036 0.584846
vn -0.809137 0.057036 0.584846
vn -0.809137 0.057036 0.584846
vn -0.809137 0.057036 0.584846
vn -0.827641 0.123594 0.547480
vn -0.827641 0.123594 0.547480
vn -0.827641 0.123594 0.547480
vn -0.827641 0.123594 0.547480
vn -0.739092 0.316412 0.594665
vn -0.739092 0.316412 0.594665
vn -0.739092 0.316412 0.594665
vn -0.739092 0.316412 0.594665
vn -0.179772 0.978881 0.097335
vn -0.179772 0.978881 0.097335
vn -0.179772 0.978881 0.097335
vn -0.179772 0.978881 0.097335
vn 0.823501 0.336953 -0.456409
vn 0.823501 0.336953 -0.456409
vn 0.823501 0.336953 -0.456409
vn 0.823501 0.336953 -0.456409
vn 0.943187 0.157809 -0.292395
vn 0.943187 0.157809 -0.292395
vn 0.943187 0.157809 -0.292395
vn 0.943187 0.157809 -0.292395
vn -0.830631 0.061765 0.553386
vn -0.830631 0.061765 0.553386
vn -0.830631 0.061765 0.553386
vn -0.830631 0.061765 0.553386
vn -0.844303 0.124414 0.521223
vn -0.844303 0.124414 0.521223
vn -0.844303 0.124414 0.521223
vn -0.844303 0.124414 0.521223
vn -0.799334 -0.598870 0.049182
vn -0.799334 -0.598870 0.049182
vn -0.799334 -0.598870 0.049182
vn -0.799334 -0.598870 0.049182
vn 0.395656 -0.666298 -0.632063
vn 0.395656 -0.666298 -0.632063
vn 0.395656 -0.666298 -0.632063
vn 0.395656 -0.666298 -0.632063
vn -0.827661 0.128867 0.546234
vn -0.827661 0.128867 0.546234
vn -0.827661 0.128867 0.546234
vn -0.827661 0.128867 0.546234
vn -0.699241 0.243424 0.672165
vn -0.699241 0.243424 0.672165
vn -0.699241 0.243424 0.672165
vn -0.699241 0.243424 0.672165
vn -0.069673 0.521224 0.850571
vn -0.069673 0.521224 0.850571
vn -0.069673 0.521224 0.850571
vn -0.069673 0.521224 0.850571
vn 0.937330 0.026491 -0.347433
vn 0.937330 0.026491 -0.347433
vn 0.937330 0.026491 -0.347433
vn 0.937330 0.026491 -0.347433
vn -0.713115 -0.007843 0.701003
vn -0.713115 -0.007843 0.701003
vn -0.713115 -0.007843 0.701003
vn -0.713115 -0.007843 0.701003
vn -0.749056 0.039836 0.661308
vn -0.749056 0.039836 0.661308
vn -0.749056 0.039836 0.661308
vn -0.749056 0.039836 0.661308
vn -0.690707 0.105579 0.715386
vn -0.690707 0.105579 0.715386
vn -0.690707 0.105579 0.715386
vn -0.690707 0.105579 0.715386
vn -0.758172 -0.006456 0.652023
vn -0.758172 -0.006456 0.652023
vn -0.758172 -0.006456 0.652023
vn -0.758172 -0.006456 0.652023
vn -0.764560 0.016177 0.644350
vn -0.764560 0.016177 0.644350
vn -0.764560 0.016177 0.644350
vn -0.764560 0.016177 0.644350
vn -0.702919 0.056934 0.708988
vn -0.702919 0.056934 0.708988
vn -0.702919 0.056934 0.708988
vn -0.702919 0.056934 0.708988
vn -0.677660 0.142001 0.721535
vn -0.677660 0.142001 0.721535
vn -0.677660 0.142001 0.721535
vn -0.677660 0.142001 0.721535
vn -0.796049 0.062577 0.601988
vn -0.796049 0.062577 0.601988
vn -0.796049 0.062577 0.601988
vn -0.796049 0.062577 0.601988
vn -0.806844 0.075728 0.585891
vn -0.806844 0.075728 0.585891
vn -0.806844 0.075728 0.585891
vn -0.806844 0.075728 0.585891
vn -0.731311 -0.025621 0.681563
vn -0.731311 -0.025621 0.681563
vn -0.731311 -0.025621 0.681563
vn -0.731311 -0.025621 0.681563
vn -0.783018 0.058362 0.619255
vn -0.783018 0.058362 0.619255
vn -0.783018 0.058362 0.619255
vn -0.783018 0.058362 0.619255
vn -0.790463 0.066780 0.608858
vn -0.790463 0.066780 0.608858
vn -0.790463 0.066780 0.608858
vn -0.790463 0.066780 0.608858
vn -0.769764 0.055280 0.635931
vn -0.769764 0.055280 0.635931
vn -0.769764 0.055280 0.635931
vn -0.769764 0.055280 0.635931
vn -0.813301 0.090104 0.574824
vn -0.813301 0.090104 0.574824
vn -0.813301 0.090104 0.574824
vn -0.813301 0.090104 0.574824
vn -0.816720 0.069028 0.572890
vn -0.816720 0.069028 0.572890
vn -0.816720 0.069028 0.572890
vn -0.816720 0.069028 0.572890
vn 0.972339 -0.005047 -0.233519
vn 0.972339 -0.005047 -0.233519
vn 0.972339 -0.005047 -0.233519
vn 0.972339 -0.005047 -0.233519
vn 0.886003 -0.414761 0.207294
vn 0.886003 -0.414761 0.207294
vn 0.886003 -0.414761 0.207294
vn 0.886003 -0.414761 0.207294
vn 0.186339 -0.430321 0.883234
vn 0.186339 -0.430321 0.883234
vn 0.186339 -0.430321 0.883234
vn 0.186339 -0.430321 0.883234
vn -0.682692 0.134608 0.718201
vn -0.682692 0.134608 0.718201
vn -0.682692 0.134608 0.718201
vn -0.682692 0.134608 0.718201
vn -0.829719 0.082938 0.551985
vn -0.829719 0.082938 0.551985
vn -0.829719 0.082938 0.551985
vn -0.829719 0.082938 0.551985
vn -0.837930 0.125756 0.531092
vn -0.837930 0.125756 0.531092
vn -0.837930 0.125756 0.531092
vn -0.837930 0.125756 0.531092
vn -0.761052 0.287592 0.581456
vn -0.761052 0.287592 0.581456
vn -0.761052 0.287592 0.581456
vn -0.761052 0.287592 0.581456
vn -0.166488 0.877655 -0.449449
vn -0.166488 0.877655 -0.449449
vn -0.166488 0.877655 -0.449449
vn -0.166488 0.877655 -0.449449
vn 0.437465 0.627481 -0.644121
vn 0.437465 0.627481 -0.644121
vn 0.437465 0.627481 -0.644121
vn 0.437465 0.627481 -0.644121
vn 0.877012 0.164437 -0.451453
vn 0.877012 0.164437 -0.451453
vn 0.877012 0.164437 -0.451453
vn 0.877012 0.164437 -0.451453
vn 0.957823 0.079747 -0.276073
vn 0.957823 0.079747 -0.276073
vn 0.957823 0.079747 -0.276073
vn 0.957823 0.079747 -0.276073
vn 0.948955 0.035890 -0.313363
vn 0.948955 0.035890 -0.313363
vn 0.948955 0.035890 -0.313363
vn 0.948955 0.035890 -0.313363
vn -0.836167 0.096648 0.539892
vn -0.836167 0.096648 0.539892
vn -0.836167 0.096648 0.539892
vn -0.836167 0.096648 0.539892
vn -0.835167 0.119472 0.536863
vn -0.835167 0.119472 0.536863
vn -0.835167 0.119472 0.536863
vn -0.835167 0.119472 0.536863
vn 0.970157 -0.046128 -0.238049
vn 0.970157 -0.046128 -0.238049
vn 0.970157 -0.046128 -0.238049
vn 0.970157 -0.046128 -0.238049
vn 0.984616 -0.173488 -0.020842
vn 0.984616 -0.173488 -0.020842
vn 0.984616 -0.173488 -0.020842
vn 0.984616 -0.173488 -0.020842
vn 0.280800 -0.182674 0.942222
vn 0.280800 -0.182674 0.942222
vn 0.280800 -0.182674 0.942222
vn 0.280800 -0.182674 0.942222
vn -0.689733 0.172002 0.703337
vn -0.689733 0.172002 0.703337
vn -0.689733 0.172002 0.703337
vn -0.689733 0.172002 0.703337
vn -0.848027 0.078674 0.524080
vn -0.848027 0.078674 0.524080
vn -0.848027 0.078674 0.524080
vn -0.848027 0.078674 0.524080
vn -0.854267 0.076392 0.514191
vn -0.854267 0.076392 0.514191
vn -0.854267 0.076392 0.514191
vn -0.854267 0.076392 0.514191
vn -0.754928 0.296527 0.584941
vn -0.754928 0.296527 0.584941
vn -0.754928 0.296527 0.584941
vn -0.754928 0.296527 0.584941
vn -0.280430 0.915786 0.287568
vn -0.280430 0.915786 0.287568
vn -0.280430 0.915786 0.287568
vn -0.280430 0.915786 0.287568
vn 0.835218 0.225641 -0.501495
vn 0.835218 0.225641 -0.501495
vn 0.835218 0.225641 -0.501495
vn 0.835218 0.225641 -0.501495
vn 0.900922 0.142627 -0.409875
vn 0.900922 0.142627 -0.409875
vn 0.900922 0.142627 -0.409875
vn 0.900922 0.142627 -0.409875
vn -0.843286 0.083903 0.530876
vn -0.843286 0.083903 0.530876
vn -0.843286 0.083903 0.530876
vn -0.843286 0.083903 0.530876
vn -0.893814 -0.098551 0.437475
vn -0.893814 -0.098551 0.437475
vn -0.893814 -0.098551 0.437475
vn -0.893814 -0.098551 0.437475
vn 0.607204 -0.575469 -0.547849
vn 0.607204 -0.575469 -0.547849
vn 0.607204 -0.575469 -0.547849
vn 0.607204 -0.575469 -0.547849
vn 0.918157 0.066610 -0.390578
vn 0.918157 0.066610 -0.390578
vn 0.918157 0.066610 -0.390578
vn 0.918157 0.066610 -0.390578
vn -0.270254 0.607529 0.746908
vn -0.270254 0.607529 0.746908
vn -0.270254 0.607529 0.746908
vn -0.270254 0.607529 0.746908
vn -0.720755 0.271283 0.637901
vn -0.720755 0.271283 0.637901
vn -0.720755 0.271283 0.637901
vn -0.720755 0.271283 0.637901
vn 0.931677 0.028857 -0.362139
vn 0.931677 0.028857 -0.362139
vn 0.931677 0.028857 -0.362139
vn 0.931677 0.028857 -0.362139
vn -0.263992 0.531398 0.804938
vn -0.263992 0.531398 0.804938
vn -0.263992 0.531398 0.804938
vn -0.263992 0.531398 0.804938
vn -0.757445 0.247877 0.604015
vn -0.757445 0.247877 0.604015
vn -0.757445 0.247877 0.604015
vn -0.757445 0.247877 0.604015
vn -0.809570 0.080927 0.581419
vn -0.809570 0.080927 0.581419
vn -0.809570 0.080927 0.581419
vn -0.809570 0.080927 0.581419
vn 0.915169 0.035707 -0.401485
vn 0.915169 0.035707 -0.401485
vn 0.915169 0.035707 -0.401485
vn 0.915169 0.035707 -0.401485
vn 0.772042 0.184012 -0.608351
vn 0.772042 0.184012 -0.608351
vn 0.772042 0.184012 -0.608351
vn 0.772042 0.184012 -0.608351
vn -0.481219 0.846453 -0.227915
vn -0.481219 0.846453 -0.227915
vn -0.481219 0.846453 -0.227915
vn -0.481219 0.846453 -0.227915
vn 0.863014 0.128288 -0.488620
vn 0.863014 0.128288 -0.488620
vn 0.863014 0.128288 -0.488620
vn 0.863014 0.128288 -0.488620
vn -0.841711 -0.040663 0.538394
vn -0.841711 -0.040663 0.538394
vn -0.841711 -0.040663 0.538394
vn -0.841711 -0.040663 0.538394
vn -0.878244 0.024306 0.477595
vn -0.878244 0.024306 0.477595
vn -0.878244 0.024306 0.477595
vn -0.878244 0.024306 0.477595
vn -0.869255 0.136613 0.475112
vn -0.869255 0.136613 0.475112
vn -0.869255 0.136613 0.475112
vn -0.869255 0.136613 0.475112
vn -0.780750 0.203276 0.590854
vn -0.780750 0.203276 0.590854
vn -0.780750 0.203276 0.590854
vn -0.780750 0.203276 0.590854
vn -0.742804 0.154997 0.651320
vn -0.742804 0.154997 0.651320
vn -0.742804 0.154997 0.651320
vn -0.742804 0.154997 0.651320
vn -0.169363 0.272887 0.947021
vn -0.169363 0.272887 0.947021
vn -0.169363 0.272887 0.947021
vn -0.169363 0.272887 0.947021
vn 0.959657 -0.059685 -0.274766
vn 0.959657 -0.059685 -0.274766
vn 0.959657 -0.059685 -0.274766
vn 0.959657 -0.059685 -0.274766
vn 0.885567 0.058851 -0.460768
vn 0.885567 0.058851 -0.460768
vn 0.885567 0.058851 -0.460768
vn 0.885567 0.058851 -0.460768
vn 0.951874 0.015416 -0.306101
vn 0.951874 0.015416 -0.306101
vn 0.951874 0.015416 -0.306101
vn 0.951874 0.015416 -0.306101
vn 0.931927 -0.073828 -0.355051
vn 0.931927 -0.073828 -0.355051
vn 0.931927 -0.073828 -0.355051
vn 0.931927 -0.073828 -0.355051
vn 0.983874 -0.155426 -0.088516
vn 0.983874 -0.155426 -0.088516
vn 0.983874 -0.155426 -0.088516
vn 0.983874 -0.155426 -0.088516
vn 0.993025 -0.049630 -0.106950
vn 0.993025 -0.049630 -0.106950
vn 0.993025 -0.049630 -0.106950
vn 0.993025 -0.049630 -0.106950
vn -0.034602 0.354738 0.934325
vn -0.034602 0.354738 0.934325
vn -0.034602 0.354738 0.934325
vn -0.034602 0.354738 0.934325
vn -0.741740 0.180733 0.645878
vn -0.741740 0.180733 0.645878
vn -0.741740 0.180733 0.645878
vn -0.741740 0.180733 0.645878
vn -0.145125 0.767050 0.624959
vn -0.145125 0.767050 0.624959
vn -0.145125 0.767050 0.624959
vn -0.145125 0.767050 0.624959
vn 0.918445 0.187973 -0.348030
vn 0.918445 0.187973 -0.348030
vn 0.918445 0.187973 -0.348030
vn 0.918445 0.187973 -0.348030
vn 0.882906 0.103751 -0.457944
vn 0.882906 0.103751 -0.457944
vn 0.882906 0.103751 -0.457944
vn 0.882906 0.103751 -0.457944
vn -0.840670 0.124030 0.527154
vn -0.840670 0.124030 0.527154
vn -0.840670 0.124030 0.527154
vn -0.840670 0.124030 0.527154
vn -0.859800 -0.033396 0.509537
vn -0.859800 -0.033396 0.509537
vn -0.859800 -0.033396 0.509537
vn -0.859800 -0.033396 0.509537
vn -0.851139 0.077937 0.519123
vn -0.851139 0.077937 0.519123
vn -0.851139 0.077937 0.519123
vn -0.851139 0.077937 0.519123
vn -0.854972 0.042241 0.516951
vn -0.854972 0.042241 0.516951
vn -0.854972 0.042241 0.516951
vn -0.854972 0.042241 0.516951
vn -0.890241 0.036554 0.454021
vn -0.890241 0.036554 0.454021
vn -0.890241 0.036554 0.454021
vn -0.890241 0.036554 0.454021
vn 0.994073 0.016111 -0.107516
vn 0.994073 0.016111 -0.107516
vn 0.994073 0.016111 -0.107516
vn 0.994073 0.016111 -0.107516
vn 0.970980 -0.060406 -0.231408
vn 0.970980 -0.060406 -0.231408
vn 0.970980 -0.060406 -0.231408
vn 0.970980 -0.060406 -0.231408
vn -0.662081 0.191422 0.724573
vn -0.662081 0.191422 0.724573
vn -0.662081 0.191422 0.724573
vn -0.662081 0.191422 0.724573
vn -0.753372 0.325852 0.571184
vn -0.753372 0.325852 0.571184
vn -0.753372 0.325852 0.571184
vn -0.753372 0.325852 0.571184
vn 0.238241 0.817435 0.524443
vn 0.238241 0.817435 0.524443
vn 0.238241 0.817435 0.524443
vn 0.238241 0.817435 0.524443
vn -0.772865 0.331070 0.541361
vn -0.772865 0.331070 0.541361
vn -0.772865 0.331070 0.541361
vn -0.772865 0.331070 0.541361
vn -0.808549 -0.095089 0.580696
vn -0.808549 -0.095089 0.580696
vn -0.808549 -0.095089 0.580696
vn -0.808549 -0.095089 0.580696
vn -0.763348 -0.006874 0.645950
vn -0.763348 -0.006874 0.645950
vn -0.763348 -0.006874 0.645950
vn -0.763348 -0.006874 0.645950
vn -0.710003 -0.006349 0.704170
vn -0.710003 -0.006349 0.704170
vn -0.710003 -0.006349 0.704170
vn -0.710003 -0.006349 0.704170
vn -0.817710 -0.116988 0.563617
vn -0.817710 -0.116988 0.563617
vn -0.817710 -0.116988 0.563617
vn -0.817710 -0.116988 0.563617
vn 0.301969 -0.620739 -0.723531
vn 0.301969 -0.620739 -0.723531
vn 0.301969 -0.620739 -0.723531
vn 0.301969 -0.620739 -0.723531
vn -0.750963 0.030472 0.659641
vn -0.750963 0.030472 0.659641
vn -0.750963 0.030472 0.659641
vn -0.750963 0.030472 0.659641
vn -0.708429 -0.034675 0.704930
vn -0.708429 -0.034675 0.704930
vn -0.708429 -0.034675 0.704930
vn -0.708429 -0.034675 0.704930
vn 0.487031 0.868398 0.093200
vn 0.487031 0.868398 0.093200
vn 0.487031 0.868398 0.093200
vn 0.487031 0.868398 0.093200
vn 0.840311 -0.530856 -0.109862
vn 0.840311 -0.530856 -0.109862
vn 0.840311 -0.530856 -0.109862
vn 0.840311 -0.530856 -0.109862
vn 0.874120 0.310601 -0.373418
vn 0.874120 0.310601 -0.373418
vn 0.874120 0.310601 -0.373418
vn 0.874120 0.310601 -0.373418
vn 0.105568 0.976656 0.187076
vn 0.105568 0.976656 0.187076
vn 0.105568 0.976656 0.187076
vn 0.105568 0.976656 0.187076
vn 0.989368 0.145001 0.011214
vn 0.989368 0.145001 0.011214
vn 0.989368 0.145001 0.011214
vn 0.989368 0.145001 0.011214
vn -0.080093 0.904426 -0.419045
vn -0.080093 0.904426 -0.419045
vn -0.080093 0.904426 -0.419045
vn -0.080093 0.904426 -0.419045
vn 0.106565 -0.877942 -0.466757
vn 0.106565 -0.877942 -0.466757
vn 0.106565 -0.877942 -0.466757
vn 0.106565 -0.877942 -0.466757
vn 0.106270 -0.753934 -0.648297
vn 0.106270 -0.753934 -0.648297
vn 0.106270 -0.753934 -0.648297
vn 0.106270 -0.753934 -0.648297
vn 0.182159 -0.766055 -0.616424
vn 0.182159 -0.766055 -0.616424
vn 0.182159 -0.766055 -0.616424
vn 0.182159 -0.766055 -0.616424
vn -0.010666 -0.854084 -0.520025
vn -0.010666 -0.854084 -0.520025
vn -0.010666 -0.854084 -0.520025
vn -0.010666 -0.854084 -0.520025
vn 0.321692 -0.943458 0.080014
vn 0.321692 -0.943458 0.080014
vn 0.321692 -0.943458 0.080014
vn 0.321692 -0.943458 0.080014
vn 0.400106 -0.476053 -0.783128
vn 0.400106 -0.476053 -0.783128
vn 0.400106 -0.476053 -0.783128
vn 0.400106 -0.476053 -0.783128
vn 0.464374 -0.880973 -0.090794
vn 0.464374 -0.880973 -0.090794
vn 0.464374 -0.880973 -0.090794
vn 0.464374 -0.880973 -0.090794
vn 0.527765 -0.837512 -0.141558
vn 0.527765 -0.837512 -0.141558
vn 0.527765 -0.837512 -0.141558
vn 0.527765 -0.837512 -0.141558
vn 0.539586 -0.841910 -0.005843
vn 0.539586 -0.841910 -0.005843
vn 0.539586 -0.841910 -0.005843
vn 0.539586 -0.841910 -0.005843
vn 0.552302 -0.832502 -0.043627
vn 0.552302 -0.832502 -0.043627
vn 0.552302 -0.832502 -0.043627
vn 0.552302 -0.832502 -0.043627
vn 0.513773 -0.854851 0.072574
vn 0.513773 -0.854851 0.072574
vn 0.513773 -0.854851 0.072574
vn 0.513773 -0.854851 0.072574
vn 0.521400 -0.852433 0.038733
vn 0.521400 -0.852433 0.038733
vn 0.521400 -0.852433 0.038733
vn 0.521400 -0.852433 0.038733
vn 0.485964 -0.869590 0.087475
vn 0.485964 -0.869590 0.087475
vn 0.485964 -0.869590 0.087475
vn 0.485964 -0.869590 0.087475
vn 0.435917 -0.899001 0.042121
vn 0.435917 -0.899001 0.042121
vn 0.435917 -0.899001 0.042121
vn 0.435917 -0.899001 0.042121
vn 0.334279 -0.934975 -0.118660
vn 0.334279 -0.934975 -0.118660
vn 0.334279 -0.934975 -0.118660
vn 0.334279 -0.934975 -0.118660
vn 0.678727 -0.715761 0.164364
vn 0.678727 -0.715761 0.164364
vn 0.678727 -0.715761 0.164364
vn 0.678727 -0.715761 0.164364
vn 0.075580 -0.893468 -0.442722
vn 0.075580 -0.893468 -0.442722
vn 0.075580 -0.893468 -0.442722
vn 0.075580 -0.893468 -0.442722
vn 0.195491 -0.808547 0.555009
vn 0.195491 -0.808547 0.555009
vn 0.195491 -0.808547 0.555009
vn 0.195491 -0.808547 0.555009
vn 0.068367 -0.885895 -0.458820
vn 0.068367 -0.885895 -0.458820
vn 0.068367 -0.885895 -0.458820
vn 0.068367 -0.885895 -0.458820
vn -0.071012 -0.923563 -0.376815
vn -0.071012 -0.923563 -0.376815
vn -0.071012 -0.923563 -0.376815
vn -0.071012 -0.923563 -0.376815
vn 0.001822 -0.713908 0.700237
vn 0.001822 -0.713908 0.700237
vn 0.001822 -0.713908 0.700237
vn 0.001822 -0.713908 0.700237
vn -0.048101 -0.560666 -0.826644
vn -0.048101 -0.560666 -0.826644
vn -0.048101 -0.560666 -0.826644
vn -0.048101 -0.560666 -0.826644
vn -0.046992 -0.992835 -0.109867
vn -0.046992 -0.992835 -0.109867
vn -0.046992 -0.992835 -0.109867
vn -0.046992 -0.992835 -0.109867
vn -0.088687 -0.808253 0.582119
vn -0.088687 -0.808253 0.582119
vn -0.088687 -0.808253 0.582119
vn -0.088687 -0.808253 0.582119
vn 0.016058 -0.746445 -0.665253
vn 0.016058 -0.746445 -0.665253
vn 0.016058 -0.746445 -0.665253
vn 0.016058 -0.746445 -0.665253
vn -0.004338 -0.627830 0.778338
vn -0.004338 -0.627830 0.778338
vn -0.004338 -0.627830 0.778338
vn -0.004338 -0.627830 0.778338
vn -0.042085 -0.425465 -0.903996
vn -0.042085 -0.425465 -0.903996
vn -0.042085 -0.425465 -0.903996
vn -0.042085 -0.425465 -0.903996
vn -0.005924 -0.993643 0.112425
vn -0.005924 -0.993643 0.112425
vn -0.005924 -0.993643 0.112425
vn -0.005924 -0.993643 0.112425
vn -0.225654 -0.913795 0.337726
vn -0.225654 -0.913795 0.337726
vn -0.225654 -0.913795 0.337726
vn -0.225654 -0.913795 0.337726
vn 0.440301 -0.897387 0.028843
vn 0.440301 -0.897387 0.028843
vn 0.440301 -0.897387 0.028843
vn 0.440301 -0.897387 0.028843
vn 0.263900 -0.857428 -0.441784
vn 0.263900 -0.857428 -0.441784
vn 0.263900 -0.857428 -0.441784
vn 0.263900 -0.857428 -0.441784
vn 0.137243 -0.966945 0.214897
vn 0.137243 -0.966945 0.214897
vn 0.137243 -0.966945 0.214897
vn 0.137243 -0.966945 0.214897
vn 0.336983 -0.818724 -0.464902
vn 0.336983 -0.818724 -0.464902
vn 0.336983 -0.818724 -0.464902
vn 0.336983 -0.818724 -0.464902
vn 0.234383 -0.902245 -0.361966
vn 0.234383 -0.902245 -0.361966
vn 0.234383 -0.902245 -0.361966
vn 0.234383 -0.902245 -0.361966
vn -0.029752 -0.758046 0.651522
vn -0.029752 -0.758046 0.651522
vn -0.029752 -0.758046 0.651522
vn -0.029752 -0.758046 0.651522
vn 0.188640 -0.508228 -0.840309
vn 0.188640 -0.508228 -0.840309
vn 0.188640 -0.508228 -0.840309
vn 0.188640 -0.508228 -0.840309
vn 0.097101 -0.988250 -0.118041
vn 0.097101 -0.988250 -0.118041
vn 0.097101 -0.988250 -0.118041
vn 0.097101 -0.988250 -0.118041
vn -0.008808 -0.939766 0.341706
vn -0.008808 -0.939766 0.341706
vn -0.008808 -0.939766 0.341706
vn -0.008808 -0.939766 0.341706
vn 0.183519 -0.889306 -0.418875
vn 0.183519 -0.889306 -0.418875
vn 0.183519 -0.889306 -0.418875
vn 0.183519 -0.889306 -0.418875
vn 0.080499 -0.933918 0.348306
vn 0.080499 -0.933918 0.348306
vn 0.080499 -0.933918 0.348306
vn 0.080499 -0.933918 0.348306
vn 0.227793 -0.914411 -0.334610
vn 0.227793 -0.914411 -0.334610
vn 0.227793 -0.914411 -0.334610
vn 0.227793 -0.914411 -0.334610
vn 0.252482 -0.961284 0.110388
vn 0.252482 -0.961284 0.110388
vn 0.252482 -0.961284 0.110388
vn 0.252482 -0.961284 0.110388
vn 0.412788 -0.877479 0.244205
vn 0.412788 -0.877479 0.244205
vn 0.412788 -0.877479 0.244205
vn 0.412788 -0.877479 0.244205
vn -0.126835 -0.934254 -0.333291
vn -0.126835 -0.934254 -0.333291
vn -0.126835 -0.934254 -0.333291
vn -0.126835 -0.934254 -0.333291
vn 0.021198 -0.977184 0.211334
vn 0.021198 -0.977184 0.211334
vn 0.021198 -0.977184 0.211334
vn 0.021198 -0.977184 0.211334
vn 0.268245 -0.945170 -0.186272
vn 0.268245 -0.945170 -0.186272
vn 0.268245 -0.945170 -0.186272
vn 0.268245 -0.945170 -0.186272
vn 0.476742 -0.705023 -0.525032
vn 0.476742 -0.705023 -0.525032
vn 0.476742 -0.705023 -0.525032
vn 0.476742 -0.705023 -0.525032
vn 0.549877 -0.762105 -0.341807
vn 0.549877 -0.762105 -0.341807
vn 0.549877 -0.762105 -0.341807
vn 0.549877 -0.762105 -0.341807
vn 0.502923 -0.863971 -0.024960
vn 0.502923 -0.863971 -0.024960
vn 0.502923 -0.863971 -0.024960
vn 0.502923 -0.863971 -0.024960
vn 0.502424 -0.827252 -0.251446
vn 0.502424 -0.827252 -0.251446
vn 0.502424 -0.827252 -0.251446
vn 0.502424 -0.827252 -0.251446
vn 0.581123 -0.812055 -0.053513
vn 0.581123 -0.812055 -0.053513
vn 0.581123 -0.812055 -0.053513
vn 0.581123 -0.812055 -0.053513
vn 0.539599 -0.841921 0.001389
vn 0.539599 -0.841921 0.001389
vn 0.539599 -0.841921 0.001389
vn 0.539599 -0.841921 0.001389
vn 0.535448 -0.843769 0.036742
vn 0.535448 -0.843769 0.036742
vn 0.535448 -0.843769 0.036742
vn 0.535448 -0.843769 0.036742
vn 0.442630 -0.896428 0.022272
vn 0.442630 -0.896428 0.022272
vn 0.442630 -0.896428 0.022272
vn 0.442630 -0.896428 0.022272
vn 0.435409 -0.893959 0.106092
vn 0.435409 -0.893959 0.106092
vn 0.435409 -0.893959 0.106092
vn 0.435409 -0.893959 0.106092
vn 0.395612 -0.911686 0.110993
vn 0.395612 -0.911686 0.110993
vn 0.395612 -0.911686 0.110993
vn 0.395612 -0.911686 0.110993
vn 0.395209 -0.472248 0.787903
vn 0.395209 -0.472248 0.787903
vn 0.395209 -0.472248 0.787903
vn 0.395209 -0.472248 0.787903
vn 0.244133 -0.968130 0.055892
vn 0.244133 -0.968130 0.055892
vn 0.244133 -0.968130 0.055892
vn 0.244133 -0.968130 0.055892
vn 0.111139 -0.970857 -0.212331
vn 0.111139 -0.970857 -0.212331
vn 0.111139 -0.970857 -0.212331
vn 0.111139 -0.970857 -0.212331
vn 0.417430 -0.862225 0.286913
vn 0.417430 -0.862225 0.286913
vn 0.417430 -0.862225 0.286913
vn 0.417430 -0.862225 0.286913
vn 0.250109 -0.945000 0.210761
vn 0.250109 -0.945000 0.210761
vn 0.250109 -0.945000 0.210761
vn 0.250109 -0.945000 0.210761
vn 0.899251 -0.237278 0.367486
vn 0.899251 -0.237278 0.367486
vn 0.899251 -0.237278 0.367486
vn 0.899251 -0.237278 0.367486
vn 0.823832 -0.128620 0.552049
vn 0.823832 -0.128620 0.552049
vn 0.823832 -0.128620 0.552049
vn 0.823832 -0.128620 0.552049
vn 0.485479 -0.869964 0.086447
vn 0.485479 -0.869964 0.086447
vn 0.485479 -0.869964 0.086447
vn 0.485479 -0.869964 0.086447
vn -0.026247 -0.984664 0.172478
vn -0.026247 -0.984664 0.172478
vn -0.026247 -0.984664 0.172478
vn -0.026247 -0.984664 0.172478
vn 0.241804 -0.945566 0.217797
vn 0.241804 -0.945566 0.217797
vn 0.241804 -0.945566 0.217797
vn 0.241804 -0.945566 0.217797
vn 0.190169 -0.981546 -0.020060
vn 0.190169 -0.981546 -0.020060
vn 0.190169 -0.981546 -0.020060
vn 0.190169 -0.981546 -0.020060
vn -0.364792 -0.901413 0.233198
vn -0.364792 -0.901413 0.233198
vn -0.364792 -0.901413 0.233198
vn -0.364792 -0.901413 0.233198
vn -0.020189 -0.996259 0.084026
vn -0.020189 -0.996259 0.084026
vn -0.020189 -0.996259 0.084026
vn -0.020189 -0.996259 0.084026
vn 0.212737 -0.957835 0.193118
vn 0.212737 -0.957835 0.193118
vn 0.212737 -0.957835 0.193118
vn 0.212737 -0.957835 0.193118
vn 0.347380 -0.879130 0.326280
vn 0.347380 -0.879130 0.326280
vn 0.347380 -0.879130 0.326280
vn 0.347380 -0.879130 0.326280
vn 0.533308 -0.830808 0.159188
vn 0.533308 -0.830808 0.159188
vn 0.533308 -0.830808 0.159188
vn 0.533308 -0.830808 0.159188
vn 0.530542 -0.846936 0.035000
vn 0.530542 -0.846936 0.035000
vn 0.530542 -0.846936 0.035000
vn 0.530542 -0.846936 0.035000
vn 0.524016 -0.847879 0.080673
vn 0.524016 -0.847879 0.080673
vn 0.524016 -0.847879 0.080673
vn 0.524016 -0.847879 0.080673
vn 0.155300 -0.984536 0.081064
vn 0.155300 -0.984536 0.081064
vn 0.155300 -0.984536 0.081064
vn 0.155300 -0.984536 0.081064
vn -0.003976 -0.999981 -0.004761
vn -0.003976 -0.999981 -0.004761
vn -0.003976 -0.999981 -0.004761
vn -0.003976 -0.999981 -0.004761
vn -0.029030 -0.999505 -0.012137
vn -0.029030 -0.999505 -0.012137
vn -0.029030 -0.999505 -0.012137
vn -0.029030 -0.999505 -0.012137
vn 0.127584 -0.991775 0.010233
vn 0.127584 -0.991775 0.010233
vn 0.127584 -0.991775 0.010233
vn 0.127584 -0.991775 0.010233
vn 0.544292 -0.838038 0.037915
vn 0.544292 -0.838038 0.037915
vn 0.544292 -0.838038 0.037915
vn 0.544292 -0.838038 0.037915
vn 0.489697 -0.869944 0.058259
vn 0.489697 -0.869944 0.058259
vn 0.489697 -0.869944 0.058259
vn 0.489697 -0.869944 0.058259
vn 0.509356 -0.860556 0.000057
vn 0.509356 -0.860556 0.000057
vn 0.509356 -0.860556 0.000057
vn 0.509356 -0.860556 0.000057
vn 0.552522 -0.827799 0.097302
vn 0.552522 -0.827799 0.097302
vn 0.552522 -0.827799 0.097302
vn 0.552522 -0.827799 0.097302
vn 0.088587 -0.993586 0.070284
vn 0.088587 -0.993586 0.070284
vn 0.088587 -0.993586 0.070284
vn 0.088587 -0.993586 0.070284
vn -0.055568 -0.997782 0.036644
vn -0.055568 -0.997782 0.036644
vn -0.055568 -0.997782 0.036644
vn -0.055568 -0.997782 0.036644
vn -0.036966 -0.992079 -0.120053
vn -0.036966 -0.992079 -0.120053
vn -0.036966 -0.992079 -0.120053
vn -0.036966 -0.992079 -0.120053
vn 0.103077 -0.985781 -0.132707
vn 0.103077 -0.985781 -0.132707
vn 0.103077 -0.985781 -0.132707
vn 0.103077 -0.985781 -0.132707
vn 0.560781 -0.820697 -0.109454
vn 0.560781 -0.820697 -0.109454
vn 0.560781 -0.820697 -0.109454
vn 0.560781 -0.820697 -0.109454
vn 0.625442 -0.771482 -0.116784
vn 0.625442 -0.771482 -0.116784
vn 0.625442 -0.771482 -0.116784
vn 0.625442 -0.771482 -0.116784
vn 0.660637 -0.720854 -0.209591
vn 0.660637 -0.720854 -0.209591
vn 0.660637 -0.720854 -0.209591
vn 0.660637 -0.720854 -0.209591
vn 0.553792 -0.779041 -0.293954
vn 0.553792 -0.779041 -0.293954
vn 0.553792 -0.779041 -0.293954
vn 0.553792 -0.779041 -0.293954
vn 0.110946 -0.959410 -0.259274
vn 0.110946 -0.959410 -0.259274
vn 0.110946 -0.959410 -0.259274
vn 0.110946 -0.959410 -0.259274
vn -0.061068 -0.976222 -0.207995
vn -0.061068 -0.976222 -0.207995
vn -0.061068 -0.976222 -0.207995
vn -0.061068 -0.976222 -0.207995
vn 0.193960 -0.975408 0.104684
vn 0.193960 -0.975408 0.104684
vn 0.193960 -0.975408 0.104684
vn 0.193960 -0.975408 0.104684
vn -0.149676 -0.688515 -0.709609
vn -0.149676 -0.688515 -0.709609
vn -0.149676 -0.688515 -0.709609
vn -0.149676 -0.688515 -0.709609
vn 0.272173 -0.787250 0.553317
vn 0.272173 -0.787250 0.553317
vn 0.272173 -0.787250 0.553317
vn 0.272173 -0.787250 0.553317
vn 0.072860 -0.997049 0.024169
vn 0.072860 -0.997049 0.024169
vn 0.072860 -0.997049 0.024169
vn 0.072860 -0.997049 0.024169
vn 0.032250 -0.999477 -0.002382
vn 0.032250 -0.999477 -0.002382
vn 0.032250 -0.999477 -0.002382
vn 0.032250 -0.999477 -0.002382
vn -0.117887 -0.720300 -0.683572
vn -0.117887 -0.720300 -0.683572
vn -0.117887 -0.720300 -0.683572
vn -0.117887 -0.720300 -0.683572
vn 0.136359 -0.799279 0.585285
vn 0.136359 -0.799279 0.585285
vn 0.136359 -0.799279 0.585285
vn 0.136359 -0.799279 0.585285
vn 0.015452 -0.998516 0.052218
vn 0.015452 -0.998516 0.052218
vn 0.015452 -0.998516 0.052218
vn 0.015452 -0.998516 0.052218
vn 0.006868 -0.992399 -0.122875
vn 0.006868 -0.992399 -0.122875
vn 0.006868 -0.992399 -0.122875
vn 0.006868 -0.992399 -0.122875
vn 0.013453 -0.992521 -0.121333
vn 0.013453 -0.992521 -0.121333
vn 0.013453 -0.992521 -0.121333
vn 0.013453 -0.992521 -0.121333
vn -0.152278 -0.493990 -0.856029
vn -0.152278 -0.493990 -0.856029
vn -0.152278 -0.493990 -0.856029
vn -0.152278 -0.493990 -0.856029
vn 0.160647 -0.733120 0.660854
vn 0.160647 -0.733120 0.660854
vn 0.160647 -0.733120 0.660854
vn 0.160647 -0.733120 0.660854
vn 0.054260 -0.970128 -0.236449
vn 0.054260 -0.970128 -0.236449
vn 0.054260 -0.970128 -0.236449
vn 0.054260 -0.970128 -0.236449
vn 0.113439 -0.938093 -0.327281
vn 0.113439 -0.938093 -0.327281
vn 0.113439 -0.938093 -0.327281
vn 0.113439 -0.938093 -0.327281
vn -0.086925 -0.908405 0.408955
vn -0.086925 -0.908405 0.408955
vn -0.086925 -0.908405 0.408955
vn -0.086925 -0.908405 0.408955
vn 0.177248 -0.971259 0.158869
vn 0.177248 -0.971259 0.158869
vn 0.177248 -0.971259 0.158869
vn 0.177248 -0.971259 0.158869
vn 0.212592 -0.953911 0.211799
vn 0.212592 -0.953911 0.211799
vn 0.212592 -0.953911 0.211799
vn 0.212592 -0.953911 0.211799
vn 0.225773 -0.961465 0.156878
vn 0.225773 -0.961465 0.156878
vn 0.225773 -0.961465 0.156878
vn 0.225773 -0.961465 0.156878
vn 0.292838 -0.926237 -0.237340
vn 0.292838 -0.926237 -0.237340
vn 0.292838 -0.926237 -0.237340
vn 0.292838 -0.926237 -0.237340
vn 0.378439 -0.747068 -0.546510
vn 0.378439 -0.747068 -0.546510
vn 0.378439 -0.747068 -0.546510
vn 0.378439 -0.747068 -0.546510
vn -0.041563 -0.598015 -0.800407
vn -0.041563 -0.598015 -0.800407
vn -0.041563 -0.598015 -0.800407
vn -0.041563 -0.598015 -0.800407
vn 0.261716 -0.941157 -0.213840
vn 0.261716 -0.941157 -0.213840
vn 0.261716 -0.941157 -0.213840
vn 0.261716 -0.941157 -0.213840
vn 0.284155 -0.945118 -0.161267
vn 0.284155 -0.945118 -0.161267
vn 0.284155 -0.945118 -0.161267
vn 0.284155 -0.945118 -0.161267
vn 0.097053 -0.977929 -0.185031
vn 0.097053 -0.977929 -0.185031
vn 0.097053 -0.977929 -0.185031
vn 0.097053 -0.977929 -0.185031
vn -0.013627 -0.890157 -0.455449
vn -0.013627 -0.890157 -0.455449
vn -0.013627 -0.890157 -0.455449
vn -0.013627 -0.890157 -0.455449
vn -0.018491 -0.907648 -0.419325
vn -0.018491 -0.907648 -0.419325
vn -0.018491 -0.907648 -0.419325
vn -0.018491 -0.907648 -0.419325
vn -0.041214 -0.982383 -0.182280
vn -0.041214 -0.982383 -0.182280
vn -0.041214 -0.982383 -0.182280
vn -0.041214 -0.982383 -0.182280
vn -0.126406 -0.686462 0.716095
vn -0.126406 -0.686462 0.716095
vn -0.126406 -0.686462 0.716095
vn -0.126406 -0.686462 0.716095
vn -0.006277 -0.583850 -0.811838
vn -0.006277 -0.583850 -0.811838
vn -0.006277 -0.583850 -0.811838
vn -0.006277 -0.583850 -0.811838
vn -0.084782 -0.882553 -0.462506
vn -0.084782 -0.882553 -0.462506
vn -0.084782 -0.882553 -0.462506
vn -0.084782 -0.882553 -0.462506
vn 0.368007 0.928521 0.049193
vn 0.368007 0.928521 0.049193
vn 0.368007 0.928521 0.049193
vn 0.368007 0.928521 0.049193
vn 0.675826 0.723920 0.138562
vn 0.675826 0.723920 0.138562
vn 0.675826 0.723920 0.138562
vn 0.675826 0.723920 0.138562
vn 0.118646 0.980618 -0.155924
vn 0.118646 0.980618 -0.155924
vn 0.118646 0.980618 -0.155924
vn 0.118646 0.980618 -0.155924
vn 0.721481 0.684515 -0.104423
vn 0.721481 0.684515 -0.104423
vn 0.721481 0.684515 -0.104423
vn 0.721481 0.684515 -0.104423
vn 0.097075 0.944167 -0.314842
vn 0.097075 0.944167 -0.314842
vn 0.097075 0.944167 -0.314842
vn 0.097075 0.944167 -0.314842
vn 0.253235 -0.796022 0.549747
vn 0.253235 -0.796022 0.549747
vn 0.253235 -0.796022 0.549747
vn 0.253235 -0.796022 0.549747
vn 0.908539 -0.406031 0.098466
vn 0.908539 -0.406031 0.098466
vn 0.908539 -0.406031 0.098466
vn 0.908539 -0.406031 0.098466
vn 0.028128 -0.992062 -0.122564
vn 0.028128 -0.992062 -0.122564
vn 0.028128 -0.992062 -0.122564
vn 0.028128 -0.992062 -0.122564
vn 0.179439 -0.974096 -0.137621
vn 0.179439 -0.974096 -0.137621
vn 0.179439 -0.974096 -0.137621
vn 0.179439 -0.974096 -0.137621
vn 0.075284 -0.985383 -0.152817
vn 0.075284 -0.985383 -0.152817
vn 0.075284 -0.985383 -0.152817
vn 0.075284 -0.985383 -0.152817
vn 0.196239 -0.978988 -0.055438
vn 0.196239 -0.978988 -0.055438
vn 0.196239 -0.978988 -0.055438
vn 0.196239 -0.978988 -0.055438
vn 0.039155 -0.997775 -0.053970
vn 0.039155 -0.997775 -0.053970
vn 0.039155 -0.997775 -0.053970
vn 0.039155 -0.997775 -0.053970
vn 0.307593 -0.939231 -0.152418
vn 0.307593 -0.939231 -0.152418
vn 0.307593 -0.939231 -0.152418
vn 0.307593 -0.939231 -0.152418
vn 0.991999 0.056109 -0.113096
vn 0.991999 0.056109 -0.113096
vn 0.991999 0.056109 -0.113096
vn 0.991999 0.056109 -0.113096
vn 0.941132 -0.181857 -0.284954
vn 0.941132 -0.181857 -0.284954
vn 0.941132 -0.181857 -0.284954
vn 0.941132 -0.181857 -0.284954
vn 0.714087 -0.408712 -0.568361
vn 0.714087 -0.408712 -0.568361
vn 0.714087 -0.408712 -0.568361
vn 0.714087 -0.408712 -0.568361
vn 0.149656 -0.966472 -0.208650
vn 0.149656 -0.966472 -0.208650
vn 0.149656 -0.966472 -0.208650
vn 0.149656 -0.966472 -0.208650
vn 0.206145 0.643150 -0.737470
vn 0.206145 0.643150 -0.737470
vn 0.206145 0.643150 -0.737470
vn 0.206145 0.643150 -0.737470
vn 0.829477 -0.401126 -0.388673
vn 0.829477 -0.401126 -0.388673
vn 0.829477 -0.401126 -0.388673
vn 0.829477 -0.401126 -0.388673
vn 0.142592 0.955176 -0.259433
vn 0.142592 0.955176 -0.259433
vn 0.142592 0.955176 -0.259433
vn 0.142592 0.955176 -0.259433
vn 0.752694 0.598028 -0.275345
vn 0.752694 0.598028 -0.275345
vn 0.752694 0.598028 -0.275345
vn 0.752694 0.598028 -0.275345
vn 0.931126 -0.155720 -0.329782
vn 0.931126 -0.155720 -0.329782
vn 0.931126 -0.155720 -0.329782
vn 0.931126 -0.155720 -0.329782
vn 0.532418 -0.707869 -0.464169
vn 0.532418 -0.707869 -0.464169
vn 0.532418 -0.707869 -0.464169
vn 0.532418 -0.707869 -0.464169
vn 0.316024 -0.945654 -0.076599
vn 0.316024 -0.945654 -0.076599
vn 0.316024 -0.945654 -0.076599
vn 0.316024 -0.945654 -0.076599
vn 0.186310 -0.981993 -0.031267
vn 0.186310 -0.981993 -0.031267
vn 0.186310 -0.981993 -0.031267
vn 0.186310 -0.981993 -0.031267
vn 0.042938 -0.998585 -0.031387
vn 0.042938 -0.998585 -0.031387
vn 0.042938 -0.998585 -0.031387
vn 0.042938 -0.998585 -0.031387
vn 0.259197 0.056365 -0.964178
vn 0.259197 0.056365 -0.964178
vn 0.259197 0.056365 -0.964178
vn 0.259197 0.056365 -0.964178
vn 0.200333 -0.967078 -0.156929
vn 0.200333 -0.967078 -0.156929
vn 0.200333 -0.967078 -0.156929
vn 0.200333 -0.967078 -0.156929
vn 0.126695 -0.977457 -0.168895
vn 0.126695 -0.977457 -0.168895
vn 0.126695 -0.977457 -0.168895
vn 0.126695 -0.977457 -0.168895
vn 0.036737 -0.981614 -0.187310
vn 0.036737 -0.981614 -0.187310
vn 0.036737 -0.981614 -0.187310
vn 0.036737 -0.981614 -0.187310
vn 0.983539 0.090028 -0.156669
vn 0.983539 0.090028 -0.156669
vn 0.983539 0.090028 -0.156669
vn 0.983539 0.090028 -0.156669
vn 0.992419 0.090187 -0.083493
vn 0.992419 0.090187 -0.083493
vn 0.992419 0.090187 -0.083493
vn 0.992419 0.090187 -0.083493
vn 0.194945 -0.834638 -0.515146
vn 0.194945 -0.834638 -0.515146
vn 0.194945 -0.834638 -0.515146
vn 0.194945 -0.834638 -0.515146
vn 0.068994 -0.882220 -0.465755
vn 0.068994 -0.882220 -0.465755
vn 0.068994 -0.882220 -0.465755
vn 0.068994 -0.882220 -0.465755
vn 0.035109 -0.890919 -0.452803
vn 0.035109 -0.890919 -0.452803
vn 0.035109 -0.890919 -0.452803
vn 0.035109 -0.890919 -0.452803
vn 0.986092 0.008719 -0.165971
vn 0.986092 0.008719 -0.165971
vn 0.986092 0.008719 -0.165971
vn 0.986092 0.008719 -0.165971
vn 0.968574 -0.033861 -0.246412
vn 0.968574 -0.033861 -0.246412
vn 0.968574 -0.033861 -0.246412
vn 0.968574 -0.033861 -0.246412
vn 0.884240 -0.175193 -0.432929
vn 0.884240 -0.175193 -0.432929
vn 0.884240 -0.175193 -0.432929
vn 0.884240 -0.175193 -0.432929
vn 0.794807 -0.186122 -0.577616
vn 0.794807 -0.186122 -0.577616
vn 0.794807 -0.186122 -0.577616
vn 0.794807 -0.186122 -0.577616
vn 0.735200 -0.325571 -0.594546
vn 0.735200 -0.325571 -0.594546
vn 0.735200 -0.325571 -0.594546
vn 0.735200 -0.325571 -0.594546
vn 0.904817 0.184565 -0.383721
vn 0.904817 0.184565 -0.383721
vn 0.904817 0.184565 -0.383721
vn 0.904817 0.184565 -0.383721
vn 0.924116 0.130694 -0.359066
vn 0.924116 0.130694 -0.359066
vn 0.924116 0.130694 -0.359066
vn 0.924116 0.130694 -0.359066
vn 0.706224 -0.039434 -0.706889
vn 0.706224 -0.039434 -0.706889
vn 0.706224 -0.039434 -0.706889
vn 0.706224 -0.039434 -0.706889
vn 0.539961 0.064136 -0.839243
vn 0.539961 0.064136 -0.839243
vn 0.539961 0.064136 -0.839243
vn 0.539961 0.064136 -0.839243
vn 0.987113 0.047513 -0.152810
vn 0.987113 0.047513 -0.152810
vn 0.987113 0.047513 -0.152810
vn 0.987113 0.047513 -0.152810
vn 0.985004 0.078534 -0.153621
vn 0.985004 0.078534 -0.153621
vn 0.985004 0.078534 -0.153621
vn 0.985004 0.078534 -0.153621
vn 0.716243 0.683551 -0.140549
vn 0.716243 0.683551 -0.140549
vn 0.716243 0.683551 -0.140549
vn 0.716243 0.683551 -0.140549
vn 0.126256 0.967229 -0.220291
vn 0.126256 0.967229 -0.220291
vn 0.126256 0.967229 -0.220291
vn 0.126256 0.967229 -0.220291
vn 0.162212 -0.941884 0.294181
vn 0.162212 -0.941884 0.294181
vn 0.162212 -0.941884 0.294181
vn 0.162212 -0.941884 0.294181
vn 0.988957 0.120269 -0.086604
vn 0.988957 0.120269 -0.086604
vn 0.988957 0.120269 -0.086604
vn 0.988957 0.120269 -0.086604
vn 0.703910 0.710174 0.012767
vn 0.703910 0.710174 0.012767
vn 0.703910 0.710174 0.012767
vn 0.703910 0.710174 0.012767
vn 0.181422 0.983288 0.015188
vn 0.181422 0.983288 0.015188
vn 0.181422 0.983288 0.015188
vn 0.181422 0.983288 0.015188
vn 0.991675 0.055087 -0.116386
vn 0.991675 0.055087 -0.116386
vn 0.991675 0.055087 -0.116386
vn 0.991675 0.055087 -0.116386
vn 0.331429 -0.943110 -0.026440
vn 0.331429 -0.943110 -0.026440
vn 0.331429 -0.943110 -0.026440
vn 0.331429 -0.943110 -0.026440
vn 0.995641 -0.052985 -0.076761
vn 0.995641 -0.052985 -0.076761
vn 0.995641 -0.052985 -0.076761
vn 0.995641 -0.052985 -0.076761
vn 0.995186 0.051265 -0.083522
vn 0.995186 0.051265 -0.083522
vn 0.995186 0.051265 -0.083522
vn 0.995186 0.051265 -0.083522
vn 0.643317 0.745318 0.175056
vn 0.643317 0.745318 0.175056
vn 0.643317 0.745318 0.175056
vn 0.643317 0.745318 0.175056
vn 0.261015 0.950676 0.167590
vn 0.261015 0.950676 0.167590
vn 0.261015 0.950676 0.167590
vn 0.261015 0.950676 0.167590
vn 0.521106 -0.850706 0.068901
vn 0.521106 -0.850706 0.068901
vn 0.521106 -0.850706 0.068901
vn 0.521106 -0.850706 0.068901
vn 0.272015 -0.943464 0.189427
vn 0.272015 -0.943464 0.189427
vn 0.272015 -0.943464 0.189427
vn 0.272015 -0.943464 0.189427
vn 0.120371 -0.968566 0.217694
vn 0.120371 -0.968566 0.217694
vn 0.120371 -0.968566 0.217694
vn 0.120371 -0.968566 0.217694
vn 0.893216 0.210587 -0.397262
vn 0.893216 0.210587 -0.397262
vn 0.893216 0.210587 -0.397262
vn 0.893216 0.210587 -0.397262
vn 0.869403 0.115524 -0.480408
vn 0.869403 0.115524 -0.480408
vn 0.869403 0.115524 -0.480408
vn 0.869403 0.115524 -0.480408
vn 0.852313 0.303594 -0.425902
vn 0.852313 0.303594 -0.425902
vn 0.852313 0.303594 -0.425902
vn 0.852313 0.303594 -0.425902
vn 0.182354 0.765779 -0.616709
vn 0.182354 0.765779 -0.616709
vn 0.182354 0.765779 -0.616709
vn 0.182354 0.765779 -0.616709
vn 0.823338 0.383178 -0.418676
vn 0.823338 0.383178 -0.418676
vn 0.823338 0.383178 -0.418676
vn 0.823338 0.383178 -0.418676
vn 0.130740 0.948027 -0.290091
vn 0.130740 0.948027 -0.290091
vn 0.130740 0.948027 -0.290091
vn 0.130740 0.948027 -0.290091
vn 0.741915 0.650564 0.162263
vn 0.741915 0.650564 0.162263
vn 0.741915 0.650564 0.162263
vn 0.741915 0.650564 0.162263
vn 0.497940 0.428942 -0.753700
vn 0.497940 0.428942 -0.753700
vn 0.497940 0.428942 -0.753700
vn 0.497940 0.428942 -0.753700
vn 0.509630 0.107404 -0.853664
vn 0.509630 0.107404 -0.853664
vn 0.509630 0.107404 -0.853664
vn 0.509630 0.107404 -0.853664
vn 0.976370 0.029073 -0.214142
vn 0.976370 0.029073 -0.214142
vn 0.976370 0.029073 -0.214142
vn 0.976370 0.029073 -0.214142
vn 0.858942 0.128963 -0.495567
vn 0.858942 0.128963 -0.495567
vn 0.858942 0.128963 -0.495567
vn 0.858942 0.128963 -0.495567
vn 0.793228 -0.391155 -0.466676
vn 0.793228 -0.391155 -0.466676
vn 0.793228 -0.391155 -0.466676
vn 0.793228 -0.391155 -0.466676
vn 0.789220 0.233163 -0.568126
vn 0.789220 0.233163 -0.568126
vn 0.789220 0.233163 -0.568126
vn 0.789220 0.233163 -0.568126
vn 0.595716 0.429294 -0.678844
vn 0.595716 0.429294 -0.678844
vn 0.595716 0.429294 -0.678844
vn 0.595716 0.429294 -0.678844
vn 0.389216 0.246420 -0.887574
vn 0.389216 0.246420 -0.887574
vn 0.389216 0.246420 -0.887574
vn 0.389216 0.246420 -0.887574
vn 0.951183 -0.217534 -0.218930
vn 0.951183 -0.217534 -0.218930
vn 0.951183 -0.217534 -0.218930
vn 0.951183 -0.217534 -0.218930
vn 0.955118 -0.288959 -0.065211
vn 0.955118 -0.288959 -0.065211
vn 0.955118 -0.288959 -0.065211
vn 0.955118 -0.288959 -0.065211
vn 0.576863 0.293684 -0.762220
vn 0.576863 0.293684 -0.762220
vn 0.576863 0.293684 -0.762220
vn 0.576863 0.293684 -0.762220
vn -0.849869 0.443243 -0.285058
vn -0.849869 0.443243 -0.285058
vn -0.849869 0.443243 -0.285058
vn -0.849869 0.443243 -0.285058
vn -0.925830 -0.096758 -0.365345
vn -0.925830 -0.096758 -0.365345
vn -0.925830 -0.096758 -0.365345
vn -0.925830 -0.096758 -0.365345
vn -0.959454 -0.281725 -0.008900
vn -0.959454 -0.281725 -0.008900
vn -0.959454 -0.281725 -0.008900
vn -0.959454 -0.281725 -0.008900
vn -0.062002 -0.435543 0.898030
vn -0.062002 -0.435543 0.898030
vn -0.062002 -0.435543 0.898030
vn -0.062002 -0.435543 0.898030
vn -0.180023 -0.339510 0.923214
vn -0.180023 -0.339510 0.923214
vn -0.180023 -0.339510 0.923214
vn -0.180023 -0.339510 0.923214
vn -0.775638 0.572374 0.266035
vn -0.775638 0.572374 0.266035
vn -0.775638 0.572374 0.266035
vn -0.775638 0.572374 0.266035
vn 0.896770 0.417821 -0.145700
vn 0.896770 0.417821 -0.145700
vn 0.896770 0.417821 -0.145700
vn 0.896770 0.417821 -0.145700
vn 0.914397 0.397199 -0.078171
vn 0.914397 0.397199 -0.078171
vn 0.914397 0.397199 -0.078171
vn 0.914397 0.397199 -0.078171
vn 0.930503 0.363988 -0.040960
vn 0.930503 0.363988 -0.040960
vn 0.930503 0.363988 -0.040960
vn 0.930503 0.363988 -0.040960
vn 0.925105 0.379457 0.013889
vn 0.925105 0.379457 0.013889
vn 0.925105 0.379457 0.013889
vn 0.925105 0.379457 0.013889
vn 0.907444 0.378930 0.181541
vn 0.907444 0.378930 0.181541
vn 0.907444 0.378930 0.181541
vn 0.907444 0.378930 0.181541
vn 0.659721 0.728839 -0.183202
vn 0.659721 0.728839 -0.183202
vn 0.659721 0.728839 -0.183202
vn 0.659721 0.728839 -0.183202
vn 0.987693 -0.156385 -0.002360
vn 0.987693 -0.156385 -0.002360
vn 0.987693 -0.156385 -0.002360
vn 0.987693 -0.156385 -0.002360
vn -0.921358 -0.387629 0.029038
vn -0.921358 -0.387629 0.029038
vn -0.921358 -0.387629 0.029038
vn -0.921358 -0.387629 0.029038
vn 0.344982 0.572613 -0.743708
vn 0.344982 0.572613 -0.743708
vn 0.344982 0.572613 -0.743708
vn 0.344982 0.572613 -0.743708
vn -0.291304 0.889538 0.351942
vn -0.291304 0.889538 0.351942
vn -0.291304 0.889538 0.351942
vn -0.291304 0.889538 0.351942
vn 0.883030 -0.352726 -0.309585
vn 0.883030 -0.352726 -0.309585
vn 0.883030 -0.352726 -0.309585
vn 0.883030 -0.352726 -0.309585
vn 0.954808 -0.213812 -0.206458
vn 0.954808 -0.213812 -0.206458
vn 0.954808 -0.213812 -0.206458
vn 0.954808 -0.213812 -0.206458
vn 0.963096 -0.052827 -0.263924
vn 0.963096 -0.052827 -0.263924
vn 0.963096 -0.052827 -0.263924
vn 0.963096 -0.052827 -0.263924
vn 0.754443 0.649186 0.096813
vn 0.754443 0.649186 0.096813
vn 0.754443 0.649186 0.096813
vn 0.754443 0.649186 0.096813
vn 0.695150 0.085086 -0.713811
vn 0.695150 0.085086 -0.713811
vn 0.695150 0.085086 -0.713811
vn 0.695150 0.085086 -0.713811
vn -0.937867 -0.335971 -0.086771
vn -0.937867 -0.335971 -0.086771
vn -0.937867 -0.335971 -0.086771
vn -0.937867 -0.335971 -0.086771
vn 0.111510 0.553787 -0.825158
vn 0.111510 0.553787 -0.825158
vn 0.111510 0.553787 -0.825158
vn 0.111510 0.553787 -0.825158
vn 0.913172 0.401030 -0.072739
vn 0.913172 0.401030 -0.072739
vn 0.913172 0.401030 -0.072739
vn 0.913172 0.401030 -0.072739
vn 0.597028 -0.069027 -0.799245
vn 0.597028 -0.069027 -0.799245
vn 0.597028 -0.069027 -0.799245
vn 0.597028 -0.069027 -0.799245
vn 0.944868 -0.325370 -0.036858
vn 0.944868 -0.325370 -0.036858
vn 0.944868 -0.325370 -0.036858
vn 0.944868 -0.325370 -0.036858
vn -0.074244 0.173169 0.982090
vn -0.074244 0.173169 0.982090
vn -0.074244 0.173169 0.982090
vn -0.074244 0.173169 0.982090
vn 0.863348 0.051006 -0.502025
vn 0.863348 0.051006 -0.502025
vn 0.863348 0.051006 -0.502025
vn 0.863348 0.051006 -0.502025
vn 0.149430 -0.964606 -0.217269
vn 0.149430 -0.964606 -0.217269
vn 0.149430 -0.964606 -0.217269
vn 0.149430 -0.964606 -0.217269
vn 0.087052 -0.971436 -0.220760
vn 0.087052 -0.971436 -0.220760
vn 0.087052 -0.971436 -0.220760
vn 0.087052 -0.971436 -0.220760
vn 0.022788 -0.975618 -0.218291
vn 0.022788 -0.975618 -0.218291
vn 0.022788 -0.975618 -0.218291
vn 0.022788 -0.975618 -0.218291
vn 0.918081 0.195029 -0.345095
vn 0.918081 0.195029 -0.345095
vn 0.918081 0.195029 -0.345095
vn 0.918081 0.195029 -0.345095
vn 0.250018 -0.955305 -0.157744
vn 0.250018 -0.955305 -0.157744
vn 0.250018 -0.955305 -0.157744
vn 0.250018 -0.955305 -0.157744
vn 0.162961 -0.969643 -0.182307
vn 0.162961 -0.969643 -0.182307
vn 0.162961 -0.969643 -0.182307
vn 0.162961 -0.969643 -0.182307
vn 0.033874 -0.985033 -0.169003
vn 0.033874 -0.985033 -0.169003
vn 0.033874 -0.985033 -0.169003
vn 0.033874 -0.985033 -0.169003
vn 0.916688 0.154010 -0.368732
vn 0.916688 0.154010 -0.368732
vn 0.916688 0.154010 -0.368732
vn 0.916688 0.154010 -0.368732
vn 0.226237 0.055750 -0.972475
vn 0.226237 0.055750 -0.972475
vn 0.226237 0.055750 -0.972475
vn 0.226237 0.055750 -0.972475
vn 0.778712 -0.073840 -0.623021
vn 0.778712 -0.073840 -0.623021
vn 0.778712 -0.073840 -0.623021
vn 0.778712 -0.073840 -0.623021
vn 0.320034 -0.898252 -0.301201
vn 0.320034 -0.898252 -0.301201
vn 0.320034 -0.898252 -0.301201
vn 0.320034 -0.898252 -0.301201
vn 0.223516 -0.974685 -0.005537
vn 0.223516 -0.974685 -0.005537
vn 0.223516 -0.974685 -0.005537
vn 0.223516 -0.974685 -0.005537
vn 0.700769 0.108678 -0.705061
vn 0.700769 0.108678 -0.705061
vn 0.700769 0.108678 -0.705061
vn 0.700769 0.108678 -0.705061
vn 0.834187 0.179242 -0.521540
vn 0.834187 0.179242 -0.521540
vn 0.834187 0.179242 -0.521540
vn 0.834187 0.179242 -0.521540
vn 0.728081 0.537195 -0.425817
vn 0.728081 0.537195 -0.425817
vn 0.728081 0.537195 -0.425817
vn 0.728081 0.537195 -0.425817
vn 0.933514 0.214989 0.286935
vn 0.933514 0.214989 0.286935
vn 0.933514 0.214989 0.286935
vn 0.933514 0.214989 0.286935
vn 0.952708 0.291494 -0.085901
vn 0.952708 0.291494 -0.085901
vn 0.952708 0.291494 -0.085901
vn 0.952708 0.291494 -0.085901
vn 0.829843 0.066449 -0.554026
vn 0.829843 0.066449 -0.554026
vn 0.829843 0.066449 -0.554026
vn 0.829843 0.066449 -0.554026
vn 0.715414 -0.057864 -0.696301
vn 0.715414 -0.057864 -0.696301
vn 0.715414 -0.057864 -0.696301
vn 0.715414 -0.057864 -0.696301
vn 0.718890 -0.207705 -0.663367
vn 0.718890 -0.207705 -0.663367
vn 0.718890 -0.207705 -0.663367
vn 0.718890 -0.207705 -0.663367
vn 0.846577 0.119485 -0.518682
vn 0.846577 0.119485 -0.518682
vn 0.846577 0.119485 -0.518682
vn 0.846577 0.119485 -0.518682
vn 0.588938 -0.037210 -0.807321
vn 0.588938 -0.037210 -0.807321
vn 0.588938 -0.037210 -0.807321
vn 0.588938 -0.037210 -0.807321
vn 0.167084 -0.069396 -0.983498
vn 0.167084 -0.069396 -0.983498
vn 0.167084 -0.069396 -0.983498
vn 0.167084 -0.069396 -0.983498
vn 0.673104 0.116033 -0.730389
vn 0.673104 0.116033 -0.730389
vn 0.673104 0.116033 -0.730389
vn 0.673104 0.116033 -0.730389
vn 0.612650 -0.333580 -0.716508
vn 0.612650 -0.333580 -0.716508
vn 0.612650 -0.333580 -0.716508
vn 0.612650 -0.333580 -0.716508
vn 0.871195 -0.418922 -0.255977
vn 0.871195 -0.418922 -0.255977
vn 0.871195 -0.418922 -0.255977
vn 0.871195 -0.418922 -0.255977
vn 0.904413 -0.363853 0.222819
vn 0.904413 -0.363853 0.222819
vn 0.904413 -0.363853 0.222819
vn 0.904413 -0.363853 0.222819
vn 0.678834 -0.219181 -0.700817
vn 0.678834 -0.219181 -0.700817
vn 0.678834 -0.219181 -0.700817
vn 0.678834 -0.219181 -0.700817
vn 0.570273 0.234535 -0.787263
vn 0.570273 0.234535 -0.787263
vn 0.570273 0.234535 -0.787263
vn 0.570273 0.234535 -0.787263
vn 0.422183 0.434819 -0.795420
vn 0.422183 0.434819 -0.795420
vn 0.422183 0.434819 -0.795420
vn 0.422183 0.434819 -0.795420
vn 0.506872 0.464612 -0.726097
vn 0.506872 0.464612 -0.726097
vn 0.506872 0.464612 -0.726097
vn 0.506872 0.464612 -0.726097
vn 0.609515 0.171158 -0.774078
vn 0.609515 0.171158 -0.774078
vn 0.609515 0.171158 -0.774078
vn 0.609515 0.171158 -0.774078
vn 0.517568 0.347964 -0.781693
vn 0.517568 0.347964 -0.781693
vn 0.517568 0.347964 -0.781693
vn 0.517568 0.347964 -0.781693
vn -0.575763 0.620203 0.532771
vn -0.575763 0.620203 0.532771
vn -0.575763 0.620203 0.532771
vn -0.575763 0.620203 0.532771
vn -0.509826 -0.654389 0.558437
vn -0.509826 -0.654389 0.558437
vn -0.509826 -0.654389 0.558437
vn -0.509826 -0.654389 0.558437
vn 0.986825 0.062113 -0.149390
vn 0.986825 0.062113 -0.149390
vn 0.986825 0.062113 -0.149390
vn 0.986825 0.062113 -0.149390
vn 0.918575 0.301949 -0.255041
vn 0.918575 0.301949 -0.255041
vn 0.918575 0.301949 -0.255041
vn 0.918575 0.301949 -0.255041
vn 0.583990 0.711154 -0.391428
vn 0.583990 0.711154 -0.391428
vn 0.583990 0.711154 -0.391428
vn 0.583990 0.711154 -0.391428
vn 0.881444 0.286148 -0.375734
vn 0.881444 0.286148 -0.375734
vn 0.881444 0.286148 -0.375734
vn 0.881444 0.286148 -0.375734
vn 0.089470 0.867967 -0.488495
vn 0.089470 0.867967 -0.488495
vn 0.089470 0.867967 -0.488495
vn 0.089470 0.867967 -0.488495
vn 0.699622 -0.419076 -0.578709
vn 0.699622 -0.419076 -0.578709
vn 0.699622 -0.419076 -0.578709
vn 0.699622 -0.419076 -0.578709
vn 0.799597 -0.288380 -0.526766
vn 0.799597 -0.288380 -0.526766
vn 0.799597 -0.288380 -0.526766
vn 0.799597 -0.288380 -0.526766
vn 0.975543 -0.089603 -0.200717
vn 0.975543 -0.089603 -0.200717
vn 0.975543 -0.089603 -0.200717
vn 0.975543 -0.089603 -0.200717
vn 0.979783 0.080095 -0.183330
vn 0.979783 0.080095 -0.183330
vn 0.979783 0.080095 -0.183330
vn 0.979783 0.080095 -0.183330
vn 0.924342 0.043904 -0.379030
vn 0.924342 0.043904 -0.379030
vn 0.924342 0.043904 -0.379030
vn 0.924342 0.043904 -0.379030
vn 0.995495 0.014293 -0.093727
vn 0.995495 0.014293 -0.093727
vn 0.995495 0.014293 -0.093727
vn 0.995495 0.014293 -0.093727
vn 0.988061 -0.142196 -0.059286
vn 0.988061 -0.142196 -0.059286
vn 0.988061 -0.142196 -0.059286
vn 0.988061 -0.142196 -0.059286
vn 0.959932 0.042170 -0.277041
vn 0.959932 0.042170 -0.277041
vn 0.959932 0.042170 -0.277041
vn 0.959932 0.042170 -0.277041
vn 0.220595 -0.189891 -0.956702
vn 0.220595 -0.189891 -0.956702
vn 0.220595 -0.189891 -0.956702
vn 0.220595 -0.189891 -0.956702
vn 0.561044 -0.221216 -0.797680
vn 0.561044 -0.221216 -0.797680
vn 0.561044 -0.221216 -0.797680
vn 0.561044 -0.221216 -0.797680
vn 0.763606 -0.205225 -0.612200
vn 0.763606 -0.205225 -0.612200
vn 0.763606 -0.205225 -0.612200
vn 0.763606 -0.205225 -0.612200
vn 0.793550 -0.213348 -0.569878
vn 0.793550 -0.213348 -0.569878
vn 0.793550 -0.213348 -0.569878
vn 0.793550 -0.213348 -0.569878
vn 0.960606 0.141714 -0.239066
vn 0.960606 0.141714 -0.239066
vn 0.960606 0.141714 -0.239066
vn 0.960606 0.141714 -0.239066
vn 0.929687 -0.036930 -0.366494
vn 0.929687 -0.036930 -0.366494
vn 0.929687 -0.036930 -0.366494
vn 0.929687 -0.036930 -0.366494
vn 0.835524 0.472131 -0.281055
vn 0.835524 0.472131 -0.281055
vn 0.835524 0.472131 -0.281055
vn 0.835524 0.472131 -0.281055
vn 0.963578 -0.261964 0.053776
vn 0.963578 -0.261964 0.053776
vn 0.963578 -0.261964 0.053776
vn 0.963578 -0.261964 0.053776
vn 0.770241 0.522560 -0.365596
vn 0.770241 0.522560 -0.365596
vn 0.770241 0.522560 -0.365596
vn 0.770241 0.522560 -0.365596
vn 0.732208 0.549089 -0.402955
vn 0.732208 0.549089 -0.402955
vn 0.732208 0.549089 -0.402955
vn 0.732208 0.549089 -0.402955
vn 0.144168 0.952298 -0.268968
vn 0.144168 0.952298 -0.268968
vn 0.144168 0.952298 -0.268968
vn 0.144168 0.952298 -0.268968
vn 0.730311 -0.138728 -0.668880
vn 0.730311 -0.138728 -0.668880
vn 0.730311 -0.138728 -0.668880
vn 0.730311 -0.138728 -0.668880
vn 0.709838 0.296798 -0.638781
vn 0.709838 0.296798 -0.638781
vn 0.709838 0.296798 -0.638781
vn 0.709838 0.296798 -0.638781
vn 0.319245 0.670308 -0.669903
vn 0.319245 0.670308 -0.669903
vn 0.319245 0.670308 -0.669903
vn 0.319245 0.670308 -0.669903
vn 0.244319 0.806805 -0.537934
vn 0.244319 0.806805 -0.537934
vn 0.244319 0.806805 -0.537934
vn 0.244319 0.806805 -0.537934
vn 0.247130 0.914808 -0.319456
vn 0.247130 0.914808 -0.319456
vn 0.247130 0.914808 -0.319456
vn 0.247130 0.914808 -0.319456
vn 0.290938 0.920619 -0.260416
vn 0.290938 0.920619 -0.260416
vn 0.290938 0.920619 -0.260416
vn 0.290938 0.920619 -0.260416
vn 0.324695 0.896269 -0.302119
vn 0.324695 0.896269 -0.302119
vn 0.324695 0.896269 -0.302119
vn 0.324695 0.896269 -0.302119
vn 0.400186 0.870043 -0.287882
vn 0.400186 0.870043 -0.287882
vn 0.400186 0.870043 -0.287882
vn 0.400186 0.870043 -0.287882
vn 0.924035 0.162621 -0.345997
vn 0.924035 0.162621 -0.345997
vn 0.924035 0.162621 -0.345997
vn 0.924035 0.162621 -0.345997
vn 0.838611 0.373400 -0.396616
vn 0.838611 0.373400 -0.396616
vn 0.838611 0.373400 -0.396616
vn 0.838611 0.373400 -0.396616
vn 0.984556 0.143447 0.100360
vn 0.984556 0.143447 0.100360
vn 0.984556 0.143447 0.100360
vn 0.984556 0.143447 0.100360
vn 0.999236 -0.025764 0.029405
vn 0.999236 -0.025764 0.029405
vn 0.999236 -0.025764 0.029405
vn 0.999236 -0.025764 0.029405
vn 0.387607 0.102224 -0.916139
vn 0.387607 0.102224 -0.916139
vn 0.387607 0.102224 -0.916139
vn 0.387607 0.102224 -0.916139
vn 0.330628 -0.730691 -0.597308
vn 0.330628 -0.730691 -0.597308
vn 0.330628 -0.730691 -0.597308
vn 0.330628 -0.730691 -0.597308
vn 0.338823 -0.869119 -0.360321
vn 0.338823 -0.869119 -0.360321
vn 0.338823 -0.869119 -0.360321
vn 0.338823 -0.869119 -0.360321
vn 0.352310 -0.892860 -0.280497
vn 0.352310 -0.892860 -0.280497
vn 0.352310 -0.892860 -0.280497
vn 0.352310 -0.892860 -0.280497
vn 0.437335 -0.876544 -0.201017
vn 0.437335 -0.876544 -0.201017
vn 0.437335 -0.876544 -0.201017
vn 0.437335 -0.876544 -0.201017
vn 0.493647 -0.842786 -0.214535
vn 0.493647 -0.842786 -0.214535
vn 0.493647 -0.842786 -0.214535
vn 0.493647 -0.842786 -0.214535
vn 0.548233 -0.812282 -0.199094
vn 0.548233 -0.812282 -0.199094
vn 0.548233 -0.812282 -0.199094
vn 0.548233 -0.812282 -0.199094
vn 0.611459 -0.773084 -0.168696
vn 0.611459 -0.773084 -0.168696
vn 0.611459 -0.773084 -0.168696
vn 0.611459 -0.773084 -0.168696
vn 0.963307 -0.081463 -0.255743
vn 0.963307 -0.081463 -0.255743
vn 0.963307 -0.081463 -0.255743
vn 0.963307 -0.081463 -0.255743
vn 0.996145 0.016461 -0.086159
vn 0.996145 0.016461 -0.086159
vn 0.996145 0.016461 -0.086159
vn 0.996145 0.016461 -0.086159
vn 0.966004 0.034387 -0.256229
vn 0.966004 0.034387 -0.256229
vn 0.966004 0.034387 -0.256229
vn 0.966004 0.034387 -0.256229
vn 0.671971 -0.737289 -0.069713
vn 0.671971 -0.737289 -0.069713
vn 0.671971 -0.737289 -0.069713
vn 0.671971 -0.737289 -0.069713
vn 0.891901 -0.265599 -0.366020
vn 0.891901 -0.265599 -0.366020
vn 0.891901 -0.265599 -0.366020
vn 0.891901 -0.265599 -0.366020
vn 0.931152 0.357386 -0.072319
vn 0.931152 0.357386 -0.072319
vn 0.931152 0.357386 -0.072319
vn 0.931152 0.357386 -0.072319
vn 0.908639 0.277146 0.312354
vn 0.908639 0.277146 0.312354
vn 0.908639 0.277146 0.312354
vn 0.908639 0.277146 0.312354
vn 0.660603 0.514187 -0.547005
vn 0.660603 0.514187 -0.547005
vn 0.660603 0.514187 -0.547005
vn 0.660603 0.514187 -0.547005
vn 0.216754 0.531535 -0.818834
vn 0.216754 0.531535 -0.818834
vn 0.216754 0.531535 -0.818834
vn 0.216754 0.531535 -0.818834
vn -0.881680 -0.448589 -0.146313
vn -0.881680 -0.448589 -0.146313
vn -0.881680 -0.448589 -0.146313
vn -0.881680 -0.448589 -0.146313
vn 0.737036 0.660080 -0.145162
vn 0.737036 0.660080 -0.145162
vn 0.737036 0.660080 -0.145162
vn 0.737036 0.660080 -0.145162
vn 0.884137 0.432721 -0.176223
vn 0.884137 0.432721 -0.176223
vn 0.884137 0.432721 -0.176223
vn 0.884137 0.432721 -0.176223
vn 0.914806 0.305774 -0.263880
vn 0.914806 0.305774 -0.263880
vn 0.914806 0.305774 -0.263880
vn 0.914806 0.305774 -0.263880
vn 0.275593 0.947249 -0.163609
vn 0.275593 0.947249 -0.163609
vn 0.275593 0.947249 -0.163609
vn 0.275593 0.947249 -0.163609
vn 0.490106 0.860350 -0.139977
vn 0.490106 0.860350 -0.139977
vn 0.490106 0.860350 -0.139977
vn 0.490106 0.860350 -0.139977
vn 0.802547 0.575645 -0.156685
vn 0.802547 0.575645 -0.156685
vn 0.802547 0.575645 -0.156685
vn 0.802547 0.575645 -0.156685
vn 0.892031 0.451742 -0.014464
vn 0.892031 0.451742 -0.014464
vn 0.892031 0.451742 -0.014464
vn 0.892031 0.451742 -0.014464
vn 0.994793 0.082548 0.059766
vn 0.994793 0.082548 0.059766
vn 0.994793 0.082548 0.059766
vn 0.994793 0.082548 0.059766
vn 0.983315 -0.181181 -0.016264
vn 0.983315 -0.181181 -0.016264
vn 0.983315 -0.181181 -0.016264
vn 0.983315 -0.181181 -0.016264
vn 0.767323 -0.484588 -0.419987
vn 0.767323 -0.484588 -0.419987
vn 0.767323 -0.484588 -0.419987
vn 0.767323 -0.484588 -0.419987
vn 0.684812 -0.522753 -0.507703
vn 0.684812 -0.522753 -0.507703
vn 0.684812 -0.522753 -0.507703
vn 0.684812 -0.522753 -0.507703
vn 0.724045 -0.394538 -0.565773
vn 0.724045 -0.394538 -0.565773
vn 0.724045 -0.394538 -0.565773
vn 0.724045 -0.394538 -0.565773
vn 0.697425 -0.012809 -0.716544
vn 0.697425 -0.012809 -0.716544
vn 0.697425 -0.012809 -0.716544
vn 0.697425 -0.012809 -0.716544
vn 0.391868 -0.151364 -0.907485
vn 0.391868 -0.151364 -0.907485
vn 0.391868 -0.151364 -0.907485
vn 0.391868 -0.151364 -0.907485
vn 0.183401 0.121209 -0.975537
vn 0.183401 0.121209 -0.975537
vn 0.183401 0.121209 -0.975537
vn 0.183401 0.121209 -0.975537
vn 0.047891 0.249078 -0.967299
vn 0.047891 0.249078 -0.967299
vn 0.047891 0.249078 -0.967299
vn 0.047891 0.249078 -0.967299
vn 0.132352 0.667571 -0.732688
vn 0.132352 0.667571 -0.732688
vn 0.132352 0.667571 -0.732688
vn 0.132352 0.667571 -0.732688
vn 0.259223 0.892540 -0.369021
vn 0.259223 0.892540 -0.369021
vn 0.259223 0.892540 -0.369021
vn 0.259223 0.892540 -0.369021
vn 0.966606 -0.050812 -0.251180
vn 0.966606 -0.050812 -0.251180
vn 0.966606 -0.050812 -0.251180
vn 0.966606 -0.050812 -0.251180
vn 0.790388 -0.491720 -0.365376
vn 0.790388 -0.491720 -0.365376
vn 0.790388 -0.491720 -0.365376
vn 0.790388 -0.491720 -0.365376
vn 0.739698 0.153482 -0.655202
vn 0.739698 0.153482 -0.655202
vn 0.739698 0.153482 -0.655202
vn 0.739698 0.153482 -0.655202
vn 0.919476 0.378062 -0.107859
vn 0.919476 0.378062 -0.107859
vn 0.919476 0.378062 -0.107859
vn 0.919476 0.378062 -0.107859
vn 0.782677 0.356483 -0.510231
vn 0.782677 0.356483 -0.510231
vn 0.782677 0.356483 -0.510231
vn 0.782677 0.356483 -0.510231
vn 0.834386 0.481566 -0.268133
vn 0.834386 0.481566 -0.268133
vn 0.834386 0.481566 -0.268133
vn 0.834386 0.481566 -0.268133
vn 0.801761 0.495253 -0.334520
vn 0.801761 0.495253 -0.334520
vn 0.801761 0.495253 -0.334520
vn 0.801761 0.495253 -0.334520
vn 0.771766 0.319369 -0.549892
vn 0.771766 0.319369 -0.549892
vn 0.771766 0.319369 -0.549892
vn 0.771766 0.319369 -0.549892
vn 0.874879 -0.133555 -0.465563
vn 0.874879 -0.133555 -0.465563
vn 0.874879 -0.133555 -0.465563
vn 0.874879 -0.133555 -0.465563
vn 0.884907 -0.037508 -0.464255
vn 0.884907 -0.037508 -0.464255
vn 0.884907 -0.037508 -0.464255
vn 0.884907 -0.037508 -0.464255
vn 0.964948 0.062593 -0.254868
vn 0.964948 0.062593 -0.254868
vn 0.964948 0.062593 -0.254868
vn 0.964948 0.062593 -0.254868
vn 0.900984 0.167381 -0.400264
vn 0.900984 0.167381 -0.400264
vn 0.900984 0.167381 -0.400264
vn 0.900984 0.167381 -0.400264
vn 0.957879 -0.032287 -0.285351
vn 0.957879 -0.032287 -0.285351
vn 0.957879 -0.032287 -0.285351
vn 0.957879 -0.032287 -0.285351
vn 0.932621 -0.165037 -0.320905
vn 0.932621 -0.165037 -0.320905
vn 0.932621 -0.165037 -0.320905
vn 0.932621 -0.165037 -0.320905
vn 0.934105 -0.224281 -0.277750
vn 0.934105 -0.224281 -0.277750
vn 0.934105 -0.224281 -0.277750
vn 0.934105 -0.224281 -0.277750
vn 0.925768 -0.079593 -0.369618
vn 0.925768 -0.079593 -0.369618
vn 0.925768 -0.079593 -0.369618
vn 0.925768 -0.079593 -0.369618
vn 0.927250 -0.150780 -0.342744
vn 0.927250 -0.150780 -0.342744
vn 0.927250 -0.150780 -0.342744
vn 0.927250 -0.150780 -0.342744
vn 0.965179 -0.073179 -0.251148
vn 0.965179 -0.073179 -0.251148
vn 0.965179 -0.073179 -0.251148
vn 0.965179 -0.073179 -0.251148
vn 0.905055 -0.296098 -0.305288
vn 0.905055 -0.296098 -0.305288
vn 0.905055 -0.296098 -0.305288
vn 0.905055 -0.296098 -0.305288
vn 0.845798 -0.069807 -0.528917
vn 0.845798 -0.069807 -0.528917
vn 0.845798 -0.069807 -0.528917
vn 0.845798 -0.069807 -0.528917
vn 0.834368 -0.142241 -0.532538
vn 0.834368 -0.142241 -0.532538
vn 0.834368 -0.142241 -0.532538
vn 0.834368 -0.142241 -0.532538
vn 0.832856 -0.167473 -0.527546
vn 0.832856 -0.167473 -0.527546
vn 0.832856 -0.167473 -0.527546
vn 0.832856 -0.167473 -0.527546
vn 0.681717 -0.512713 -0.521908
vn 0.681717 -0.512713 -0.521908
vn 0.681717 -0.512713 -0.521908
vn 0.681717 -0.512713 -0.521908
vn 0.772811 -0.241563 -0.586866
vn 0.772811 -0.241563 -0.586866
vn 0.772811 -0.241563 -0.586866
vn 0.772811 -0.241563 -0.586866
vn 0.839802 -0.108483 -0.531944
vn 0.839802 -0.108483 -0.531944
vn 0.839802 -0.108483 -0.531944
vn 0.839802 -0.108483 -0.531944
vn 0.817431 -0.171451 -0.549920
vn 0.817431 -0.171451 -0.549920
vn 0.817431 -0.171451 -0.549920
vn 0.817431 -0.171451 -0.549920
vn 0.563692 0.819397 0.104113
vn 0.563692 0.819397 0.104113
vn 0.563692 0.819397 0.104113
vn 0.563692 0.819397 0.104113
vn 0.449047 0.862089 0.234859
vn 0.449047 0.862089 0.234859
vn 0.449047 0.862089 0.234859
vn 0.449047 0.862089 0.234859
vn 0.408731 0.910739 0.059110
vn 0.408731 0.910739 0.059110
vn 0.408731 0.910739 0.059110
vn 0.408731 0.910739 0.059110
vn 0.359412 0.926074 -0.114934
vn 0.359412 0.926074 -0.114934
vn 0.359412 0.926074 -0.114934
vn 0.359412 0.926074 -0.114934
vn 0.274917 0.940185 -0.201178
vn 0.274917 0.940185 -0.201178
vn 0.274917 0.940185 -0.201178
vn 0.274917 0.940185 -0.201178
vn 0.213885 0.942386 -0.257218
vn 0.213885 0.942386 -0.257218
vn 0.213885 0.942386 -0.257218
vn 0.213885 0.942386 -0.257218
vn 0.207277 0.935281 -0.286856
vn 0.207277 0.935281 -0.286856
vn 0.207277 0.935281 -0.286856
vn 0.207277 0.935281 -0.286856
vn 0.214300 0.938139 -0.271977
vn 0.214300 0.938139 -0.271977
vn 0.214300 0.938139 -0.271977
vn 0.214300 0.938139 -0.271977
vn 0.221233 0.923495 -0.313388
vn 0.221233 0.923495 -0.313388
vn 0.221233 0.923495 -0.313388
vn 0.221233 0.923495 -0.313388
vn 0.267528 0.820761 -0.504757
vn 0.267528 0.820761 -0.504757
vn 0.267528 0.820761 -0.504757
vn 0.267528 0.820761 -0.504757
vn 0.325137 0.688006 -0.648794
vn 0.325137 0.688006 -0.648794
vn 0.325137 0.688006 -0.648794
vn 0.325137 0.688006 -0.648794
vn 0.405094 0.574995 -0.710830
vn 0.405094 0.574995 -0.710830
vn 0.405094 0.574995 -0.710830
vn 0.405094 0.574995 -0.710830
vn 0.687988 -0.048985 -0.724067
vn 0.687988 -0.048985 -0.724067
vn 0.687988 -0.048985 -0.724067
vn 0.687988 -0.048985 -0.724067
vn 0.535621 0.066197 -0.841860
vn 0.535621 0.066197 -0.841860
vn 0.535621 0.066197 -0.841860
vn 0.535621 0.066197 -0.841860
vn 0.886783 0.113844 -0.447947
vn 0.886783 0.113844 -0.447947
vn 0.886783 0.113844 -0.447947
vn 0.886783 0.113844 -0.447947
vn 0.825704 -0.173098 -0.536890
vn 0.825704 -0.173098 -0.536890
vn 0.825704 -0.173098 -0.536890
vn 0.825704 -0.173098 -0.536890
vn 0.906148 0.143592 -0.397840
vn 0.906148 0.143592 -0.397840
vn 0.906148 0.143592 -0.397840
vn 0.906148 0.143592 -0.397840
vn 0.870090 -0.057066 -0.489579
vn 0.870090 -0.057066 -0.489579
vn 0.870090 -0.057066 -0.489579
vn 0.870090 -0.057066 -0.489579
vn 0.427479 -0.409557 -0.805930
vn 0.427479 -0.409557 -0.805930
vn 0.427479 -0.409557 -0.805930
vn 0.427479 -0.409557 -0.805930
vn 0.334111 -0.795227 -0.505949
vn 0.334111 -0.795227 -0.505949
vn 0.334111 -0.795227 -0.505949
vn 0.334111 -0.795227 -0.505949
vn 0.436298 0.458292 -0.774347
vn 0.436298 0.458292 -0.774347
vn 0.436298 0.458292 -0.774347
vn 0.436298 0.458292 -0.774347
vn 0.909381 0.215227 -0.355954
vn 0.909381 0.215227 -0.355954
vn 0.909381 0.215227 -0.355954
vn 0.909381 0.215227 -0.355954
vn 0.853095 0.359622 -0.378022
vn 0.853095 0.359622 -0.378022
vn 0.853095 0.359622 -0.378022
vn 0.853095 0.359622 -0.378022
vn 0.987015 -0.049045 -0.152956
vn 0.987015 -0.049045 -0.152956
vn 0.987015 -0.049045 -0.152956
vn 0.987015 -0.049045 -0.152956
vn 0.870486 -0.473434 -0.134587
vn 0.870486 -0.473434 -0.134587
vn 0.870486 -0.473434 -0.134587
vn 0.870486 -0.473434 -0.134587
vn 0.987686 -0.155378 -0.018260
vn 0.987686 -0.155378 -0.018260
vn 0.987686 -0.155378 -0.018260
vn 0.987686 -0.155378 -0.018260
vn 0.662896 -0.667117 0.339889
vn 0.662896 -0.667117 0.339889
vn 0.662896 -0.667117 0.339889
vn 0.662896 -0.667117 0.339889
vn 0.206210 -0.866826 0.453972
vn 0.206210 -0.866826 0.453972
vn 0.206210 -0.866826 0.453972
vn 0.206210 -0.866826 0.453972
vn 0.995256 -0.097284 0.001534
vn 0.995256 -0.097284 0.001534
vn 0.995256 -0.097284 0.001534
vn 0.995256 -0.097284 0.001534
vn 0.902662 0.408440 0.135569
vn 0.902662 0.408440 0.135569
vn 0.902662 0.408440 0.135569
vn 0.902662 0.408440 0.135569
vn 0.617481 0.745168 0.251877
vn 0.617481 0.745168 0.251877
vn 0.617481 0.745168 0.251877
vn 0.617481 0.745168 0.251877
vn 0.521194 0.837319 0.165089
vn 0.521194 0.837319 0.165089
vn 0.521194 0.837319 0.165089
vn 0.521194 0.837319 0.165089
vn 0.312942 0.946752 0.075686
vn 0.312942 0.946752 0.075686
vn 0.312942 0.946752 0.075686
vn 0.312942 0.946752 0.075686
vn 0.574507 -0.807064 0.136340
vn 0.574507 -0.807064 0.136340
vn 0.574507 -0.807064 0.136340
vn 0.574507 -0.807064 0.136340
vn 0.989317 0.105706 -0.100395
vn 0.989317 0.105706 -0.100395
vn 0.989317 0.105706 -0.100395
vn 0.989317 0.105706 -0.100395
vn 0.992241 -0.047676 0.114827
vn 0.992241 -0.047676 0.114827
vn 0.992241 -0.047676 0.114827
vn 0.992241 -0.047676 0.114827
vn 0.446332 -0.842528 0.301554
vn 0.446332 -0.842528 0.301554
vn 0.446332 -0.842528 0.301554
vn 0.446332 -0.842528 0.301554
vn 0.738607 -0.515562 0.434345
vn 0.738607 -0.515562 0.434345
vn 0.738607 -0.515562 0.434345
vn 0.738607 -0.515562 0.434345
vn 0.997312 -0.023339 -0.069449
vn 0.997312 -0.023339 -0.069449
vn 0.997312 -0.023339 -0.069449
vn 0.997312 -0.023339 -0.069449
vn 0.987153 -0.037700 0.155266
vn 0.987153 -0.037700 0.155266
vn 0.987153 -0.037700 0.155266
vn 0.987153 -0.037700 0.155266
vn 0.805895 -0.340964 0.484021
vn 0.805895 -0.340964 0.484021
vn 0.805895 -0.340964 0.484021
vn 0.805895 -0.340964 0.484021
vn 0.627327 -0.686329 0.367986
vn 0.627327 -0.686329 0.367986
vn 0.627327 -0.686329 0.367986
vn 0.627327 -0.686329 0.367986
vn 0.440497 -0.653191 -0.615876
vn 0.440497 -0.653191 -0.615876
vn 0.440497 -0.653191 -0.615876
vn 0.440497 -0.653191 -0.615876
vn 0.723550 -0.051168 -0.688372
vn 0.723550 -0.051168 -0.688372
vn 0.723550 -0.051168 -0.688372
vn 0.723550 -0.051168 -0.688372
vn 0.473903 -0.475029 -0.741460
vn 0.473903 -0.475029 -0.741460
vn 0.473903 -0.475029 -0.741460
vn 0.473903 -0.475029 -0.741460
vn 0.084775 -0.332986 -0.939113
vn 0.084775 -0.332986 -0.939113
vn 0.084775 -0.332986 -0.939113
vn 0.084775 -0.332986 -0.939113
vn 0.272964 0.922089 0.274302
vn 0.272964 0.922089 0.274302
vn 0.272964 0.922089 0.274302
vn 0.272964 0.922089 0.274302
vn 0.526025 0.810836 0.256597
vn 0.526025 0.810836 0.256597
vn 0.526025 0.810836 0.256597
vn 0.526025 0.810836 0.256597
vn 0.482627 0.845154 0.229754
vn 0.482627 0.845154 0.229754
vn 0.482627 0.845154 0.229754
vn 0.482627 0.845154 0.229754
vn 0.544948 0.786519 0.290551
vn 0.544948 0.786519 0.290551
vn 0.544948 0.786519 0.290551
vn 0.544948 0.786519 0.290551
vn 0.608073 0.787850 0.097674
vn 0.608073 0.787850 0.097674
vn 0.608073 0.787850 0.097674
vn 0.608073 0.787850 0.097674
vn 0.783993 0.433831 -0.444011
vn 0.783993 0.433831 -0.444011
vn 0.783993 0.433831 -0.444011
vn 0.783993 0.433831 -0.444011
vn 0.086615 0.991031 0.101757
vn 0.086615 0.991031 0.101757
vn 0.086615 0.991031 0.101757
vn 0.086615 0.991031 0.101757
vn 0.514138 0.844372 0.150655
vn 0.514138 0.844372 0.150655
vn 0.514138 0.844372 0.150655
vn 0.514138 0.844372 0.150655
vn 0.510425 0.858145 0.055258
vn 0.510425 0.858145 0.055258
vn 0.510425 0.858145 0.055258
vn 0.510425 0.858145 0.055258
vn 0.604826 0.705316 0.369751
vn 0.604826 0.705316 0.369751
vn 0.604826 0.705316 0.369751
vn 0.604826 0.705316 0.369751
vn 0.610055 0.734443 0.297365
vn 0.610055 0.734443 0.297365
vn 0.610055 0.734443 0.297365
vn 0.610055 0.734443 0.297365
vn 0.611379 0.764543 0.204181
vn 0.611379 0.764543 0.204181
vn 0.611379 0.764543 0.204181
vn 0.611379 0.764543 0.204181
vn 0.616167 0.777187 0.127745
vn 0.616167 0.777187 0.127745
vn 0.616167 0.777187 0.127745
vn 0.616167 0.777187 0.127745
vn 0.602876 0.795538 0.060503
vn 0.602876 0.795538 0.060503
vn 0.602876 0.795538 0.060503
vn 0.602876 0.795538 0.060503
vn 0.648992 0.701108 0.295394
vn 0.648992 0.701108 0.295394
vn 0.648992 0.701108 0.295394
vn 0.648992 0.701108 0.295394
vn 0.629246 0.751065 0.199876
vn 0.629246 0.751065 0.199876
vn 0.629246 0.751065 0.199876
vn 0.629246 0.751065 0.199876
vn 0.615515 0.779719 0.114808
vn 0.615515 0.779719 0.114808
vn 0.615515 0.779719 0.114808
vn 0.615515 0.779719 0.114808
vn 0.674810 0.737718 0.020076
vn 0.674810 0.737718 0.020076
vn 0.674810 0.737718 0.020076
vn 0.674810 0.737718 0.020076
vn 0.745271 0.610807 -0.267369
vn 0.745271 0.610807 -0.267369
vn 0.745271 0.610807 -0.267369
vn 0.745271 0.610807 -0.267369
vn 0.234308 0.578457 -0.781337
vn 0.234308 0.578457 -0.781337
vn 0.234308 0.578457 -0.781337
vn 0.234308 0.578457 -0.781337
vn 0.505279 0.862952 -0.002689
vn 0.505279 0.862952 -0.002689
vn 0.505279 0.862952 -0.002689
vn 0.505279 0.862952 -0.002689
vn 0.162942 0.646667 -0.745165
vn 0.162942 0.646667 -0.745165
vn 0.162942 0.646667 -0.745165
vn 0.162942 0.646667 -0.745165
vn 0.462226 0.444069 -0.767561
vn 0.462226 0.444069 -0.767561
vn 0.462226 0.444069 -0.767561
vn 0.462226 0.444069 -0.767561
vn 0.000570 0.819523 0.573047
vn 0.000570 0.819523 0.573047
vn 0.000570 0.819523 0.573047
vn 0.000570 0.819523 0.573047
vn 0.510623 0.648974 0.564002
vn 0.510623 0.648974 0.564002
vn 0.510623 0.648974 0.564002
vn 0.510623 0.648974 0.564002
vn 0.700136 0.713842 -0.015426
vn 0.700136 0.713842 -0.015426
vn 0.700136 0.713842 -0.015426
vn 0.700136 0.713842 -0.015426
vn 0.647447 0.752191 -0.122556
vn 0.647447 0.752191 -0.122556
vn 0.647447 0.752191 -0.122556
vn 0.647447 0.752191 -0.122556
vn 0.568489 0.812972 0.126081
vn 0.568489 0.812972 0.126081
vn 0.568489 0.812972 0.126081
vn 0.568489 0.812972 0.126081
vn 0.428736 0.886035 0.176429
vn 0.428736 0.886035 0.176429
vn 0.428736 0.886035 0.176429
vn 0.428736 0.886035 0.176429
vn 0.273473 0.937484 0.215258
vn 0.273473 0.937484 0.215258
vn 0.273473 0.937484 0.215258
vn 0.273473 0.937484 0.215258
vn 0.326760 0.932185 0.155752
vn 0.326760 0.932185 0.155752
vn 0.326760 0.932185 0.155752
vn 0.326760 0.932185 0.155752
vn 0.651716 0.756662 0.052235
vn 0.651716 0.756662 0.052235
vn 0.651716 0.756662 0.052235
vn 0.651716 0.756662 0.052235
vn 0.676821 0.735990 -0.015259
vn 0.676821 0.735990 -0.015259
vn 0.676821 0.735990 -0.015259
vn 0.676821 0.735990 -0.015259
vn 0.601640 0.794848 0.079029
vn 0.601640 0.794848 0.079029
vn 0.601640 0.794848 0.079029
vn 0.601640 0.794848 0.079029
vn 0.670787 0.697615 -0.251750
vn 0.670787 0.697615 -0.251750
vn 0.670787 0.697615 -0.251750
vn 0.670787 0.697615 -0.251750
vn 0.668392 0.741663 -0.056458
vn 0.668392 0.741663 -0.056458
vn 0.668392 0.741663 -0.056458
vn 0.668392 0.741663 -0.056458
vn 0.497046 0.530620 -0.686577
vn 0.497046 0.530620 -0.686577
vn 0.497046 0.530620 -0.686577
vn 0.497046 0.530620 -0.686577
vn 0.089775 0.976690 0.194981
vn 0.089775 0.976690 0.194981
vn 0.089775 0.976690 0.194981
vn 0.089775 0.976690 0.194981
vn 0.388594 0.886492 0.251252
vn 0.388594 0.886492 0.251252
vn 0.388594 0.886492 0.251252
vn 0.388594 0.886492 0.251252
vn 0.420339 0.892748 0.162221
vn 0.420339 0.892748 0.162221
vn 0.420339 0.892748 0.162221
vn 0.420339 0.892748 0.162221
vn 0.403266 0.913193 0.058774
vn 0.403266 0.913193 0.058774
vn 0.403266 0.913193 0.058774
vn 0.403266 0.913193 0.058774
vn 0.379053 0.925065 -0.023955
vn 0.379053 0.925065 -0.023955
vn 0.379053 0.925065 -0.023955
vn 0.379053 0.925065 -0.023955
vn -0.714505 0.594757 0.368437
vn -0.714505 0.594757 0.368437
vn -0.714505 0.594757 0.368437
vn -0.714505 0.594757 0.368437
vn 0.563028 0.814463 0.140176
vn 0.563028 0.814463 0.140176
vn 0.563028 0.814463 0.140176
vn 0.563028 0.814463 0.140176
vn 0.561933 0.825029 0.059649
vn 0.561933 0.825029 0.059649
vn 0.561933 0.825029 0.059649
vn 0.561933 0.825029 0.059649
vn 0.532454 0.845731 0.035108
vn 0.532454 0.845731 0.035108
vn 0.532454 0.845731 0.035108
vn 0.532454 0.845731 0.035108
vn 0.559021 0.701931 0.441349
vn 0.559021 0.701931 0.441349
vn 0.559021 0.701931 0.441349
vn 0.559021 0.701931 0.441349
vn 0.703093 0.686005 -0.187234
vn 0.703093 0.686005 -0.187234
vn 0.703093 0.686005 -0.187234
vn 0.703093 0.686005 -0.187234
vn 0.665036 0.725729 -0.176195
vn 0.665036 0.725729 -0.176195
vn 0.665036 0.725729 -0.176195
vn 0.665036 0.725729 -0.176195
vn 0.408921 0.909335 0.076767
vn 0.408921 0.909335 0.076767
vn 0.408921 0.909335 0.076767
vn 0.408921 0.909335 0.076767
vn 0.515494 0.852904 0.082590
vn 0.515494 0.852904 0.082590
vn 0.515494 0.852904 0.082590
vn 0.515494 0.852904 0.082590
vn 0.564522 0.821470 0.080634
vn 0.564522 0.821470 0.080634
vn 0.564522 0.821470 0.080634
vn 0.564522 0.821470 0.080634
vn 0.611606 0.786940 0.081630
vn 0.611606 0.786940 0.081630
vn 0.611606 0.786940 0.081630
vn 0.611606 0.786940 0.081630
vn 0.639957 0.765602 0.065641
vn 0.639957 0.765602 0.065641
vn 0.639957 0.765602 0.065641
vn 0.639957 0.765602 0.065641
vn 0.659102 0.749742 0.058917
vn 0.659102 0.749742 0.058917
vn 0.659102 0.749742 0.058917
vn 0.659102 0.749742 0.058917
vn 0.723703 0.689200 0.035451
vn 0.723703 0.689200 0.035451
vn 0.723703 0.689200 0.035451
vn 0.723703 0.689200 0.035451
vn 0.387142 0.921778 0.021112
vn 0.387142 0.921778 0.021112
vn 0.387142 0.921778 0.021112
vn 0.387142 0.921778 0.021112
vn 0.506147 0.861567 0.038951
vn 0.506147 0.861567 0.038951
vn 0.506147 0.861567 0.038951
vn 0.506147 0.861567 0.038951
vn 0.554012 0.831283 0.045164
vn 0.554012 0.831283 0.045164
vn 0.554012 0.831283 0.045164
vn 0.554012 0.831283 0.045164
vn 0.596069 0.800238 0.065734
vn 0.596069 0.800238 0.065734
vn 0.596069 0.800238 0.065734
vn 0.596069 0.800238 0.065734
vn 0.652894 0.755687 0.051641
vn 0.652894 0.755687 0.051641
vn 0.652894 0.755687 0.051641
vn 0.652894 0.755687 0.051641
vn 0.695445 0.718058 0.027367
vn 0.695445 0.718058 0.027367
vn 0.695445 0.718058 0.027367
vn 0.695445 0.718058 0.027367
vn 0.725488 0.685586 -0.060332
vn 0.725488 0.685586 -0.060332
vn 0.725488 0.685586 -0.060332
vn 0.725488 0.685586 -0.060332
vn 0.805089 0.475562 -0.354502
vn 0.805089 0.475562 -0.354502
vn 0.805089 0.475562 -0.354502
vn 0.805089 0.475562 -0.354502
vn 0.383143 0.918893 -0.094011
vn 0.383143 0.918893 -0.094011
vn 0.383143 0.918893 -0.094011
vn 0.383143 0.918893 -0.094011
vn 0.491838 0.869227 -0.050394
vn 0.491838 0.869227 -0.050394
vn 0.491838 0.869227 -0.050394
vn 0.491838 0.869227 -0.050394
vn 0.496338 0.868031 -0.013084
vn 0.496338 0.868031 -0.013084
vn 0.496338 0.868031 -0.013084
vn 0.496338 0.868031 -0.013084
vn 0.634777 0.772581 -0.013300
vn 0.634777 0.772581 -0.013300
vn 0.634777 0.772581 -0.013300
vn 0.634777 0.772581 -0.013300
vn 0.702983 0.707764 -0.069893
vn 0.702983 0.707764 -0.069893
vn 0.702983 0.707764 -0.069893
vn 0.702983 0.707764 -0.069893
vn 0.671121 0.740037 -0.044066
vn 0.671121 0.740037 -0.044066
vn 0.671121 0.740037 -0.044066
vn 0.671121 0.740037 -0.044066
vn 0.749600 0.506274 -0.426364
vn 0.749600 0.506274 -0.426364
vn 0.749600 0.506274 -0.426364
vn 0.749600 0.506274 -0.426364
vn 0.547751 0.802022 0.238179
vn 0.547751 0.802022 0.238179
vn 0.547751 0.802022 0.238179
vn 0.547751 0.802022 0.238179
vn 0.503925 0.823810 0.259608
vn 0.503925 0.823810 0.259608
vn 0.503925 0.823810 0.259608
vn 0.503925 0.823810 0.259608
vn 0.362952 0.885250 0.290859
vn 0.362952 0.885250 0.290859
vn 0.362952 0.885250 0.290859
vn 0.362952 0.885250 0.290859
vn 0.530942 0.789768 0.307192
vn 0.530942 0.789768 0.307192
vn 0.530942 0.789768 0.307192
vn 0.530942 0.789768 0.307192
vn 0.470763 0.821968 0.320547
vn 0.470763 0.821968 0.320547
vn 0.470763 0.821968 0.320547
vn 0.470763 0.821968 0.320547
vn 0.314890 0.880876 0.353414
vn 0.314890 0.880876 0.353414
vn 0.314890 0.880876 0.353414
vn 0.314890 0.880876 0.353414
vn 0.543488 0.746096 0.384658
vn 0.543488 0.746096 0.384658
vn 0.543488 0.746096 0.384658
vn 0.543488 0.746096 0.384658
vn 0.445730 0.797060 0.407454
vn 0.445730 0.797060 0.407454
vn 0.445730 0.797060 0.407454
vn 0.445730 0.797060 0.407454
vn 0.256250 0.863217 0.434962
vn 0.256250 0.863217 0.434962
vn 0.256250 0.863217 0.434962
vn 0.256250 0.863217 0.434962
vn 0.504094 0.670201 0.544720
vn 0.504094 0.670201 0.544720
vn 0.504094 0.670201 0.544720
vn 0.504094 0.670201 0.544720
vn 0.293317 0.770007 0.566617
vn 0.293317 0.770007 0.566617
vn 0.293317 0.770007 0.566617
vn 0.293317 0.770007 0.566617
vn 0.344364 0.870622 0.351327
vn 0.344364 0.870622 0.351327
vn 0.344364 0.870622 0.351327
vn 0.344364 0.870622 0.351327
vn 0.483373 0.820922 0.304036
vn 0.483373 0.820922 0.304036
vn 0.483373 0.820922 0.304036
vn 0.483373 0.820922 0.304036
vn 0.537114 0.795726 0.279872
vn 0.537114 0.795726 0.279872
vn 0.537114 0.795726 0.279872
vn 0.537114 0.795726 0.279872
vn 0.606270 0.746457 0.274299
vn 0.606270 0.746457 0.274299
vn 0.606270 0.746457 0.274299
vn 0.606270 0.746457 0.274299
vn 0.633588 0.716295 0.292383
vn 0.633588 0.716295 0.292383
vn 0.633588 0.716295 0.292383
vn 0.633588 0.716295 0.292383
vn 0.548278 0.783614 0.292132
vn 0.548278 0.783614 0.292132
vn 0.548278 0.783614 0.292132
vn 0.548278 0.783614 0.292132
vn 0.460939 0.842495 0.278813
vn 0.460939 0.842495 0.278813
vn 0.460939 0.842495 0.278813
vn 0.460939 0.842495 0.278813
vn 0.395280 0.891175 0.222622
vn 0.395280 0.891175 0.222622
vn 0.395280 0.891175 0.222622
vn 0.395280 0.891175 0.222622
vn 0.515336 0.835789 0.189432
vn 0.515336 0.835789 0.189432
vn 0.515336 0.835789 0.189432
vn 0.515336 0.835789 0.189432
vn 0.556526 0.809840 0.185574
vn 0.556526 0.809840 0.185574
vn 0.556526 0.809840 0.185574
vn 0.556526 0.809840 0.185574
vn 0.615293 0.769373 0.171697
vn 0.615293 0.769373 0.171697
vn 0.615293 0.769373 0.171697
vn 0.615293 0.769373 0.171697
vn 0.616197 0.766340 0.181726
vn 0.616197 0.766340 0.181726
vn 0.616197 0.766340 0.181726
vn 0.616197 0.766340 0.181726
vn 0.568392 0.787749 0.237451
vn 0.568392 0.787749 0.237451
vn 0.568392 0.787749 0.237451
vn 0.568392 0.787749 0.237451
vn 0.587259 0.747177 0.311212
vn 0.587259 0.747177 0.311212
vn 0.587259 0.747177 0.311212
vn 0.587259 0.747177 0.311212
vn 0.540354 0.788277 0.294341
vn 0.540354 0.788277 0.294341
vn 0.540354 0.788277 0.294341
vn 0.540354 0.788277 0.294341
vn 0.313420 0.880958 0.354515
vn 0.313420 0.880958 0.354515
vn 0.313420 0.880958 0.354515
vn 0.313420 0.880958 0.354515
vn 0.307292 0.939435 0.151767
vn 0.307292 0.939435 0.151767
vn 0.307292 0.939435 0.151767
vn 0.307292 0.939435 0.151767
vn 0.385145 0.896030 0.220892
vn 0.385145 0.896030 0.220892
vn 0.385145 0.896030 0.220892
vn 0.385145 0.896030 0.220892
vn 0.478252 0.790865 0.381847
vn 0.478252 0.790865 0.381847
vn 0.478252 0.790865 0.381847
vn 0.478252 0.790865 0.381847
vn 0.445978 0.793571 0.413943
vn 0.445978 0.793571 0.413943
vn 0.445978 0.793571 0.413943
vn 0.445978 0.793571 0.413943
vn 0.543642 0.627776 0.557091
vn 0.543642 0.627776 0.557091
vn 0.543642 0.627776 0.557091
vn 0.543642 0.627776 0.557091
vn 0.234469 0.769458 0.594103
vn 0.234469 0.769458 0.594103
vn 0.234469 0.769458 0.594103
vn 0.234469 0.769458 0.594103
vn 0.585886 0.719618 0.372676
vn 0.585886 0.719618 0.372676
vn 0.585886 0.719618 0.372676
vn 0.585886 0.719618 0.372676
vn 0.306891 0.662022 0.683772
vn 0.306891 0.662022 0.683772
vn 0.306891 0.662022 0.683772
vn 0.306891 0.662022 0.683772
vn -0.070164 0.994379 0.079287
vn -0.070164 0.994379 0.079287
vn -0.070164 0.994379 0.079287
vn -0.070164 0.994379 0.079287
vn 0.934950 -0.106032 -0.338565
vn 0.934950 -0.106032 -0.338565
vn 0.934950 -0.106032 -0.338565
vn 0.934950 -0.106032 -0.338565
vn 0.543529 -0.006970 0.839361
vn 0.543529 -0.006970 0.839361
vn 0.543529 -0.006970 0.839361
vn 0.543529 -0.006970 0.839361
vn -0.412374 -0.393810 0.821499
vn -0.412374 -0.393810 0.821499
vn -0.412374 -0.393810 0.821499
vn -0.412374 -0.393810 0.821499
vn 0.896173 -0.020627 0.443226
vn 0.896173 -0.020627 0.443226
vn 0.896173 -0.020627 0.443226
vn 0.896173 -0.020627 0.443226
vn 0.869563 -0.035936 0.492513
vn 0.869563 -0.035936 0.492513
vn 0.869563 -0.035936 0.492513
vn 0.869563 -0.035936 0.492513
vn 0.776216 -0.026818 0.629897
vn 0.776216 -0.026818 0.629897
vn 0.776216 -0.026818 0.629897
vn 0.776216 -0.026818 0.629897
vn 0.571281 -0.037424 0.819901
vn 0.571281 -0.037424 0.819901
vn 0.571281 -0.037424 0.819901
vn 0.571281 -0.037424 0.819901
vn 0.959353 0.010172 -0.282026
vn 0.959353 0.010172 -0.282026
vn 0.959353 0.010172 -0.282026
vn 0.959353 0.010172 -0.282026
vn 0.666571 -0.030907 0.744801
vn 0.666571 -0.030907 0.744801
vn 0.666571 -0.030907 0.744801
vn 0.666571 -0.030907 0.744801
vn 0.399627 -0.074539 0.913642
vn 0.399627 -0.074539 0.913642
vn 0.399627 -0.074539 0.913642
vn 0.399627 -0.074539 0.913642
vn 0.781978 -0.043490 0.621787
vn 0.781978 -0.043490 0.621787
vn 0.781978 -0.043490 0.621787
vn 0.781978 -0.043490 0.621787
vn 0.855028 -0.273474 -0.440612
vn 0.855028 -0.273474 -0.440612
vn 0.855028 -0.273474 -0.440612
vn 0.855028 -0.273474 -0.440612
vn 0.974870 0.112978 0.192004
vn 0.974870 0.112978 0.192004
vn 0.974870 0.112978 0.192004
vn 0.974870 0.112978 0.192004
vn 0.534464 0.008990 -0.845143
vn 0.534464 0.008990 -0.845143
vn 0.534464 0.008990 -0.845143
vn 0.534464 0.008990 -0.845143
vn 0.923230 -0.041933 0.381953
vn 0.923230 -0.041933 0.381953
vn 0.923230 -0.041933 0.381953
vn 0.923230 -0.041933 0.381953
vn 0.397683 -0.915194 -0.065334
vn 0.397683 -0.915194 -0.065334
vn 0.397683 -0.915194 -0.065334
vn 0.397683 -0.915194 -0.065334
vn 0.189728 -0.981551 0.023697
vn 0.189728 -0.981551 0.023697
vn 0.189728 -0.981551 0.023697
vn 0.189728 -0.981551 0.023697
vn -0.200954 -0.811037 0.549396
vn -0.200954 -0.811037 0.549396
vn -0.200954 -0.811037 0.549396
vn -0.200954 -0.811037 0.549396
vn 0.115603 -0.984025 -0.135394
vn 0.115603 -0.984025 -0.135394
vn 0.115603 -0.984025 -0.135394
vn 0.115603 -0.984025 -0.135394
vn 0.178788 -0.982566 0.050973
vn 0.178788 -0.982566 0.050973
vn 0.178788 -0.982566 0.050973
vn 0.178788 -0.982566 0.050973
vn 0.099506 -0.955873 0.276416
vn 0.099506 -0.955873 0.276416
vn 0.099506 -0.955873 0.276416
vn 0.099506 -0.955873 0.276416
vn -0.124945 -0.988543 0.084688
vn -0.124945 -0.988543 0.084688
vn -0.124945 -0.988543 0.084688
vn -0.124945 -0.988543 0.084688
vn 0.279305 -0.959380 -0.039726
vn 0.279305 -0.959380 -0.039726
vn 0.279305 -0.959380 -0.039726
vn 0.279305 -0.959380 -0.039726
vn 0.265031 -0.959420 0.096289
vn 0.265031 -0.959420 0.096289
vn 0.265031 -0.959420 0.096289
vn 0.265031 -0.959420 0.096289
vn 0.013686 -0.772163 0.635277
vn 0.013686 -0.772163 0.635277
vn 0.013686 -0.772163 0.635277
vn 0.013686 -0.772163 0.635277
vn 0.515187 -0.814225 -0.267619
vn 0.515187 -0.814225 -0.267619
vn 0.515187 -0.814225 -0.267619
vn 0.515187 -0.814225 -0.267619
vn 0.254856 -0.959194 -0.122459
vn 0.254856 -0.959194 -0.122459
vn 0.254856 -0.959194 -0.122459
vn 0.254856 -0.959194 -0.122459
vn 0.506025 -0.828160 -0.241019
vn 0.506025 -0.828160 -0.241019
vn 0.506025 -0.828160 -0.241019
vn 0.506025 -0.828160 -0.241019
vn 0.272233 -0.958020 -0.089925
vn 0.272233 -0.958020 -0.089925
vn 0.272233 -0.958020 -0.089925
vn 0.272233 -0.958020 -0.089925
vn 0.916454 0.110733 -0.384513
vn 0.916454 0.110733 -0.384513
vn 0.916454 0.110733 -0.384513
vn 0.916454 0.110733 -0.384513
vn 0.433732 0.898807 -0.063430
vn 0.433732 0.898807 -0.063430
vn 0.433732 0.898807 -0.063430
vn 0.433732 0.898807 -0.063430
vn 0.047938 0.993493 -0.103313
vn 0.047938 0.993493 -0.103313
vn 0.047938 0.993493 -0.103313
vn 0.047938 0.993493 -0.103313
vn 0.073569 0.943304 0.323673
vn 0.073569 0.943304 0.323673
vn 0.073569 0.943304 0.323673
vn 0.073569 0.943304 0.323673
vn 0.443098 0.890954 0.099319
vn 0.443098 0.890954 0.099319
vn 0.443098 0.890954 0.099319
vn 0.443098 0.890954 0.099319
vn 0.087021 0.981196 0.172286
vn 0.087021 0.981196 0.172286
vn 0.087021 0.981196 0.172286
vn 0.087021 0.981196 0.172286
vn 0.117899 0.977269 0.176199
vn 0.117899 0.977269 0.176199
vn 0.117899 0.977269 0.176199
vn 0.117899 0.977269 0.176199
vn -0.166075 0.932147 0.321748
vn -0.166075 0.932147 0.321748
vn -0.166075 0.932147 0.321748
vn -0.166075 0.932147 0.321748
vn -0.167279 0.967844 0.187873
vn -0.167279 0.967844 0.187873
vn -0.167279 0.967844 0.187873
vn -0.167279 0.967844 0.187873
vn 0.225341 0.973335 -0.042892
vn 0.225341 0.973335 -0.042892
vn 0.225341 0.973335 -0.042892
vn 0.225341 0.973335 -0.042892
vn -0.107441 0.982567 0.151717
vn -0.107441 0.982567 0.151717
vn -0.107441 0.982567 0.151717
vn -0.107441 0.982567 0.151717
vn 0.291812 0.952084 -0.091553
vn 0.291812 0.952084 -0.091553
vn 0.291812 0.952084 -0.091553
vn 0.291812 0.952084 -0.091553
vn 0.005031 0.995307 -0.096636
vn 0.005031 0.995307 -0.096636
vn 0.005031 0.995307 -0.096636
vn 0.005031 0.995307 -0.096636
vn 0.211705 0.963172 0.165774
vn 0.211705 0.963172 0.165774
vn 0.211705 0.963172 0.165774
vn 0.211705 0.963172 0.165774
vn 0.175272 0.982495 -0.063112
vn 0.175272 0.982495 -0.063112
vn 0.175272 0.982495 -0.063112
vn 0.175272 0.982495 -0.063112
vn -0.215385 0.971332 -0.100620
vn -0.215385 0.971332 -0.100620
vn -0.215385 0.971332 -0.100620
vn -0.215385 0.971332 -0.100620
vn 0.609903 -0.600732 -0.516855
vn 0.609903 -0.600732 -0.516855
vn 0.609903 -0.600732 -0.516855
vn 0.609903 -0.600732 -0.516855
vn 0.362583 -0.921315 -0.140403
vn 0.362583 -0.921315 -0.140403
vn 0.362583 -0.921315 -0.140403
vn 0.362583 -0.921315 -0.140403
vn 0.425521 -0.902019 -0.072761
vn 0.425521 -0.902019 -0.072761
vn 0.425521 -0.902019 -0.072761
vn 0.425521 -0.902019 -0.072761
vn 0.308659 -0.903050 0.298715
vn 0.308659 -0.903050 0.298715
vn 0.308659 -0.903050 0.298715
vn 0.308659 -0.903050 0.298715
vn 0.385945 -0.912595 -0.134968
vn 0.385945 -0.912595 -0.134968
vn 0.385945 -0.912595 -0.134968
vn 0.385945 -0.912595 -0.134968
vn 0.300017 -0.952788 -0.046738
vn 0.300017 -0.952788 -0.046738
vn 0.300017 -0.952788 -0.046738
vn 0.300017 -0.952788 -0.046738
vn 0.235502 -0.931273 0.277973
vn 0.235502 -0.931273 0.277973
vn 0.235502 -0.931273 0.277973
vn 0.235502 -0.931273 0.277973
vn 0.348876 -0.937160 -0.004040
vn 0.348876 -0.937160 -0.004040
vn 0.348876 -0.937160 -0.004040
vn 0.348876 -0.937160 -0.004040
vn 0.383869 -0.922885 -0.030471
vn 0.383869 -0.922885 -0.030471
vn 0.383869 -0.922885 -0.030471
vn 0.383869 -0.922885 -0.030471
vn 0.293123 -0.956063 0.004752
vn 0.293123 -0.956063 0.004752
vn 0.293123 -0.956063 0.004752
vn 0.293123 -0.956063 0.004752
vn 0.126634 -0.984390 0.122230
vn 0.126634 -0.984390 0.122230
vn 0.126634 -0.984390 0.122230
vn 0.126634 -0.984390 0.122230
vn 0.383971 -0.909561 -0.158948
vn 0.383971 -0.909561 -0.158948
vn 0.383971 -0.909561 -0.158948
vn 0.383971 -0.909561 -0.158948
vn 0.270508 -0.875226 -0.401006
vn 0.270508 -0.875226 -0.401006
vn 0.270508 -0.875226 -0.401006
vn 0.270508 -0.875226 -0.401006
vn 0.540629 -0.593978 -0.595744
vn 0.540629 -0.593978 -0.595744
vn 0.540629 -0.593978 -0.595744
vn 0.540629 -0.593978 -0.595744
vn -0.074485 -0.984813 0.156827
vn -0.074485 -0.984813 0.156827
vn -0.074485 -0.984813 0.156827
vn -0.074485 -0.984813 0.156827
vn -0.966284 0.060644 0.250235
vn -0.966284 0.060644 0.250235
vn -0.966284 0.060644 0.250235
vn -0.966284 0.060644 0.250235
vn 0.508942 0.794215 0.331964
vn 0.508942 0.794215 0.331964
vn 0.508942 0.794215 0.331964
vn 0.508942 0.794215 0.331964
vn 0.820222 -0.031947 0.571153
vn 0.820222 -0.031947 0.571153
vn 0.820222 -0.031947 0.571153
vn 0.820222 -0.031947 0.571153
vn -0.093040 -0.986937 -0.131526
vn -0.093040 -0.986937 -0.131526
vn -0.093040 -0.986937 -0.131526
vn -0.093040 -0.986937 -0.131526
vn 0.000000 -0.988528 -0.151037
vn 0.000000 -0.988528 -0.151037
vn 0.000000 -0.988528 -0.151037
vn 0.000000 -0.988528 -0.151037
vn -0.997421 0.040625 -0.059164
vn -0.997421 0.040625 -0.059164
vn -0.997421 0.040625 -0.059164
vn -0.997421 0.040625 -0.059164
vn 0.064199 0.805658 0.588891
vn 0.064199 0.805658 0.588891
vn 0.064199 0.805658 0.588891
vn 0.064199 0.805658 0.588891
vn 0.570095 0.814432 -0.108131
vn 0.570095 0.814432 -0.108131
vn 0.570095 0.814432 -0.108131
vn 0.596996 0.744316 0.299314
vn 0.596996 0.744316 0.299314
vn 0.596996 0.744316 0.299314
vn 0.596996 0.744316 0.299314
vn 0.562865 0.758514 0.328388
vn 0.562865 0.758514 0.328388
vn 0.562865 0.758514 0.328388
vn 0.562865 0.758514 0.328388
vn 0.488410 0.829294 0.271529
vn 0.488410 0.829294 0.271529
vn 0.488410 0.829294 0.271529
vn 0.488410 0.829294 0.271529
vn -0.037129 0.972670 0.229203
vn -0.037129 0.972670 0.229203
vn -0.037129 0.972670 0.229203
vn -0.037129 0.972670 0.229203
vn 0.988231 -0.008406 0.152739
vn 0.988231 -0.008406 0.152739
vn 0.988231 -0.008406 0.152739
vn 0.988231 -0.008406 0.152739
vn 0.153841 -0.987825 0.023113
vn 0.153841 -0.987825 0.023113
vn 0.153841 -0.987825 0.023113
vn 0.153841 -0.987825 0.023113
vn 0.273187 -0.961949 0.004894
vn 0.273187 -0.961949 0.004894
vn 0.273187 -0.961949 0.004894
vn 0.273187 -0.961949 0.004894
vn 0.321263 -0.944653 0.066491
vn 0.321263 -0.944653 0.066491
vn 0.321263 -0.944653 0.066491
vn 0.321263 -0.944653 0.066491
vn 0.166548 -0.983288 -0.073526
vn 0.166548 -0.983288 -0.073526
vn 0.166548 -0.983288 -0.073526
vn 0.166548 -0.983288 -0.073526
vn 0.998897 0.015834 0.044209
vn 0.998897 0.015834 0.044209
vn 0.998897 0.015834 0.044209
vn 0.998897 0.015834 0.044209
vn 0.022521 0.996558 -0.079777
vn 0.022521 0.996558 -0.079777
vn 0.022521 0.996558 -0.079777
vn 0.022521 0.996558 -0.079777
vn 0.352266 0.915630 0.193729
vn 0.352266 0.915630 0.193729
vn 0.352266 0.915630 0.193729
vn 0.352266 0.915630 0.193729
vn 0.608430 0.733284 0.303494
vn 0.608430 0.733284 0.303494
vn 0.608430 0.733284 0.303494
vn 0.608430 0.733284 0.303494
vn 0.529018 0.801618 0.278474
vn 0.529018 0.801618 0.278474
vn 0.529018 0.801618 0.278474
vn 0.529018 0.801618 0.278474
vn 0.283302 -0.958582 -0.029344
vn 0.283302 -0.958582 -0.029344
vn 0.283302 -0.958582 -0.029344
vn 0.283302 -0.958582 -0.029344
vn 0.310564 -0.949603 0.042473
vn 0.310564 -0.949603 0.042473
vn 0.310564 -0.949603 0.042473
vn 0.310564 -0.949603 0.042473
vn 0.648378 0.727492 0.224416
vn 0.648378 0.727492 0.224416
vn 0.648378 0.727492 0.224416
vn 0.648378 0.727492 0.224416
vn 0.586575 0.796938 0.144287
vn 0.586575 0.796938 0.144287
vn 0.586575 0.796938 0.144287
vn 0.586575 0.796938 0.144287
vn 0.618026 0.777580 0.115820
vn 0.618026 0.777580 0.115820
vn 0.618026 0.777580 0.115820
vn 0.618026 0.777580 0.115820
vn -0.074358 0.990106 0.118997
vn -0.074358 0.990106 0.118997
vn -0.074358 0.990106 0.118997
vn -0.074358 0.990106 0.118997
vn 0.999134 -0.007094 -0.040990
vn 0.999134 -0.007094 -0.040990
vn 0.999134 -0.007094 -0.040990
vn 0.999134 -0.007094 -0.040990
vn 0.092942 -0.978704 -0.183032
vn 0.092942 -0.978704 -0.183032
vn 0.092942 -0.978704 -0.183032
vn 0.092942 -0.978704 -0.183032
vn 0.348746 -0.935152 -0.062180
vn 0.348746 -0.935152 -0.062180
vn 0.348746 -0.935152 -0.062180
vn 0.348746 -0.935152 -0.062180
vn 0.307324 -0.946206 -0.101222
vn 0.307324 -0.946206 -0.101222
vn 0.307324 -0.946206 -0.101222
vn 0.307324 -0.946206 -0.101222
vn 0.289674 -0.946110 -0.144791
vn 0.289674 -0.946110 -0.144791
vn 0.289674 -0.946110 -0.144791
vn 0.289674 -0.946110 -0.144791
vn 0.995962 0.008172 -0.089404
vn 0.995962 0.008172 -0.089404
vn 0.995962 0.008172 -0.089404
vn 0.995962 0.008172 -0.089404
vn 0.213846 0.976536 0.025435
vn 0.213846 0.976536 0.025435
vn 0.213846 0.976536 0.025435
vn 0.213846 0.976536 0.025435
vn 0.509446 0.839124 0.190619
vn 0.509446 0.839124 0.190619
vn 0.509446 0.839124 0.190619
vn 0.509446 0.839124 0.190619
vn 0.576275 0.792627 0.199123
vn 0.576275 0.792627 0.199123
vn 0.576275 0.792627 0.199123
vn 0.576275 0.792627 0.199123
vn 0.560438 0.811273 0.166570
vn 0.560438 0.811273 0.166570
vn 0.560438 0.811273 0.166570
vn 0.560438 0.811273 0.166570
vn 0.442064 -0.884035 -0.151862
vn 0.442064 -0.884035 -0.151862
vn 0.442064 -0.884035 -0.151862
vn 0.442064 -0.884035 -0.151862
vn 0.347695 -0.937254 -0.025769
vn 0.347695 -0.937254 -0.025769
vn 0.347695 -0.937254 -0.025769
vn 0.347695 -0.937254 -0.025769
vn 0.647584 0.760628 0.045606
vn 0.647584 0.760628 0.045606
vn 0.647584 0.760628 0.045606
vn 0.647584 0.760628 0.045606
vn 0.715132 0.698943 0.008045
vn 0.715132 0.698943 0.008045
vn 0.715132 0.698943 0.008045
vn 0.715132 0.698943 0.008045
vn 0.344986 0.906932 0.241785
vn 0.344986 0.906932 0.241785
vn 0.344986 0.906932 0.241785
vn 0.344986 0.906932 0.241785
vn -0.972362 -0.039372 -0.230137
vn -0.972362 -0.039372 -0.230137
vn -0.972362 -0.039372 -0.230137
vn -0.972362 -0.039372 -0.230137
vn 0.455430 -0.890040 -0.020286
vn 0.455430 -0.890040 -0.020286
vn 0.455430 -0.890040 -0.020286
vn 0.455430 -0.890040 -0.020286
vn 0.371272 -0.927596 -0.041505
vn 0.371272 -0.927596 -0.041505
vn 0.371272 -0.927596 -0.041505
vn 0.371272 -0.927596 -0.041505
vn 0.368642 -0.928734 -0.039454
vn 0.368642 -0.928734 -0.039454
vn 0.368642 -0.928734 -0.039454
vn 0.368642 -0.928734 -0.039454
vn 0.287988 -0.953871 0.084805
vn 0.287988 -0.953871 0.084805
vn 0.287988 -0.953871 0.084805
vn 0.287988 -0.953871 0.084805
vn 0.803322 -0.055277 0.592974
vn 0.803322 -0.055277 0.592974
vn 0.803322 -0.055277 0.592974
vn 0.803322 -0.055277 0.592974
vn 0.153476 0.977447 0.145059
vn 0.153476 0.977447 0.145059
vn 0.153476 0.977447 0.145059
vn 0.153476 0.977447 0.145059
vn 0.754880 0.652075 -0.070380
vn 0.754880 0.652075 -0.070380
vn 0.754880 0.652075 -0.070380
vn 0.754880 0.652075 -0.070380
vn 0.649613 0.759603 -0.031718
vn 0.649613 0.759603 -0.031718
vn 0.649613 0.759603 -0.031718
vn 0.649613 0.759603 -0.031718
vn 0.663370 0.748177 0.013097
vn 0.663370 0.748177 0.013097
vn 0.663370 0.748177 0.013097
vn 0.663370 0.748177 0.013097
vn 0.606870 0.790924 0.078412
vn 0.606870 0.790924 0.078412
vn 0.606870 0.790924 0.078412
vn 0.606870 0.790924 0.078412
vn 0.353323 -0.935459 -0.008929
vn 0.353323 -0.935459 -0.008929
vn 0.353323 -0.935459 -0.008929
vn 0.353323 -0.935459 -0.008929
vn 0.398105 -0.917230 -0.014191
vn 0.398105 -0.917230 -0.014191
vn 0.398105 -0.917230 -0.014191
vn 0.398105 -0.917230 -0.014191
vn 0.380693 0.860396 0.338809
vn 0.380693 0.860396 0.338809
vn 0.380693 0.860396 0.338809
vn 0.380693 0.860396 0.338809
vn 0.052728 0.943292 0.327751
vn 0.052728 0.943292 0.327751
vn 0.052728 0.943292 0.327751
vn 0.052728 0.943292 0.327751
vn 0.942927 0.036222 -0.331025
vn 0.942927 0.036222 -0.331025
vn 0.942927 0.036222 -0.331025
vn 0.942927 0.036222 -0.331025
vn 0.225983 -0.965958 -0.125923
vn 0.225983 -0.965958 -0.125923
vn 0.225983 -0.965958 -0.125923
vn 0.225983 -0.965958 -0.125923
vn 0.351769 -0.923384 -0.153689
vn 0.351769 -0.923384 -0.153689
vn 0.351769 -0.923384 -0.153689
vn 0.351769 -0.923384 -0.153689
vn 0.334418 -0.941897 -0.031530
vn 0.334418 -0.941897 -0.031530
vn 0.334418 -0.941897 -0.031530
vn 0.334418 -0.941897 -0.031530
vn -0.019113 -0.996788 0.077774
vn -0.019113 -0.996788 0.077774
vn -0.019113 -0.996788 0.077774
vn -0.019113 -0.996788 0.077774
vn -0.038677 -0.044457 0.998262
vn -0.038677 -0.044457 0.998262
vn -0.038677 -0.044457 0.998262
vn -0.038677 -0.044457 0.998262
vn -0.026965 0.965949 0.257322
vn -0.026965 0.965949 0.257322
vn -0.026965 0.965949 0.257322
vn -0.026965 0.965949 0.257322
vn 0.390801 0.853891 0.343723
vn 0.390801 0.853891 0.343723
vn 0.390801 0.853891 0.343723
vn 0.390801 0.853891 0.343723
vn 0.523834 0.768829 0.366741
vn 0.523834 0.768829 0.366741
vn 0.523834 0.768829 0.366741
vn 0.523834 0.768829 0.366741
vn 0.354691 -0.934122 -0.040125
vn 0.354691 -0.934122 -0.040125
vn 0.354691 -0.934122 -0.040125
vn 0.354691 -0.934122 -0.040125
vn 0.414073 -0.902351 -0.119611
vn 0.414073 -0.902351 -0.119611
vn 0.414073 -0.902351 -0.119611
vn 0.414073 -0.902351 -0.119611
vn 0.558567 0.762881 0.325600
vn 0.558567 0.762881 0.325600
vn 0.558567 0.762881 0.325600
vn 0.558567 0.762881 0.325600
vn 0.381404 0.921907 0.067954
vn 0.381404 0.921907 0.067954
vn 0.381404 0.921907 0.067954
vn 0.381404 0.921907 0.067954
vn 0.305146 0.951837 -0.029875
vn 0.305146 0.951837 -0.029875
vn 0.305146 0.951837 -0.029875
vn 0.305146 0.951837 -0.029875
vn 0.805772 0.008788 -0.592161
vn 0.805772 0.008788 -0.592161
vn 0.805772 0.008788 -0.592161
vn 0.805772 0.008788 -0.592161
vn 0.166509 -0.971935 0.166185
vn 0.166509 -0.971935 0.166185
vn 0.166509 -0.971935 0.166185
vn 0.166509 -0.971935 0.166185
vn 0.156795 -0.970207 0.184697
vn 0.156795 -0.970207 0.184697
vn 0.156795 -0.970207 0.184697
vn 0.156795 -0.970207 0.184697
vn -0.010656 -0.919516 0.392909
vn -0.010656 -0.919516 0.392909
vn -0.010656 -0.919516 0.392909
vn -0.010656 -0.919516 0.392909
vn -0.428201 -0.013446 0.903584
vn -0.428201 -0.013446 0.903584
vn -0.428201 -0.013446 0.903584
vn -0.428201 -0.013446 0.903584
vn -0.067757 0.967185 0.244873
vn -0.067757 0.967185 0.244873
vn -0.067757 0.967185 0.244873
vn -0.067757 0.967185 0.244873
vn 0.324764 0.925938 0.192789
vn 0.324764 0.925938 0.192789
vn 0.324764 0.925938 0.192789
vn 0.324764 0.925938 0.192789
vn 0.403144 0.901003 0.160212
vn 0.403144 0.901003 0.160212
vn 0.403144 0.901003 0.160212
vn 0.403144 0.901003 0.160212
vn 0.545148 0.782174 0.301691
vn 0.545148 0.782174 0.301691
vn 0.545148 0.782174 0.301691
vn 0.545148 0.782174 0.301691
vn 0.583505 0.728809 0.358272
vn 0.583505 0.728809 0.358272
vn 0.583505 0.728809 0.358272
vn 0.583505 0.728809 0.358272
vn 0.603890 0.711957 0.358378
vn 0.603890 0.711957 0.358378
vn 0.603890 0.711957 0.358378
vn 0.603890 0.711957 0.358378
vn 0.388046 0.901403 0.192074
vn 0.388046 0.901403 0.192074
vn 0.388046 0.901403 0.192074
vn 0.388046 0.901403 0.192074
vn 0.408818 0.846750 0.340415
vn 0.408818 0.846750 0.340415
vn 0.408818 0.846750 0.340415
vn 0.408818 0.846750 0.340415
vn 0.286765 0.932679 0.218806
vn 0.286765 0.932679 0.218806
vn 0.286765 0.932679 0.218806
vn 0.286765 0.932679 0.218806
vn 0.352826 0.886529 0.299299
vn 0.352826 0.886529 0.299299
vn 0.352826 0.886529 0.299299
vn 0.352826 0.886529 0.299299
vn 0.213909 -0.467619 -0.857657
vn 0.213909 -0.467619 -0.857657
vn 0.213909 -0.467619 -0.857657
vn 0.213909 -0.467619 -0.857657
vn 0.306112 -0.918361 0.250814
vn 0.306112 -0.918361 0.250814
vn 0.306112 -0.918361 0.250814
vn 0.306112 -0.918361 0.250814
vn 0.166312 -0.911979 0.375013
vn 0.166312 -0.911979 0.375013
vn 0.166312 -0.911979 0.375013
vn 0.166312 -0.911979 0.375013
vn 0.184867 -0.940060 0.286551
vn 0.184867 -0.940060 0.286551
vn 0.184867 -0.940060 0.286551
vn 0.184867 -0.940060 0.286551
vn -0.051723 -0.839495 0.540901
vn -0.051723 -0.839495 0.540901
vn -0.051723 -0.839495 0.540901
vn -0.051723 -0.839495 0.540901
vn -0.313583 0.080990 0.946101
vn -0.313583 0.080990 0.946101
vn -0.313583 0.080990 0.946101
vn -0.313583 0.080990 0.946101
vn 0.122376 0.943166 0.308970
vn 0.122376 0.943166 0.308970
vn 0.122376 0.943166 0.308970
vn 0.122376 0.943166 0.308970
vn 0.251111 0.941702 0.223920
vn 0.251111 0.941702 0.223920
vn 0.251111 0.941702 0.223920
vn 0.251111 0.941702 0.223920
vn 0.389611 0.881065 0.268192
vn 0.389611 0.881065 0.268192
vn 0.389611 0.881065 0.268192
vn 0.389611 0.881065 0.268192
vn 0.436219 0.784105 0.441466
vn 0.436219 0.784105 0.441466
vn 0.436219 0.784105 0.441466
vn 0.436219 0.784105 0.441466
vn 0.512489 0.801459 0.308251
vn 0.512489 0.801459 0.308251
vn 0.512489 0.801459 0.308251
vn 0.512489 0.801459 0.308251
vn 0.634823 0.686445 0.354672
vn 0.634823 0.686445 0.354672
vn 0.634823 0.686445 0.354672
vn 0.634823 0.686445 0.354672
vn 0.536164 0.760937 0.365381
vn 0.536164 0.760937 0.365381
vn 0.536164 0.760937 0.365381
vn 0.536164 0.760937 0.365381
vn 0.563554 0.743408 0.360210
vn 0.563554 0.743408 0.360210
vn 0.563554 0.743408 0.360210
vn 0.563554 0.743408 0.360210
vn 0.285566 0.852053 0.438701
vn 0.285566 0.852053 0.438701
vn 0.285566 0.852053 0.438701
vn 0.285566 0.852053 0.438701
vn 0.453464 0.811770 0.367968
vn 0.453464 0.811770 0.367968
vn 0.453464 0.811770 0.367968
vn 0.453464 0.811770 0.367968
vn 0.539806 0.769970 0.340229
vn 0.539806 0.769970 0.340229
vn 0.539806 0.769970 0.340229
vn 0.539806 0.769970 0.340229
vn 0.609571 0.717870 0.336281
vn 0.609571 0.717870 0.336281
vn 0.609571 0.717870 0.336281
vn 0.609571 0.717870 0.336281
vn 0.644829 0.688343 0.332234
vn 0.644829 0.688343 0.332234
vn 0.644829 0.688343 0.332234
vn 0.644829 0.688343 0.332234
vn 0.266674 0.829404 0.490891
vn 0.266674 0.829404 0.490891
vn 0.266674 0.829404 0.490891
vn 0.266674 0.829404 0.490891
vn 0.446339 0.773925 0.449246
vn 0.446339 0.773925 0.449246
vn 0.446339 0.773925 0.449246
vn 0.446339 0.773925 0.449246
vn 0.542009 0.730229 0.415924
vn 0.542009 0.730229 0.415924
vn 0.542009 0.730229 0.415924
vn 0.542009 0.730229 0.415924
vn 0.591650 0.695149 0.408312
vn 0.591650 0.695149 0.408312
vn 0.591650 0.695149 0.408312
vn 0.591650 0.695149 0.408312
vn 0.623500 0.675633 0.393406
vn 0.623500 0.675633 0.393406
vn 0.623500 0.675633 0.393406
vn 0.623500 0.675633 0.393406
vn 0.312295 0.897783 0.310577
vn 0.312295 0.897783 0.310577
vn 0.312295 0.897783 0.310577
vn 0.312295 0.897783 0.310577
vn -0.042058 0.998475 -0.035757
vn -0.042058 0.998475 -0.035757
vn -0.042058 0.998475 -0.035757
vn -0.042058 0.998475 -0.035757
vn 0.988663 -0.023918 0.148232
vn 0.988663 -0.023918 0.148232
vn 0.988663 -0.023918 0.148232
vn 0.988663 -0.023918 0.148232
vn 0.241764 -0.966579 -0.085294
vn 0.241764 -0.966579 -0.085294
vn 0.241764 -0.966579 -0.085294
vn 0.241764 -0.966579 -0.085294
vn 0.574012 0.716920 0.395645
vn 0.574012 0.716920 0.395645
vn 0.574012 0.716920 0.395645
vn 0.574012 0.716920 0.395645
vn 0.374283 0.865436 0.333066
vn 0.374283 0.865436 0.333066
vn 0.374283 0.865436 0.333066
vn 0.374283 0.865436 0.333066
vn 0.385730 0.905456 0.177090
vn 0.385730 0.905456 0.177090
vn 0.385730 0.905456 0.177090
vn 0.385730 0.905456 0.177090
vn 0.991122 0.122064 0.052711
vn 0.991122 0.122064 0.052711
vn 0.991122 0.122064 0.052711
vn 0.991122 0.122064 0.052711
vn 0.031887 -0.985179 -0.168541
vn 0.031887 -0.985179 -0.168541
vn 0.031887 -0.985179 -0.168541
vn 0.031887 -0.985179 -0.168541
vn -0.945350 -0.068351 0.318813
vn -0.945350 -0.068351 0.318813
vn -0.945350 -0.068351 0.318813
vn -0.945350 -0.068351 0.318813
vn 0.351503 0.930370 -0.104194
vn 0.351503 0.930370 -0.104194
vn 0.351503 0.930370 -0.104194
vn 0.351503 0.930370 -0.104194
vn 0.409280 0.880936 0.237575
vn 0.409280 0.880936 0.237575
vn 0.409280 0.880936 0.237575
vn 0.409280 0.880936 0.237575
vn 0.404878 0.856017 0.321418
vn 0.404878 0.856017 0.321418
vn 0.404878 0.856017 0.321418
vn 0.404878 0.856017 0.321418
vn 0.351477 0.845514 0.401957
vn 0.351477 0.845514 0.401957
vn 0.351477 0.845514 0.401957
vn 0.351477 0.845514 0.401957
vn 0.470304 0.718904 0.511850
vn 0.470304 0.718904 0.511850
vn 0.470304 0.718904 0.511850
vn 0.470304 0.718904 0.511850
vn 0.235471 -0.969680 0.065373
vn 0.235471 -0.969680 0.065373
vn 0.235471 -0.969680 0.065373
vn 0.235471 -0.969680 0.065373
vn -0.124133 -0.895081 0.428277
vn -0.124133 -0.895081 0.428277
vn -0.124133 -0.895081 0.428277
vn -0.124133 -0.895081 0.428277
vn -0.044881 -0.823054 0.566187
vn -0.044881 -0.823054 0.566187
vn -0.044881 -0.823054 0.566187
vn -0.044881 -0.823054 0.566187
vn 0.326468 0.925799 -0.190565
vn 0.326468 0.925799 -0.190565
vn 0.326468 0.925799 -0.190565
vn 0.326468 0.925799 -0.190565
vn 0.621741 -0.011884 0.783133
vn 0.621741 -0.011884 0.783133
vn 0.621741 -0.011884 0.783133
vn 0.621741 -0.011884 0.783133
vn -0.042525 -0.949508 0.310847
vn -0.042525 -0.949508 0.310847
vn -0.042525 -0.949508 0.310847
vn -0.042525 -0.949508 0.310847
vn 0.203917 0.974505 0.093580
vn 0.203917 0.974505 0.093580
vn 0.203917 0.974505 0.093580
vn 0.203917 0.974505 0.093580
vn 0.428168 0.902305 0.050192
vn 0.428168 0.902305 0.050192
vn 0.428168 0.902305 0.050192
vn 0.428168 0.902305 0.050192
vn 0.996667 0.027365 -0.076854
vn 0.996667 0.027365 -0.076854
vn 0.996667 0.027365 -0.076854
vn 0.996667 0.027365 -0.076854
vn 0.024774 -0.999681 -0.004967
vn 0.024774 -0.999681 -0.004967
vn 0.024774 -0.999681 -0.004967
vn 0.024774 -0.999681 -0.004967
vn 0.243913 0.963973 0.106129
vn 0.243913 0.963973 0.106129
vn 0.243913 0.963973 0.106129
vn 0.243913 0.963973 0.106129
vn 0.013486 0.999123 0.039635
vn 0.013486 0.999123 0.039635
vn 0.013486 0.999123 0.039635
vn 0.013486 0.999123 0.039635
vn 0.226465 -0.022583 0.973758
vn 0.226465 -0.022583 0.973758
vn 0.226465 -0.022583 0.973758
vn 0.226465 -0.022583 0.973758
vn 0.164697 -0.980805 0.104389
vn 0.164697 -0.980805 0.104389
vn 0.164697 -0.980805 0.104389
vn 0.164697 -0.980805 0.104389
vn -0.017636 -0.996541 -0.081208
vn -0.017636 -0.996541 -0.081208
vn -0.017636 -0.996541 -0.081208
vn -0.017636 -0.996541 -0.081208
vn -0.756762 -0.048862 0.651861
vn -0.756762 -0.048862 0.651861
vn -0.756762 -0.048862 0.651861
vn -0.756762 -0.048862 0.651861
vn 0.218829 0.940934 0.258374
vn 0.218829 0.940934 0.258374
vn 0.218829 0.940934 0.258374
vn 0.218829 0.940934 0.258374
vn 0.229300 0.967849 0.103389
vn 0.229300 0.967849 0.103389
vn 0.229300 0.967849 0.103389
vn 0.229300 0.967849 0.103389
vn 0.275023 0.874505 0.399505
vn 0.275023 0.874505 0.399505
vn 0.275023 0.874505 0.399505
vn 0.275023 0.874505 0.399505
vn 0.446033 0.834731 0.322921
vn 0.446033 0.834731 0.322921
vn 0.446033 0.834731 0.322921
vn 0.446033 0.834731 0.322921
vn 0.413650 0.650564 0.636915
vn 0.413650 0.650564 0.636915
vn 0.413650 0.650564 0.636915
vn 0.413650 0.650564 0.636915
vn 0.275297 0.834029 0.478129
vn 0.275297 0.834029 0.478129
vn 0.275297 0.834029 0.478129
vn 0.275297 0.834029 0.478129
vn 0.185133 0.793156 0.580198
vn 0.185133 0.793156 0.580198
vn 0.185133 0.793156 0.580198
vn 0.185133 0.793156 0.580198
vn 0.235954 0.753964 0.613077
vn 0.235954 0.753964 0.613077
vn 0.235954 0.753964 0.613077
vn 0.235954 0.753964 0.613077
vn 0.202556 0.678509 0.706114
vn 0.202556 0.678509 0.706114
vn 0.202556 0.678509 0.706114
vn 0.202556 0.678509 0.706114
vn -0.069358 -0.695445 -0.715224
vn -0.069358 -0.695445 -0.715224
vn -0.069358 -0.695445 -0.715224
vn -0.069358 -0.695445 -0.715224
vn 0.405340 0.908104 -0.105103
vn 0.405340 0.908104 -0.105103
vn 0.405340 0.908104 -0.105103
vn 0.405340 0.908104 -0.105103
vn 0.764978 0.439347 -0.470938
vn 0.764978 0.439347 -0.470938
vn 0.764978 0.439347 -0.470938
vn 0.764978 0.439347 -0.470938
vn 0.627420 0.746695 -0.220888
vn 0.627420 0.746695 -0.220888
vn 0.627420 0.746695 -0.220888
vn 0.627420 0.746695 -0.220888
vn 0.563784 0.825235 -0.033691
vn 0.563784 0.825235 -0.033691
vn 0.563784 0.825235 -0.033691
vn 0.563784 0.825235 -0.033691
vn 0.357514 0.732831 -0.578914
vn 0.357514 0.732831 -0.578914
vn 0.357514 0.732831 -0.578914
vn 0.357514 0.732831 -0.578914
vn 0.482453 0.559914 -0.673599
vn 0.482453 0.559914 -0.673599
vn 0.482453 0.559914 -0.673599
vn 0.482453 0.559914 -0.673599
vn 0.337436 0.723987 -0.601648
vn 0.337436 0.723987 -0.601648
vn 0.337436 0.723987 -0.601648
vn 0.337436 0.723987 -0.601648
vn 0.533280 0.684526 -0.497028
vn 0.533280 0.684526 -0.497028
vn 0.533280 0.684526 -0.497028
vn 0.533280 0.684526 -0.497028
vn 0.415506 0.868287 -0.270984
vn 0.415506 0.868287 -0.270984
vn 0.415506 0.868287 -0.270984
vn 0.415506 0.868287 -0.270984
vn 0.430063 0.746985 -0.507011
vn 0.430063 0.746985 -0.507011
vn 0.430063 0.746985 -0.507011
vn 0.430063 0.746985 -0.507011
vn 0.219743 -0.975134 0.028767
vn 0.219743 -0.975134 0.028767
vn 0.219743 -0.975134 0.028767
vn 0.219743 -0.975134 0.028767
vn 0.674266 -0.387565 -0.628617
vn 0.674266 -0.387565 -0.628617
vn 0.674266 -0.387565 -0.628617
vn 0.674266 -0.387565 -0.628617
vn 0.008862 -0.921134 0.389145
vn 0.008862 -0.921134 0.389145
vn 0.008862 -0.921134 0.389145
vn 0.008862 -0.921134 0.389145
vn -0.018353 -0.935270 0.353458
vn -0.018353 -0.935270 0.353458
vn -0.018353 -0.935270 0.353458
vn -0.018353 -0.935270 0.353458
vn 0.189372 -0.600600 0.776800
vn 0.189372 -0.600600 0.776800
vn 0.189372 -0.600600 0.776800
vn 0.189372 -0.600600 0.776800
vn -0.009469 -0.941551 0.336737
vn -0.009469 -0.941551 0.336737
vn -0.009469 -0.941551 0.336737
vn -0.009469 -0.941551 0.336737
vn 0.094853 -0.893159 0.439625
vn 0.094853 -0.893159 0.439625
vn 0.094853 -0.893159 0.439625
vn 0.094853 -0.893159 0.439625
vn 0.445221 -0.749560 0.489834
vn 0.445221 -0.749560 0.489834
vn 0.445221 -0.749560 0.489834
vn 0.445221 -0.749560 0.489834
vn 0.515881 -0.804995 0.293003
vn 0.515881 -0.804995 0.293003
vn 0.515881 -0.804995 0.293003
vn 0.515881 -0.804995 0.293003
vn 0.427647 -0.873324 -0.233289
vn 0.427647 -0.873324 -0.233289
vn 0.427647 -0.873324 -0.233289
vn 0.427647 -0.873324 -0.233289
vn 0.600137 -0.742310 -0.298013
vn 0.600137 -0.742310 -0.298013
vn 0.600137 -0.742310 -0.298013
vn 0.600137 -0.742310 -0.298013
vn 0.138325 -0.937978 -0.317903
vn 0.138325 -0.937978 -0.317903
vn 0.138325 -0.937978 -0.317903
vn 0.138325 -0.937978 -0.317903
vn 0.125922 -0.962790 -0.239122
vn 0.125922 -0.962790 -0.239122
vn 0.125922 -0.962790 -0.239122
vn 0.125922 -0.962790 -0.239122
vn -0.062691 -0.974847 -0.213876
vn -0.062691 -0.974847 -0.213876
vn -0.062691 -0.974847 -0.213876
vn -0.062691 -0.974847 -0.213876
vn 0.308578 -0.770012 -0.558445
vn 0.308578 -0.770012 -0.558445
vn 0.308578 -0.770012 -0.558445
vn 0.308578 -0.770012 -0.558445
vn 0.246596 -0.752671 -0.610473
vn 0.246596 -0.752671 -0.610473
vn 0.246596 -0.752671 -0.610473
vn 0.246596 -0.752671 -0.610473
vn 0.222910 -0.612949 -0.758027
vn 0.222910 -0.612949 -0.758027
vn 0.222910 -0.612949 -0.758027
vn 0.222910 -0.612949 -0.758027
vn 0.278614 -0.388779 -0.878194
vn 0.278614 -0.388779 -0.878194
vn 0.278614 -0.388779 -0.878194
vn 0.278614 -0.388779 -0.878194
vn 0.260339 -0.750514 -0.607414
vn 0.260339 -0.750514 -0.607414
vn 0.260339 -0.750514 -0.607414
vn 0.260339 -0.750514 -0.607414
vn 0.347727 -0.636586 -0.688363
vn 0.347727 -0.636586 -0.688363
vn 0.347727 -0.636586 -0.688363
vn 0.347727 -0.636586 -0.688363
vn 0.000000 -0.988528 -0.151037
vn 0.000000 -0.988528 -0.151037
vn 0.000000 -0.988528 -0.151037
vn 0.000000 -0.988528 -0.151037
vn 0.093040 -0.986937 -0.131526
vn 0.093040 -0.986937 -0.131526
vn 0.093040 -0.986937 -0.131526
vn 0.093040 -0.986937 -0.131526
vn -0.625420 -0.205070 -0.752859
vn -0.625420 -0.205070 -0.752859
vn -0.625420 -0.205070 -0.752859
vn -0.625420 -0.205070 -0.752859
vn -0.251352 -0.713830 -0.653658
vn -0.251352 -0.713830 -0.653658
vn -0.251352 -0.713830 -0.653658
vn -0.251352 -0.713830 -0.653658
vn 0.374921 0.750197 0.544646
vn 0.374921 0.750197 0.544646
vn 0.374921 0.750197 0.544646
vn 0.374921 0.750197 0.544646
vn 0.893271 0.093370 0.439715
vn 0.893271 0.093370 0.439715
vn 0.893271 0.093370 0.439715
vn 0.893271 0.093370 0.439715
vn 0.878195 -0.180566 0.442910
vn 0.878195 -0.180566 0.442910
vn 0.878195 -0.180566 0.442910
vn 0.878195 -0.180566 0.442910
vn 0.228321 -0.793976 0.563446
vn 0.228321 -0.793976 0.563446
vn 0.228321 -0.793976 0.563446
vn 0.228321 -0.793976 0.563446
vn -0.974295 0.218540 0.054679
vn -0.974295 0.218540 0.054679
vn -0.974295 0.218540 0.054679
vn -0.974295 0.218540 0.054679
vn -0.889420 0.433093 -0.146162
vn -0.889420 0.433093 -0.146162
vn -0.889420 0.433093 -0.146162
vn -0.889420 0.433093 -0.146162
vn -0.980182 0.061401 -0.188342
vn -0.980182 0.061401 -0.188342
vn -0.980182 0.061401 -0.188342
vn -0.980182 0.061401 -0.188342
vn -0.598288 -0.639430 -0.482888
vn -0.598288 -0.639430 -0.482888
vn -0.598288 -0.639430 -0.482888
vn -0.598288 -0.639430 -0.482888
vn 0.017440 -0.582739 -0.812472
vn 0.017440 -0.582739 -0.812472
vn 0.017440 -0.582739 -0.812472
vn 0.017440 -0.582739 -0.812472
vn 0.358865 -0.685870 -0.633086
vn 0.358865 -0.685870 -0.633086
vn 0.358865 -0.685870 -0.633086
vn 0.358865 -0.685870 -0.633086
vn 0.226569 -0.457946 -0.859623
vn 0.226569 -0.457946 -0.859623
vn 0.226569 -0.457946 -0.859623
vn 0.226569 -0.457946 -0.859623
vn 0.240093 -0.468047 -0.850463
vn 0.240093 -0.468047 -0.850463
vn 0.240093 -0.468047 -0.850463
vn 0.240093 -0.468047 -0.850463
vn 0.346725 -0.835657 -0.425979
vn 0.346725 -0.835657 -0.425979
vn 0.346725 -0.835657 -0.425979
vn 0.346725 -0.835657 -0.425979
vn 0.182984 -0.927366 -0.326358
vn 0.182984 -0.927366 -0.326358
vn 0.182984 -0.927366 -0.326358
vn 0.182984 -0.927366 -0.326358
vn 0.069600 -0.961526 -0.265751
vn 0.069600 -0.961526 -0.265751
vn 0.069600 -0.961526 -0.265751
vn 0.069600 -0.961526 -0.265751
vn 0.005086 -0.973834 -0.227204
vn 0.005086 -0.973834 -0.227204
vn 0.005086 -0.973834 -0.227204
vn 0.005086 -0.973834 -0.227204
vn 0.346838 -0.936919 -0.043423
vn 0.346838 -0.936919 -0.043423
vn 0.346838 -0.936919 -0.043423
vn 0.346838 -0.936919 -0.043423
vn 0.445938 -0.887968 -0.112483
vn 0.445938 -0.887968 -0.112483
vn 0.445938 -0.887968 -0.112483
vn 0.445938 -0.887968 -0.112483
vn -0.467281 -0.413383 0.781513
vn -0.467281 -0.413383 0.781513
vn -0.467281 -0.413383 0.781513
vn -0.467281 -0.413383 0.781513
vn 0.335938 -0.941879 -0.003047
vn 0.335938 -0.941879 -0.003047
vn 0.335938 -0.941879 -0.003047
vn 0.335938 -0.941879 -0.003047
vn 0.717587 -0.502966 0.481762
vn 0.717587 -0.502966 0.481762
vn 0.717587 -0.502966 0.481762
vn 0.717587 -0.502966 0.481762
vn -0.097294 0.598218 0.795405
vn -0.097294 0.598218 0.795405
vn -0.097294 0.598218 0.795405
vn -0.097294 0.598218 0.795405
vn -0.178113 0.890994 0.417619
vn -0.178113 0.890994 0.417619
vn -0.178113 0.890994 0.417619
vn -0.178113 0.890994 0.417619
vn 0.536741 -0.222336 0.813926
vn 0.536741 -0.222336 0.813926
vn 0.536741 -0.222336 0.813926
vn 0.536741 -0.222336 0.813926
vn 0.213585 -0.765665 0.606745
vn 0.213585 -0.765665 0.606745
vn 0.213585 -0.765665 0.606745
vn 0.213585 -0.765665 0.606745
vn 0.450253 -0.889098 0.082324
vn 0.450253 -0.889098 0.082324
vn 0.450253 -0.889098 0.082324
vn 0.450253 -0.889098 0.082324
vn 0.929649 -0.145350 -0.338564
vn 0.929649 -0.145350 -0.338564
vn 0.929649 -0.145350 -0.338564
vn 0.929649 -0.145350 -0.338564
vn 0.906853 0.386384 -0.168299
vn 0.906853 0.386384 -0.168299
vn 0.906853 0.386384 -0.168299
vn 0.906853 0.386384 -0.168299
vn 0.699249 0.714161 0.032029
vn 0.699249 0.714161 0.032029
vn 0.699249 0.714161 0.032029
vn 0.699249 0.714161 0.032029
vn 0.573194 0.818558 0.037576
vn 0.573194 0.818558 0.037576
vn 0.573194 0.818558 0.037576
vn 0.573194 0.818558 0.037576
vn 0.382106 0.921622 0.067890
vn 0.382106 0.921622 0.067890
vn 0.382106 0.921622 0.067890
vn 0.382106 0.921622 0.067890
vn 0.656743 0.538323 0.528107
vn 0.656743 0.538323 0.528107
vn 0.656743 0.538323 0.528107
vn 0.656743 0.538323 0.528107
vn 0.244872 -0.738149 0.628629
vn 0.244872 -0.738149 0.628629
vn 0.244872 -0.738149 0.628629
vn 0.244872 -0.738149 0.628629
vn 0.117286 -0.849296 0.514723
vn 0.117286 -0.849296 0.514723
vn 0.117286 -0.849296 0.514723
vn 0.117286 -0.849296 0.514723
vn -0.136536 -0.911340 0.388352
vn -0.136536 -0.911340 0.388352
vn -0.136536 -0.911340 0.388352
vn -0.136536 -0.911340 0.388352
vn 0.156512 0.574049 0.803724
vn 0.156512 0.574049 0.803724
vn 0.156512 0.574049 0.803724
vn 0.156512 0.574049 0.803724
vn -0.608178 -0.666139 0.431715
vn -0.608178 -0.666139 0.431715
vn -0.608178 -0.666139 0.431715
vn -0.608178 -0.666139 0.431715
vn -0.729287 -0.609438 -0.311009
vn -0.729287 -0.609438 -0.311009
vn -0.729287 -0.609438 -0.311009
vn -0.729287 -0.609438 -0.311009
vn 0.853164 0.447029 0.268842
vn 0.853164 0.447029 0.268842
vn 0.853164 0.447029 0.268842
vn 0.853164 0.447029 0.268842
vn -0.305070 0.196641 0.931807
vn -0.305070 0.196641 0.931807
vn -0.305070 0.196641 0.931807
vn -0.305070 0.196641 0.931807
vn -0.269012 -0.319470 0.908610
vn -0.269012 -0.319470 0.908610
vn -0.269012 -0.319470 0.908610
vn -0.269012 -0.319470 0.908610
vn 0.170062 -0.983370 -0.063738
vn 0.170062 -0.983370 -0.063738
vn 0.170062 -0.983370 -0.063738
vn 0.170062 -0.983370 -0.063738
vn 0.786437 0.499098 0.363892
vn 0.786437 0.499098 0.363892
vn 0.786437 0.499098 0.363892
vn 0.786437 0.499098 0.363892
vn 0.644396 0.726916 0.237376
vn 0.644396 0.726916 0.237376
vn 0.644396 0.726916 0.237376
vn 0.644396 0.726916 0.237376
vn 0.901783 0.410014 0.136661
vn 0.901783 0.410014 0.136661
vn 0.901783 0.410014 0.136661
vn 0.901783 0.410014 0.136661
vn -0.040781 0.484477 -0.873853
vn -0.040781 0.484477 -0.873853
vn -0.040781 0.484477 -0.873853
vn -0.040781 0.484477 -0.873853
vn 0.108119 0.260518 -0.959396
vn 0.108119 0.260518 -0.959396
vn 0.108119 0.260518 -0.959396
vn 0.108119 0.260518 -0.959396
vn 0.304683 0.015470 -0.952328
vn 0.304683 0.015470 -0.952328
vn 0.304683 0.015470 -0.952328
vn 0.304683 0.015470 -0.952328
vn 0.567380 0.146139 -0.810385
vn 0.567380 0.146139 -0.810385
vn 0.567380 0.146139 -0.810385
vn 0.567380 0.146139 -0.810385
vn 0.530022 0.372522 -0.761777
vn 0.530022 0.372522 -0.761777
vn 0.530022 0.372522 -0.761777
vn 0.530022 0.372522 -0.761777
vn 0.451993 0.410526 -0.791941
vn 0.451993 0.410526 -0.791941
vn 0.451993 0.410526 -0.791941
vn 0.451993 0.410526 -0.791941
vn 0.066615 0.562040 -0.824423
vn 0.066615 0.562040 -0.824423
vn 0.066615 0.562040 -0.824423
vn 0.066615 0.562040 -0.824423
vn 0.524130 0.035880 -0.850882
vn 0.524130 0.035880 -0.850882
vn 0.524130 0.035880 -0.850882
vn 0.524130 0.035880 -0.850882
vn 0.422342 0.271936 -0.864684
vn 0.422342 0.271936 -0.864684
vn 0.422342 0.271936 -0.864684
vn 0.422342 0.271936 -0.864684
vn 0.455928 0.237776 -0.857667
vn 0.455928 0.237776 -0.857667
vn 0.455928 0.237776 -0.857667
vn 0.455928 0.237776 -0.857667
vn 0.463313 0.318438 -0.827006
vn 0.463313 0.318438 -0.827006
vn 0.463313 0.318438 -0.827006
vn 0.463313 0.318438 -0.827006
vn 0.087060 0.481679 -0.872012
vn 0.087060 0.481679 -0.872012
vn 0.087060 0.481679 -0.872012
vn 0.087060 0.481679 -0.872012
vn 0.279727 0.369135 -0.886280
vn 0.279727 0.369135 -0.886280
vn 0.279727 0.369135 -0.886280
vn 0.279727 0.369135 -0.886280
vn 0.202578 0.419787 -0.884727
vn 0.202578 0.419787 -0.884727
vn 0.202578 0.419787 -0.884727
vn 0.202578 0.419787 -0.884727
vn 0.241670 0.314398 -0.918014
vn 0.241670 0.314398 -0.918014
vn 0.241670 0.314398 -0.918014
vn 0.241670 0.314398 -0.918014
vn 0.160098 0.333599 -0.929021
vn 0.160098 0.333599 -0.929021
vn 0.160098 0.333599 -0.929021
vn 0.160098 0.333599 -0.929021
vn 0.392762 0.223573 -0.892050
vn 0.392762 0.223573 -0.892050
vn 0.392762 0.223573 -0.892050
vn 0.392762 0.223573 -0.892050
vn 0.983718 0.131462 -0.122540
vn 0.983718 0.131462 -0.122540
vn 0.983718 0.131462 -0.122540
vn 0.983718 0.131462 -0.122540
vn 0.956738 -0.280240 -0.078213
vn 0.956738 -0.280240 -0.078213
vn 0.956738 -0.280240 -0.078213
vn 0.956738 -0.280240 -0.078213
vn 0.391590 -0.912260 -0.120161
vn 0.391590 -0.912260 -0.120161
vn 0.391590 -0.912260 -0.120161
vn 0.391590 -0.912260 -0.120161
vn -0.382619 -0.916924 -0.113374
vn -0.382619 -0.916924 -0.113374
vn -0.382619 -0.916924 -0.113374
vn -0.382619 -0.916924 -0.113374
vn -0.965363 -0.246795 -0.084654
vn -0.965363 -0.246795 -0.084654
vn -0.965363 -0.246795 -0.084654
vn -0.965363 -0.246795 -0.084654
vn -0.990051 0.104345 -0.094400
vn -0.990051 0.104345 -0.094400
vn -0.990051 0.104345 -0.094400
vn -0.990051 0.104345 -0.094400
vn -0.922699 0.361657 -0.133530
vn -0.922699 0.361657 -0.133530
vn -0.922699 0.361657 -0.133530
vn -0.922699 0.361657 -0.133530
vn 0.082525 -0.996408 0.018985
vn 0.082525 -0.996408 0.018985
vn 0.082525 -0.996408 0.018985
vn 0.082525 -0.996408 0.018985
vn 0.279054 -0.739970 0.612024
vn 0.279054 -0.739970 0.612024
vn 0.279054 -0.739970 0.612024
vn 0.279054 -0.739970 0.612024
vn -0.386635 -0.882381 -0.268173
vn -0.386635 -0.882381 -0.268173
vn -0.386635 -0.882381 -0.268173
vn -0.386635 -0.882381 -0.268173
vn -0.039862 -0.868070 -0.494839
vn -0.039862 -0.868070 -0.494839
vn -0.039862 -0.868070 -0.494839
vn -0.039862 -0.868070 -0.494839
vn 0.040933 -0.863995 -0.501833
vn 0.040933 -0.863995 -0.501833
vn 0.040933 -0.863995 -0.501833
vn 0.040933 -0.863995 -0.501833
vn 0.417602 -0.845824 -0.331949
vn 0.417602 -0.845824 -0.331949
vn 0.417602 -0.845824 -0.331949
vn 0.417602 -0.845824 -0.331949
vn 0.448551 0.317183 -0.835582
vn 0.448551 0.317183 -0.835582
vn 0.448551 0.317183 -0.835582
vn 0.448551 0.317183 -0.835582
vn 0.560843 0.211541 -0.800441
vn 0.560843 0.211541 -0.800441
vn 0.560843 0.211541 -0.800441
vn 0.560843 0.211541 -0.800441
vn 0.680715 0.031662 -0.731864
vn 0.680715 0.031662 -0.731864
vn 0.680715 0.031662 -0.731864
vn 0.680715 0.031662 -0.731864
vn 0.914790 -0.011343 -0.403769
vn 0.914790 -0.011343 -0.403769
vn 0.914790 -0.011343 -0.403769
vn 0.914790 -0.011343 -0.403769
vn 0.776977 -0.074234 -0.625137
vn 0.776977 -0.074234 -0.625137
vn 0.776977 -0.074234 -0.625137
vn 0.776977 -0.074234 -0.625137
vn 0.607487 -0.566771 -0.556535
vn 0.607487 -0.566771 -0.556535
vn 0.607487 -0.566771 -0.556535
vn 0.607487 -0.566771 -0.556535
vn 0.727467 0.037889 -0.685096
vn 0.727467 0.037889 -0.685096
vn 0.727467 0.037889 -0.685096
vn 0.727467 0.037889 -0.685096
vn 0.253551 -0.957021 -0.140794
vn 0.253551 -0.957021 -0.140794
vn 0.253551 -0.957021 -0.140794
vn 0.253551 -0.957021 -0.140794
vn 0.231045 -0.963156 -0.137655
vn 0.231045 -0.963156 -0.137655
vn 0.231045 -0.963156 -0.137655
vn 0.231045 -0.963156 -0.137655
vn 0.376672 -0.907441 -0.186194
vn 0.376672 -0.907441 -0.186194
vn 0.376672 -0.907441 -0.186194
vn 0.376672 -0.907441 -0.186194
vn 0.387691 -0.890595 -0.237773
vn 0.387691 -0.890595 -0.237773
vn 0.387691 -0.890595 -0.237773
vn 0.387691 -0.890595 -0.237773
vn 0.386213 -0.873265 -0.297064
vn 0.386213 -0.873265 -0.297064
vn 0.386213 -0.873265 -0.297064
vn 0.386213 -0.873265 -0.297064
vn 0.346175 -0.921519 -0.175972
vn 0.346175 -0.921519 -0.175972
vn 0.346175 -0.921519 -0.175972
vn 0.346175 -0.921519 -0.175972
vn 0.764852 -0.285597 -0.577440
vn 0.764852 -0.285597 -0.577440
vn 0.764852 -0.285597 -0.577440
vn 0.764852 -0.285597 -0.577440
vn 0.634862 -0.648905 -0.419372
vn 0.634862 -0.648905 -0.419372
vn 0.634862 -0.648905 -0.419372
vn 0.634862 -0.648905 -0.419372
vn 0.736392 0.163148 -0.656589
vn 0.736392 0.163148 -0.656589
vn 0.736392 0.163148 -0.656589
vn 0.736392 0.163148 -0.656589
vn 0.814498 0.107558 -0.570109
vn 0.814498 0.107558 -0.570109
vn 0.814498 0.107558 -0.570109
vn 0.814498 0.107558 -0.570109
vn 0.878456 0.156266 -0.451549
vn 0.878456 0.156266 -0.451549
vn 0.878456 0.156266 -0.451549
vn 0.878456 0.156266 -0.451549
vn 0.462351 -0.784121 -0.413988
vn 0.462351 -0.784121 -0.413988
vn 0.462351 -0.784121 -0.413988
vn 0.462351 -0.784121 -0.413988
vn 0.723553 -0.328852 -0.606899
vn 0.723553 -0.328852 -0.606899
vn 0.723553 -0.328852 -0.606899
vn 0.723553 -0.328852 -0.606899
vn 0.683819 -0.424470 -0.593478
vn 0.683819 -0.424470 -0.593478
vn 0.683819 -0.424470 -0.593478
vn 0.683819 -0.424470 -0.593478
vn 0.593493 -0.584659 -0.553118
vn 0.593493 -0.584659 -0.553118
vn 0.593493 -0.584659 -0.553118
vn 0.593493 -0.584659 -0.553118
vn 0.440651 -0.873814 -0.205610
vn 0.440651 -0.873814 -0.205610
vn 0.440651 -0.873814 -0.205610
vn 0.440651 -0.873814 -0.205610
vn 0.716683 -0.508264 -0.477529
vn 0.716683 -0.508264 -0.477529
vn 0.716683 -0.508264 -0.477529
vn 0.716683 -0.508264 -0.477529
vn 0.553769 -0.271831 -0.787050
vn 0.553769 -0.271831 -0.787050
vn 0.553769 -0.271831 -0.787050
vn 0.553769 -0.271831 -0.787050
vn 0.346772 -0.157198 -0.924683
vn 0.346772 -0.157198 -0.924683
vn 0.346772 -0.157198 -0.924683
vn 0.346772 -0.157198 -0.924683
vn 0.598498 -0.537098 -0.594412
vn 0.598498 -0.537098 -0.594412
vn 0.598498 -0.537098 -0.594412
vn 0.598498 -0.537098 -0.594412
vn 0.624562 -0.405598 -0.667392
vn 0.624562 -0.405598 -0.667392
vn 0.624562 -0.405598 -0.667392
vn 0.624562 -0.405598 -0.667392
vn -0.080067 -0.885347 0.457985
vn -0.080067 -0.885347 0.457985
vn -0.080067 -0.885347 0.457985
vn -0.080067 -0.885347 0.457985
vn 0.468686 -0.873892 -0.129018
vn 0.468686 -0.873892 -0.129018
vn 0.468686 -0.873892 -0.129018
vn 0.468686 -0.873892 -0.129018
vn -0.739663 -0.661544 -0.123527
vn -0.739663 -0.661544 -0.123527
vn -0.739663 -0.661544 -0.123527
vn -0.739663 -0.661544 -0.123527
vn -0.736733 -0.659567 -0.148985
vn -0.736733 -0.659567 -0.148985
vn -0.736733 -0.659567 -0.148985
vn -0.736733 -0.659567 -0.148985
vn -0.747287 -0.642605 -0.169175
vn -0.747287 -0.642605 -0.169175
vn -0.747287 -0.642605 -0.169175
vn -0.747287 -0.642605 -0.169175
vn -0.760142 -0.629563 -0.160732
vn -0.760142 -0.629563 -0.160732
vn -0.760142 -0.629563 -0.160732
vn -0.760142 -0.629563 -0.160732
vn -0.754787 -0.645666 -0.115810
vn -0.754787 -0.645666 -0.115810
vn -0.754787 -0.645666 -0.115810
vn -0.754787 -0.645666 -0.115810
vn -0.727010 -0.685313 -0.042469
vn -0.727010 -0.685313 -0.042469
vn -0.727010 -0.685313 -0.042469
vn -0.727010 -0.685313 -0.042469
vn -0.713314 -0.700314 0.027279
vn -0.713314 -0.700314 0.027279
vn -0.713314 -0.700314 0.027279
vn -0.713314 -0.700314 0.027279
vn -0.755553 -0.651755 0.065997
vn -0.755553 -0.651755 0.065997
vn -0.755553 -0.651755 0.065997
vn -0.755553 -0.651755 0.065997
vn -0.746965 -0.664828 0.006829
vn -0.746965 -0.664828 0.006829
vn -0.746965 -0.664828 0.006829
vn -0.746965 -0.664828 0.006829
vn -0.812972 -0.581897 -0.021753
vn -0.812972 -0.581897 -0.021753
vn -0.812972 -0.581897 -0.021753
vn -0.812972 -0.581897 -0.021753
vn -0.813068 -0.581286 -0.032048
vn -0.813068 -0.581286 -0.032048
vn -0.813068 -0.581286 -0.032048
vn -0.813068 -0.581286 -0.032048
vn -0.813641 -0.576473 -0.075284
vn -0.813641 -0.576473 -0.075284
vn -0.813641 -0.576473 -0.075284
vn -0.813641 -0.576473 -0.075284
vn -0.785574 -0.613565 -0.080067
vn -0.785574 -0.613565 -0.080067
vn -0.785574 -0.613565 -0.080067
vn -0.785574 -0.613565 -0.080067
vn -0.731692 -0.674836 -0.096034
vn -0.731692 -0.674836 -0.096034
vn -0.731692 -0.674836 -0.096034
vn -0.731692 -0.674836 -0.096034
vn -0.704520 -0.701568 -0.107019
vn -0.704520 -0.701568 -0.107019
vn -0.704520 -0.701568 -0.107019
vn -0.704520 -0.701568 -0.107019
vn -0.562022 -0.824985 0.059419
vn -0.562022 -0.824985 0.059419
vn -0.562022 -0.824985 0.059419
vn -0.562022 -0.824985 0.059419
vn -0.712374 -0.691286 -0.121025
vn -0.712374 -0.691286 -0.121025
vn -0.712374 -0.691286 -0.121025
vn -0.712374 -0.691286 -0.121025
vn -0.388564 -0.919420 0.060697
vn -0.388564 -0.919420 0.060697
vn -0.388564 -0.919420 0.060697
vn -0.388564 -0.919420 0.060697
vn -0.681907 -0.620114 -0.387893
vn -0.681907 -0.620114 -0.387893
vn -0.681907 -0.620114 -0.387893
vn -0.681907 -0.620114 -0.387893
vn 0.338030 -0.619515 0.708476
vn 0.338030 -0.619515 0.708476
vn 0.338030 -0.619515 0.708476
vn 0.338030 -0.619515 0.708476
vn 0.411961 -0.374074 -0.830877
vn 0.411961 -0.374074 -0.830877
vn 0.411961 -0.374074 -0.830877
vn 0.411961 -0.374074 -0.830877
vn -0.724878 -0.680192 -0.109051
vn -0.724878 -0.680192 -0.109051
vn -0.724878 -0.680192 -0.109051
vn -0.724878 -0.680192 -0.109051
vn 0.000002 -0.989311 0.145820
vn 0.000002 -0.989311 0.145820
vn 0.000002 -0.989311 0.145820
vn 0.000002 -0.989311 0.145820
vn -0.015500 -0.990179 0.138946
vn -0.015500 -0.990179 0.138946
vn -0.015500 -0.990179 0.138946
vn -0.015500 -0.990179 0.138946
vn 0.030175 -0.985407 0.167521
vn 0.030175 -0.985407 0.167521
vn 0.030175 -0.985407 0.167521
vn 0.030175 -0.985407 0.167521
vn 0.000000 -0.985630 0.168916
vn 0.000000 -0.985630 0.168916
vn 0.000000 -0.985630 0.168916
vn 0.000000 -0.985630 0.168916
vn 0.000000 -0.985631 0.168916
vn 0.000000 -0.985631 0.168916
vn 0.000000 -0.985631 0.168916
vn 0.000000 -0.985631 0.168916
vn -0.030175 -0.985407 0.167521
vn -0.030175 -0.985407 0.167521
vn -0.030175 -0.985407 0.167521
vn -0.030175 -0.985407 0.167521
vn -0.017315 -0.984002 0.177315
vn -0.017315 -0.984002 0.177315
vn -0.017315 -0.984002 0.177315
vn -0.017315 -0.984002 0.177315
vn 0.274328 -0.704351 -0.654701
vn 0.274328 -0.704351 -0.654701
vn 0.274328 -0.704351 -0.654701
vn 0.274328 -0.704351 -0.654701
vn 0.000000 -0.988059 0.154078
vn 0.000000 -0.988059 0.154078
vn 0.000000 -0.988059 0.154078
vn 0.000000 -0.988059 0.154078
vn 0.000000 -0.988059 0.154078
vn 0.000000 -0.988059 0.154078
vn 0.000000 -0.988059 0.154078
vn 0.000000 -0.988059 0.154078
vn 0.017315 -0.984002 0.177315
vn 0.017315 -0.984002 0.177315
vn 0.017315 -0.984002 0.177315
vn 0.017315 -0.984002 0.177315
vn 0.121862 0.364790 0.923081
vn 0.121862 0.364790 0.923081
vn 0.121862 0.364790 0.923081
vn 0.121862 0.364790 0.923081
vn 0.179043 -0.580751 0.794148
vn 0.179043 -0.580751 0.794148
vn 0.179043 -0.580751 0.794148
vn 0.179043 -0.580751 0.794148
vn -0.592360 -0.776528 -0.214742
vn -0.592360 -0.776528 -0.214742
vn -0.592360 -0.776528 -0.214742
vn -0.592360 -0.776528 -0.214742
vn 0.598305 -0.384354 0.703067
vn 0.598305 -0.384354 0.703067
vn 0.598305 -0.384354 0.703067
vn 0.598305 -0.384354 0.703067
vn -0.784869 -0.619640 -0.005216
vn -0.784869 -0.619640 -0.005216
vn -0.784869 -0.619640 -0.005216
vn -0.784869 -0.619640 -0.005216
vn -0.740199 -0.671429 0.035910
vn -0.740199 -0.671429 0.035910
vn -0.740199 -0.671429 0.035910
vn -0.740199 -0.671429 0.035910
vn -0.629544 -0.756004 0.179255
vn -0.629544 -0.756004 0.179255
vn -0.629544 -0.756004 0.179255
vn -0.629544 -0.756004 0.179255
vn -0.466461 -0.812375 0.349944
vn -0.466461 -0.812375 0.349944
vn -0.466461 -0.812375 0.349944
vn -0.466461 -0.812375 0.349944
vn -0.521304 -0.798704 0.300522
vn -0.521304 -0.798704 0.300522
vn -0.521304 -0.798704 0.300522
vn -0.521304 -0.798704 0.300522
vn 0.376782 -0.819215 -0.432346
vn 0.376782 -0.819215 -0.432346
vn 0.376782 -0.819215 -0.432346
vn 0.376782 -0.819215 -0.432346
vn 0.522796 0.658412 0.541460
vn 0.522796 0.658412 0.541460
vn 0.522796 0.658412 0.541460
vn 0.522796 0.658412 0.541460
vn 0.264271 -0.272595 0.925123
vn 0.264271 -0.272595 0.925123
vn 0.264271 -0.272595 0.925123
vn 0.264271 -0.272595 0.925123
vn 0.076782 -0.747565 0.659736
vn 0.076782 -0.747565 0.659736
vn 0.076782 -0.747565 0.659736
vn 0.076782 -0.747565 0.659736
vn 0.406196 0.891964 0.198506
vn 0.406196 0.891964 0.198506
vn 0.406196 0.891964 0.198506
vn 0.406196 0.891964 0.198506
vn 0.362603 0.913468 0.184652
vn 0.362603 0.913468 0.184652
vn 0.362603 0.913468 0.184652
vn 0.362603 0.913468 0.184652
vn 0.234022 0.955095 0.181732
vn 0.234022 0.955095 0.181732
vn 0.234022 0.955095 0.181732
vn 0.234022 0.955095 0.181732
vn -0.803650 0.584984 0.109272
vn -0.803650 0.584984 0.109272
vn -0.803650 0.584984 0.109272
vn -0.803650 0.584984 0.109272
vn -0.395577 -0.870305 0.293407
vn -0.395577 -0.870305 0.293407
vn -0.395577 -0.870305 0.293407
vn -0.395577 -0.870305 0.293407
vn -0.140770 -0.739598 0.658163
vn -0.140770 -0.739598 0.658163
vn -0.140770 -0.739598 0.658163
vn -0.140770 -0.739598 0.658163
vn -0.658933 -0.751055 0.041530
vn -0.658933 -0.751055 0.041530
vn -0.658933 -0.751055 0.041530
vn -0.658933 -0.751055 0.041530
vn -0.606252 -0.795159 -0.013467
vn -0.606252 -0.795159 -0.013467
vn -0.606252 -0.795159 -0.013467
vn -0.606252 -0.795159 -0.013467
vn -0.639517 -0.760097 0.115203
vn -0.639517 -0.760097 0.115203
vn -0.639517 -0.760097 0.115203
vn -0.639517 -0.760097 0.115203
vn -0.300789 -0.827543 0.474023
vn -0.300789 -0.827543 0.474023
vn -0.300789 -0.827543 0.474023
vn -0.300789 -0.827543 0.474023
vn -0.366978 -0.845035 0.388900
vn -0.366978 -0.845035 0.388900
vn -0.366978 -0.845035 0.388900
vn -0.366978 -0.845035 0.388900
vn 0.271952 -0.885112 0.377649
vn 0.271952 -0.885112 0.377649
vn 0.271952 -0.885112 0.377649
vn 0.271952 -0.885112 0.377649
vn -0.327124 -0.870473 0.367787
vn -0.327124 -0.870473 0.367787
vn -0.327124 -0.870473 0.367787
vn -0.327124 -0.870473 0.367787
vn -0.358841 -0.918512 -0.166038
vn -0.358841 -0.918512 -0.166038
vn -0.358841 -0.918512 -0.166038
vn -0.358841 -0.918512 -0.166038
vn -0.501144 -0.864270 -0.043508
vn -0.501144 -0.864270 -0.043508
vn -0.501144 -0.864270 -0.043508
vn -0.501144 -0.864270 -0.043508
vn -0.453263 -0.848088 0.274408
vn -0.453263 -0.848088 0.274408
vn -0.453263 -0.848088 0.274408
vn -0.453263 -0.848088 0.274408
vn -0.401085 -0.852302 0.335726
vn -0.401085 -0.852302 0.335726
vn -0.401085 -0.852302 0.335726
vn -0.401085 -0.852302 0.335726
vn -0.110511 -0.689007 0.716280
vn -0.110511 -0.689007 0.716280
vn -0.110511 -0.689007 0.716280
vn -0.110511 -0.689007 0.716280
vn -0.051756 -0.957519 0.283688
vn -0.051756 -0.957519 0.283688
vn -0.051756 -0.957519 0.283688
vn -0.051756 -0.957519 0.283688
vn 0.165784 -0.968022 0.188282
vn 0.165784 -0.968022 0.188282
vn 0.165784 -0.968022 0.188282
vn 0.165784 -0.968022 0.188282
vn 0.325179 -0.926109 0.191259
vn 0.325179 -0.926109 0.191259
vn 0.325179 -0.926109 0.191259
vn 0.325179 -0.926109 0.191259
vn -0.487260 -0.701293 0.520351
vn -0.487260 -0.701293 0.520351
vn -0.487260 -0.701293 0.520351
vn -0.487260 -0.701293 0.520351
vn 0.095300 -0.749138 -0.655522
vn 0.095300 -0.749138 -0.655522
vn 0.095300 -0.749138 -0.655522
vn 0.095300 -0.749138 -0.655522
vn 0.311657 -0.563131 -0.765346
vn 0.311657 -0.563131 -0.765346
vn 0.311657 -0.563131 -0.765346
vn 0.311657 -0.563131 -0.765346
vn 0.412708 -0.548265 -0.727377
vn 0.412708 -0.548265 -0.727377
vn 0.412708 -0.548265 -0.727377
vn 0.412708 -0.548265 -0.727377
vn 0.393303 -0.618035 -0.680695
vn 0.393303 -0.618035 -0.680695
vn 0.393303 -0.618035 -0.680695
vn 0.393303 -0.618035 -0.680695
vn -0.889258 0.207339 0.407715
vn -0.889258 0.207339 0.407715
vn -0.889258 0.207339 0.407715
vn -0.889258 0.207339 0.407715
vn -0.795784 -0.605069 -0.024898
vn -0.795784 -0.605069 -0.024898
vn -0.795784 -0.605069 -0.024898
vn -0.795784 -0.605069 -0.024898
vn -0.793453 -0.602941 -0.083033
vn -0.793453 -0.602941 -0.083033
vn -0.793453 -0.602941 -0.083033
vn -0.793453 -0.602941 -0.083033
vn -0.618297 -0.775560 0.127343
vn -0.618297 -0.775560 0.127343
vn -0.618297 -0.775560 0.127343
vn -0.618297 -0.775560 0.127343
vn -0.776210 -0.594304 -0.210478
vn -0.776210 -0.594304 -0.210478
vn -0.776210 -0.594304 -0.210478
vn -0.776210 -0.594304 -0.210478
vn -0.611163 -0.788070 -0.073659
vn -0.611163 -0.788070 -0.073659
vn -0.611163 -0.788070 -0.073659
vn -0.611163 -0.788070 -0.073659
vn -0.598251 -0.801089 0.018759
vn -0.598251 -0.801089 0.018759
vn -0.598251 -0.801089 0.018759
vn -0.598251 -0.801089 0.018759
vn -0.525262 -0.844477 0.104684
vn -0.525262 -0.844477 0.104684
vn -0.525262 -0.844477 0.104684
vn -0.525262 -0.844477 0.104684
vn -0.099389 -0.976359 -0.191951
vn -0.099389 -0.976359 -0.191951
vn -0.099389 -0.976359 -0.191951
vn -0.099389 -0.976359 -0.191951
vn 0.101122 -0.869224 0.483967
vn 0.101122 -0.869224 0.483967
vn 0.101122 -0.869224 0.483967
vn 0.101122 -0.869224 0.483967
vn 0.388290 -0.808596 0.442044
vn 0.388290 -0.808596 0.442044
vn 0.388290 -0.808596 0.442044
vn 0.388290 -0.808596 0.442044
vn 0.066614 -0.990610 0.119391
vn 0.066614 -0.990610 0.119391
vn 0.066614 -0.990610 0.119391
vn 0.066614 -0.990610 0.119391
vn 0.336342 -0.050521 0.940384
vn 0.336342 -0.050521 0.940384
vn 0.336342 -0.050521 0.940384
vn 0.336342 -0.050521 0.940384
vn 0.285951 0.946095 -0.152105
vn 0.285951 0.946095 -0.152105
vn 0.285951 0.946095 -0.152105
vn 0.285951 0.946095 -0.152105
vn 0.328856 0.938393 0.106175
vn 0.328856 0.938393 0.106175
vn 0.328856 0.938393 0.106175
vn 0.328856 0.938393 0.106175
vn 0.373765 0.866038 0.332083
vn 0.373765 0.866038 0.332083
vn 0.373765 0.866038 0.332083
vn 0.373765 0.866038 0.332083
vn 0.547760 0.674197 0.495396
vn 0.547760 0.674197 0.495396
vn 0.547760 0.674197 0.495396
vn 0.547760 0.674197 0.495396
vn 0.521698 0.637980 0.566403
vn 0.521698 0.637980 0.566403
vn 0.521698 0.637980 0.566403
vn 0.521698 0.637980 0.566403
vn 0.299382 0.800985 0.518453
vn 0.299382 0.800985 0.518453
vn 0.299382 0.800985 0.518453
vn 0.299382 0.800985 0.518453
vn -0.203512 -0.927109 0.314726
vn -0.203512 -0.927109 0.314726
vn -0.203512 -0.927109 0.314726
vn -0.203512 -0.927109 0.314726
vn 0.151209 -0.758519 0.633865
vn 0.151209 -0.758519 0.633865
vn 0.151209 -0.758519 0.633865
vn 0.151209 -0.758519 0.633865
vn 0.135521 -0.899454 0.415472
vn 0.135521 -0.899454 0.415472
vn 0.135521 -0.899454 0.415472
vn 0.135521 -0.899454 0.415472
vn 0.447639 0.396879 0.801315
vn 0.447639 0.396879 0.801315
vn 0.447639 0.396879 0.801315
vn 0.447639 0.396879 0.801315
vn 0.605787 0.757664 0.242831
vn 0.605787 0.757664 0.242831
vn 0.605787 0.757664 0.242831
vn 0.605787 0.757664 0.242831
vn 0.640197 0.741915 0.199276
vn 0.640197 0.741915 0.199276
vn 0.640197 0.741915 0.199276
vn 0.640197 0.741915 0.199276
vn 0.808333 0.580964 0.095283
vn 0.808333 0.580964 0.095283
vn 0.808333 0.580964 0.095283
vn 0.808333 0.580964 0.095283
vn 0.840634 0.501599 0.204286
vn 0.840634 0.501599 0.204286
vn 0.840634 0.501599 0.204286
vn 0.840634 0.501599 0.204286
vn 0.816972 0.574220 0.053170
vn 0.816972 0.574220 0.053170
vn 0.816972 0.574220 0.053170
vn 0.816972 0.574220 0.053170
vn 0.931989 0.361485 -0.026936
vn 0.931989 0.361485 -0.026936
vn 0.931989 0.361485 -0.026936
vn 0.931989 0.361485 -0.026936
vn 0.939866 0.335427 0.064348
vn 0.939866 0.335427 0.064348
vn 0.939866 0.335427 0.064348
vn 0.939866 0.335427 0.064348
vn 0.536582 -0.818635 -0.204737
vn 0.536582 -0.818635 -0.204737
vn 0.536582 -0.818635 -0.204737
vn 0.536582 -0.818635 -0.204737
vn 0.901225 0.433124 -0.014018
vn 0.901225 0.433124 -0.014018
vn 0.901225 0.433124 -0.014018
vn 0.901225 0.433124 -0.014018
vn 0.529252 -0.778736 -0.336841
vn 0.529252 -0.778736 -0.336841
vn 0.529252 -0.778736 -0.336841
vn 0.529252 -0.778736 -0.336841
vn 0.486891 -0.808458 -0.330654
vn 0.486891 -0.808458 -0.330654
vn 0.486891 -0.808458 -0.330654
vn 0.486891 -0.808458 -0.330654
vn -0.647642 -0.755137 -0.101625
vn -0.647642 -0.755137 -0.101625
vn -0.647642 -0.755137 -0.101625
vn -0.647642 -0.755137 -0.101625
vn 0.795309 0.605731 0.023951
vn 0.795309 0.605731 0.023951
vn 0.795309 0.605731 0.023951
vn 0.795309 0.605731 0.023951
vn 0.928400 0.370607 -0.026897
vn 0.928400 0.370607 -0.026897
vn 0.928400 0.370607 -0.026897
vn 0.928400 0.370607 -0.026897
vn 0.709510 0.692578 0.130121
vn 0.709510 0.692578 0.130121
vn 0.709510 0.692578 0.130121
vn 0.709510 0.692578 0.130121
vn 0.901229 0.432549 -0.026224
vn 0.901229 0.432549 -0.026224
vn 0.901229 0.432549 -0.026224
vn 0.901229 0.432549 -0.026224
vn 0.667148 0.723811 0.176100
vn 0.667148 0.723811 0.176100
vn 0.667148 0.723811 0.176100
vn 0.667148 0.723811 0.176100
vn 0.689227 0.711602 0.136341
vn 0.689227 0.711602 0.136341
vn 0.689227 0.711602 0.136341
vn 0.689227 0.711602 0.136341
vn -0.673222 -0.739304 -0.014166
vn -0.673222 -0.739304 -0.014166
vn -0.673222 -0.739304 -0.014166
vn -0.673222 -0.739304 -0.014166
vn -0.671135 -0.741214 -0.013373
vn -0.671135 -0.741214 -0.013373
vn -0.671135 -0.741214 -0.013373
vn -0.671135 -0.741214 -0.013373
vn -0.640917 -0.765894 -0.051295
vn -0.640917 -0.765894 -0.051295
vn -0.640917 -0.765894 -0.051295
vn -0.640917 -0.765894 -0.051295
vn -0.681360 -0.719762 -0.133010
vn -0.681360 -0.719762 -0.133010
vn -0.681360 -0.719762 -0.133010
vn -0.681360 -0.719762 -0.133010
vn -0.716135 -0.677842 -0.166376
vn -0.716135 -0.677842 -0.166376
vn -0.716135 -0.677842 -0.166376
vn -0.716135 -0.677842 -0.166376
vn -0.742639 -0.643534 -0.185341
vn -0.742639 -0.643534 -0.185341
vn -0.742639 -0.643534 -0.185341
vn -0.742639 -0.643534 -0.185341
vn -0.037935 0.895087 0.444275
vn -0.037935 0.895087 0.444275
vn -0.037935 0.895087 0.444275
vn -0.037935 0.895087 0.444275
vn 0.330311 0.884623 0.329144
vn 0.330311 0.884623 0.329144
vn 0.330311 0.884623 0.329144
vn 0.330311 0.884623 0.329144
vn 0.516298 0.809004 0.280978
vn 0.516298 0.809004 0.280978
vn 0.516298 0.809004 0.280978
vn 0.516298 0.809004 0.280978
vn 0.455586 0.451489 0.767202
vn 0.455586 0.451489 0.767202
vn 0.455586 0.451489 0.767202
vn 0.455586 0.451489 0.767202
vn -0.561107 -0.653752 0.507709
vn -0.561107 -0.653752 0.507709
vn -0.561107 -0.653752 0.507709
vn -0.561107 -0.653752 0.507709
vn -0.667525 -0.663176 -0.338537
vn -0.667525 -0.663176 -0.338537
vn -0.667525 -0.663176 -0.338537
vn -0.667525 -0.663176 -0.338537
vn -0.794135 0.030456 0.606978
vn -0.794135 0.030456 0.606978
vn -0.794135 0.030456 0.606978
vn -0.794135 0.030456 0.606978
vn 0.822955 -0.032752 -0.567162
vn 0.822955 -0.032752 -0.567162
vn 0.822955 -0.032752 -0.567162
vn 0.822955 -0.032752 -0.567162
vn 0.771600 -0.075378 -0.631626
vn 0.771600 -0.075378 -0.631626
vn 0.771600 -0.075378 -0.631626
vn 0.771600 -0.075378 -0.631626
vn -0.886894 -0.051069 0.459142
vn -0.886894 -0.051069 0.459142
vn -0.886894 -0.051069 0.459142
vn -0.886894 -0.051069 0.459142
vn 0.281375 0.134984 -0.950057
vn 0.281375 0.134984 -0.950057
vn 0.281375 0.134984 -0.950057
vn 0.281375 0.134984 -0.950057
vn 0.223747 -0.011873 -0.974575
vn 0.223747 -0.011873 -0.974575
vn 0.223747 -0.011873 -0.974575
vn 0.223747 -0.011873 -0.974575
vn 0.963117 0.215452 -0.161205
vn 0.963117 0.215452 -0.161205
vn 0.963117 0.215452 -0.161205
vn 0.963117 0.215452 -0.161205
vn 0.931139 -0.067322 -0.358397
vn 0.931139 -0.067322 -0.358397
vn 0.931139 -0.067322 -0.358397
vn 0.931139 -0.067322 -0.358397
vn 0.465608 0.844705 -0.263976
vn 0.465608 0.844705 -0.263976
vn 0.465608 0.844705 -0.263976
vn 0.465608 0.844705 -0.263976
vn 0.381468 0.915356 0.128861
vn 0.381468 0.915356 0.128861
vn 0.381468 0.915356 0.128861
vn 0.381468 0.915356 0.128861
vn 0.239596 -0.955336 0.172995
vn 0.239596 -0.955336 0.172995
vn 0.239596 -0.955336 0.172995
vn 0.239596 -0.955336 0.172995
vn 0.518010 -0.855366 -0.003817
vn 0.518010 -0.855366 -0.003817
vn 0.518010 -0.855366 -0.003817
vn 0.518010 -0.855366 -0.003817
vn -0.500291 -0.853284 -0.147019
vn -0.500291 -0.853284 -0.147019
vn -0.500291 -0.853284 -0.147019
vn -0.500291 -0.853284 -0.147019
vn 0.874336 0.430974 0.223155
vn 0.874336 0.430974 0.223155
vn 0.874336 0.430974 0.223155
vn 0.874336 0.430974 0.223155
vn 0.981569 0.191094 -0.002386
vn 0.981569 0.191094 -0.002386
vn 0.981569 0.191094 -0.002386
vn 0.981569 0.191094 -0.002386
vn 0.878287 0.461460 0.125165
vn 0.878287 0.461460 0.125165
vn 0.878287 0.461460 0.125165
vn 0.878287 0.461460 0.125165
vn 0.822389 0.549701 0.146645
vn 0.822389 0.549701 0.146645
vn 0.822389 0.549701 0.146645
vn 0.822389 0.549701 0.146645
vn 0.916987 0.388312 0.091368
vn 0.916987 0.388312 0.091368
vn 0.916987 0.388312 0.091368
vn 0.916987 0.388312 0.091368
vn 0.447476 -0.856024 -0.258821
vn 0.447476 -0.856024 -0.258821
vn 0.447476 -0.856024 -0.258821
vn 0.447476 -0.856024 -0.258821
vn 0.401728 -0.094794 -0.910839
vn 0.401728 -0.094794 -0.910839
vn 0.401728 -0.094794 -0.910839
vn 0.401728 -0.094794 -0.910839
vn 0.601619 -0.660227 -0.449616
vn 0.601619 -0.660227 -0.449616
vn 0.601619 -0.660227 -0.449616
vn 0.601619 -0.660227 -0.449616
vn 0.401811 -0.822944 -0.401635
vn 0.401811 -0.822944 -0.401635
vn 0.401811 -0.822944 -0.401635
vn 0.401811 -0.822944 -0.401635
vn 0.936055 -0.030397 -0.350539
vn 0.936055 -0.030397 -0.350539
vn 0.936055 -0.030397 -0.350539
vn 0.936055 -0.030397 -0.350539
vn 0.904721 -0.014798 -0.425748
vn 0.904721 -0.014798 -0.425748
vn 0.904721 -0.014798 -0.425748
vn 0.904721 -0.014798 -0.425748
vn 0.925586 -0.103237 -0.364188
vn 0.925586 -0.103237 -0.364188
vn 0.925586 -0.103237 -0.364188
vn 0.925586 -0.103237 -0.364188
vn -0.723937 0.185039 0.664587
vn -0.723937 0.185039 0.664587
vn -0.723937 0.185039 0.664587
vn -0.723937 0.185039 0.664587
vn 0.911305 0.108124 -0.397281
vn 0.911305 0.108124 -0.397281
vn 0.911305 0.108124 -0.397281
vn 0.911305 0.108124 -0.397281
vn 0.886280 -0.082360 -0.455768
vn 0.886280 -0.082360 -0.455768
vn 0.886280 -0.082360 -0.455768
vn 0.886280 -0.082360 -0.455768
vn 0.884702 -0.099108 -0.455500
vn 0.884702 -0.099108 -0.455500
vn 0.884702 -0.099108 -0.455500
vn 0.884702 -0.099108 -0.455500
vn 0.853056 -0.072540 -0.516754
vn 0.853056 -0.072540 -0.516754
vn 0.853056 -0.072540 -0.516754
vn 0.853056 -0.072540 -0.516754
vn 0.826322 -0.002029 -0.563194
vn 0.826322 -0.002029 -0.563194
vn 0.826322 -0.002029 -0.563194
vn 0.826322 -0.002029 -0.563194
vn -0.887849 0.141306 0.437901
vn -0.887849 0.141306 0.437901
vn -0.887849 0.141306 0.437901
vn -0.887849 0.141306 0.437901
vn -0.890920 0.128160 0.435702
vn -0.890920 0.128160 0.435702
vn -0.890920 0.128160 0.435702
vn -0.890920 0.128160 0.435702
vn -0.842117 0.249134 0.478301
vn -0.842117 0.249134 0.478301
vn -0.842117 0.249134 0.478301
vn -0.842117 0.249134 0.478301
vn -0.822149 0.094010 0.561457
vn -0.822149 0.094010 0.561457
vn -0.822149 0.094010 0.561457
vn -0.822149 0.094010 0.561457
vn -0.849669 0.057808 0.524139
vn -0.849669 0.057808 0.524139
vn -0.849669 0.057808 0.524139
vn -0.849669 0.057808 0.524139
vn -0.850535 0.054547 0.523082
vn -0.850535 0.054547 0.523082
vn -0.850535 0.054547 0.523082
vn -0.850535 0.054547 0.523082
vn -0.813265 0.227275 0.535674
vn -0.813265 0.227275 0.535674
vn -0.813265 0.227275 0.535674
vn -0.813265 0.227275 0.535674
vn -0.797686 -0.014234 0.602904
vn -0.797686 -0.014234 0.602904
vn -0.797686 -0.014234 0.602904
vn -0.797686 -0.014234 0.602904
vn -0.687597 0.061669 0.723469
vn -0.687597 0.061669 0.723469
vn -0.687597 0.061669 0.723469
vn -0.687597 0.061669 0.723469
vn -0.755581 0.079008 0.650274
vn -0.755581 0.079008 0.650274
vn -0.755581 0.079008 0.650274
vn -0.755581 0.079008 0.650274
vn -0.800834 -0.538722 0.261617
vn -0.800834 -0.538722 0.261617
vn -0.800834 -0.538722 0.261617
vn -0.800834 -0.538722 0.261617
vn -0.864395 -0.041671 0.501084
vn -0.864395 -0.041671 0.501084
vn -0.864395 -0.041671 0.501084
vn -0.864395 -0.041671 0.501084
vn -0.870319 0.142539 0.471409
vn -0.870319 0.142539 0.471409
vn -0.870319 0.142539 0.471409
vn -0.870319 0.142539 0.471409
vn -0.855240 0.184118 0.484423
vn -0.855240 0.184118 0.484423
vn -0.855240 0.184118 0.484423
vn -0.855240 0.184118 0.484423
vn -0.886254 -0.016664 0.462901
vn -0.886254 -0.016664 0.462901
vn -0.886254 -0.016664 0.462901
vn -0.886254 -0.016664 0.462901
vn -0.909265 0.128561 0.395865
vn -0.909265 0.128561 0.395865
vn -0.909265 0.128561 0.395865
vn -0.909265 0.128561 0.395865
vn 0.905620 -0.017042 -0.423748
vn 0.905620 -0.017042 -0.423748
vn 0.905620 -0.017042 -0.423748
vn 0.905620 -0.017042 -0.423748
vn 0.573336 -0.558889 -0.599107
vn 0.573336 -0.558889 -0.599107
vn 0.573336 -0.558889 -0.599107
vn 0.573336 -0.558889 -0.599107
vn -0.796290 -0.546065 0.260260
vn -0.796290 -0.546065 0.260260
vn -0.796290 -0.546065 0.260260
vn -0.796290 -0.546065 0.260260
vn -0.882211 -0.083357 0.463417
vn -0.882211 -0.083357 0.463417
vn -0.882211 -0.083357 0.463417
vn -0.882211 -0.083357 0.463417
vn -0.825485 0.173956 0.536949
vn -0.825485 0.173956 0.536949
vn -0.825485 0.173956 0.536949
vn -0.825485 0.173956 0.536949
vn -0.841299 0.091349 0.532796
vn -0.841299 0.091349 0.532796
vn -0.841299 0.091349 0.532796
vn -0.841299 0.091349 0.532796
vn -0.837408 0.113435 0.534679
vn -0.837408 0.113435 0.534679
vn -0.837408 0.113435 0.534679
vn -0.837408 0.113435 0.534679
vn 0.085173 -0.689346 -0.719408
vn 0.085173 -0.689346 -0.719408
vn 0.085173 -0.689346 -0.719408
vn 0.085173 -0.689346 -0.719408
vn 0.171349 -0.648647 -0.741550
vn 0.171349 -0.648647 -0.741550
vn 0.171349 -0.648647 -0.741550
vn 0.171349 -0.648647 -0.741550
vn 0.355915 -0.465395 -0.810390
vn 0.355915 -0.465395 -0.810390
vn 0.355915 -0.465395 -0.810390
vn 0.355915 -0.465395 -0.810390
vn 0.604759 0.344926 -0.717839
vn 0.604759 0.344926 -0.717839
vn 0.604759 0.344926 -0.717839
vn 0.604759 0.344926 -0.717839
vn 0.445049 0.492634 -0.747826
vn 0.445049 0.492634 -0.747826
vn 0.445049 0.492634 -0.747826
vn 0.445049 0.492634 -0.747826
vn 0.159845 0.603245 -0.781374
vn 0.159845 0.603245 -0.781374
vn 0.159845 0.603245 -0.781374
vn 0.159845 0.603245 -0.781374
vn 0.569496 0.396456 -0.720067
vn 0.569496 0.396456 -0.720067
vn 0.569496 0.396456 -0.720067
vn 0.569496 0.396456 -0.720067
vn 0.553266 0.329756 -0.764956
vn 0.553266 0.329756 -0.764956
vn 0.553266 0.329756 -0.764956
vn 0.553266 0.329756 -0.764956
vn 0.948942 0.307795 0.069079
vn 0.948942 0.307795 0.069079
vn 0.948942 0.307795 0.069079
vn 0.948942 0.307795 0.069079
vn 0.602466 -0.797233 -0.038140
vn 0.602466 -0.797233 -0.038140
vn 0.602466 -0.797233 -0.038140
vn 0.602466 -0.797233 -0.038140
vn -0.458481 -0.871191 0.175560
vn -0.458481 -0.871191 0.175560
vn -0.458481 -0.871191 0.175560
vn -0.458481 -0.871191 0.175560
vn -0.594463 -0.793954 0.127481
vn -0.594463 -0.793954 0.127481
vn -0.594463 -0.793954 0.127481
vn -0.594463 -0.793954 0.127481
vn -0.577086 -0.816296 0.025157
vn -0.577086 -0.816296 0.025157
vn -0.577086 -0.816296 0.025157
vn -0.577086 -0.816296 0.025157
vn -0.559628 -0.803951 -0.201194
vn -0.559628 -0.803951 -0.201194
vn -0.559628 -0.803951 -0.201194
vn -0.559628 -0.803951 -0.201194
vn -0.544119 -0.834865 -0.083272
vn -0.544119 -0.834865 -0.083272
vn -0.544119 -0.834865 -0.083272
vn -0.544119 -0.834865 -0.083272
vn -0.603048 -0.770260 -0.207442
vn -0.603048 -0.770260 -0.207442
vn -0.603048 -0.770260 -0.207442
vn -0.603048 -0.770260 -0.207442
vn 0.347564 -0.004667 0.937645
vn 0.347564 -0.004667 0.937645
vn 0.347564 -0.004667 0.937645
vn 0.347564 -0.004667 0.937645
vn 0.338937 -0.295814 0.893093
vn 0.338937 -0.295814 0.893093
vn 0.338937 -0.295814 0.893093
vn 0.338937 -0.295814 0.893093
vn 0.505737 0.031678 -0.862106
vn 0.505737 0.031678 -0.862106
vn 0.505737 0.031678 -0.862106
vn 0.505737 0.031678 -0.862106
vn 0.383844 -0.816580 -0.431116
vn 0.383844 -0.816580 -0.431116
vn 0.383844 -0.816580 -0.431116
vn 0.383844 -0.816580 -0.431116
vn 0.483031 -0.586987 -0.649714
vn 0.483031 -0.586987 -0.649714
vn 0.483031 -0.586987 -0.649714
vn 0.483031 -0.586987 -0.649714
vn 0.871424 0.070016 -0.485508
vn 0.871424 0.070016 -0.485508
vn 0.871424 0.070016 -0.485508
vn 0.871424 0.070016 -0.485508
vn 0.267373 -0.846301 -0.460745
vn 0.267373 -0.846301 -0.460745
vn 0.267373 -0.846301 -0.460745
vn 0.267373 -0.846301 -0.460745
vn 0.090984 -0.898359 -0.429736
vn 0.090984 -0.898359 -0.429736
vn 0.090984 -0.898359 -0.429736
vn 0.090984 -0.898359 -0.429736
vn -0.010259 -0.914935 -0.403470
vn -0.010259 -0.914935 -0.403470
vn -0.010259 -0.914935 -0.403470
vn -0.010259 -0.914935 -0.403470
vn 0.395155 -0.709760 -0.583175
vn 0.395155 -0.709760 -0.583175
vn 0.395155 -0.709760 -0.583175
vn 0.395155 -0.709760 -0.583175
vn 0.507306 -0.825855 -0.246178
vn 0.507306 -0.825855 -0.246178
vn 0.507306 -0.825855 -0.246178
vn 0.507306 -0.825855 -0.246178
vn 0.277709 -0.943089 -0.182922
vn 0.277709 -0.943089 -0.182922
vn 0.277709 -0.943089 -0.182922
vn 0.277709 -0.943089 -0.182922
vn 0.008784 -0.999766 -0.019746
vn 0.008784 -0.999766 -0.019746
vn 0.008784 -0.999766 -0.019746
vn 0.008784 -0.999766 -0.019746
vn 0.765774 -0.576038 -0.285954
vn 0.765774 -0.576038 -0.285954
vn 0.765774 -0.576038 -0.285954
vn 0.765774 -0.576038 -0.285954
vn 0.261239 0.109891 -0.958999
vn 0.261239 0.109891 -0.958999
vn 0.261239 0.109891 -0.958999
vn 0.261239 0.109891 -0.958999
vn 0.881134 0.376993 -0.285445
vn 0.881134 0.376993 -0.285445
vn 0.881134 0.376993 -0.285445
vn 0.881134 0.376993 -0.285445
vn 0.771933 0.163950 -0.614198
vn 0.771933 0.163950 -0.614198
vn 0.771933 0.163950 -0.614198
vn 0.771933 0.163950 -0.614198
vn 0.510225 0.190305 -0.838722
vn 0.510225 0.190305 -0.838722
vn 0.510225 0.190305 -0.838722
vn 0.510225 0.190305 -0.838722
vn 0.745402 0.521872 -0.414759
vn 0.745402 0.521872 -0.414759
vn 0.745402 0.521872 -0.414759
vn 0.745402 0.521872 -0.414759
vn 0.136643 -0.986653 -0.088575
vn 0.136643 -0.986653 -0.088575
vn 0.136643 -0.986653 -0.088575
vn 0.136643 -0.986653 -0.088575
vn 0.358165 -0.911432 -0.202507
vn 0.358165 -0.911432 -0.202507
vn 0.358165 -0.911432 -0.202507
vn 0.358165 -0.911432 -0.202507
vn 0.838457 0.293807 -0.458986
vn 0.838457 0.293807 -0.458986
vn 0.838457 0.293807 -0.458986
vn 0.838457 0.293807 -0.458986
vn 0.818604 0.528073 -0.225889
vn 0.818604 0.528073 -0.225889
vn 0.818604 0.528073 -0.225889
vn 0.818604 0.528073 -0.225889
vn 0.688911 0.724781 -0.009722
vn 0.688911 0.724781 -0.009722
vn 0.688911 0.724781 -0.009722
vn 0.688911 0.724781 -0.009722
vn 0.047122 -0.976384 -0.210839
vn 0.047122 -0.976384 -0.210839
vn 0.047122 -0.976384 -0.210839
vn 0.047122 -0.976384 -0.210839
vn 0.592270 -0.794515 0.134021
vn 0.592270 -0.794515 0.134021
vn 0.592270 -0.794515 0.134021
vn 0.592270 -0.794515 0.134021
vn 0.427076 0.159217 -0.890088
vn 0.427076 0.159217 -0.890088
vn 0.427076 0.159217 -0.890088
vn 0.427076 0.159217 -0.890088
vn 0.748749 -0.632935 -0.196894
vn 0.748749 -0.632935 -0.196894
vn 0.748749 -0.632935 -0.196894
vn 0.748749 -0.632935 -0.196894
vn 0.608387 0.786082 -0.109271
vn 0.608387 0.786082 -0.109271
vn 0.608387 0.786082 -0.109271
vn 0.608387 0.786082 -0.109271
vn 0.556379 0.829806 -0.043179
vn 0.556379 0.829806 -0.043179
vn 0.556379 0.829806 -0.043179
vn 0.556379 0.829806 -0.043179
vn 0.170985 -0.975532 -0.138205
vn 0.170985 -0.975532 -0.138205
vn 0.170985 -0.975532 -0.138205
vn 0.170985 -0.975532 -0.138205
vn 0.404412 -0.911599 -0.073749
vn 0.404412 -0.911599 -0.073749
vn 0.404412 -0.911599 -0.073749
vn 0.404412 -0.911599 -0.073749
vn 0.391290 -0.914692 -0.101152
vn 0.391290 -0.914692 -0.101152
vn 0.391290 -0.914692 -0.101152
vn 0.391290 -0.914692 -0.101152
vn 0.204381 -0.972232 -0.113989
vn 0.204381 -0.972232 -0.113989
vn 0.204381 -0.972232 -0.113989
vn 0.204381 -0.972232 -0.113989
vn 0.217453 -0.975358 -0.037286
vn 0.217453 -0.975358 -0.037286
vn 0.217453 -0.975358 -0.037286
vn 0.217453 -0.975358 -0.037286
vn 0.331636 -0.915750 -0.226760
vn 0.331636 -0.915750 -0.226760
vn 0.331636 -0.915750 -0.226760
vn 0.331636 -0.915750 -0.226760
vn 0.212379 -0.889903 -0.403692
vn 0.212379 -0.889903 -0.403692
vn 0.212379 -0.889903 -0.403692
vn 0.212379 -0.889903 -0.403692
vn 0.828720 0.319143 -0.459750
vn 0.828720 0.319143 -0.459750
vn 0.828720 0.319143 -0.459750
vn 0.828720 0.319143 -0.459750
vn 0.796901 0.249353 -0.550248
vn 0.796901 0.249353 -0.550248
vn 0.796901 0.249353 -0.550248
vn 0.796901 0.249353 -0.550248
vn 0.518019 0.313637 -0.795794
vn 0.518019 0.313637 -0.795794
vn 0.518019 0.313637 -0.795794
vn 0.518019 0.313637 -0.795794
vn -0.765955 0.454171 -0.455019
vn -0.765955 0.454171 -0.455019
vn -0.765955 0.454171 -0.455019
vn -0.765955 0.454171 -0.455019
vn -0.042848 -0.877910 0.476905
vn -0.042848 -0.877910 0.476905
vn -0.042848 -0.877910 0.476905
vn -0.042848 -0.877910 0.476905
vn -0.877305 -0.380856 0.292036
vn -0.877305 -0.380856 0.292036
vn -0.877305 -0.380856 0.292036
vn -0.877305 -0.380856 0.292036
vn -0.739838 -0.400887 0.540305
vn -0.739838 -0.400887 0.540305
vn -0.739838 -0.400887 0.540305
vn -0.739838 -0.400887 0.540305
vn -0.954987 -0.202084 0.217170
vn -0.954987 -0.202084 0.217170
vn -0.954987 -0.202084 0.217170
vn -0.954987 -0.202084 0.217170
vn -0.951063 0.092743 0.294751
vn -0.951063 0.092743 0.294751
vn -0.951063 0.092743 0.294751
vn -0.951063 0.092743 0.294751
vn -0.932835 0.123966 0.338308
vn -0.932835 0.123966 0.338308
vn -0.932835 0.123966 0.338308
vn -0.932835 0.123966 0.338308
vn -0.920915 0.144727 0.361898
vn -0.920915 0.144727 0.361898
vn -0.920915 0.144727 0.361898
vn -0.920915 0.144727 0.361898
vn -0.921189 0.185542 0.342030
vn -0.921189 0.185542 0.342030
vn -0.921189 0.185542 0.342030
vn -0.921189 0.185542 0.342030
vn -0.867761 0.264586 0.420696
vn -0.867761 0.264586 0.420696
vn -0.867761 0.264586 0.420696
vn -0.867761 0.264586 0.420696
vn -0.863694 0.028538 0.503208
vn -0.863694 0.028538 0.503208
vn -0.863694 0.028538 0.503208
vn -0.863694 0.028538 0.503208
vn -0.711934 -0.181267 0.678449
vn -0.711934 -0.181267 0.678449
vn -0.711934 -0.181267 0.678449
vn -0.711934 -0.181267 0.678449
vn -0.716369 -0.249982 0.651402
vn -0.716369 -0.249982 0.651402
vn -0.716369 -0.249982 0.651402
vn -0.716369 -0.249982 0.651402
vn -0.612656 0.181972 0.769116
vn -0.612656 0.181972 0.769116
vn -0.612656 0.181972 0.769116
vn -0.612656 0.181972 0.769116
vn -0.607981 0.374127 0.700277
vn -0.607981 0.374127 0.700277
vn -0.607981 0.374127 0.700277
vn -0.607981 0.374127 0.700277
vn -0.621596 0.258614 0.739416
vn -0.621596 0.258614 0.739416
vn -0.621596 0.258614 0.739416
vn -0.621596 0.258614 0.739416
vn 0.921440 -0.003815 -0.388503
vn 0.921440 -0.003815 -0.388503
vn 0.921440 -0.003815 -0.388503
vn 0.921440 -0.003815 -0.388503
vn 0.901637 0.211843 -0.377059
vn 0.901637 0.211843 -0.377059
vn 0.901637 0.211843 -0.377059
vn 0.901637 0.211843 -0.377059
vn 0.253014 -0.538257 0.803905
vn 0.253014 -0.538257 0.803905
vn 0.253014 -0.538257 0.803905
vn 0.253014 -0.538257 0.803905
vn 0.504590 0.335925 0.795326
vn 0.504590 0.335925 0.795326
vn 0.504590 0.335925 0.795326
vn 0.504590 0.335925 0.795326
vn 0.933881 -0.171475 -0.313787
vn 0.933881 -0.171475 -0.313787
vn 0.933881 -0.171475 -0.313787
vn 0.933881 -0.171475 -0.313787
vn 0.920834 0.253191 -0.296578
vn 0.920834 0.253191 -0.296578
vn 0.920834 0.253191 -0.296578
vn 0.920834 0.253191 -0.296578
vn 0.922428 0.267343 -0.278665
vn 0.922428 0.267343 -0.278665
vn 0.922428 0.267343 -0.278665
vn 0.922428 0.267343 -0.278665
vn 0.936276 0.271851 -0.222451
vn 0.936276 0.271851 -0.222451
vn 0.936276 0.271851 -0.222451
vn 0.936276 0.271851 -0.222451
vn 0.462249 0.775196 0.430576
vn 0.462249 0.775196 0.430576
vn 0.462249 0.775196 0.430576
vn 0.462249 0.775196 0.430576
vn 0.934886 0.117773 -0.334839
vn 0.934886 0.117773 -0.334839
vn 0.934886 0.117773 -0.334839
vn 0.934886 0.117773 -0.334839
vn 0.905040 -0.103188 -0.412620
vn 0.905040 -0.103188 -0.412620
vn 0.905040 -0.103188 -0.412620
vn 0.905040 -0.103188 -0.412620
vn 0.926563 0.220552 -0.304693
vn 0.926563 0.220552 -0.304693
vn 0.926563 0.220552 -0.304693
vn 0.926563 0.220552 -0.304693
vn 0.964431 0.161453 -0.209299
vn 0.964431 0.161453 -0.209299
vn 0.964431 0.161453 -0.209299
vn 0.964431 0.161453 -0.209299
vn 0.892836 -0.060756 -0.446265
vn 0.892836 -0.060756 -0.446265
vn 0.892836 -0.060756 -0.446265
vn 0.892836 -0.060756 -0.446265
vn 0.951859 -0.076536 -0.296827
vn 0.951859 -0.076536 -0.296827
vn 0.951859 -0.076536 -0.296827
vn 0.951859 -0.076536 -0.296827
vn 0.943247 0.034833 -0.330261
vn 0.943247 0.034833 -0.330261
vn 0.943247 0.034833 -0.330261
vn 0.943247 0.034833 -0.330261
vn 0.939925 0.095623 -0.327714
vn 0.939925 0.095623 -0.327714
vn 0.939925 0.095623 -0.327714
vn 0.939925 0.095623 -0.327714
vn 0.934959 -0.033093 -0.353210
vn 0.934959 -0.033093 -0.353210
vn 0.934959 -0.033093 -0.353210
vn 0.934959 -0.033093 -0.353210
vn 0.901004 -0.043179 -0.431657
vn 0.901004 -0.043179 -0.431657
vn 0.901004 -0.043179 -0.431657
vn 0.901004 -0.043179 -0.431657
vn 0.951020 0.017446 -0.308637
vn 0.951020 0.017446 -0.308637
vn 0.951020 0.017446 -0.308637
vn 0.951020 0.017446 -0.308637
vn 0.950702 0.114883 -0.288043
vn 0.950702 0.114883 -0.288043
vn 0.950702 0.114883 -0.288043
vn 0.950702 0.114883 -0.288043
vn 0.930590 0.204692 -0.303484
vn 0.930590 0.204692 -0.303484
vn 0.930590 0.204692 -0.303484
vn 0.930590 0.204692 -0.303484
vn 0.938596 0.260216 -0.226551
vn 0.938596 0.260216 -0.226551
vn 0.938596 0.260216 -0.226551
vn 0.938596 0.260216 -0.226551
vn 0.936198 -0.161901 -0.311964
vn 0.936198 -0.161901 -0.311964
vn 0.936198 -0.161901 -0.311964
vn 0.936198 -0.161901 -0.311964
vn 0.948016 0.091016 -0.304929
vn 0.948016 0.091016 -0.304929
vn 0.948016 0.091016 -0.304929
vn 0.948016 0.091016 -0.304929
vn 0.940327 0.076615 -0.331536
vn 0.940327 0.076615 -0.331536
vn 0.940327 0.076615 -0.331536
vn 0.940327 0.076615 -0.331536
vn 0.806459 -0.461072 -0.370185
vn 0.806459 -0.461072 -0.370185
vn 0.806459 -0.461072 -0.370185
vn 0.806459 -0.461072 -0.370185
vn 0.407049 -0.757522 0.510364
vn 0.407049 -0.757522 0.510364
vn 0.407049 -0.757522 0.510364
vn 0.407049 -0.757522 0.510364
vn 0.597823 0.749711 0.283797
vn 0.597823 0.749711 0.283797
vn 0.597823 0.749711 0.283797
vn 0.597823 0.749711 0.283797
vn 0.685272 0.221536 0.693776
vn 0.685272 0.221536 0.693776
vn 0.685272 0.221536 0.693776
vn 0.685272 0.221536 0.693776
vn 0.697464 0.098264 0.709850
vn 0.697464 0.098264 0.709850
vn 0.697464 0.098264 0.709850
vn 0.697464 0.098264 0.709850
vn 0.282449 -0.696195 0.659951
vn 0.282449 -0.696195 0.659951
vn 0.282449 -0.696195 0.659951
vn 0.282449 -0.696195 0.659951
vn 0.828432 -0.512763 -0.225329
vn 0.828432 -0.512763 -0.225329
vn 0.828432 -0.512763 -0.225329
vn 0.828432 -0.512763 -0.225329
vn 0.688325 -0.525921 -0.499615
vn 0.688325 -0.525921 -0.499615
vn 0.688325 -0.525921 -0.499615
vn 0.688325 -0.525921 -0.499615
vn -0.678911 -0.369934 0.634215
vn -0.678911 -0.369934 0.634215
vn -0.678911 -0.369934 0.634215
vn -0.678911 -0.369934 0.634215
vn -0.814370 0.088203 0.573604
vn -0.814370 0.088203 0.573604
vn -0.814370 0.088203 0.573604
vn -0.814370 0.088203 0.573604
vn -0.056300 -0.893720 0.445079
vn -0.056300 -0.893720 0.445079
vn -0.056300 -0.893720 0.445079
vn -0.056300 -0.893720 0.445079
vn -0.462397 -0.040019 0.885769
vn -0.462397 -0.040019 0.885769
vn -0.462397 -0.040019 0.885769
vn -0.462397 -0.040019 0.885769
vn 0.636450 0.328393 0.697918
vn 0.636450 0.328393 0.697918
vn 0.636450 0.328393 0.697918
vn 0.636450 0.328393 0.697918
vn 0.589913 0.427206 0.685199
vn 0.589913 0.427206 0.685199
vn 0.589913 0.427206 0.685199
vn 0.589913 0.427206 0.685199
vn -0.647515 0.248207 0.720498
vn -0.647515 0.248207 0.720498
vn -0.647515 0.248207 0.720498
vn -0.647515 0.248207 0.720498
vn -0.823807 -0.058705 0.563823
vn -0.823807 -0.058705 0.563823
vn -0.823807 -0.058705 0.563823
vn -0.823807 -0.058705 0.563823
vn -0.687350 -0.144873 0.711732
vn -0.687350 -0.144873 0.711732
vn -0.687350 -0.144873 0.711732
vn -0.687350 -0.144873 0.711732
vn -0.664210 0.119133 0.737992
vn -0.664210 0.119133 0.737992
vn -0.664210 0.119133 0.737992
vn -0.664210 0.119133 0.737992
vn -0.873661 0.093158 0.477533
vn -0.873661 0.093158 0.477533
vn -0.873661 0.093158 0.477533
vn -0.873661 0.093158 0.477533
vn -0.668817 -0.718028 0.192663
vn -0.668817 -0.718028 0.192663
vn -0.668817 -0.718028 0.192663
vn -0.668817 -0.718028 0.192663
vn -0.810518 -0.569698 0.136031
vn -0.810518 -0.569698 0.136031
vn -0.810518 -0.569698 0.136031
vn -0.810518 -0.569698 0.136031
vn -0.590059 -0.739634 0.323686
vn -0.590059 -0.739634 0.323686
vn -0.590059 -0.739634 0.323686
vn -0.590059 -0.739634 0.323686
vn -0.808722 0.241498 0.536328
vn -0.808722 0.241498 0.536328
vn -0.808722 0.241498 0.536328
vn -0.808722 0.241498 0.536328
vn -0.842226 0.032644 0.538136
vn -0.842226 0.032644 0.538136
vn -0.842226 0.032644 0.538136
vn -0.842226 0.032644 0.538136
vn -0.648743 0.242031 0.721494
vn -0.648743 0.242031 0.721494
vn -0.648743 0.242031 0.721494
vn -0.648743 0.242031 0.721494
vn -0.704223 -0.100648 0.702809
vn -0.704223 -0.100648 0.702809
vn -0.704223 -0.100648 0.702809
vn -0.704223 -0.100648 0.702809
vn -0.732615 -0.085575 0.675243
vn -0.732615 -0.085575 0.675243
vn -0.732615 -0.085575 0.675243
vn -0.732615 -0.085575 0.675243
vn -0.907898 0.131183 0.398136
vn -0.907898 0.131183 0.398136
vn -0.907898 0.131183 0.398136
vn -0.907898 0.131183 0.398136
vn -0.884814 0.083714 0.458363
vn -0.884814 0.083714 0.458363
vn -0.884814 0.083714 0.458363
vn -0.884814 0.083714 0.458363
vn -0.588549 0.096262 0.802710
vn -0.588549 0.096262 0.802710
vn -0.588549 0.096262 0.802710
vn -0.588549 0.096262 0.802710
vn -0.823835 0.169117 0.541013
vn -0.823835 0.169117 0.541013
vn -0.823835 0.169117 0.541013
vn -0.823835 0.169117 0.541013
vn -0.836050 0.020889 0.548255
vn -0.836050 0.020889 0.548255
vn -0.836050 0.020889 0.548255
vn -0.836050 0.020889 0.548255
vn -0.697088 -0.007146 0.716950
vn -0.697088 -0.007146 0.716950
vn -0.697088 -0.007146 0.716950
vn -0.697088 -0.007146 0.716950
vn -0.709048 -0.102298 0.697700
vn -0.709048 -0.102298 0.697700
vn -0.709048 -0.102298 0.697700
vn -0.709048 -0.102298 0.697700
vn -0.718542 -0.032579 0.694720
vn -0.718542 -0.032579 0.694720
vn -0.718542 -0.032579 0.694720
vn -0.718542 -0.032579 0.694720
vn -0.782529 -0.020614 0.622273
vn -0.782529 -0.020614 0.622273
vn -0.782529 -0.020614 0.622273
vn -0.782529 -0.020614 0.622273
vn -0.837974 0.069995 0.541202
vn -0.837974 0.069995 0.541202
vn -0.837974 0.069995 0.541202
vn -0.837974 0.069995 0.541202
vn -0.692372 0.031302 0.720861
vn -0.692372 0.031302 0.720861
vn -0.692372 0.031302 0.720861
vn -0.692372 0.031302 0.720861
vn -0.758283 -0.075738 0.647511
vn -0.758283 -0.075738 0.647511
vn -0.758283 -0.075738 0.647511
vn -0.758283 -0.075738 0.647511
vn -0.926401 -0.342995 -0.155354
vn -0.926401 -0.342995 -0.155354
vn -0.926401 -0.342995 -0.155354
vn -0.926401 -0.342995 -0.155354
vn -0.361644 0.279152 -0.889544
vn -0.361644 0.279152 -0.889544
vn -0.361644 0.279152 -0.889544
vn -0.361644 0.279152 -0.889544
vn -0.973600 -0.081681 -0.213147
vn -0.973600 -0.081681 -0.213147
vn -0.973600 -0.081681 -0.213147
vn -0.973600 -0.081681 -0.213147
vn -0.378208 -0.016165 -0.925579
vn -0.378208 -0.016165 -0.925579
vn -0.378208 -0.016165 -0.925579
vn -0.378208 -0.016165 -0.925579
vn -0.964676 -0.152786 -0.214608
vn -0.964676 -0.152786 -0.214608
vn -0.964676 -0.152786 -0.214608
vn -0.964676 -0.152786 -0.214608
vn -0.979784 -0.199916 -0.007483
vn -0.979784 -0.199916 -0.007483
vn -0.979784 -0.199916 -0.007483
vn -0.979784 -0.199916 -0.007483
vn -0.961622 -0.256300 0.097946
vn -0.961622 -0.256300 0.097946
vn -0.961622 -0.256300 0.097946
vn -0.961622 -0.256300 0.097946
vn 0.614169 0.359322 -0.702626
vn 0.614169 0.359322 -0.702626
vn 0.614169 0.359322 -0.702626
vn 0.614169 0.359322 -0.702626
vn 0.690549 0.148641 -0.707847
vn 0.690549 0.148641 -0.707847
vn 0.690549 0.148641 -0.707847
vn 0.690549 0.148641 -0.707847
vn 0.701599 0.235862 -0.672405
vn 0.701599 0.235862 -0.672405
vn 0.701599 0.235862 -0.672405
vn 0.701599 0.235862 -0.672405
vn 0.737936 -0.019997 -0.674575
vn 0.737936 -0.019997 -0.674575
vn 0.737936 -0.019997 -0.674575
vn 0.737936 -0.019997 -0.674575
vn 0.568039 0.346562 -0.746476
vn 0.568039 0.346562 -0.746476
vn 0.568039 0.346562 -0.746476
vn 0.568039 0.346562 -0.746476
vn 0.684310 0.526233 -0.504776
vn 0.684310 0.526233 -0.504776
vn 0.684310 0.526233 -0.504776
vn 0.684310 0.526233 -0.504776
vn 0.553483 0.360262 -0.750911
vn 0.553483 0.360262 -0.750911
vn 0.553483 0.360262 -0.750911
vn 0.553483 0.360262 -0.750911
vn 0.693385 0.513240 -0.505768
vn 0.693385 0.513240 -0.505768
vn 0.693385 0.513240 -0.505768
vn 0.693385 0.513240 -0.505768
vn 0.584673 0.470747 -0.660723
vn 0.584673 0.470747 -0.660723
vn 0.584673 0.470747 -0.660723
vn 0.584673 0.470747 -0.660723
vn 0.656923 -0.386334 -0.647456
vn 0.656923 -0.386334 -0.647456
vn 0.656923 -0.386334 -0.647456
vn 0.656923 -0.386334 -0.647456
vn 0.656978 -0.469878 -0.589572
vn 0.656978 -0.469878 -0.589572
vn 0.656978 -0.469878 -0.589572
vn 0.656978 -0.469878 -0.589572
vn 0.659827 -0.567370 -0.492666
vn 0.659827 -0.567370 -0.492666
vn 0.659827 -0.567370 -0.492666
vn 0.659827 -0.567370 -0.492666
vn -0.348133 0.383965 -0.855204
vn -0.348133 0.383965 -0.855204
vn -0.348133 0.383965 -0.855204
vn -0.348133 0.383965 -0.855204
vn -0.748254 -0.655800 -0.100209
vn -0.748254 -0.655800 -0.100209
vn -0.748254 -0.655800 -0.100209
vn -0.748254 -0.655800 -0.100209
vn -0.859683 -0.503551 -0.085919
vn -0.859683 -0.503551 -0.085919
vn -0.859683 -0.503551 -0.085919
vn -0.859683 -0.503551 -0.085919
vn -0.957891 -0.282901 0.049109
vn -0.957891 -0.282901 0.049109
vn -0.957891 -0.282901 0.049109
vn -0.957891 -0.282901 0.049109
vn 0.806628 0.078898 -0.585769
vn 0.806628 0.078898 -0.585769
vn 0.806628 0.078898 -0.585769
vn 0.806628 0.078898 -0.585769
vn 0.294318 -0.435888 -0.850516
vn 0.294318 -0.435888 -0.850516
vn 0.294318 -0.435888 -0.850516
vn 0.294318 -0.435888 -0.850516
vn 0.948652 -0.311569 -0.054633
vn 0.948652 -0.311569 -0.054633
vn 0.948652 -0.311569 -0.054633
vn 0.948652 -0.311569 -0.054633
vn -0.007925 0.895497 -0.444998
vn -0.007925 0.895497 -0.444998
vn -0.007925 0.895497 -0.444998
vn -0.007925 0.895497 -0.444998
vn 0.848400 0.101551 -0.519524
vn 0.848400 0.101551 -0.519524
vn 0.848400 0.101551 -0.519524
vn 0.848400 0.101551 -0.519524
vn 0.895504 0.442443 0.048125
vn 0.895504 0.442443 0.048125
vn 0.895504 0.442443 0.048125
vn 0.895504 0.442443 0.048125
vn 0.958310 -0.218544 0.184066
vn 0.958310 -0.218544 0.184066
vn 0.958310 -0.218544 0.184066
vn 0.958310 -0.218544 0.184066
vn 0.916535 -0.246352 -0.315078
vn 0.916535 -0.246352 -0.315078
vn 0.916535 -0.246352 -0.315078
vn 0.916535 -0.246352 -0.315078
vn 0.954425 -0.142756 -0.262096
vn 0.954425 -0.142756 -0.262096
vn 0.954425 -0.142756 -0.262096
vn 0.954425 -0.142756 -0.262096
vn 0.793555 0.224542 -0.565554
vn 0.793555 0.224542 -0.565554
vn 0.793555 0.224542 -0.565554
vn 0.793555 0.224542 -0.565554
vn 0.856081 -0.038377 -0.515415
vn 0.856081 -0.038377 -0.515415
vn 0.856081 -0.038377 -0.515415
vn 0.856081 -0.038377 -0.515415
vn 0.506730 0.575129 -0.642224
vn 0.506730 0.575129 -0.642224
vn 0.506730 0.575129 -0.642224
vn 0.506730 0.575129 -0.642224
vn 0.831769 -0.003569 -0.555110
vn 0.831769 -0.003569 -0.555110
vn 0.831769 -0.003569 -0.555110
vn 0.831769 -0.003569 -0.555110
vn 0.885410 -0.445230 -0.133489
vn 0.885410 -0.445230 -0.133489
vn 0.885410 -0.445230 -0.133489
vn 0.885410 -0.445230 -0.133489
vn -0.329522 0.861367 -0.386604
vn -0.329522 0.861367 -0.386604
vn -0.329522 0.861367 -0.386604
vn -0.329522 0.861367 -0.386604
vn 0.272225 -0.867671 -0.415982
vn 0.272225 -0.867671 -0.415982
vn 0.272225 -0.867671 -0.415982
vn 0.272225 -0.867671 -0.415982
vn 0.268244 -0.488956 -0.830040
vn 0.268244 -0.488956 -0.830040
vn 0.268244 -0.488956 -0.830040
vn 0.268244 -0.488956 -0.830040
vn 0.962215 0.044697 -0.268596
vn 0.962215 0.044697 -0.268596
vn 0.962215 0.044697 -0.268596
vn 0.962215 0.044697 -0.268596
vn 0.966528 0.058193 -0.249873
vn 0.966528 0.058193 -0.249873
vn 0.966528 0.058193 -0.249873
vn 0.966528 0.058193 -0.249873
vn 0.929733 -0.017649 -0.367812
vn 0.929733 -0.017649 -0.367812
vn 0.929733 -0.017649 -0.367812
vn 0.929733 -0.017649 -0.367812
vn 0.934894 0.202196 -0.291701
vn 0.934894 0.202196 -0.291701
vn 0.934894 0.202196 -0.291701
vn 0.934894 0.202196 -0.291701
vn 0.950466 0.105856 -0.292247
vn 0.950466 0.105856 -0.292247
vn 0.950466 0.105856 -0.292247
vn 0.950466 0.105856 -0.292247
vn 0.965287 0.041480 -0.257878
vn 0.965287 0.041480 -0.257878
vn 0.965287 0.041480 -0.257878
vn 0.965287 0.041480 -0.257878
vn 0.937805 0.042285 -0.344577
vn 0.937805 0.042285 -0.344577
vn 0.937805 0.042285 -0.344577
vn 0.937805 0.042285 -0.344577
vn 0.852085 0.108012 -0.512138
vn 0.852085 0.108012 -0.512138
vn 0.852085 0.108012 -0.512138
vn 0.852085 0.108012 -0.512138
vn 0.917065 0.021208 -0.398173
vn 0.917065 0.021208 -0.398173
vn 0.917065 0.021208 -0.398173
vn 0.917065 0.021208 -0.398173
vn 0.934700 0.026126 -0.354475
vn 0.934700 0.026126 -0.354475
vn 0.934700 0.026126 -0.354475
vn 0.934700 0.026126 -0.354475
vn 0.845863 0.115130 -0.520827
vn 0.845863 0.115130 -0.520827
vn 0.845863 0.115130 -0.520827
vn 0.845863 0.115130 -0.520827
vn 0.944211 0.038732 -0.327057
vn 0.944211 0.038732 -0.327057
vn 0.944211 0.038732 -0.327057
vn 0.944211 0.038732 -0.327057
vn 0.868961 0.130134 -0.477464
vn 0.868961 0.130134 -0.477464
vn 0.868961 0.130134 -0.477464
vn 0.868961 0.130134 -0.477464
vn 0.855913 0.115888 -0.503968
vn 0.855913 0.115888 -0.503968
vn 0.855913 0.115888 -0.503968
vn 0.855913 0.115888 -0.503968
vn 0.900790 0.068624 -0.428799
vn 0.900790 0.068624 -0.428799
vn 0.900790 0.068624 -0.428799
vn 0.900790 0.068624 -0.428799
vn 0.844411 0.037607 -0.534373
vn 0.844411 0.037607 -0.534373
vn 0.844411 0.037607 -0.534373
vn 0.844411 0.037607 -0.534373
vn 0.814169 -0.137429 -0.564130
vn 0.814169 -0.137429 -0.564130
vn 0.814169 -0.137429 -0.564130
vn 0.814169 -0.137429 -0.564130
vn 0.931257 0.071893 -0.357200
vn 0.931257 0.071893 -0.357200
vn 0.931257 0.071893 -0.357200
vn 0.931257 0.071893 -0.357200
vn 0.929975 0.049414 -0.364286
vn 0.929975 0.049414 -0.364286
vn 0.929975 0.049414 -0.364286
vn 0.929975 0.049414 -0.364286
vn 0.946343 0.078073 -0.313591
vn 0.946343 0.078073 -0.313591
vn 0.946343 0.078073 -0.313591
vn 0.946343 0.078073 -0.313591
vn 0.938567 0.086919 -0.333971
vn 0.938567 0.086919 -0.333971
vn 0.938567 0.086919 -0.333971
vn 0.938567 0.086919 -0.333971
vn 0.938806 0.054229 -0.340152
vn 0.938806 0.054229 -0.340152
vn 0.938806 0.054229 -0.340152
vn 0.938806 0.054229 -0.340152
vn 0.948619 0.098516 -0.300694
vn 0.948619 0.098516 -0.300694
vn 0.948619 0.098516 -0.300694
vn 0.948619 0.098516 -0.300694
vn 0.952180 0.100353 -0.288588
vn 0.952180 0.100353 -0.288588
vn 0.952180 0.100353 -0.288588
vn 0.952180 0.100353 -0.288588
vn 0.956172 0.043524 -0.289554
vn 0.956172 0.043524 -0.289554
vn 0.956172 0.043524 -0.289554
vn 0.956172 0.043524 -0.289554
vn 0.943715 0.117626 -0.309136
vn 0.943715 0.117626 -0.309136
vn 0.943715 0.117626 -0.309136
vn 0.943715 0.117626 -0.309136
vn 0.946290 0.107581 -0.304897
vn 0.946290 0.107581 -0.304897
vn 0.946290 0.107581 -0.304897
vn 0.946290 0.107581 -0.304897
vn 0.949076 0.048985 -0.311215
vn 0.949076 0.048985 -0.311215
vn 0.949076 0.048985 -0.311215
vn 0.949076 0.048985 -0.311215
vn 0.942285 0.043427 -0.331985
vn 0.942285 0.043427 -0.331985
vn 0.942285 0.043427 -0.331985
vn 0.942285 0.043427 -0.331985
vn 0.882969 0.105298 -0.457469
vn 0.882969 0.105298 -0.457469
vn 0.882969 0.105298 -0.457469
vn 0.882969 0.105298 -0.457469
vn 0.852958 0.097575 -0.512779
vn 0.852958 0.097575 -0.512779
vn 0.852958 0.097575 -0.512779
vn 0.852958 0.097575 -0.512779
vn 0.947595 -0.012846 -0.319216
vn 0.947595 -0.012846 -0.319216
vn 0.947595 -0.012846 -0.319216
vn 0.947595 -0.012846 -0.319216
vn 0.871359 0.293575 -0.393125
vn 0.871359 0.293575 -0.393125
vn 0.871359 0.293575 -0.393125
vn 0.871359 0.293575 -0.393125
vn 0.937473 0.301989 -0.173051
vn 0.937473 0.301989 -0.173051
vn 0.937473 0.301989 -0.173051
vn 0.937473 0.301989 -0.173051
vn 0.917578 0.254414 -0.305489
vn 0.917578 0.254414 -0.305489
vn 0.917578 0.254414 -0.305489
vn 0.917578 0.254414 -0.305489
vn 0.618454 0.573210 -0.537535
vn 0.618454 0.573210 -0.537535
vn 0.618454 0.573210 -0.537535
vn 0.618454 0.573210 -0.537535
vn 0.786888 0.184474 -0.588877
vn 0.786888 0.184474 -0.588877
vn 0.786888 0.184474 -0.588877
vn 0.786888 0.184474 -0.588877
vn 0.833536 -0.547963 0.070388
vn 0.833536 -0.547963 0.070388
vn 0.833536 -0.547963 0.070388
vn 0.833536 -0.547963 0.070388
vn 0.443548 0.856948 -0.262500
vn 0.443548 0.856948 -0.262500
vn 0.443548 0.856948 -0.262500
vn 0.443548 0.856948 -0.262500
vn 0.705824 0.691885 -0.152008
vn 0.705824 0.691885 -0.152008
vn 0.705824 0.691885 -0.152008
vn 0.705824 0.691885 -0.152008
vn 0.781208 0.343961 -0.520966
vn 0.781208 0.343961 -0.520966
vn 0.781208 0.343961 -0.520966
vn 0.781208 0.343961 -0.520966
vn 0.965875 0.239939 0.097547
vn 0.965875 0.239939 0.097547
vn 0.965875 0.239939 0.097547
vn 0.965875 0.239939 0.097547
vn 0.839609 -0.503759 0.203185
vn 0.839609 -0.503759 0.203185
vn 0.839609 -0.503759 0.203185
vn 0.839609 -0.503759 0.203185
vn 0.859310 0.150684 -0.488754
vn 0.859310 0.150684 -0.488754
vn 0.859310 0.150684 -0.488754
vn 0.859310 0.150684 -0.488754
vn 0.875971 0.103471 -0.471136
vn 0.875971 0.103471 -0.471136
vn 0.875971 0.103471 -0.471136
vn 0.875971 0.103471 -0.471136
vn 0.279929 0.802947 -0.526229
vn 0.279929 0.802947 -0.526229
vn 0.279929 0.802947 -0.526229
vn 0.279929 0.802947 -0.526229
vn 0.787341 0.276696 -0.550939
vn 0.787341 0.276696 -0.550939
vn 0.787341 0.276696 -0.550939
vn 0.787341 0.276696 -0.550939
vn 0.757442 -0.650945 -0.050524
vn 0.757442 -0.650945 -0.050524
vn 0.757442 -0.650945 -0.050524
vn 0.757442 -0.650945 -0.050524
vn 0.848969 0.130027 -0.512195
vn 0.848969 0.130027 -0.512195
vn 0.848969 0.130027 -0.512195
vn 0.848969 0.130027 -0.512195
vn 0.882647 -0.366761 -0.293975
vn 0.882647 -0.366761 -0.293975
vn 0.882647 -0.366761 -0.293975
vn 0.882647 -0.366761 -0.293975
vn -0.531187 0.843147 -0.083330
vn -0.531187 0.843147 -0.083330
vn -0.531187 0.843147 -0.083330
vn -0.531187 0.843147 -0.083330
vn 0.537703 -0.817304 0.207097
vn 0.537703 -0.817304 0.207097
vn 0.537703 -0.817304 0.207097
vn 0.537703 -0.817304 0.207097
vn 0.734890 0.349920 -0.580941
vn 0.734890 0.349920 -0.580941
vn 0.734890 0.349920 -0.580941
vn 0.734890 0.349920 -0.580941
vn 0.737600 -0.109124 -0.666362
vn 0.737600 -0.109124 -0.666362
vn 0.737600 -0.109124 -0.666362
vn 0.737600 -0.109124 -0.666362
vn -0.021174 -0.361918 -0.931969
vn -0.021174 -0.361918 -0.931969
vn -0.021174 -0.361918 -0.931969
vn -0.021174 -0.361918 -0.931969
vn 0.037534 0.783357 -0.620437
vn 0.037534 0.783357 -0.620437
vn 0.037534 0.783357 -0.620437
vn 0.037534 0.783357 -0.620437
vn 0.800925 -0.570589 -0.181514
vn 0.800925 -0.570589 -0.181514
vn 0.800925 -0.570589 -0.181514
vn 0.800925 -0.570589 -0.181514
vn 0.684138 -0.595398 -0.421255
vn 0.684138 -0.595398 -0.421255
vn 0.684138 -0.595398 -0.421255
vn 0.684138 -0.595398 -0.421255
vn 0.581692 0.002336 -0.813406
vn 0.581692 0.002336 -0.813406
vn 0.581692 0.002336 -0.813406
vn 0.581692 0.002336 -0.813406
vn 0.775237 0.102393 -0.623316
vn 0.775237 0.102393 -0.623316
vn 0.775237 0.102393 -0.623316
vn 0.775237 0.102393 -0.623316
vn 0.865798 0.220014 -0.449431
vn 0.865798 0.220014 -0.449431
vn 0.865798 0.220014 -0.449431
vn 0.865798 0.220014 -0.449431
vn 0.906569 0.400476 -0.133234
vn 0.906569 0.400476 -0.133234
vn 0.906569 0.400476 -0.133234
vn 0.906569 0.400476 -0.133234
vn -0.203276 0.879099 -0.431120
vn -0.203276 0.879099 -0.431120
vn -0.203276 0.879099 -0.431120
vn -0.203276 0.879099 -0.431120
vn -0.841328 -0.162461 -0.515532
vn -0.841328 -0.162461 -0.515532
vn -0.841328 -0.162461 -0.515532
vn -0.841328 -0.162461 -0.515532
vn 0.683102 -0.725928 0.080008
vn 0.683102 -0.725928 0.080008
vn 0.683102 -0.725928 0.080008
vn 0.683102 -0.725928 0.080008
vn 0.353223 0.036898 -0.934811
vn 0.353223 0.036898 -0.934811
vn 0.353223 0.036898 -0.934811
vn 0.353223 0.036898 -0.934811
vn 0.786047 0.224601 -0.575920
vn 0.786047 0.224601 -0.575920
vn 0.786047 0.224601 -0.575920
vn 0.786047 0.224601 -0.575920
vn 0.930385 0.198378 -0.308271
vn 0.930385 0.198378 -0.308271
vn 0.930385 0.198378 -0.308271
vn 0.930385 0.198378 -0.308271
vn 0.840470 0.226122 -0.492422
vn 0.840470 0.226122 -0.492422
vn 0.840470 0.226122 -0.492422
vn 0.840470 0.226122 -0.492422
vn 0.809822 0.469868 -0.351301
vn 0.809822 0.469868 -0.351301
vn 0.809822 0.469868 -0.351301
vn 0.809822 0.469868 -0.351301
vn 0.840952 0.328210 -0.430207
vn 0.840952 0.328210 -0.430207
vn 0.840952 0.328210 -0.430207
vn 0.840952 0.328210 -0.430207
vn 0.922631 0.180385 -0.340900
vn 0.922631 0.180385 -0.340900
vn 0.922631 0.180385 -0.340900
vn 0.922631 0.180385 -0.340900
vn 0.822693 0.159342 -0.545698
vn 0.822693 0.159342 -0.545698
vn 0.822693 0.159342 -0.545698
vn 0.822693 0.159342 -0.545698
vn 0.787054 0.117175 -0.605653
vn 0.787054 0.117175 -0.605653
vn 0.787054 0.117175 -0.605653
vn 0.787054 0.117175 -0.605653
vn 0.785676 0.541103 -0.299867
vn 0.785676 0.541103 -0.299867
vn 0.785676 0.541103 -0.299867
vn 0.785676 0.541103 -0.299867
vn 0.879989 0.162500 -0.446334
vn 0.879989 0.162500 -0.446334
vn 0.879989 0.162500 -0.446334
vn 0.879989 0.162500 -0.446334
vn 0.786377 0.617534 0.016239
vn 0.786377 0.617534 0.016239
vn 0.786377 0.617534 0.016239
vn 0.786377 0.617534 0.016239
vn 0.932684 0.117841 -0.340901
vn 0.932684 0.117841 -0.340901
vn 0.932684 0.117841 -0.340901
vn 0.932684 0.117841 -0.340901
vn 0.930507 0.201342 -0.305970
vn 0.930507 0.201342 -0.305970
vn 0.930507 0.201342 -0.305970
vn 0.930507 0.201342 -0.305970
vn 0.501949 0.201903 -0.841001
vn 0.501949 0.201903 -0.841001
vn 0.501949 0.201903 -0.841001
vn 0.501949 0.201903 -0.841001
vn -0.055393 0.982617 0.177189
vn -0.055393 0.982617 0.177189
vn -0.055393 0.982617 0.177189
vn -0.055393 0.982617 0.177189
vn 0.767329 0.596034 -0.236539
vn 0.767329 0.596034 -0.236539
vn 0.767329 0.596034 -0.236539
vn 0.767329 0.596034 -0.236539
vn 0.956547 0.120566 -0.265482
vn 0.956547 0.120566 -0.265482
vn 0.956547 0.120566 -0.265482
vn 0.956547 0.120566 -0.265482
vn 0.939202 0.122375 -0.320818
vn 0.939202 0.122375 -0.320818
vn 0.939202 0.122375 -0.320818
vn 0.939202 0.122375 -0.320818
vn 0.974353 0.144380 -0.172602
vn 0.974353 0.144380 -0.172602
vn 0.974353 0.144380 -0.172602
vn 0.974353 0.144380 -0.172602
vn 0.912122 0.067894 -0.404257
vn 0.912122 0.067894 -0.404257
vn 0.912122 0.067894 -0.404257
vn 0.912122 0.067894 -0.404257
vn 0.907796 0.204103 -0.366399
vn 0.907796 0.204103 -0.366399
vn 0.907796 0.204103 -0.366399
vn 0.907796 0.204103 -0.366399
vn 0.909902 0.214254 -0.355208
vn 0.909902 0.214254 -0.355208
vn 0.909902 0.214254 -0.355208
vn 0.909902 0.214254 -0.355208
vn 0.870557 0.173536 -0.460451
vn 0.870557 0.173536 -0.460451
vn 0.870557 0.173536 -0.460451
vn 0.870557 0.173536 -0.460451
vn 0.850770 0.040757 -0.523955
vn 0.850770 0.040757 -0.523955
vn 0.850770 0.040757 -0.523955
vn 0.850770 0.040757 -0.523955
vn 0.838812 0.084402 -0.537839
vn 0.838812 0.084402 -0.537839
vn 0.838812 0.084402 -0.537839
vn 0.838812 0.084402 -0.537839
vn 0.902803 0.083625 -0.421845
vn 0.902803 0.083625 -0.421845
vn 0.902803 0.083625 -0.421845
vn 0.902803 0.083625 -0.421845
vn 0.897757 0.121602 -0.423374
vn 0.897757 0.121602 -0.423374
vn 0.897757 0.121602 -0.423374
vn 0.897757 0.121602 -0.423374
vn 0.840256 -0.044092 -0.540395
vn 0.840256 -0.044092 -0.540395
vn 0.840256 -0.044092 -0.540395
vn 0.840256 -0.044092 -0.540395
vn 0.205594 -0.938744 0.276570
vn 0.205594 -0.938744 0.276570
vn 0.205594 -0.938744 0.276570
vn 0.205594 -0.938744 0.276570
vn -0.660063 -0.749139 0.055743
vn -0.660063 -0.749139 0.055743
vn -0.660063 -0.749139 0.055743
vn -0.660063 -0.749139 0.055743
vn 0.094203 -0.944439 0.314899
vn 0.094203 -0.944439 0.314899
vn 0.094203 -0.944439 0.314899
vn 0.094203 -0.944439 0.314899
vn -0.313266 -0.878457 0.360802
vn -0.313266 -0.878457 0.360802
vn -0.313266 -0.878457 0.360802
vn -0.313266 -0.878457 0.360802
vn -0.454533 -0.860090 0.231615
vn -0.454533 -0.860090 0.231615
vn -0.454533 -0.860090 0.231615
vn -0.454533 -0.860090 0.231615
vn -0.600771 -0.790646 0.118125
vn -0.600771 -0.790646 0.118125
vn -0.600771 -0.790646 0.118125
vn -0.600771 -0.790646 0.118125
vn -0.693177 -0.720642 0.013448
vn -0.693177 -0.720642 0.013448
vn -0.693177 -0.720642 0.013448
vn -0.693177 -0.720642 0.013448
vn -0.751877 -0.656961 -0.055527
vn -0.751877 -0.656961 -0.055527
vn -0.751877 -0.656961 -0.055527
vn -0.751877 -0.656961 -0.055527
vn -0.758267 -0.644298 -0.099552
vn -0.758267 -0.644298 -0.099552
vn -0.758267 -0.644298 -0.099552
vn -0.758267 -0.644298 -0.099552
vn -0.760582 -0.634996 -0.135260
vn -0.760582 -0.634996 -0.135260
vn -0.760582 -0.634996 -0.135260
vn -0.760582 -0.634996 -0.135260
vn -0.753913 -0.638477 -0.154796
vn -0.753913 -0.638477 -0.154796
vn -0.753913 -0.638477 -0.154796
vn -0.753913 -0.638477 -0.154796
vn -0.739202 -0.655168 -0.156000
vn -0.739202 -0.655168 -0.156000
vn -0.739202 -0.655168 -0.156000
vn -0.739202 -0.655168 -0.156000
vn -0.709670 -0.689926 -0.142727
vn -0.709670 -0.689926 -0.142727
vn -0.709670 -0.689926 -0.142727
vn -0.709670 -0.689926 -0.142727
vn -0.684945 -0.721026 -0.104746
vn -0.684945 -0.721026 -0.104746
vn -0.684945 -0.721026 -0.104746
vn -0.684945 -0.721026 -0.104746
vn -0.642390 -0.760363 -0.095834
vn -0.642390 -0.760363 -0.095834
vn -0.642390 -0.760363 -0.095834
vn -0.642390 -0.760363 -0.095834
vn -0.547670 -0.824175 -0.144196
vn -0.547670 -0.824175 -0.144196
vn -0.547670 -0.824175 -0.144196
vn -0.547670 -0.824175 -0.144196
vn -0.544468 -0.810291 -0.216756
vn -0.544468 -0.810291 -0.216756
vn -0.544468 -0.810291 -0.216756
vn -0.544468 -0.810291 -0.216756
vn -0.613587 -0.779916 -0.123457
vn -0.613587 -0.779916 -0.123457
vn -0.613587 -0.779916 -0.123457
vn -0.613587 -0.779916 -0.123457
vn -0.096448 -0.871234 0.481300
vn -0.096448 -0.871234 0.481300
vn -0.096448 -0.871234 0.481300
vn -0.096448 -0.871234 0.481300
vn 0.543792 0.686192 0.483147
vn 0.543792 0.686192 0.483147
vn 0.543792 0.686192 0.483147
vn 0.543792 0.686192 0.483147
vn 0.540556 0.702887 0.462329
vn 0.540556 0.702887 0.462329
vn 0.540556 0.702887 0.462329
vn 0.540556 0.702887 0.462329
vn 0.664411 0.700864 0.259514
vn 0.664411 0.700864 0.259514
vn 0.664411 0.700864 0.259514
vn 0.664411 0.700864 0.259514
vn 0.663269 0.720513 0.202325
vn 0.663269 0.720513 0.202325
vn 0.663269 0.720513 0.202325
vn 0.663269 0.720513 0.202325
vn 0.674317 0.717561 0.174361
vn 0.674317 0.717561 0.174361
vn 0.674317 0.717561 0.174361
vn 0.674317 0.717561 0.174361
vn 0.673005 0.723078 0.155635
vn 0.673005 0.723078 0.155635
vn 0.673005 0.723078 0.155635
vn 0.673005 0.723078 0.155635
vn 0.675454 0.718823 0.164488
vn 0.675454 0.718823 0.164488
vn 0.675454 0.718823 0.164488
vn 0.675454 0.718823 0.164488
vn 0.667470 0.726519 0.163264
vn 0.667470 0.726519 0.163264
vn 0.667470 0.726519 0.163264
vn 0.667470 0.726519 0.163264
vn 0.650385 0.744364 0.151400
vn 0.650385 0.744364 0.151400
vn 0.650385 0.744364 0.151400
vn 0.650385 0.744364 0.151400
vn 0.663715 0.739101 0.114946
vn 0.663715 0.739101 0.114946
vn 0.663715 0.739101 0.114946
vn 0.663715 0.739101 0.114946
vn 0.703333 0.710855 -0.002941
vn 0.703333 0.710855 -0.002941
vn 0.703333 0.710855 -0.002941
vn 0.703333 0.710855 -0.002941
vn 0.359179 0.930241 -0.075113
vn 0.359179 0.930241 -0.075113
vn 0.359179 0.930241 -0.075113
vn 0.359179 0.930241 -0.075113
vn 0.421760 0.899517 0.113961
vn 0.421760 0.899517 0.113961
vn 0.421760 0.899517 0.113961
vn 0.421760 0.899517 0.113961
vn 0.112889 -0.888587 0.444601
vn 0.112889 -0.888587 0.444601
vn 0.112889 -0.888587 0.444601
vn 0.112889 -0.888587 0.444601
vn -0.074141 -0.957542 0.278596
vn -0.074141 -0.957542 0.278596
vn -0.074141 -0.957542 0.278596
vn -0.074141 -0.957542 0.278596
vn 0.171131 -0.910075 0.377463
vn 0.171131 -0.910075 0.377463
vn 0.171131 -0.910075 0.377463
vn 0.171131 -0.910075 0.377463
vn 0.217798 -0.954610 0.203183
vn 0.217798 -0.954610 0.203183
vn 0.217798 -0.954610 0.203183
vn 0.217798 -0.954610 0.203183
vn 0.186569 -0.499698 -0.845869
vn 0.186569 -0.499698 -0.845869
vn 0.186569 -0.499698 -0.845869
vn 0.186569 -0.499698 -0.845869
vn 0.359655 0.882662 0.302583
vn 0.359655 0.882662 0.302583
vn 0.359655 0.882662 0.302583
vn 0.359655 0.882662 0.302583
vn 0.291058 0.930279 0.223307
vn 0.291058 0.930279 0.223307
vn 0.291058 0.930279 0.223307
vn 0.291058 0.930279 0.223307
vn 0.418929 0.835719 0.355066
vn 0.418929 0.835719 0.355066
vn 0.418929 0.835719 0.355066
vn 0.418929 0.835719 0.355066
vn 0.478382 0.780529 0.402399
vn 0.478382 0.780529 0.402399
vn 0.478382 0.780529 0.402399
vn 0.478382 0.780529 0.402399
vn 0.577956 0.665550 0.472240
vn 0.577956 0.665550 0.472240
vn 0.577956 0.665550 0.472240
vn 0.577956 0.665550 0.472240
vn 0.591479 0.694953 0.408893
vn 0.591479 0.694953 0.408893
vn 0.591479 0.694953 0.408893
vn 0.591479 0.694953 0.408893
vn 0.577495 0.725908 0.373574
vn 0.577495 0.725908 0.373574
vn 0.577495 0.725908 0.373574
vn 0.577495 0.725908 0.373574
vn 0.573353 0.744452 0.342139
vn 0.573353 0.744452 0.342139
vn 0.573353 0.744452 0.342139
vn 0.573353 0.744452 0.342139
vn 0.574961 0.761090 0.300270
vn 0.574961 0.761090 0.300270
vn 0.574961 0.761090 0.300270
vn 0.574961 0.761090 0.300270
vn 0.572484 0.773652 0.271524
vn 0.572484 0.773652 0.271524
vn 0.572484 0.773652 0.271524
vn 0.572484 0.773652 0.271524
vn 0.580788 0.783479 0.221011
vn 0.580788 0.783479 0.221011
vn 0.580788 0.783479 0.221011
vn 0.580788 0.783479 0.221011
vn 0.591191 0.787222 0.175430
vn 0.591191 0.787222 0.175430
vn 0.591191 0.787222 0.175430
vn 0.591191 0.787222 0.175430
vn 0.591722 0.794973 0.133727
vn 0.591722 0.794973 0.133727
vn 0.591722 0.794973 0.133727
vn 0.591722 0.794973 0.133727
vn 0.589880 0.803673 0.078432
vn 0.589880 0.803673 0.078432
vn 0.589880 0.803673 0.078432
vn 0.589880 0.803673 0.078432
vn 0.588598 0.806201 0.059935
vn 0.588598 0.806201 0.059935
vn 0.588598 0.806201 0.059935
vn 0.588598 0.806201 0.059935
vn 0.582944 0.810569 0.056175
vn 0.582944 0.810569 0.056175
vn 0.582944 0.810569 0.056175
vn 0.582944 0.810569 0.056175
vn 0.559033 0.825459 0.078101
vn 0.559033 0.825459 0.078101
vn 0.559033 0.825459 0.078101
vn 0.559033 0.825459 0.078101
vn 0.540079 0.841337 0.021616
vn 0.540079 0.841337 0.021616
vn 0.540079 0.841337 0.021616
vn 0.540079 0.841337 0.021616
vn 0.598683 0.789004 -0.138026
vn 0.598683 0.789004 -0.138026
vn 0.598683 0.789004 -0.138026
vn 0.598683 0.789004 -0.138026
vn 0.691348 0.408212 -0.596156
vn 0.691348 0.408212 -0.596156
vn 0.691348 0.408212 -0.596156
vn 0.691348 0.408212 -0.596156
vn 0.451052 0.500008 -0.739286
vn 0.451052 0.500008 -0.739286
vn 0.451052 0.500008 -0.739286
vn 0.451052 0.500008 -0.739286
vn 0.302852 0.617143 -0.726233
vn 0.302852 0.617143 -0.726233
vn 0.302852 0.617143 -0.726233
vn 0.302852 0.617143 -0.726233
vn 0.624644 0.211445 -0.751738
vn 0.624644 0.211445 -0.751738
vn 0.624644 0.211445 -0.751738
vn 0.624644 0.211445 -0.751738
vn 0.706764 0.153036 -0.690699
vn 0.706764 0.153036 -0.690699
vn 0.706764 0.153036 -0.690699
vn 0.706764 0.153036 -0.690699
vn -0.273181 -0.137068 -0.952147
vn -0.273181 -0.137068 -0.952147
vn -0.273181 -0.137068 -0.952147
vn -0.273181 -0.137068 -0.952147
vn 0.835624 0.153622 -0.527383
vn 0.835624 0.153622 -0.527383
vn 0.835624 0.153622 -0.527383
vn 0.835624 0.153622 -0.527383
vn -0.097639 -0.265858 -0.959055
vn -0.097639 -0.265858 -0.959055
vn -0.097639 -0.265858 -0.959055
vn -0.097639 -0.265858 -0.959055
vn 0.099576 -0.434118 -0.895336
vn 0.099576 -0.434118 -0.895336
vn 0.099576 -0.434118 -0.895336
vn 0.099576 -0.434118 -0.895336
vn 0.255190 -0.454113 -0.853616
vn 0.255190 -0.454113 -0.853616
vn 0.255190 -0.454113 -0.853616
vn 0.255190 -0.454113 -0.853616
vn 0.752995 -0.053403 -0.655855
vn 0.752995 -0.053403 -0.655855
vn 0.752995 -0.053403 -0.655855
vn 0.752995 -0.053403 -0.655855
vn 0.869084 0.071718 -0.489438
vn 0.869084 0.071718 -0.489438
vn 0.869084 0.071718 -0.489438
vn 0.869084 0.071718 -0.489438
vn 0.788593 -0.031887 -0.614089
vn 0.788593 -0.031887 -0.614089
vn 0.788593 -0.031887 -0.614089
vn 0.788593 -0.031887 -0.614089
vn 0.902369 0.084448 -0.422609
vn 0.902369 0.084448 -0.422609
vn 0.902369 0.084448 -0.422609
vn 0.902369 0.084448 -0.422609
vn 0.841173 0.059379 -0.537497
vn 0.841173 0.059379 -0.537497
vn 0.841173 0.059379 -0.537497
vn 0.841173 0.059379 -0.537497
vn 0.726117 0.108513 -0.678955
vn 0.726117 0.108513 -0.678955
vn 0.726117 0.108513 -0.678955
vn 0.726117 0.108513 -0.678955
vn 0.768168 0.035251 -0.639278
vn 0.768168 0.035251 -0.639278
vn 0.768168 0.035251 -0.639278
vn 0.768168 0.035251 -0.639278
vn 0.847957 0.107712 -0.519005
vn 0.847957 0.107712 -0.519005
vn 0.847957 0.107712 -0.519005
vn 0.847957 0.107712 -0.519005
vn 0.886667 0.038545 -0.460799
vn 0.886667 0.038545 -0.460799
vn 0.886667 0.038545 -0.460799
vn 0.886667 0.038545 -0.460799
vn 0.894537 0.000744 -0.446994
vn 0.894537 0.000744 -0.446994
vn 0.894537 0.000744 -0.446994
vn 0.894537 0.000744 -0.446994
vn 0.839093 0.069885 -0.539481
vn 0.839093 0.069885 -0.539481
vn 0.839093 0.069885 -0.539481
vn 0.839093 0.069885 -0.539481
vn 0.781912 0.142951 -0.606777
vn 0.781912 0.142951 -0.606777
vn 0.781912 0.142951 -0.606777
vn 0.781912 0.142951 -0.606777
vn 0.819970 0.174064 -0.545300
vn 0.819970 0.174064 -0.545300
vn 0.819970 0.174064 -0.545300
vn 0.819970 0.174064 -0.545300
vn 0.879180 0.045874 -0.474276
vn 0.879180 0.045874 -0.474276
vn 0.879180 0.045874 -0.474276
vn 0.879180 0.045874 -0.474276
vn 0.854422 0.119058 -0.505755
vn 0.854422 0.119058 -0.505755
vn 0.854422 0.119058 -0.505755
vn 0.854422 0.119058 -0.505755
vn 0.860403 0.171588 -0.479858
vn 0.860403 0.171588 -0.479858
vn 0.860403 0.171588 -0.479858
vn 0.860403 0.171588 -0.479858
vn 0.847619 0.175108 -0.500879
vn 0.847619 0.175108 -0.500879
vn 0.847619 0.175108 -0.500879
vn 0.847619 0.175108 -0.500879
vn 0.868176 0.106060 -0.484790
vn 0.868176 0.106060 -0.484790
vn 0.868176 0.106060 -0.484790
vn 0.868176 0.106060 -0.484790
vn 0.878838 0.135194 -0.457566
vn 0.878838 0.135194 -0.457566
vn 0.878838 0.135194 -0.457566
vn 0.878838 0.135194 -0.457566
vn 0.860825 0.166196 -0.480998
vn 0.860825 0.166196 -0.480998
vn 0.860825 0.166196 -0.480998
vn 0.860825 0.166196 -0.480998
vn 0.836830 0.132192 -0.531263
vn 0.836830 0.132192 -0.531263
vn 0.836830 0.132192 -0.531263
vn 0.836830 0.132192 -0.531263
vn 0.618712 -0.285443 -0.731927
vn 0.618712 -0.285443 -0.731927
vn 0.618712 -0.285443 -0.731927
vn 0.618712 -0.285443 -0.731927
vn -0.050697 0.246617 0.967786
vn -0.050697 0.246617 0.967786
vn -0.050697 0.246617 0.967786
vn -0.050697 0.246617 0.967786
vn -0.545627 0.694294 0.469306
vn -0.545627 0.694294 0.469306
vn -0.545627 0.694294 0.469306
vn -0.545627 0.694294 0.469306
vn 0.004173 -0.986756 -0.162158
vn 0.004173 -0.986756 -0.162158
vn 0.004173 -0.986756 -0.162158
vn 0.004173 -0.986756 -0.162158
vn -0.945347 -0.035744 0.324102
vn -0.945347 -0.035744 0.324102
vn -0.945347 -0.035744 0.324102
vn -0.945347 -0.035744 0.324102
vn -0.956883 0.017936 0.289919
vn -0.956883 0.017936 0.289919
vn -0.956883 0.017936 0.289919
vn -0.956883 0.017936 0.289919
vn -0.943767 0.089245 0.318338
vn -0.943767 0.089245 0.318338
vn -0.943767 0.089245 0.318338
vn -0.943767 0.089245 0.318338
vn -0.901291 0.146365 0.407740
vn -0.901291 0.146365 0.407740
vn -0.901291 0.146365 0.407740
vn -0.901291 0.146365 0.407740
vn -0.821730 0.210062 0.529748
vn -0.821730 0.210062 0.529748
vn -0.821730 0.210062 0.529748
vn -0.821730 0.210062 0.529748
vn -0.709624 0.256910 0.656072
vn -0.709624 0.256910 0.656072
vn -0.709624 0.256910 0.656072
vn -0.709624 0.256910 0.656072
vn -0.716876 0.322510 0.618123
vn -0.716876 0.322510 0.618123
vn -0.716876 0.322510 0.618123
vn -0.716876 0.322510 0.618123
vn -0.688792 0.109359 0.716664
vn -0.688792 0.109359 0.716664
vn -0.688792 0.109359 0.716664
vn -0.688792 0.109359 0.716664
vn -0.500434 -0.156919 0.851435
vn -0.500434 -0.156919 0.851435
vn -0.500434 -0.156919 0.851435
vn -0.500434 -0.156919 0.851435
vn -0.964144 -0.125694 0.233725
vn -0.964144 -0.125694 0.233725
vn -0.964144 -0.125694 0.233725
vn -0.964144 -0.125694 0.233725
vn -0.911835 -0.131465 0.388940
vn -0.911835 -0.131465 0.388940
vn -0.911835 -0.131465 0.388940
vn -0.911835 -0.131465 0.388940
vn -0.965134 0.251937 0.071027
vn -0.965134 0.251937 0.071027
vn -0.965134 0.251937 0.071027
vn -0.965134 0.251937 0.071027
vn -0.949649 -0.011938 0.313088
vn -0.949649 -0.011938 0.313088
vn -0.949649 -0.011938 0.313088
vn -0.949649 -0.011938 0.313088
vn 0.265678 -0.960721 0.080195
vn 0.265678 -0.960721 0.080195
vn 0.265678 -0.960721 0.080195
vn 0.265678 -0.960721 0.080195
vn -0.608251 -0.184037 0.772115
vn -0.608251 -0.184037 0.772115
vn -0.608251 -0.184037 0.772115
vn -0.608251 -0.184037 0.772115
vn 0.234265 -0.971497 0.036232
vn 0.234265 -0.971497 0.036232
vn 0.234265 -0.971497 0.036232
vn 0.234265 -0.971497 0.036232
vn -0.920824 -0.236039 0.310433
vn -0.920824 -0.236039 0.310433
vn -0.920824 -0.236039 0.310433
vn -0.920824 -0.236039 0.310433
vn -0.924449 -0.265924 0.273274
vn -0.924449 -0.265924 0.273274
vn -0.924449 -0.265924 0.273274
vn -0.924449 -0.265924 0.273274
vn -0.891844 -0.319279 0.320430
vn -0.891844 -0.319279 0.320430
vn -0.891844 -0.319279 0.320430
vn -0.891844 -0.319279 0.320430
vn -0.856400 -0.341673 0.387090
vn -0.856400 -0.341673 0.387090
vn -0.856400 -0.341673 0.387090
vn -0.856400 -0.341673 0.387090
vn -0.815963 -0.278131 0.506801
vn -0.815963 -0.278131 0.506801
vn -0.815963 -0.278131 0.506801
vn -0.815963 -0.278131 0.506801
vn -0.765070 -0.102523 0.635734
vn -0.765070 -0.102523 0.635734
vn -0.765070 -0.102523 0.635734
vn -0.765070 -0.102523 0.635734
vn -0.802093 0.160531 0.575218
vn -0.802093 0.160531 0.575218
vn -0.802093 0.160531 0.575218
vn -0.802093 0.160531 0.575218
vn -0.487664 0.161645 0.857936
vn -0.487664 0.161645 0.857936
vn -0.487664 0.161645 0.857936
vn -0.487664 0.161645 0.857936
vn -0.555631 -0.085512 0.827020
vn -0.555631 -0.085512 0.827020
vn -0.555631 -0.085512 0.827020
vn -0.555631 -0.085512 0.827020
vn -0.981609 0.148070 0.120494
vn -0.981609 0.148070 0.120494
vn -0.981609 0.148070 0.120494
vn -0.981609 0.148070 0.120494
vn -0.946733 0.017105 0.321566
vn -0.946733 0.017105 0.321566
vn -0.946733 0.017105 0.321566
vn -0.946733 0.017105 0.321566
vn -0.952159 -0.153585 0.264207
vn -0.952159 -0.153585 0.264207
vn -0.952159 -0.153585 0.264207
vn -0.952159 -0.153585 0.264207
vn -0.909210 -0.235063 0.343632
vn -0.909210 -0.235063 0.343632
vn -0.909210 -0.235063 0.343632
vn -0.909210 -0.235063 0.343632
vn 0.221701 -0.410064 0.884701
vn 0.221701 -0.410064 0.884701
vn 0.221701 -0.410064 0.884701
vn 0.221701 -0.410064 0.884701
vn -0.347000 -0.285804 0.893257
vn -0.347000 -0.285804 0.893257
vn -0.347000 -0.285804 0.893257
vn -0.347000 -0.285804 0.893257
vn 0.306171 -0.600671 0.738549
vn 0.306171 -0.600671 0.738549
vn 0.306171 -0.600671 0.738549
vn 0.306171 -0.600671 0.738549
vn -0.448922 -0.882521 0.140092
vn -0.448922 -0.882521 0.140092
vn -0.448922 -0.882521 0.140092
vn -0.448922 -0.882521 0.140092
vn -0.456545 -0.869387 0.189029
vn -0.456545 -0.869387 0.189029
vn -0.456545 -0.869387 0.189029
vn -0.456545 -0.869387 0.189029
vn -0.444052 -0.867591 0.223840
vn -0.444052 -0.867591 0.223840
vn -0.444052 -0.867591 0.223840
vn -0.444052 -0.867591 0.223840
vn -0.423851 -0.867727 0.259615
vn -0.423851 -0.867727 0.259615
vn -0.423851 -0.867727 0.259615
vn -0.423851 -0.867727 0.259615
vn -0.329158 -0.878115 0.347231
vn -0.329158 -0.878115 0.347231
vn -0.329158 -0.878115 0.347231
vn -0.329158 -0.878115 0.347231
vn -0.370434 -0.865682 0.336711
vn -0.370434 -0.865682 0.336711
vn -0.370434 -0.865682 0.336711
vn -0.370434 -0.865682 0.336711
vn -0.504455 -0.648511 0.570052
vn -0.504455 -0.648511 0.570052
vn -0.504455 -0.648511 0.570052
vn -0.504455 -0.648511 0.570052
vn -0.714011 -0.651359 0.256749
vn -0.714011 -0.651359 0.256749
vn -0.714011 -0.651359 0.256749
vn -0.714011 -0.651359 0.256749
vn -0.512240 -0.784315 0.349944
vn -0.512240 -0.784315 0.349944
vn -0.512240 -0.784315 0.349944
vn -0.512240 -0.784315 0.349944
vn -0.445260 -0.860607 0.247183
vn -0.445260 -0.860607 0.247183
vn -0.445260 -0.860607 0.247183
vn -0.445260 -0.860607 0.247183
vn -0.425696 -0.886928 0.179283
vn -0.425696 -0.886928 0.179283
vn -0.425696 -0.886928 0.179283
vn -0.425696 -0.886928 0.179283
vn -0.143965 -0.987071 0.070468
vn -0.143965 -0.987071 0.070468
vn -0.143965 -0.987071 0.070468
vn -0.143965 -0.987071 0.070468
vn -0.137000 -0.984319 0.111119
vn -0.137000 -0.984319 0.111119
vn -0.137000 -0.984319 0.111119
vn -0.137000 -0.984319 0.111119
vn -0.144414 -0.979205 0.142484
vn -0.144414 -0.979205 0.142484
vn -0.144414 -0.979205 0.142484
vn -0.144414 -0.979205 0.142484
vn -0.121829 -0.972038 0.200749
vn -0.121829 -0.972038 0.200749
vn -0.121829 -0.972038 0.200749
vn -0.121829 -0.972038 0.200749
vn -0.151580 -0.947075 0.282970
vn -0.151580 -0.947075 0.282970
vn -0.151580 -0.947075 0.282970
vn -0.151580 -0.947075 0.282970
vn -0.263886 -0.947440 0.180890
vn -0.263886 -0.947440 0.180890
vn -0.263886 -0.947440 0.180890
vn -0.263886 -0.947440 0.180890
vn -0.469703 -0.653840 0.593189
vn -0.469703 -0.653840 0.593189
vn -0.469703 -0.653840 0.593189
vn -0.469703 -0.653840 0.593189
vn -0.138473 -0.963835 0.227702
vn -0.138473 -0.963835 0.227702
vn -0.138473 -0.963835 0.227702
vn -0.138473 -0.963835 0.227702
vn -0.148348 -0.960501 0.235438
vn -0.148348 -0.960501 0.235438
vn -0.148348 -0.960501 0.235438
vn -0.148348 -0.960501 0.235438
vn -0.161079 -0.967304 0.195897
vn -0.161079 -0.967304 0.195897
vn -0.161079 -0.967304 0.195897
vn -0.161079 -0.967304 0.195897
vn -0.157876 -0.981089 0.111983
vn -0.157876 -0.981089 0.111983
vn -0.157876 -0.981089 0.111983
vn -0.157876 -0.981089 0.111983
vn -0.046165 -0.996094 0.075265
vn -0.046165 -0.996094 0.075265
vn -0.046165 -0.996094 0.075265
vn -0.046165 -0.996094 0.075265
vn -0.053113 -0.994993 0.084665
vn -0.053113 -0.994993 0.084665
vn -0.053113 -0.994993 0.084665
vn -0.053113 -0.994993 0.084665
vn -0.046546 -0.990230 0.131445
vn -0.046546 -0.990230 0.131445
vn -0.046546 -0.990230 0.131445
vn -0.046546 -0.990230 0.131445
vn -0.019925 -0.975476 0.219202
vn -0.019925 -0.975476 0.219202
vn -0.019925 -0.975476 0.219202
vn -0.019925 -0.975476 0.219202
vn -0.036781 -0.985344 0.166569
vn -0.036781 -0.985344 0.166569
vn -0.036781 -0.985344 0.166569
vn -0.036781 -0.985344 0.166569
vn -0.152600 -0.984446 0.087066
vn -0.152600 -0.984446 0.087066
vn -0.152600 -0.984446 0.087066
vn -0.152600 -0.984446 0.087066
vn -0.327868 -0.711765 0.621203
vn -0.327868 -0.711765 0.621203
vn -0.327868 -0.711765 0.621203
vn -0.327868 -0.711765 0.621203
vn 0.107873 -0.972092 0.208328
vn 0.107873 -0.972092 0.208328
vn 0.107873 -0.972092 0.208328
vn 0.107873 -0.972092 0.208328
vn 0.063615 -0.979608 0.190581
vn 0.063615 -0.979608 0.190581
vn 0.063615 -0.979608 0.190581
vn 0.063615 -0.979608 0.190581
vn 0.020008 -0.988410 0.150485
vn 0.020008 -0.988410 0.150485
vn 0.020008 -0.988410 0.150485
vn 0.020008 -0.988410 0.150485
vn -0.026732 -0.996611 0.077800
vn -0.026732 -0.996611 0.077800
vn -0.026732 -0.996611 0.077800
vn -0.026732 -0.996611 0.077800
vn -0.074898 -0.685586 -0.724128
vn -0.074898 -0.685586 -0.724128
vn -0.074898 -0.685586 -0.724128
vn -0.074898 -0.685586 -0.724128
vn -0.219438 -0.886983 -0.406336
vn -0.219438 -0.886983 -0.406336
vn -0.219438 -0.886983 -0.406336
vn -0.219438 -0.886983 -0.406336
vn -0.105278 0.380356 -0.918828
vn -0.105278 0.380356 -0.918828
vn -0.105278 0.380356 -0.918828
vn -0.105207 0.380366 -0.918833
vn -0.105207 0.380366 -0.918833
vn -0.105207 0.380366 -0.918833
vn -0.105207 0.380366 -0.918833
vn -0.105143 0.380370 -0.918838
vn -0.105143 0.380370 -0.918838
vn -0.105143 0.380370 -0.918838
vn -0.105143 0.380370 -0.918838
vn -0.105198 0.380357 -0.918837
vn -0.105198 0.380357 -0.918837
vn -0.105198 0.380357 -0.918837
vn -0.105198 0.380357 -0.918837
vn -0.105171 0.380357 -0.918840
vn -0.105171 0.380357 -0.918840
vn -0.105171 0.380357 -0.918840
vn -0.105171 0.380357 -0.918840
vn 0.105147 0.380356 -0.918844
vn 0.105147 0.380356 -0.918844
vn 0.105147 0.380356 -0.918844
vn 0.105147 0.380356 -0.918844
vn 0.105189 0.380374 -0.918831
vn 0.105189 0.380374 -0.918831
vn 0.105189 0.380374 -0.918831
vn 0.105189 0.380374 -0.918831
vn 0.105140 0.380375 -0.918837
vn 0.105140 0.380375 -0.918837
vn 0.105140 0.380375 -0.918837
vn 0.105140 0.380375 -0.918837
vn 0.105195 0.380345 -0.918842
vn 0.105195 0.380345 -0.918842
vn 0.105195 0.380345 -0.918842
vn 0.105168 0.380347 -0.918845
vn 0.105168 0.380347 -0.918845
vn 0.105168 0.380347 -0.918845
vn 0.105168 0.380347 -0.918845
vn -0.005926 0.961059 -0.276279
vn -0.005926 0.961059 -0.276279
vn -0.005926 0.961059 -0.276279
vn -0.005926 0.961059 -0.276279
vn 0.679610 0.679729 -0.275861
vn 0.679610 0.679729 -0.275861
vn 0.679610 0.679729 -0.275861
vn 0.679610 0.679729 -0.275861
vn 0.985096 -0.064778 -0.159339
vn 0.985096 -0.064778 -0.159339
vn 0.985096 -0.064778 -0.159339
vn 0.985096 -0.064778 -0.159339
vn 0.021961 0.981764 -0.188830
vn 0.021961 0.981764 -0.188830
vn 0.021961 0.981764 -0.188830
vn 0.021961 0.981764 -0.188830
vn -0.243661 0.967572 -0.066593
vn -0.243661 0.967572 -0.066593
vn -0.243661 0.967572 -0.066593
vn -0.243661 0.967572 -0.066593
vn 0.269358 -0.950570 -0.154477
vn 0.269358 -0.950570 -0.154477
vn 0.269358 -0.950570 -0.154477
vn 0.269358 -0.950570 -0.154477
vn 0.367358 -0.916998 -0.155445
vn 0.367358 -0.916998 -0.155445
vn 0.367358 -0.916998 -0.155445
vn 0.367358 -0.916998 -0.155445
vn 0.935511 0.131090 -0.328076
vn 0.935511 0.131090 -0.328076
vn 0.935511 0.131090 -0.328076
vn 0.935511 0.131090 -0.328076
vn 0.965529 -0.100580 -0.240077
vn 0.965529 -0.100580 -0.240077
vn 0.965529 -0.100580 -0.240077
vn 0.965529 -0.100580 -0.240077
vn 0.950543 0.185019 -0.249470
vn 0.950543 0.185019 -0.249470
vn 0.950543 0.185019 -0.249470
vn 0.950543 0.185019 -0.249470
vn 0.152815 -0.054138 0.986771
vn 0.152815 -0.054138 0.986771
vn 0.152815 -0.054138 0.986771
vn 0.152815 -0.054138 0.986771
vn 0.201949 -0.164169 0.965539
vn 0.201949 -0.164169 0.965539
vn 0.201949 -0.164169 0.965539
vn 0.201949 -0.164169 0.965539
vn -0.127292 -0.966733 0.221864
vn -0.127292 -0.966733 0.221864
vn -0.127292 -0.966733 0.221864
vn -0.127292 -0.966733 0.221864
vn 0.047188 -0.704651 -0.707983
vn 0.047188 -0.704651 -0.707983
vn 0.047188 -0.704651 -0.707983
vn 0.047188 -0.704651 -0.707983
vn 0.546368 0.788784 -0.281605
vn 0.546368 0.788784 -0.281605
vn 0.546368 0.788784 -0.281605
vn 0.546368 0.788784 -0.281605
vn 0.000000 0.998482 -0.055080
vn 0.000000 0.998482 -0.055080
vn 0.000000 0.998482 -0.055080
vn 0.000000 0.998482 -0.055080
vn 0.517626 0.337415 -0.786266
vn 0.517626 0.337415 -0.786266
vn 0.517626 0.337415 -0.786266
vn 0.517626 0.337415 -0.786266
vn 0.150120 -0.057017 -0.987022
vn 0.150120 -0.057017 -0.987022
vn 0.150120 -0.057017 -0.987022
vn 0.150120 -0.057017 -0.987022
vn 0.972450 -0.218882 -0.080193
vn 0.972450 -0.218882 -0.080193
vn 0.972450 -0.218882 -0.080193
vn 0.972450 -0.218882 -0.080193
vn 0.934478 -0.305786 -0.182335
vn 0.934478 -0.305786 -0.182335
vn 0.934478 -0.305786 -0.182335
vn 0.934478 -0.305786 -0.182335
vn 0.867535 -0.430247 -0.249541
vn 0.867535 -0.430247 -0.249541
vn 0.867535 -0.430247 -0.249541
vn 0.867535 -0.430247 -0.249541
vn 0.825917 -0.479369 -0.296759
vn 0.825917 -0.479369 -0.296759
vn 0.825917 -0.479369 -0.296759
vn 0.825917 -0.479369 -0.296759
vn 0.780525 -0.540797 -0.313559
vn 0.780525 -0.540797 -0.313559
vn 0.780525 -0.540797 -0.313559
vn 0.780525 -0.540797 -0.313559
vn 0.748546 -0.590021 -0.302579
vn 0.748546 -0.590021 -0.302579
vn 0.748546 -0.590021 -0.302579
vn 0.748546 -0.590021 -0.302579
vn 0.698005 -0.561769 -0.444076
vn 0.698005 -0.561769 -0.444076
vn 0.698005 -0.561769 -0.444076
vn 0.698005 -0.561769 -0.444076
vn 0.663238 -0.477854 -0.575995
vn 0.663238 -0.477854 -0.575995
vn 0.663238 -0.477854 -0.575995
vn 0.663238 -0.477854 -0.575995
vn 0.693988 -0.414391 -0.588779
vn 0.693988 -0.414391 -0.588779
vn 0.693988 -0.414391 -0.588779
vn 0.693988 -0.414391 -0.588779
vn 0.631962 -0.300012 -0.714574
vn 0.631962 -0.300012 -0.714574
vn 0.631962 -0.300012 -0.714574
vn 0.631962 -0.300012 -0.714574
vn 0.458341 -0.243395 -0.854800
vn 0.458341 -0.243395 -0.854800
vn 0.458341 -0.243395 -0.854800
vn 0.458341 -0.243395 -0.854800
vn 0.431697 -0.248433 -0.867133
vn 0.431697 -0.248433 -0.867133
vn 0.431697 -0.248433 -0.867133
vn 0.431697 -0.248433 -0.867133
vn 0.160073 -0.337379 -0.927660
vn 0.160073 -0.337379 -0.927660
vn 0.160073 -0.337379 -0.927660
vn 0.160073 -0.337379 -0.927660
vn 0.129836 -0.389097 -0.912001
vn 0.129836 -0.389097 -0.912001
vn 0.129836 -0.389097 -0.912001
vn 0.129836 -0.389097 -0.912001
vn 0.059512 -0.431998 -0.899909
vn 0.059512 -0.431998 -0.899909
vn 0.059512 -0.431998 -0.899909
vn 0.059512 -0.431998 -0.899909
vn 0.382304 0.870598 0.309681
vn 0.382304 0.870598 0.309681
vn 0.382304 0.870598 0.309681
vn 0.382304 0.870598 0.309681
vn 0.833210 -0.541530 0.111828
vn 0.833210 -0.541530 0.111828
vn 0.833210 -0.541530 0.111828
vn 0.833210 -0.541530 0.111828
vn 0.412204 -0.910923 0.017497
vn 0.412204 -0.910923 0.017497
vn 0.412204 -0.910923 0.017497
vn 0.412204 -0.910923 0.017497
vn 0.207874 -0.977841 -0.024789
vn 0.207874 -0.977841 -0.024789
vn 0.207874 -0.977841 -0.024789
vn 0.207874 -0.977841 -0.024789
vn 0.034228 -0.999306 -0.014704
vn 0.034228 -0.999306 -0.014704
vn 0.034228 -0.999306 -0.014704
vn 0.034228 -0.999306 -0.014704
vn 0.884293 -0.466672 -0.015575
vn 0.884293 -0.466672 -0.015575
vn 0.884293 -0.466672 -0.015575
vn 0.884293 -0.466672 -0.015575
vn 0.479280 -0.877467 0.018508
vn 0.479280 -0.877467 0.018508
vn 0.479280 -0.877467 0.018508
vn 0.479280 -0.877467 0.018508
vn 0.229285 -0.973333 -0.007122
vn 0.229285 -0.973333 -0.007122
vn 0.229285 -0.973333 -0.007122
vn 0.229285 -0.973333 -0.007122
vn 0.024699 -0.999656 -0.008815
vn 0.024699 -0.999656 -0.008815
vn 0.024699 -0.999656 -0.008815
vn 0.024699 -0.999656 -0.008815
vn 0.350871 0.905857 0.237304
vn 0.350871 0.905857 0.237304
vn 0.350871 0.905857 0.237304
vn 0.350871 0.905857 0.237304
vn 0.363036 0.851539 -0.378266
vn 0.363036 0.851539 -0.378266
vn 0.363036 0.851539 -0.378266
vn 0.363036 0.851539 -0.378266
vn -0.743095 0.612852 -0.268743
vn -0.743095 0.612852 -0.268743
vn -0.743095 0.612852 -0.268743
vn -0.743095 0.612852 -0.268743
vn 0.976394 -0.139312 -0.165067
vn 0.976394 -0.139312 -0.165067
vn 0.976394 -0.139312 -0.165067
vn 0.976394 -0.139312 -0.165067
vn 0.983362 -0.082542 -0.161824
vn 0.983362 -0.082542 -0.161824
vn 0.983362 -0.082542 -0.161824
vn 0.983362 -0.082542 -0.161824
vn 0.986316 0.164865 0.000816
vn 0.986316 0.164865 0.000816
vn 0.986316 0.164865 0.000816
vn 0.986316 0.164865 0.000816
vn 0.685822 0.628955 0.366148
vn 0.685822 0.628955 0.366148
vn 0.685822 0.628955 0.366148
vn 0.685822 0.628955 0.366148
vn 0.005922 0.961060 -0.276278
vn 0.005922 0.961060 -0.276278
vn 0.005922 0.961060 -0.276278
vn 0.005922 0.961060 -0.276278
vn -0.679606 0.679732 -0.275863
vn -0.679606 0.679732 -0.275863
vn -0.679606 0.679732 -0.275863
vn -0.679606 0.679732 -0.275863
vn -0.985096 -0.064778 -0.159339
vn -0.985096 -0.064778 -0.159339
vn -0.985096 -0.064778 -0.159339
vn -0.985096 -0.064778 -0.159339
vn -0.021961 0.981764 -0.188830
vn -0.021961 0.981764 -0.188830
vn -0.021961 0.981764 -0.188830
vn -0.021961 0.981764 -0.188830
vn 0.243659 0.967572 -0.066593
vn 0.243659 0.967572 -0.066593
vn 0.243659 0.967572 -0.066593
vn 0.243659 0.967572 -0.066593
vn -0.708484 0.704656 -0.038872
vn -0.708484 0.704656 -0.038872
vn -0.708484 0.704656 -0.038872
vn -0.708484 0.704656 -0.038872
vn -1.000000 0.000000 0.000000
vn -1.000000 0.000000 0.000000
vn -1.000000 0.000000 0.000000
vn -1.000000 0.000000 0.000000
vn -0.269356 -0.950580 -0.154422
vn -0.269356 -0.950580 -0.154422
vn -0.269356 -0.950580 -0.154422
vn -0.269356 -0.950580 -0.154422
vn -0.367360 -0.917010 -0.155371
vn -0.367360 -0.917010 -0.155371
vn -0.367360 -0.917010 -0.155371
vn -0.367360 -0.917010 -0.155371
vn -0.935551 0.131079 -0.327967
vn -0.935551 0.131079 -0.327967
vn -0.935551 0.131079 -0.327967
vn -0.935551 0.131079 -0.327967
vn -0.965562 -0.100265 -0.240075
vn -0.965562 -0.100265 -0.240075
vn -0.965562 -0.100265 -0.240075
vn -0.965562 -0.100265 -0.240075
vn -0.950527 0.185111 -0.249463
vn -0.950527 0.185111 -0.249463
vn -0.950527 0.185111 -0.249463
vn -0.950527 0.185111 -0.249463
vn 0.127337 -0.966728 0.221862
vn 0.127337 -0.966728 0.221862
vn 0.127337 -0.966728 0.221862
vn 0.127337 -0.966728 0.221862
vn -0.546366 0.788787 -0.281601
vn -0.546366 0.788787 -0.281601
vn -0.546366 0.788787 -0.281601
vn -0.546366 0.788787 -0.281601
vn 0.142774 0.525998 -0.838416
vn 0.142774 0.525998 -0.838416
vn 0.142774 0.525998 -0.838416
vn 0.142774 0.525998 -0.838416
vn 0.479863 0.405234 -0.778150
vn 0.479863 0.405234 -0.778150
vn 0.479863 0.405234 -0.778150
vn 0.479863 0.405234 -0.778150
vn 0.409232 0.409900 -0.815176
vn 0.409232 0.409900 -0.815176
vn 0.409232 0.409900 -0.815176
vn 0.409232 0.409900 -0.815176
vn 0.451649 0.312131 -0.835816
vn 0.451649 0.312131 -0.835816
vn 0.451649 0.312131 -0.835816
vn 0.451649 0.312131 -0.835816
vn 0.506494 0.213592 -0.835369
vn 0.506494 0.213592 -0.835369
vn 0.506494 0.213592 -0.835369
vn 0.506494 0.213592 -0.835369
vn 0.475938 0.093096 -0.874537
vn 0.475938 0.093096 -0.874537
vn 0.475938 0.093096 -0.874537
vn 0.475938 0.093096 -0.874537
vn 0.247253 0.101965 -0.963571
vn 0.247253 0.101965 -0.963571
vn 0.247253 0.101965 -0.963571
vn 0.247253 0.101965 -0.963571
vn 0.172406 0.255071 -0.951428
vn 0.172406 0.255071 -0.951428
vn 0.172406 0.255071 -0.951428
vn 0.172406 0.255071 -0.951428
vn 0.141245 0.423614 -0.894763
vn 0.141245 0.423614 -0.894763
vn 0.141245 0.423614 -0.894763
vn 0.141245 0.423614 -0.894763
vn 0.736059 0.635714 -0.232560
vn 0.736059 0.635714 -0.232560
vn 0.736059 0.635714 -0.232560
vn 0.736059 0.635714 -0.232560
vn 0.674569 0.660943 -0.328802
vn 0.674569 0.660943 -0.328802
vn 0.674569 0.660943 -0.328802
vn 0.674569 0.660943 -0.328802
vn 0.694956 0.634635 -0.338046
vn 0.694956 0.634635 -0.338046
vn 0.694956 0.634635 -0.338046
vn 0.694956 0.634635 -0.338046
vn 0.605448 0.634726 -0.480161
vn 0.605448 0.634726 -0.480161
vn 0.605448 0.634726 -0.480161
vn 0.605448 0.634726 -0.480161
vn 0.596827 0.555524 -0.578956
vn 0.596827 0.555524 -0.578956
vn 0.596827 0.555524 -0.578956
vn 0.596827 0.555524 -0.578956
vn -0.108086 0.927910 0.356792
vn -0.108086 0.927910 0.356792
vn -0.108086 0.927910 0.356792
vn -0.108086 0.927910 0.356792
vn 0.000000 0.934824 -0.355111
vn 0.000000 0.934824 -0.355111
vn 0.000000 0.934824 -0.355111
vn 0.000000 0.934824 -0.355111
vn -0.128564 0.979888 0.152615
vn -0.128564 0.979888 0.152615
vn -0.128564 0.979888 0.152615
vn -0.128564 0.979888 0.152615
vn -0.058228 0.945661 0.319897
vn -0.058228 0.945661 0.319897
vn -0.058228 0.945661 0.319897
vn -0.058228 0.945661 0.319897
vn 0.000000 0.950378 -0.311097
vn 0.000000 0.950378 -0.311097
vn 0.000000 0.950378 -0.311097
vn 0.000000 0.950378 -0.311097
vn -0.061627 0.995109 -0.077203
vn -0.061627 0.995109 -0.077203
vn -0.061627 0.995109 -0.077203
vn -0.061627 0.995109 -0.077203
vn 0.000000 0.979389 -0.201983
vn 0.000000 0.979389 -0.201983
vn 0.000000 0.979389 -0.201983
vn 0.000000 0.979389 -0.201983
vn 0.000000 0.980737 0.195334
vn 0.000000 0.980737 0.195334
vn 0.000000 0.980737 0.195334
vn 0.000000 0.980737 0.195334
vn -0.106629 0.900051 0.422538
vn -0.106629 0.900051 0.422538
vn -0.106629 0.900051 0.422538
vn -0.106629 0.900051 0.422538
vn -0.114358 0.989949 0.083206
vn -0.114358 0.989949 0.083206
vn -0.114358 0.989949 0.083206
vn -0.114358 0.989949 0.083206
vn -0.120771 0.985687 0.117623
vn -0.120771 0.985687 0.117623
vn -0.120771 0.985687 0.117623
vn -0.120771 0.985687 0.117623
vn 0.729233 0.679519 -0.080456
vn 0.729233 0.679519 -0.080456
vn 0.729233 0.679519 -0.080456
vn 0.729233 0.679519 -0.080456
vn 0.726954 0.661258 -0.185138
vn 0.726954 0.661258 -0.185138
vn 0.726954 0.661258 -0.185138
vn 0.726954 0.661258 -0.185138
vn -0.115579 0.961369 0.249824
vn -0.115579 0.961369 0.249824
vn -0.115579 0.961369 0.249824
vn -0.115579 0.961369 0.249824
vn -0.998119 0.003376 0.061209
vn -0.998119 0.003376 0.061209
vn -0.998119 0.003376 0.061209
vn -0.998119 0.003376 0.061209
vn -0.813873 0.064908 0.577406
vn -0.813873 0.064908 0.577406
vn -0.813873 0.064908 0.577406
vn -0.813873 0.064908 0.577406
vn -0.954474 0.016430 0.297841
vn -0.954474 0.016430 0.297841
vn -0.954474 0.016430 0.297841
vn -0.954474 0.016430 0.297841
vn -0.869275 0.027228 0.493578
vn -0.869275 0.027228 0.493578
vn -0.869275 0.027228 0.493578
vn -0.869275 0.027228 0.493578
vn -0.999987 -0.000278 -0.005042
vn -0.999987 -0.000278 -0.005042
vn -0.999987 -0.000278 -0.005042
vn -0.999987 -0.000278 -0.005042
vn -0.999996 0.000160 0.002894
vn -0.999996 0.000160 0.002894
vn -0.999996 0.000160 0.002894
vn -0.999996 0.000160 0.002894
vn -0.856931 0.028390 0.514648
vn -0.856931 0.028390 0.514648
vn -0.856931 0.028390 0.514648
vn -0.856931 0.028390 0.514648
vn -0.870529 0.027106 0.491370
vn -0.870529 0.027106 0.491370
vn -0.870529 0.027106 0.491370
vn -0.870529 0.027106 0.491370
vn -0.748290 0.272393 0.604867
vn -0.748290 0.272393 0.604867
vn -0.748290 0.272393 0.604867
vn -0.748290 0.272393 0.604867
vn -0.999131 -0.005918 -0.041256
vn -0.999131 -0.005918 -0.041256
vn -0.999131 -0.005918 -0.041256
vn -0.999131 -0.005918 -0.041256
vn -0.289880 0.949440 0.120557
vn -0.289880 0.949440 0.120557
vn -0.289880 0.949440 0.120557
vn -0.289880 0.949440 0.120557
vn -0.172285 0.980644 0.093038
vn -0.172285 0.980644 0.093038
vn -0.172285 0.980644 0.093038
vn -0.172285 0.980644 0.093038
vn -0.485091 0.842868 0.232940
vn -0.485091 0.842868 0.232940
vn -0.485091 0.842868 0.232940
vn -0.485091 0.842868 0.232940
vn -0.183310 0.973382 0.137566
vn -0.183310 0.973382 0.137566
vn -0.183310 0.973382 0.137566
vn -0.183310 0.973382 0.137566
vn -0.397287 0.915827 0.058517
vn -0.397287 0.915827 0.058517
vn -0.397287 0.915827 0.058517
vn -0.397287 0.915827 0.058517
vn -0.582059 0.812714 -0.026524
vn -0.582059 0.812714 -0.026524
vn -0.582059 0.812714 -0.026524
vn -0.582059 0.812714 -0.026524
vn -0.130343 0.916541 0.378106
vn -0.130343 0.916541 0.378106
vn -0.130343 0.916541 0.378106
vn -0.130343 0.916541 0.378106
vn -0.121327 0.960948 0.248714
vn -0.121327 0.960948 0.248714
vn -0.121327 0.960948 0.248714
vn -0.121327 0.960948 0.248714
vn -0.650737 0.704662 0.282831
vn -0.650737 0.704662 0.282831
vn -0.650737 0.704662 0.282831
vn -0.650737 0.704662 0.282831
vn -0.645120 0.717415 -0.262937
vn -0.645120 0.717415 -0.262937
vn -0.645120 0.717415 -0.262937
vn -0.645120 0.717415 -0.262937
vn 0.000000 0.981669 0.190593
vn 0.000000 0.981669 0.190593
vn 0.000000 0.981669 0.190593
vn 0.000000 0.981669 0.190593
vn 0.019430 0.983339 0.180739
vn 0.019430 0.983339 0.180739
vn 0.019430 0.983339 0.180739
vn 0.019430 0.983339 0.180739
vn 0.000000 0.983980 0.178277
vn 0.000000 0.983980 0.178277
vn 0.000000 0.983980 0.178277
vn 0.000000 0.983980 0.178277
vn 0.000000 0.993061 0.117603
vn 0.000000 0.993061 0.117603
vn 0.000000 0.993061 0.117603
vn 0.000000 0.993061 0.117603
vn 0.000000 0.988761 0.149504
vn 0.000000 0.988761 0.149504
vn 0.000000 0.988761 0.149504
vn 0.000000 0.988761 0.149504
vn 0.000000 0.998782 0.049353
vn 0.000000 0.998782 0.049353
vn 0.000000 0.998782 0.049353
vn 0.000000 0.998782 0.049353
vn 0.000000 0.969268 0.246008
vn 0.000000 0.969268 0.246008
vn 0.000000 0.969268 0.246008
vn 0.000000 0.969268 0.246008
vn 0.000000 0.972230 0.234025
vn 0.000000 0.972230 0.234025
vn 0.000000 0.972230 0.234025
vn 0.000000 0.972230 0.234025
vn 0.000000 0.998482 -0.055079
vn 0.000000 0.998482 -0.055079
vn 0.000000 0.998482 -0.055079
vn 0.000000 0.998482 -0.055079
vn 0.000000 0.971948 -0.235194
vn 0.000000 0.971948 -0.235194
vn 0.000000 0.971948 -0.235194
vn 0.000000 0.971948 -0.235194
vn -0.255166 0.229876 0.939174
vn -0.255166 0.229876 0.939174
vn -0.255166 0.229876 0.939174
vn -0.255166 0.229876 0.939174
vn -0.548959 0.098147 0.830067
vn -0.548959 0.098147 0.830067
vn -0.548959 0.098147 0.830067
vn -0.548959 0.098147 0.830067
vn -0.425519 0.155262 0.891531
vn -0.425519 0.155262 0.891531
vn -0.425519 0.155262 0.891531
vn -0.425519 0.155262 0.891531
vn 0.025761 0.244055 0.969419
vn 0.025761 0.244055 0.969419
vn 0.025761 0.244055 0.969419
vn 0.025761 0.244055 0.969419
vn -0.079110 0.247777 0.965582
vn -0.079110 0.247777 0.965582
vn -0.079110 0.247777 0.965582
vn -0.079110 0.247777 0.965582
vn 0.130605 0.964813 0.228209
vn 0.130605 0.964813 0.228209
vn 0.130605 0.964813 0.228209
vn 0.130605 0.964813 0.228209
vn 0.012980 0.998316 0.056546
vn 0.012980 0.998316 0.056546
vn 0.012980 0.998316 0.056546
vn 0.012980 0.998316 0.056546
vn 0.018756 0.998101 0.058680
vn 0.018756 0.998101 0.058680
vn 0.018756 0.998101 0.058680
vn -0.315318 0.780610 0.539651
vn -0.315318 0.780610 0.539651
vn -0.315318 0.780610 0.539651
vn -0.315318 0.780610 0.539651
vn 0.069195 0.996089 -0.054949
vn 0.069195 0.996089 -0.054949
vn 0.069195 0.996089 -0.054949
vn 0.069195 0.996089 -0.054949
vn 0.000000 0.000000 0.000000
vn 0.000000 0.000000 0.000000
vn 0.000000 0.000000 0.000000
vn 0.000000 0.000000 0.000000
vn -0.941257 -0.294031 -0.166075
vn -0.941257 -0.294031 -0.166075
vn -0.941257 -0.294031 -0.166075
vn -0.941257 -0.294031 -0.166075
vn 0.931133 -0.209940 0.298188
vn 0.931133 -0.209940 0.298188
vn 0.931133 -0.209940 0.298188
vn 0.931133 -0.209940 0.298188
vn 0.989206 -0.100658 0.106486
vn 0.989206 -0.100658 0.106486
vn 0.989206 -0.100658 0.106486
vn 0.989206 -0.100658 0.106486
vn 0.863747 -0.503161 0.027756
vn 0.863747 -0.503161 0.027756
vn 0.863747 -0.503161 0.027756
vn 0.863747 -0.503161 0.027756
vn 0.150149 -0.987162 0.054457
vn 0.150149 -0.987162 0.054457
vn 0.150149 -0.987162 0.054457
vn 0.150149 -0.987162 0.054457
vn -0.135503 -0.989273 0.054572
vn -0.135503 -0.989273 0.054572
vn -0.135503 -0.989273 0.054572
vn -0.135503 -0.989273 0.054572
vn 0.624945 0.779483 -0.042999
vn 0.624945 0.779483 -0.042999
vn 0.624945 0.779483 -0.042999
vn 0.624945 0.779483 -0.042999
vn -0.054974 -0.878856 0.473909
vn -0.054974 -0.878856 0.473909
vn -0.054974 -0.878856 0.473909
vn -0.054974 -0.878856 0.473909
vn 0.000000 0.000000 0.000000
vn 0.000000 0.000000 0.000000
vn 0.000000 0.000000 0.000000
vn 0.000000 0.000000 0.000000
vn 0.000000 0.000000 0.000000
vn 0.000000 0.000000 0.000000
vn 0.000000 0.000000 0.000000
vn 0.000000 0.000000 0.000000
vn 0.000000 0.000000 0.000000
vn 0.000000 0.000000 0.000000
vn 0.000000 0.000000 0.000000
vn 0.000000 0.000000 0.000000
vn 0.000000 0.000000 0.000000
vn 0.000000 0.000000 0.000000
vn 0.000000 0.000000 0.000000
vn 0.000000 0.000000 0.000000
vn 0.000000 0.000000 0.000000
vn 0.000000 0.000000 0.000000
vn 0.000000 0.000000 0.000000
vn 0.000000 0.000000 0.000000
vn 0.000000 0.000000 0.000000
vn 0.000000 0.000000 0.000000
vn 0.000000 0.000000 0.000000
vn 0.000000 0.000000 0.000000
vn 0.941257 -0.294035 -0.166071
vn 0.941257 -0.294035 -0.166071
vn 0.941257 -0.294035 -0.166071
vn 0.941257 -0.294035 -0.166071
vn -0.931136 -0.209937 0.298181
vn -0.931136 -0.209937 0.298181
vn -0.931136 -0.209937 0.298181
vn -0.931136 -0.209937 0.298181
vn -0.989206 -0.100660 0.106488
vn -0.989206 -0.100660 0.106488
vn -0.989206 -0.100660 0.106488
vn -0.989206 -0.100660 0.106488
vn -0.863759 -0.503140 0.027755
vn -0.863759 -0.503140 0.027755
vn -0.863759 -0.503140 0.027755
vn -0.863759 -0.503140 0.027755
vn -0.150149 -0.987162 0.054457
vn -0.150149 -0.987162 0.054457
vn -0.150149 -0.987162 0.054457
vn -0.150149 -0.987162 0.054457
vn 0.135503 -0.989273 0.054572
vn 0.135503 -0.989273 0.054572
vn 0.135503 -0.989273 0.054572
vn 0.135503 -0.989273 0.054572
vn -0.249321 -0.912065 0.325540
vn -0.249321 -0.912065 0.325540
vn -0.249321 -0.912065 0.325540
vn -0.249321 -0.912065 0.325540
vn -0.878479 -0.466560 0.102940
vn -0.878479 -0.466560 0.102940
vn -0.878479 -0.466560 0.102940
vn -0.878479 -0.466560 0.102940
vn 0.000000 0.000000 0.000000
vn 0.000000 0.000000 0.000000
vn 0.000000 0.000000 0.000000
vn 0.000000 0.000000 0.000000
vn 0.000000 0.000000 0.000000
vn 0.000000 0.000000 0.000000
vn 0.000000 0.000000 0.000000
vn 0.000000 0.000000 0.000000
vn 0.000000 0.000000 0.000000
vn 0.000000 0.000000 0.000000
vn 0.000000 0.000000 0.000000
vn 0.000000 0.000000 0.000000
vn 0.000000 0.000000 0.000000
vn 0.000000 0.000000 0.000000
vn 0.000000 0.000000 0.000000
vn 0.000000 0.000000 0.000000
vn 0.000000 0.000000 0.000000
vn 0.000000 0.000000 0.000000
vn 0.000000 0.000000 0.000000
vn 0.000000 0.000000 0.000000
vn 0.703778 0.709341 -0.039130
vn 0.703778 0.709341 -0.039130
vn 0.703778 0.709341 -0.039130
vn 0.703778 0.709341 -0.039130
vn -0.953300 -0.301566 0.016635
vn -0.953300 -0.301566 0.016635
vn -0.953300 -0.301566 0.016635
vn -0.953300 -0.301566 0.016635
vn 0.995533 0.094277 -0.005201
vn 0.995533 0.094277 -0.005201
vn 0.995533 0.094277 -0.005201
vn 0.995533 0.094277 -0.005201
vn 0.987513 -0.157298 0.008677
vn 0.987513 -0.157298 0.008677
vn 0.987513 -0.157298 0.008677
vn 0.987513 -0.157298 0.008677
vn 0.878468 -0.466579 0.102944
vn 0.878468 -0.466579 0.102944
vn 0.878468 -0.466579 0.102944
vn 0.878468 -0.466579 0.102944
vn 0.249321 -0.912065 0.325540
vn 0.249321 -0.912065 0.325540
vn 0.249321 -0.912065 0.325540
vn 0.249321 -0.912065 0.325540
vn 0.054974 -0.878856 0.473909
vn 0.054974 -0.878856 0.473909
vn 0.054974 -0.878856 0.473909
vn 0.054974 -0.878856 0.473909
vn -0.987513 -0.157297 0.008677
vn -0.987513 -0.157297 0.008677
vn -0.987513 -0.157297 0.008677
vn -0.987513 -0.157297 0.008677
vn -0.995532 0.094278 -0.005201
vn -0.995532 0.094278 -0.005201
vn -0.995532 0.094278 -0.005201
vn -0.995532 0.094278 -0.005201
vn -0.624946 0.779483 -0.042999
vn -0.624946 0.779483 -0.042999
vn -0.624946 0.779483 -0.042999
vn -0.624946 0.779483 -0.042999
vn -0.069194 0.996089 -0.054948
vn -0.069194 0.996089 -0.054948
vn -0.069194 0.996089 -0.054948
vn -0.069194 0.996089 -0.054948
vn 1.000000 -0.000000 0.000000
vn 1.000000 -0.000000 0.000000
vn 1.000000 -0.000000 0.000000
vn 1.000000 -0.000000 0.000000
vn 0.708483 0.704656 -0.038872
vn 0.708483 0.704656 -0.038872
vn 0.708483 0.704656 -0.038872
vn 0.708483 0.704656 -0.038872
vn -0.000000 0.998482 -0.055080
vn -0.000000 0.998482 -0.055080
vn -0.000000 0.998482 -0.055080
vn -0.000000 0.998482 -0.055080
vn -0.703831 0.709289 -0.039126
vn -0.703831 0.709289 -0.039126
vn -0.703831 0.709289 -0.039126
vn -0.703831 0.709289 -0.039126
vn 0.953299 -0.301569 0.016636
vn 0.953299 -0.301569 0.016636
vn 0.953299 -0.301569 0.016636
vn 0.953299 -0.301569 0.016636
vn -0.125695 -0.772698 -0.622205
vn -0.125695 -0.772698 -0.622205
vn -0.125695 -0.772698 -0.622205
vn -0.125695 -0.772698 -0.622205
vn 0.119286 -0.769265 -0.627696
vn 0.119286 -0.769265 -0.627696
vn 0.119286 -0.769265 -0.627696
vn 0.119286 -0.769265 -0.627696
vn -0.261046 0.957934 0.119235
vn -0.261046 0.957934 0.119235
vn -0.261046 0.957934 0.119235
vn -0.261046 0.957934 0.119235
vn -0.182926 0.973583 0.136651
vn -0.182926 0.973583 0.136651
vn -0.182926 0.973583 0.136651
vn -0.182926 0.973583 0.136651
vn 0.182920 0.973593 0.136587
vn 0.182920 0.973593 0.136587
vn 0.182920 0.973593 0.136587
vn 0.182920 0.973593 0.136587
vn 0.262334 0.957646 0.118726
vn 0.262334 0.957646 0.118726
vn 0.262334 0.957646 0.118726
vn 0.262334 0.957646 0.118726
vn -0.318390 0.936279 -0.148356
vn -0.318390 0.936279 -0.148356
vn -0.318390 0.936279 -0.148356
vn -0.318390 0.936279 -0.148356
vn -0.204002 0.967265 -0.150934
vn -0.204002 0.967265 -0.150934
vn -0.204002 0.967265 -0.150934
vn -0.204002 0.967265 -0.150934
vn 0.204003 0.967265 -0.150934
vn 0.204003 0.967265 -0.150934
vn 0.204003 0.967265 -0.150934
vn 0.204003 0.967265 -0.150934
vn 0.321874 0.935116 -0.148172
vn 0.321874 0.935116 -0.148172
vn 0.321874 0.935116 -0.148172
vn 0.321874 0.935116 -0.148172
vn -0.517074 0.852913 -0.071922
vn -0.517074 0.852913 -0.071922
vn -0.517074 0.852913 -0.071922
vn -0.517074 0.852913 -0.071922
vn -0.182501 0.982361 -0.040754
vn -0.182501 0.982361 -0.040754
vn -0.182501 0.982361 -0.040754
vn -0.182501 0.982361 -0.040754
vn 0.182501 0.982361 -0.040754
vn 0.182501 0.982361 -0.040754
vn 0.182501 0.982361 -0.040754
vn 0.182501 0.982361 -0.040754
vn 0.524676 0.848222 -0.072354
vn 0.524676 0.848222 -0.072354
vn 0.524676 0.848222 -0.072354
vn 0.524676 0.848222 -0.072354
vn -0.405272 0.500691 -0.764894
vn -0.405272 0.500691 -0.764894
vn -0.405272 0.500691 -0.764894
vn -0.405272 0.500691 -0.764894
vn -0.242221 0.619275 -0.746878
vn -0.242221 0.619275 -0.746878
vn -0.242221 0.619275 -0.746878
vn -0.242221 0.619275 -0.746878
vn 0.234311 0.626152 -0.743661
vn 0.234311 0.626152 -0.743661
vn 0.234311 0.626152 -0.743661
vn 0.234311 0.626152 -0.743661
vn 0.424295 0.492833 -0.759664
vn 0.424295 0.492833 -0.759664
vn 0.424295 0.492833 -0.759664
vn 0.424295 0.492833 -0.759664
vn -0.233169 0.639091 -0.732936
vn -0.233169 0.639091 -0.732936
vn -0.233169 0.639091 -0.732936
vn -0.499543 0.540213 -0.677220
vn -0.499543 0.540213 -0.677220
vn -0.499543 0.540213 -0.677220
vn -0.499543 0.540213 -0.677220
vn 0.492294 0.515759 -0.701170
vn 0.492294 0.515759 -0.701170
vn 0.492294 0.515759 -0.701170
vn 0.492294 0.515759 -0.701170
vn 0.251403 0.609404 -0.751947
vn 0.251403 0.609404 -0.751947
vn 0.251403 0.609404 -0.751947
vn 0.712611 0.127172 -0.689937
vn 0.712611 0.127172 -0.689937
vn 0.712611 0.127172 -0.689937
vn 0.712611 0.127172 -0.689937
vn 0.756940 0.644940 -0.105330
vn 0.756940 0.644940 -0.105330
vn 0.756940 0.644940 -0.105330
vn 0.756940 0.644940 -0.105330
vn 0.692520 0.708648 -0.135032
vn 0.692520 0.708648 -0.135032
vn 0.692520 0.708648 -0.135032
vn 0.692520 0.708648 -0.135032
vn 0.617335 0.784942 0.052575
vn 0.617335 0.784942 0.052575
vn 0.617335 0.784942 0.052575
vn 0.617335 0.784942 0.052575
vn -0.679478 0.207796 -0.703655
vn -0.679478 0.207796 -0.703655
vn -0.679478 0.207796 -0.703655
vn -0.679478 0.207796 -0.703655
vn -0.731703 0.673653 -0.103932
vn -0.731703 0.673653 -0.103932
vn -0.731703 0.673653 -0.103932
vn -0.731703 0.673653 -0.103932
vn -0.672733 0.726996 -0.137502
vn -0.672733 0.726996 -0.137502
vn -0.672733 0.726996 -0.137502
vn -0.672733 0.726996 -0.137502
vn -0.450459 0.892790 0.003625
vn -0.450459 0.892790 0.003625
vn -0.450459 0.892790 0.003625
vn -0.450459 0.892790 0.003625
vn 0.911337 0.410374 0.032527
vn 0.911337 0.410374 0.032527
vn 0.911337 0.410374 0.032527
vn 0.911337 0.410374 0.032527
vn 0.863322 0.481139 -0.152251
vn 0.863322 0.481139 -0.152251
vn 0.863322 0.481139 -0.152251
vn 0.863322 0.481139 -0.152251
vn 0.975373 0.109224 -0.191619
vn 0.975373 0.109224 -0.191619
vn 0.975373 0.109224 -0.191619
vn 0.975373 0.109224 -0.191619
vn 0.615481 -0.612363 -0.496180
vn 0.615481 -0.612363 -0.496180
vn 0.615481 -0.612363 -0.496180
vn 0.615481 -0.612363 -0.496180
vn -0.972166 0.100117 -0.211824
vn -0.972166 0.100117 -0.211824
vn -0.972166 0.100117 -0.211824
vn 0.972165 0.100120 -0.211827
vn 0.972165 0.100120 -0.211827
vn 0.972165 0.100120 -0.211827
s off
g Turtle GEO Turtle
usemtl lambert2SG
f 150/7/1 151/6/2 152/1160/3 153/1156/4
f 154/1124/5 155/1123/6 156/1/7 157/4/8
f 158/1157/9 159/1162/10 160/1136/11 161/1135/12
f 162/2/13 163/3/14 164/1751/15 165/1246/16
f 166/25/17 165/1246/18 167/1249/19 168/1113/20
f 169/1130/21 154/1124/22 157/4/23 170/5/24
f 171/8/25 151/6/26 150/7/27 172/79/28
f 150/7/29 153/1156/30 173/1159/31 174/56/32
f 172/79/33 150/7/34 174/56/35 175/80/36
f 176/1749/37 171/8/38 172/79/39 177/1750/40
f 178/1333/41 179/1065/42 180/1068/43 181/1331/44
f 182/1064/45 183/1335/46 184/1339/47 185/1337/48
f 186/1340/49 187/1222/50 188/974/51 189/1341/52
f 190/22/53 191/54/54 192/75/55 193/23/56
f 194/1043/57 195/1220/58 196/1219/59 197/1044/60
f 198/1711/61 197/1044/62 196/1219/63 199/1713/64
f 200/9/65 201/1710/66 202/1712/67 203/1218/68
f 203/1218/69 204/1217/70 205/1063/71 200/9/72
f 206/1332/73 207/1203/74 208/1216/75 209/1334/76
f 210/21/77 211/58/78 191/54/79 190/22/80
f 212/20/81 213/1066/82 194/1043/83 214/1045/84
f 215/1709/85 216/1046/86 197/1044/87 198/1711/88
f 217/10/89 218/1708/90 201/1710/91 200/9/92
f 200/9/93 205/1063/94 219/1062/95 217/10/96
f 220/1201/97 221/1199/98 222/1061/99 223/1202/100
f 224/1701/101 225/1698/102 226/1054/103 227/1053/104
f 228/1699/105 229/1700/106 230/1098/107 231/1099/108
f 232/12/109 233/64/110 234/59/111 235/18/112
f 236/13/113 232/12/114 235/18/115 237/19/116
f 236/13/117 237/19/118 238/1047/119 239/1049/120
f 240/1705/121 241/1050/122 242/1048/123 243/1707/124
f 244/14/125 245/1704/126 246/1706/127 247/11/128
f 247/11/129 248/1060/130 249/1058/131 244/14/132
f 250/65/133 251/1057/134 252/1059/135 253/62/136
f 235/18/137 234/59/138 211/58/139 210/21/140
f 237/19/141 212/20/142 214/1045/143 238/1047/144
f 243/1707/145 242/1048/146 216/1046/147 215/1709/148
f 247/11/149 246/1706/150 218/1708/151 217/10/152
f 217/10/153 219/1062/154 248/1060/155 247/11/156
f 253/62/157 252/1059/158 222/1061/159 221/1199/160
f 254/15/161 255/68/162 233/64/163 232/12/164
f 256/16/165 254/15/166 232/12/167 236/13/168
f 256/16/169 236/13/170 239/1049/171 257/1051/172
f 258/1703/173 259/1052/174 241/1050/175 240/1705/176
f 260/17/177 261/1702/178 245/1704/179 244/14/180
f 244/14/181 249/1058/182 262/1056/183 260/17/184
f 263/70/185 264/1055/186 251/1057/187 250/65/188
f 265/1129/189 266/1127/190 255/68/191 254/15/192
f 267/1128/193 265/1129/194 254/15/195 256/16/196
f 267/1128/197 256/16/198 257/1051/199 268/1119/200
f 224/1701/201 227/1053/202 259/1052/203 258/1703/204
f 230/1098/205 229/1700/206 261/1702/207 260/17/208
f 260/17/209 262/1056/210 269/1148/211 230/1098/212
f 270/1152/213 271/1150/214 264/1055/215 263/70/216
f 235/18/217 210/21/218 212/20/219 237/19/220
f 212/20/221 210/21/222 190/22/223 213/1066/224
f 213/1066/225 190/22/226 193/23/227 272/1221/228
f 272/1221/229 193/23/230 273/1236/231 274/1239/232
f 182/1064/233 275/981/234 276/977/235 179/1065/236
f 277/73/237 275/981/238 182/1064/239 185/1337/240
f 278/1723/241 277/73/242 185/1337/243 279/1718/244
f 193/23/245 192/75/246 280/1240/247 273/1236/248
f 281/1260/249 282/1197/250 283/49/251 284/984/252
f 284/984/253 283/49/254 285/1726/255 286/1728/256
f 287/1729/257 288/1727/258 289/971/259 290/1195/260
f 291/52/261 292/51/262 293/1231/263 294/24/264
f 295/1232/265 296/1228/266 297/1227/267 290/1195/268
f 298/1731/269 287/1729/270 290/1195/271 297/1227/272
f 299/1214/273 284/984/274 286/1728/275 300/1730/276
f 301/1198/277 302/1205/278 303/1262/279 304/1261/280
f 305/48/281 306/1226/282 307/1224/283 308/27/284
f 309/1229/285 310/47/286 311/29/287 312/1230/288
f 313/1735/289 314/1733/290 312/1230/291 311/29/292
f 315/1206/293 316/1212/294 317/1732/295 318/1734/296
f 166/25/297 168/1113/298 319/1112/299 170/26/300
f 320/1744/301 321/81/302 322/77/303 323/1742/304
f 174/56/305 324/69/306 325/44/307 175/80/308
f 326/33/309 327/45/310 328/28/311 329/32/312
f 330/34/313 331/46/314 327/45/315 326/33/316
f 331/46/317 330/34/318 332/35/319 333/30/320
f 334/1739/321 335/1737/322 333/30/323 332/35/324
f 336/36/325 337/1215/326 338/1736/327 339/1738/328
f 336/36/329 340/37/330 341/31/331 337/1215/332
f 342/66/333 343/61/334 341/31/335 340/37/336
f 327/45/337 305/48/338 308/27/339 328/28/340
f 310/47/341 331/46/342 333/30/343 311/29/344
f 335/1737/345 313/1735/346 311/29/347 333/30/348
f 337/1215/349 341/31/350 344/1211/351 315/1206/352
f 343/61/353 345/1208/354 344/1211/355 341/31/356
f 346/39/357 326/33/358 329/32/359 347/38/360
f 348/40/361 330/34/362 326/33/363 346/39/364
f 330/34/365 348/40/366 349/41/367 332/35/368
f 350/1741/369 334/1739/370 332/35/371 349/41/372
f 351/42/373 336/36/374 339/1738/375 352/1740/376
f 351/42/377 353/43/378 340/37/379 336/36/380
f 354/71/381 342/66/382 340/37/383 353/43/384
f 355/1114/385 346/39/386 347/38/387 356/1115/388
f 357/1111/389 348/40/390 346/39/391 355/1114/392
f 348/40/393 357/1111/394 358/1110/395 349/41/396
f 359/1743/397 350/1741/398 349/41/399 358/1110/400
f 322/77/401 351/42/402 352/1740/403 323/1742/404
f 322/77/405 325/44/406 353/43/407 351/42/408
f 324/69/409 354/71/410 353/43/411 325/44/412
f 327/45/413 331/46/414 310/47/415 305/48/416
f 310/47/417 309/1229/418 306/1226/419 305/48/420
f 296/1228/421 295/1232/422 292/51/423 360/1225/424
f 283/49/425 282/1197/426 361/983/427 362/50/428
f 363/1725/429 285/1726/430 283/49/431 362/50/432
f 288/1727/433 364/1724/434 365/972/435 289/971/436
f 292/51/437 291/52/438 366/1223/439 360/1225/440
f 367/1330/441 181/1331/442 180/1068/443 368/1256/444
f 365/74/445 189/1341/446 188/974/447 369/973/448
f 370/1243/449 294/1242/450 293/1234/451 371/1237/452
f 366/76/453 192/75/454 191/54/455 307/53/456
f 307/53/457 191/54/458 211/58/459 308/57/460
f 372/1131/461 169/1130/462 170/55/463 319/1116/464
f 270/1152/465 324/69/466 174/56/467 173/1159/468
f 328/60/469 234/59/470 233/64/471 329/63/472
f 342/66/473 250/65/474 253/62/475 343/61/476
f 308/57/477 211/58/478 234/59/479 328/60/480
f 343/61/481 253/62/482 221/1199/483 345/1208/484
f 329/63/485 233/64/486 255/68/487 347/67/488
f 354/71/489 263/70/490 250/65/491 342/66/492
f 347/67/493 255/68/494 266/1127/495 356/1117/496
f 324/69/497 270/1152/498 263/70/499 354/71/500
f 368/1256/501 180/1068/502 373/1067/503 374/1257/504
f 375/978/505 376/976/506 373/1067/507 276/977/508
f 362/72/509 361/979/510 275/981/511 277/73/512
f 278/1723/513 363/1722/514 362/72/515 277/73/516
f 377/1720/517 189/1341/518 365/74/519 364/1721/520
f 291/1241/521 280/1240/522 192/75/523 366/76/524
f 378/1747/525 177/1750/526 172/79/527 379/78/528
f 175/80/529 325/44/530 322/77/531 321/81/532
f 380/1745/533 359/1743/534 358/1110/535 381/1248/536
f 382/1247/537 383/1746/538 380/1745/539 381/1248/540
f 378/1747/541 379/78/542 321/81/543 320/1744/544
f 379/78/545 172/79/546 175/80/547 321/81/548
f 384/1696/549 385/1101/550 386/1103/551 387/1694/552
f 158/1157/553 161/1135/554 388/1102/555 389/1158/556
f 390/1660/557 391/1663/558 392/944/559 393/82/560
f 393/83/561 392/87/562 394/89/563 395/84/564
f 396/85/565 397/88/566 398/165/567 399/86/568
f 395/84/569 394/89/570 397/88/571 396/85/572
f 399/86/573 398/165/574 400/99/575 401/98/576
f 402/945/577 403/1666/578 404/1645/579 405/948/580
f 406/106/581 394/89/582 392/87/583 407/107/584
f 398/165/585 397/88/586 408/100/587 409/166/588
f 397/88/589 394/89/590 406/106/591 408/100/592
f 400/99/593 398/165/594 410/90/595 411/97/596
f 412/105/597 413/288/598 414/287/599 415/110/600
f 416/104/601 412/103/602 415/111/603 417/112/604
f 410/90/605 418/153/606 419/154/607 420/91/608
f 421/102/609 416/104/610 417/112/611 422/158/612
f 411/97/613 410/90/614 420/91/615 423/96/616
f 424/120/617 425/1621/618 426/1622/619 427/1616/620
f 428/118/621 424/117/622 427/123/623 429/124/624
f 420/91/625 419/154/626 430/155/627 431/92/628
f 432/114/629 428/118/630 429/124/631 433/161/632
f 423/96/633 420/91/634 431/92/635 434/95/636
f 435/130/637 436/129/638 437/131/639 438/132/640
f 431/92/641 430/155/642 439/192/643 440/184/644
f 441/126/645 435/130/646 438/132/647 442/164/648
f 434/95/649 431/92/650 440/184/651 443/285/652
f 444/140/653 445/1556/654 446/1558/655 447/1553/656
f 448/138/657 444/137/658 447/141/659 449/142/660
f 450/134/661 448/138/662 449/142/663 451/185/664
f 452/286/665 440/184/666 453/283/667 454/282/668
f 455/1565/669 456/1567/670 457/1566/671 458/1560/672
f 459/1555/673 455/1565/674 458/1560/675 460/145/676
f 461/187/677 459/144/678 460/146/679 462/190/680
f 463/1292/681 464/1291/682 465/284/683 466/196/684
f 467/93/685 468/1551/686 469/1547/687 470/94/688
f 471/1562/689 472/1564/690 473/1563/691 474/168/692
f 475/152/693 471/1562/694 474/168/695 476/167/696
f 477/150/697 475/149/698 476/169/699 478/170/700
f 479/200/701 477/150/702 478/170/703 480/201/704
f 481/180/705 482/1280/706 483/1281/707 467/93/708
f 484/219/709 485/1273/710 486/1274/711 487/228/712
f 488/217/713 484/219/714 487/228/715 489/227/716
f 490/215/717 488/214/718 489/229/719 491/230/720
f 492/176/721 493/270/722 494/269/723 495/239/724
f 496/211/725 490/215/726 491/230/727 497/268/728
f 463/1292/729 466/196/730 492/176/731 498/1285/732
f 467/93/733 470/94/734 499/177/735 481/180/736
f 500/1305/737 501/1304/738 502/1279/739 503/179/740
f 504/1283/741 495/239/742 505/1315/743 506/1311/744
f 503/179/745 507/178/746 508/1307/747 500/1305/748
f 509/265/749 510/264/750 511/278/751 512/1278/752
f 509/265/753 513/1302/754 514/1301/755 515/262/756
f 507/178/757 516/1284/758 517/1309/759 508/1307/760
f 470/94/761 518/1289/762 519/1286/763 499/177/764
f 470/94/765 469/1547/766 520/1290/767 518/1289/768
f 521/1549/769 443/285/770 522/280/771 523/1550/772
f 524/1523/773 434/95/774 443/285/775 521/1549/776
f 525/1522/777 423/96/778 434/95/779 524/1523/780
f 526/1521/781 411/97/782 423/96/783 525/1522/784
f 527/1519/785 400/99/786 411/97/787 526/1521/788
f 401/98/789 400/99/790 527/1519/791 528/1517/792
f 408/100/793 406/106/794 529/109/795 530/101/796
f 418/153/797 409/166/798 408/100/799 530/101/800
f 421/102/801 531/157/802 418/153/803 530/101/804
f 530/101/805 529/109/806 416/104/807 421/102/808
f 529/109/809 532/108/810 412/103/811 416/104/812
f 532/946/813 533/1649/814 413/288/815 412/105/816
f 534/1646/817 535/1648/818 536/122/819 537/289/820
f 405/948/821 404/1645/822 538/1650/823 539/949/824
f 406/106/825 407/107/826 532/108/827 529/109/828
f 540/1647/829 541/1630/830 542/290/831 543/121/832
f 415/110/833 414/287/834 544/1631/835 545/119/836
f 417/112/837 415/111/838 545/116/839 546/115/840
f 422/158/841 417/112/842 546/115/843 547/113/844
f 419/154/845 548/156/846 422/158/847 547/113/848
f 432/114/849 549/160/850 419/154/851 547/113/852
f 547/113/853 546/115/854 428/118/855 432/114/856
f 546/115/857 545/116/858 424/117/859 428/118/860
f 545/119/861 544/1631/862 425/1621/863 424/120/864
f 536/122/865 543/121/866 542/290/867 537/289/868
f 535/1648/869 540/1647/870 543/121/871 536/122/872
f 429/124/873 427/123/874 550/128/875 551/127/876
f 433/161/877 429/124/878 551/127/879 552/125/880
f 430/155/881 553/159/882 433/161/883 552/125/884
f 441/126/885 554/163/886 430/155/887 552/125/888
f 552/125/889 551/127/890 435/130/891 441/126/892
f 551/127/893 550/128/894 436/129/895 435/130/896
f 437/1611/897 555/1612/898 556/1634/899 557/139/900
f 438/132/901 437/131/902 557/136/903 558/135/904
f 442/164/905 438/132/906 558/135/907 559/133/908
f 439/192/909 560/162/910 442/164/911 559/133/912
f 450/134/913 561/193/914 439/192/915 559/133/916
f 559/133/917 558/135/918 448/138/919 450/134/920
f 558/135/921 557/136/922 444/137/923 448/138/924
f 557/139/925 556/1634/926 445/1556/927 444/140/928
f 449/142/929 447/141/930 562/143/931 563/186/932
f 451/185/933 449/142/934 563/186/935 564/189/936
f 563/186/937 562/143/938 459/144/939 461/187/940
f 460/145/941 458/1560/942 565/1561/943 566/151/944
f 462/190/945 460/146/946 566/148/947 567/147/948
f 568/191/949 567/147/950 477/150/951 479/200/952
f 567/147/953 566/148/954 475/149/955 477/150/956
f 566/151/957 565/1561/958 471/1562/959 475/152/960
f 419/154/961 418/153/962 531/157/963 548/156/964
f 430/155/965 419/154/966 549/160/967 553/159/968
f 439/192/969 430/155/970 554/163/971 560/162/972
f 548/156/973 531/157/974 421/102/975 422/158/976
f 553/159/977 549/160/978 432/114/979 433/161/980
f 560/162/981 554/163/982 441/126/983 442/164/984
f 569/194/985 561/193/986 450/134/987 451/185/988
f 398/165/989 409/166/990 418/153/991 410/90/992
f 474/168/993 473/1563/994 570/1587/995 571/175/996
f 476/167/997 474/168/998 571/175/999 572/174/1000
f 478/170/1001 476/169/1002 572/173/1003 573/172/1004
f 480/201/1005 478/170/1006 573/172/1007 574/171/1008
f 575/202/1009 576/205/1010 480/201/1011 574/171/1012
f 577/225/1013 578/224/1014 575/202/1015 574/171/1016
f 574/171/1017 573/172/1018 579/181/1019 577/225/1020
f 573/172/1021 572/173/1022 580/182/1023 579/181/1024
f 572/174/1025 571/175/1026 581/220/1027 580/183/1028
f 571/175/1029 570/1587/1030 582/221/1031 581/220/1032
f 498/1285/1033 492/176/1034 495/239/1035 504/1283/1036
f 499/177/1037 519/1286/1038 516/1284/1039 507/178/1040
f 481/180/1041 499/177/1042 507/178/1043 503/179/1044
f 503/179/1045 502/1279/1046 482/1280/1047 481/180/1048
f 466/196/1049 575/202/1050 493/270/1051 492/176/1052
f 577/225/1053 579/181/1054 583/209/1055 584/226/1056
f 579/181/1057 580/182/1058 585/208/1059 583/209/1060
f 580/183/1061 581/220/1062 586/207/1063 585/206/1064
f 440/184/1065 439/192/1066 587/198/1067 453/283/1068
f 588/203/1069 465/284/1070 453/283/1071 587/198/1072
f 589/195/1073 590/188/1074 461/187/1075 462/190/1076
f 564/189/1077 587/198/1078 569/194/1079 451/185/1080
f 590/188/1081 591/199/1082 587/198/1083 564/189/1084
f 563/186/1085 461/187/1086 590/188/1087 564/189/1088
f 589/195/1089 462/190/1090 567/147/1091 568/191/1092
f 588/203/1093 592/197/1094 589/195/1095 568/191/1096
f 479/200/1097 593/204/1098 588/203/1099 568/191/1100
f 587/198/1101 439/192/1102 561/193/1103 569/194/1104
f 589/195/1105 592/197/1106 591/199/1107 590/188/1108
f 575/202/1109 466/196/1110 465/284/1111 588/203/1112
f 592/197/1113 588/203/1114 587/198/1115 591/199/1116
f 576/205/1117 593/204/1118 479/200/1119 480/201/1120
f 575/202/1121 588/203/1122 593/204/1123 576/205/1124
f 586/207/1125 594/222/1126 595/1597/1127 596/218/1128
f 585/206/1129 586/207/1130 596/218/1131 597/216/1132
f 583/209/1133 585/208/1134 597/213/1135 598/212/1136
f 584/226/1137 583/209/1138 598/212/1139 599/210/1140
f 493/270/1141 600/223/1142 584/226/1143 599/210/1144
f 496/211/1145 601/271/1146 493/270/1147 599/210/1148
f 599/210/1149 598/212/1150 490/215/1151 496/211/1152
f 598/212/1153 597/213/1154 488/214/1155 490/215/1156
f 597/216/1157 596/218/1158 484/219/1159 488/217/1160
f 596/218/1161 595/1597/1162 485/1273/1163 484/219/1164
f 581/220/1165 582/221/1166 594/222/1167 586/207/1168
f 582/221/1169 570/1587/1170 595/1597/1171 594/222/1172
f 493/270/1173 575/202/1174 578/224/1175 600/223/1176
f 600/223/1177 578/224/1178 577/225/1179 584/226/1180
f 487/228/1181 486/1274/1182 602/1596/1183 603/235/1184
f 489/227/1185 487/228/1186 603/235/1187 604/234/1188
f 491/230/1189 489/229/1190 604/233/1191 605/232/1192
f 497/268/1193 491/230/1194 605/232/1195 606/231/1196
f 494/269/1197 607/272/1198 497/268/1199 606/231/1200
f 608/275/1201 609/274/1202 494/269/1203 606/231/1204
f 606/231/1205 605/232/1206 610/238/1207 608/275/1208
f 605/232/1209 604/233/1210 611/237/1211 610/238/1212
f 604/234/1213 603/235/1214 612/257/1215 611/236/1216
f 603/235/1217 602/1596/1218 613/254/1219 612/257/1220
f 614/1312/1221 615/1314/1222 616/1282/1223 617/1287/1224
f 618/1308/1225 619/1310/1226 620/1288/1227 621/1487/1228
f 622/1471/1229 623/1303/1230 624/1306/1231 625/1486/1232
f 626/252/1233 611/236/1234 612/257/1235 627/256/1236
f 610/238/1237 611/237/1238 626/250/1239 628/249/1240
f 608/275/1241 610/238/1242 628/249/1243 629/246/1244
f 630/258/1245 631/240/1246 632/242/1247 633/259/1248
f 634/243/1249 631/241/1250 630/260/1251 635/261/1252
f 636/244/1253 634/243/1254 635/261/1255 637/1295/1256
f 638/1316/1257 505/1315/1258 495/239/1259 494/269/1260
f 639/1276/1261 640/1275/1262 633/259/1263 632/242/1264
f 641/251/1265 642/253/1266 632/242/1267 631/240/1268
f 643/248/1269 641/247/1270 631/241/1271 634/243/1272
f 642/253/1273 644/1601/1274 639/1276/1275 632/242/1276
f 638/1316/1277 645/273/1278 629/246/1279 646/245/1280
f 636/244/1281 647/1298/1282 638/1316/1283 646/245/1284
f 616/1282/1285 615/1314/1286 648/1313/1287 649/1300/1288
f 646/245/1289 643/248/1290 634/243/1291 636/244/1292
f 643/248/1293 646/245/1294 629/246/1295 628/249/1296
f 641/247/1297 643/248/1298 628/249/1299 626/250/1300
f 642/253/1301 641/251/1302 626/252/1303 627/256/1304
f 644/1601/1305 642/253/1306 627/256/1307 650/255/1308
f 602/1596/1309 644/1601/1310 650/255/1311 613/254/1312
f 613/254/1313 650/255/1314 627/256/1315 612/257/1316
f 633/259/1317 640/1275/1318 651/1600/1319 652/267/1320
f 653/266/1321 630/258/1322 633/259/1323 652/267/1324
f 635/261/1325 630/260/1326 653/263/1327 515/262/1328
f 637/1295/1329 635/261/1330 515/262/1331 514/1301/1332
f 515/262/1333 653/263/1334 510/264/1335 509/265/1336
f 653/266/1337 652/267/1338 654/277/1339 510/276/1340
f 652/267/1341 651/1600/1342 655/1277/1343 654/277/1344
f 607/272/1345 601/271/1346 496/211/1347 497/268/1348
f 638/1316/1349 494/269/1350 609/274/1351 645/273/1352
f 494/269/1353 493/270/1354 601/271/1355 607/272/1356
f 645/273/1357 609/274/1358 608/275/1359 629/246/1360
f 647/1298/1361 636/244/1362 637/1295/1363 656/1299/1364
f 510/276/1365 654/277/1366 657/1245/1367 511/1244/1368
f 654/277/1369 655/1277/1370 658/1448/1371 657/1245/1372
f 659/1436/1373 660/1294/1374 661/1293/1375 662/1439/1376
f 661/1293/1377 663/1297/1378 664/279/1379 662/1439/1380
f 512/1278/1381 511/278/1382 665/1440/1383 664/279/1384
f 666/1296/1385 512/1278/1386 664/279/1387 663/1297/1388
f 667/1548/1389 668/281/1390 520/1290/1391 469/1547/1392
f 668/281/1393 454/282/1394 464/1291/1395 520/1290/1396
f 522/280/1397 452/286/1398 454/282/1399 668/281/1400
f 523/1550/1401 522/280/1402 668/281/1403 667/1548/1404
f 467/93/1405 483/1281/1406 669/1552/1407 468/1551/1408
f 454/282/1409 453/283/1410 465/284/1411 464/1291/1412
f 443/285/1413 440/184/1414 452/286/1415 522/280/1416
f 413/288/1417 533/1649/1418 534/1646/1419 537/289/1420
f 544/1631/1421 414/287/1422 542/290/1423 541/1630/1424
f 414/287/1425 413/288/1426 537/289/1427 542/290/1428
f 425/1621/1429 544/1631/1430 670/1632/1431 671/1623/1432
f 556/1634/1433 555/1612/1434 672/1613/1435 673/1633/1436
f 445/1556/1437 556/1634/1438 674/1635/1439 675/1557/1440
f 676/371/1441 677/1356/1442 678/1354/1443 679/925/1444
f 3/2389/1445 2/2390/1446 680/291/1447 681/1006/1448
f 680/291/1449 676/371/1450 679/925/1451 681/1006/1452
f 2/2390/1453 1/2493/1454 676/371/1455 680/291/1456
f 682/908/1457 171/913/1458 683/912/1459 684/868/1460
f 685/1272/1461 528/1541/1462 686/1358/1463 687/1357/1464
f 688/776/1465 689/773/1466 690/915/1467 691/327/1468
f 692/742/1469 688/776/1470 691/327/1471 693/325/1472
f 694/746/1473 692/742/1474 693/325/1475 695/320/1476
f 696/743/1477 694/746/1478 695/320/1479 697/317/1480
f 698/711/1481 696/743/1482 697/317/1483 699/315/1484
f 700/790/1485 698/711/1486 699/315/1487 701/309/1488
f 702/792/1489 700/790/1490 701/309/1491 703/307/1492
f 704/939/1493 702/792/1494 703/307/1495 705/938/1496
f 706/1037/1497 707/941/1498 708/1254/1499 709/1253/1500
f 682/908/1501 710/1252/1502 151/1251/1503 171/913/1504
f 711/1355/1505 712/372/1506 713/370/1507 714/1353/1508
f 715/373/1509 716/374/1510 717/367/1511 718/369/1512
f 719/376/1513 720/375/1514 721/355/1515 722/366/1516
f 723/922/1517 720/375/1518 19/2503/1519 98/3099/1520
f 724/352/1521 725/353/1522 28/2449/1523 5/2393/1524
f 726/350/1525 724/352/1526 5/2393/1527 27/2440/1528
f 727/346/1529 728/348/1530 6/2439/1531 7/2438/1532
f 729/342/1533 730/343/1534 26/2437/1535 8/2394/1536
f 731/340/1537 729/342/1538 8/2394/1539 25/2426/1540
f 732/334/1541 733/335/1542 24/2424/1543 10/2395/1544
f 734/332/1545 732/334/1546 10/2395/1547 23/2415/1548
f 735/360/1549 11/2414/1550 20/2396/1551 736/361/1552
f 22/2413/1553 13/3285/1554 737/1097/1555 738/304/1556
f 117/3316/1557 15/3292/1558 156/1105/1559 155/1125/1560
f 739/1012/1561 740/1351/1562 714/1353/1563 713/370/1564
f 741/365/1565 742/1013/1566 718/369/1567 717/367/1568
f 743/292/1569 744/364/1570 722/366/1571 721/355/1572
f 745/918/1573 743/292/1574 721/355/1575 746/920/1576
f 747/293/1577 748/330/1578 749/354/1579 750/351/1580
f 751/323/1581 747/293/1582 750/351/1583 752/349/1584
f 753/322/1585 754/324/1586 755/347/1587 756/345/1588
f 757/294/1589 758/321/1590 759/344/1591 760/341/1592
f 761/313/1593 757/294/1594 760/341/1595 762/339/1596
f 763/295/1597 764/312/1598 765/336/1599 766/333/1600
f 767/305/1601 763/295/1602 766/333/1603 768/331/1604
f 769/302/1605 770/306/1606 771/363/1607 772/362/1608
f 773/296/1609 774/298/1610 775/300/1611 776/1096/1612
f 152/297/1613 773/296/1614 776/1096/1615 777/1122/1616
f 20/2396/1617 21/2409/1618 778/358/1619 736/361/1620
f 779/1015/1621 780/1014/1622 742/1013/1623 741/365/1624
f 781/1016/1625 782/368/1626 744/364/1627 743/292/1628
f 783/916/1629 781/1016/1630 743/292/1631 745/918/1632
f 784/328/1633 785/329/1634 748/330/1635 747/293/1636
f 786/326/1637 784/328/1638 747/293/1639 751/323/1640
f 695/320/1641 693/325/1642 754/324/1643 753/322/1644
f 787/318/1645 788/319/1646 758/321/1647 757/294/1648
f 789/316/1649 787/318/1650 757/294/1651 761/313/1652
f 790/310/1653 791/311/1654 764/312/1655 763/295/1656
f 792/308/1657 790/310/1658 763/295/1659 767/305/1660
f 705/938/1661 703/307/1662 770/306/1663 769/302/1664
f 774/298/1665 707/941/1666 793/940/1667 794/299/1668
f 708/1254/1669 707/941/1670 774/298/1671 773/296/1672
f 708/1254/1673 773/296/1674 152/297/1675 151/1251/1676
f 794/299/1677 793/940/1678 705/938/1679 769/302/1680
f 795/303/1681 796/301/1682 794/299/1683 769/302/1684
f 796/301/1685 775/300/1686 774/298/1687 794/299/1688
f 776/1096/1689 775/300/1690 796/301/1691 737/1097/1692
f 795/303/1693 738/304/1694 737/1097/1695 796/301/1696
f 21/2409/1697 29/2476/1698 797/356/1699 778/358/1700
f 798/359/1701 795/303/1702 769/302/1703 772/362/1704
f 798/359/1705 799/357/1706 738/304/1707 795/303/1708
f 12/2477/1709 22/2413/1710 738/304/1711 799/357/1712
f 735/360/1713 734/332/1714 23/2415/1715 11/2414/1716
f 770/306/1717 767/305/1718 768/331/1719 771/363/1720
f 703/307/1721 792/308/1722 767/305/1723 770/306/1724
f 703/307/1725 701/309/1726 790/310/1727 792/308/1728
f 701/309/1729 699/315/1730 791/311/1731 790/310/1732
f 764/312/1733 791/311/1734 699/315/1735 800/314/1736
f 765/336/1737 764/312/1738 800/314/1739 801/337/1740
f 24/2424/1741 733/335/1742 802/338/1743 9/2425/1744
f 802/338/1745 731/340/1746 25/2426/1747 9/2425/1748
f 800/314/1749 761/313/1750 762/339/1751 801/337/1752
f 699/315/1753 789/316/1754 761/313/1755 800/314/1756
f 699/315/1757 697/317/1758 787/318/1759 789/316/1760
f 697/317/1761 695/320/1762 788/319/1763 787/318/1764
f 758/321/1765 788/319/1766 695/320/1767 753/322/1768
f 759/344/1769 758/321/1770 753/322/1771 756/345/1772
f 26/2437/1773 730/343/1774 727/346/1775 7/2438/1776
f 728/348/1777 726/350/1778 27/2440/1779 6/2439/1780
f 754/324/1781 751/323/1782 752/349/1783 755/347/1784
f 693/325/1785 786/326/1786 751/323/1787 754/324/1788
f 693/325/1789 691/327/1790 784/328/1791 786/326/1792
f 691/327/1793 690/915/1794 785/329/1795 784/328/1796
f 748/330/1797 785/329/1798 690/915/1799 803/917/1800
f 749/354/1801 748/330/1802 803/917/1803 804/919/1804
f 28/2449/1805 725/353/1806 805/921/1807 4/3098/1808
f 771/363/1809 768/331/1810 734/332/1811 735/360/1812
f 768/331/1813 766/333/1814 732/334/1815 734/332/1816
f 766/333/1817 765/336/1818 733/335/1819 732/334/1820
f 802/338/1821 733/335/1822 765/336/1823 801/337/1824
f 801/337/1825 762/339/1826 731/340/1827 802/338/1828
f 762/339/1829 760/341/1830 729/342/1831 731/340/1832
f 760/341/1833 759/344/1834 730/343/1835 729/342/1836
f 727/346/1837 730/343/1838 759/344/1839 756/345/1840
f 756/345/1841 755/347/1842 728/348/1843 727/346/1844
f 755/347/1845 752/349/1846 726/350/1847 728/348/1848
f 752/349/1849 750/351/1850 724/352/1851 726/350/1852
f 750/351/1853 749/354/1854 725/353/1855 724/352/1856
f 805/921/1857 725/353/1858 749/354/1859 804/919/1860
f 746/920/1861 721/355/1862 720/375/1863 723/922/1864
f 29/2476/1865 12/2477/1866 799/357/1867 797/356/1868
f 778/358/1869 797/356/1870 799/357/1871 798/359/1872
f 736/361/1873 778/358/1874 798/359/1875 772/362/1876
f 735/360/1877 736/361/1878 772/362/1879 771/363/1880
f 782/368/1881 779/1015/1882 741/365/1883 744/364/1884
f 722/366/1885 744/364/1886 741/365/1887 717/367/1888
f 716/374/1889 719/376/1890 722/366/1891 717/367/1892
f 781/1016/1893 806/1018/1894 779/1015/1895 782/368/1896
f 718/369/1897 742/1013/1898 739/1012/1899 713/370/1900
f 712/372/1901 715/373/1902 718/369/1903 713/370/1904
f 1/2493/1905 16/3561/1906 677/1356/1907 676/371/1908
f 126/3564/1909 17/2495/1910 712/372/1911 711/1355/1912
f 17/2495/1913 31/2497/1914 715/373/1915 712/372/1916
f 31/2497/1917 18/2499/1918 716/374/1919 715/373/1920
f 18/2499/1921 30/2501/1922 719/376/1923 716/374/1924
f 30/2501/1925 19/2503/1926 720/375/1927 719/376/1928
f 807/962/1929 32/3149/1930 67/2735/1931 808/591/1932
f 809/958/1933 810/960/1934 811/589/1935 812/587/1936
f 813/550/1937 51/2512/1938 42/2510/1939 814/552/1940
f 815/394/1941 816/549/1942 817/551/1943 818/392/1944
f 55/2519/1945 62/2576/1946 819/562/1947 820/560/1948
f 821/592/1949 66/2727/1950 37/3133/1951 822/952/1952
f 823/610/1953 824/607/1954 825/583/1955 826/582/1956
f 49/2505/1957 875/380/1958 827/408/1959 58/2544/1960
f 827/408/1961 875/380/1962 874/378/1963 828/406/1964
f 829/1862/1965 831/404/1966 832/935/1967 830/1863/1968
f 1986/1977/1969 1985/1976/1970 835/377/1971 836/379/1972
f 1987/4233/1973 1986/1977/1974 836/379/1975 44/2508/1976
f 828/406/1977 874/378/1978 873/464/1979 837/463/1980
f 838/383/1981 839/580/1982 840/600/1983 841/594/1984
f 843/1388/1985 844/524/1986 845/525/1987 842/1387/1988
f 849/1364/1989 846/536/1990 847/539/1991 848/1394/1992
f 850/933/1993 832/935/1994 831/404/1995 851/460/1996
f 852/566/1997 54/2518/1998 56/3527/1999 853/1319/2000
f 856/1390/2001 857/528/2002 854/537/2003 855/1365/2004
f 48/2511/2005 64/2589/2006 858/556/2007 859/554/2008
f 860/456/2009 861/449/2010 862/482/2011 863/480/2012
f 866/1378/2013 867/466/2014 864/523/2015 865/1361/2016
f 869/1393/2017 870/541/2018 871/576/2019 868/1392/2020
f 835/377/2021 872/469/2022 873/464/2023 874/378/2024
f 836/379/2025 835/377/2026 874/378/2027 875/380/2028
f 49/2505/2029 44/2508/2030 836/379/2031 875/380/2032
f 1979/1971/2033 1978/1969/2034 880/1377/2035 881/1401/2036
f 882/461/2037 883/403/2038 884/407/2039 885/462/2040
f 886/409/2041 884/407/2042 883/403/2043 887/405/2044
f 45/2545/2045 886/409/2046 887/405/2047 57/2540/2048
f 888/486/2049 889/385/2050 890/381/2051 891/483/2052
f 892/382/2053 838/383/2054 893/395/2055 894/393/2056
f 895/1317/2057 896/936/2058 897/934/2059 898/1318/2060
f 899/937/2061 896/936/2062 895/1317/2063 876/1941/2064
f 133/3119/2065 899/937/2066 876/1941/2067 39/4195/2068
f 889/385/2069 900/522/2070 901/443/2071 890/381/2072
f 900/522/2073 889/385/2074 902/447/2075 903/446/2076
f 854/537/2077 857/528/2078 904/529/2079 905/538/2080
f 846/536/2081 906/543/2082 907/546/2083 847/539/2084
f 871/576/2085 870/541/2086 908/540/2087 909/445/2088
f 1969/1951/2089 928/1373/2090 912/1368/2091 1970/1953/2092
f 914/1366/2093 1972/1957/2094 1971/1955/2095 917/1371/2096
f 918/1399/2097 919/1362/2098 1976/1965/2099 1975/1963/2100
f 922/1374/2101 1977/1967/2102 1976/1965/2103 919/1362/2104
f 890/381/2105 901/443/2106 924/467/2107 892/382/2108
f 891/483/2109 890/381/2110 892/382/2111 894/393/2112
f 818/392/2113 817/551/2114 925/553/2115 926/481/2116
f 42/2510/2117 48/2511/2118 859/554/2119 814/552/2120
f 40/2728/2121 929/598/2122 930/384/2123 53/2517/2124
f 893/395/2125 838/383/2126 841/594/2127 931/595/2128
f 932/396/2129 933/547/2130 816/549/2131 815/394/2132
f 934/548/2133 52/2516/2134 51/2512/2135 813/550/2136
f 838/383/2137 892/382/2138 924/467/2139 839/580/2140
f 1984/1975/2141 872/469/2142 835/377/2143 1985/1976/2144
f 839/580/2145 936/468/2146 937/442/2147 938/581/2148
f 841/594/2149 840/600/2150 939/605/2151 940/604/2152
f 941/586/2153 942/588/2154 933/547/2155 932/396/2156
f 943/590/2157 33/2738/2158 52/2516/2159 934/548/2160
f 935/1980/2161 834/1982/2162 944/608/2163 826/582/2164
f 930/384/2165 944/608/2166 834/1982/2167 833/1984/2168
f 53/2517/2169 930/384/2170 833/1984/2171 50/4241/2172
f 945/453/2173 946/509/2174 947/487/2175 948/454/2176
f 949/577/2177 950/504/2178 951/506/2179 952/451/2180
f 952/451/2181 951/506/2182 953/510/2183 954/452/2184
f 955/564/2185 41/2577/2186 54/2518/2187 852/566/2188
f 947/487/2189 956/489/2190 957/455/2191 948/454/2192
f 958/558/2193 34/2590/2194 55/2519/2195 820/560/2196
f 959/490/2197 960/488/2198 961/414/2199 962/412/2200
f 963/511/2201 964/507/2202 965/416/2203 966/436/2204
f 964/507/2205 967/505/2206 968/418/2207 965/416/2208
f 969/459/2209 902/447/2210 889/385/2211 888/486/2212
f 970/542/2213 971/534/2214 972/517/2215 973/520/2216
f 855/1365/2217 854/537/2218 846/536/2219 849/1364/2220
f 974/410/2221 975/457/2222 976/387/2223 977/390/2224
f 978/476/2225 976/387/2226 975/457/2227 979/474/2228
f 980/411/2229 981/413/2230 982/398/2231 983/399/2232
f 984/434/2233 985/415/2234 986/388/2235 987/432/2236
f 985/415/2237 988/417/2238 989/402/2239 986/388/2240
f 990/427/2241 974/410/2242 977/390/2243 991/428/2244
f 977/390/2245 976/387/2246 992/386/2247 993/391/2248
f 994/479/2249 992/386/2250 976/387/2251 978/476/2252
f 983/399/2253 982/398/2254 995/397/2255 996/400/2256
f 987/432/2257 986/388/2258 997/389/2259 998/430/2260
f 986/388/2261 989/402/2262 999/401/2263 997/389/2264
f 991/428/2265 977/390/2266 993/391/2267 1000/429/2268
f 926/481/2269 891/483/2270 894/393/2271 818/392/2272
f 818/392/2273 894/393/2274 893/395/2275 815/394/2276
f 815/394/2277 893/395/2278 931/595/2279 932/396/2280
f 932/396/2281 931/595/2282 1001/597/2283 941/586/2284
f 812/587/2285 1002/585/2286 1003/956/2287 809/958/2288
f 1004/437/2289 961/414/2290 960/488/2291 1005/508/2292
f 1006/433/2293 982/398/2294 981/413/2295 1007/435/2296
f 1008/431/2297 995/397/2298 982/398/2299 1006/433/2300
f 1009/1856/2301 1010/423/2302 1011/422/2303 1012/1861/2304
f 1013/1860/2305 1861/1857/2306 1009/1856/2307 1012/1861/2308
f 1014/1391/2309 1015/533/2310 857/528/2311 856/1390/2312
f 1016/512/2313 902/447/2314 969/459/2315 1017/513/2316
f 845/525/2317 844/524/2318 903/446/2319 1018/448/2320
f 962/412/2321 1019/473/2322 1020/492/2323 959/490/2324
f 1021/477/2325 1022/475/2326 980/411/2327 983/399/2328
f 1023/478/2329 1021/477/2330 983/399/2331 996/400/2332
f 1024/1320/2333 125/3526/2334 35/3174/2335 1025/2012/2336
f 1026/579/2337 1027/578/2338 1028/515/2339 1029/502/2340
f 968/418/2341 967/505/2342 1030/503/2343 1031/420/2344
f 989/402/2345 988/417/2346 1032/421/2347 1033/1855/2348
f 999/401/2349 989/402/2350 1033/1855/2351 1034/1854/2352
f 1035/1395/2353 1973/1959/2354 1972/1957/2355 914/1366/2356
f 851/460/2357 831/404/2358 883/403/2359 882/461/2360
f 887/405/2361 883/403/2362 831/404/2363 829/1862/2364
f 57/2540/2365 887/405/2366 829/1862/2367 38/4073/2368
f 917/1371/2369 1971/1955/2370 1970/1953/2371 912/1368/2372
f 885/462/2373 884/407/2374 828/406/2375 837/463/2376
f 827/408/2377 828/406/2378 884/407/2379 886/409/2380
f 58/2544/2381 827/408/2382 886/409/2383 45/2545/2384
f 1026/579/2385 1029/502/2386 950/504/2387 949/577/2388
f 1037/419/2389 1038/987/2390 46/3171/2391 61/2557/2392
f 1039/955/2393 1040/1525/2394 1041/1535/2395 1042/957/2396
f 1043/924/2397 1040/923/2398 1039/950/2399 1044/953/2400
f 60/2762/2401 1043/924/2402 1044/953/2403 105/3132/2404
f 990/427/2405 1045/439/2406 1046/440/2407 974/410/2408
f 1047/458/2409 975/457/2410 974/410/2411 1046/440/2412
f 980/411/2413 1022/475/2414 1019/473/2415 962/412/2416
f 961/414/2417 981/413/2418 980/411/2419 962/412/2420
f 1007/435/2421 981/413/2422 961/414/2423 1004/437/2424
f 965/416/2425 985/415/2426 984/434/2427 966/436/2428
f 968/418/2429 988/417/2430 985/415/2431 965/416/2432
f 988/417/2433 968/418/2434 1031/420/2435 1032/421/2436
f 970/542/2437 973/520/2438 1048/568/2439 1049/573/2440
f 1050/444/2441 1051/450/2442 1052/567/2443 1037/419/2444
f 1050/444/2445 1037/419/2446 61/2557/2447 36/2585/2448
f 1053/424/2449 1054/501/2450 1055/500/2451 1056/425/2452
f 1030/503/2453 1054/501/2454 1053/424/2455 1031/420/2456
f 1010/423/2457 1032/421/2458 1031/420/2459 1053/424/2460
f 1033/1855/2461 1032/421/2462 1010/423/2463 1009/1856/2464
f 1055/500/2465 1057/499/2466 1058/438/2467 1056/425/2468
f 1011/422/2469 1056/425/2470 1058/438/2471 1059/426/2472
f 1011/422/2473 1059/426/2474 1060/1858/2475 1012/1861/2476
f 1011/422/2477 1010/423/2478 1053/424/2479 1056/425/2480
f 1059/426/2481 1058/438/2482 1045/439/2483 990/427/2484
f 1059/426/2485 990/427/2486 991/428/2487 1060/1858/2488
f 1862/1859/2489 1060/1858/2490 991/428/2491 1000/429/2492
f 998/430/2493 1008/431/2494 1006/433/2495 987/432/2496
f 987/432/2497 1006/433/2498 1007/435/2499 984/434/2500
f 984/434/2501 1007/435/2502 1004/437/2503 966/436/2504
f 966/436/2505 1004/437/2506 1005/508/2507 963/511/2508
f 954/452/2509 953/510/2510 946/509/2511 945/453/2512
f 62/2576/2513 41/2577/2514 955/564/2515 819/562/2516
f 1061/498/2517 1045/439/2518 1058/438/2519 1057/499/2520
f 1062/497/2521 1046/440/2522 1045/439/2523 1061/498/2524
f 1063/496/2525 1047/458/2526 1046/440/2527 1062/497/2528
f 901/443/2529 867/466/2530 1064/465/2531 924/467/2532
f 1969/1951/2533 1968/1949/2534 1066/1383/2535 928/1373/2536
f 1966/441/2537 937/442/2538 936/468/2539 1068/4506/2540
f 1067/4505/2541 936/468/2542 1064/465/2543 1069/1379/2544
f 900/522/2545 864/523/2546 867/466/2547 901/443/2548
f 1050/444/2549 36/2585/2550 63/3110/2551 1070/930/2552
f 1070/930/2553 909/445/2554 1051/450/2555 1050/444/2556
f 909/445/2557 908/540/2558 1071/569/2559 1051/450/2560
f 1071/569/2561 908/540/2562 907/546/2563 1072/545/2564
f 1073/530/2565 1018/448/2566 1016/512/2567 1074/521/2568
f 903/446/2569 902/447/2570 1016/512/2571 1018/448/2572
f 1075/485/2573 1076/484/2574 862/482/2575 861/449/2576
f 1017/513/2577 969/459/2578 1077/495/2579 1078/514/2580
f 1075/485/2581 861/449/2582 956/489/2583 1079/491/2584
f 957/455/2585 956/489/2586 861/449/2587 860/456/2588
f 64/2589/2589 34/2590/2590 958/558/2591 858/556/2592
f 1051/450/2593 1071/569/2594 1080/572/2595 1052/567/2596
f 1081/1322/2597 949/577/2598 952/451/2599 1082/565/2600
f 1082/565/2601 952/451/2602 954/452/2603 1083/563/2604
f 1083/563/2605 954/452/2606 945/453/2607 1084/561/2608
f 1084/561/2609 945/453/2610 948/454/2611 1085/559/2612
f 1085/559/2613 948/454/2614 957/455/2615 1086/557/2616
f 1086/557/2617 957/455/2618 860/456/2619 1087/555/2620
f 1087/555/2621 860/456/2622 863/480/2623 925/553/2624
f 972/517/2625 1074/521/2626 1016/512/2627 1088/518/2628
f 1089/472/2629 979/474/2630 975/457/2631 1047/458/2632
f 1090/494/2633 1089/472/2634 1047/458/2635 1063/496/2636
f 969/459/2637 888/486/2638 1091/493/2639 1077/495/2640
f 1978/1969/2641 1977/1967/2642 922/1374/2643 880/1377/2644
f 897/934/2645 921/1962/2646 920/1964/2647 898/1318/2648
f 851/460/2649 1036/1958/2650 1092/1960/2651 850/933/2652
f 1036/1958/2653 851/460/2654 882/461/2655 915/1956/2656
f 915/1956/2657 882/461/2658 885/462/2659 916/1954/2660
f 916/1954/2661 885/462/2662 837/463/2663 913/1952/2664
f 873/464/2665 927/1950/2666 913/1952/2667 837/463/2668
f 872/469/2669 1065/1948/2670 927/1950/2671 873/464/2672
f 1069/1379/2673 1064/465/2674 867/466/2675 866/1378/2676
f 839/580/2677 924/467/2678 1064/465/2679 936/468/2680
f 1968/1949/2681 1967/1947/2682 1094/470/2683 1066/1383/2684
f 1984/1975/2685 1093/1974/2686 1065/1948/2687 872/469/2688
f 1094/470/2689 1967/1947/2690 1966/1946/2691 1068/471/2692
f 888/486/2693 1075/485/2694 1079/491/2695 1091/493/2696
f 1090/494/2697 1020/492/2698 1019/473/2699 1089/472/2700
f 1089/472/2701 1019/473/2702 1022/475/2703 979/474/2704
f 979/474/2705 1022/475/2706 1021/477/2707 978/476/2708
f 978/476/2709 1021/477/2710 1023/478/2711 994/479/2712
f 925/553/2713 863/480/2714 862/482/2715 926/481/2716
f 926/481/2717 862/482/2718 1076/484/2719 891/483/2720
f 891/483/2721 1076/484/2722 1075/485/2723 888/486/2724
f 1005/508/2725 960/488/2726 947/487/2727 946/509/2728
f 956/489/2729 947/487/2730 960/488/2731 959/490/2732
f 1020/492/2733 1079/491/2734 956/489/2735 959/490/2736
f 1091/493/2737 1079/491/2738 1020/492/2739 1090/494/2740
f 1091/493/2741 1090/494/2742 1063/496/2743 1077/495/2744
f 1077/495/2745 1063/496/2746 1062/497/2747 1078/514/2748
f 1078/514/2749 1062/497/2750 1061/498/2751 1088/518/2752
f 1088/518/2753 1061/498/2754 1057/499/2755 1095/519/2756
f 1096/516/2757 1095/519/2758 1057/499/2759 1055/500/2760
f 1054/501/2761 1028/515/2762 1096/516/2763 1055/500/2764
f 1029/502/2765 1028/515/2766 1054/501/2767 1030/503/2768
f 967/505/2769 950/504/2770 1029/502/2771 1030/503/2772
f 951/506/2773 950/504/2774 967/505/2775 964/507/2776
f 953/510/2777 951/506/2778 964/507/2779 963/511/2780
f 1005/508/2781 946/509/2782 953/510/2783 963/511/2784
f 1097/532/2785 845/525/2786 1018/448/2787 1073/530/2788
f 1088/518/2789 1016/512/2790 1017/513/2791 1078/514/2792
f 1101/986/2793 1098/575/2794 1099/571/2795 1100/985/2796
f 1027/578/2797 1099/571/2798 1102/570/2799 1028/515/2800
f 1100/985/2801 1099/571/2802 1027/578/2803 1103/1325/2804
f 1048/568/2805 1096/516/2806 1028/515/2807 1102/570/2808
f 973/520/2809 1095/519/2810 1096/516/2811 1048/568/2812
f 972/517/2813 1088/518/2814 1095/519/2815 973/520/2816
f 1104/535/2817 905/538/2818 904/529/2819 1105/527/2820
f 1104/535/2821 1105/527/2822 1106/526/2823 971/534/2824
f 1107/531/2825 1073/530/2826 1074/521/2827 1106/526/2828
f 972/517/2829 971/534/2830 1106/526/2831 1074/521/2832
f 864/523/2833 900/522/2834 903/446/2835 844/524/2836
f 865/1361/2837 864/523/2838 844/524/2839 843/1388/2840
f 842/1387/2841 845/525/2842 1097/532/2843 1108/1389/2844
f 1106/526/2845 1105/527/2846 904/529/2847 1107/531/2848
f 857/528/2849 1015/533/2850 1107/531/2851 904/529/2852
f 1015/533/2853 1097/532/2854 1073/530/2855 1107/531/2856
f 1108/1389/2857 1097/532/2858 1015/533/2859 1014/1391/2860
f 1109/544/2861 1104/535/2862 971/534/2863 970/542/2864
f 906/543/2865 905/538/2866 1104/535/2867 1109/544/2868
f 846/536/2869 854/537/2870 905/538/2871 906/543/2872
f 848/1394/2873 847/539/2874 870/541/2875 869/1393/2876
f 847/539/2877 907/546/2878 908/540/2879 870/541/2880
f 970/542/2881 1049/573/2882 1072/545/2883 1109/544/2884
f 906/543/2885 1109/544/2886 1072/545/2887 907/546/2888
f 810/960/2889 807/962/2890 808/591/2891 811/589/2892
f 942/588/2893 943/590/2894 934/548/2895 933/547/2896
f 933/547/2897 934/548/2898 813/550/2899 816/549/2900
f 816/549/2901 813/550/2902 814/552/2903 817/551/2904
f 859/554/2905 925/553/2906 817/551/2907 814/552/2908
f 858/556/2909 1087/555/2910 925/553/2911 859/554/2912
f 958/558/2913 1086/557/2914 1087/555/2915 858/556/2916
f 1086/557/2917 958/558/2918 820/560/2919 1085/559/2920
f 819/562/2921 1084/561/2922 1085/559/2923 820/560/2924
f 955/564/2925 1083/563/2926 1084/561/2927 819/562/2928
f 1083/563/2929 955/564/2930 852/566/2931 1082/565/2932
f 1082/565/2933 852/566/2934 853/1319/2935 1081/1322/2936
f 1052/567/2937 1080/572/2938 1098/575/2939 1101/986/2940
f 1038/987/2941 1037/419/2942 1052/567/2943 1101/986/2944
f 1049/573/2945 1048/568/2946 1102/570/2947 1110/574/2948
f 1049/573/2949 1080/572/2950 1071/569/2951 1072/545/2952
f 1110/574/2953 1102/570/2954 1099/571/2955 1098/575/2956
f 1080/572/2957 1049/573/2958 1110/574/2959 1098/575/2960
f 1111/932/2961 871/576/2962 909/445/2963 1070/930/2964
f 868/1392/2965 871/576/2966 1111/932/2967 1112/4163/2968
f 1113/1324/2969 1114/1323/2970 1024/1320/2971 1025/2012/2972
f 1115/1321/2973 1026/579/2974 949/577/2975 1081/1322/2976
f 1103/1325/2977 1027/578/2978 1026/579/2979 1115/1321/2980
f 839/580/2981 938/581/2982 825/601/2983 840/600/2984
f 935/1980/2985 826/582/2986 825/583/2987 938/1978/2988
f 1116/584/2989 1117/954/2990 1003/956/2991 1002/585/2992
f 1118/599/2993 929/598/2994 821/592/2995 1116/593/2996
f 929/598/2997 40/2728/2998 66/2727/2999 821/592/3000
f 1118/596/3001 1116/584/3002 1002/585/3003 1001/597/3004
f 941/586/3005 1001/597/3006 1002/585/3007 812/587/3008
f 811/589/3009 942/588/3010 941/586/3011 812/587/3012
f 808/591/3013 943/590/3014 942/588/3015 811/589/3016
f 67/2735/3017 33/2738/3018 943/590/3019 808/591/3020
f 821/592/3021 822/952/3022 1117/951/3023 1116/593/3024
f 841/594/3025 940/604/3026 1001/597/3027 931/595/3028
f 1119/603/3029 1118/596/3030 1001/597/3031 940/604/3032
f 944/608/3033 930/384/3034 929/598/3035 1120/609/3036
f 929/598/3037 1118/599/3038 1119/606/3039 1120/609/3040
f 840/600/3041 825/601/3042 824/602/3043 939/605/3044
f 824/602/3045 1119/603/3046 940/604/3047 939/605/3048
f 1120/609/3049 1119/606/3050 824/607/3051 823/610/3052
f 944/608/3053 1120/609/3054 823/610/3055 826/582/3056
f 1121/1009/3057 1122/1542/3058 1123/1545/3059 1124/1007/3060
f 1125/613/3061 1126/611/3062 1127/612/3063 1040/923/3064
f 1128/1146/3065 1129/1145/3066 1125/613/3067 1040/923/3068
f 121/3335/3069 1130/1142/3070 1043/924/3071 60/2762/3072
f 1131/825/3073 1132/1768/3074 1133/1766/3075 1134/672/3076
f 1135/705/3077 1136/704/3078 1137/701/3079 1138/646/3080
f 1139/808/3081 1140/832/3082 1141/831/3083 1142/805/3084
f 1143/738/3085 1144/737/3086 1145/733/3087 1146/653/3088
f 1147/770/3089 1148/769/3090 1149/767/3091 1150/766/3092
f 1151/1655/3093 1152/639/3094 1153/2030/3095 1154/1656/3096
f 1155/674/3097 1156/897/3098 1157/895/3099 1158/876/3100
f 1159/648/3101 1160/615/3102 1161/617/3103 1162/649/3104
f 1163/616/3105 1164/622/3106 1165/624/3107 1166/618/3108
f 1167/1777/3109 1168/1778/3110 1169/838/3111 1170/846/3112
f 1171/1781/3113 1172/1782/3114 1173/644/3115 1174/839/3116
f 1175/651/3117 1176/645/3118 1177/1784/3119 1178/1786/3120
f 1179/619/3121 1180/652/3122 1181/1788/3123 1182/1790/3124
f 1183/626/3125 1184/620/3126 1185/1792/3127 1186/1794/3128
f 1174/839/3129 1173/644/3130 1187/702/3131 1188/703/3132
f 1189/734/3133 1190/736/3134 1176/645/3135 1175/651/3136
f 1149/767/3137 1148/769/3138 1180/652/3139 1179/619/3140
f 1191/629/3141 1192/630/3142 1193/621/3143 1194/768/3144
f 1195/631/3145 1196/638/3146 1197/1021/3147 1198/1023/3148
f 1199/614/3149 71/2763/3150 69/3078/3151 1200/902/3152
f 1201/623/3153 1202/632/3154 1203/633/3155 1204/625/3156
f 93/2094/3157 71/2763/3158 1199/614/3159 1205/2095/3160
f 1199/614/3161 1200/902/3162 1206/1537/3163 1207/2038/3164
f 3141/2792/3165 3184/4013/3166 3948/4307/3167 3173/4306/3168
f 1212/1773/3169 1213/1181/3170 1214/842/3171 1215/1775/3172
f 1193/621/3173 1192/630/3174 1216/1022/3175 1217/664/3176
f 1218/713/3177 1219/747/3178 1220/748/3179 1221/715/3180
f 1222/730/3181 1143/738/3182 1146/653/3183 1223/666/3184
f 1224/698/3185 1135/705/3186 1138/646/3187 1225/668/3188
f 1226/806/3189 1141/831/3190 1227/855/3191 1228/847/3192
f 1229/812/3193 1230/811/3194 1231/794/3195 1232/670/3196
f 1191/629/3197 1194/768/3198 1184/620/3199 1183/626/3200
f 1233/635/3201 1234/637/3202 1235/628/3203 1236/627/3204
f 1237/1798/3205 1233/635/3206 1236/627/3207 1238/1796/3208
f 1152/639/3209 1239/636/3210 1240/2031/3211 1153/2030/3212
f 1234/637/3213 1196/638/3214 1195/631/3215 1235/628/3216
f 1205/2095/3217 1199/614/3218 1207/2038/3219 1243/2096/3220
f 70/2847/3221 75/2818/3222 1244/898/3223 1245/676/3224
f 1246/863/3225 1131/825/3226 1134/672/3227 1247/862/3228
f 80/2810/3229 77/2769/3230 1160/615/3231 1159/648/3232
f 1164/622/3233 1163/616/3234 72/2768/3235 78/2778/3236
f 1202/632/3237 1201/623/3238 73/2777/3239 79/2789/3240
f 74/2093/3241 3138/2791/3242 3135/2765/3243 93/2094/3244
f 1161/617/3245 1248/1791/3246 1249/1789/3247 1162/649/3248
f 1250/1795/3249 1251/1793/3250 1166/618/3251 1165/624/3252
f 1203/633/3253 1252/1799/3254 1253/1797/3255 1204/625/3256
f 1257/826/3257 1258/1772/3258 1259/1774/3259 1260/845/3260
f 2021/2033/3261 1240/2031/3262 1239/636/3263 1261/634/3264
f 1262/1800/3265 2022/2035/3266 2021/2033/3267 1261/634/3268
f 1163/616/3269 1160/615/3270 77/2769/3271 72/2768/3272
f 1160/615/3273 1163/616/3274 1166/618/3275 1161/617/3276
f 1251/1793/3277 1248/1791/3278 1161/617/3279 1166/618/3280
f 1184/620/3281 1179/619/3282 1182/1790/3283 1185/1792/3284
f 1194/768/3285 1149/767/3286 1179/619/3287 1184/620/3288
f 1263/764/3289 1264/765/3290 1194/768/3291 1193/621/3292
f 1263/764/3293 1193/621/3294 1217/664/3295 1265/761/3296
f 1201/623/3297 1164/622/3298 78/2778/3299 73/2777/3300
f 1164/622/3301 1201/623/3302 1204/625/3303 1165/624/3304
f 1253/1797/3305 1250/1795/3306 1165/624/3307 1204/625/3308
f 1236/627/3309 1183/626/3310 1186/1794/3311 1238/1796/3312
f 1235/628/3313 1191/629/3314 1183/626/3315 1236/627/3316
f 1235/628/3317 1195/631/3318 1192/630/3319 1191/629/3320
f 1192/630/3321 1195/631/3322 1198/1023/3323 1216/1022/3324
f 1153/2030/3325 1241/2032/3326 1266/1657/3327 1154/1656/3328
f 1208/2098/3329 1202/632/3330 79/2789/3331 74/2093/3332
f 1202/632/3333 1208/2098/3334 1211/2097/3335 1203/633/3336
f 1211/2097/3337 1254/1801/3338 1252/1799/3339 1203/633/3340
f 1262/1800/3341 1261/634/3342 1233/635/3343 1237/1798/3344
f 1261/634/3345 1239/636/3346 1234/637/3347 1233/635/3348
f 1239/636/3349 1152/639/3350 1196/638/3351 1234/637/3352
f 1196/638/3353 1152/639/3354 1151/1655/3355 1197/1021/3356
f 1267/650/3357 1268/1787/3358 1269/1785/3359 1270/642/3360
f 1271/641/3361 1272/647/3362 1267/650/3363 1270/642/3364
f 81/2801/3365 85/2809/3366 1272/647/3367 1271/641/3368
f 1273/1780/3369 1274/836/3370 1275/643/3371 1276/1783/3372
f 1277/834/3373 1278/640/3374 1275/643/3375 1274/836/3376
f 82/3000/3377 84/2800/3378 1278/640/3379 1277/834/3380
f 1279/1779/3381 1280/1776/3382 1281/843/3383 1282/835/3384
f 1283/841/3385 1284/833/3386 1282/835/3387 1281/843/3388
f 83/3009/3389 94/2999/3390 1284/833/3391 1283/841/3392
f 1285/1184/3393 1286/840/3394 1214/842/3395 1213/1181/3396
f 95/3010/3397 1286/840/3398 1285/1184/3399 122/3384/3400
f 84/2800/3401 81/2801/3402 1271/641/3403 1278/640/3404
f 1278/640/3405 1271/641/3406 1270/642/3407 1275/643/3408
f 1270/642/3409 1269/1785/3410 1276/1783/3411 1275/643/3412
f 1173/644/3413 1172/1782/3414 1177/1784/3415 1176/645/3416
f 1187/702/3417 1173/644/3418 1176/645/3419 1190/736/3420
f 1138/646/3421 1137/701/3422 1287/700/3423 1288/686/3424
f 1138/646/3425 1288/686/3426 1289/687/3427 1225/668/3428
f 85/2809/3429 80/2810/3430 1159/648/3431 1272/647/3432
f 1272/647/3433 1159/648/3434 1162/649/3435 1267/650/3436
f 1162/649/3437 1249/1789/3438 1268/1787/3439 1267/650/3440
f 1180/652/3441 1175/651/3442 1178/1786/3443 1181/1788/3444
f 1148/769/3445 1189/734/3446 1175/651/3447 1180/652/3448
f 1146/653/3449 1145/733/3450 1290/732/3451 1291/712/3452
f 1146/653/3453 1291/712/3454 1292/714/3455 1223/666/3456
f 1188/703/3457 1293/706/3458 1294/787/3459 1295/793/3460
f 1296/786/3461 1294/787/3462 1293/706/3463 1297/699/3464
f 1298/823/3465 1229/812/3466 1232/670/3467 1299/821/3468
f 1300/827/3469 1301/809/3470 1229/812/3471 1298/823/3472
f 1302/1771/3473 1258/1772/3474 1257/826/3475 1303/828/3476
f 1131/825/3477 1246/863/3478 1304/865/3479 1212/1773/3480
f 1305/1178/3481 1306/893/3482 1285/1184/3483 1307/1180/3484
f 87/3070/3485 1308/900/3486 1244/898/3487 75/2818/3488
f 1309/844/3489 1301/809/3490 1257/826/3491 1260/845/3492
f 1310/1185/3493 1311/896/3494 1308/900/3495 1312/899/3496
f 1244/898/3497 1156/897/3498 1155/674/3499 1245/676/3500
f 1313/759/3501 1314/665/3502 1315/657/3503 1316/757/3504
f 1317/667/3505 1318/717/3506 1319/716/3507 1320/659/3508
f 1321/669/3509 1322/689/3510 1323/688/3511 1324/658/3512
f 1325/784/3513 1326/697/3514 1327/695/3515 1328/781/3516
f 1329/671/3517 1330/796/3518 1331/795/3519 1332/654/3520
f 1333/673/3521 1334/1764/3522 1335/1762/3523 1336/655/3524
f 1337/656/3525 1338/675/3526 1339/878/3527 1340/877/3528
f 1341/718/3529 1342/750/3530 1343/749/3531 1344/719/3532
f 1345/819/3533 1329/671/3534 1332/654/3535 1346/817/3536
f 1347/861/3537 1333/673/3538 1336/655/3539 1348/859/3540
f 1349/1171/3541 1338/675/3542 1337/656/3543 1350/1172/3544
f 1314/665/3545 1351/1025/3546 1352/1024/3547 1315/657/3548
f 1353/696/3549 1321/669/3550 1324/658/3551 1354/694/3552
f 1355/728/3553 1317/667/3554 1320/659/3555 1356/726/3556
f 1357/801/3557 1358/803/3558 1359/850/3559 1360/849/3560
f 1316/755/3561 1315/661/3562 1361/772/3563 1362/771/3564
f 1320/663/3565 1319/720/3566 1363/740/3567 1364/677/3568
f 1324/662/3569 1323/690/3570 1365/708/3571 1366/678/3572
f 1328/779/3573 1327/691/3574 1367/789/3575 1368/788/3576
f 1332/660/3577 1331/797/3578 1369/798/3579 1370/867/3580
f 1336/871/3581 1335/1759/3582 1371/1758/3583 1372/911/3584
f 1373/995/3585 1337/682/3586 1340/879/3587 1374/967/3588
f 1344/721/3589 1343/751/3590 1375/752/3591 1376/741/3592
f 1346/815/3593 1332/660/3594 1370/867/3595 1377/866/3596
f 1378/872/3597 1372/911/3598 1379/1192/3599 1380/1189/3600
f 1315/661/3601 1352/1031/3602 1381/1030/3603 1361/772/3604
f 1354/692/3605 1324/662/3606 1366/678/3607 1382/693/3608
f 1356/723/3609 1320/663/3610 1364/677/3611 1383/724/3612
f 1384/1039/3613 1357/800/3614 1360/853/3615 1385/1040/3616
f 1217/664/3617 1216/1022/3618 1351/1025/3619 1314/665/3620
f 1265/761/3621 1217/664/3622 1314/665/3623 1313/759/3624
f 1221/715/3625 1220/748/3626 1342/750/3627 1341/718/3628
f 1223/666/3629 1292/714/3630 1318/717/3631 1317/667/3632
f 1222/730/3633 1223/666/3634 1317/667/3635 1355/728/3636
f 1225/668/3637 1289/687/3638 1322/689/3639 1321/669/3640
f 1224/698/3641 1225/668/3642 1321/669/3643 1353/696/3644
f 1325/784/3645 1296/786/3646 1297/699/3647 1326/697/3648
f 1358/803/3649 1226/806/3650 1228/847/3651 1359/850/3652
f 1232/670/3653 1231/794/3654 1330/796/3655 1329/671/3656
f 1299/821/3657 1232/670/3658 1329/671/3659 1345/819/3660
f 1134/672/3661 1133/1766/3662 1334/1764/3663 1333/673/3664
f 1247/862/3665 1134/672/3666 1333/673/3667 1347/861/3668
f 1338/675/3669 1155/674/3670 1158/876/3671 1339/878/3672
f 1245/676/3673 1155/674/3674 1338/675/3675 1349/1171/3676
f 1386/1170/3677 70/2847/3678 1245/676/3679 1349/1171/3680
f 1387/1269/3681 395/679/3682 1388/909/3683 1389/1271/3684
f 1361/772/3685 1381/1030/3686 1390/1017/3687 689/773/3688
f 1391/774/3689 689/773/3690 688/776/3691 1392/753/3692
f 1376/741/3693 1375/752/3694 1393/775/3695 692/742/3696
f 1364/677/3697 1363/740/3698 1394/739/3699 1395/745/3700
f 1383/724/3701 1364/677/3702 1395/745/3703 1396/744/3704
f 1366/678/3705 1365/708/3706 1397/707/3707 1398/710/3708
f 1382/693/3709 1366/678/3710 1398/710/3711 1399/709/3712
f 1400/791/3713 700/790/3714 702/792/3715 1401/777/3716
f 1370/867/3717 1369/798/3718 1402/1250/3719 684/868/3720
f 1403/869/3721 684/868/3722 683/912/3723 1404/813/3724
f 1388/909/3725 395/679/3726 396/680/3727 399/681/3728
f 1388/909/3729 399/681/3730 401/901/3731 1405/910/3732
f 1406/1350/3733 686/1358/3734 1122/1542/3735 1121/1009/3736
f 1407/1169/3737 1350/1168/3738 1337/682/3739 1373/995/3740
f 70/2847/3741 1386/1170/3742 1408/1173/3743 88/683/3744
f 115/684/3745 111/1164/3746 1409/1163/3747 1410/685/3748
f 1410/685/3749 1409/1163/3750 1411/1069/3751 1412/914/3752
f 113/1092/3753 3347/1081/3754 3445/929/3755 108/1000/3756
f 109/926/3757 3443/927/3758 3343/1077/3759 132/1071/3760
f 3141/2792/3761 3173/4306/3762 3135/2765/3763 3138/2791/3764
f 1243/2096/3765 2024/2040/3766 1254/1801/3767 1211/2097/3768
f 2024/2040/3769 2023/2037/3770 1254/1801/3771
f 1188/703/3772 1187/702/3773 1137/701/3774 1136/704/3775
f 1288/686/3776 1287/700/3777 1190/736/3778 1419/735/3779
f 1289/687/3780 1288/686/3781 1419/735/3782 1420/731/3783
f 1322/689/3784 1289/687/3785 1420/731/3786 1421/729/3787
f 1323/688/3788 1322/689/3789 1421/729/3790 1422/727/3791
f 1365/708/3792 1323/690/3793 1422/722/3794 1423/725/3795
f 1398/710/3796 1397/707/3797 696/743/3798 698/711/3799
f 1367/789/3800 1382/693/3801 1399/709/3802 700/790/3803
f 1327/691/3804 1354/692/3805 1382/693/3806 1367/789/3807
f 1326/697/3808 1353/696/3809 1354/694/3810 1327/695/3811
f 1297/699/3812 1224/698/3813 1353/696/3814 1326/697/3815
f 1293/706/3816 1135/705/3817 1224/698/3818 1297/699/3819
f 1287/700/3820 1137/701/3821 1187/702/3822 1190/736/3823
f 1188/703/3824 1136/704/3825 1135/705/3826 1293/706/3827
f 1397/707/3828 1365/708/3829 1423/725/3830 696/743/3831
f 700/790/3832 1399/709/3833 1398/710/3834 698/711/3835
f 1144/737/3836 1190/736/3837 1189/734/3838 1145/733/3839
f 1291/712/3840 1290/732/3841 1148/769/3842 1218/713/3843
f 1292/714/3844 1291/712/3845 1218/713/3846 1221/715/3847
f 1318/717/3848 1292/714/3849 1221/715/3850 1341/718/3851
f 1319/716/3852 1318/717/3853 1341/718/3854 1344/719/3855
f 1363/740/3856 1319/720/3857 1344/721/3858 1376/741/3859
f 1395/745/3860 1394/739/3861 692/742/3862 694/746/3863
f 1423/725/3864 1383/724/3865 1396/744/3866 696/743/3867
f 1422/722/3868 1356/723/3869 1383/724/3870 1423/725/3871
f 1421/729/3872 1355/728/3873 1356/726/3874 1422/727/3875
f 1420/731/3876 1222/730/3877 1355/728/3878 1421/729/3879
f 1419/735/3880 1143/738/3881 1222/730/3882 1420/731/3883
f 1290/732/3884 1145/733/3885 1189/734/3886 1148/769/3887
f 1419/735/3888 1190/736/3889 1144/737/3890 1143/738/3891
f 1394/739/3892 1363/740/3893 1376/741/3894 692/742/3895
f 696/743/3896 1396/744/3897 1395/745/3898 694/746/3899
f 1219/747/3900 1147/770/3901 1150/766/3902 1424/763/3903
f 1220/748/3904 1219/747/3905 1424/763/3906 1425/762/3907
f 1342/750/3908 1220/748/3909 1425/762/3910 1426/760/3911
f 1343/749/3912 1342/750/3913 1426/760/3914 1427/758/3915
f 1375/752/3916 1343/751/3917 1427/754/3918 1428/756/3919
f 1392/753/3920 1393/775/3921 1375/752/3922 1428/756/3923
f 1428/756/3924 1362/771/3925 1391/774/3926 1392/753/3927
f 1427/754/3928 1316/755/3929 1362/771/3930 1428/756/3931
f 1426/760/3932 1313/759/3933 1316/757/3934 1427/758/3935
f 1425/762/3936 1265/761/3937 1313/759/3938 1426/760/3939
f 1424/763/3940 1263/764/3941 1265/761/3942 1425/762/3943
f 1424/763/3944 1150/766/3945 1264/765/3946 1263/764/3947
f 1264/765/3948 1150/766/3949 1149/767/3950 1194/768/3951
f 1218/713/3952 1148/769/3953 1147/770/3954 1219/747/3955
f 1362/771/3956 1361/772/3957 689/773/3958 1391/774/3959
f 692/742/3960 1393/775/3961 1392/753/3962 688/776/3963
f 1429/848/3964 1430/858/3965 1431/830/3966 1432/785/3967
f 1433/851/3968 1429/848/3969 1432/785/3970 1434/783/3971
f 1435/852/3972 1433/851/3973 1434/783/3974 1436/782/3975
f 1437/942/3976 1435/854/3977 1436/778/3978 1438/780/3979
f 1401/777/3980 1439/943/3981 1437/942/3982 1438/780/3983
f 1438/780/3984 1368/788/3985 1400/791/3986 1401/777/3987
f 1436/778/3988 1328/779/3989 1368/788/3990 1438/780/3991
f 1434/783/3992 1325/784/3993 1328/781/3994 1436/782/3995
f 1434/783/3996 1432/785/3997 1296/786/3998 1325/784/3999
f 1432/785/4000 1431/830/4001 1294/787/4002 1296/786/4003
f 1440/829/4004 1295/793/4005 1294/787/4006 1431/830/4007
f 1368/788/4008 1367/789/4009 700/790/4010 1400/791/4011
f 704/939/4012 1439/943/4013 1401/777/4014 702/792/4015
f 1440/829/4016 1441/837/4017 1188/703/4018 1295/793/4019
f 1230/811/4020 1142/805/4021 1442/807/4022 1231/794/4023
f 1330/796/4024 1231/794/4025 1442/807/4026 1443/804/4027
f 1331/795/4028 1330/796/4029 1443/804/4030 1444/802/4031
f 1369/798/4032 1331/797/4033 1444/799/4034 1445/1038/4035
f 1402/1250/4036 1369/798/4037 1445/1038/4038 706/1037/4039
f 1444/799/4040 1357/800/4041 1384/1039/4042 1445/1038/4043
f 1443/804/4044 1358/803/4045 1357/801/4046 1444/802/4047
f 1442/807/4048 1226/806/4049 1358/803/4050 1443/804/4051
f 1142/805/4052 1141/831/4053 1226/806/4054 1442/807/4055
f 1139/808/4056 1142/805/4057 1230/811/4058 1446/810/4059
f 1309/844/4060 1139/808/4061 1446/810/4062 1301/809/4063
f 1447/856/4064 1441/837/4065 1440/829/4066 1448/857/4067
f 1447/856/4068 1140/832/4069 1139/808/4070 1309/844/4071
f 1301/809/4072 1446/810/4073 1230/811/4074 1229/812/4075
f 1449/1769/4076 1302/1771/4077 1303/828/4078 1450/824/4079
f 1451/1767/4080 1449/1769/4081 1450/824/4082 1452/822/4083
f 1453/1765/4084 1451/1767/4085 1452/822/4086 1454/820/4087
f 1455/1763/4088 1453/1765/4089 1454/820/4090 1456/818/4091
f 1457/1761/4092 1455/1760/4093 1456/814/4094 1458/816/4095
f 1404/813/4096 1459/1756/4097 1457/1761/4098 1458/816/4099
f 1458/816/4100 1377/866/4101 1403/869/4102 1404/813/4103
f 1456/814/4104 1346/815/4105 1377/866/4106 1458/816/4107
f 1454/820/4108 1345/819/4109 1346/817/4110 1456/818/4111
f 1452/822/4112 1299/821/4113 1345/819/4114 1454/820/4115
f 1450/824/4116 1298/823/4117 1299/821/4118 1452/822/4119
f 1303/828/4120 1300/827/4121 1298/823/4122 1450/824/4123
f 1131/825/4124 1212/1773/4125 1460/1770/4126 1132/1768/4127
f 1257/826/4128 1301/809/4129 1300/827/4130 1303/828/4131
f 1170/846/4132 1169/838/4133 1441/837/4134 1447/856/4135
f 1430/858/4136 1448/857/4137 1440/829/4138 1431/830/4139
f 1447/856/4140 1227/855/4141 1141/831/4142 1140/832/4143
f 94/2999/4144 82/3000/4145 1277/834/4146 1284/833/4147
f 1282/835/4148 1284/833/4149 1277/834/4150 1274/836/4151
f 1273/1780/4152 1279/1779/4153 1282/835/4154 1274/836/4155
f 1169/838/4156 1168/1778/4157 1171/1781/4158 1174/839/4159
f 1441/837/4160 1169/838/4161 1174/839/4162 1188/703/4163
f 83/3009/4164 1283/841/4165 1286/840/4166 95/3010/4167
f 1214/842/4168 1286/840/4169 1283/841/4170 1281/843/4171
f 1215/1775/4172 1214/842/4173 1281/843/4174 1280/1776/4175
f 1260/845/4176 1259/1774/4177 1167/1777/4178 1170/846/4179
f 1309/844/4180 1260/845/4181 1170/846/4182 1447/856/4183
f 1228/847/4184 1227/855/4185 1430/858/4186 1429/848/4187
f 1359/850/4188 1228/847/4189 1429/848/4190 1433/851/4191
f 1360/849/4192 1359/850/4193 1433/851/4194 1435/852/4195
f 1385/1040/4196 1360/853/4197 1435/854/4198 1437/942/4199
f 1227/855/4200 1447/856/4201 1448/857/4202 1430/858/4203
f 1461/1179/4204 1307/1180/4205 1462/1182/4206 1463/864/4207
f 1464/1176/4208 1461/1179/4209 1463/864/4210 1465/873/4211
f 1466/875/4212 1467/1174/4213 1468/874/4214 1469/860/4215
f 1469/1187/4216 1348/870/4217 1378/872/4218 1380/1189/4219
f 1468/874/4220 1347/861/4221 1348/859/4222 1469/860/4223
f 1465/873/4224 1247/862/4225 1347/861/4226 1468/874/4227
f 1463/864/4228 1246/863/4229 1247/862/4230 1465/873/4231
f 1462/1182/4232 1304/865/4233 1246/863/4234 1463/864/4235
f 1470/890/4236 1471/1183/4237 1306/893/4238 1472/892/4239
f 1212/1773/4240 1304/865/4241 1462/1182/4242 1213/1181/4243
f 1377/866/4244 1370/867/4245 684/868/4246 1403/869/4247
f 1348/870/4248 1336/871/4249 1372/911/4250 1378/872/4251
f 1373/995/4252 1374/967/4253 1473/970/4254 1474/966/4255
f 1467/1174/4256 1464/1176/4257 1465/873/4258 1468/874/4259
f 1475/881/4260 1476/880/4261 1467/1174/4262 1466/875/4263
f 1473/970/4264 1475/882/4265 1466/1186/4266 1477/1188/4267
f 1158/876/4268 1157/895/4269 1470/890/4270 1478/889/4271
f 1339/878/4272 1158/876/4273 1478/889/4274 1479/887/4275
f 1340/877/4276 1339/878/4277 1479/887/4278 1480/885/4279
f 1374/967/4280 1340/879/4281 1480/883/4282 1481/968/4283
f 1482/891/4284 1472/892/4285 1483/1177/4286 1484/1175/4287
f 1485/888/4288 1482/891/4289 1484/1175/4290 1476/880/4291
f 1486/886/4292 1485/888/4293 1476/880/4294 1475/881/4295
f 1487/969/4296 1486/884/4297 1475/882/4298 1473/970/4299
f 1481/968/4300 1480/883/4301 1486/884/4302 1487/969/4303
f 1480/885/4304 1479/887/4305 1485/888/4306 1486/886/4307
f 1479/887/4308 1478/889/4309 1482/891/4310 1485/888/4311
f 1478/889/4312 1470/890/4313 1472/892/4314 1482/891/4315
f 1157/895/4316 1488/894/4317 1471/1183/4318 1470/890/4319
f 1472/892/4320 1306/893/4321 1305/1178/4322 1483/1177/4323
f 1311/896/4324 1310/1185/4325 1471/1183/4326 1488/894/4327
f 1156/897/4328 1311/896/4329 1488/894/4330 1157/895/4331
f 1308/900/4332 1311/896/4333 1156/897/4334 1244/898/4335
f 86/3385/4336 1310/1185/4337 1312/899/4338 96/3069/4339
f 96/3069/4340 1312/899/4341 1308/900/4342 87/3070/4343
f 1405/910/4344 401/901/4345 528/1541/4346 685/1272/4347
f 1489/905/4348 59/3080/4349 106/3146/4350 1490/963/4351
f 1042/957/4352 1041/1535/4353 1491/1534/4354 1492/959/4355
f 1491/1534/4356 1493/906/4357 1494/961/4358 1492/959/4359
f 1493/906/4360 1489/905/4361 1490/963/4362 1494/961/4363
f 97/3079/4364 1495/904/4365 1496/907/4366 68/3074/4367
f 1200/902/4368 1496/903/4369 1497/1538/4370 1206/1537/4371
f 1200/902/4372 69/3078/4373 68/3077/4374 1496/903/4375
f 1497/1533/4376 1496/907/4377 1493/906/4378 1491/1534/4379
f 97/3079/4380 59/3080/4381 1489/905/4382 1495/904/4383
f 1495/904/4384 1489/905/4385 1493/906/4386 1496/907/4387
f 682/908/4388 684/868/4389 1402/1250/4390 710/1252/4391
f 1389/1271/4392 1388/909/4393 1405/910/4394 685/1272/4395
f 1372/911/4396 1371/1758/4397 1498/1757/4398 1499/1755/4399
f 1379/1192/4400 1372/911/4401 1499/1755/4402 1500/1193/4403
f 1501/1108/4404 1373/995/4405 1474/966/4406 1502/1106/4407
f 1459/1756/4408 1404/813/4409 683/912/4410 1503/1754/4411
f 1503/1754/4412 683/912/4413 171/913/4414 176/1752/4415
f 1500/1193/4416 1499/1755/4417 163/1753/4418 162/965/4419
f 1412/914/4420 1411/1069/4421 1504/1104/4422 1505/994/4423
f 689/773/4424 1390/1017/4425 783/916/4426 690/915/4427
f 690/915/4428 783/916/4429 745/918/4430 803/917/4431
f 803/917/4432 745/918/4433 746/920/4434 804/919/4435
f 804/919/4436 746/920/4437 723/922/4438 805/921/4439
f 805/921/4440 723/922/4441 98/3099/4442 4/3098/4443
f 678/1354/4444 1506/1352/4445 1507/1010/4446 679/925/4447
f 1508/1004/4448 1509/1144/4449 1510/1143/4450 1511/1141/4451
f 110/3194/4452 1508/1004/4453 1511/1141/4454 99/3334/4455
f 1130/1142/4456 1128/1146/4457 1040/923/4458 1043/924/4459
f 1124/1007/4460 1123/1545/4461 1509/1147/4462 1508/1005/4463
f 1507/1010/4464 1512/1008/4465 681/1006/4466 679/925/4467
f 3444/928/4468 3445/929/4469 3347/1081/4470 3345/1078/4471
f 3443/927/4472 3444/928/4473 3345/1078/4474 3343/1077/4475
f 1417/1089/4476 113/1092/4477 108/1000/4478 1515/1090/4479
f 1513/1852/4480 109/997/4481 132/1083/4482 1413/1853/4483
f 148/3282/4484 100/996/4485 1516/998/4486 1517/1342/4487
f 1516/998/4488 1518/999/4489 1519/1343/4490 1517/1342/4491
f 1518/999/4492 1520/1002/4493 1521/1344/4494 1519/1343/4495
f 1520/1002/4496 101/1001/4497 102/3283/4498 1521/1344/4499
f 100/3104/4500 3446/3105/4501 3443/927/4502 109/926/4503
f 3443/927/4504 3446/3105/4505 3448/3106/4506 3444/928/4507
f 3444/928/4508 3448/3106/4509 3450/3107/4510 3445/929/4511
f 108/1000/4512 3445/929/4513 3450/3107/4514 101/1001/4515
f 910/1925/4516 911/931/4517 47/3109/4518 149/4161/4519
f 1112/4163/4520 1111/932/4521 910/1925/4522 1525/4461/4523
f 1070/930/4524 63/3110/4525 47/3109/4526 911/931/4527
f 1070/930/4528 911/931/4529 910/1925/4530 1111/932/4531
f 850/933/4532 1092/1960/4533 921/1962/4534 897/934/4535
f 832/935/4536 850/933/4537 897/934/4538 896/936/4539
f 830/1863/4540 832/935/4541 896/936/4542 899/937/4543
f 134/4074/4544 830/1863/4545 899/937/4546 133/3119/4547
f 704/939/4548 705/938/4549 793/940/4550 1526/1042/4551
f 704/939/4552 1526/1042/4553 1527/1041/4554 1439/943/4555
f 793/940/4556 707/941/4557 706/1037/4558 1526/1042/4559
f 1527/1041/4560 1385/1040/4561 1437/942/4562 1439/943/4563
f 532/946/4564 539/949/4565 538/1650/4566 533/1649/4567
f 407/947/4568 392/944/4569 402/945/4570 405/948/4571
f 392/944/4572 391/1663/4573 403/1666/4574 402/945/4575
f 532/946/4576 407/947/4577 405/948/4578 539/949/4579
f 105/3132/4580 1044/953/4581 822/952/4582 37/3133/4583
f 1039/950/4584 1117/951/4585 822/952/4586 1044/953/4587
f 1117/954/4588 1039/955/4589 1042/957/4590 1003/956/4591
f 1003/956/4592 1042/957/4593 1492/959/4594 809/958/4595
f 1494/961/4596 810/960/4597 809/958/4598 1492/959/4599
f 1490/963/4600 807/962/4601 810/960/4602 1494/961/4603
f 106/3146/4604 32/3149/4605 807/962/4606 1490/963/4607
f 165/964/4608 166/1107/4609 1500/1193/4610 162/965/4611
f 1474/966/4612 1528/1191/4613 1529/1190/4614 1502/1106/4615
f 1473/970/4616 1477/1188/4617 1528/1191/4618 1474/966/4619
f 1374/967/4620 1481/968/4621 1487/969/4622 1473/970/4623
f 369/1194/4624 290/1195/4625 289/971/4626 365/972/4627
f 188/974/4628 1530/1238/4629 1531/1235/4630 369/973/4631
f 187/1222/4632 274/1239/4633 1530/1238/4634 188/974/4635
f 1532/1196/4636 1533/1258/4637 376/1255/4638 1534/982/4639
f 375/978/4640 1535/980/4641 1534/975/4642 376/976/4643
f 276/977/4644 275/981/4645 1535/980/4646 375/978/4647
f 361/979/4648 1534/975/4649 1535/980/4650 275/981/4651
f 282/1197/4652 1532/1196/4653 1534/982/4654 361/983/4655
f 281/1260/4656 284/984/4657 299/1214/4658 1536/1259/4659
f 1537/1263/4660 1538/1328/4661 1533/1258/4662 1532/1196/4663
f 1539/2026/4664 107/3173/4665 43/3170/4666 1540/2027/4667
f 65/3449/4668 1541/2024/4669 1540/2027/4670 43/3170/4671
f 123/3450/4672 46/3171/4673 1038/987/4674 1542/2022/4675
f 1100/985/4676 1543/2018/4677 1544/2020/4678 1101/986/4679
f 1545/2016/4680 1543/2018/4681 1100/985/4682 1103/1325/4683
f 1025/2012/4684 1546/2014/4685 1547/1326/4686 1113/1324/4687
f 1025/2012/4688 35/3174/4689 107/3173/4690 1539/2026/4691
f 1101/986/4692 1544/2020/4693 1542/2022/4694 1038/987/4695
f 2013/2013/4696 2012/2029/4697 1548/989/4698 1549/990/4699
f 2020/2028/4700 1550/988/4701 1548/989/4702 2012/2029/4703
f 2020/2028/4704 2019/2025/4705 1551/1988/4706 1550/988/4707
f 2016/2019/4708 2015/2017/4709 1552/992/4710 1553/993/4711
f 2018/2023/4712 2017/2021/4713 1554/1990/4714 1555/1989/4715
f 2017/2021/4716 2016/2019/4717 1553/993/4718 1554/1990/4719
f 1555/1989/4720 1551/1988/4721 2019/2025/4722 2018/2023/4723
f 2015/2017/4724 2014/2015/4725 1556/991/4726 1552/992/4727
f 2014/2015/4728 2013/2013/4729 1549/990/4730 1556/991/4731
f 1550/988/4732 1551/1988/4733 1999/4177/4734 1998/4180/4735
f 1548/989/4736 1550/988/4737 1998/4180/4738 1997/4175/4739
f 1549/990/4740 1548/989/4741 1997/4175/4742 1996/4174/4743
f 1556/991/4744 1549/990/4745 1996/4174/4746 1995/4172/4747
f 1552/992/4748 1556/991/4749 1995/4172/4750 1994/4173/4751
f 1553/993/4752 1552/992/4753 1994/4173/4754 2002/4171/4755
f 2002/4171/4756 2001/4176/4757 1554/1990/4758 1553/993/4759
f 1504/1104/4760 112/3291/4761 114/3184/4762 1505/994/4763
f 1407/1169/4764 1373/995/4765 1501/1108/4766 1564/1165/4767
f 1513/1852/4768 1516/998/4769 100/996/4770 109/997/4771
f 1514/1851/4772 1518/999/4773 1516/998/4774 1513/1852/4775
f 1515/1090/4776 1520/1002/4777 1518/999/4778 1514/1851/4779
f 108/1000/4780 101/1001/4781 1520/1002/4782 1515/1090/4783
f 3/3193/4784 681/1003/4785 1508/1004/4786 110/3194/4787
f 1512/1008/4788 1124/1007/4789 1508/1005/4790 681/1006/4791
f 1507/1010/4792 1121/1009/4793 1124/1007/4794 1512/1008/4795
f 1506/1352/4796 1406/1350/4797 1121/1009/4798 1507/1010/4799
f 739/1012/4800 1565/1011/4801 1566/1349/4802 740/1351/4803
f 1567/1360/4804 1568/1359/4805 1566/1349/4806 1565/1011/4807
f 1567/1360/4808 1565/1011/4809 739/1012/4810 1569/1345/4811
f 1569/1345/4812 739/1012/4813 742/1013/4814 780/1014/4815
f 806/1018/4816 1569/1345/4817 780/1014/4818 779/1015/4819
f 781/1016/4820 1570/1264/4821 1571/1032/4822 806/1018/4823
f 783/916/4824 1390/1017/4825 1570/1264/4826 781/1016/4827
f 1390/1017/4828 1381/1030/4829 1572/1265/4830 1570/1264/4831
f 1573/1346/4832 1569/1345/4833 806/1018/4834 1571/1032/4835
f 1574/1028/4836 390/1654/4837 393/1019/4838 1575/1029/4839
f 1387/1269/4840 1575/1035/4841 393/1020/4842 395/679/4843
f 1574/1028/4844 1197/1021/4845 1151/1655/4846 390/1654/4847
f 1198/1023/4848 1197/1021/4849 1574/1028/4850 1576/1027/4851
f 1216/1022/4852 1198/1023/4853 1576/1027/4854 1351/1025/4855
f 1577/1270/4856 1389/1271/4857 1578/1348/4858 1579/1347/4859
f 1352/1024/4860 1351/1025/4861 1576/1027/4862 1580/1026/4863
f 1580/1026/4864 1576/1027/4865 1574/1028/4866 1575/1029/4867
f 1381/1030/4868 1352/1031/4869 1580/1034/4870 1572/1265/4871
f 1570/1264/4872 1581/1266/4873 1573/1346/4874 1571/1032/4875
f 1580/1034/4876 1582/1033/4877 1583/1267/4878 1572/1265/4879
f 1573/1346/4880 1581/1266/4881 1577/1270/4882 1579/1347/4883
f 1583/1267/4884 1582/1033/4885 1584/1036/4886 1585/1268/4887
f 1585/1268/4888 1584/1036/4889 1575/1035/4890 1387/1269/4891
f 1582/1033/4892 1580/1034/4893 1575/1035/4894 1584/1036/4895
f 1384/1039/4896 1526/1042/4897 706/1037/4898 1445/1038/4899
f 1384/1039/4900 1385/1040/4901 1527/1041/4902 1526/1042/4903
f 214/1045/4904 194/1043/4905 197/1044/4906 216/1046/4907
f 238/1047/4908 214/1045/4909 216/1046/4910 242/1048/4911
f 239/1049/4912 238/1047/4913 242/1048/4914 241/1050/4915
f 257/1051/4916 239/1049/4917 241/1050/4918 259/1052/4919
f 268/1119/4920 257/1051/4921 259/1052/4922 227/1053/4923
f 226/1054/4924 1586/1120/4925 268/1119/4926 227/1053/4927
f 225/1698/4928 1587/1697/4929 1586/1120/4930 226/1054/4931
f 228/1699/4932 231/1099/4933 385/1101/4934 384/1696/4935
f 1588/1151/4936 1589/1100/4937 1590/1149/4938 1591/1154/4939
f 264/1055/4940 271/1150/4941 269/1148/4942 262/1056/4943
f 251/1057/4944 264/1055/4945 262/1056/4946 249/1058/4947
f 252/1059/4948 251/1057/4949 249/1058/4950 248/1060/4951
f 222/1061/4952 252/1059/4953 248/1060/4954 219/1062/4955
f 223/1202/4956 222/1061/4957 219/1062/4958 205/1063/4959
f 208/1216/4960 223/1202/4961 205/1063/4962 204/1217/4963
f 183/1335/4964 182/1064/4965 179/1065/4966 178/1333/4967
f 213/1066/4968 272/1221/4969 195/1220/4970 194/1043/4971
f 179/1065/4972 276/977/4973 373/1067/4974 180/1068/4975
f 280/1240/4976 370/1243/4977 371/1237/4978 273/1236/4979
f 1411/1069/4980 1409/1163/4981 170/1109/4982 157/1070/4983
f 1504/1104/4984 1411/1069/4985 157/1070/4986 156/1105/4987
f 1592/1153/4988 1593/1155/4989 1591/1154/4990 1590/1149/4991
f 132/1071/4992 3343/1077/4993 3340/1072/4994 115/1073/4995
f 3347/1081/4996 3435/1074/4997 3342/1075/4998 3345/1078/4999
f 3340/1076/5000 3343/1077/5001 3345/1078/5002 3342/1079/5003
f 114/1091/5004 3435/1080/5005 3347/1081/5006 113/1092/5007
f 1410/1082/5008 1413/1853/5009 132/1083/5010 115/1084/5011
f 1415/1850/5012 1412/1085/5013 1505/1086/5014 1417/1089/5015
f 1412/1087/5016 1415/1850/5017 1413/1853/5018 1410/1088/5019
f 1415/1850/5020 1417/1089/5021 1515/1090/5022 1514/1851/5023
f 114/1091/5024 113/1092/5025 1417/1089/5026 1505/1093/5027
f 1595/3267/5028 2079/4497/5029 4024/4495/5030 89/1094/5031
f 1596/3268/5032 1595/3267/5033 89/1094/5034 90/1095/5035
f 148/3282/5036 1517/1342/5037 1957/1935/5038 129/4189/5039
f 102/3283/5040 131/4193/5041 1959/1936/5042 1521/1344/5043
f 116/3329/5044 777/1122/5045 776/1096/5046 120/3284/5047
f 120/3284/5048 776/1096/5049 737/1097/5050 13/3285/5051
f 230/1098/5052 269/1148/5053 1589/1100/5054 231/1099/5055
f 385/1101/5056 231/1099/5057 1589/1100/5058 1588/1151/5059
f 386/1103/5060 385/1101/5061 1588/1151/5062 388/1102/5063
f 161/1135/5064 1599/1126/5065 386/1103/5066 388/1102/5067
f 1599/1126/5068 1600/1692/5069 387/1694/5070 386/1103/5071
f 112/3291/5072 1504/1104/5073 156/1105/5074 15/3292/5075
f 1502/1106/5076 1529/1190/5077 1500/1193/5078 166/1107/5079
f 170/1109/5080 1501/1108/5081 1502/1106/5082 166/1107/5083
f 1501/1108/5084 170/1109/5085 1409/1163/5086 1564/1165/5087
f 357/1111/5088 167/1249/5089 381/1248/5090 358/1110/5091
f 168/1113/5092 167/1249/5093 357/1111/5094 355/1114/5095
f 319/1112/5096 168/1113/5097 355/1114/5098 356/1115/5099
f 266/1127/5100 372/1131/5101 319/1116/5102 356/1117/5103
f 1601/1133/5104 1602/1695/5105 1603/1693/5106 1604/1691/5107
f 154/1124/5108 169/1130/5109 1605/1134/5110 1606/1139/5111
f 1607/1118/5112 1608/1686/5113 1609/1688/5114 160/1136/5115
f 1586/1120/5116 1601/1133/5117 267/1128/5118 268/1119/5119
f 1586/1120/5120 1587/1697/5121 1602/1695/5122 1601/1133/5123
f 116/3329/5124 1607/1137/5125 160/1121/5126 777/1122/5127
f 1606/1139/5128 1610/1140/5129 155/1123/5130 154/1124/5131
f 1610/1138/5132 14/3331/5133 117/3316/5134 155/1125/5135
f 161/1135/5136 1611/1690/5137 1600/1692/5138 1599/1126/5139
f 265/1129/5140 1612/1132/5141 372/1131/5142 266/1127/5143
f 267/1128/5144 1601/1133/5145 1612/1132/5146 265/1129/5147
f 1612/1132/5148 1605/1134/5149 169/1130/5150 372/1131/5151
f 1605/1134/5152 1612/1132/5153 1601/1133/5154 1604/1691/5155
f 1606/1139/5156 1605/1134/5157 1604/1691/5158 1613/1689/5159
f 1611/1690/5160 161/1135/5161 160/1136/5162 1609/1688/5163
f 1607/1137/5164 116/3329/5165 128/3899/5166 1608/1684/5167
f 1614/1685/5168 119/3898/5169 14/3331/5170 1610/1138/5171
f 1606/1139/5172 1613/1689/5173 1614/1687/5174 1610/1140/5175
f 99/3334/5176 1511/1141/5177 1130/1142/5178 121/3335/5179
f 1511/1141/5180 1510/1143/5181 1128/1146/5182 1130/1142/5183
f 1510/1143/5184 1509/1144/5185 1129/1145/5186 1128/1146/5187
f 1123/1545/5188 1615/1544/5189 1129/1540/5190 1509/1147/5191
f 661/1293/5192 1616/1473/5193 1617/1501/5194 663/1297/5195
f 271/1150/5196 1590/1149/5197 1589/1100/5198 269/1148/5199
f 270/1152/5200 1592/1153/5201 1590/1149/5202 271/1150/5203
f 1591/1154/5204 389/1158/5205 388/1102/5206 1588/1151/5207
f 270/1152/5208 173/1159/5209 1593/1155/5210 1592/1153/5211
f 152/1160/5212 159/1162/5213 158/1157/5214 153/1156/5215
f 1591/1154/5216 1593/1155/5217 173/1159/5218 389/1158/5219
f 153/1156/5220 158/1157/5221 389/1158/5222 173/1159/5223
f 152/1160/5224 777/1161/5225 160/1136/5226 159/1162/5227
f 1564/1165/5228 1409/1163/5229 111/1164/5230 118/1166/5231
f 88/3365/5232 1407/1169/5233 1564/1165/5234 118/1166/5235
f 1408/1167/5236 1350/1168/5237 1407/1169/5238 88/3365/5239
f 1386/1170/5240 1349/1171/5241 1350/1172/5242 1408/1173/5243
f 1467/1174/5244 1476/880/5245 1484/1175/5246 1464/1176/5247
f 1484/1175/5248 1483/1177/5249 1461/1179/5250 1464/1176/5251
f 1483/1177/5252 1305/1178/5253 1307/1180/5254 1461/1179/5255
f 1307/1180/5256 1285/1184/5257 1213/1181/5258 1462/1182/5259
f 1310/1185/5260 1285/1184/5261 1306/893/5262 1471/1183/5263
f 122/3384/5264 1285/1184/5265 1310/1185/5266 86/3385/5267
f 1380/1189/5268 1477/1188/5269 1466/1186/5270 1469/1187/5271
f 1528/1191/5272 1477/1188/5273 1380/1189/5274 1379/1192/5275
f 1529/1190/5276 1528/1191/5277 1379/1192/5278 1500/1193/5279
f 369/1194/5280 1531/1233/5281 295/1232/5282 290/1195/5283
f 312/1230/5284 314/1733/5285 298/1731/5286 297/1227/5287
f 316/1212/5288 299/1214/5289 300/1730/5290 317/1732/5291
f 1536/1259/5292 1618/1213/5293 301/1198/5294 304/1261/5295
f 281/1260/5296 1537/1263/5297 1532/1196/5298 282/1197/5299
f 1619/1210/5300 301/1198/5301 1618/1213/5302 1620/1207/5303
f 1621/1204/5304 1622/1200/5305 303/1262/5306 302/1205/5307
f 1622/1200/5308 1623/1329/5309 1538/1328/5310 303/1262/5311
f 206/1332/5312 1623/1329/5313 1622/1200/5314 207/1203/5315
f 302/1205/5316 301/1198/5317 1619/1210/5318 1624/1209/5319
f 220/1201/5320 1621/1204/5321 345/1208/5322 221/1199/5323
f 207/1203/5324 1622/1200/5325 1621/1204/5326 220/1201/5327
f 220/1201/5328 223/1202/5329 208/1216/5330 207/1203/5331
f 315/1206/5332 344/1211/5333 1619/1210/5334 1620/1207/5335
f 345/1208/5336 1621/1204/5337 302/1205/5338 1624/1209/5339
f 316/1212/5340 315/1206/5341 1620/1207/5342 1618/1213/5343
f 345/1208/5344 1624/1209/5345 1619/1210/5346 344/1211/5347
f 316/1212/5348 1618/1213/5349 1536/1259/5350 299/1214/5351
f 337/1215/5352 315/1206/5353 318/1734/5354 338/1736/5355
f 204/1217/5356 1625/1336/5357 209/1334/5358 208/1216/5359
f 1626/1338/5360 1625/1336/5361 204/1217/5362 203/1218/5363
f 203/1218/5364 202/1712/5365 1627/1714/5366 1626/1338/5367
f 199/1713/5368 196/1219/5369 186/1340/5370 1628/1715/5371
f 196/1219/5372 195/1220/5373 187/1222/5374 186/1340/5375
f 195/1220/5376 272/1221/5377 274/1239/5378 187/1222/5379
f 306/1226/5380 360/1225/5381 366/1223/5382 307/1224/5383
f 309/1229/5384 296/1228/5385 360/1225/5386 306/1226/5387
f 297/1227/5388 296/1228/5389 309/1229/5390 312/1230/5391
f 293/1231/5392 292/51/5393 295/1232/5394 1531/1233/5395
f 371/1237/5396 293/1234/5397 1531/1235/5398 1530/1238/5399
f 273/1236/5400 371/1237/5401 1530/1238/5402 274/1239/5403
f 280/1240/5404 291/1241/5405 294/1242/5406 370/1243/5407
f 1035/1395/5408 1629/1400/5409 1974/1961/5410 1973/1959/5411
f 1974/1961/5412 1629/1400/5413 918/1399/5414 1975/1963/5415
f 620/1288/5416 1630/1499/5417 1631/1484/5418 621/1487/5419
f 65/3449/5420 123/3450/5421 1542/2022/5422 1541/2024/5423
f 1980/1973/5424 1979/1971/5425 881/1401/5426 1964/1945/5427
f 511/1244/5428 657/1245/5429 1632/1446/5430 665/1434/5431
f 657/1245/5432 658/1448/5433 1633/1447/5434 1632/1446/5435
f 382/1247/5436 165/1246/5437 164/1751/5438 383/1746/5439
f 165/1246/5440 382/1247/5441 381/1248/5442 167/1249/5443
f 709/1253/5444 710/1252/5445 1402/1250/5446 706/1037/5447
f 151/1251/5448 710/1252/5449 709/1253/5450 708/1254/5451
f 189/1341/5452 377/1720/5453 1634/1719/5454 1635/1717/5455
f 1533/1258/5456 374/1257/5457 373/1067/5458 376/1255/5459
f 374/1257/5460 1636/1327/5461 367/1330/5462 368/1256/5463
f 374/1257/5464 1533/1258/5465 1538/1328/5466 1636/1327/5467
f 1536/1259/5468 304/1261/5469 1537/1263/5470 281/1260/5471
f 304/1261/5472 303/1262/5473 1538/1328/5474 1537/1263/5475
f 1570/1264/5476 1572/1265/5477 1583/1267/5478 1581/1266/5479
f 1577/1270/5480 1581/1266/5481 1583/1267/5482 1585/1268/5483
f 1585/1268/5484 1387/1269/5485 1389/1271/5486 1577/1270/5487
f 1389/1271/5488 685/1272/5489 687/1357/5490 1578/1348/5491
f 485/1273/5492 595/1597/5493 602/1596/5494 486/1274/5495
f 644/1601/5496 651/1600/5497 640/1275/5498 639/1276/5499
f 655/1277/5500 651/1600/5501 1637/1579/5502 658/1448/5503
f 513/1302/5504 509/265/5505 512/1278/5506 666/1296/5507
f 623/1303/5508 622/1471/5509 1638/1582/5510 1639/1573/5511
f 1640/1591/5512 502/1279/5513 501/1304/5514 1641/1592/5515
f 1642/1590/5516 482/1280/5517 502/1279/5518 1640/1591/5519
f 1643/1583/5520 483/1281/5521 482/1280/5522 1642/1590/5523
f 1644/1584/5524 669/1552/5525 483/1281/5526 1643/1583/5527
f 1645/1500/5528 617/1287/5529 616/1282/5530 1646/1497/5531
f 1647/1496/5532 1646/1497/5533 616/1282/5534 649/1300/5535
f 620/1288/5536 617/1287/5537 1645/1500/5538 1630/1499/5539
f 516/1284/5540 504/1283/5541 506/1311/5542 517/1309/5543
f 519/1286/5544 498/1285/5545 504/1283/5546 516/1284/5547
f 518/1289/5548 463/1292/5549 498/1285/5550 519/1286/5551
f 619/1310/5552 614/1312/5553 617/1287/5554 620/1288/5555
f 518/1289/5556 520/1290/5557 464/1291/5558 463/1292/5559
f 1648/1474/5560 1616/1473/5561 661/1293/5562 660/1294/5563
f 1648/1474/5564 660/1294/5565 659/1436/5566 1649/1475/5567
f 624/1306/5568 618/1308/5569 621/1487/5570 625/1486/5571
f 514/1301/5572 648/1313/5573 656/1299/5574 637/1295/5575
f 666/1296/5576 1647/1496/5577 649/1300/5578 513/1302/5579
f 1617/1501/5580 1647/1496/5581 666/1296/5582 663/1297/5583
f 638/1316/5584 647/1298/5585 656/1299/5586 648/1313/5587
f 649/1300/5588 648/1313/5589 514/1301/5590 513/1302/5591
f 501/1304/5592 623/1303/5593 1639/1573/5594 1641/1592/5595
f 623/1303/5596 501/1304/5597 500/1305/5598 624/1306/5599
f 500/1305/5600 508/1307/5601 618/1308/5602 624/1306/5603
f 508/1307/5604 517/1309/5605 619/1310/5606 618/1308/5607
f 517/1309/5608 506/1311/5609 614/1312/5610 619/1310/5611
f 506/1311/5612 505/1315/5613 615/1314/5614 614/1312/5615
f 648/1313/5616 615/1314/5617 505/1315/5618 638/1316/5619
f 876/1941/5620 895/1317/5621 878/1970/5622 877/1972/5623
f 895/1317/5624 898/1318/5625 879/1968/5626 878/1970/5627
f 898/1318/5628 920/1964/5629 923/1966/5630 879/1968/5631
f 1115/1321/5632 1113/1324/5633 1547/1326/5634 1103/1325/5635
f 1114/1323/5636 1081/1322/5637 853/1319/5638 1024/1320/5639
f 853/1319/5640 56/3527/5641 125/3526/5642 1024/1320/5643
f 1115/1321/5644 1081/1322/5645 1114/1323/5646 1113/1324/5647
f 1103/1325/5648 1547/1326/5649 1546/2014/5650 1545/2016/5651
f 1636/1327/5652 1538/1328/5653 1623/1329/5654 367/1330/5655
f 1623/1329/5656 206/1332/5657 181/1331/5658 367/1330/5659
f 209/1334/5660 178/1333/5661 181/1331/5662 206/1332/5663
f 1625/1336/5664 183/1335/5665 178/1333/5666 209/1334/5667
f 184/1339/5668 183/1335/5669 1625/1336/5670 1626/1338/5671
f 279/1718/5672 185/1337/5673 184/1339/5674 1650/1716/5675
f 1626/1338/5676 1627/1714/5677 1650/1716/5678 184/1339/5679
f 1628/1715/5680 186/1340/5681 189/1341/5682 1635/1717/5683
f 1958/1937/5684 1957/1935/5685 1517/1342/5686 1519/1343/5687
f 1519/1343/5688 1521/1344/5689 1959/1936/5690 1958/1937/5691
f 1579/1347/5692 1567/1360/5693 1569/1345/5694 1573/1346/5695
f 687/1357/5696 1567/1360/5697 1579/1347/5698 1578/1348/5699
f 1568/1359/5700 686/1358/5701 1406/1350/5702 1566/1349/5703
f 740/1351/5704 1566/1349/5705 1406/1350/5706 1506/1352/5707
f 714/1353/5708 740/1351/5709 1506/1352/5710 678/1354/5711
f 677/1356/5712 711/1355/5713 714/1353/5714 678/1354/5715
f 16/3561/5716 126/3564/5717 711/1355/5718 677/1356/5719
f 687/1357/5720 686/1358/5721 1568/1359/5722 1567/1360/5723
f 843/1388/5724 1651/1413/5725 1652/1411/5726 865/1361/5727
f 848/1394/5728 1653/1427/5729 1654/1425/5730 849/1364/5731
f 855/1365/5732 1655/1423/5733 1656/1421/5734 856/1390/5735
f 865/1361/5736 1652/1411/5737 1657/1409/5738 866/1378/5739
f 880/1377/5740 1658/1376/5741 1659/1402/5742 881/1401/5743
f 917/1371/5744 1661/1370/5745 1662/1367/5746 914/1366/5747
f 918/1399/5748 1663/1398/5749 1664/1363/5750 919/1362/5751
f 919/1362/5752 1664/1363/5753 1665/1375/5754 922/1374/5755
f 1660/1369/5756 912/1368/5757 928/1373/5758 1666/1372/5759
f 849/1364/5760 1654/1425/5761 1655/1423/5762 855/1365/5763
f 1108/1389/5764 1667/1417/5765 1668/1415/5766 842/1387/5767
f 914/1366/5768 1662/1367/5769 1669/1396/5770 1035/1395/5771
f 912/1368/5772 1660/1369/5773 1661/1370/5774 917/1371/5775
f 1066/1383/5776 1670/1382/5777 1666/1372/5778 928/1373/5779
f 1067/4505/5780 1671/1405/5781 1672/1384/5782 1068/4506/5783
f 1069/1379/5784 1673/1407/5785 1671/1405/5786 1067/4505/5787
f 922/1374/5788 1665/1375/5789 1658/1376/5790 880/1377/5791
f 866/1378/5792 1657/1409/5793 1673/1407/5794 1069/1379/5795
f 1094/1380/5796 1674/1381/5797 1670/1382/5798 1066/1383/5799
f 1068/4506/5800 1672/1384/5801 1674/1385/5802 1094/1386/5803
f 1112/4163/5804 1675/4162/5805 1676/1431/5806 868/1392/5807
f 842/1387/5808 1668/1415/5809 1651/1413/5810 843/1388/5811
f 1014/1391/5812 1677/1419/5813 1667/1417/5814 1108/1389/5815
f 856/1390/5816 1656/1421/5817 1677/1419/5818 1014/1391/5819
f 1676/1431/5820 1678/1429/5821 869/1393/5822 868/1392/5823
f 869/1393/5824 1678/1429/5825 1653/1427/5826 848/1394/5827
f 3872/4403/5828 4011/4402/5829 3998/1889/5830 144/1940/5831
f 1035/1395/5832 1669/1396/5833 1680/1397/5834 1629/1400/5835
f 1680/1397/5836 1663/1398/5837 918/1399/5838 1629/1400/5839
f 881/1401/5840 1659/1402/5841 1965/1944/5842 1964/1945/5843
f 1671/1405/5844 1864/1404/5845 1863/1403/5846 1672/1384/5847
f 1673/1407/5848 1865/1406/5849 1864/1404/5850 1671/1405/5851
f 1657/1409/5852 1866/1408/5853 1865/1406/5854 1673/1407/5855
f 1652/1411/5856 1867/1410/5857 1866/1408/5858 1657/1409/5859
f 1651/1413/5860 1868/1412/5861 1867/1410/5862 1652/1411/5863
f 1668/1415/5864 1869/1414/5865 1868/1412/5866 1651/1413/5867
f 1667/1417/5868 1870/1416/5869 1869/1414/5870 1668/1415/5871
f 1677/1419/5872 1871/1418/5873 1870/1416/5874 1667/1417/5875
f 1656/1421/5876 1872/1420/5877 1871/1418/5878 1677/1419/5879
f 1655/1423/5880 1873/1422/5881 1872/1420/5882 1656/1421/5883
f 1654/1425/5884 1874/1424/5885 1873/1422/5886 1655/1423/5887
f 1653/1427/5888 1875/1426/5889 1874/1424/5890 1654/1425/5891
f 1678/1429/5892 1876/1428/5893 1875/1426/5894 1653/1427/5895
f 1877/1430/5896 1876/1428/5897 1678/1429/5898 1676/1431/5899
f 1675/4162/5900 1878/1433/5901 1877/1430/5902 1676/1431/5903
f 1679/4460/5904 1879/1432/5905 1878/1433/5906 1675/4162/5907
f 1681/1452/5908 1682/1454/5909 1683/1445/5910 1684/1451/5911
f 1632/1446/5912 1685/1453/5913 1686/1450/5914 665/1434/5915
f 659/1436/5916 1684/1435/5917 1683/1476/5918 1649/1475/5919
f 1684/1435/5920 659/1436/5921 662/1439/5922 1686/1441/5923
f 1687/1460/5924 1688/1462/5925 1689/1437/5926 1690/1438/5927
f 1688/1462/5928 1691/1463/5929 1692/1449/5930 1689/1437/5931
f 1693/1455/5932 1694/1456/5933 1695/1443/5934 1696/1444/5935
f 1697/1458/5936 1687/1460/5937 1690/1438/5938 1698/1442/5939
f 662/1439/5940 664/279/5941 665/1440/5942 1686/1441/5943
f 1694/1456/5944 1697/1458/5945 1698/1442/5946 1695/1443/5947
f 1682/1454/5948 1693/1455/5949 1696/1444/5950 1683/1445/5951
f 1699/1459/5952 1700/1575/5953 1701/1580/5954 1702/1461/5955
f 1700/1575/5956 1699/1459/5957 1703/1457/5958 1704/1577/5959
f 1685/1453/5960 1632/1446/5961 1633/1447/5962 1705/1578/5963
f 1633/1447/5964 658/1448/5965 1637/1579/5966 1705/1578/5967
f 1691/1463/5968 1706/1469/5969 1707/1470/5970 1692/1449/5971
f 1638/1582/5972 622/1471/5973 1708/1472/5974 1709/1464/5975
f 1686/1450/5976 1685/1453/5977 1681/1452/5978 1684/1451/5979
f 1682/1454/5980 1681/1452/5981 1685/1453/5982 1705/1578/5983
f 1693/1455/5984 1682/1454/5985 1705/1578/5986 1704/1577/5987
f 1694/1456/5988 1693/1455/5989 1704/1577/5990 1703/1457/5991
f 1697/1458/5992 1694/1456/5993 1703/1457/5994 1699/1459/5995
f 1687/1460/5996 1697/1458/5997 1699/1459/5998 1702/1461/5999
f 1688/1462/6000 1687/1460/6001 1702/1461/6002 1701/1580/6003
f 1691/1463/6004 1688/1462/6005 1701/1580/6006 1709/1464/6007
f 1706/1469/6008 1691/1463/6009 1709/1464/6010 1708/1472/6011
f 1706/1469/6012 1708/1472/6013 1710/1485/6014 1711/1489/6015
f 1712/1494/6016 1713/1495/6017 1690/1466/6018 1689/1465/6019
f 1712/1494/6020 1689/1465/6021 1692/1467/6022 1714/1483/6023
f 1698/1477/6024 1690/1466/6025 1713/1495/6026 1715/1498/6027
f 1692/1467/6028 1707/1468/6029 1716/1482/6030 1714/1483/6031
f 1707/1468/6032 1717/1488/6033 1718/1491/6034 1716/1482/6035
f 1706/1469/6036 1711/1489/6037 1717/1488/6038 1707/1470/6039
f 622/1471/6040 625/1486/6041 1710/1485/6042 1708/1472/6043
f 1719/1481/6044 1720/1502/6045 1648/1474/6046 1649/1475/6047
f 1720/1502/6048 1617/1501/6049 1616/1473/6050 1648/1474/6051
f 1649/1475/6052 1683/1476/6053 1696/1478/6054 1719/1481/6055
f 1719/1481/6056 1721/1480/6057 1722/1505/6058 1720/1502/6059
f 1698/1477/6060 1715/1498/6061 1721/1480/6062 1695/1479/6063
f 1696/1478/6064 1695/1479/6065 1721/1480/6066 1719/1481/6067
f 1723/1493/6068 1724/1503/6069 1712/1494/6070 1714/1483/6071
f 1725/1510/6072 1631/1484/6073 1630/1499/6074 1726/1512/6075
f 1727/1492/6076 1716/1482/6077 1718/1491/6078 1728/1490/6079
f 1716/1482/6080 1727/1492/6081 1723/1493/6082 1714/1483/6083
f 1729/1508/6084 621/1487/6085 1631/1484/6086 1725/1510/6087
f 1711/1489/6088 1710/1485/6089 1729/1508/6090 1728/1490/6091
f 1710/1485/6092 625/1486/6093 621/1487/6094 1729/1508/6095
f 1717/1488/6096 1711/1489/6097 1728/1490/6098 1718/1491/6099
f 1727/1492/6100 1728/1490/6101 1729/1508/6102 1730/1507/6103
f 1730/1507/6104 1731/1509/6105 1723/1493/6106 1727/1492/6107
f 1731/1509/6108 1732/1511/6109 1724/1503/6110 1723/1493/6111
f 1712/1494/6112 1724/1503/6113 1733/1504/6114 1713/1495/6115
f 1733/1504/6116 1734/1506/6117 1715/1498/6118 1713/1495/6119
f 1617/1501/6120 1735/1516/6121 1646/1497/6122 1647/1496/6123
f 1645/1500/6124 1646/1497/6125 1735/1516/6126 1736/1515/6127
f 1721/1480/6128 1715/1498/6129 1734/1506/6130 1722/1505/6131
f 1630/1499/6132 1645/1500/6133 1736/1515/6134 1726/1512/6135
f 1735/1516/6136 1617/1501/6137 1720/1502/6138 1722/1505/6139
f 1732/1511/6140 1737/1514/6141 1733/1504/6142 1724/1503/6143
f 1737/1514/6144 1738/1513/6145 1734/1506/6146 1733/1504/6147
f 1722/1505/6148 1734/1506/6149 1738/1513/6150 1735/1516/6151
f 1731/1509/6152 1730/1507/6153 1729/1508/6154 1725/1510/6155
f 1732/1511/6156 1731/1509/6157 1725/1510/6158 1726/1512/6159
f 1737/1514/6160 1732/1511/6161 1726/1512/6162 1736/1515/6163
f 1738/1513/6164 1737/1514/6165 1736/1515/6166 1735/1516/6167
f 1739/1546/6168 528/1517/6169 527/1519/6170 1740/1518/6171
f 1741/1810/6172 1742/1807/6173 1740/1518/6174 1743/1520/6175
f 1740/1518/6176 527/1519/6177 526/1521/6178 1743/1520/6179
f 1744/1823/6180 1741/1810/6181 1743/1520/6182 1745/1811/6183
f 1745/1811/6184 1743/1520/6185 526/1521/6186 525/1522/6187
f 1746/1813/6188 1745/1811/6189 525/1522/6190 524/1523/6191
f 1747/1814/6192 1746/1813/6193 524/1523/6194 521/1549/6195
f 1748/1527/6196 1749/1804/6197 1750/1536/6198 1751/1528/6199
f 1127/1524/6200 1751/1532/6201 1041/1535/6202 1040/1525/6203
f 1126/1526/6204 1748/1527/6205 1751/1528/6206 1127/1529/6207
f 1739/1543/6208 1748/1530/6209 1126/1531/6210 1125/1539/6211
f 1749/1804/6212 1255/2036/6213 1256/2039/6214 1750/1536/6215
f 1241/2032/6216 1242/2034/6217 1752/1803/6218 1266/1657/6219
f 1207/2038/6220 1206/1537/6221 1750/1536/6222 1256/2039/6223
f 1751/1532/6224 1497/1533/6225 1491/1534/6226 1041/1535/6227
f 1750/1536/6228 1206/1537/6229 1497/1538/6230 1751/1528/6231
f 1615/1544/6232 1739/1543/6233 1125/1539/6234 1129/1540/6235
f 1122/1542/6236 686/1358/6237 528/1541/6238 1739/1543/6239
f 1122/1542/6240 1739/1543/6241 1615/1544/6242 1123/1545/6243
f 1742/1807/6244 1748/1806/6245 1739/1546/6246 1740/1518/6247
f 1753/1815/6248 667/1548/6249 469/1547/6250 468/1551/6251
f 1753/1815/6252 1754/1816/6253 523/1550/6254 667/1548/6255
f 1754/1816/6256 1747/1814/6257 521/1549/6258 523/1550/6259
f 669/1552/6260 1644/1584/6261 1755/1835/6262 1756/1817/6263
f 468/1551/6264 669/1552/6265 1756/1817/6266 1753/1815/6267
f 562/1554/6268 447/1553/6269 446/1558/6270 1757/1568/6271
f 562/1554/6272 1757/1568/6273 455/1565/6274 459/1555/6275
f 675/1557/6276 1758/1572/6277 1759/1571/6278 1760/1559/6279
f 1760/1559/6280 446/1558/6281 445/1556/6282 675/1557/6283
f 1760/1559/6284 1761/1569/6285 1757/1568/6286 446/1558/6287
f 1759/1571/6288 1762/1570/6289 1761/1569/6290 1760/1559/6291
f 565/1561/6292 458/1560/6293 457/1566/6294 1763/1588/6295
f 565/1561/6296 1763/1588/6297 472/1564/6298 471/1562/6299
f 473/1563/6300 472/1564/6301 1763/1588/6302 570/1587/6303
f 1757/1568/6304 1764/1589/6305 456/1567/6306 455/1565/6307
f 457/1566/6308 456/1567/6309 1764/1589/6310 1763/1588/6311
f 1757/1568/6312 1761/1569/6313 1762/1570/6314 1764/1589/6315
f 674/1635/6316 1765/1636/6317 1758/1572/6318 675/1557/6319
f 1762/1570/6320 1759/1571/6321 1766/1637/6322 1764/1589/6323
f 1766/1637/6324 1759/1571/6325 1758/1572/6326 1765/1636/6327
f 1767/1576/6328 1637/1579/6329 651/1600/6330 1768/1599/6331
f 1768/1599/6332 1769/1581/6333 1770/1574/6334 1767/1576/6335
f 1769/1581/6336 1641/1592/6337 1639/1573/6338 1638/1582/6339
f 1770/1574/6340 1769/1581/6341 1701/1580/6342 1700/1575/6343
f 1704/1577/6344 1767/1576/6345 1770/1574/6346 1700/1575/6347
f 1767/1576/6348 1704/1577/6349 1705/1578/6350 1637/1579/6351
f 1701/1580/6352 1769/1581/6353 1638/1582/6354 1709/1464/6355
f 1771/1586/6356 1644/1584/6357 1643/1583/6358 1772/1585/6359
f 1773/1593/6360 1772/1585/6361 1643/1583/6362 1642/1590/6363
f 1774/1605/6364 1775/1607/6365 1772/1585/6366 1773/1593/6367
f 1771/1586/6368 1776/1836/6369 1755/1835/6370 1644/1584/6371
f 1777/1606/6372 595/1597/6373 570/1587/6374 1778/1608/6375
f 1775/1607/6376 1779/1609/6377 1771/1586/6378 1772/1585/6379
f 1779/1609/6380 1780/1829/6381 1776/1836/6382 1771/1586/6383
f 570/1587/6384 1763/1588/6385 1781/1610/6386 1778/1608/6387
f 1764/1589/6388 1782/1830/6389 1781/1610/6390 1763/1588/6391
f 1783/1831/6392 1782/1830/6393 1764/1589/6394 1766/1637/6395
f 1784/1594/6396 1640/1591/6397 1641/1592/6398 1785/1595/6399
f 1773/1593/6400 1642/1590/6401 1640/1591/6402 1784/1594/6403
f 1785/1595/6404 1641/1592/6405 1769/1581/6406 1768/1599/6407
f 1786/1602/6408 1787/1603/6409 1784/1594/6410 1785/1595/6411
f 1787/1603/6412 1774/1605/6413 1773/1593/6414 1784/1594/6415
f 1768/1599/6416 1788/1598/6417 1786/1602/6418 1785/1595/6419
f 644/1601/6420 602/1596/6421 1789/1604/6422 1788/1598/6423
f 602/1596/6424 595/1597/6425 1777/1606/6426 1789/1604/6427
f 1788/1598/6428 1768/1599/6429 651/1600/6430 644/1601/6431
f 1787/1603/6432 1786/1602/6433 1788/1598/6434 1789/1604/6435
f 1774/1605/6436 1787/1603/6437 1789/1604/6438 1777/1606/6439
f 1775/1607/6440 1774/1605/6441 1777/1606/6442 1778/1608/6443
f 1779/1609/6444 1775/1607/6445 1778/1608/6446 1781/1610/6447
f 1780/1829/6448 1779/1609/6449 1781/1610/6450 1782/1830/6451
f 673/1633/6452 672/1613/6453 1790/1615/6454 1791/1638/6455
f 672/1613/6456 1792/1619/6457 1793/1614/6458 1790/1615/6459
f 436/1618/6460 1794/1620/6461 555/1612/6462 437/1611/6463
f 555/1612/6464 1794/1620/6465 1792/1619/6466 672/1613/6467
f 1795/1625/6468 1796/1639/6469 1793/1614/6470 1792/1619/6471
f 1793/1614/6472 1796/1639/6473 1791/1638/6474 1790/1615/6475
f 550/1617/6476 427/1616/6477 426/1622/6478 1797/1626/6479
f 550/1617/6480 1797/1626/6481 1794/1620/6482 436/1618/6483
f 1795/1625/6484 1792/1619/6485 1794/1620/6486 1797/1626/6487
f 670/1632/6488 1798/1644/6489 1799/1629/6490 671/1623/6491
f 426/1622/6492 425/1621/6493 671/1623/6494 1800/1624/6495
f 1797/1626/6496 426/1622/6497 1800/1624/6498 1801/1627/6499
f 671/1623/6500 1799/1629/6501 1802/1628/6502 1800/1624/6503
f 1801/1627/6504 1800/1624/6505 1802/1628/6506 1803/1641/6507
f 1797/1626/6508 1804/1640/6509 1796/1639/6510 1795/1625/6511
f 1802/1628/6512 1805/1643/6513 1806/1642/6514 1803/1641/6515
f 1803/1641/6516 1804/1640/6517 1797/1626/6518 1801/1627/6519
f 1798/1644/6520 1805/1643/6521 1802/1628/6522 1799/1629/6523
f 1807/1652/6524 544/1631/6525 541/1630/6526 540/1647/6527
f 544/1631/6528 1807/1652/6529 1798/1644/6530 670/1632/6531
f 1791/1638/6532 1808/1833/6533 556/1634/6534 673/1633/6535
f 556/1634/6536 1808/1833/6537 1765/1636/6538 674/1635/6539
f 1765/1636/6540 1808/1833/6541 1783/1831/6542 1766/1637/6543
f 1808/1833/6544 1791/1638/6545 1796/1639/6546 1809/1832/6547
f 1809/1832/6548 1796/1639/6549 1804/1640/6550 1810/1680/6551
f 1806/1642/6552 1810/1680/6553 1804/1640/6554 1803/1641/6555
f 1810/1680/6556 1806/1642/6557 1805/1643/6558 1811/1681/6559
f 1805/1643/6560 1798/1644/6561 1807/1652/6562 1811/1681/6563
f 1807/1652/6564 1812/1677/6565 1813/1683/6566 1811/1681/6567
f 404/1645/6568 1814/1662/6569 1815/1651/6570 538/1650/6571
f 404/1645/6572 403/1666/6573 1816/1665/6574 1814/1662/6575
f 534/1646/6576 533/1649/6577 1817/1653/6578 535/1648/6579
f 1817/1653/6580 1807/1652/6581 540/1647/6582 535/1648/6583
f 533/1649/6584 538/1650/6585 1815/1651/6586 1817/1653/6587
f 1818/1670/6588 1817/1653/6589 1815/1651/6590 1814/1662/6591
f 1817/1653/6592 1819/1661/6593 1812/1677/6594 1807/1652/6595
f 1818/1670/6596 1820/1672/6597 1819/1661/6598 1817/1653/6599
f 1821/1659/6600 390/1654/6601 1151/1655/6602 1154/1656/6603
f 1822/1658/6604 1266/1657/6605 1752/1803/6606 1823/1802/6607
f 1154/1656/6608 1266/1657/6609 1822/1658/6610 1821/1659/6611
f 1824/1669/6612 1825/1676/6613 1826/1679/6614 1827/1678/6615
f 1828/1675/6616 1829/1809/6617 1830/1822/6618 1831/1812/6619
f 1832/1808/6620 1829/1809/6621 1828/1675/6622 1833/1674/6623
f 1822/1668/6624 1823/1805/6625 1832/1808/6626 1833/1674/6627
f 1831/1812/6628 1826/1679/6629 1825/1676/6630 1828/1675/6631
f 390/1660/6632 1821/1667/6633 1834/1664/6634 391/1663/6635
f 1824/1669/6636 1819/1661/6637 1820/1672/6638 1835/1671/6639
f 1827/1678/6640 1812/1677/6641 1819/1661/6642 1824/1669/6643
f 1834/1664/6644 1818/1670/6645 1814/1662/6646 1816/1665/6647
f 391/1663/6648 1834/1664/6649 1816/1665/6650 403/1666/6651
f 1821/1667/6652 1822/1668/6653 1833/1674/6654 1834/1664/6655
f 1833/1674/6656 1836/1673/6657 1835/1671/6658 1834/1664/6659
f 1835/1671/6660 1836/1673/6661 1825/1676/6662 1824/1669/6663
f 1818/1670/6664 1834/1664/6665 1835/1671/6666 1820/1672/6667
f 1836/1673/6668 1833/1674/6669 1828/1675/6670 1825/1676/6671
f 1827/1678/6672 1826/1679/6673 1837/1819/6674 1838/1682/6675
f 1838/1682/6676 1813/1683/6677 1812/1677/6678 1827/1678/6679
f 1839/1820/6680 1837/1819/6681 1826/1679/6682 1831/1812/6683
f 1840/1834/6684 1809/1832/6685 1810/1680/6686 1811/1681/6687
f 1811/1681/6688 1813/1683/6689 1841/1837/6690 1840/1834/6691
f 1838/1682/6692 1837/1819/6693 1842/1840/6694 1843/1841/6695
f 1838/1682/6696 1843/1841/6697 1841/1837/6698 1813/1683/6699
f 1844/1821/6700 1756/1817/6701 1755/1835/6702 1845/1838/6703
f 1608/1684/6704 128/3899/6705 119/3898/6706 1614/1685/6707
f 1609/1688/6708 1608/1686/6709 1614/1687/6710 1613/1689/6711
f 1604/1691/6712 1611/1690/6713 1609/1688/6714 1613/1689/6715
f 1600/1692/6716 1611/1690/6717 1604/1691/6718 1603/1693/6719
f 387/1694/6720 1600/1692/6721 1603/1693/6722 1602/1695/6723
f 1587/1697/6724 384/1696/6725 387/1694/6726 1602/1695/6727
f 225/1698/6728 228/1699/6729 384/1696/6730 1587/1697/6731
f 225/1698/6732 224/1701/6733 229/1700/6734 228/1699/6735
f 261/1702/6736 229/1700/6737 224/1701/6738 258/1703/6739
f 245/1704/6740 261/1702/6741 258/1703/6742 240/1705/6743
f 246/1706/6744 245/1704/6745 240/1705/6746 243/1707/6747
f 218/1708/6748 246/1706/6749 243/1707/6750 215/1709/6751
f 201/1710/6752 218/1708/6753 215/1709/6754 198/1711/6755
f 202/1712/6756 201/1710/6757 198/1711/6758 199/1713/6759
f 1627/1714/6760 202/1712/6761 199/1713/6762 1628/1715/6763
f 1650/1716/6764 1627/1714/6765 1628/1715/6766 1635/1717/6767
f 1634/1719/6768 279/1718/6769 1650/1716/6770 1635/1717/6771
f 377/1720/6772 278/1723/6773 279/1718/6774 1634/1719/6775
f 377/1720/6776 364/1721/6777 363/1722/6778 278/1723/6779
f 364/1724/6780 288/1727/6781 285/1726/6782 363/1725/6783
f 286/1728/6784 285/1726/6785 288/1727/6786 287/1729/6787
f 300/1730/6788 286/1728/6789 287/1729/6790 298/1731/6791
f 317/1732/6792 300/1730/6793 298/1731/6794 314/1733/6795
f 318/1734/6796 317/1732/6797 314/1733/6798 313/1735/6799
f 338/1736/6800 318/1734/6801 313/1735/6802 335/1737/6803
f 339/1738/6804 338/1736/6805 335/1737/6806 334/1739/6807
f 352/1740/6808 339/1738/6809 334/1739/6810 350/1741/6811
f 323/1742/6812 352/1740/6813 350/1741/6814 359/1743/6815
f 380/1745/6816 320/1744/6817 323/1742/6818 359/1743/6819
f 383/1746/6820 378/1747/6821 320/1744/6822 380/1745/6823
f 383/1746/6824 164/1751/6825 177/1750/6826 378/1747/6827
f 163/1748/6828 176/1749/6829 177/1750/6830 164/1751/6831
f 1499/1755/6832 1503/1754/6833 176/1752/6834 163/1753/6835
f 1498/1757/6836 1459/1756/6837 1503/1754/6838 1499/1755/6839
f 1457/1761/6840 1459/1756/6841 1498/1757/6842 1371/1758/6843
f 1371/1758/6844 1335/1759/6845 1455/1760/6846 1457/1761/6847
f 1335/1762/6848 1334/1764/6849 1453/1765/6850 1455/1763/6851
f 1334/1764/6852 1133/1766/6853 1451/1767/6854 1453/1765/6855
f 1133/1766/6856 1132/1768/6857 1449/1769/6858 1451/1767/6859
f 1132/1768/6860 1460/1770/6861 1302/1771/6862 1449/1769/6863
f 1460/1770/6864 1212/1773/6865 1258/1772/6866 1302/1771/6867
f 1259/1774/6868 1258/1772/6869 1212/1773/6870 1215/1775/6871
f 1167/1777/6872 1259/1774/6873 1215/1775/6874 1280/1776/6875
f 1280/1776/6876 1279/1779/6877 1168/1778/6878 1167/1777/6879
f 1171/1781/6880 1168/1778/6881 1279/1779/6882 1273/1780/6883
f 1273/1780/6884 1276/1783/6885 1172/1782/6886 1171/1781/6887
f 1177/1784/6888 1172/1782/6889 1276/1783/6890 1269/1785/6891
f 1178/1786/6892 1177/1784/6893 1269/1785/6894 1268/1787/6895
f 1181/1788/6896 1178/1786/6897 1268/1787/6898 1249/1789/6899
f 1182/1790/6900 1181/1788/6901 1249/1789/6902 1248/1791/6903
f 1185/1792/6904 1182/1790/6905 1248/1791/6906 1251/1793/6907
f 1186/1794/6908 1185/1792/6909 1251/1793/6910 1250/1795/6911
f 1238/1796/6912 1186/1794/6913 1250/1795/6914 1253/1797/6915
f 1252/1799/6916 1237/1798/6917 1238/1796/6918 1253/1797/6919
f 1254/1801/6920 1262/1800/6921 1237/1798/6922 1252/1799/6923
f 2023/2037/6924 2022/2035/6925 1262/1800/6926 1254/1801/6927
f 1752/1803/6928 1242/2034/6929 1255/2036/6930 1749/1804/6931
f 1823/1802/6932 1752/1803/6933 1749/1804/6934 1748/1527/6935
f 1832/1808/6936 1823/1805/6937 1748/1806/6938 1742/1807/6939
f 1742/1807/6940 1741/1810/6941 1829/1809/6942 1832/1808/6943
f 1830/1822/6944 1829/1809/6945 1741/1810/6946 1744/1823/6947
f 1746/1813/6948 1846/1826/6949 1744/1823/6950 1745/1811/6951
f 1831/1812/6952 1830/1822/6953 1847/1825/6954 1839/1820/6955
f 1747/1814/6956 1848/1824/6957 1846/1826/6958 1746/1813/6959
f 1848/1824/6960 1747/1814/6961 1754/1816/6962 1849/1818/6963
f 1753/1815/6964 1756/1817/6965 1849/1818/6966 1754/1816/6967
f 1849/1818/6968 1756/1817/6969 1844/1821/6970 1850/1828/6971
f 1839/1820/6972 1847/1825/6973 1851/1827/6974 1852/1845/6975
f 1851/1827/6976 1848/1824/6977 1849/1818/6978 1850/1828/6979
f 1842/1840/6980 1837/1819/6981 1839/1820/6982 1852/1845/6983
f 1853/1842/6984 1850/1828/6985 1844/1821/6986 1845/1838/6987
f 1846/1826/6988 1847/1825/6989 1830/1822/6990 1744/1823/6991
f 1848/1824/6992 1851/1827/6993 1847/1825/6994 1846/1826/6995
f 1852/1845/6996 1851/1827/6997 1850/1828/6998 1853/1842/6999
f 1780/1829/7000 1854/1847/7001 1855/1839/7002 1776/1836/7003
f 1854/1847/7004 1780/1829/7005 1782/1830/7006 1783/1831/7007
f 1808/1833/7008 1856/1848/7009 1854/1847/7010 1783/1831/7011
f 1809/1832/7012 1840/1834/7013 1856/1848/7014 1808/1833/7015
f 1840/1834/7016 1841/1837/7017 1857/1849/7018 1856/1848/7019
f 1855/1839/7020 1845/1838/7021 1755/1835/7022 1776/1836/7023
f 1854/1847/7024 1858/1846/7025 1859/1843/7026 1855/1839/7027
f 1857/1849/7028 1841/1837/7029 1843/1841/7030 1860/1844/7031
f 1859/1843/7032 1858/1846/7033 1857/1849/7034 1860/1844/7035
f 1859/1843/7036 1853/1842/7037 1845/1838/7038 1855/1839/7039
f 1842/1840/7040 1852/1845/7041 1860/1844/7042 1843/1841/7043
f 1853/1842/7044 1859/1843/7045 1860/1844/7046 1852/1845/7047
f 1858/1846/7048 1854/1847/7049 1856/1848/7050 1857/1849/7051
f 1415/1850/7052 1514/1851/7053 1513/1852/7054 1413/1853/7055
f 1034/1854/7056 1033/1855/7057 1009/1856/7058 1861/1857/7059
f 1060/1858/7060 1862/1859/7061 1013/1860/7062 1012/1861/7063
f 38/4073/7064 829/1862/7065 830/1863/7066 134/4074/7067
f 1882/1877/7068 1881/1888/7069 1869/1875/7070 1870/1864/7071
f 1883/1878/7072 1882/1877/7073 1870/1864/7074 1871/1865/7075
f 1884/1879/7076 1883/1878/7077 1871/1865/7078 1872/1866/7079
f 1885/1880/7080 1884/1879/7081 1872/1866/7082 1873/1867/7083
f 1886/1881/7084 1885/1880/7085 1873/1867/7086 1874/1868/7087
f 1887/1882/7088 1886/1881/7089 1874/1868/7090 1875/1869/7091
f 1888/1883/7092 1887/1882/7093 1875/1869/7094 1876/1870/7095
f 1889/1884/7096 1888/1883/7097 1876/1870/7098 1877/1871/7099
f 1890/1890/7100 1889/1884/7101 1877/1871/7102 1878/1876/7103
f 1892/1885/7104 1891/4381/7105 1865/4380/7106 1866/1872/7107
f 1893/1886/7108 1892/1885/7109 1866/1872/7110 1867/1873/7111
f 1894/1887/7112 1893/1886/7113 1867/1873/7114 1868/1874/7115
f 1881/1888/7116 1894/1887/7117 1868/1874/7118 1869/1875/7119
f 144/1940/7120 3998/1889/7121 3996/4432/7122 1942/4384/7123
f 1896/4115/7124 1890/1890/7125 1878/1876/7126 1879/4116/7127
f 3890/1926/7128 3916/4433/7129 3996/4432/7130 3998/1889/7131
f 1898/1892/7132 1897/1902/7133 1881/1888/7134 1882/1877/7135
f 1899/1893/7136 1898/1892/7137 1882/1877/7138 1883/1878/7139
f 1900/1894/7140 1899/1893/7141 1883/1878/7142 1884/1879/7143
f 1901/1895/7144 1900/1894/7145 1884/1879/7146 1885/1880/7147
f 1902/1896/7148 1901/1895/7149 1885/1880/7150 1886/1881/7151
f 1903/1897/7152 1902/1896/7153 1886/1881/7154 1887/1882/7155
f 1904/1898/7156 1903/1897/7157 1887/1882/7158 1888/1883/7159
f 1905/1909/7160 1904/1898/7161 1888/1883/7162 1889/1884/7163
f 1906/1920/7164 1905/1909/7165 1889/1884/7166 1890/1890/7167
f 1908/1899/7168 1907/4382/7169 1891/4381/7170 1892/1885/7171
f 1909/1900/7172 1908/1899/7173 1892/1885/7174 1893/1886/7175
f 1910/1901/7176 1909/1900/7177 1893/1886/7178 1894/1887/7179
f 1897/1902/7180 1910/1901/7181 1894/1887/7182 1881/1888/7183
f 3890/1926/7184 3998/1889/7185 4011/4402/7186 3825/4388/7187
f 1912/4110/7188 1906/1920/7189 1890/1890/7190 1896/4115/7191
f 1963/1929/7192 3609/1891/7193 3809/4092/7194 1961/4113/7195
f 1914/1903/7196 1913/1913/7197 1897/1902/7198 1898/1892/7199
f 1915/1904/7200 1914/1903/7201 1898/1892/7202 1899/1893/7203
f 1916/1905/7204 1915/1904/7205 1899/1893/7206 1900/1894/7207
f 1917/1906/7208 1916/1905/7209 1900/1894/7210 1901/1895/7211
f 1918/1907/7212 1917/1906/7213 1901/1895/7214 1902/1896/7215
f 1919/1908/7216 1918/1907/7217 1902/1896/7218 1903/1897/7219
f 1905/1909/7220 1919/1908/7221 1903/1897/7222 1904/1898/7223
f 1921/1910/7224 1920/4383/7225 1907/4382/7226 1908/1899/7227
f 1922/1911/7228 1921/1910/7229 1908/1899/7230 1909/1900/7231
f 1923/1912/7232 1922/1911/7233 1909/1900/7234 1910/1901/7235
f 1913/1913/7236 1923/1912/7237 1910/1901/7238 1897/1902/7239
f 1925/1914/7240 1924/1924/7241 1913/1913/7242 1914/1903/7243
f 1926/1915/7244 1925/1914/7245 1914/1903/7246 1915/1904/7247
f 1927/1916/7248 1926/1915/7249 1915/1904/7250 1916/1905/7251
f 1928/1917/7252 1927/1916/7253 1916/1905/7254 1917/1906/7255
f 1929/1918/7256 1928/1917/7257 1917/1906/7258 1918/1907/7259
f 1930/1919/7260 1929/1918/7261 1918/1907/7262 1919/1908/7263
f 1906/1920/7264 1930/1919/7265 1919/1908/7266 1905/1909/7267
f 1932/1921/7268 1931/4385/7269 1920/4383/7270 1921/1910/7271
f 1933/1922/7272 1932/1921/7273 1921/1910/7274 1922/1911/7275
f 1934/1923/7276 1933/1922/7277 1922/1911/7278 1923/1912/7279
f 1924/1924/7280 1934/1923/7281 1923/1912/7282 1913/1913/7283
f 1936/4093/7284 1935/4096/7285 1924/1924/7286 1925/1914/7287
f 1937/4089/7288 1936/4093/7289 1925/1914/7290 1926/1915/7291
f 1938/2001/7292 1937/4089/7293 1926/1915/7294 1927/1916/7295
f 1939/1996/7296 1938/2001/7297 1927/1916/7298 1928/1917/7299
f 1940/1994/7300 1939/1996/7301 1928/1917/7302 1929/1918/7303
f 1941/1942/7304 1940/1994/7305 1929/1918/7306 1930/1919/7307
f 1912/4110/7308 1941/1942/7309 1930/1919/7310 1906/1920/7311
f 1943/1938/7312 1942/4384/7313 1931/4385/7314 1932/1921/7315
f 1944/1933/7316 1943/1938/7317 1932/1921/7318 1933/1922/7319
f 1945/1931/7320 1944/1933/7321 1933/1922/7322 1934/1923/7323
f 1935/4096/7324 1945/1931/7325 1934/1923/7326 1924/1924/7327
f 137/4095/7328 3865/4159/7329 3875/4158/7330 147/1932/7331
f 147/1932/7332 3875/4158/7333 3874/4156/7334 146/1934/7335
f 146/1934/7336 3874/4156/7337 3873/4154/7338 145/1939/7339
f 145/1939/7340 3873/4154/7341 3872/4403/7342 144/1940/7343
f 136/4109/7344 3842/4151/7345 3871/4150/7346 143/1943/7347
f 143/1943/7348 3871/4150/7349 3870/4148/7350 142/1995/7351
f 142/1995/7352 3870/4148/7353 3869/4146/7354 141/1997/7355
f 141/1997/7356 3869/4146/7357 3868/4144/7358 140/2002/7359
f 140/2002/7360 3868/4144/7361 3867/4142/7362 139/4090/7363
f 139/4090/7364 3867/4142/7365 3866/4140/7366 138/4094/7367
f 138/4094/7368 3866/4140/7369 3865/4159/7370 137/4095/7371
f 135/4114/7372 3826/4112/7373 3842/4151/7374 136/4109/7375
f 1961/4113/7376 3809/4092/7377 3826/4112/7378 135/4114/7379
f 3890/1926/7380 3825/4388/7381 3917/4271/7382 1948/1928/7383
f 149/4161/7384 4022/4462/7385 1525/4461/7386 910/1925/7387
f 3140/2003/7388 2005/1927/7389 1948/1928/7390 3917/4271/7391
f 1948/1928/7392 1949/4185/7393 3916/4433/7394 3890/1926/7395
f 2005/1927/7396 2007/1998/7397 1949/4185/7398 1948/1928/7399
f 1963/1929/7400 1961/4113/7401 1879/4116/7402 1679/1930/7403
f 1935/4096/7404 137/4095/7405 147/1932/7406 1945/1931/7407
f 1945/1931/7408 147/1932/7409 146/1934/7410 1944/1933/7411
f 1944/1933/7412 146/1934/7413 145/1939/7414 1943/1938/7415
f 130/4192/7416 129/4189/7417 1957/1935/7418 1958/1937/7419
f 1959/1936/7420 131/4193/7421 130/4192/7422 1958/1937/7423
f 1943/1938/7424 145/1939/7425 144/1940/7426 1942/4384/7427
f 876/1941/7428 877/1972/7429 1960/4230/7430 39/4195/7431
f 136/4109/7432 143/1943/7433 1941/1942/7434 1912/4110/7435
f 1941/1942/7436 143/1943/7437 142/1995/7438 1940/1994/7439
f 1964/1945/7440 1965/1944/7441 127/4196/7442 124/4198/7443
f 124/4198/7444 1981/4227/7445 1980/1973/7446 1964/1945/7447
f 1967/1947/7448 1093/1974/7449 937/1979/7450 1966/1946/7451
f 1065/1948/7452 1093/1974/7453 1967/1947/7454 1968/1949/7455
f 927/1950/7456 1065/1948/7457 1968/1949/7458 1969/1951/7459
f 927/1950/7460 1969/1951/7461 1970/1953/7462 913/1952/7463
f 1971/1955/7464 916/1954/7465 913/1952/7466 1970/1953/7467
f 1972/1957/7468 915/1956/7469 916/1954/7470 1971/1955/7471
f 1973/1959/7472 1036/1958/7473 915/1956/7474 1972/1957/7475
f 1974/1961/7476 1092/1960/7477 1036/1958/7478 1973/1959/7479
f 1092/1960/7480 1974/1961/7481 1975/1963/7482 921/1962/7483
f 1976/1965/7484 920/1964/7485 921/1962/7486 1975/1963/7487
f 1977/1967/7488 923/1966/7489 920/1964/7490 1976/1965/7491
f 879/1968/7492 923/1966/7493 1977/1967/7494 1978/1969/7495
f 878/1970/7496 879/1968/7497 1978/1969/7498 1979/1971/7499
f 877/1972/7500 878/1970/7501 1979/1971/7502 1980/1973/7503
f 1981/4227/7504 1960/4230/7505 877/1972/7506 1980/1973/7507
f 1983/4390/7508 1982/2054/7509 1670/2053/7510 1674/1986/7511
f 1988/1981/7512 937/1979/7513 1093/1974/7514 1984/1975/7515
f 1988/1981/7516 1984/1975/7517 1985/1976/7518 1989/1983/7519
f 1990/1985/7520 1989/1983/7521 1985/1976/7522 1986/1977/7523
f 1991/4242/7524 1990/1985/7525 1986/1977/7526 1987/4233/7527
f 935/1980/7528 938/1978/7529 937/1979/7530 1988/1981/7531
f 935/1980/7532 1988/1981/7533 1989/1983/7534 834/1982/7535
f 833/1984/7536 834/1982/7537 1989/1983/7538 1990/1985/7539
f 50/4241/7540 833/1984/7541 1990/1985/7542 1991/4242/7543
f 1863/4389/7544 1983/4390/7545 1674/1986/7546 1672/1987/7547
f 2000/4178/7548 1999/4177/7549 1551/1988/7550 1555/1989/7551
f 2001/4176/7552 2000/4178/7553 1555/1989/7554 1554/1990/7555
f 1911/4182/7556 1993/1991/7557 1992/2011/7558 3935/4181/7559
f 1947/4184/7560 2004/1993/7561 1993/1991/7562 1911/4182/7563
f 1956/4264/7564 3489/4263/7565 2003/1992/7566 1946/4183/7567
f 1946/4183/7568 2003/1992/7569 2004/1993/7570 1947/4184/7571
f 1940/1994/7572 142/1995/7573 141/1997/7574 1939/1996/7575
f 1939/1996/7576 141/1997/7577 140/2002/7578 1938/2001/7579
f 1949/4185/7580 2007/1998/7581 2008/1999/7582 1950/4186/7583
f 1950/4186/7584 2008/1999/7585 2009/2000/7586 1951/4187/7587
f 1951/4187/7588 2009/2000/7589 2010/4254/7590 1952/4253/7591
f 1938/2001/7592 140/2002/7593 139/4090/7594 1937/4089/7595
f 3927/4272/7596 3988/2004/7597 3140/2003/7598 3917/4271/7599
f 3928/4273/7600 1557/2005/7601 3988/2004/7602 3927/4272/7603
f 3929/4274/7604 1558/2006/7605 1557/2005/7606 3928/4273/7607
f 3930/4275/7608 1559/2007/7609 1558/2006/7610 3929/4274/7611
f 3931/4277/7612 1560/2009/7613 1559/2007/7614 3930/4275/7615
f 3932/4276/7616 1561/2008/7617 1560/2009/7618 3931/4277/7619
f 3933/4278/7620 1562/2852/7621 1561/2010/7622 3932/4279/7623
f 3935/4181/7624 1992/2011/7625 1563/2764/7626 3934/4266/7627
f 1025/2012/7628 1539/2026/7629 2012/2029/7630 2013/2013/7631
f 1546/2014/7632 1025/2012/7633 2013/2013/7634 2014/2015/7635
f 1545/2016/7636 1546/2014/7637 2014/2015/7638 2015/2017/7639
f 1543/2018/7640 1545/2016/7641 2015/2017/7642 2016/2019/7643
f 1544/2020/7644 1543/2018/7645 2016/2019/7646 2017/2021/7647
f 1542/2022/7648 1544/2020/7649 2017/2021/7650 2018/2023/7651
f 2019/2025/7652 1541/2024/7653 1542/2022/7654 2018/2023/7655
f 1540/2027/7656 1541/2024/7657 2019/2025/7658 2020/2028/7659
f 1539/2026/7660 1540/2027/7661 2020/2028/7662 2012/2029/7663
f 1241/2032/7664 1153/2030/7665 1240/2031/7666 2021/2033/7667
f 1241/2032/7668 2021/2033/7669 2022/2035/7670 1242/2034/7671
f 1242/2034/7672 2022/2035/7673 2023/2037/7674 1255/2036/7675
f 1255/2036/7676 2023/2037/7677 2024/2040/7678 1256/2039/7679
f 1243/2096/7680 1207/2038/7681 1256/2039/7682 2024/2040/7683
f 2026/2087/7684 2025/2090/7685 1659/2052/7686 1658/2046/7687
f 2028/2056/7688 2027/2055/7689 1662/2042/7690 1661/2043/7691
f 2030/2059/7692 2029/2084/7693 1664/2041/7694 1663/2048/7695
f 2029/2084/7696 2031/2088/7697 1665/2047/7698 1664/2041/7699
f 2033/2058/7700 2032/2057/7701 1660/2044/7702 1666/2045/7703
f 2027/2055/7704 2034/2061/7705 1669/2050/7706 1662/2042/7707
f 2032/2057/7708 2028/2056/7709 1661/2043/7710 1660/2044/7711
f 2035/2062/7712 2033/2058/7713 1666/2045/7714 1670/2053/7715
f 2031/2088/7716 2026/2087/7717 1658/2046/7718 1665/2047/7719
f 2036/2060/7720 2030/2059/7721 1663/2048/7722 1680/2049/7723
f 2034/2061/7724 2036/2060/7725 1680/2049/7726 1669/2050/7727
f 2038/2089/7728 2037/4366/7729 127/4320/7730 1965/2051/7731
f 2025/2090/7732 2038/2089/7733 1965/2051/7734 1659/2052/7735
f 2039/2063/7736 2035/2062/7737 1670/2053/7738 1982/2054/7739
f 2041/2065/7740 2040/2064/7741 2027/2055/7742 2028/2056/7743
f 2043/2068/7744 2042/2083/7745 2029/2084/7746 2030/2059/7747
f 2045/2067/7748 2044/2066/7749 2032/2057/7750 2033/2058/7751
f 2040/2064/7752 2046/2070/7753 2034/2061/7754 2027/2055/7755
f 2044/2066/7756 2041/2065/7757 2028/2056/7758 2032/2057/7759
f 2047/2072/7760 2045/2067/7761 2033/2058/7762 2035/2062/7763
f 2048/2069/7764 2043/2068/7765 2030/2059/7766 2036/2060/7767
f 2046/2070/7768 2048/2069/7769 2036/2060/7770 2034/2061/7771
f 2049/4392/7772 2050/2073/7773 2039/2063/7774 1982/4391/7775
f 2050/2073/7776 2047/2072/7777 2035/2062/7778 2039/2063/7779
f 2052/2075/7780 2051/2074/7781 2040/2064/7782 2041/2065/7783
f 2054/2078/7784 2053/2085/7785 2042/2083/7786 2043/2068/7787
f 2056/2077/7788 2055/2076/7789 2044/2066/7790 2045/2067/7791
f 2051/2074/7792 2057/2080/7793 2046/2070/7794 2040/2064/7795
f 2055/2076/7796 2052/2075/7797 2041/2065/7798 2044/2066/7799
f 2058/2081/7800 2056/2077/7801 2045/2067/7802 2047/2072/7803
f 2059/2079/7804 2054/2078/7805 2043/2068/7806 2048/2069/7807
f 2057/2080/7808 2059/2079/7809 2048/2069/7810 2046/2070/7811
f 2060/2071/7812 2061/2082/7813 2050/2073/7814 2049/4392/7815
f 2061/2082/7816 2058/2081/7817 2047/2072/7818 2050/2073/7819
f 2063/4345/7820 2062/4342/7821 2051/2074/7822 2052/2075/7823
f 2074/2086/7824 2053/2085/7825 2054/2078/7826 2065/4351/7827
f 2067/4349/7828 2066/4346/7829 2055/2076/7830 2056/2077/7831
f 2062/4342/7832 2068/4354/7833 2057/2080/7834 2051/2074/7835
f 2066/4346/7836 2063/4345/7837 2052/2075/7838 2055/2076/7839
f 2069/4357/7840 2067/4349/7841 2056/2077/7842 2058/2081/7843
f 2070/4353/7844 2065/4351/7845 2054/2078/7846 2059/2079/7847
f 2068/4354/7848 2070/4353/7849 2059/2079/7850 2057/2080/7851
f 2071/4416/7852 2072/4358/7853 2061/2082/7854 2060/4393/7855
f 2072/4358/7856 2069/4357/7857 2058/2081/7858 2061/2082/7859
f 2074/2086/7860 2073/2091/7861 2025/2090/7862 2026/2087/7863
f 2042/2083/7864 2053/2085/7865 2031/2088/7866 2029/2084/7867
f 2053/2085/7868 2074/2086/7869 2026/2087/7870 2031/2088/7871
f 2075/2092/7872 2064/4372/7873 2037/4366/7874 2038/2089/7875
f 2073/2091/7876 2075/2092/7877 2038/2089/7878 2025/2090/7879
f 2076/4370/7880 2073/2091/7881 2074/2086/7882 2065/4351/7883
f 2077/4373/7884 2075/2092/7885 2073/2091/7886 2076/4370/7887
f 2064/4372/7888 2075/2092/7889 2077/4373/7890
f 1205/2095/7891 1208/2098/7892 74/2093/7893 93/2094/7894
f 1205/2095/7895 1243/2096/7896 1211/2097/7897 1208/2098/7898
f 2080/2105/7899 2083/3353/7900 2082/3357/7901 2081/2104/7902
f 2084/3313/7903 2087/2103/7904 2086/2099/7905 2085/3314/7906
f 2088/3356/7907 2091/3327/7908 2090/3326/7909 2089/3358/7910
f 2092/2100/7911 2095/3453/7912 2094/3963/7913 2093/2101/7914
f 2096/2124/7915 2098/3305/7916 2097/3301/7917 2095/3453/7918
f 2099/3322/7919 2100/2102/7920 2087/2103/7921 2084/3313/7922
f 2101/2106/7923 2102/2179/7924 2080/2105/7925 2081/2104/7926
f 2080/2105/7927 2104/2153/7928 2103/3354/7929 2083/3353/7930
f 2102/2179/7931 2105/2178/7932 2104/2153/7933 2080/2105/7934
f 2106/3965/7935 2107/3964/7936 2102/2179/7937 2101/2106/7938
f 2108/3541/7939 2111/3539/7940 2110/3260/7941 2109/3259/7942
f 2112/2121/7943 2115/3544/7944 2114/3546/7945 2113/3543/7946
f 2116/3423/7947 2119/3547/7948 2118/3160/7949 2117/3425/7950
f 2120/2120/7951 2123/2122/7952 2122/2173/7953 2121/2151/7954
f 2124/3258/7955 2127/3237/7956 2126/3422/7957 2125/3424/7958
f 2128/3924/7959 2129/3926/7960 2126/3422/7961 2127/3237/7962
f 2130/2107/7963 2133/3421/7964 2132/3927/7965 2131/3925/7966
f 2133/3421/7967 2130/2107/7968 2135/3256/7969 2134/3420/7970
f 2136/3538/7971 2139/3540/7972 2138/3406/7973 2137/3405/7974
f 2140/2119/7975 2120/2120/7976 2121/2151/7977 2141/2157/7978
f 2142/2118/7979 2144/3239/7980 2124/3258/7981 2143/3257/7982
f 2145/3922/7983 2128/3924/7984 2127/3237/7985 2146/3238/7986
f 2147/2108/7987 2130/2107/7988 2131/3925/7989 2148/3923/7990
f 2130/2107/7991 2147/2108/7992 2149/3254/7993 2135/3256/7994
f 2150/3404/7995 2153/3407/7996 2152/3255/7997 2151/3401/7998
f 2154/3914/7999 2157/3246/8000 2156/3247/8001 2155/3912/8002
f 2158/3913/8003 2161/3288/8004 2160/3287/8005 2159/3915/8006
f 2162/2110/8007 2165/2116/8008 2164/2156/8009 2163/2161/8010
f 2166/2111/8011 2167/2117/8012 2165/2116/8013 2162/2110/8014
f 2166/2111/8015 2169/3243/8016 2168/3241/8017 2167/2117/8018
f 2170/3918/8019 2173/3920/8020 2172/3240/8021 2171/3242/8022
f 2174/2112/8023 2177/2109/8024 2176/3921/8025 2175/3919/8026
f 2177/2109/8027 2174/2112/8028 2179/3250/8029 2178/3252/8030
f 2180/2163/8031 2183/2159/8032 2182/3253/8033 2181/3251/8034
f 2165/2116/8035 2140/2119/8036 2141/2157/8037 2164/2156/8038
f 2167/2117/8039 2168/3241/8040 2144/3239/8041 2142/2118/8042
f 2173/3920/8043 2145/3922/8044 2146/3238/8045 2172/3240/8046
f 2177/2109/8047 2147/2108/8048 2148/3923/8049 2176/3921/8050
f 2147/2108/8051 2177/2109/8052 2178/3252/8053 2149/3254/8054
f 2183/2159/8055 2151/3401/8056 2152/3255/8057 2182/3253/8058
f 2184/2113/8059 2162/2110/8060 2163/2161/8061 2185/2165/8062
f 2186/2114/8063 2166/2111/8064 2162/2110/8065 2184/2113/8066
f 2186/2114/8067 2187/3245/8068 2169/3243/8069 2166/2111/8070
f 2188/3916/8071 2170/3918/8072 2171/3242/8073 2189/3244/8074
f 2190/2115/8075 2174/2112/8076 2175/3919/8077 2191/3917/8078
f 2174/2112/8079 2190/2115/8080 2192/3248/8081 2179/3250/8082
f 2193/2168/8083 2180/2163/8084 2181/3251/8085 2194/3249/8086
f 2195/3320/8087 2184/2113/8088 2185/2165/8089 2196/3318/8090
f 2197/3319/8091 2186/2114/8092 2184/2113/8093 2195/3320/8094
f 2197/3319/8095 2198/3309/8096 2187/3245/8097 2186/2114/8098
f 2154/3914/8099 2188/3916/8100 2189/3244/8101 2157/3246/8102
f 2160/3287/8103 2190/2115/8104 2191/3917/8105 2159/3915/8106
f 2190/2115/8107 2160/3287/8108 2199/3343/8109 2192/3248/8110
f 2200/3349/8111 2193/2168/8112 2194/3249/8113 2201/3345/8114
f 2165/2116/8115 2167/2117/8116 2142/2118/8117 2140/2119/8118
f 2142/2118/8119 2143/3257/8120 2120/2120/8121 2140/2119/8122
f 2143/3257/8123 2202/3427/8124 2123/2122/8125 2120/2120/8126
f 2202/3427/8127 2204/3426/8128 2203/3442/8129 2123/2122/8130
f 2112/2121/8131 2109/3259/8132 2206/3261/8133 2205/3164/8134
f 2207/2169/8135 2115/3544/8136 2112/2121/8137 2205/3164/8138
f 2208/3935/8139 2209/3933/8140 2115/3544/8141 2207/2169/8142
f 2123/2122/8143 2203/3442/8144 2210/3445/8145 2122/2173/8146
f 2211/3466/8147 2214/3169/8148 2213/2148/8149 2212/3398/8150
f 2214/3169/8151 2216/3943/8152 2215/3941/8153 2213/2148/8154
f 2217/3942/8155 2220/3397/8156 2219/3158/8157 2218/3940/8158
f 2221/2149/8159 2224/2123/8160 2223/3436/8161 2222/3439/8162
f 2225/3438/8163 2220/3397/8164 2227/3432/8165 2226/3435/8166
f 2228/3944/8167 2227/3432/8168 2220/3397/8169 2217/3942/8170
f 2229/3416/8171 2230/3945/8172 2216/3943/8173 2214/3169/8174
f 2231/3400/8175 2234/3467/8176 2233/3469/8177 2232/3408/8178
f 2235/2146/8179 2238/2127/8180 2237/3428/8181 2236/3430/8182
f 2239/3434/8183 2242/3433/8184 2241/2129/8185 2240/2145/8186
f 2243/3948/8187 2241/2129/8188 2242/3433/8189 2244/3946/8190
f 2245/3410/8191 2248/3949/8192 2247/3947/8193 2246/3415/8194
f 2096/2124/8195 2100/2125/8196 2249/3302/8197 2098/3305/8198
f 2250/3959/8199 2253/3957/8200 2252/2174/8201 2251/2177/8202
f 2104/2153/8203 2105/2178/8204 2255/2175/8205 2254/2166/8206
f 2256/2132/8207 2259/2131/8208 2258/2126/8209 2257/2143/8210
f 2260/2133/8211 2256/2132/8212 2257/2143/8213 2261/2144/8214
f 2261/2144/8215 2263/2128/8216 2262/2134/8217 2260/2133/8218
f 2264/3952/8219 2262/2134/8220 2263/2128/8221 2265/3950/8222
f 2266/2135/8223 2269/3953/8224 2268/3951/8225 2267/3419/8226
f 2266/2135/8227 2267/3419/8228 2271/2130/8229 2270/2136/8230
f 2272/2162/8231 2270/2136/8232 2271/2130/8233 2273/2158/8234
f 2257/2143/8235 2258/2126/8236 2238/2127/8237 2235/2146/8238
f 2240/2145/8239 2241/2129/8240 2263/2128/8241 2261/2144/8242
f 2265/3950/8243 2263/2128/8244 2241/2129/8245 2243/3948/8246
f 2267/3419/8247 2245/3410/8248 2274/3412/8249 2271/2130/8250
f 2273/2158/8251 2271/2130/8252 2274/3412/8253 2275/3411/8254
f 2276/2138/8255 2277/2137/8256 2259/2131/8257 2256/2132/8258
f 2278/2139/8259 2276/2138/8260 2256/2132/8261 2260/2133/8262
f 2260/2133/8263 2262/2134/8264 2279/2140/8265 2278/2139/8266
f 2280/3954/8267 2279/2140/8268 2262/2134/8269 2264/3952/8270
f 2281/2141/8271 2282/3955/8272 2269/3953/8273 2266/2135/8274
f 2281/2141/8275 2266/2135/8276 2270/2136/8277 2283/2142/8278
f 2284/2167/8279 2283/2142/8280 2270/2136/8281 2272/2162/8282
f 2285/3304/8283 2286/3303/8284 2277/2137/8285 2276/2138/8286
f 2287/3300/8287 2285/3304/8288 2276/2138/8289 2278/2139/8290
f 2278/2139/8291 2279/2140/8292 2288/3299/8293 2287/3300/8294
f 2289/3956/8295 2288/3299/8296 2279/2140/8297 2280/3954/8298
f 2252/2174/8299 2253/3957/8300 2282/3955/8301 2281/2141/8302
f 2252/2174/8303 2281/2141/8304 2283/2142/8305 2255/2175/8306
f 2254/2166/8307 2255/2175/8308 2283/2142/8309 2284/2167/8310
f 2257/2143/8311 2235/2146/8312 2240/2145/8313 2261/2144/8314
f 2240/2145/8315 2235/2146/8316 2236/3430/8317 2239/3434/8318
f 2226/3435/8319 2290/3431/8320 2222/3439/8321 2225/3438/8322
f 2213/2148/8323 2292/2147/8324 2291/3167/8325 2212/3398/8326
f 2293/3939/8327 2292/2147/8328 2213/2148/8329 2215/3941/8330
f 2218/3940/8331 2219/3158/8332 2295/3157/8333 2294/3938/8334
f 2222/3439/8335 2290/3431/8336 2296/3429/8337 2221/2149/8338
f 2297/3537/8339 2298/3463/8340 2110/3260/8341 2111/3539/8342
f 2295/2171/8343 2299/3159/8344 2118/3160/8345 2119/3547/8346
f 2300/3446/8347 2301/3444/8348 2223/3441/8349 2224/3447/8350
f 2296/2172/8351 2237/2150/8352 2121/2151/8353 2122/2173/8354
f 2237/2150/8355 2238/2154/8356 2141/2157/8357 2121/2151/8358
f 2302/3321/8359 2249/3307/8360 2100/2152/8361 2099/3322/8362
f 2200/3349/8363 2103/3354/8364 2104/2153/8365 2254/2166/8366
f 2258/2155/8367 2259/2160/8368 2163/2161/8369 2164/2156/8370
f 2272/2162/8371 2273/2158/8372 2183/2159/8373 2180/2163/8374
f 2238/2154/8375 2258/2155/8376 2164/2156/8377 2141/2157/8378
f 2273/2158/8379 2275/3411/8380 2151/3401/8381 2183/2159/8382
f 2259/2160/8383 2277/2164/8384 2185/2165/8385 2163/2161/8386
f 2284/2167/8387 2272/2162/8388 2180/2163/8389 2193/2168/8390
f 2277/2164/8391 2286/3306/8392 2196/3318/8393 2185/2165/8394
f 2254/2166/8395 2284/2167/8396 2193/2168/8397 2200/3349/8398
f 2298/3463/8399 2304/3464/8400 2303/3462/8401 2110/3260/8402
f 2305/3162/8403 2206/3261/8404 2303/3462/8405 2306/3161/8406
f 2292/2170/8407 2207/2169/8408 2205/3164/8409 2291/3163/8410
f 2208/3935/8411 2207/2169/8412 2292/2170/8413 2293/3936/8414
f 2307/3934/8415 2294/3937/8416 2295/2171/8417 2119/3547/8418
f 2221/3448/8419 2296/2172/8420 2122/2173/8421 2210/3445/8422
f 2308/3961/8423 2309/2176/8424 2102/2179/8425 2107/3964/8426
f 2105/2178/8427 2251/2177/8428 2252/2174/8429 2255/2175/8430
f 2310/3958/8431 2311/3454/8432 2288/3299/8433 2289/3956/8434
f 2312/3455/8435 2311/3454/8436 2310/3958/8437 2313/3960/8438
f 2308/3961/8439 2250/3959/8440 2251/2177/8441 2309/2176/8442
f 2309/2176/8443 2251/2177/8444 2105/2178/8445 2102/2179/8446
f 2314/3911/8447 2317/3909/8448 2316/3290/8449 2315/3289/8450
f 2088/3356/8451 2319/3355/8452 2318/3348/8453 2091/3327/8454
f 2320/3872/8455 2323/2180/8456 2322/3126/8457 2321/3876/8458
f 2323/2181/8459 2325/2182/8460 2324/2187/8461 2322/2185/8462
f 2326/2183/8463 2329/2184/8464 2328/2262/8465 2327/2186/8466
f 2325/2182/8467 2326/2183/8468 2327/2186/8469 2324/2187/8470
f 2329/2184/8471 2331/2195/8472 2330/2196/8473 2328/2262/8474
f 2332/3127/8475 2335/3130/8476 2334/3857/8477 2333/3877/8478
f 2336/2202/8479 2337/2205/8480 2322/2185/8481 2324/2187/8482
f 2328/2262/8483 2339/2264/8484 2338/2197/8485 2327/2186/8486
f 2327/2186/8487 2338/2197/8488 2336/2202/8489 2324/2187/8490
f 2330/2196/8491 2341/2194/8492 2340/2263/8493 2328/2262/8494
f 2342/2201/8495 2345/2206/8496 2344/2385/8497 2343/2388/8498
f 2346/2199/8499 2347/2208/8500 2345/2207/8501 2342/2200/8502
f 2340/2263/8503 2350/2188/8504 2349/2246/8505 2348/2245/8506
f 2351/2251/8507 2352/2250/8508 2347/2208/8509 2346/2199/8510
f 2341/2194/8511 2353/2193/8512 2350/2188/8513 2340/2263/8514
f 2354/2215/8515 2357/3828/8516 2356/3834/8517 2355/3833/8518
f 2358/2211/8519 2359/2219/8520 2357/2218/8521 2354/2212/8522
f 2350/2188/8523 2361/2189/8524 2360/2248/8525 2349/2246/8526
f 2362/2255/8527 2363/2254/8528 2359/2219/8529 2358/2211/8530
f 2353/2193/8531 2364/2192/8532 2361/2189/8533 2350/2188/8534
f 2365/2222/8535 2368/2226/8536 2367/2225/8537 2366/2223/8538
f 2361/2189/8539 2370/2384/8540 2369/2247/8541 2360/2248/8542
f 2371/2259/8543 2372/2258/8544 2368/2226/8545 2365/2222/8546
f 2364/2192/8547 2373/2191/8548 2370/2384/8549 2361/2189/8550
f 2374/2233/8551 2377/3764/8552 2376/3768/8553 2375/3767/8554
f 2378/2229/8555 2379/2235/8556 2377/2234/8557 2374/2230/8558
f 2380/2261/8559 2381/2283/8560 2379/2235/8561 2378/2229/8562
f 2382/2383/8563 2384/2377/8564 2383/2381/8565 2370/2384/8566
f 2385/3775/8567 2388/3770/8568 2387/3776/8569 2386/3777/8570
f 2389/3766/8571 2390/2238/8572 2388/3770/8573 2385/3775/8574
f 2391/2286/8575 2392/2288/8576 2390/2239/8577 2389/2236/8578
f 2393/3497/8579 2396/2295/8580 2395/2294/8581 2394/2380/8582
f 2397/2379/8583 2400/2190/8584 2399/3758/8585 2398/3762/8586
f 2401/3772/8587 2404/2266/8588 2403/3773/8589 2402/3774/8590
f 2405/2244/8591 2406/2265/8592 2404/2266/8593 2401/3772/8594
f 2407/2240/8595 2408/2269/8596 2406/2268/8597 2405/2241/8598
f 2409/2301/8599 2410/2300/8600 2408/2269/8601 2407/2240/8602
f 2411/2278/8603 2397/2379/8604 2413/3488/8605 2412/3487/8606
f 2414/2316/8607 2417/2326/8608 2416/3480/8609 2415/3479/8610
f 2418/2314/8611 2419/2325/8612 2417/2326/8613 2414/2316/8614
f 2420/2310/8615 2421/2328/8616 2419/2327/8617 2418/2311/8618
f 2422/2279/8619 2425/2274/8620 2424/2365/8621 2423/2368/8622
f 2426/2363/8623 2427/2362/8624 2421/2328/8625 2420/2310/8626
f 2393/3497/8627 2428/3493/8628 2422/2279/8629 2396/2295/8630
f 2397/2379/8631 2411/2278/8632 2429/2276/8633 2400/2190/8634
f 2430/3511/8635 2433/2277/8636 2432/3486/8637 2431/3510/8638
f 2434/3491/8639 2436/3517/8640 2435/3520/8641 2425/2274/8642
f 2433/2277/8643 2430/3511/8644 2438/3513/8645 2437/2275/8646
f 2439/3485/8647 2442/3484/8648 2441/2376/8649 2440/2358/8650
f 2439/3485/8651 2445/2357/8652 2444/3508/8653 2443/3507/8654
f 2437/2275/8655 2438/3513/8656 2447/3515/8657 2446/3490/8658
f 2400/2190/8659 2429/2276/8660 2449/3492/8661 2448/3496/8662
f 2400/2190/8663 2448/3496/8664 2450/3498/8665 2399/3758/8666
f 2451/3761/8667 2453/3760/8668 2452/2382/8669 2373/2191/8670
f 2454/3735/8671 2451/3761/8672 2373/2191/8673 2364/2192/8674
f 2455/3734/8675 2454/3735/8676 2364/2192/8677 2353/2193/8678
f 2456/3732/8679 2455/3734/8680 2353/2193/8681 2341/2194/8682
f 2457/3731/8683 2456/3732/8684 2341/2194/8685 2330/2196/8686
f 2331/2195/8687 2458/3730/8688 2457/3731/8689 2330/2196/8690
f 2338/2197/8691 2460/2198/8692 2459/2203/8693 2336/2202/8694
f 2348/2245/8695 2460/2198/8696 2338/2197/8697 2339/2264/8698
f 2351/2251/8699 2460/2198/8700 2348/2245/8701 2461/2252/8702
f 2460/2198/8703 2351/2251/8704 2346/2199/8705 2459/2203/8706
f 2459/2203/8707 2346/2199/8708 2342/2200/8709 2462/2204/8710
f 2462/3128/8711 2342/2201/8712 2343/2388/8713 2463/3861/8714
f 2464/3858/8715 2467/2387/8716 2466/2216/8717 2465/3859/8718
f 2335/3130/8719 2469/3129/8720 2468/3862/8721 2334/3857/8722
f 2336/2202/8723 2459/2203/8724 2462/2204/8725 2337/2205/8726
f 2470/3860/8727 2473/2217/8728 2472/2386/8729 2471/3842/8730
f 2345/2206/8731 2475/2214/8732 2474/3843/8733 2344/2385/8734
f 2347/2208/8735 2476/2210/8736 2475/2213/8737 2345/2207/8738
f 2352/2250/8739 2477/2209/8740 2476/2210/8741 2347/2208/8742
f 2349/2246/8743 2477/2209/8744 2352/2250/8745 2478/2249/8746
f 2362/2255/8747 2477/2209/8748 2349/2246/8749 2479/2256/8750
f 2477/2209/8751 2362/2255/8752 2358/2211/8753 2476/2210/8754
f 2476/2210/8755 2358/2211/8756 2354/2212/8757 2475/2213/8758
f 2475/2214/8759 2354/2215/8760 2355/3833/8761 2474/3843/8762
f 2466/2216/8763 2467/2387/8764 2472/2386/8765 2473/2217/8766
f 2465/3859/8767 2466/2216/8768 2473/2217/8769 2470/3860/8770
f 2359/2219/8771 2481/2221/8772 2480/2224/8773 2357/2218/8774
f 2363/2254/8775 2482/2220/8776 2481/2221/8777 2359/2219/8778
f 2360/2248/8779 2482/2220/8780 2363/2254/8781 2483/2253/8782
f 2371/2259/8783 2482/2220/8784 2360/2248/8785 2484/2260/8786
f 2482/2220/8787 2371/2259/8788 2365/2222/8789 2481/2221/8790
f 2481/2221/8791 2365/2222/8792 2366/2223/8793 2480/2224/8794
f 2367/3823/8795 2487/2232/8796 2486/3846/8797 2485/3824/8798
f 2368/2226/8799 2488/2228/8800 2487/2231/8801 2367/2225/8802
f 2372/2258/8803 2489/2227/8804 2488/2228/8805 2368/2226/8806
f 2369/2247/8807 2489/2227/8808 2372/2258/8809 2490/2257/8810
f 2380/2261/8811 2489/2227/8812 2369/2247/8813 2491/2291/8814
f 2489/2227/8815 2380/2261/8816 2378/2229/8817 2488/2228/8818
f 2488/2228/8819 2378/2229/8820 2374/2230/8821 2487/2231/8822
f 2487/2232/8823 2374/2233/8824 2375/3767/8825 2486/3846/8826
f 2379/2235/8827 2493/2284/8828 2492/2237/8829 2377/2234/8830
f 2381/2283/8831 2494/2285/8832 2493/2284/8833 2379/2235/8834
f 2493/2284/8835 2391/2286/8836 2389/2236/8837 2492/2237/8838
f 2390/2238/8839 2496/2243/8840 2495/3771/8841 2388/3770/8842
f 2392/2288/8843 2497/2287/8844 2496/2242/8845 2390/2239/8846
f 2498/2289/8847 2409/2301/8848 2407/2240/8849 2497/2287/8850
f 2497/2287/8851 2407/2240/8852 2405/2241/8853 2496/2242/8854
f 2496/2243/8855 2405/2244/8856 2401/3772/8857 2495/3771/8858
f 2349/2246/8859 2478/2249/8860 2461/2252/8861 2348/2245/8862
f 2360/2248/8863 2483/2253/8864 2479/2256/8865 2349/2246/8866
f 2369/2247/8867 2490/2257/8868 2484/2260/8869 2360/2248/8870
f 2478/2249/8871 2352/2250/8872 2351/2251/8873 2461/2252/8874
f 2483/2253/8875 2363/2254/8876 2362/2255/8877 2479/2256/8878
f 2490/2257/8879 2372/2258/8880 2371/2259/8881 2484/2260/8882
f 2499/2290/8883 2381/2283/8884 2380/2261/8885 2491/2291/8886
f 2328/2262/8887 2340/2263/8888 2348/2245/8889 2339/2264/8890
f 2404/2266/8891 2501/2273/8892 2500/3799/8893 2403/3773/8894
f 2406/2265/8895 2502/2272/8896 2501/2273/8897 2404/2266/8898
f 2408/2269/8899 2503/2271/8900 2502/2267/8901 2406/2268/8902
f 2410/2300/8903 2504/2270/8904 2503/2271/8905 2408/2269/8906
f 2505/2302/8907 2504/2270/8908 2410/2300/8909 2506/2303/8910
f 2507/2323/8911 2504/2270/8912 2505/2302/8913 2508/2324/8914
f 2504/2270/8915 2507/2323/8916 2509/2280/8917 2503/2271/8918
f 2503/2271/8919 2509/2280/8920 2510/2281/8921 2502/2267/8922
f 2502/2272/8923 2510/2282/8924 2511/2317/8925 2501/2273/8926
f 2501/2273/8927 2511/2317/8928 2512/2319/8929 2500/3799/8930
f 2428/3493/8931 2434/3491/8932 2425/2274/8933 2422/2279/8934
f 2429/2276/8935 2437/2275/8936 2446/3490/8937 2449/3492/8938
f 2411/2278/8939 2433/2277/8940 2437/2275/8941 2429/2276/8942
f 2433/2277/8943 2411/2278/8944 2412/3487/8945 2432/3486/8946
f 2396/2295/8947 2422/2279/8948 2423/2368/8949 2505/2302/8950
f 2507/2323/8951 2514/2322/8952 2513/2307/8953 2509/2280/8954
f 2509/2280/8955 2513/2307/8956 2515/2306/8957 2510/2281/8958
f 2510/2282/8959 2515/2305/8960 2516/2318/8961 2511/2317/8962
f 2370/2384/8963 2383/2381/8964 2517/2298/8965 2369/2247/8966
f 2518/2299/8967 2517/2298/8968 2383/2381/8969 2395/2294/8970
f 2519/2292/8971 2392/2288/8972 2391/2286/8973 2520/2293/8974
f 2494/2285/8975 2381/2283/8976 2499/2290/8977 2517/2298/8978
f 2520/2293/8979 2494/2285/8980 2517/2298/8981 2521/2297/8982
f 2493/2284/8983 2494/2285/8984 2520/2293/8985 2391/2286/8986
f 2519/2292/8987 2498/2289/8988 2497/2287/8989 2392/2288/8990
f 2518/2299/8991 2498/2289/8992 2519/2292/8993 2522/2296/8994
f 2409/2301/8995 2498/2289/8996 2518/2299/8997 2523/2304/8998
f 2517/2298/8999 2499/2290/9000 2491/2291/9001 2369/2247/9002
f 2519/2292/9003 2520/2293/9004 2521/2297/9005 2522/2296/9006
f 2505/2302/9007 2518/2299/9008 2395/2294/9009 2396/2295/9010
f 2522/2296/9011 2521/2297/9012 2517/2298/9013 2518/2299/9014
f 2506/2303/9015 2410/2300/9016 2409/2301/9017 2523/2304/9018
f 2505/2302/9019 2506/2303/9020 2523/2304/9021 2518/2299/9022
f 2516/2318/9023 2526/2315/9024 2525/3809/9025 2524/2320/9026
f 2515/2305/9027 2527/2313/9028 2526/2315/9029 2516/2318/9030
f 2513/2307/9031 2528/2309/9032 2527/2312/9033 2515/2306/9034
f 2514/2322/9035 2529/2308/9036 2528/2309/9037 2513/2307/9038
f 2423/2368/9039 2529/2308/9040 2514/2322/9041 2530/2321/9042
f 2426/2363/9043 2529/2308/9044 2423/2368/9045 2531/2367/9046
f 2529/2308/9047 2426/2363/9048 2420/2310/9049 2528/2309/9050
f 2528/2309/9051 2420/2310/9052 2418/2311/9053 2527/2312/9054
f 2527/2313/9055 2418/2314/9056 2414/2316/9057 2526/2315/9058
f 2526/2315/9059 2414/2316/9060 2415/3479/9061 2525/3809/9062
f 2511/2317/9063 2516/2318/9064 2524/2320/9065 2512/2319/9066
f 2512/2319/9067 2524/2320/9068 2525/3809/9069 2500/3799/9070
f 2423/2368/9071 2530/2321/9072 2508/2324/9073 2505/2302/9074
f 2530/2321/9075 2514/2322/9076 2507/2323/9077 2508/2324/9078
f 2417/2326/9079 2533/2333/9080 2532/3808/9081 2416/3480/9082
f 2419/2325/9083 2534/2332/9084 2533/2333/9085 2417/2326/9086
f 2421/2328/9087 2535/2330/9088 2534/2331/9089 2419/2327/9090
f 2427/2362/9091 2536/2329/9092 2535/2330/9093 2421/2328/9094
f 2424/2365/9095 2536/2329/9096 2427/2362/9097 2537/2366/9098
f 2538/2371/9099 2536/2329/9100 2424/2365/9101 2539/2372/9102
f 2536/2329/9103 2538/2371/9104 2540/2336/9105 2535/2330/9106
f 2535/2330/9107 2540/2336/9108 2541/2335/9109 2534/2331/9110
f 2534/2332/9111 2541/2334/9112 2542/2350/9113 2533/2333/9114
f 2533/2333/9115 2542/2350/9116 2543/2349/9117 2532/3808/9118
f 2544/3518/9119 2547/3495/9120 2546/3489/9121 2545/3521/9122
f 2548/3514/9123 2551/3698/9124 2550/3494/9125 2549/3516/9126
f 2552/3684/9127 2555/3699/9128 2554/3512/9129 2553/3509/9130
f 2556/2346/9131 2557/2351/9132 2542/2350/9133 2541/2334/9134
f 2540/2336/9135 2558/2344/9136 2556/2343/9137 2541/2335/9138
f 2538/2371/9139 2559/2370/9140 2558/2344/9141 2540/2336/9142
f 2560/2354/9143 2563/2353/9144 2562/2339/9145 2561/2337/9146
f 2564/2340/9147 2565/2356/9148 2560/2355/9149 2561/2338/9150
f 2566/2373/9151 2567/3501/9152 2565/2356/9153 2564/2340/9154
f 2568/2364/9155 2424/2365/9156 2425/2274/9157 2435/3520/9158
f 2569/3481/9159 2562/2339/9160 2563/2353/9161 2570/3482/9162
f 2571/2347/9163 2561/2337/9164 2562/2339/9165 2572/2348/9166
f 2573/2345/9167 2564/2340/9168 2561/2338/9169 2571/2342/9170
f 2572/2348/9171 2562/2339/9172 2569/3481/9173 2574/3810/9174
f 2568/2364/9175 2576/2341/9176 2559/2370/9177 2575/2369/9178
f 2566/2373/9179 2576/2341/9180 2568/2364/9181 2577/3505/9182
f 2546/3489/9183 2579/3506/9184 2578/3519/9185 2545/3521/9186
f 2576/2341/9187 2566/2373/9188 2564/2340/9189 2573/2345/9190
f 2573/2345/9191 2558/2344/9192 2559/2370/9193 2576/2341/9194
f 2571/2342/9195 2556/2343/9196 2558/2344/9197 2573/2345/9198
f 2572/2348/9199 2557/2351/9200 2556/2346/9201 2571/2347/9202
f 2574/3810/9203 2580/2352/9204 2557/2351/9205 2572/2348/9206
f 2532/3808/9207 2543/2349/9208 2580/2352/9209 2574/3810/9210
f 2543/2349/9211 2542/2350/9212 2557/2351/9213 2580/2352/9214
f 2563/2353/9215 2582/2361/9216 2581/3811/9217 2570/3482/9218
f 2583/2360/9219 2582/2361/9220 2563/2353/9221 2560/2354/9222
f 2565/2356/9223 2445/2357/9224 2583/2359/9225 2560/2355/9226
f 2567/3501/9227 2444/3508/9228 2445/2357/9229 2565/2356/9230
f 2445/2357/9231 2439/3485/9232 2440/2358/9233 2583/2359/9234
f 2583/2360/9235 2440/2374/9236 2584/2375/9237 2582/2361/9238
f 2582/2361/9239 2584/2375/9240 2585/3483/9241 2581/3811/9242
f 2537/2366/9243 2427/2362/9244 2426/2363/9245 2531/2367/9246
f 2568/2364/9247 2575/2369/9248 2539/2372/9249 2424/2365/9250
f 2424/2365/9251 2537/2366/9252 2531/2367/9253 2423/2368/9254
f 2575/2369/9255 2559/2370/9256 2538/2371/9257 2539/2372/9258
f 2577/3505/9259 2586/3504/9260 2567/3501/9261 2566/2373/9262
f 2440/2374/9263 2441/3451/9264 2587/3452/9265 2584/2375/9266
f 2584/2375/9267 2587/3452/9268 2588/3662/9269 2585/3483/9270
f 2589/3649/9271 2592/3652/9272 2591/3499/9273 2590/3500/9274
f 2591/3499/9275 2592/3652/9276 2594/3655/9277 2593/3502/9278
f 2442/3484/9279 2594/3655/9280 2595/3654/9281 2441/2376/9282
f 2596/3503/9283 2593/3502/9284 2594/3655/9285 2442/3484/9286
f 2597/3759/9287 2399/3758/9288 2450/3498/9289 2598/2378/9290
f 2598/2378/9291 2450/3498/9292 2394/2380/9293 2384/2377/9294
f 2452/2382/9295 2598/2378/9296 2384/2377/9297 2382/2383/9298
f 2453/3760/9299 2597/3759/9300 2598/2378/9301 2452/2382/9302
f 2397/2379/9303 2398/3762/9304 2599/3763/9305 2413/3488/9306
f 2384/2377/9307 2394/2380/9308 2395/2294/9309 2383/2381/9310
f 2373/2191/9311 2452/2382/9312 2382/2383/9313 2370/2384/9314
f 2343/2388/9315 2467/2387/9316 2464/3858/9317 2463/3861/9318
f 2474/3843/9319 2471/3842/9320 2472/2386/9321 2344/2385/9322
f 2344/2385/9323 2472/2386/9324 2467/2387/9325 2343/2388/9326
f 2355/3833/9327 2601/3835/9328 2600/3844/9329 2474/3843/9330
f 2486/3846/9331 2603/3845/9332 2602/3825/9333 2485/3824/9334
f 2375/3767/9335 2605/3780/9336 2604/3847/9337 2486/3846/9338
f 2606/2494/9339 2609/3103/9340 2608/3559/9341 2607/3562/9342
f 3/2389/9343 2611/3197/9344 2610/2391/9345 2/2390/9346
f 2610/2391/9347 2611/3197/9348 2609/3103/9349 2606/2494/9350
f 2/2390/9351 2610/2391/9352 2606/2494/9353 1/2493/9354
f 2612/3085/9355 2614/3040/9356 2613/3090/9357 2101/2392/9358
f 2615/3478/9359 2617/3565/9360 2616/3568/9361 2458/3072/9362
f 2618/2942/9363 2621/2445/9364 2620/3092/9365 2619/2940/9366
f 2622/2908/9367 2623/2443/9368 2621/2445/9369 2618/2942/9370
f 2624/2912/9371 2625/2433/9372 2623/2443/9373 2622/2908/9374
f 2626/2911/9375 2627/2431/9376 2625/2433/9377 2624/2912/9378
f 2628/2877/9379 2629/2429/9380 2627/2431/9381 2626/2911/9382
f 2630/2876/9383 2631/2420/9384 2629/2429/9385 2628/2877/9386
f 2632/2957/9387 2633/2418/9388 2631/2420/9389 2630/2876/9390
f 2634/3122/9391 2635/3121/9392 2633/2418/9393 2632/2957/9394
f 2636/3232/9395 2639/3459/9396 2638/3458/9397 2637/2402/9398
f 2612/3085/9399 2101/2392/9400 2081/3457/9401 2640/3460/9402
f 2641/3563/9403 2644/3560/9404 2643/2491/9405 2642/2496/9406
f 2645/2498/9407 2648/2492/9408 2647/2488/9409 2646/2500/9410
f 2649/2502/9411 2652/2489/9412 2651/2475/9413 2650/2474/9414
f 2653/3100/9415 98/3099/9416 19/2503/9417 2650/2474/9418
f 2654/2471/9419 5/2393/9420 28/2449/9421 2655/2473/9422
f 2656/2469/9423 27/2440/9424 5/2393/9425 2654/2471/9426
f 2657/2465/9427 7/2438/9428 6/2439/9429 2658/2467/9430
f 2659/2461/9431 8/2394/9432 26/2437/9433 2660/2463/9434
f 2661/2459/9435 25/2426/9436 8/2394/9437 2659/2461/9438
f 2662/2453/9439 10/2395/9440 24/2424/9441 2663/2455/9442
f 2664/2451/9443 23/2415/9444 10/2395/9445 2662/2453/9446
f 2665/2482/9447 2666/2485/9448 20/2396/9449 11/2414/9450
f 22/2413/9451 2668/2412/9452 2667/2408/9453 13/3285/9454
f 117/3316/9455 2085/3315/9456 2086/3293/9457 15/3292/9458
f 2669/3205/9459 2643/2491/9460 2644/3560/9461 2670/3558/9462
f 2671/2486/9463 2647/2488/9464 2648/2492/9465 2672/3204/9466
f 2673/2397/9467 2651/2475/9468 2652/2489/9469 2674/2487/9470
f 2675/3094/9471 2676/3096/9472 2651/2475/9473 2673/2397/9474
f 2677/2398/9475 2680/2470/9476 2679/2472/9477 2678/2448/9478
f 2681/2442/9479 2682/2468/9480 2680/2470/9481 2677/2398/9482
f 2683/2435/9483 2686/2464/9484 2685/2466/9485 2684/2441/9486
f 2687/2399/9487 2690/2460/9488 2689/2462/9489 2688/2436/9490
f 2691/2428/9491 2692/2458/9492 2690/2460/9493 2687/2399/9494
f 2693/2400/9495 2696/2452/9496 2695/2454/9497 2694/2423/9498
f 2697/2417/9499 2698/2450/9500 2696/2452/9501 2693/2400/9502
f 2699/2410/9503 2702/2484/9504 2701/2483/9505 2700/2416/9506
f 2703/2404/9507 2706/3286/9508 2705/2406/9509 2704/2401/9510
f 2082/2403/9511 2707/3311/9512 2706/3286/9513 2703/2404/9514
f 20/2396/9515 2666/2485/9516 2708/2481/9517 21/2409/9518
f 2709/3206/9519 2671/2486/9520 2672/3204/9521 2710/3207/9522
f 2711/3209/9523 2673/2397/9524 2674/2487/9525 2712/2490/9526
f 2713/3208/9527 2675/3094/9528 2673/2397/9529 2711/3209/9530
f 2714/2446/9531 2677/2398/9532 2678/2448/9533 2715/2447/9534
f 2716/2444/9535 2681/2442/9536 2677/2398/9537 2714/2446/9538
f 2625/2433/9539 2683/2435/9540 2684/2441/9541 2623/2443/9542
f 2717/2432/9543 2687/2399/9544 2688/2436/9545 2718/2434/9546
f 2719/2430/9547 2691/2428/9548 2687/2399/9549 2717/2432/9550
f 2720/2421/9551 2693/2400/9552 2694/2423/9553 2721/2422/9554
f 2722/2419/9555 2697/2417/9556 2693/2400/9557 2720/2421/9558
f 2635/3121/9559 2699/2410/9560 2700/2416/9561 2633/2418/9562
f 2704/2401/9563 2724/2405/9564 2723/3123/9565 2637/2402/9566
f 2638/3458/9567 2703/2404/9568 2704/2401/9569 2637/2402/9570
f 2638/3458/9571 2081/3457/9572 2082/2403/9573 2703/2404/9574
f 2724/2405/9575 2699/2410/9576 2635/3121/9577 2723/3123/9578
f 2725/2411/9579 2699/2410/9580 2724/2405/9581 2726/2407/9582
f 2726/2407/9583 2724/2405/9584 2704/2401/9585 2705/2406/9586
f 2706/3286/9587 2667/2408/9588 2726/2407/9589 2705/2406/9590
f 2725/2411/9591 2726/2407/9592 2667/2408/9593 2668/2412/9594
f 21/2409/9595 2708/2481/9596 2727/2479/9597 29/2476/9598
f 2728/2480/9599 2702/2484/9600 2699/2410/9601 2725/2411/9602
f 2728/2480/9603 2725/2411/9604 2668/2412/9605 2729/2478/9606
f 12/2477/9607 2729/2478/9608 2668/2412/9609 22/2413/9610
f 2665/2482/9611 11/2414/9612 23/2415/9613 2664/2451/9614
f 2700/2416/9615 2701/2483/9616 2698/2450/9617 2697/2417/9618
f 2633/2418/9619 2700/2416/9620 2697/2417/9621 2722/2419/9622
f 2633/2418/9623 2722/2419/9624 2720/2421/9625 2631/2420/9626
f 2631/2420/9627 2720/2421/9628 2721/2422/9629 2629/2429/9630
f 2694/2423/9631 2730/2427/9632 2629/2429/9633 2721/2422/9634
f 2695/2454/9635 2731/2456/9636 2730/2427/9637 2694/2423/9638
f 24/2424/9639 9/2425/9640 2732/2457/9641 2663/2455/9642
f 2732/2457/9643 9/2425/9644 25/2426/9645 2661/2459/9646
f 2730/2427/9647 2731/2456/9648 2692/2458/9649 2691/2428/9650
f 2629/2429/9651 2730/2427/9652 2691/2428/9653 2719/2430/9654
f 2629/2429/9655 2719/2430/9656 2717/2432/9657 2627/2431/9658
f 2627/2431/9659 2717/2432/9660 2718/2434/9661 2625/2433/9662
f 2688/2436/9663 2683/2435/9664 2625/2433/9665 2718/2434/9666
f 2689/2462/9667 2686/2464/9668 2683/2435/9669 2688/2436/9670
f 26/2437/9671 7/2438/9672 2657/2465/9673 2660/2463/9674
f 2658/2467/9675 6/2439/9676 27/2440/9677 2656/2469/9678
f 2684/2441/9679 2685/2466/9680 2682/2468/9681 2681/2442/9682
f 2623/2443/9683 2684/2441/9684 2681/2442/9685 2716/2444/9686
f 2623/2443/9687 2716/2444/9688 2714/2446/9689 2621/2445/9690
f 2621/2445/9691 2714/2446/9692 2715/2447/9693 2620/3092/9694
f 2678/2448/9695 2733/3093/9696 2620/3092/9697 2715/2447/9698
f 2679/2472/9699 2734/3095/9700 2733/3093/9701 2678/2448/9702
f 28/2449/9703 4/3098/9704 2735/3097/9705 2655/2473/9706
f 2701/2483/9707 2665/2482/9708 2664/2451/9709 2698/2450/9710
f 2698/2450/9711 2664/2451/9712 2662/2453/9713 2696/2452/9714
f 2696/2452/9715 2662/2453/9716 2663/2455/9717 2695/2454/9718
f 2732/2457/9719 2731/2456/9720 2695/2454/9721 2663/2455/9722
f 2731/2456/9723 2732/2457/9724 2661/2459/9725 2692/2458/9726
f 2692/2458/9727 2661/2459/9728 2659/2461/9729 2690/2460/9730
f 2690/2460/9731 2659/2461/9732 2660/2463/9733 2689/2462/9734
f 2657/2465/9735 2686/2464/9736 2689/2462/9737 2660/2463/9738
f 2686/2464/9739 2657/2465/9740 2658/2467/9741 2685/2466/9742
f 2685/2466/9743 2658/2467/9744 2656/2469/9745 2682/2468/9746
f 2682/2468/9747 2656/2469/9748 2654/2471/9749 2680/2470/9750
f 2680/2470/9751 2654/2471/9752 2655/2473/9753 2679/2472/9754
f 2735/3097/9755 2734/3095/9756 2679/2472/9757 2655/2473/9758
f 2676/3096/9759 2653/3100/9760 2650/2474/9761 2651/2475/9762
f 29/2476/9763 2727/2479/9764 2729/2478/9765 12/2477/9766
f 2708/2481/9767 2728/2480/9768 2729/2478/9769 2727/2479/9770
f 2666/2485/9771 2702/2484/9772 2728/2480/9773 2708/2481/9774
f 2665/2482/9775 2701/2483/9776 2702/2484/9777 2666/2485/9778
f 2712/2490/9779 2674/2487/9780 2671/2486/9781 2709/3206/9782
f 2652/2489/9783 2647/2488/9784 2671/2486/9785 2674/2487/9786
f 2646/2500/9787 2647/2488/9788 2652/2489/9789 2649/2502/9790
f 2711/3209/9791 2712/2490/9792 2709/3206/9793 2736/3211/9794
f 2648/2492/9795 2643/2491/9796 2669/3205/9797 2672/3204/9798
f 2642/2496/9799 2643/2491/9800 2648/2492/9801 2645/2498/9802
f 1/2493/9803 2606/2494/9804 2607/3562/9805 16/3561/9806
f 126/3564/9807 2641/3563/9808 2642/2496/9809 17/2495/9810
f 17/2495/9811 2642/2496/9812 2645/2498/9813 31/2497/9814
f 31/2497/9815 2645/2498/9816 2646/2500/9817 18/2499/9818
f 18/2499/9819 2646/2500/9820 2649/2502/9821 30/2501/9822
f 30/2501/9823 2649/2502/9824 2650/2474/9825 19/2503/9826
f 2737/3148/9827 2738/2736/9828 67/2735/9829 32/3149/9830
f 2739/3143/9831 2742/2731/9832 2741/2733/9833 2740/3145/9834
f 2743/2693/9835 2744/2694/9836 42/2510/9837 51/2512/9838
f 2745/2529/9839 2748/2527/9840 2747/2695/9841 2746/2692/9842
f 55/2519/9843 2750/2702/9844 2749/2704/9845 62/2576/9846
f 2751/2726/9847 2752/3136/9848 37/3133/9849 66/2727/9850
f 2753/2757/9851 2756/2756/9852 2755/2725/9853 2754/2753/9854
f 49/2505/9855 58/2544/9856 2757/2547/9857 2805/2506/9858
f 2757/2547/9859 2758/2543/9860 2804/2504/9861 2805/2506/9862
f 2759/4076/9863 2760/4075/9864 2762/3118/9865 2761/2538/9866
f 3912/4234/9867 2766/2507/9868 2765/2515/9869 3911/4232/9870
f 1987/4233/9871 44/2508/9872 2766/2507/9873 3912/4234/9874
f 2758/2543/9875 2767/2604/9876 2803/2605/9877 2804/2504/9878
f 2768/2513/9879 2771/2740/9880 2770/2747/9881 2769/2606/9882
f 2773/3597/9883 2772/3596/9884 2775/2671/9885 2774/2669/9886
f 2779/3572/9887 2778/3603/9888 2777/2684/9889 2776/2680/9890
f 2780/3116/9891 2781/2601/9892 2761/2538/9893 2762/3118/9894
f 2782/2709/9895 2783/3524/9896 56/3527/9897 54/2518/9898
f 2786/3599/9899 2785/3573/9900 2784/2683/9901 2787/2673/9902
f 48/2511/9903 2789/2696/9904 2788/2698/9905 64/2589/9906
f 2790/2597/9907 2793/2620/9908 2792/2622/9909 2791/2588/9910
f 2796/3587/9911 2795/3569/9912 2794/2670/9913 2797/2584/9914
f 2799/3602/9915 2798/3601/9916 2801/2720/9917 2800/2685/9918
f 2765/2515/9919 2804/2504/9920 2803/2605/9921 2802/2609/9922
f 2766/2507/9923 2805/2506/9924 2804/2504/9925 2765/2515/9926
f 49/2505/9927 2805/2506/9928 2766/2507/9929 44/2508/9930
f 3906/4225/9931 2811/3611/9932 2810/3584/9933 3905/4223/9934
f 2812/2602/9935 2815/2603/9936 2814/2542/9937 2813/2539/9938
f 2816/2546/9939 2817/2541/9940 2813/2539/9941 2814/2542/9942
f 45/2545/9943 57/2540/9944 2817/2541/9945 2816/2546/9946
f 2818/2624/9947 2821/2623/9948 2820/2509/9949 2819/2520/9950
f 2822/2514/9951 2824/2528/9952 2823/2530/9953 2768/2513/9954
f 2825/3522/9955 2828/3523/9956 2827/3115/9957 2826/3117/9958
f 2829/3120/9959 2806/4194/9960 2825/3522/9961 2826/3117/9962
f 133/3119/9963 39/4195/9964 2806/4194/9965 2829/3120/9966
f 2819/2520/9967 2820/2509/9968 2831/2583/9969 2830/2668/9970
f 2830/2668/9971 2833/2667/9972 2832/2587/9973 2819/2520/9974
f 2784/2683/9975 2835/2682/9976 2834/2674/9977 2787/2673/9978
f 2776/2680/9979 2777/2684/9980 2837/2687/9981 2836/2681/9982
f 2801/2720/9983 2839/2719/9984 2838/2686/9985 2800/2685/9986
f 3896/4206/9987 3897/4207/9988 2842/3576/9989 2858/3580/9990
f 2844/3574/9991 2847/3577/9992 3898/4209/9993 3899/4211/9994
f 2848/3609/9995 3902/4217/9996 3903/4219/9997 2849/3570/9998
f 2852/3583/9999 2849/3570/10000 3903/4219/10001 3904/4221/10002
f 2820/2509/10003 2822/2514/10004 2854/2608/10005 2831/2583/10006
f 2821/2623/10007 2824/2528/10008 2822/2514/10009 2820/2509/10010
f 2748/2527/10011 2856/2621/10012 2855/2697/10013 2747/2695/10014
f 42/2510/10015 2744/2694/10016 2789/2696/10017 48/2511/10018
f 40/2728/10019 53/2517/10020 2860/2744/10021 2859/2745/10022
f 2823/2530/10023 2861/2741/10024 2771/2740/10025 2768/2513/10026
f 2862/2531/10027 2745/2529/10028 2746/2692/10029 2863/2690/10030
f 2864/2691/10031 2743/2693/10032 51/2512/10033 52/2516/10034
f 2768/2513/10035 2769/2606/10036 2854/2608/10037 2822/2514/10038
f 3910/4231/10039 3911/4232/10040 2765/2515/10041 2802/2609/10042
f 2769/2606/10043 2868/2724/10044 2867/2582/10045 2866/4507/10046
f 2771/2740/10047 2870/2751/10048 2869/2750/10049 2770/2747/10050
f 2871/2732/10051 2862/2531/10052 2863/2690/10053 2872/2734/10054
f 2873/2737/10055 2864/2691/10056 52/2516/10057 33/2738/10058
f 2865/4237/10059 2756/2756/10060 2874/2755/10061 2764/4240/10062
f 2860/2744/10063 2763/4244/10064 2764/4240/10065 2874/2755/10066
f 53/2517/10067 50/4241/10068 2763/4244/10069 2860/2744/10070
f 2875/2594/10071 2878/2595/10072 2877/2628/10073 2876/2651/10074
f 2879/2721/10075 2882/2592/10076 2881/2647/10077 2880/2645/10078
f 2882/2592/10079 2884/2593/10080 2883/2650/10081 2881/2647/10082
f 2885/2707/10083 2782/2709/10084 54/2518/10085 41/2577/10086
f 2877/2628/10087 2878/2595/10088 2887/2596/10089 2886/2630/10090
f 2888/2701/10091 2750/2702/10092 55/2519/10093 34/2590/10094
f 2889/2629/10095 2892/2549/10096 2891/2551/10097 2890/2627/10098
f 2893/2649/10099 2896/2574/10100 2895/2553/10101 2894/2646/10102
f 2894/2646/10103 2895/2553/10104 2898/2556/10105 2897/2644/10106
f 2899/2600/10107 2818/2624/10108 2819/2520/10109 2832/2587/10110
f 2900/2688/10111 2903/2660/10112 2902/2663/10113 2901/2666/10114
f 2785/3573/10115 2779/3572/10116 2776/2680/10117 2784/2683/10118
f 2904/2548/10119 2907/2526/10120 2906/2521/10121 2905/2598/10122
f 2908/2616/10123 2909/2614/10124 2905/2598/10125 2906/2521/10126
f 2910/2550/10127 2913/2535/10128 2912/2532/10129 2911/2552/10130
f 2914/2572/10131 2917/2570/10132 2916/2523/10133 2915/2554/10134
f 2915/2554/10135 2916/2523/10136 2919/2537/10137 2918/2555/10138
f 2920/2565/10139 2921/2567/10140 2907/2526/10141 2904/2548/10142
f 2907/2526/10143 2923/2525/10144 2922/2522/10145 2906/2521/10146
f 2924/2617/10147 2908/2616/10148 2906/2521/10149 2922/2522/10150
f 2913/2535/10151 2926/2534/10152 2925/2533/10153 2912/2532/10154
f 2917/2570/10155 2928/2568/10156 2927/2524/10157 2916/2523/10158
f 2916/2523/10159 2927/2524/10160 2929/2536/10161 2919/2537/10162
f 2921/2567/10163 2930/2566/10164 2923/2525/10165 2907/2526/10166
f 2856/2621/10167 2748/2527/10168 2824/2528/10169 2821/2623/10170
f 2748/2527/10171 2745/2529/10172 2823/2530/10173 2824/2528/10174
f 2745/2529/10175 2862/2531/10176 2861/2741/10177 2823/2530/10178
f 2862/2531/10179 2871/2732/10180 2931/2742/10181 2861/2741/10182
f 2742/2731/10183 2739/3143/10184 2933/3140/10185 2932/2730/10186
f 2934/2575/10187 2935/2648/10188 2890/2627/10189 2891/2551/10190
f 2936/2571/10191 2937/2573/10192 2911/2552/10193 2912/2532/10194
f 2938/2569/10195 2936/2571/10196 2912/2532/10197 2925/2533/10198
f 2939/4067/10199 2942/4070/10200 2941/2561/10201 2940/2559/10202
f 2943/4071/10203 2942/4070/10204 2939/4067/10205 3791/4066/10206
f 2944/3600/10207 2786/3599/10208 2787/2673/10209 2945/2677/10210
f 2946/2655/10211 2947/2654/10212 2899/2600/10213 2832/2587/10214
f 2775/2671/10215 2948/2652/10216 2833/2667/10217 2774/2669/10218
f 2892/2549/10219 2889/2629/10220 2950/2631/10221 2949/2613/10222
f 2951/2619/10223 2913/2535/10224 2910/2550/10225 2952/2615/10226
f 2953/2618/10227 2926/2534/10228 2913/2535/10229 2951/2619/10230
f 2954/3525/10231 2955/4281/10232 35/3174/10233 125/3526/10234
f 2956/2722/10235 2959/2643/10236 2958/2657/10237 2957/2723/10238
f 2898/2556/10239 2961/2558/10240 2960/2642/10241 2897/2644/10242
f 2919/2537/10243 2963/4068/10244 2962/2560/10245 2918/2555/10246
f 2929/2536/10247 2964/4065/10248 2963/4068/10249 2919/2537/10250
f 2965/3605/10251 2844/3574/10252 3899/4211/10253 3900/4213/10254
f 2781/2601/10255 2812/2602/10256 2813/2539/10257 2761/2538/10258
f 2817/2541/10259 2759/4076/10260 2761/2538/10261 2813/2539/10262
f 57/2540/10263 38/4073/10264 2759/4076/10265 2817/2541/10266
f 2847/3577/10267 2842/3576/10268 3897/4207/10269 3898/4209/10270
f 2815/2603/10271 2767/2604/10272 2758/2543/10273 2814/2542/10274
f 2757/2547/10275 2816/2546/10276 2814/2542/10277 2758/2543/10278
f 58/2544/10279 45/2545/10280 2816/2546/10281 2757/2547/10282
f 2956/2722/10283 2879/2721/10284 2880/2645/10285 2959/2643/10286
f 2967/2711/10287 61/2557/10288 46/3171/10289 2968/3176/10290
f 2969/3139/10291 2972/3141/10292 2971/3743/10293 2970/3737/10294
f 2973/3101/10295 2974/3135/10296 2969/3134/10297 2970/3102/10298
f 60/2762/10299 105/3132/10300 2974/3135/10301 2973/3101/10302
f 2920/2565/10303 2904/2548/10304 2976/2580/10305 2975/2579/10306
f 2977/2599/10307 2976/2580/10308 2904/2548/10309 2905/2598/10310
f 2910/2550/10311 2892/2549/10312 2949/2613/10313 2952/2615/10314
f 2891/2551/10315 2892/2549/10316 2910/2550/10317 2911/2552/10318
f 2937/2573/10319 2934/2575/10320 2891/2551/10321 2911/2552/10322
f 2895/2553/10323 2896/2574/10324 2914/2572/10325 2915/2554/10326
f 2898/2556/10327 2895/2553/10328 2915/2554/10329 2918/2555/10330
f 2918/2555/10331 2962/2560/10332 2961/2558/10333 2898/2556/10334
f 2900/2688/10335 2979/2718/10336 2978/2658/10337 2903/2660/10338
f 2980/2586/10339 2967/2711/10340 2982/2710/10341 2981/2591/10342
f 2980/2586/10343 36/2585/10344 61/2557/10345 2967/2711/10346
f 2983/2563/10347 2986/2562/10348 2985/2640/10349 2984/2641/10350
f 2960/2642/10351 2961/2558/10352 2983/2563/10353 2984/2641/10354
f 2940/2559/10355 2983/2563/10356 2961/2558/10357 2962/2560/10358
f 2963/4068/10359 2939/4067/10360 2940/2559/10361 2962/2560/10362
f 2985/2640/10363 2986/2562/10364 2988/2578/10365 2987/2639/10366
f 2941/2561/10367 2989/2564/10368 2988/2578/10369 2986/2562/10370
f 2941/2561/10371 2942/4070/10372 2990/4069/10373 2989/2564/10374
f 2941/2561/10375 2986/2562/10376 2983/2563/10377 2940/2559/10378
f 2989/2564/10379 2920/2565/10380 2975/2579/10381 2988/2578/10382
f 2989/2564/10383 2990/4069/10384 2921/2567/10385 2920/2565/10386
f 3792/4072/10387 2930/2566/10388 2921/2567/10389 2990/4069/10390
f 2928/2568/10391 2917/2570/10392 2936/2571/10393 2938/2569/10394
f 2917/2570/10395 2914/2572/10396 2937/2573/10397 2936/2571/10398
f 2914/2572/10399 2896/2574/10400 2934/2575/10401 2937/2573/10402
f 2896/2574/10403 2893/2649/10404 2935/2648/10405 2934/2575/10406
f 2884/2593/10407 2875/2594/10408 2876/2651/10409 2883/2650/10410
f 62/2576/10411 2749/2704/10412 2885/2707/10413 41/2577/10414
f 2991/2638/10415 2987/2639/10416 2988/2578/10417 2975/2579/10418
f 2992/2637/10419 2991/2638/10420 2975/2579/10421 2976/2580/10422
f 2993/2636/10423 2992/2637/10424 2976/2580/10425 2977/2599/10426
f 2831/2583/10427 2854/2608/10428 2994/2607/10429 2797/2584/10430
f 3896/4206/10431 2858/3580/10432 2996/3590/10433 3895/4203/10434
f 3893/2581/10435 2998/3593/10436 2866/4507/10437 2867/2582/10438
f 2997/3582/10439 2999/3588/10440 2994/2607/10441 2866/4507/10442
f 2830/2668/10443 2831/2583/10444 2797/2584/10445 2794/2670/10446
f 2980/2586/10447 3000/3111/10448 63/3110/10449 36/2585/10450
f 3000/3111/10451 2980/2586/10452 2981/2591/10453 2839/2719/10454
f 2839/2719/10455 2981/2591/10456 3001/2713/10457 2838/2686/10458
f 3001/2713/10459 3002/2712/10460 2837/2687/10461 2838/2686/10462
f 3003/2676/10463 3004/2664/10464 2946/2655/10465 2948/2652/10466
f 2833/2667/10467 2948/2652/10468 2946/2655/10469 2832/2587/10470
f 3005/2625/10471 2791/2588/10472 2792/2622/10473 3006/2626/10474
f 2947/2654/10475 3008/2653/10476 3007/2635/10477 2899/2600/10478
f 3005/2625/10479 3009/2632/10480 2886/2630/10481 2791/2588/10482
f 2887/2596/10483 2790/2597/10484 2791/2588/10485 2886/2630/10486
f 64/2589/10487 2788/2698/10488 2888/2701/10489 34/2590/10490
f 2981/2591/10491 2982/2710/10492 3010/2715/10493 3001/2713/10494
f 3011/3531/10495 3012/2708/10496 2882/2592/10497 2879/2721/10498
f 3012/2708/10499 3013/2706/10500 2884/2593/10501 2882/2592/10502
f 3013/2706/10503 3014/2705/10504 2875/2594/10505 2884/2593/10506
f 3014/2705/10507 3015/2703/10508 2878/2595/10509 2875/2594/10510
f 3015/2703/10511 3016/2700/10512 2887/2596/10513 2878/2595/10514
f 3016/2700/10515 3017/2699/10516 2790/2597/10517 2887/2596/10518
f 3017/2699/10519 2855/2697/10520 2793/2620/10521 2790/2597/10522
f 2902/2663/10523 3018/2662/10524 2946/2655/10525 3004/2664/10526
f 3019/2612/10527 2977/2599/10528 2905/2598/10529 2909/2614/10530
f 3020/2634/10531 2993/2636/10532 2977/2599/10533 3019/2612/10534
f 2899/2600/10535 3007/2635/10536 3021/2633/10537 2818/2624/10538
f 3905/4223/10539 2810/3584/10540 2852/3583/10541 3904/4221/10542
f 2827/3115/10543 2828/3523/10544 2850/4220/10545 2851/4218/10546
f 2781/2601/10547 2780/3116/10548 3022/4215/10549 2966/4214/10550
f 2966/4214/10551 2845/4212/10552 2812/2602/10553 2781/2601/10554
f 2845/4212/10555 2846/4210/10556 2815/2603/10557 2812/2602/10558
f 2846/4210/10559 2843/4208/10560 2767/2604/10561 2815/2603/10562
f 2803/2605/10563 2767/2604/10564 2843/4208/10565 2857/4205/10566
f 2802/2609/10567 2803/2605/10568 2857/4205/10569 2995/4204/10570
f 2999/3588/10571 2796/3587/10572 2797/2584/10573 2994/2607/10574
f 2769/2606/10575 2866/4507/10576 2994/2607/10577 2854/2608/10578
f 3895/4203/10579 2996/3590/10580 3024/2610/10581 3894/4201/10582
f 3910/4231/10583 2802/2609/10584 2995/4204/10585 3023/4202/10586
f 3024/2610/10587 2998/2611/10588 3893/4200/10589 3894/4201/10590
f 2818/2624/10591 3021/2633/10592 3009/2632/10593 3005/2625/10594
f 3020/2634/10595 3019/2612/10596 2949/2613/10597 2950/2631/10598
f 3019/2612/10599 2909/2614/10600 2952/2615/10601 2949/2613/10602
f 2909/2614/10603 2908/2616/10604 2951/2619/10605 2952/2615/10606
f 2908/2616/10607 2924/2617/10608 2953/2618/10609 2951/2619/10610
f 2855/2697/10611 2856/2621/10612 2792/2622/10613 2793/2620/10614
f 2856/2621/10615 2821/2623/10616 3006/2626/10617 2792/2622/10618
f 2821/2623/10619 2818/2624/10620 3005/2625/10621 3006/2626/10622
f 2935/2648/10623 2876/2651/10624 2877/2628/10625 2890/2627/10626
f 2886/2630/10627 2889/2629/10628 2890/2627/10629 2877/2628/10630
f 2950/2631/10631 2889/2629/10632 2886/2630/10633 3009/2632/10634
f 3021/2633/10635 3020/2634/10636 2950/2631/10637 3009/2632/10638
f 3021/2633/10639 3007/2635/10640 2993/2636/10641 3020/2634/10642
f 3007/2635/10643 3008/2653/10644 2992/2637/10645 2993/2636/10646
f 3008/2653/10647 3018/2662/10648 2991/2638/10649 2992/2637/10650
f 3018/2662/10651 3025/2661/10652 2987/2639/10653 2991/2638/10654
f 3026/2659/10655 2985/2640/10656 2987/2639/10657 3025/2661/10658
f 2984/2641/10659 2985/2640/10660 3026/2659/10661 2958/2657/10662
f 2959/2643/10663 2960/2642/10664 2984/2641/10665 2958/2657/10666
f 2897/2644/10667 2960/2642/10668 2959/2643/10669 2880/2645/10670
f 2881/2647/10671 2894/2646/10672 2897/2644/10673 2880/2645/10674
f 2883/2650/10675 2893/2649/10676 2894/2646/10677 2881/2647/10678
f 2935/2648/10679 2893/2649/10680 2883/2650/10681 2876/2651/10682
f 3027/2678/10683 3003/2676/10684 2948/2652/10685 2775/2671/10686
f 3018/2662/10687 3008/2653/10688 2947/2654/10689 2946/2655/10690
f 3031/3175/10691 3030/3172/10692 3029/2656/10693 3028/2716/10694
f 2957/2723/10695 2958/2657/10696 3032/2714/10697 3029/2656/10698
f 3030/3172/10699 3033/3532/10700 2957/2723/10701 3029/2656/10702
f 2978/2658/10703 3032/2714/10704 2958/2657/10705 3026/2659/10706
f 2903/2660/10707 2978/2658/10708 3026/2659/10709 3025/2661/10710
f 2902/2663/10711 2903/2660/10712 3025/2661/10713 3018/2662/10714
f 3034/2679/10715 3035/2672/10716 2834/2674/10717 2835/2682/10718
f 3034/2679/10719 2901/2666/10720 3036/2665/10721 3035/2672/10722
f 3037/2675/10723 3036/2665/10724 3004/2664/10725 3003/2676/10726
f 2902/2663/10727 3004/2664/10728 3036/2665/10729 2901/2666/10730
f 2794/2670/10731 2774/2669/10732 2833/2667/10733 2830/2668/10734
f 2795/3569/10735 2773/3597/10736 2774/2669/10737 2794/2670/10738
f 2772/3596/10739 3038/3598/10740 3027/2678/10741 2775/2671/10742
f 3036/2665/10743 3037/2675/10744 2834/2674/10745 3035/2672/10746
f 2787/2673/10747 2834/2674/10748 3037/2675/10749 2945/2677/10750
f 2945/2677/10751 3037/2675/10752 3003/2676/10753 3027/2678/10754
f 3038/3598/10755 2944/3600/10756 2945/2677/10757 3027/2678/10758
f 3039/2689/10759 2900/2688/10760 2901/2666/10761 3034/2679/10762
f 2836/2681/10763 3039/2689/10764 3034/2679/10765 2835/2682/10766
f 2776/2680/10767 2836/2681/10768 2835/2682/10769 2784/2683/10770
f 2778/3603/10771 2799/3602/10772 2800/2685/10773 2777/2684/10774
f 2777/2684/10775 2800/2685/10776 2838/2686/10777 2837/2687/10778
f 2900/2688/10779 3039/2689/10780 3002/2712/10781 2979/2718/10782
f 2836/2681/10783 2837/2687/10784 3002/2712/10785 3039/2689/10786
f 2740/3145/10787 2741/2733/10788 2738/2736/10789 2737/3148/10790
f 2872/2734/10791 2863/2690/10792 2864/2691/10793 2873/2737/10794
f 2863/2690/10795 2746/2692/10796 2743/2693/10797 2864/2691/10798
f 2746/2692/10799 2747/2695/10800 2744/2694/10801 2743/2693/10802
f 2789/2696/10803 2744/2694/10804 2747/2695/10805 2855/2697/10806
f 2788/2698/10807 2789/2696/10808 2855/2697/10809 3017/2699/10810
f 2888/2701/10811 2788/2698/10812 3017/2699/10813 3016/2700/10814
f 3016/2700/10815 3015/2703/10816 2750/2702/10817 2888/2701/10818
f 2749/2704/10819 2750/2702/10820 3015/2703/10821 3014/2705/10822
f 2885/2707/10823 2749/2704/10824 3014/2705/10825 3013/2706/10826
f 3013/2706/10827 3012/2708/10828 2782/2709/10829 2885/2707/10830
f 3012/2708/10831 3011/3531/10832 2783/3524/10833 2782/2709/10834
f 2982/2710/10835 3031/3175/10836 3028/2716/10837 3010/2715/10838
f 2968/3176/10839 3031/3175/10840 2982/2710/10841 2967/2711/10842
f 2979/2718/10843 3040/2717/10844 3032/2714/10845 2978/2658/10846
f 2979/2718/10847 3002/2712/10848 3001/2713/10849 3010/2715/10850
f 3040/2717/10851 3028/2716/10852 3029/2656/10853 3032/2714/10854
f 3010/2715/10855 3028/2716/10856 3040/2717/10857 2979/2718/10858
f 3041/3112/10859 3000/3111/10860 2839/2719/10861 2801/2720/10862
f 2798/3601/10863 3042/3604/10864 3041/3112/10865 2801/2720/10866
f 3043/3529/10867 2955/4281/10868 2954/3525/10869 3044/3530/10870
f 3045/3528/10871 3011/3531/10872 2879/2721/10873 2956/2722/10874
f 3033/3532/10875 3045/3528/10876 2956/2722/10877 2957/2723/10878
f 2769/2606/10879 2770/2747/10880 2755/2748/10881 2868/2724/10882
f 2865/4237/10883 2868/4236/10884 2755/2725/10885 2756/2756/10886
f 3046/2729/10887 2932/2730/10888 2933/3140/10889 3047/3138/10890
f 3048/2746/10891 3046/2739/10892 2751/2726/10893 2859/2745/10894
f 2859/2745/10895 2751/2726/10896 66/2727/10897 40/2728/10898
f 3048/2743/10899 2931/2742/10900 2932/2730/10901 3046/2729/10902
f 2871/2732/10903 2742/2731/10904 2932/2730/10905 2931/2742/10906
f 2741/2733/10907 2742/2731/10908 2871/2732/10909 2872/2734/10910
f 2738/2736/10911 2741/2733/10912 2872/2734/10913 2873/2737/10914
f 67/2735/10915 2738/2736/10916 2873/2737/10917 33/2738/10918
f 2751/2726/10919 3046/2739/10920 3047/3137/10921 2752/3136/10922
f 2771/2740/10923 2861/2741/10924 2931/2742/10925 2870/2751/10926
f 3049/2752/10927 2870/2751/10928 2931/2742/10929 3048/2743/10930
f 2874/2755/10931 3050/2758/10932 2859/2745/10933 2860/2744/10934
f 2859/2745/10935 3050/2758/10936 3049/2754/10937 3048/2746/10938
f 2770/2747/10939 2869/2750/10940 2754/2749/10941 2755/2748/10942
f 2754/2749/10943 2869/2750/10944 2870/2751/10945 3049/2752/10946
f 3050/2758/10947 2753/2757/10948 2754/2753/10949 3049/2754/10950
f 2874/2755/10951 2756/2756/10952 2753/2757/10953 3050/2758/10954
f 3051/3202/10955 3054/3200/10956 3053/3753/10957 3052/3752/10958
f 3055/2761/10959 2970/3102/10960 3057/2759/10961 3056/2760/10962
f 3058/3339/10963 2970/3102/10964 3055/2761/10965 3059/3340/10966
f 121/3335/10967 60/2762/10968 2973/3101/10969 3060/3337/10970
f 3061/2992/10971 3064/2838/10972 3063/3980/10973 3062/3982/10974
f 3065/2872/10975 3068/2808/10976 3067/2870/10977 3066/2873/10978
f 3069/2975/10979 3072/2974/10980 3071/2973/10981 3070/2998/10982
f 3073/2904/10983 3076/2817/10984 3075/2902/10985 3074/2905/10986
f 3077/2938/10987 3080/2935/10988 3079/2934/10989 3078/2900/10990
f 3081/3866/10991 3084/3868/10992 3083/4299/10993 3082/2799/10994
f 3085/2840/10995 3088/3047/10996 3087/3063/10997 3086/3067/10998
f 3089/2812/10999 3092/2813/11000 3091/2773/11001 3090/2770/11002
f 3093/2771/11003 3096/2772/11004 3095/2782/11005 3094/2779/11006
f 3097/3990/11007 3100/3017/11008 3099/3008/11009 3098/3992/11010
f 3101/3994/11011 3104/3007/11012 3103/2807/11013 3102/3996/11014
f 3105/2816/11015 3108/4000/11016 3107/3998/11017 3106/2806/11018
f 3109/2775/11019 3112/4004/11020 3111/4002/11021 3110/2815/11022
f 3113/2784/11023 3116/4008/11024 3115/4006/11025 3114/2774/11026
f 3104/3007/11027 3118/3006/11028 3117/2869/11029 3103/2807/11030
f 3119/2901/11031 3105/2816/11032 3106/2806/11033 3120/2906/11034
f 3079/2934/11035 3109/2775/11036 3110/2815/11037 3078/2900/11038
f 3121/2786/11039 3124/2933/11040 3123/2776/11041 3122/2787/11042
f 3125/2788/11043 3128/3217/11044 3127/3215/11045 3126/2798/11046
f 3129/2766/11047 3130/3075/11048 69/3078/11049 71/2763/11050
f 3131/2780/11051 3134/2781/11052 3133/2793/11053 3132/2790/11054
f 93/2094/11055 3135/2765/11056 3129/2766/11057 71/2763/11058
f 3129/2766/11059 3137/4309/11060 3136/3749/11061 3130/3075/11062
f 3934/4266/11063 1563/2764/11064 76/2767/11065 3490/4267/11066
f 3142/3037/11067 3145/3987/11068 3144/3014/11069 3143/3381/11070
f 3123/2776/11071 3147/2830/11072 3146/3216/11073 3122/2787/11074
f 3148/2936/11075 3151/2881/11076 3150/2915/11077 3149/2937/11078
f 3152/2898/11079 3153/2832/11080 3076/2817/11081 3073/2904/11082
f 3154/2867/11083 3155/2834/11084 3068/2808/11085 3065/2872/11086
f 3156/2972/11087 3158/3020/11088 3157/3027/11089 3071/2973/11090
f 3159/2977/11091 3162/2836/11092 3161/2960/11093 3160/2978/11094
f 3121/2786/11095 3113/2784/11096 3114/2774/11097 3124/2933/11098
f 3163/2795/11099 3166/2783/11100 3165/2785/11101 3164/2797/11102
f 3167/4012/11103 3168/4010/11104 3166/2783/11105 3163/2795/11106
f 3082/2799/11107 3083/4299/11108 3170/4298/11109 3169/2796/11110
f 3164/2797/11111 3165/2785/11112 3125/2788/11113 3126/2798/11114
f 3135/2765/11115 3173/4306/11116 3137/4309/11117 3129/2766/11118
f 70/2847/11119 3175/2841/11120 3174/3066/11121 75/2818/11122
f 3176/3036/11123 3177/3034/11124 3064/2838/11125 3061/2992/11126
f 80/2810/11127 3089/2812/11128 3090/2770/11129 77/2769/11130
f 3094/2779/11131 78/2778/11132 72/2768/11133 3093/2771/11134
f 3132/2790/11135 79/2789/11136 73/2777/11137 3131/2780/11138
f 3490/4267/11139 76/2767/11140 1209/2851/11141 3491/4268/11142
f 3091/2773/11143 3092/2813/11144 3179/4001/11145 3178/4003/11146
f 3180/4007/11147 3095/2782/11148 3096/2772/11149 3181/4005/11150
f 3133/2793/11151 3134/2781/11152 3183/4009/11153 3182/4011/11154
f 3187/2993/11155 3190/3018/11156 3189/3988/11157 3188/3986/11158
f 3945/4301/11159 3191/2794/11160 3169/2796/11161 3170/4298/11162
f 3192/4014/11163 3191/2794/11164 3945/4301/11165 3946/4303/11166
f 3093/2771/11167 72/2768/11168 77/2769/11169 3090/2770/11170
f 3090/2770/11171 3091/2773/11172 3096/2772/11173 3093/2771/11174
f 3181/4005/11175 3096/2772/11176 3091/2773/11177 3178/4003/11178
f 3114/2774/11179 3115/4006/11180 3112/4004/11181 3109/2775/11182
f 3124/2933/11183 3114/2774/11184 3109/2775/11185 3079/2934/11186
f 3193/2931/11187 3123/2776/11188 3124/2933/11189 3194/2932/11190
f 3193/2931/11191 3195/2929/11192 3147/2830/11193 3123/2776/11194
f 3131/2780/11195 73/2777/11196 78/2778/11197 3094/2779/11198
f 3094/2779/11199 3095/2782/11200 3134/2781/11201 3131/2780/11202
f 3183/4009/11203 3134/2781/11204 3095/2782/11205 3180/4007/11206
f 3166/2783/11207 3168/4010/11208 3116/4008/11209 3113/2784/11210
f 3165/2785/11211 3166/2783/11212 3113/2784/11213 3121/2786/11214
f 3165/2785/11215 3121/2786/11216 3122/2787/11217 3125/2788/11218
f 3122/2787/11219 3146/3216/11220 3128/3217/11221 3125/2788/11222
f 3083/4299/11223 3084/3868/11224 3196/3871/11225 3171/4300/11226
f 3138/2791/11227 74/2093/11228 79/2789/11229 3132/2790/11230
f 3132/2790/11231 3133/2793/11232 3141/2792/11233 3138/2791/11234
f 3141/2792/11235 3133/2793/11236 3182/4011/11237 3184/4013/11238
f 3192/4014/11239 3167/4012/11240 3163/2795/11241 3191/2794/11242
f 3191/2794/11243 3163/2795/11244 3164/2797/11245 3169/2796/11246
f 3169/2796/11247 3164/2797/11248 3126/2798/11249 3082/2799/11250
f 3126/2798/11251 3127/3215/11252 3081/3866/11253 3082/2799/11254
f 3197/2814/11255 3200/2804/11256 3199/3997/11257 3198/3999/11258
f 3201/2803/11259 3200/2804/11260 3197/2814/11261 3202/2811/11262
f 81/2801/11263 3201/2803/11264 3202/2811/11265 85/2809/11266
f 3203/3993/11267 3206/3995/11268 3205/2805/11269 3204/3003/11270
f 3207/3001/11271 3204/3003/11272 3205/2805/11273 3208/2802/11274
f 82/3000/11275 3207/3001/11276 3208/2802/11277 84/2800/11278
f 3209/3991/11279 3212/3004/11280 3211/3013/11281 3210/3989/11282
f 3213/3011/11283 3211/3013/11284 3212/3004/11285 3214/3002/11286
f 83/3009/11287 3213/3011/11288 3214/3002/11289 94/2999/11290
f 3215/3387/11291 3143/3381/11292 3144/3014/11293 3216/3012/11294
f 95/3010/11295 122/3384/11296 3215/3387/11297 3216/3012/11298
f 84/2800/11299 3208/2802/11300 3201/2803/11301 81/2801/11302
f 3208/2802/11303 3205/2805/11304 3200/2804/11305 3201/2803/11306
f 3200/2804/11307 3205/2805/11308 3206/3995/11309 3199/3997/11310
f 3103/2807/11311 3106/2806/11312 3107/3998/11313 3102/3996/11314
f 3117/2869/11315 3120/2906/11316 3106/2806/11317 3103/2807/11318
f 3068/2808/11319 3218/2853/11320 3217/2868/11321 3067/2870/11322
f 3068/2808/11323 3155/2834/11324 3219/2854/11325 3218/2853/11326
f 85/2809/11327 3202/2811/11328 3089/2812/11329 80/2810/11330
f 3202/2811/11331 3197/2814/11332 3092/2813/11333 3089/2812/11334
f 3092/2813/11335 3197/2814/11336 3198/3999/11337 3179/4001/11338
f 3110/2815/11339 3111/4002/11340 3108/4000/11341 3105/2816/11342
f 3078/2900/11343 3110/2815/11344 3105/2816/11345 3119/2901/11346
f 3076/2817/11347 3221/2880/11348 3220/2899/11349 3075/2902/11350
f 3076/2817/11351 3153/2832/11352 3222/2882/11353 3221/2880/11354
f 3118/3006/11355 3225/2959/11356 3224/2955/11357 3223/2871/11358
f 3226/2954/11359 3227/2866/11360 3223/2871/11361 3224/2955/11362
f 3228/2991/11363 3229/2989/11364 3162/2836/11365 3159/2977/11366
f 3230/2995/11367 3228/2991/11368 3159/2977/11369 3231/2976/11370
f 3232/3985/11371 3233/2994/11372 3187/2993/11373 3188/3986/11374
f 3061/2992/11375 3142/3037/11376 3234/3038/11377 3176/3036/11378
f 3235/3379/11379 3237/3378/11380 3215/3387/11381 3236/3383/11382
f 87/3070/11383 75/2818/11384 3174/3066/11385 3238/3065/11386
f 3239/3015/11387 3190/3018/11388 3187/2993/11389 3231/2976/11390
f 3240/3386/11391 3242/3071/11392 3238/3065/11393 3241/3068/11394
f 3174/3066/11395 3175/2841/11396 3085/2840/11397 3086/3067/11398
f 3243/2927/11399 3246/2925/11400 3245/2822/11401 3244/2829/11402
f 3247/2831/11403 3250/2824/11404 3249/2883/11405 3248/2886/11406
f 3251/2833/11407 3254/2823/11408 3253/2855/11409 3252/2856/11410
f 3255/2952/11411 3258/2950/11412 3257/2862/11413 3256/2864/11414
f 3259/2835/11415 3262/2819/11416 3261/2961/11417 3260/2962/11418
f 3263/2837/11419 3266/2820/11420 3265/3976/11421 3264/3978/11422
f 3267/2821/11423 3270/3048/11424 3269/3049/11425 3268/2839/11426
f 3271/2885/11427 3274/2884/11428 3273/2916/11429 3272/2917/11430
f 3275/2987/11431 3276/2985/11432 3262/2819/11433 3259/2835/11434
f 3277/3032/11435 3278/3031/11436 3266/2820/11437 3263/2837/11438
f 3279/3371/11439 3280/3370/11440 3267/2821/11441 3268/2839/11442
f 3244/2829/11443 3245/2822/11444 3282/3218/11445 3281/3219/11446
f 3283/2865/11447 3284/2863/11448 3254/2823/11449 3251/2833/11450
f 3285/2896/11451 3286/2894/11452 3250/2824/11453 3247/2831/11454
f 3287/2968/11455 3290/3021/11456 3289/3024/11457 3288/2970/11458
f 3246/2923/11459 3292/2922/11460 3291/2941/11461 3245/2826/11462
f 3250/2828/11463 3294/2842/11464 3293/2910/11465 3249/2888/11466
f 3254/2827/11467 3296/2843/11468 3295/2875/11469 3253/2857/11470
f 3258/2948/11471 3298/2947/11472 3297/2859/11473 3257/2858/11474
f 3262/2825/11475 3300/3041/11476 3299/2964/11477 3261/2963/11478
f 3266/3044/11479 3302/3088/11480 3301/3972/11481 3265/3975/11482
f 3303/3185/11483 3304/3153/11484 3270/3050/11485 3267/2846/11486
f 3274/2887/11487 3306/2909/11488 3305/2919/11489 3273/2918/11490
f 3276/2983/11491 3307/2982/11492 3300/3041/11493 3262/2825/11494
f 3308/3043/11495 3310/3390/11496 3309/3394/11497 3302/3088/11498
f 3245/2826/11499 3291/2941/11500 3311/3224/11501 3282/3225/11502
f 3284/2861/11503 3312/2860/11504 3296/2843/11505 3254/2827/11506
f 3286/2892/11507 3313/2891/11508 3294/2842/11509 3250/2828/11510
f 3314/3233/11511 3315/3236/11512 3290/3026/11513 3287/2966/11514
f 3147/2830/11515 3244/2829/11516 3281/3219/11517 3146/3216/11518
f 3195/2929/11519 3243/2927/11520 3244/2829/11521 3147/2830/11522
f 3151/2881/11523 3271/2885/11524 3272/2917/11525 3150/2915/11526
f 3153/2832/11527 3247/2831/11528 3248/2886/11529 3222/2882/11530
f 3152/2898/11531 3285/2896/11532 3247/2831/11533 3153/2832/11534
f 3155/2834/11535 3251/2833/11536 3252/2856/11537 3219/2854/11538
f 3154/2867/11539 3283/2865/11540 3251/2833/11541 3155/2834/11542
f 3255/2952/11543 3256/2864/11544 3227/2866/11545 3226/2954/11546
f 3288/2970/11547 3289/3024/11548 3158/3020/11549 3156/2972/11550
f 3162/2836/11551 3259/2835/11552 3260/2962/11553 3161/2960/11554
f 3229/2989/11555 3275/2987/11556 3259/2835/11557 3162/2836/11558
f 3064/2838/11559 3263/2837/11560 3264/3978/11561 3063/3980/11562
f 3177/3034/11563 3277/3032/11564 3263/2837/11565 3064/2838/11566
f 3268/2839/11567 3269/3049/11568 3088/3047/11569 3085/2840/11570
f 3175/2841/11571 3279/3371/11572 3268/2839/11573 3085/2840/11574
f 3316/3368/11575 3279/3371/11576 3175/2841/11577 70/2847/11578
f 3317/3477/11579 3319/3476/11580 3318/3087/11581 2325/3213/11582
f 3291/2941/11583 2619/2940/11584 3320/3210/11585 3311/3224/11586
f 3321/2939/11587 3322/2943/11588 2618/2942/11589 2619/2940/11590
f 3306/2909/11591 2622/2908/11592 3323/2944/11593 3305/2919/11594
f 3294/2842/11595 3325/2913/11596 3324/2907/11597 3293/2910/11598
f 3313/2891/11599 3326/2914/11600 3325/2913/11601 3294/2842/11602
f 3296/2843/11603 3328/2878/11604 3327/2874/11605 3295/2875/11606
f 3312/2860/11607 3329/2879/11608 3328/2878/11609 3296/2843/11610
f 3330/2956/11611 3331/2958/11612 2632/2957/11613 2630/2876/11614
f 3300/3041/11615 2614/3040/11616 3332/3456/11617 3299/2964/11618
f 3333/3039/11619 3334/3089/11620 2613/3090/11621 2614/3040/11622
f 3318/3087/11623 2329/2845/11624 2326/2844/11625 2325/3213/11626
f 3318/3087/11627 3335/3086/11628 2331/3073/11629 2329/2845/11630
f 3336/3555/11631 3051/3202/11632 3052/3752/11633 2616/3568/11634
f 3337/3366/11635 3303/3185/11636 3267/2846/11637 3280/3367/11638
f 70/2847/11639 88/2848/11640 3338/3369/11641 3316/3368/11642
f 115/2849/11643 3340/2850/11644 3339/3361/11645 111/3360/11646
f 3340/2850/11647 3342/3091/11648 3341/3263/11649 3339/3361/11650
f 4053/3192/11651 4054/4502/11652 4056/4501/11653 3526/3274/11654
f 4052/3191/11655 4053/3192/11656 3526/3274/11657 3527/3273/11658
f 3491/4268/11659 1209/2851/11660 2078/4375/11661 3493/4374/11662
f 3492/4377/11663 1210/4376/11664 1562/2852/11665 3933/4278/11666
f 3948/4307/11667 3184/4013/11668 3947/4305/11669
f 3118/3006/11670 3066/2873/11671 3067/2870/11672 3117/2869/11673
f 3218/2853/11674 3349/2903/11675 3120/2906/11676 3217/2868/11677
f 3219/2854/11678 3350/2897/11679 3349/2903/11680 3218/2853/11681
f 3252/2856/11682 3351/2895/11683 3350/2897/11684 3219/2854/11685
f 3253/2855/11686 3352/2893/11687 3351/2895/11688 3252/2856/11689
f 3295/2875/11690 3353/2890/11691 3352/2889/11692 3253/2857/11693
f 3328/2878/11694 2628/2877/11695 2626/2911/11696 3327/2874/11697
f 3297/2859/11698 2630/2876/11699 3329/2879/11700 3312/2860/11701
f 3257/2858/11702 3297/2859/11703 3312/2860/11704 3284/2861/11705
f 3256/2864/11706 3257/2862/11707 3284/2863/11708 3283/2865/11709
f 3227/2866/11710 3256/2864/11711 3283/2865/11712 3154/2867/11713
f 3223/2871/11714 3227/2866/11715 3154/2867/11716 3065/2872/11717
f 3217/2868/11718 3120/2906/11719 3117/2869/11720 3067/2870/11721
f 3118/3006/11722 3223/2871/11723 3065/2872/11724 3066/2873/11725
f 3327/2874/11726 2626/2911/11727 3353/2890/11728 3295/2875/11729
f 2630/2876/11730 2628/2877/11731 3328/2878/11732 3329/2879/11733
f 3074/2905/11734 3075/2902/11735 3119/2901/11736 3120/2906/11737
f 3221/2880/11738 3148/2936/11739 3078/2900/11740 3220/2899/11741
f 3222/2882/11742 3151/2881/11743 3148/2936/11744 3221/2880/11745
f 3248/2886/11746 3271/2885/11747 3151/2881/11748 3222/2882/11749
f 3249/2883/11750 3274/2884/11751 3271/2885/11752 3248/2886/11753
f 3293/2910/11754 3306/2909/11755 3274/2887/11756 3249/2888/11757
f 3325/2913/11758 2624/2912/11759 2622/2908/11760 3324/2907/11761
f 3353/2890/11762 2626/2911/11763 3326/2914/11764 3313/2891/11765
f 3352/2889/11766 3353/2890/11767 3313/2891/11768 3286/2892/11769
f 3351/2895/11770 3352/2893/11771 3286/2894/11772 3285/2896/11773
f 3350/2897/11774 3351/2895/11775 3285/2896/11776 3152/2898/11777
f 3349/2903/11778 3350/2897/11779 3152/2898/11780 3073/2904/11781
f 3220/2899/11782 3078/2900/11783 3119/2901/11784 3075/2902/11785
f 3349/2903/11786 3073/2904/11787 3074/2905/11788 3120/2906/11789
f 3324/2907/11790 2622/2908/11791 3306/2909/11792 3293/2910/11793
f 2626/2911/11794 2624/2912/11795 3325/2913/11796 3326/2914/11797
f 3149/2937/11798 3354/2930/11799 3080/2935/11800 3077/2938/11801
f 3150/2915/11802 3355/2928/11803 3354/2930/11804 3149/2937/11805
f 3272/2917/11806 3356/2926/11807 3355/2928/11808 3150/2915/11809
f 3273/2916/11810 3357/2924/11811 3356/2926/11812 3272/2917/11813
f 3305/2919/11814 3358/2921/11815 3357/2920/11816 3273/2918/11817
f 3322/2943/11818 3358/2921/11819 3305/2919/11820 3323/2944/11821
f 3358/2921/11822 3322/2943/11823 3321/2939/11824 3292/2922/11825
f 3357/2920/11826 3358/2921/11827 3292/2922/11828 3246/2923/11829
f 3356/2926/11830 3357/2924/11831 3246/2925/11832 3243/2927/11833
f 3355/2928/11834 3356/2926/11835 3243/2927/11836 3195/2929/11837
f 3354/2930/11838 3355/2928/11839 3195/2929/11840 3193/2931/11841
f 3354/2930/11842 3193/2931/11843 3194/2932/11844 3080/2935/11845
f 3194/2932/11846 3124/2933/11847 3079/2934/11848 3080/2935/11849
f 3148/2936/11850 3149/2937/11851 3077/2938/11852 3078/2900/11853
f 3292/2922/11854 3321/2939/11855 2619/2940/11856 3291/2941/11857
f 2622/2908/11858 2618/2942/11859 3322/2943/11860 3323/2944/11861
f 3359/3019/11862 3362/2953/11863 3361/2996/11864 3360/3028/11865
f 3363/3023/11866 3364/2951/11867 3362/2953/11868 3359/3019/11869
f 3365/3022/11870 3366/2949/11871 3364/2951/11872 3363/3023/11873
f 3367/3125/11874 3368/2946/11875 3366/2945/11876 3365/3025/11877
f 3331/2958/11878 3368/2946/11879 3367/3125/11880 3369/3124/11881
f 3368/2946/11882 3331/2958/11883 3330/2956/11884 3298/2947/11885
f 3366/2945/11886 3368/2946/11887 3298/2947/11888 3258/2948/11889
f 3364/2951/11890 3366/2949/11891 3258/2950/11892 3255/2952/11893
f 3364/2951/11894 3255/2952/11895 3226/2954/11896 3362/2953/11897
f 3362/2953/11898 3226/2954/11899 3224/2955/11900 3361/2996/11901
f 3370/2997/11902 3361/2996/11903 3224/2955/11904 3225/2959/11905
f 3298/2947/11906 3330/2956/11907 2630/2876/11908 3297/2859/11909
f 2634/3122/11910 2632/2957/11911 3331/2958/11912 3369/3124/11913
f 3370/2997/11914 3225/2959/11915 3118/3006/11916 3371/3005/11917
f 3160/2978/11918 3161/2960/11919 3372/2971/11920 3072/2974/11921
f 3260/2962/11922 3373/2969/11923 3372/2971/11924 3161/2960/11925
f 3261/2961/11926 3374/2967/11927 3373/2969/11928 3260/2962/11929
f 3299/2964/11930 3375/3231/11931 3374/2965/11932 3261/2963/11933
f 3332/3456/11934 2636/3232/11935 3375/3231/11936 3299/2964/11937
f 3374/2965/11938 3375/3231/11939 3314/3233/11940 3287/2966/11941
f 3373/2969/11942 3374/2967/11943 3287/2968/11944 3288/2970/11945
f 3372/2971/11946 3373/2969/11947 3288/2970/11948 3156/2972/11949
f 3072/2974/11950 3372/2971/11951 3156/2972/11952 3071/2973/11953
f 3069/2975/11954 3376/2979/11955 3160/2978/11956 3072/2974/11957
f 3239/3015/11958 3231/2976/11959 3376/2979/11960 3069/2975/11961
f 3377/3016/11962 3378/3029/11963 3370/2997/11964 3371/3005/11965
f 3377/3016/11966 3239/3015/11967 3069/2975/11968 3070/2998/11969
f 3231/2976/11970 3159/2977/11971 3160/2978/11972 3376/2979/11973
f 3379/3983/11974 3380/2990/11975 3233/2994/11976 3232/3985/11977
f 3381/3981/11978 3382/2988/11979 3380/2990/11980 3379/3983/11981
f 3383/3979/11982 3384/2986/11983 3382/2988/11984 3381/3981/11985
f 3385/3977/11986 3386/2984/11987 3384/2986/11988 3383/3979/11989
f 3387/3973/11990 3388/2981/11991 3386/2980/11992 3385/3974/11993
f 3334/3089/11994 3388/2981/11995 3387/3973/11996 3389/3971/11997
f 3388/2981/11998 3334/3089/11999 3333/3039/12000 3307/2982/12001
f 3386/2980/12002 3388/2981/12003 3307/2982/12004 3276/2983/12005
f 3384/2986/12006 3386/2984/12007 3276/2985/12008 3275/2987/12009
f 3382/2988/12010 3384/2986/12011 3275/2987/12012 3229/2989/12013
f 3380/2990/12014 3382/2988/12015 3229/2989/12016 3228/2991/12017
f 3233/2994/12018 3380/2990/12019 3228/2991/12020 3230/2995/12021
f 3061/2992/12022 3062/3982/12023 3390/3984/12024 3142/3037/12025
f 3187/2993/12026 3233/2994/12027 3230/2995/12028 3231/2976/12029
f 3100/3017/12030 3377/3016/12031 3371/3005/12032 3099/3008/12033
f 3360/3028/12034 3361/2996/12035 3370/2997/12036 3378/3029/12037
f 3377/3016/12038 3070/2998/12039 3071/2973/12040 3157/3027/12041
f 94/2999/12042 3214/3002/12043 3207/3001/12044 82/3000/12045
f 3212/3004/12046 3204/3003/12047 3207/3001/12048 3214/3002/12049
f 3203/3993/12050 3204/3003/12051 3212/3004/12052 3209/3991/12053
f 3099/3008/12054 3104/3007/12055 3101/3994/12056 3098/3992/12057
f 3371/3005/12058 3118/3006/12059 3104/3007/12060 3099/3008/12061
f 83/3009/12062 95/3010/12063 3216/3012/12064 3213/3011/12065
f 3144/3014/12066 3211/3013/12067 3213/3011/12068 3216/3012/12069
f 3145/3987/12070 3210/3989/12071 3211/3013/12072 3144/3014/12073
f 3190/3018/12074 3100/3017/12075 3097/3990/12076 3189/3988/12077
f 3239/3015/12078 3377/3016/12079 3100/3017/12080 3190/3018/12081
f 3158/3020/12082 3359/3019/12083 3360/3028/12084 3157/3027/12085
f 3289/3024/12086 3363/3023/12087 3359/3019/12088 3158/3020/12089
f 3290/3021/12090 3365/3022/12091 3363/3023/12092 3289/3024/12093
f 3315/3236/12094 3367/3125/12095 3365/3025/12096 3290/3026/12097
f 3157/3027/12098 3360/3028/12099 3378/3029/12100 3377/3016/12101
f 3391/3377/12102 3393/3035/12103 3392/3380/12104 3237/3378/12105
f 3394/3375/12106 3395/3033/12107 3393/3035/12108 3391/3377/12109
f 3396/3046/12110 3399/3030/12111 3398/3045/12112 3397/3372/12113
f 3399/3388/12114 3310/3390/12115 3308/3043/12116 3278/3042/12117
f 3398/3045/12118 3399/3030/12119 3278/3031/12120 3277/3032/12121
f 3395/3033/12122 3398/3045/12123 3277/3032/12124 3177/3034/12125
f 3393/3035/12126 3395/3033/12127 3177/3034/12128 3176/3036/12129
f 3392/3380/12130 3393/3035/12131 3176/3036/12132 3234/3038/12133
f 3400/3062/12134 3402/3061/12135 3236/3383/12136 3401/3382/12137
f 3142/3037/12138 3143/3381/12139 3392/3380/12140 3234/3038/12141
f 3307/2982/12142 3333/3039/12143 2614/3040/12144 3300/3041/12145
f 3278/3042/12146 3308/3043/12147 3302/3088/12148 3266/3044/12149
f 3303/3185/12150 3404/3152/12151 3403/3154/12152 3304/3153/12153
f 3397/3372/12154 3398/3045/12155 3395/3033/12156 3394/3375/12157
f 3405/3051/12158 3396/3046/12159 3397/3372/12160 3406/3373/12161
f 3403/3154/12162 3407/3391/12163 3396/3389/12164 3405/3052/12165
f 3088/3047/12166 3408/3059/12167 3400/3062/12168 3087/3063/12169
f 3269/3049/12170 3409/3057/12171 3408/3059/12172 3088/3047/12173
f 3270/3048/12174 3410/3055/12175 3409/3057/12176 3269/3049/12177
f 3304/3153/12178 3411/3156/12179 3410/3054/12180 3270/3050/12181
f 3412/3060/12182 3414/3374/12183 3413/3376/12184 3402/3061/12185
f 3415/3058/12186 3406/3373/12187 3414/3374/12188 3412/3060/12189
f 3416/3056/12190 3405/3051/12191 3406/3373/12192 3415/3058/12193
f 3417/3155/12194 3403/3154/12195 3405/3052/12196 3416/3053/12197
f 3411/3156/12198 3417/3155/12199 3416/3053/12200 3410/3054/12201
f 3410/3055/12202 3416/3056/12203 3415/3058/12204 3409/3057/12205
f 3409/3057/12206 3415/3058/12207 3412/3060/12208 3408/3059/12209
f 3408/3059/12210 3412/3060/12211 3402/3061/12212 3400/3062/12213
f 3087/3063/12214 3400/3062/12215 3401/3382/12216 3418/3064/12217
f 3402/3061/12218 3413/3376/12219 3235/3379/12220 3236/3383/12221
f 3241/3068/12222 3418/3064/12223 3401/3382/12224 3240/3386/12225
f 3086/3067/12226 3087/3063/12227 3418/3064/12228 3241/3068/12229
f 3238/3065/12230 3174/3066/12231 3086/3067/12232 3241/3068/12233
f 86/3385/12234 96/3069/12235 3242/3071/12236 3240/3386/12237
f 96/3069/12238 87/3070/12239 3238/3065/12240 3242/3071/12241
f 3335/3086/12242 2615/3478/12243 2458/3072/12244 2331/3073/12245
f 3419/3084/12246 3420/3147/12247 106/3146/12248 59/3080/12249
f 2972/3141/12250 3422/3142/12251 3421/3744/12252 2971/3743/12253
f 3421/3744/12254 3422/3142/12255 3424/3144/12256 3423/3083/12257
f 3423/3083/12258 3424/3144/12259 3420/3147/12260 3419/3084/12261
f 97/3079/12262 68/3074/12263 3426/3082/12264 3425/3081/12265
f 3130/3075/12266 3136/3749/12267 3427/3748/12268 3426/3076/12269
f 3130/3075/12270 3426/3076/12271 68/3077/12272 69/3078/12273
f 3427/3745/12274 3421/3744/12275 3423/3083/12276 3426/3082/12277
f 97/3079/12278 3425/3081/12279 3419/3084/12280 59/3080/12281
f 3425/3081/12282 3426/3082/12283 3423/3083/12284 3419/3084/12285
f 2612/3085/12286 2640/3460/12287 3332/3456/12288 2614/3040/12289
f 3319/3476/12290 2615/3478/12291 3335/3086/12292 3318/3087/12293
f 3302/3088/12294 3429/3968/12295 3428/3970/12296 3301/3972/12297
f 3309/3394/12298 3430/3393/12299 3429/3968/12300 3302/3088/12301
f 3431/3297/12302 3432/3296/12303 3404/3152/12304 3303/3185/12305
f 3389/3971/12306 3433/3969/12307 2613/3090/12308 3334/3089/12309
f 3433/3969/12310 2106/3967/12311 2101/2392/12312 2613/3090/12313
f 3430/3393/12314 2092/3151/12315 2093/3966/12316 3429/3968/12317
f 3342/3091/12318 3435/3183/12319 3434/3294/12320 3341/3263/12321
f 2619/2940/12322 2620/3092/12323 2713/3208/12324 3320/3210/12325
f 2620/3092/12326 2733/3093/12327 2675/3094/12328 2713/3208/12329
f 2733/3093/12330 2734/3095/12331 2676/3096/12332 2675/3094/12333
f 2734/3095/12334 2735/3097/12335 2653/3100/12336 2676/3096/12337
f 2735/3097/12338 4/3098/12339 98/3099/12340 2653/3100/12341
f 2608/3559/12342 2609/3103/12343 3437/3201/12344 3436/3557/12345
f 3438/3195/12346 3441/3336/12347 3440/3338/12348 3439/3341/12349
f 110/3194/12350 99/3334/12351 3441/3336/12352 3438/3195/12353
f 3060/3337/12354 2973/3101/12355 2970/3102/12356 3058/3339/12357
f 3054/3200/12358 3438/3198/12359 3439/3342/12360 3053/3753/12361
f 3437/3201/12362 2609/3103/12363 2611/3197/12364 3442/3199/12365
f 4051/3190/12366 4052/3189/12367 3527/3277/12368 3528/3279/12369
f 4050/3187/12370 4051/3190/12371 3528/3279/12372 4055/3108/12373
f 4045/4486/12374 91/4476/12375 103/3188/12376 3348/3186/12377
f 91/4476/12378 92/4478/12379 104/3272/12380 103/3188/12381
f 148/3282/12382 3447/3548/12383 3446/3105/12384 100/3104/12385
f 3446/3105/12386 3447/3548/12387 3449/3549/12388 3448/3106/12389
f 3448/3106/12390 3449/3549/12391 3451/3550/12392 3450/3107/12393
f 3450/3107/12394 3451/3550/12395 102/3283/12396 101/1001/12397
f 4059/3271/12398 4023/3266/12399 1416/4492/12400 1418/4491/12401
f 4057/3281/12402 4059/3271/12403 1418/4491/12404 3344/4489/12405
f 4055/3108/12406 4057/3281/12407 3344/4489/12408 3346/4487/12409
f 4050/3187/12410 4055/3108/12411 3346/4487/12412 3348/3186/12413
f 2840/3113/12414 149/4161/12415 47/3109/12416 2841/3114/12417
f 3042/3604/12418 3455/4458/12419 2840/3113/12420 3041/3112/12421
f 3000/3111/12422 2841/3114/12423 47/3109/12424 63/3110/12425
f 3000/3111/12426 3041/3112/12427 2840/3113/12428 2841/3114/12429
f 2780/3116/12430 2827/3115/12431 2851/4218/12432 3022/4215/12433
f 2762/3118/12434 2826/3117/12435 2827/3115/12436 2780/3116/12437
f 2760/4075/12438 2829/3120/12439 2826/3117/12440 2762/3118/12441
f 134/4074/12442 133/3119/12443 2829/3120/12444 2760/4075/12445
f 2634/3122/12446 3456/3234/12447 2723/3123/12448 2635/3121/12449
f 2634/3122/12450 3369/3124/12451 3457/3235/12452 3456/3234/12453
f 2723/3123/12454 3456/3234/12455 2636/3232/12456 2637/2402/12457
f 3457/3235/12458 3369/3124/12459 3367/3125/12460 3315/3236/12461
f 2462/3128/12462 2463/3861/12463 2468/3862/12464 2469/3129/12465
f 2337/3131/12466 2335/3130/12467 2332/3127/12468 2322/3126/12469
f 2322/3126/12470 2332/3127/12471 2333/3877/12472 2321/3876/12473
f 2462/3128/12474 2469/3129/12475 2335/3130/12476 2337/3131/12477
f 105/3132/12478 37/3133/12479 2752/3136/12480 2974/3135/12481
f 2969/3134/12482 2974/3135/12483 2752/3136/12484 3047/3137/12485
f 3047/3138/12486 2933/3140/12487 2972/3141/12488 2969/3139/12489
f 2933/3140/12490 2739/3143/12491 3422/3142/12492 2972/3141/12493
f 3424/3144/12494 3422/3142/12495 2739/3143/12496 2740/3145/12497
f 3420/3147/12498 3424/3144/12499 2740/3145/12500 2737/3148/12501
f 106/3146/12502 3420/3147/12503 2737/3148/12504 32/3149/12505
f 2095/3150/12506 2092/3151/12507 3430/3393/12508 2096/3295/12509
f 3404/3152/12510 3432/3296/12511 3459/3392/12512 3458/3395/12513
f 3403/3154/12514 3404/3152/12515 3458/3395/12516 3407/3391/12517
f 3304/3153/12518 3403/3154/12519 3417/3155/12520 3411/3156/12521
f 2299/3396/12522 2295/3157/12523 2219/3158/12524 2220/3397/12525
f 2118/3160/12526 2299/3159/12527 3461/3440/12528 3460/3443/12529
f 2117/3425/12530 2118/3160/12531 3460/3443/12532 2204/3426/12533
f 3462/3399/12534 3464/3168/12535 2306/3461/12536 3463/3465/12537
f 2305/3162/12538 2306/3161/12539 3464/3166/12540 3465/3165/12541
f 2206/3261/12542 2305/3162/12543 3465/3165/12544 2205/3164/12545
f 2291/3163/12546 2205/3164/12547 3465/3165/12548 3464/3166/12549
f 2212/3398/12550 2291/3167/12551 3464/3168/12552 3462/3399/12553
f 2211/3466/12554 3466/3417/12555 2229/3416/12556 2214/3169/12557
f 3467/3468/12558 3462/3399/12559 3463/3465/12560 3468/3535/12561
f 3469/4294/12562 3470/4297/12563 43/3170/12564 107/3173/12565
f 65/3449/12566 43/3170/12567 3470/4297/12568 3471/4293/12569
f 123/3450/12570 3472/4291/12571 2968/3176/12572 46/3171/12573
f 3030/3172/12574 3031/3175/12575 3474/4289/12576 3473/4287/12577
f 3475/4285/12578 3033/3532/12579 3030/3172/12580 3473/4287/12581
f 2955/4281/12582 3043/3529/12583 3477/3533/12584 3476/4283/12585
f 2955/4281/12586 3469/4294/12587 107/3173/12588 35/3174/12589
f 3031/3175/12590 2968/3176/12591 3472/4291/12592 3474/4289/12593
f 3937/4280/12594 3479/3179/12595 3478/3178/12596 3936/4295/12597
f 3944/4296/12598 3936/4295/12599 3478/3178/12600 3480/3177/12601
f 3944/4296/12602 3480/3177/12603 3481/4247/12604 3943/4292/12605
f 3940/4286/12606 3483/3182/12607 3482/3181/12608 3939/4284/12609
f 3942/4290/12610 3485/4251/12611 3484/4250/12612 3941/4288/12613
f 3941/4288/12614 3484/4250/12615 3483/3182/12616 3940/4286/12617
f 3485/4251/12618 3942/4290/12619 3943/4292/12620 3481/4247/12621
f 3939/4284/12622 3482/3181/12623 3486/3180/12624 3938/4282/12625
f 3938/4282/12626 3486/3180/12627 3479/3179/12628 3937/4280/12629
f 3480/3177/12630 3922/4169/12631 3923/4248/12632 3481/4247/12633
f 3478/3178/12634 3921/4165/12635 3922/4169/12636 3480/3177/12637
f 3479/3179/12638 3920/4168/12639 3921/4165/12640 3478/3178/12641
f 3486/3180/12642 3919/4166/12643 3920/4168/12644 3479/3179/12645
f 3482/3181/12646 3918/4167/12647 3919/4166/12648 3486/3180/12649
f 3483/3182/12650 3926/4164/12651 3918/4167/12652 3482/3181/12653
f 3926/4164/12654 3483/3182/12655 3484/4250/12656 3925/4249/12657
f 3434/3294/12658 3435/3183/12659 114/3184/12660 112/3291/12661
f 3337/3366/12662 3494/3363/12663 3431/3297/12664 3303/3185/12665
f 3348/3186/12666 103/3188/12667 4051/3190/12668 4050/3187/12669
f 103/3188/12670 104/3272/12671 4052/3189/12672 4051/3190/12673
f 104/3272/12674 1522/4064/12675 4053/3192/12676 4052/3191/12677
f 1522/4064/12678 1523/4503/12679 4054/4502/12680 4053/3192/12681
f 3/3193/12682 110/3194/12683 3438/3195/12684 2611/3196/12685
f 3442/3199/12686 2611/3197/12687 3438/3198/12688 3054/3200/12689
f 3437/3201/12690 3442/3199/12691 3054/3200/12692 3051/3202/12693
f 3436/3557/12694 3437/3201/12695 3051/3202/12696 3336/3555/12697
f 2669/3205/12698 2670/3558/12699 3496/3556/12700 3495/3203/12701
f 3497/3566/12702 3495/3203/12703 3496/3556/12704 3498/3567/12705
f 3497/3566/12706 3499/3552/12707 2669/3205/12708 3495/3203/12709
f 3499/3552/12710 2710/3207/12711 2672/3204/12712 2669/3205/12713
f 2736/3211/12714 2709/3206/12715 2710/3207/12716 3499/3552/12717
f 2711/3209/12718 2736/3211/12719 3501/3226/12720 3500/3470/12721
f 2713/3208/12722 2711/3209/12723 3500/3470/12724 3320/3210/12725
f 3320/3210/12726 3500/3470/12727 3502/3471/12728 3311/3224/12729
f 3503/3551/12730 3501/3226/12731 2736/3211/12732 3499/3552/12733
f 3504/3222/12734 3505/3221/12735 2323/3212/12736 2320/3867/12737
f 3317/3477/12738 2325/3213/12739 2323/3214/12740 3505/3229/12741
f 3504/3222/12742 2320/3867/12743 3081/3866/12744 3127/3215/12745
f 3128/3217/12746 3506/3223/12747 3504/3222/12748 3127/3215/12749
f 3146/3216/12750 3281/3219/12751 3506/3223/12752 3128/3217/12753
f 3507/3475/12754 3509/3554/12755 3508/3553/12756 3319/3476/12757
f 3282/3218/12758 3510/3220/12759 3506/3223/12760 3281/3219/12761
f 3510/3220/12762 3505/3221/12763 3504/3222/12764 3506/3223/12765
f 3311/3224/12766 3502/3471/12767 3510/3230/12768 3282/3225/12769
f 3500/3470/12770 3501/3226/12771 3503/3551/12772 3511/3473/12773
f 3510/3230/12774 3502/3471/12775 3513/3472/12776 3512/3227/12777
f 3503/3551/12778 3509/3554/12779 3507/3475/12780 3511/3473/12781
f 3513/3472/12782 3515/3474/12783 3514/3228/12784 3512/3227/12785
f 3515/3474/12786 3317/3477/12787 3505/3229/12788 3514/3228/12789
f 3512/3227/12790 3514/3228/12791 3505/3229/12792 3510/3230/12793
f 3314/3233/12794 3375/3231/12795 2636/3232/12796 3456/3234/12797
f 3314/3233/12798 3456/3234/12799 3457/3235/12800 3315/3236/12801
f 2144/3239/12802 2146/3238/12803 2127/3237/12804 2124/3258/12805
f 2168/3241/12806 2172/3240/12807 2146/3238/12808 2144/3239/12809
f 2169/3243/12810 2171/3242/12811 2172/3240/12812 2168/3241/12813
f 2187/3245/12814 2189/3244/12815 2171/3242/12816 2169/3243/12817
f 2198/3309/12818 2157/3246/12819 2189/3244/12820 2187/3245/12821
f 2156/3247/12822 2157/3246/12823 2198/3309/12824 3516/3310/12825
f 2155/3912/12826 2156/3247/12827 3516/3310/12828 3517/3910/12829
f 2158/3913/12830 2314/3911/12831 2315/3289/12832 2161/3288/12833
f 3518/3347/12834 3521/3351/12835 3520/3346/12836 3519/3344/12837
f 2194/3249/12838 2192/3248/12839 2199/3343/12840 2201/3345/12841
f 2181/3251/12842 2179/3250/12843 2192/3248/12844 2194/3249/12845
f 2182/3253/12846 2178/3252/12847 2179/3250/12848 2181/3251/12849
f 2152/3255/12850 2149/3254/12851 2178/3252/12852 2182/3253/12853
f 2153/3407/12854 2135/3256/12855 2149/3254/12856 2152/3255/12857
f 2138/3406/12858 2134/3420/12859 2135/3256/12860 2153/3407/12861
f 2113/3543/12862 2108/3541/12863 2109/3259/12864 2112/2121/12865
f 2143/3257/12866 2124/3258/12867 2125/3424/12868 2202/3427/12869
f 2109/3259/12870 2110/3260/12871 2303/3462/12872 2206/3261/12873
f 2210/3445/12874 2203/3442/12875 2301/3444/12876 2300/3446/12877
f 3341/3263/12878 2087/3262/12879 2100/3298/12880 3339/3361/12881
f 3434/3294/12882 2086/3293/12883 2087/3262/12884 3341/3263/12885
f 3522/3350/12886 3520/3346/12887 3521/3351/12888 3523/3352/12889
f 1597/3270/12890 1596/3269/12891 90/3264/12892 1594/3265/12893
f 4059/3271/12894 1597/3270/12895 1594/3265/12896 4023/3266/12897
f 1598/3275/12898 4058/4499/12899 2079/4497/12900 1595/3267/12901
f 3524/3276/12902 1598/3275/12903 1595/3267/12904 1596/3268/12905
f 3525/3280/12906 3524/3278/12907 1596/3269/12908 1597/3270/12909
f 4057/3281/12910 3525/3280/12911 1597/3270/12912 4059/3271/12913
f 3526/3274/12914 4056/4501/12915 4058/4499/12916 1598/3275/12917
f 92/4478/12918 1414/4481/12919 1522/4064/12920 104/3272/12921
f 3527/3273/12922 3526/3274/12923 1598/3275/12924 3524/3276/12925
f 3528/3279/12926 3527/3277/12927 3524/3278/12928 3525/3280/12929
f 4055/3108/12930 3528/3279/12931 3525/3280/12932 4057/3281/12933
f 148/3282/12934 129/4189/12935 3887/4188/12936 3447/3548/12937
f 102/3283/12938 3451/3550/12939 3889/4190/12940 131/4193/12941
f 116/3329/12942 120/3284/12943 2706/3286/12944 2707/3311/12945
f 120/3284/12946 13/3285/12947 2667/2408/12948 2706/3286/12949
f 2160/3287/12950 2161/3288/12951 3519/3344/12952 2199/3343/12953
f 2315/3289/12954 3518/3347/12955 3519/3344/12956 2161/3288/12957
f 2316/3290/12958 2318/3348/12959 3518/3347/12960 2315/3289/12961
f 2091/3327/12962 2318/3348/12963 2316/3290/12964 3529/3317/12965
f 3529/3317/12966 2316/3290/12967 2317/3909/12968 3530/3907/12969
f 112/3291/12970 15/3292/12971 2086/3293/12972 3434/3294/12973
f 3432/3296/12974 2096/3295/12975 3430/3393/12976 3459/3392/12977
f 2100/3298/12978 2096/3295/12979 3432/3296/12980 3431/3297/12981
f 3431/3297/12982 3494/3363/12983 3339/3361/12984 2100/3298/12985
f 2287/3300/12986 2288/3299/12987 2311/3454/12988 2097/3301/12989
f 2098/3305/12990 2285/3304/12991 2287/3300/12992 2097/3301/12993
f 2249/3302/12994 2286/3303/12995 2285/3304/12996 2098/3305/12997
f 2196/3318/12998 2286/3306/12999 2249/3307/13000 2302/3321/13001
f 3531/3323/13002 3534/3904/13003 3533/3906/13004 3532/3908/13005
f 2084/3313/13006 3536/3332/13007 3535/3325/13008 2099/3322/13009
f 3537/3308/13010 2090/3326/13011 3539/3903/13012 3538/3901/13013
f 3516/3310/13014 2198/3309/13015 2197/3319/13016 3531/3323/13017
f 3516/3310/13018 3531/3323/13019 3532/3908/13020 3517/3910/13021
f 116/3329/13022 2707/3311/13023 2090/3312/13024 3537/3328/13025
f 3536/3332/13026 2084/3313/13027 2085/3314/13028 3540/3333/13029
f 3540/3330/13030 2085/3315/13031 117/3316/13032 14/3331/13033
f 2091/3327/13034 3529/3317/13035 3530/3907/13036 3541/3905/13037
f 2195/3320/13038 2196/3318/13039 2302/3321/13040 3542/3324/13041
f 2197/3319/13042 2195/3320/13043 3542/3324/13044 3531/3323/13045
f 3542/3324/13046 2302/3321/13047 2099/3322/13048 3535/3325/13049
f 3535/3325/13050 3534/3904/13051 3531/3323/13052 3542/3324/13053
f 3536/3332/13054 3543/3902/13055 3534/3904/13056 3535/3325/13057
f 3541/3905/13058 3539/3903/13059 2090/3326/13060 2091/3327/13061
f 3537/3328/13062 3538/3896/13063 128/3899/13064 116/3329/13065
f 3544/3897/13066 3540/3330/13067 14/3331/13068 119/3898/13069
f 3536/3332/13070 3540/3333/13071 3544/3900/13072 3543/3902/13073
f 99/3334/13074 121/3335/13075 3060/3337/13076 3441/3336/13077
f 3441/3336/13078 3060/3337/13079 3058/3339/13080 3440/3338/13081
f 3440/3338/13082 3058/3339/13083 3059/3340/13084 3439/3341/13085
f 3053/3753/13086 3439/3342/13087 3059/3750/13088 3545/3754/13089
f 2591/3499/13090 2593/3502/13091 3547/3715/13092 3546/3687/13093
f 2201/3345/13094 2199/3343/13095 3519/3344/13096 3520/3346/13097
f 2200/3349/13098 2201/3345/13099 3520/3346/13100 3522/3350/13101
f 3521/3351/13102 3518/3347/13103 2318/3348/13104 2319/3355/13105
f 2200/3349/13106 3522/3350/13107 3523/3352/13108 2103/3354/13109
f 2082/3357/13110 2083/3353/13111 2088/3356/13112 2089/3358/13113
f 3521/3351/13114 2319/3355/13115 2103/3354/13116 3523/3352/13117
f 2083/3353/13118 2103/3354/13119 2319/3355/13120 2088/3356/13121
f 2082/3357/13122 2089/3358/13123 2090/3326/13124 2707/3359/13125
f 3494/3363/13126 118/3362/13127 111/3360/13128 3339/3361/13129
f 88/3365/13130 118/3362/13131 3494/3363/13132 3337/3366/13133
f 3338/3364/13134 88/3365/13135 3337/3366/13136 3280/3367/13137
f 3316/3368/13138 3338/3369/13139 3280/3370/13140 3279/3371/13141
f 3397/3372/13142 3394/3375/13143 3414/3374/13144 3406/3373/13145
f 3414/3374/13146 3394/3375/13147 3391/3377/13148 3413/3376/13149
f 3413/3376/13150 3391/3377/13151 3237/3378/13152 3235/3379/13153
f 3237/3378/13154 3392/3380/13155 3143/3381/13156 3215/3387/13157
f 3240/3386/13158 3401/3382/13159 3236/3383/13160 3215/3387/13161
f 122/3384/13162 86/3385/13163 3240/3386/13164 3215/3387/13165
f 3310/3390/13166 3399/3388/13167 3396/3389/13168 3407/3391/13169
f 3458/3395/13170 3309/3394/13171 3310/3390/13172 3407/3391/13173
f 3459/3392/13174 3430/3393/13175 3309/3394/13176 3458/3395/13177
f 2299/3396/13178 2220/3397/13179 2225/3438/13180 3461/3437/13181
f 2242/3433/13182 2227/3432/13183 2228/3944/13184 2244/3946/13185
f 2246/3415/13186 2247/3947/13187 2230/3945/13188 2229/3416/13189
f 3466/3417/13190 2234/3467/13191 2231/3400/13192 3548/3418/13193
f 2211/3466/13194 2212/3398/13195 3462/3399/13196 3467/3468/13197
f 3549/3413/13198 3550/3409/13199 3548/3418/13200 2231/3400/13201
f 3551/3402/13202 2232/3408/13203 2233/3469/13204 3552/3403/13205
f 3552/3403/13206 2233/3469/13207 3468/3535/13208 3553/3536/13209
f 2136/3538/13210 2137/3405/13211 3552/3403/13212 3553/3536/13213
f 2232/3408/13214 3554/3414/13215 3549/3413/13216 2231/3400/13217
f 2150/3404/13218 2151/3401/13219 2275/3411/13220 3551/3402/13221
f 2137/3405/13222 2150/3404/13223 3551/3402/13224 3552/3403/13225
f 2150/3404/13226 2137/3405/13227 2138/3406/13228 2153/3407/13229
f 2245/3410/13230 3550/3409/13231 3549/3413/13232 2274/3412/13233
f 2275/3411/13234 3554/3414/13235 2232/3408/13236 3551/3402/13237
f 2246/3415/13238 3548/3418/13239 3550/3409/13240 2245/3410/13241
f 2275/3411/13242 2274/3412/13243 3549/3413/13244 3554/3414/13245
f 2246/3415/13246 2229/3416/13247 3466/3417/13248 3548/3418/13249
f 2267/3419/13250 2268/3951/13251 2248/3949/13252 2245/3410/13253
f 2134/3420/13254 2138/3406/13255 2139/3540/13256 3555/3542/13257
f 3556/3545/13258 2133/3421/13259 2134/3420/13260 3555/3542/13261
f 2133/3421/13262 3556/3545/13263 3557/3929/13264 2132/3927/13265
f 2129/3926/13266 3558/3928/13267 2116/3423/13268 2126/3422/13269
f 2126/3422/13270 2116/3423/13271 2117/3425/13272 2125/3424/13273
f 2125/3424/13274 2117/3425/13275 2204/3426/13276 2202/3427/13277
f 2236/3430/13278 2237/3428/13279 2296/3429/13280 2290/3431/13281
f 2239/3434/13282 2236/3430/13283 2290/3431/13284 2226/3435/13285
f 2227/3432/13286 2242/3433/13287 2239/3434/13288 2226/3435/13289
f 2223/3436/13290 3461/3437/13291 2225/3438/13292 2222/3439/13293
f 2301/3444/13294 3460/3443/13295 3461/3440/13296 2223/3441/13297
f 2203/3442/13298 2204/3426/13299 3460/3443/13300 2301/3444/13301
f 2210/3445/13302 2300/3446/13303 2224/3447/13304 2221/3448/13305
f 2965/3605/13306 3900/4213/13307 3901/4216/13308 3559/3608/13309
f 3901/4216/13310 3902/4217/13311 2848/3609/13312 3559/3608/13313
f 2550/3494/13314 2551/3698/13315 3561/3696/13316 3560/3712/13317
f 65/3449/13318 3471/4293/13319 3472/4291/13320 123/3450/13321
f 3907/4228/13322 3891/4199/13323 2811/3611/13324 3906/4225/13325
f 2441/3451/13326 2595/3647/13327 3562/3660/13328 2587/3452/13329
f 2587/3452/13330 3562/3660/13331 3563/3661/13332 2588/3662/13333
f 2312/3455/13334 2313/3960/13335 2094/3963/13336 2095/3453/13337
f 2095/3453/13338 2097/3301/13339 2311/3454/13340 2312/3455/13341
f 2639/3459/13342 2636/3232/13343 3332/3456/13344 2640/3460/13345
f 2081/3457/13346 2638/3458/13347 2639/3459/13348 2640/3460/13349
f 2119/3547/13350 3565/3930/13351 3564/3932/13352 2307/3934/13353
f 3463/3465/13354 2306/3461/13355 2303/3462/13356 2304/3464/13357
f 2304/3464/13358 2298/3463/13359 2297/3537/13360 3566/3534/13361
f 2304/3464/13362 3566/3534/13363 3468/3535/13364 3463/3465/13365
f 3466/3417/13366 2211/3466/13367 3467/3468/13368 2234/3467/13369
f 2234/3467/13370 3467/3468/13371 3468/3535/13372 2233/3469/13373
f 3500/3470/13374 3511/3473/13375 3513/3472/13376 3502/3471/13377
f 3507/3475/13378 3515/3474/13379 3513/3472/13380 3511/3473/13381
f 3515/3474/13382 3507/3475/13383 3319/3476/13384 3317/3477/13385
f 3319/3476/13386 3508/3553/13387 2617/3565/13388 2615/3478/13389
f 2415/3479/13390 2416/3480/13391 2532/3808/13392 2525/3809/13393
f 2574/3810/13394 2569/3481/13395 2570/3482/13396 2581/3811/13397
f 2585/3483/13398 2588/3662/13399 3567/3788/13400 2581/3811/13401
f 2443/3507/13402 2596/3503/13403 2442/3484/13404 2439/3485/13405
f 2553/3509/13406 3569/3784/13407 3568/3793/13408 2552/3684/13409
f 3570/3802/13410 3571/3804/13411 2431/3510/13412 2432/3486/13413
f 3572/3803/13414 3570/3802/13415 2432/3486/13416 2412/3487/13417
f 3573/3795/13418 3572/3803/13419 2412/3487/13420 2413/3488/13421
f 3574/3796/13422 3573/3795/13423 2413/3488/13424 2599/3763/13425
f 3575/3713/13426 3576/3709/13427 2546/3489/13428 2547/3495/13429
f 3577/3708/13430 2579/3506/13431 2546/3489/13432 3576/3709/13433
f 2550/3494/13434 3560/3712/13435 3575/3713/13436 2547/3495/13437
f 2446/3490/13438 2447/3515/13439 2436/3517/13440 2434/3491/13441
f 2449/3492/13442 2446/3490/13443 2434/3491/13444 2428/3493/13445
f 2448/3496/13446 2449/3492/13447 2428/3493/13448 2393/3497/13449
f 2549/3516/13450 2550/3494/13451 2547/3495/13452 2544/3518/13453
f 2448/3496/13454 2393/3497/13455 2394/2380/13456 2450/3498/13457
f 3578/3686/13458 2590/3500/13459 2591/3499/13460 3546/3687/13461
f 3578/3686/13462 3579/3688/13463 2589/3649/13464 2590/3500/13465
f 2554/3512/13466 2555/3699/13467 2551/3698/13468 2548/3514/13469
f 2444/3508/13470 2567/3501/13471 2586/3504/13472 2578/3519/13473
f 2596/3503/13474 2443/3507/13475 2579/3506/13476 3577/3708/13477
f 3547/3715/13478 2593/3502/13479 2596/3503/13480 3577/3708/13481
f 2568/2364/13482 2578/3519/13483 2586/3504/13484 2577/3505/13485
f 2579/3506/13486 2443/3507/13487 2444/3508/13488 2578/3519/13489
f 2431/3510/13490 3571/3804/13491 3569/3784/13492 2553/3509/13493
f 2553/3509/13494 2554/3512/13495 2430/3511/13496 2431/3510/13497
f 2430/3511/13498 2554/3512/13499 2548/3514/13500 2438/3513/13501
f 2438/3513/13502 2548/3514/13503 2549/3516/13504 2447/3515/13505
f 2447/3515/13506 2549/3516/13507 2544/3518/13508 2436/3517/13509
f 2436/3517/13510 2544/3518/13511 2545/3521/13512 2435/3520/13513
f 2578/3519/13514 2568/2364/13515 2435/3520/13516 2545/3521/13517
f 2806/4194/13518 2807/4229/13519 2808/4226/13520 2825/3522/13521
f 2825/3522/13522 2808/4226/13523 2809/4224/13524 2828/3523/13525
f 2828/3523/13526 2809/4224/13527 2853/4222/13528 2850/4220/13529
f 3045/3528/13530 3033/3532/13531 3477/3533/13532 3043/3529/13533
f 3044/3530/13534 2954/3525/13535 2783/3524/13536 3011/3531/13537
f 2783/3524/13538 2954/3525/13539 125/3526/13540 56/3527/13541
f 3045/3528/13542 3043/3529/13543 3044/3530/13544 3011/3531/13545
f 3033/3532/13546 3475/4285/13547 3476/4283/13548 3477/3533/13549
f 3566/3534/13550 2297/3537/13551 3553/3536/13552 3468/3535/13553
f 3553/3536/13554 2297/3537/13555 2111/3539/13556 2136/3538/13557
f 2139/3540/13558 2136/3538/13559 2111/3539/13560 2108/3541/13561
f 3555/3542/13562 2139/3540/13563 2108/3541/13564 2113/3543/13565
f 2114/3546/13566 3556/3545/13567 3555/3542/13568 2113/3543/13569
f 2209/3933/13570 3580/3931/13571 2114/3546/13572 2115/3544/13573
f 3556/3545/13574 2114/3546/13575 3580/3931/13576 3557/3929/13577
f 3558/3928/13578 3565/3930/13579 2119/3547/13580 2116/3423/13581
f 3888/4191/13582 3449/3549/13583 3447/3548/13584 3887/4188/13585
f 3449/3549/13586 3888/4191/13587 3889/4190/13588 3451/3550/13589
f 3509/3554/13590 3503/3551/13591 3499/3552/13592 3497/3566/13593
f 2617/3565/13594 3508/3553/13595 3509/3554/13596 3497/3566/13597
f 3498/3567/13598 3496/3556/13599 3336/3555/13600 2616/3568/13601
f 2670/3558/13602 3436/3557/13603 3336/3555/13604 3496/3556/13605
f 2644/3560/13606 2608/3559/13607 3436/3557/13608 2670/3558/13609
f 2607/3562/13610 2608/3559/13611 2644/3560/13612 2641/3563/13613
f 16/3561/13614 2607/3562/13615 2641/3563/13616 126/3564/13617
f 2617/3565/13618 3497/3566/13619 3498/3567/13620 2616/3568/13621
f 2773/3597/13622 2795/3569/13623 3582/3621/13624 3581/3623/13625
f 2778/3603/13626 2779/3572/13627 3584/3635/13628 3583/3637/13629
f 2785/3573/13630 2786/3599/13631 3586/3631/13632 3585/3633/13633
f 2795/3569/13634 2796/3587/13635 3587/3619/13636 3582/3621/13637
f 2810/3584/13638 2811/3611/13639 3589/3612/13640 3588/3585/13641
f 2847/3577/13642 2844/3574/13643 3592/3575/13644 3591/3578/13645
f 2848/3609/13646 2849/3570/13647 3594/3571/13648 3593/3610/13649
f 2849/3570/13650 2852/3583/13651 3595/3586/13652 3594/3571/13653
f 3590/3579/13654 3596/3581/13655 2858/3580/13656 2842/3576/13657
f 2779/3572/13658 2785/3573/13659 3585/3633/13660 3584/3635/13661
f 3038/3598/13662 2772/3596/13663 3598/3625/13664 3597/3627/13665
f 2844/3574/13666 2965/3605/13667 3599/3606/13668 3592/3575/13669
f 2842/3576/13670 2847/3577/13671 3591/3578/13672 3590/3579/13673
f 2996/3590/13674 2858/3580/13675 3596/3581/13676 3600/3591/13677
f 2997/3582/13678 2998/3593/13679 3602/3613/13680 3601/3615/13681
f 2999/3588/13682 2997/3582/13683 3601/3615/13684 3603/3617/13685
f 2852/3583/13686 2810/3584/13687 3588/3585/13688 3595/3586/13689
f 2796/3587/13690 2999/3588/13691 3603/3617/13692 3587/3619/13693
f 3024/3589/13694 2996/3590/13695 3600/3591/13696 3604/3592/13697
f 2998/3593/13698 3024/3594/13699 3604/3595/13700 3602/3613/13701
f 3042/3604/13702 2798/3601/13703 3606/3641/13704 3605/3644/13705
f 2772/3596/13706 2773/3597/13707 3581/3623/13708 3598/3625/13709
f 2944/3600/13710 3038/3598/13711 3597/3627/13712 3607/3629/13713
f 2786/3599/13714 2944/3600/13715 3607/3629/13716 3586/3631/13717
f 3606/3641/13718 2798/3601/13719 2799/3602/13720 3608/3639/13721
f 2799/3602/13722 2778/3603/13723 3583/3637/13724 3608/3639/13725
f 3609/3643/13726 3455/4458/13727 3042/3604/13728 3605/3644/13729
f 2965/3605/13730 3559/3608/13731 3610/3607/13732 3599/3606/13733
f 3610/3607/13734 3559/3608/13735 2848/3609/13736 3593/3610/13737
f 2811/3611/13738 3891/4199/13739 3892/4197/13740 3589/3612/13741
f 3601/3615/13742 3602/3613/13743 3793/3614/13744 3794/3616/13745
f 3603/3617/13746 3601/3615/13747 3794/3616/13748 3795/3618/13749
f 3587/3619/13750 3603/3617/13751 3795/3618/13752 3796/3620/13753
f 3582/3621/13754 3587/3619/13755 3796/3620/13756 3797/3622/13757
f 3581/3623/13758 3582/3621/13759 3797/3622/13760 3798/3624/13761
f 3598/3625/13762 3581/3623/13763 3798/3624/13764 3799/3626/13765
f 3597/3627/13766 3598/3625/13767 3799/3626/13768 3800/3628/13769
f 3607/3629/13770 3597/3627/13771 3800/3628/13772 3801/3630/13773
f 3586/3631/13774 3607/3629/13775 3801/3630/13776 3802/3632/13777
f 3585/3633/13778 3586/3631/13779 3802/3632/13780 3803/3634/13781
f 3584/3635/13782 3585/3633/13783 3803/3634/13784 3804/3636/13785
f 3583/3637/13786 3584/3635/13787 3804/3636/13788 3805/3638/13789
f 3608/3639/13790 3583/3637/13791 3805/3638/13792 3806/3640/13793
f 3807/3642/13794 3606/3641/13795 3608/3639/13796 3806/3640/13797
f 3605/3644/13798 3606/3641/13799 3807/3642/13800 3808/3645/13801
f 3609/3643/13802 3605/3644/13803 3808/3645/13804 3809/3646/13805
f 3611/3667/13806 3614/3665/13807 3613/3658/13808 3612/3668/13809
f 3562/3660/13810 2595/3647/13811 3616/3664/13812 3615/3666/13813
f 2589/3649/13814 3579/3688/13815 3613/3689/13816 3614/3648/13817
f 3614/3648/13818 3616/3653/13819 2592/3652/13820 2589/3649/13821
f 3617/3675/13822 3620/3651/13823 3619/3650/13824 3618/3676/13825
f 3618/3676/13826 3619/3650/13827 3622/3663/13828 3621/3677/13829
f 3623/3669/13830 3626/3659/13831 3625/3656/13832 3624/3671/13833
f 3627/3673/13834 3628/3657/13835 3620/3651/13836 3617/3675/13837
f 2592/3652/13838 3616/3653/13839 2595/3654/13840 2594/3655/13841
f 3624/3671/13842 3625/3656/13843 3628/3657/13844 3627/3673/13845
f 3612/3668/13846 3613/3658/13847 3626/3659/13848 3623/3669/13849
f 3629/3672/13850 3632/3674/13851 3631/3791/13852 3630/3785/13853
f 3630/3785/13854 3634/3790/13855 3633/3670/13856 3629/3672/13857
f 3615/3666/13858 3635/3789/13859 3563/3661/13860 3562/3660/13861
f 3563/3661/13862 3635/3789/13863 3567/3788/13864 2588/3662/13865
f 3621/3677/13866 3622/3663/13867 3637/3683/13868 3636/3682/13869
f 3568/3793/13870 3639/3792/13871 3638/3685/13872 2552/3684/13873
f 3616/3664/13874 3614/3665/13875 3611/3667/13876 3615/3666/13877
f 3612/3668/13878 3635/3789/13879 3615/3666/13880 3611/3667/13881
f 3623/3669/13882 3634/3790/13883 3635/3789/13884 3612/3668/13885
f 3624/3671/13886 3633/3670/13887 3634/3790/13888 3623/3669/13889
f 3627/3673/13890 3629/3672/13891 3633/3670/13892 3624/3671/13893
f 3617/3675/13894 3632/3674/13895 3629/3672/13896 3627/3673/13897
f 3618/3676/13898 3631/3791/13899 3632/3674/13900 3617/3675/13901
f 3621/3677/13902 3639/3792/13903 3631/3791/13904 3618/3676/13905
f 3636/3682/13906 3638/3685/13907 3639/3792/13908 3621/3677/13909
f 3636/3682/13910 3641/3702/13911 3640/3697/13912 3638/3685/13913
f 3642/3706/13914 3619/3678/13915 3620/3679/13916 3643/3707/13917
f 3642/3706/13918 3644/3695/13919 3622/3680/13920 3619/3678/13921
f 3628/3690/13922 3645/3711/13923 3643/3707/13924 3620/3679/13925
f 3622/3680/13926 3644/3695/13927 3646/3694/13928 3637/3681/13929
f 3637/3681/13930 3646/3694/13931 3648/3701/13932 3647/3700/13933
f 3636/3682/13934 3637/3683/13935 3647/3700/13936 3641/3702/13937
f 2552/3684/13938 3638/3685/13939 3640/3697/13940 2555/3699/13941
f 3649/3692/13942 3579/3688/13943 3578/3686/13944 3650/3714/13945
f 3650/3714/13946 3578/3686/13947 3546/3687/13948 3547/3715/13949
f 3579/3688/13950 3649/3692/13951 3626/3691/13952 3613/3689/13953
f 3649/3692/13954 3650/3714/13955 3652/3718/13956 3651/3710/13957
f 3628/3690/13958 3625/3693/13959 3651/3710/13960 3645/3711/13961
f 3626/3691/13962 3649/3692/13963 3651/3710/13964 3625/3693/13965
f 3653/3705/13966 3644/3695/13967 3642/3706/13968 3654/3716/13969
f 3655/3722/13970 3656/3724/13971 3560/3712/13972 3561/3696/13973
f 3657/3704/13974 3658/3703/13975 3648/3701/13976 3646/3694/13977
f 3646/3694/13978 3644/3695/13979 3653/3705/13980 3657/3704/13981
f 3659/3720/13982 3655/3722/13983 3561/3696/13984 2551/3698/13985
f 3641/3702/13986 3658/3703/13987 3659/3720/13988 3640/3697/13989
f 3640/3697/13990 3659/3720/13991 2551/3698/13992 2555/3699/13993
f 3647/3700/13994 3648/3701/13995 3658/3703/13996 3641/3702/13997
f 3657/3704/13998 3660/3721/13999 3659/3720/14000 3658/3703/14001
f 3660/3721/14002 3657/3704/14003 3653/3705/14004 3661/3723/14005
f 3661/3723/14006 3653/3705/14007 3654/3716/14008 3662/3725/14009
f 3642/3706/14010 3643/3707/14011 3663/3717/14012 3654/3716/14013
f 3663/3717/14014 3643/3707/14015 3645/3711/14016 3664/3719/14017
f 3547/3715/14018 3577/3708/14019 3576/3709/14020 3665/3727/14021
f 3575/3713/14022 3666/3728/14023 3665/3727/14024 3576/3709/14025
f 3651/3710/14026 3652/3718/14027 3664/3719/14028 3645/3711/14029
f 3560/3712/14030 3656/3724/14031 3666/3728/14032 3575/3713/14033
f 3665/3727/14034 3652/3718/14035 3650/3714/14036 3547/3715/14037
f 3662/3725/14038 3654/3716/14039 3663/3717/14040 3667/3729/14041
f 3667/3729/14042 3663/3717/14043 3664/3719/14044 3668/3726/14045
f 3652/3718/14046 3665/3727/14047 3668/3726/14048 3664/3719/14049
f 3661/3723/14050 3655/3722/14051 3659/3720/14052 3660/3721/14053
f 3662/3725/14054 3656/3724/14055 3655/3722/14056 3661/3723/14057
f 3667/3729/14058 3666/3728/14059 3656/3724/14060 3662/3725/14061
f 3668/3726/14062 3665/3727/14063 3666/3728/14064 3667/3729/14065
f 3669/3757/14066 3670/3756/14067 2457/3731/14068 2458/3730/14069
f 3671/4023/14070 3673/3733/14071 3670/3756/14072 3672/4021/14073
f 3670/3756/14074 3673/3733/14075 2456/3732/14076 2457/3731/14077
f 3674/4036/14078 3675/4025/14079 3673/3733/14080 3671/4023/14081
f 3675/4025/14082 2455/3734/14083 2456/3732/14084 3673/3733/14085
f 3676/4027/14086 2454/3735/14087 2455/3734/14088 3675/4025/14089
f 3677/4028/14090 2451/3761/14091 2454/3735/14092 3676/4027/14093
f 3678/4016/14094 3681/3747/14095 3680/3746/14096 3679/4017/14097
f 3057/3736/14098 2970/3737/14099 2971/3743/14100 3681/3742/14101
f 3056/3738/14102 3057/3739/14103 3681/3747/14104 3678/4016/14105
f 3669/3755/14106 3055/3751/14107 3056/3740/14108 3678/3741/14109
f 3679/4017/14110 3680/3746/14111 3186/4308/14112 3185/4304/14113
f 3171/4300/14114 3196/3871/14115 3682/4018/14116 3172/4302/14117
f 3137/4309/14118 3186/4308/14119 3680/3746/14120 3136/3749/14121
f 3681/3742/14122 2971/3743/14123 3421/3744/14124 3427/3745/14125
f 3680/3746/14126 3681/3747/14127 3427/3748/14128 3136/3749/14129
f 3545/3754/14130 3059/3750/14131 3055/3751/14132 3669/3755/14133
f 3052/3752/14134 3669/3755/14135 2458/3072/14136 2616/3568/14137
f 3052/3752/14138 3053/3753/14139 3545/3754/14140 3669/3755/14141
f 3672/4021/14142 3670/3756/14143 3669/3757/14144 3678/4019/14145
f 3683/4029/14146 2398/3762/14147 2399/3758/14148 2597/3759/14149
f 3683/4029/14150 2597/3759/14151 2453/3760/14152 3684/4030/14153
f 3684/4030/14154 2453/3760/14155 2451/3761/14156 3677/4028/14157
f 2599/3763/14158 3686/4031/14159 3685/4050/14160 3574/3796/14161
f 2398/3762/14162 3683/4029/14163 3686/4031/14164 2599/3763/14165
f 2492/3765/14166 3687/3778/14167 2376/3768/14168 2377/3764/14169
f 2492/3765/14170 2389/3766/14171 2385/3775/14172 3687/3778/14173
f 2605/3780/14174 3690/3769/14175 3689/3783/14176 3688/3782/14177
f 3690/3769/14178 2605/3780/14179 2375/3767/14180 2376/3768/14181
f 3690/3769/14182 2376/3768/14183 3687/3778/14184 3691/3779/14185
f 3689/3783/14186 3690/3769/14187 3691/3779/14188 3692/3781/14189
f 2495/3771/14190 3693/3800/14191 2387/3776/14192 2388/3770/14193
f 2495/3771/14194 2401/3772/14195 2402/3774/14196 3693/3800/14197
f 2403/3773/14198 2500/3799/14199 3693/3800/14200 2402/3774/14201
f 3687/3778/14202 2385/3775/14203 2386/3777/14204 3694/3801/14205
f 2387/3776/14206 3693/3800/14207 3694/3801/14208 2386/3777/14209
f 3687/3778/14210 3694/3801/14211 3692/3781/14212 3691/3779/14213
f 2604/3847/14214 2605/3780/14215 3688/3782/14216 3695/3848/14217
f 3692/3781/14218 3694/3801/14219 3696/3849/14220 3689/3783/14221
f 3696/3849/14222 3695/3848/14223 3688/3782/14224 3689/3783/14225
f 3697/3787/14226 3698/3812/14227 2581/3811/14228 3567/3788/14229
f 3698/3812/14230 3697/3787/14231 3700/3786/14232 3699/3794/14233
f 3699/3794/14234 3568/3793/14235 3569/3784/14236 3571/3804/14237
f 3700/3786/14238 3630/3785/14239 3631/3791/14240 3699/3794/14241
f 3634/3790/14242 3630/3785/14243 3700/3786/14244 3697/3787/14245
f 3697/3787/14246 3567/3788/14247 3635/3789/14248 3634/3790/14249
f 3631/3791/14250 3639/3792/14251 3568/3793/14252 3699/3794/14253
f 3701/3798/14254 3702/3797/14255 3573/3795/14256 3574/3796/14257
f 3703/3806/14258 3572/3803/14259 3573/3795/14260 3702/3797/14261
f 3704/3818/14262 3703/3806/14263 3702/3797/14264 3705/3820/14265
f 3701/3798/14266 3574/3796/14267 3685/4050/14268 3706/4049/14269
f 3707/3817/14270 3708/3819/14271 2500/3799/14272 2525/3809/14273
f 3705/3820/14274 3702/3797/14275 3701/3798/14276 3709/3822/14277
f 3709/3822/14278 3701/3798/14279 3706/4049/14280 3710/4044/14281
f 2500/3799/14282 3708/3819/14283 3711/3821/14284 3693/3800/14285
f 3694/3801/14286 3693/3800/14287 3711/3821/14288 3712/4043/14289
f 3713/4045/14290 3696/3849/14291 3694/3801/14292 3712/4043/14293
f 3714/3805/14294 3715/3807/14295 3571/3804/14296 3570/3802/14297
f 3703/3806/14298 3714/3805/14299 3570/3802/14300 3572/3803/14301
f 3715/3807/14302 3698/3812/14303 3699/3794/14304 3571/3804/14305
f 3716/3814/14306 3715/3807/14307 3714/3805/14308 3717/3816/14309
f 3717/3816/14310 3714/3805/14311 3703/3806/14312 3704/3818/14313
f 3698/3812/14314 3715/3807/14315 3716/3814/14316 3718/3813/14317
f 2574/3810/14318 3718/3813/14319 3719/3815/14320 2532/3808/14321
f 2532/3808/14322 3719/3815/14323 3707/3817/14324 2525/3809/14325
f 3718/3813/14326 2574/3810/14327 2581/3811/14328 3698/3812/14329
f 3717/3816/14330 3719/3815/14331 3718/3813/14332 3716/3814/14333
f 3704/3818/14334 3707/3817/14335 3719/3815/14336 3717/3816/14337
f 3705/3820/14338 3708/3819/14339 3707/3817/14340 3704/3818/14341
f 3709/3822/14342 3711/3821/14343 3708/3819/14344 3705/3820/14345
f 3710/4044/14346 3712/4043/14347 3711/3821/14348 3709/3822/14349
f 2603/3845/14350 3721/3850/14351 3720/3827/14352 2602/3825/14353
f 2602/3825/14354 3720/3827/14355 3723/3826/14356 3722/3832/14357
f 2366/3830/14358 2367/3823/14359 2485/3824/14360 3724/3831/14361
f 2485/3824/14362 2602/3825/14363 3722/3832/14364 3724/3831/14365
f 3725/3837/14366 3722/3832/14367 3723/3826/14368 3726/3851/14369
f 3723/3826/14370 3720/3827/14371 3721/3850/14372 3726/3851/14373
f 2480/3829/14374 3727/3839/14375 2356/3834/14376 2357/3828/14377
f 2480/3829/14378 2366/3830/14379 3724/3831/14380 3727/3839/14381
f 3725/3837/14382 3727/3839/14383 3724/3831/14384 3722/3832/14385
f 2600/3844/14386 2601/3835/14387 3729/3840/14388 3728/3856/14389
f 2356/3834/14390 3730/3836/14391 2601/3835/14392 2355/3833/14393
f 3727/3839/14394 3731/3838/14395 3730/3836/14396 2356/3834/14397
f 2601/3835/14398 3730/3836/14399 3732/3841/14400 3729/3840/14401
f 3731/3838/14402 3733/3852/14403 3732/3841/14404 3730/3836/14405
f 3727/3839/14406 3725/3837/14407 3726/3851/14408 3734/3853/14409
f 3732/3841/14410 3733/3852/14411 3736/3854/14412 3735/3855/14413
f 3733/3852/14414 3731/3838/14415 3727/3839/14416 3734/3853/14417
f 3728/3856/14418 3729/3840/14419 3732/3841/14420 3735/3855/14421
f 3737/3864/14422 2470/3860/14423 2471/3842/14424 2474/3843/14425
f 2474/3843/14426 2600/3844/14427 3728/3856/14428 3737/3864/14429
f 3721/3850/14430 2603/3845/14431 2486/3846/14432 3738/4047/14433
f 2486/3846/14434 2604/3847/14435 3695/3848/14436 3738/4047/14437
f 3695/3848/14438 3696/3849/14439 3713/4045/14440 3738/4047/14441
f 3738/4047/14442 3739/4046/14443 3726/3851/14444 3721/3850/14445
f 3739/4046/14446 3740/3892/14447 3734/3853/14448 3726/3851/14449
f 3736/3854/14450 3733/3852/14451 3734/3853/14452 3740/3892/14453
f 3740/3892/14454 3741/3893/14455 3735/3855/14456 3736/3854/14457
f 3735/3855/14458 3741/3893/14459 3737/3864/14460 3728/3856/14461
f 3737/3864/14462 3741/3893/14463 3743/3895/14464 3742/3890/14465
f 2334/3857/14466 2468/3862/14467 3745/3863/14468 3744/3875/14469
f 2334/3857/14470 3744/3875/14471 3746/3878/14472 2333/3877/14473
f 2464/3858/14474 2465/3859/14475 3747/3865/14476 2463/3861/14477
f 3747/3865/14478 2465/3859/14479 2470/3860/14480 3737/3864/14481
f 2463/3861/14482 3747/3865/14483 3745/3863/14484 2468/3862/14485
f 3748/3882/14486 3744/3875/14487 3745/3863/14488 3747/3865/14489
f 3747/3865/14490 3737/3864/14491 3742/3890/14492 3749/3874/14493
f 3748/3882/14494 3747/3865/14495 3749/3874/14496 3750/3883/14497
f 3751/3869/14498 3084/3868/14499 3081/3866/14500 2320/3867/14501
f 3752/3870/14502 3753/4015/14503 3682/4018/14504 3196/3871/14505
f 3084/3868/14506 3751/3869/14507 3752/3870/14508 3196/3871/14509
f 3754/3873/14510 3757/3889/14511 3756/3891/14512 3755/3886/14513
f 3758/3887/14514 3761/4026/14515 3760/4037/14516 3759/4024/14517
f 3762/4022/14518 3763/3888/14519 3758/3887/14520 3759/4024/14521
f 3752/3880/14522 3763/3888/14523 3762/4022/14524 3753/4020/14525
f 3761/4026/14526 3758/3887/14527 3755/3886/14528 3756/3891/14529
f 2320/3872/14530 2321/3876/14531 3764/3884/14532 3751/3879/14533
f 3754/3873/14534 3765/3881/14535 3750/3883/14536 3749/3874/14537
f 3757/3889/14538 3754/3873/14539 3749/3874/14540 3742/3890/14541
f 3764/3884/14542 3746/3878/14543 3744/3875/14544 3748/3882/14545
f 2321/3876/14546 2333/3877/14547 3746/3878/14548 3764/3884/14549
f 3751/3879/14550 3764/3884/14551 3763/3888/14552 3752/3880/14553
f 3763/3888/14554 3764/3884/14555 3765/3881/14556 3766/3885/14557
f 3765/3881/14558 3754/3873/14559 3755/3886/14560 3766/3885/14561
f 3748/3882/14562 3750/3883/14563 3765/3881/14564 3764/3884/14565
f 3766/3885/14566 3755/3886/14567 3758/3887/14568 3763/3888/14569
f 3757/3889/14570 3768/3894/14571 3767/4034/14572 3756/3891/14573
f 3768/3894/14574 3757/3889/14575 3742/3890/14576 3743/3895/14577
f 3769/4033/14578 3761/4026/14579 3756/3891/14580 3767/4034/14581
f 3770/4048/14582 3741/3893/14583 3740/3892/14584 3739/4046/14585
f 3741/3893/14586 3770/4048/14587 3771/4051/14588 3743/3895/14589
f 3768/3894/14590 3773/4055/14591 3772/4054/14592 3767/4034/14593
f 3768/3894/14594 3743/3895/14595 3771/4051/14596 3773/4055/14597
f 3774/4035/14598 3775/4053/14599 3685/4050/14600 3686/4031/14601
f 3538/3896/14602 3544/3897/14603 119/3898/14604 128/3899/14605
f 3539/3903/14606 3543/3902/14607 3544/3900/14608 3538/3901/14609
f 3534/3904/14610 3543/3902/14611 3539/3903/14612 3541/3905/14613
f 3530/3907/14614 3533/3906/14615 3534/3904/14616 3541/3905/14617
f 2317/3909/14618 3532/3908/14619 3533/3906/14620 3530/3907/14621
f 3517/3910/14622 3532/3908/14623 2317/3909/14624 2314/3911/14625
f 2155/3912/14626 3517/3910/14627 2314/3911/14628 2158/3913/14629
f 2155/3912/14630 2158/3913/14631 2159/3915/14632 2154/3914/14633
f 2191/3917/14634 2188/3916/14635 2154/3914/14636 2159/3915/14637
f 2175/3919/14638 2170/3918/14639 2188/3916/14640 2191/3917/14641
f 2176/3921/14642 2173/3920/14643 2170/3918/14644 2175/3919/14645
f 2148/3923/14646 2145/3922/14647 2173/3920/14648 2176/3921/14649
f 2131/3925/14650 2128/3924/14651 2145/3922/14652 2148/3923/14653
f 2132/3927/14654 2129/3926/14655 2128/3924/14656 2131/3925/14657
f 3557/3929/14658 3558/3928/14659 2129/3926/14660 2132/3927/14661
f 3580/3931/14662 3565/3930/14663 3558/3928/14664 3557/3929/14665
f 3564/3932/14666 3565/3930/14667 3580/3931/14668 2209/3933/14669
f 2307/3934/14670 3564/3932/14671 2209/3933/14672 2208/3935/14673
f 2307/3934/14674 2208/3935/14675 2293/3936/14676 2294/3937/14677
f 2294/3938/14678 2293/3939/14679 2215/3941/14680 2218/3940/14681
f 2216/3943/14682 2217/3942/14683 2218/3940/14684 2215/3941/14685
f 2230/3945/14686 2228/3944/14687 2217/3942/14688 2216/3943/14689
f 2247/3947/14690 2244/3946/14691 2228/3944/14692 2230/3945/14693
f 2248/3949/14694 2243/3948/14695 2244/3946/14696 2247/3947/14697
f 2268/3951/14698 2265/3950/14699 2243/3948/14700 2248/3949/14701
f 2269/3953/14702 2264/3952/14703 2265/3950/14704 2268/3951/14705
f 2282/3955/14706 2280/3954/14707 2264/3952/14708 2269/3953/14709
f 2253/3957/14710 2289/3956/14711 2280/3954/14712 2282/3955/14713
f 2310/3958/14714 2289/3956/14715 2253/3957/14716 2250/3959/14717
f 2313/3960/14718 2310/3958/14719 2250/3959/14720 2308/3961/14721
f 2313/3960/14722 2308/3961/14723 2107/3964/14724 2094/3963/14725
f 2093/3962/14726 2094/3963/14727 2107/3964/14728 2106/3965/14729
f 3429/3968/14730 2093/3966/14731 2106/3967/14732 3433/3969/14733
f 3428/3970/14734 3429/3968/14735 3433/3969/14736 3389/3971/14737
f 3387/3973/14738 3301/3972/14739 3428/3970/14740 3389/3971/14741
f 3301/3972/14742 3387/3973/14743 3385/3974/14744 3265/3975/14745
f 3265/3976/14746 3385/3977/14747 3383/3979/14748 3264/3978/14749
f 3264/3978/14750 3383/3979/14751 3381/3981/14752 3063/3980/14753
f 3063/3980/14754 3381/3981/14755 3379/3983/14756 3062/3982/14757
f 3062/3982/14758 3379/3983/14759 3232/3985/14760 3390/3984/14761
f 3390/3984/14762 3232/3985/14763 3188/3986/14764 3142/3037/14765
f 3189/3988/14766 3145/3987/14767 3142/3037/14768 3188/3986/14769
f 3097/3990/14770 3210/3989/14771 3145/3987/14772 3189/3988/14773
f 3210/3989/14774 3097/3990/14775 3098/3992/14776 3209/3991/14777
f 3101/3994/14778 3203/3993/14779 3209/3991/14780 3098/3992/14781
f 3203/3993/14782 3101/3994/14783 3102/3996/14784 3206/3995/14785
f 3107/3998/14786 3199/3997/14787 3206/3995/14788 3102/3996/14789
f 3108/4000/14790 3198/3999/14791 3199/3997/14792 3107/3998/14793
f 3111/4002/14794 3179/4001/14795 3198/3999/14796 3108/4000/14797
f 3112/4004/14798 3178/4003/14799 3179/4001/14800 3111/4002/14801
f 3115/4006/14802 3181/4005/14803 3178/4003/14804 3112/4004/14805
f 3116/4008/14806 3180/4007/14807 3181/4005/14808 3115/4006/14809
f 3168/4010/14810 3183/4009/14811 3180/4007/14812 3116/4008/14813
f 3182/4011/14814 3183/4009/14815 3168/4010/14816 3167/4012/14817
f 3184/4013/14818 3182/4011/14819 3167/4012/14820 3192/4014/14821
f 3947/4305/14822 3184/4013/14823 3192/4014/14824 3946/4303/14825
f 3682/4018/14826 3679/4017/14827 3185/4304/14828 3172/4302/14829
f 3753/4015/14830 3678/4016/14831 3679/4017/14832 3682/4018/14833
f 3762/4022/14834 3672/4021/14835 3678/4019/14836 3753/4020/14837
f 3672/4021/14838 3762/4022/14839 3759/4024/14840 3671/4023/14841
f 3760/4037/14842 3674/4036/14843 3671/4023/14844 3759/4024/14845
f 3676/4027/14846 3675/4025/14847 3674/4036/14848 3776/4039/14849
f 3761/4026/14850 3769/4033/14851 3777/4040/14852 3760/4037/14853
f 3677/4028/14854 3676/4027/14855 3776/4039/14856 3778/4038/14857
f 3778/4038/14858 3779/4032/14859 3684/4030/14860 3677/4028/14861
f 3683/4029/14862 3684/4030/14863 3779/4032/14864 3686/4031/14865
f 3779/4032/14866 3780/4042/14867 3774/4035/14868 3686/4031/14869
f 3769/4033/14870 3782/4057/14871 3781/4041/14872 3777/4040/14873
f 3781/4041/14874 3780/4042/14875 3779/4032/14876 3778/4038/14877
f 3772/4054/14878 3782/4057/14879 3769/4033/14880 3767/4034/14881
f 3783/4056/14882 3775/4053/14883 3774/4035/14884 3780/4042/14885
f 3776/4039/14886 3674/4036/14887 3760/4037/14888 3777/4040/14889
f 3778/4038/14890 3776/4039/14891 3777/4040/14892 3781/4041/14893
f 3782/4057/14894 3783/4056/14895 3780/4042/14896 3781/4041/14897
f 3710/4044/14898 3706/4049/14899 3785/4052/14900 3784/4063/14901
f 3784/4063/14902 3713/4045/14903 3712/4043/14904 3710/4044/14905
f 3738/4047/14906 3713/4045/14907 3784/4063/14908 3786/4062/14909
f 3739/4046/14910 3738/4047/14911 3786/4062/14912 3770/4048/14913
f 3770/4048/14914 3786/4062/14915 3787/4061/14916 3771/4051/14917
f 3785/4052/14918 3706/4049/14919 3685/4050/14920 3775/4053/14921
f 3784/4063/14922 3785/4052/14923 3789/4059/14924 3788/4060/14925
f 3787/4061/14926 3790/4058/14927 3773/4055/14928 3771/4051/14929
f 3789/4059/14930 3790/4058/14931 3787/4061/14932 3788/4060/14933
f 3789/4059/14934 3785/4052/14935 3775/4053/14936 3783/4056/14937
f 3772/4054/14938 3773/4055/14939 3790/4058/14940 3782/4057/14941
f 3783/4056/14942 3782/4057/14943 3790/4058/14944 3789/4059/14945
f 3788/4060/14946 3787/4061/14947 3786/4062/14948 3784/4063/14949
f 1414/4481/14950 4049/4480/14951 1523/4503/14952 1522/4064/14953
f 2964/4065/14954 3791/4066/14955 2939/4067/14956 2963/4068/14957
f 2990/4069/14958 2942/4070/14959 2943/4071/14960 3792/4072/14961
f 38/4073/14962 134/4074/14963 2760/4075/14964 2759/4076/14965
f 3799/4088/14966 3811/4108/14967 3812/4097/14968 3800/4077/14969
f 3800/4077/14970 3812/4097/14971 3813/4098/14972 3801/4078/14973
f 3801/4078/14974 3813/4098/14975 3814/4099/14976 3802/4079/14977
f 3802/4079/14978 3814/4099/14979 3815/4100/14980 3803/4080/14981
f 3803/4080/14982 3815/4100/14983 3816/4101/14984 3804/4081/14985
f 3804/4081/14986 3816/4101/14987 3817/4102/14988 3805/4082/14989
f 3805/4082/14990 3817/4102/14991 3818/4103/14992 3806/4083/14993
f 3806/4083/14994 3818/4103/14995 3819/4104/14996 3807/4084/14997
f 3807/4084/14998 3819/4104/14999 3820/4111/15000 3808/4091/15001
f 3795/4396/15002 3821/4397/15003 3822/4105/15004 3796/4085/15005
f 3796/4085/15006 3822/4105/15007 3823/4106/15008 3797/4086/15009
f 3797/4086/15010 3823/4106/15011 3824/4107/15012 3798/4087/15013
f 3798/4087/15014 3824/4107/15015 3811/4108/15016 3799/4088/15017
f 1937/4089/15018 139/4090/15019 138/4094/15020 1936/4093/15021
f 3808/4091/15022 3820/4111/15023 3826/4112/15024 3809/4092/15025
f 1936/4093/15026 138/4094/15027 137/4095/15028 1935/4096/15029
f 3811/4108/15030 3827/4127/15031 3828/4117/15032 3812/4097/15033
f 3812/4097/15034 3828/4117/15035 3829/4118/15036 3813/4098/15037
f 3813/4098/15038 3829/4118/15039 3830/4119/15040 3814/4099/15041
f 3814/4099/15042 3830/4119/15043 3831/4120/15044 3815/4100/15045
f 3815/4100/15046 3831/4120/15047 3832/4121/15048 3816/4101/15049
f 3816/4101/15050 3832/4121/15051 3833/4122/15052 3817/4102/15053
f 3817/4102/15054 3833/4122/15055 3834/4123/15056 3818/4103/15057
f 3818/4103/15058 3834/4123/15059 3835/4134/15060 3819/4104/15061
f 3819/4104/15062 3835/4134/15063 3836/4152/15064 3820/4111/15065
f 3821/4397/15066 3837/4398/15067 3838/4124/15068 3822/4105/15069
f 3822/4105/15070 3838/4124/15071 3839/4125/15072 3823/4106/15073
f 3823/4106/15074 3839/4125/15075 3840/4126/15076 3824/4107/15077
f 3824/4107/15078 3840/4126/15079 3827/4127/15080 3811/4108/15081
f 135/4114/15082 136/4109/15083 1912/4110/15084 1896/4115/15085
f 3820/4111/15086 3836/4152/15087 3842/4151/15088 3826/4112/15089
f 1961/4113/15090 135/4114/15091 1896/4115/15092 1879/4116/15093
f 3827/4127/15094 3843/4138/15095 3844/4128/15096 3828/4117/15097
f 3828/4117/15098 3844/4128/15099 3845/4129/15100 3829/4118/15101
f 3829/4118/15102 3845/4129/15103 3846/4130/15104 3830/4119/15105
f 3830/4119/15106 3846/4130/15107 3847/4131/15108 3831/4120/15109
f 3831/4120/15110 3847/4131/15111 3848/4132/15112 3832/4121/15113
f 3832/4121/15114 3848/4132/15115 3849/4133/15116 3833/4122/15117
f 3833/4122/15118 3849/4133/15119 3835/4134/15120 3834/4123/15121
f 3837/4398/15122 3850/4399/15123 3851/4135/15124 3838/4124/15125
f 3838/4124/15126 3851/4135/15127 3852/4136/15128 3839/4125/15129
f 3839/4125/15130 3852/4136/15131 3853/4137/15132 3840/4126/15133
f 3840/4126/15134 3853/4137/15135 3843/4138/15136 3827/4127/15137
f 3843/4138/15138 3854/4160/15139 3855/4139/15140 3844/4128/15141
f 3844/4128/15142 3855/4139/15143 3856/4141/15144 3845/4129/15145
f 3845/4129/15146 3856/4141/15147 3857/4143/15148 3846/4130/15149
f 3846/4130/15150 3857/4143/15151 3858/4145/15152 3847/4131/15153
f 3847/4131/15154 3858/4145/15155 3859/4147/15156 3848/4132/15157
f 3848/4132/15158 3859/4147/15159 3860/4149/15160 3849/4133/15161
f 3849/4133/15162 3860/4149/15163 3836/4152/15164 3835/4134/15165
f 3850/4399/15166 3861/4400/15167 3862/4153/15168 3851/4135/15169
f 3851/4135/15170 3862/4153/15171 3863/4155/15172 3852/4136/15173
f 3852/4136/15174 3863/4155/15175 3864/4157/15176 3853/4137/15177
f 3853/4137/15178 3864/4157/15179 3854/4160/15180 3843/4138/15181
f 3854/4160/15182 3865/4159/15183 3866/4140/15184 3855/4139/15185
f 3855/4139/15186 3866/4140/15187 3867/4142/15188 3856/4141/15189
f 3856/4141/15190 3867/4142/15191 3868/4144/15192 3857/4143/15193
f 3857/4143/15194 3868/4144/15195 3869/4146/15196 3858/4145/15197
f 3858/4145/15198 3869/4146/15199 3870/4148/15200 3859/4147/15201
f 3859/4147/15202 3870/4148/15203 3871/4150/15204 3860/4149/15205
f 3860/4149/15206 3871/4150/15207 3842/4151/15208 3836/4152/15209
f 3861/4400/15210 3872/4403/15211 3873/4154/15212 3862/4153/15213
f 3862/4153/15214 3873/4154/15215 3874/4156/15216 3863/4155/15217
f 3863/4155/15218 3874/4156/15219 3875/4158/15220 3864/4157/15221
f 3864/4157/15222 3875/4158/15223 3865/4159/15224 3854/4160/15225
f 149/4161/15226 2840/3113/15227 3455/4458/15228 4022/4462/15229
f 1675/4162/15230 1112/4163/15231 1525/4461/15232 1679/4460/15233
f 3924/4252/15234 1880/4170/15235 3925/4249/15236
f 3926/4164/15237 3925/4249/15238 1880/4170/15239 3918/4167/15240
f 3921/4165/15241 3920/4168/15242 1880/4170/15243 3922/4169/15244
f 3919/4166/15245 3918/4167/15246 1880/4170/15247 3920/4168/15248
f 3922/4169/15249 1880/4170/15250 3924/4252/15251 3923/4248/15252
f 2002/4171/15253 1994/4173/15254 1895/4179/15255 2001/4176/15256
f 1995/4172/15257 1996/4174/15258 1895/4179/15259 1994/4173/15260
f 1996/4174/15261 1997/4175/15262 1998/4180/15263 1895/4179/15264
f 2001/4176/15265 1895/4179/15266 2000/4178/15267
f 1999/4177/15268 2000/4178/15269 1895/4179/15270 1998/4180/15271
f 3883/4449/15272 3935/4181/15273 3934/4266/15274 3882/4265/15275
f 3884/4447/15276 1911/4182/15277 3935/4181/15278 3883/4449/15279
f 3886/4445/15280 1947/4184/15281 1911/4182/15282 3884/4447/15283
f 4017/4441/15284 1956/4264/15285 1946/4183/15286 3885/4442/15287
f 3885/4442/15288 1946/4183/15289 1947/4184/15290 3886/4445/15291
f 3916/4433/15292 1949/4185/15293 1950/4186/15294 3997/4434/15295
f 3997/4434/15296 1950/4186/15297 1951/4187/15298 4012/4430/15299
f 4012/4430/15300 1951/4187/15301 1952/4253/15302 4021/4428/15303
f 4021/4428/15304 1952/4253/15305 1953/4255/15306 4020/4426/15307
f 4020/4426/15308 1953/4255/15309 1954/4257/15310 4019/4424/15311
f 130/4192/15312 3888/4191/15313 3887/4188/15314 129/4189/15315
f 3889/4190/15316 3888/4191/15317 130/4192/15318 131/4193/15319
f 4019/4424/15320 1954/4257/15321 1955/4260/15322 4018/4422/15323
f 2806/4194/15324 39/4195/15325 1960/4230/15326 2807/4229/15327
f 4018/4421/15328 1955/4261/15329 1956/4264/15330 4017/4441/15331
f 4003/4417/15332 3882/4265/15333 1962/4269/15334 4016/4418/15335
f 3891/4199/15336 124/4198/15337 127/4196/15338 3892/4197/15339
f 124/4198/15340 3891/4199/15341 3907/4228/15342 1981/4227/15343
f 3894/4201/15344 3893/4200/15345 2867/4235/15346 3023/4202/15347
f 2995/4204/15348 3895/4203/15349 3894/4201/15350 3023/4202/15351
f 2857/4205/15352 3896/4206/15353 3895/4203/15354 2995/4204/15355
f 2857/4205/15356 2843/4208/15357 3897/4207/15358 3896/4206/15359
f 3898/4209/15360 3897/4207/15361 2843/4208/15362 2846/4210/15363
f 3899/4211/15364 3898/4209/15365 2846/4210/15366 2845/4212/15367
f 3900/4213/15368 3899/4211/15369 2845/4212/15370 2966/4214/15371
f 3901/4216/15372 3900/4213/15373 2966/4214/15374 3022/4215/15375
f 3022/4215/15376 2851/4218/15377 3902/4217/15378 3901/4216/15379
f 3903/4219/15380 3902/4217/15381 2851/4218/15382 2850/4220/15383
f 3904/4221/15384 3903/4219/15385 2850/4220/15386 2853/4222/15387
f 2809/4224/15388 3905/4223/15389 3904/4221/15390 2853/4222/15391
f 2808/4226/15392 3906/4225/15393 3905/4223/15394 2809/4224/15395
f 2807/4229/15396 3907/4228/15397 3906/4225/15398 2808/4226/15399
f 1981/4227/15400 3907/4228/15401 2807/4229/15402 1960/4230/15403
f 3600/4323/15404 3908/4413/15405 3909/4409/15406 3604/4245/15407
f 3913/4238/15408 3910/4231/15409 3023/4202/15410 2867/4235/15411
f 3913/4238/15412 3914/4239/15413 3911/4232/15414 3910/4231/15415
f 3915/4243/15416 3912/4234/15417 3911/4232/15418 3914/4239/15419
f 1991/4242/15420 1987/4233/15421 3912/4234/15422 3915/4243/15423
f 2865/4237/15424 3913/4238/15425 2867/4235/15426 2868/4236/15427
f 2865/4237/15428 2764/4240/15429 3914/4239/15430 3913/4238/15431
f 2763/4244/15432 3915/4243/15433 3914/4239/15434 2764/4240/15435
f 50/4241/15436 1991/4242/15437 3915/4243/15438 2763/4244/15439
f 3604/4245/15440 3909/4409/15441 3793/4411/15442 3602/4246/15443
f 3924/4252/15444 3485/4251/15445 3481/4247/15446 3923/4248/15447
f 3925/4249/15448 3484/4250/15449 3485/4251/15450 3924/4252/15451
f 1952/4253/15452 2010/4254/15453 2011/4256/15454 1953/4255/15455
f 1953/4255/15456 2011/4256/15457 3487/4258/15458 1954/4257/15459
f 1954/4257/15460 3487/4258/15461 3488/4259/15462 1955/4260/15463
f 1955/4261/15464 3488/4262/15465 3489/4263/15466 1956/4264/15467
f 3882/4265/15468 3934/4266/15469 3490/4267/15470 1962/4269/15471
f 1962/4269/15472 3490/4267/15473 3491/4268/15474 2006/4270/15475
f 2006/4270/15476 3491/4268/15477 3493/4374/15478 3810/4386/15479
f 3139/4387/15480 3492/4377/15481 3933/4278/15482 3881/4451/15483
f 3810/4386/15484 3493/4374/15485 3492/4377/15486 3139/4387/15487
f 4016/4418/15488 1962/4269/15489 2006/4270/15490 4015/4414/15491
f 4015/4414/15492 2006/4270/15493 3810/4386/15494 4013/4408/15495
f 3841/4404/15496 3927/4272/15497 3917/4271/15498 3825/4388/15499
f 3876/4405/15500 3928/4273/15501 3927/4272/15502 3841/4404/15503
f 3877/4436/15504 3929/4274/15505 3928/4273/15506 3876/4405/15507
f 3878/4438/15508 3930/4275/15509 3929/4274/15510 3877/4436/15511
f 3879/4456/15512 3931/4277/15513 3930/4275/15514 3878/4438/15515
f 3880/4455/15516 3932/4276/15517 3931/4277/15518 3879/4456/15519
f 3881/4451/15520 3933/4278/15521 3932/4279/15522 3880/4452/15523
f 2955/4281/15524 3937/4280/15525 3936/4295/15526 3469/4294/15527
f 3476/4283/15528 3938/4282/15529 3937/4280/15530 2955/4281/15531
f 3475/4285/15532 3939/4284/15533 3938/4282/15534 3476/4283/15535
f 3473/4287/15536 3940/4286/15537 3939/4284/15538 3475/4285/15539
f 3474/4289/15540 3941/4288/15541 3940/4286/15542 3473/4287/15543
f 3472/4291/15544 3942/4290/15545 3941/4288/15546 3474/4289/15547
f 3943/4292/15548 3942/4290/15549 3472/4291/15550 3471/4293/15551
f 3470/4297/15552 3944/4296/15553 3943/4292/15554 3471/4293/15555
f 3469/4294/15556 3936/4295/15557 3944/4296/15558 3470/4297/15559
f 3171/4300/15560 3945/4301/15561 3170/4298/15562 3083/4299/15563
f 3171/4300/15564 3172/4302/15565 3946/4303/15566 3945/4301/15567
f 3172/4302/15568 3185/4304/15569 3947/4305/15570 3946/4303/15571
f 3185/4304/15572 3186/4308/15573 3948/4307/15574 3947/4305/15575
f 3173/4306/15576 3948/4307/15577 3186/4308/15578 3137/4309/15579
f 3589/4322/15580 3949/4368/15581 3950/4362/15582 3588/4315/15583
f 3592/4311/15584 3951/4324/15585 3952/4325/15586 3591/4312/15587
f 3594/4310/15588 3953/4361/15589 3954/4328/15590 3593/4317/15591
f 3595/4316/15592 3955/4365/15593 3953/4361/15594 3594/4310/15595
f 3590/4313/15596 3956/4326/15597 3957/4327/15598 3596/4314/15599
f 3599/4319/15600 3958/4330/15601 3951/4324/15602 3592/4311/15603
f 3591/4312/15604 3952/4325/15605 3956/4326/15606 3590/4313/15607
f 3596/4314/15608 3957/4327/15609 3959/4331/15610 3600/4323/15611
f 3588/4315/15612 3950/4362/15613 3955/4365/15614 3595/4316/15615
f 3593/4317/15616 3954/4328/15617 3960/4329/15618 3610/4318/15619
f 3610/4318/15620 3960/4329/15621 3958/4330/15622 3599/4319/15623
f 127/4320/15624 2037/4366/15625 3961/4367/15626 3892/4321/15627
f 3892/4321/15628 3961/4367/15629 3949/4368/15630 3589/4322/15631
f 3600/4323/15632 3959/4331/15633 3962/4332/15634 3908/4413/15635
f 3951/4324/15636 3963/4333/15637 3964/4334/15638 3952/4325/15639
f 3953/4361/15640 3965/4360/15641 3966/4337/15642 3954/4328/15643
f 3956/4326/15644 3967/4335/15645 3968/4336/15646 3957/4327/15647
f 3958/4330/15648 3969/4339/15649 3963/4333/15650 3951/4324/15651
f 3952/4325/15652 3964/4334/15653 3967/4335/15654 3956/4326/15655
f 3957/4327/15656 3968/4336/15657 3970/4340/15658 3959/4331/15659
f 3954/4328/15660 3966/4337/15661 3971/4338/15662 3960/4329/15663
f 3960/4329/15664 3971/4338/15665 3969/4339/15666 3958/4330/15667
f 3962/4332/15668 3973/4341/15669 3972/4415/15670 3908/4413/15671
f 3959/4331/15672 3970/4340/15673 3973/4341/15674 3962/4332/15675
f 3963/4333/15676 3974/4343/15677 3975/4344/15678 3964/4334/15679
f 3965/4360/15680 3976/4364/15681 3977/4350/15682 3966/4337/15683
f 3967/4335/15684 3978/4347/15685 3979/4348/15686 3968/4336/15687
f 3969/4339/15688 3980/4355/15689 3974/4343/15690 3963/4333/15691
f 3964/4334/15692 3975/4344/15693 3978/4347/15694 3967/4335/15695
f 3968/4336/15696 3979/4348/15697 3981/4356/15698 3970/4340/15699
f 3966/4337/15700 3977/4350/15701 3982/4352/15702 3971/4338/15703
f 3971/4338/15704 3982/4352/15705 3980/4355/15706 3969/4339/15707
f 3973/4341/15708 3984/4359/15709 3983/4419/15710 3972/4415/15711
f 3970/4340/15712 3981/4356/15713 3984/4359/15714 3973/4341/15715
f 3974/4343/15716 2062/4342/15717 2063/4345/15718 3975/4344/15719
f 3977/4350/15720 3976/4364/15721 3986/4363/15722 2065/4351/15723
f 3978/4347/15724 2066/4346/15725 2067/4349/15726 3979/4348/15727
f 3980/4355/15728 2068/4354/15729 2062/4342/15730 3974/4343/15731
f 3975/4344/15732 2063/4345/15733 2066/4346/15734 3978/4347/15735
f 3979/4348/15736 2067/4349/15737 2069/4357/15738 3981/4356/15739
f 3977/4350/15740 2065/4351/15741 2070/4353/15742 3982/4352/15743
f 3982/4352/15744 2070/4353/15745 2068/4354/15746 3980/4355/15747
f 3984/4359/15748 2072/4358/15749 2071/4416/15750 3983/4419/15751
f 3981/4356/15752 2069/4357/15753 2072/4358/15754 3984/4359/15755
f 3949/4368/15756 3985/4369/15757 3986/4363/15758 3950/4362/15759
f 3955/4365/15760 3976/4364/15761 3965/4360/15762 3953/4361/15763
f 3950/4362/15764 3986/4363/15765 3976/4364/15766 3955/4365/15767
f 2037/4366/15768 2064/4372/15769 3987/4371/15770 3961/4367/15771
f 3961/4367/15772 3987/4371/15773 3985/4369/15774 3949/4368/15775
f 3986/4363/15776 3985/4369/15777 2076/4370/15778 2065/4351/15779
f 3985/4369/15780 3987/4371/15781 2077/4373/15782 2076/4370/15783
f 3987/4371/15784 2064/4372/15785 2077/4373/15786
f 3493/4374/15787 2078/4375/15788 1210/4376/15789 3492/4377/15790
f 4014/4410/15791 3139/4387/15792 3881/4451/15793 4004/4450/15794
f 1864/4378/15795 3990/4420/15796 3989/4440/15797 1863/4389/15798
f 1865/4380/15799 3991/4425/15800 3990/4423/15801 1864/4379/15802
f 1891/4381/15803 3992/4427/15804 3991/4425/15805 1865/4380/15806
f 1907/4382/15807 3993/4429/15808 3992/4427/15809 1891/4381/15810
f 1920/4383/15811 3994/4431/15812 3993/4429/15813 1907/4382/15814
f 1931/4385/15815 3995/4435/15816 3994/4431/15817 1920/4383/15818
f 1942/4384/15819 3996/4432/15820 3995/4435/15821 1931/4385/15822
f 4013/4408/15823 3810/4386/15824 3139/4387/15825 4014/4410/15826
f 4010/4401/15827 3841/4404/15828 3825/4388/15829 4011/4402/15830
f 1983/4390/15831 4000/4443/15832 3999/4444/15833 1982/4391/15834
f 1863/4389/15835 3989/4440/15836 4000/4443/15837 1983/4390/15838
f 1982/4391/15839 3999/4444/15840 4001/4446/15841 2049/4392/15842
f 2049/4392/15843 4001/4446/15844 4002/4448/15845 2060/4393/15846
f 2060/4393/15847 4002/4448/15848 4003/4417/15849 2071/4416/15850
f 3793/4411/15851 4004/4450/15852 4005/4453/15853 3794/4394/15854
f 3794/4395/15855 4005/4454/15856 4006/4457/15857 3795/4396/15858
f 3795/4396/15859 4006/4457/15860 4007/4439/15861 3821/4397/15862
f 3821/4397/15863 4007/4439/15864 4008/4437/15865 3837/4398/15866
f 3837/4398/15867 4008/4437/15868 4009/4406/15869 3850/4399/15870
f 3850/4399/15871 4009/4406/15872 4010/4401/15873 3861/4400/15874
f 3861/4400/15875 4010/4401/15876 4011/4402/15877 3872/4403/15878
f 4009/4406/15879 3876/4405/15880 3841/4404/15881 4010/4401/15882
f 4008/4437/15883 3877/4436/15884 3876/4405/15885 4009/4406/15886
f 3908/4407/15887 4013/4408/15888 4014/4410/15889 3909/4409/15890
f 3909/4409/15891 4014/4410/15892 4004/4450/15893 3793/4411/15894
f 3972/4415/15895 4015/4414/15896 4013/4412/15897 3908/4413/15898
f 3983/4419/15899 4016/4418/15900 4015/4414/15901 3972/4415/15902
f 2071/4416/15903 4003/4417/15904 4016/4418/15905 3983/4419/15906
f 3990/4420/15907 4018/4421/15908 4017/4441/15909 3989/4440/15910
f 3991/4425/15911 4019/4424/15912 4018/4422/15913 3990/4423/15914
f 3992/4427/15915 4020/4426/15916 4019/4424/15917 3991/4425/15918
f 3993/4429/15919 4021/4428/15920 4020/4426/15921 3992/4427/15922
f 3994/4431/15923 4012/4430/15924 4021/4428/15925 3993/4429/15926
f 3995/4435/15927 3997/4434/15928 4012/4430/15929 3994/4431/15930
f 3996/4432/15931 3916/4433/15932 3997/4434/15933 3995/4435/15934
f 4007/4439/15935 3878/4438/15936 3877/4436/15937 4008/4437/15938
f 4006/4457/15939 3879/4456/15940 3878/4438/15941 4007/4439/15942
f 4000/4443/15943 3885/4442/15944 3886/4445/15945 3999/4444/15946
f 3989/4440/15947 4017/4441/15948 3885/4442/15949 4000/4443/15950
f 3999/4444/15951 3886/4445/15952 3884/4447/15953 4001/4446/15954
f 4001/4446/15955 3884/4447/15956 3883/4449/15957 4002/4448/15958
f 4002/4448/15959 3883/4449/15960 3882/4265/15961 4003/4417/15962
f 4004/4450/15963 3881/4451/15964 3880/4452/15965 4005/4453/15966
f 4005/4454/15967 3880/4455/15968 3879/4456/15969 4006/4457/15970
f 3609/3643/15971 1963/4459/15972 4022/4462/15973 3455/4458/15974
f 1963/4459/15975 1679/4460/15976 1525/4461/15977 4022/4462/15978
f 4025/4493/15979 4026/4463/15980 4031/4466/15981 4030/4494/15982
f 4026/4463/15983 4027/4464/15984 4032/4467/15985 4031/4466/15986
f 4027/4464/15987 4028/4465/15988 4033/4468/15989 4032/4467/15990
f 4028/4465/15991 4029/4485/15992 4034/4484/15993 4033/4468/15994
f 4030/4494/15995 4031/4466/15996 4036/4469/15997 4035/4490/15998
f 4031/4466/15999 4032/4467/16000 4037/4470/16001 4036/4469/16002
f 4032/4467/16003 4033/4468/16004 4038/4471/16005 4037/4470/16006
f 4033/4468/16007 4034/4484/16008 4039/4483/16009 4038/4471/16010
f 4035/4490/16011 4036/4469/16012 4041/4472/16013 4040/4488/16014
f 4036/4469/16015 4037/4470/16016 4042/4473/16017 4041/4472/16018
f 4037/4470/16019 4038/4471/16020 4043/4474/16021 4042/4473/16022
f 4038/4471/16023 4039/4483/16024 4044/4482/16025 4043/4474/16026
f 4040/4488/16027 4041/4472/16028 4046/4475/16029 4045/4486/16030
f 4041/4472/16031 4042/4473/16032 4047/4477/16033 4046/4475/16034
f 4042/4473/16035 4043/4474/16036 4048/4479/16037 4047/4477/16038
f 4043/4474/16039 4044/4482/16040 4049/4480/16041 4048/4479/16042
f 4045/4486/16043 4046/4475/16044 91/4476/16045
f 4046/4475/16046 4047/4477/16047 92/4478/16048 91/4476/16049
f 4047/4477/16050 4048/4479/16051 1414/4481/16052 92/4478/16053
f 4048/4479/16054 4049/4480/16055 1414/4481/16056
f 1524/4504/16057 1523/4503/16058 4049/4480/16059 4044/4482/16060
f 3452/4500/16061 1524/4504/16062 4044/4482/16063 4039/4483/16064
f 3453/4498/16065 3452/4500/16066 4039/4483/16067 4034/4484/16068
f 3454/4496/16069 3453/4498/16070 4034/4484/16071 4029/4485/16072
f 3348/3186/16073 3346/4487/16074 4040/4488/16075 4045/4486/16076
f 3346/4487/16077 3344/4489/16078 4035/4490/16079 4040/4488/16080
f 3344/4489/16081 1418/4491/16082 4030/4494/16083 4035/4490/16084
f 1418/4491/16085 1416/4492/16086 4025/4493/16087 4030/4494/16088
f 4024/4495/16089 2079/4497/16090 3453/4498/16091 3454/4496/16092
f 2079/4497/16093 4058/4499/16094 3452/4500/16095 3453/4498/16096
f 4058/4499/16097 4056/4501/16098 1524/4504/16099 3452/4500/16100
f 4056/4501/16101 4054/4502/16102 1523/4503/16103 1524/4504/16104
f 1067/4505/16105 1068/4506/16106 936/468/16107
f 2997/3582/16108 2866/4507/16109 2998/3593/16110
