# This file uses centimeters as units for non-parametric coordinates.

mtllib frame_21.mtl
g blendShape1Set skinCluster1Set tweakSet1
v 0.000586 9.147713 -27.983164
v 0.000586 10.145843 -29.699110
v 0.000586 11.676013 -31.816412
v 0.000586 4.133695 -13.370067
v 0.000586 3.756603 -10.120259
v 0.000586 3.182875 -7.308629
v 0.000586 2.913415 -4.241194
v 0.003981 3.236190 -0.916856
v 0.003981 3.011311 5.262179
v -0.000509 3.459970 10.106607
v -0.000509 3.369009 13.103477
v -0.000849 6.875929 24.817968
v -0.000849 7.208983 26.193367
v -0.000865 7.702034 28.584383
v -0.000859 8.056268 30.125090
v 0.000586 8.223941 -26.105640
v 0.000586 7.228878 -23.758484
v 0.000586 7.128917 -21.216484
v 0.000586 5.702349 -18.574520
v -0.000509 3.593746 15.646946
v -0.000509 4.157561 17.848928
v -0.000849 6.967386 25.413231
v 0.002886 3.012718 10.240678
v 0.002886 3.040812 9.874344
v 0.003981 3.039343 -0.683868
v 0.003981 3.067459 -1.147400
v 0.000586 3.455302 -9.893889
v 0.000586 3.484190 -10.379315
v 0.000586 4.566512 19.801815
v 0.000586 6.929556 -21.071589
v 0.000586 6.854780 -21.421341
v 0.002380 24.054628 -34.329544
v 0.000199 24.086567 -35.843090
v 0.000199 23.189989 -43.372562
v 0.006979 19.853075 -48.241161
v 0.000199 16.604414 -48.993137
v 0.000274 14.324892 -33.916782
v 0.000199 14.099717 -45.421833
v 0.000199 14.671465 -47.130821
v 0.000199 13.718899 -35.240028
v 0.000199 22.068680 -46.199524
v 0.000199 23.975195 -40.084827
v -0.000725 18.964985 -48.788181
v 0.000199 13.396167 -40.966923
v 0.000199 13.700444 -43.633301
v -0.001014 17.535492 -49.043781
v 0.000199 15.480259 -48.642132
v 0.000199 23.729143 -41.333675
v 0.000199 13.436209 -41.878136
v 0.000199 13.283910 -37.210217
v 0.000199 24.203060 -38.631481
v 0.000199 24.232391 -36.837154
v 0.000199 13.470971 -36.094528
v 0.000199 21.548141 -46.958530
v 0.000199 22.897900 -44.321812
v 0.000199 20.753355 -47.619427
v 0.000199 13.905420 -44.594036
v 0.000199 13.578738 -42.879093
v 0.000441 24.091419 -32.653847
v 0.003981 14.667481 -32.980202
v 0.000199 17.152082 -49.029568
v 0.000199 22.579987 -45.244724
v 0.000199 16.016483 -48.917053
v 0.000199 23.441908 -42.445076
v -0.010382 18.322710 -48.979275
v 0.000199 13.991287 -34.464176
v -0.009973 24.053133 -34.925125
v 0.000586 24.522966 -31.842207
v 0.000586 25.055334 -31.175011
v 0.000586 12.509249 35.900089
v 0.000586 26.215384 -30.224916
v 0.000586 29.949091 -7.718156
v 0.000586 30.103319 -17.715849
v 0.000586 29.464272 -24.435129
v 0.000586 13.186608 33.133503
v 1.337804 14.031362 -31.230005
v 0.000586 29.680052 -3.237411
v 0.000586 30.152887 -11.676905
v 0.000586 29.935471 -21.302021
v 0.000586 29.072847 0.406947
v 0.000586 26.299545 9.844301
v 0.000586 23.285812 17.309681
v 0.000586 20.345842 23.036509
v 0.000586 24.705896 13.725515
v 0.000586 28.034937 4.343454
v 0.000586 16.229254 29.584929
v 0.000586 14.243899 31.729519
v 0.000602 12.128882 36.120106
v 1.700914 16.509018 -31.046396
v -0.002422 16.509018 -31.046396
g Set blendShape1Set skinCluster1Set tweakSet1
v -0.480691 15.799996 -45.896854
v -0.030458 15.864135 -46.201954
g blendShape1Set skinCluster1Set tweakSet1
v 0.000586 28.734015 -27.965170
v 0.000570 21.745646 20.172295
v 0.000570 18.789968 25.868023
v 0.000586 15.258873 30.638329
v 0.000502 24.190437 -32.276436
v 0.000586 4.616541 -16.013844
v 0.000586 12.991948 -31.858448
v 0.000746 9.570942 35.664738
v 0.000715 8.650603 35.584290
v 0.000627 8.897998 35.919495
g Set blendShape1Set skinCluster1Set tweakSet1
v -0.320163 15.675451 -45.889736
v -0.038781 15.688878 -45.946014
g blendShape1Set skinCluster1Set tweakSet1
v 0.003972 14.699696 -33.593220
v 0.000333 23.960161 -33.361847
v -0.000110 19.442423 -48.522156
v -0.001654 8.387358 34.745510
v 0.000711 9.951878 34.874378
v 0.000586 12.231973 -31.755365
v 0.000586 10.732454 32.813835
v -0.001779 8.032223 30.753519
v -0.001171 8.238361 33.698715
v -0.001695 8.166828 32.434231
v 0.000743 10.658445 33.392979
v -0.000853 7.552795 27.419966
v -0.000871 8.068440 29.326973
v 0.000586 11.102075 33.894333
v -0.000859 7.671813 28.085478
v -0.000851 7.411584 26.916176
v 0.000586 13.468919 -32.542686
v 0.000554 17.291990 28.094229
v 0.002369 18.036104 -49.034645
v 0.000181 16.150867 -47.673485
v 0.000199 20.417736 -47.876205
v 0.000586 7.697003 -24.889690
v 0.000199 16.298401 -47.606781
v -0.000857 7.598814 27.751783
v 0.000641 9.169737 36.027462
v 0.000618 9.091800 36.023247
v 0.000618 9.031639 36.018730
v 0.000700 10.254094 33.915344
v 0.000199 14.308167 -46.427765
v 0.000034 14.203078 -45.939720
v 0.000198 15.919543 -48.040665
v -0.003832 16.468723 -47.744419
v 0.000199 17.380932 -42.694992
v 0.000199 17.386868 -43.330002
v 0.000199 17.353493 -43.973625
v 0.000199 17.205776 -44.733646
v 0.000199 16.974138 -45.421745
v 0.000199 16.719433 -46.228336
v -0.014121 16.710054 -47.349140
v 0.000199 17.690746 -39.733936
v 0.000199 17.574713 -40.446064
v 0.000199 17.444454 -41.292942
v 0.000199 17.383188 -42.049553
v 0.000627 9.326372 35.960705
v 0.000042 15.227458 -48.428238
v -12.796119 4.727751 21.022688
v -9.396752 6.100232 22.253864
v -7.925998 5.368556 21.853428
v -10.356194 2.929269 21.482067
v -2.031670 8.461282 31.015831
v -1.007813 8.531933 29.746500
v -0.848644 8.541546 30.514978
v -1.965245 9.097647 30.872181
v -9.194166 4.112128 25.283325
v -8.164983 4.501363 24.638739
v -4.047976 5.140653 25.875004
v -7.690197 5.211103 27.634207
v -8.464049 8.711394 28.757437
v -8.115240 8.225310 26.736809
v -8.409981 7.818168 27.507362
v -8.396734 8.624108 29.290171
v -6.379444 9.388823 30.778978
v -9.130764 7.974559 32.057930
v -7.250515 8.645381 32.668678
v -4.255468 8.730739 31.584299
v -4.348619 9.781060 31.314348
v -9.922590 7.215700 24.298670
v -11.828960 6.675186 26.012449
v -13.011629 2.074041 27.834534
v -15.499399 3.746991 27.697260
v -13.446663 5.185192 28.667892
v -9.017666 7.712963 25.501434
v -10.119470 7.246664 26.759899
v -15.109468 -1.284778 43.656555
v -15.421872 -1.296089 44.694073
v -16.192293 -1.612502 43.799423
v -15.870641 -1.849636 42.695557
v -14.797601 -0.850613 45.628464
v -14.464006 -0.647382 44.477036
v -13.658308 -0.092501 45.443218
v -13.881167 -0.490649 46.646114
v -12.040555 1.016562 46.003883
v -11.532288 1.411562 46.488838
v -11.745166 0.583481 47.831028
v -12.139993 0.387248 47.955025
v -9.719815 3.470298 44.930878
v -8.976886 3.730473 45.356766
v -9.462812 3.067693 46.702534
v -10.277633 2.642705 46.580051
v -10.873861 2.648701 43.627171
v -11.271957 2.023103 45.162331
v -11.780559 1.560343 44.443031
v -11.411119 2.121523 42.871384
v -12.000405 1.532911 42.180031
v -12.299978 1.094278 43.730927
v -12.653087 0.983841 41.271320
v -12.322367 1.286947 41.696068
v -12.675551 0.759331 43.261543
v -13.000942 0.453036 42.860466
v -13.683566 -0.208302 42.062737
v -13.325347 0.356696 40.453800
v -15.706104 -1.970914 42.131031
v -15.479041 -1.718733 41.023800
v -14.480179 -0.955193 41.522350
v -14.798662 -1.236840 42.824661
v -8.966393 4.479575 43.218506
v -8.035574 5.347041 43.057140
v -9.802407 3.887763 42.740364
v -10.338569 3.118850 44.365063
v -10.448713 3.357555 41.971420
v -11.609292 2.240478 40.494713
v -11.044394 2.797074 41.241436
v -12.311361 1.631915 39.505444
v -11.970013 1.929222 39.988018
v -12.934872 1.030043 38.617451
v -15.189317 -1.396981 39.611031
v -14.398348 -0.618382 36.473167
v -13.347073 0.622998 37.551331
v -14.084733 -0.376585 39.863358
v -10.475494 4.718122 34.255608
v -10.179907 5.125875 33.094715
v -9.878598 5.455654 33.637020
v -10.037498 5.222986 34.692757
v -10.480644 4.779812 32.583683
v -10.837927 4.324150 33.761906
v -11.166826 3.898673 33.238388
v -10.770725 4.353802 32.051338
v -8.026104 5.890080 40.666656
v -6.590871 5.961925 43.173946
v -6.837091 5.737515 44.203388
v -8.347088 5.196031 42.128925
v -8.988470 5.396562 39.444981
v -9.319181 4.646967 41.152416
v -10.073249 4.084528 40.302383
v -9.791735 4.816626 38.560436
v -11.019500 3.632580 37.080055
v -10.449834 4.195735 37.759636
v -10.700627 3.519772 39.515789
v -11.309874 2.939330 38.739082
v -11.736959 2.948580 36.126022
v -11.397353 3.260252 36.598019
v -11.669603 2.612449 38.239487
v -11.991457 2.322124 37.778862
v -12.538065 1.754308 36.776680
v -12.273836 2.309536 35.148991
v -13.804663 0.269674 33.032768
v -12.903794 1.443056 34.105164
v -13.129701 1.016750 35.743484
v -14.042686 -0.149839 34.679497
v -7.425832 6.829219 38.178806
v -5.489078 7.486334 39.108444
v -8.713311 6.194067 37.347424
v -9.625686 5.448223 36.675072
v -10.749146 4.228587 35.593689
v -10.237067 4.776446 36.143501
v -11.477241 3.434412 34.573978
v -11.133123 3.829277 35.094604
v -11.932526 2.845411 33.662495
v -13.535020 0.666419 31.436882
v -12.561552 1.910040 32.585583
v -6.861390 7.584716 35.410671
v -5.107995 8.025460 35.908009
v -8.412137 6.775290 34.936069
v -9.418521 5.934086 34.865517
v -11.651503 3.217744 32.381054
v -13.278618 1.058452 29.802029
v -12.252968 2.355086 31.276884
v -10.797580 2.421797 45.922150
v -10.230555 2.431076 47.399296
v -10.994983 1.908073 46.966850
v -15.388880 -1.024759 46.720081
v -15.630402 -1.082147 46.702133
v -14.131419 -1.416778 48.554489
v -13.601634 -0.768675 48.882828
v -13.341486 -0.231740 47.148884
v -9.849784 2.676907 47.996239
v -15.410194 0.569269 44.583992
v -15.556873 -0.144290 45.750198
v -14.765359 0.143906 46.862221
v -14.726069 0.981925 45.189121
v -14.171370 0.466025 47.331135
v -14.166114 1.322456 45.643196
v -13.701663 1.644712 46.025692
v -13.377305 0.675192 47.702972
v -12.435927 0.786635 47.774288
v -12.587518 2.148494 46.791409
v -9.875264 2.713721 48.015659
v -11.215484 3.079244 46.957565
v -10.534011 1.940899 48.174561
v -10.056725 2.210328 48.298740
v -11.820187 2.719719 46.873905
v -11.667854 3.355262 45.598919
v -12.656960 2.861873 45.042831
v -13.530015 2.371721 44.345699
v -14.607097 1.618243 43.485062
v -14.050303 2.004528 43.913086
v -15.577700 0.929876 40.826374
v -15.902272 0.188207 40.282448
v -16.178373 -0.403248 41.691395
v -15.806826 0.450544 42.338505
v -9.815064 4.975539 43.326397
v -10.304606 4.155274 44.824825
v -8.938147 3.876785 45.361031
v -8.201639 5.468077 43.233902
v -11.395980 3.983126 44.117050
v -11.013273 4.693474 42.519470
v -12.164380 4.221403 41.549267
v -12.446004 3.560409 43.300575
v -13.163077 3.575856 40.641613
v -13.345360 2.999487 42.559120
v -14.384827 2.601165 39.545326
v -14.462143 2.152637 41.686825
v -13.901154 2.572658 42.064568
v -13.749953 3.114735 40.076542
v -5.412876 8.904980 33.336456
v -11.980251 6.319191 30.621906
v -12.485873 5.908567 30.032625
v -12.989096 5.291131 31.833889
v -12.455238 5.733361 32.371975
v -15.257771 2.562199 29.659323
v -14.026748 4.193261 30.676586
v -8.762584 6.282253 40.720783
v -9.210758 5.591528 42.271217
v -7.318924 5.908960 44.346085
v -7.076162 6.128083 43.317616
v -10.142655 6.083688 39.129646
v -10.567958 5.377579 40.942963
v -11.447291 5.596990 37.877338
v -11.813755 4.903402 39.764557
v -12.464209 4.937718 36.850719
v -12.790156 4.263075 38.772156
v -13.699131 3.921513 35.490711
v -14.004876 3.264161 37.419266
v -13.474670 3.736217 38.038509
v -13.155592 4.413651 36.116699
v -14.587008 2.799962 34.231667
v -14.819790 2.181545 35.997108
v -15.330085 1.406607 32.930431
v -15.424868 0.847532 34.515133
v -15.089585 1.671052 37.816090
v -15.660545 0.242801 36.384132
v -8.119754 7.301678 38.085407
v -5.861525 7.991416 39.212986
v -9.711014 6.834708 36.907204
v -11.085045 6.279512 35.844086
v -12.144528 5.595109 34.899403
v -13.395759 4.559717 33.608448
v -12.826341 5.083906 34.223679
v -14.342100 3.448246 32.466480
v -15.235262 1.945344 31.267078
v -7.861849 7.920685 35.439465
v -5.414530 8.596618 35.935417
v -9.413093 7.430060 34.515617
v -10.799690 6.859034 33.751987
v -11.788167 6.219225 32.999825
v -10.753544 3.547122 46.137325
v -15.416550 -1.050491 47.176853
v -14.638859 -1.309445 48.885307
v -13.863740 -0.710008 49.193501
v -13.079492 -0.221882 49.712872
v -12.080458 0.532041 48.118668
v -9.493632 3.248654 46.727982
v -16.451115 -1.455729 42.917377
v -16.399307 -1.558848 43.802120
v -11.692098 0.723169 47.991772
v -10.018007 2.178844 48.243439
v -10.481428 1.915010 48.081688
v -5.072307 8.646597 33.214951
v -15.875494 -1.282039 46.872791
v -16.476931 -1.412601 44.228687
v -15.680611 -1.109469 46.774109
v -15.743868 -1.066352 46.779297
v -13.071827 -0.322662 49.698078
v -11.360160 6.795930 28.958866
v -11.648827 6.474170 28.677080
v -11.493601 6.762552 31.163933
v -10.620897 7.385795 31.750090
v -10.269421 7.689957 30.148512
v -11.106819 7.155789 29.490519
v -9.947536 5.262159 31.550348
v -10.216970 4.854627 30.971956
v -9.432040 5.264632 29.921831
v -9.171645 5.640788 30.516790
v -9.794304 4.628011 28.873962
v -10.890944 3.605513 27.826996
v -15.879259 15.263461 -21.391441
v -17.053802 13.635369 -20.148098
v -17.412996 13.217355 -19.067837
v -16.097088 13.579431 -21.121387
v -16.113640 11.799916 -19.338886
v -14.712162 12.088438 -21.268412
v -14.337926 11.678561 -22.044024
v -15.352727 11.209888 -20.600798
v -14.174750 10.262647 -22.567530
v -13.256263 11.430503 -23.229546
v -12.441009 11.028824 -26.013163
v -12.023265 11.786988 -25.046049
v -17.690836 13.295935 -19.011541
v -17.333696 13.712819 -20.093054
v -18.484325 12.808916 -20.007307
v -18.482613 12.877110 -18.454445
v -17.523346 12.051007 -18.586832
v -18.200918 12.806436 -18.513727
v -16.877151 10.701280 -19.972372
v -15.893388 9.576995 -21.607962
v -14.905842 8.076675 -23.475279
v -13.765775 8.445866 -26.664791
v -19.537577 10.607676 -17.833393
v -19.677025 10.801362 -18.056803
v -20.877758 8.416710 -17.628521
v -20.849758 8.003136 -17.222887
v -19.287493 10.216491 -18.084957
v -20.244484 8.041260 -17.665131
v -17.205618 8.956225 -20.933239
v -18.688074 6.509005 -20.570770
v -16.887228 5.206273 -24.207066
v -18.506332 9.077320 -19.040131
v -19.130543 7.896371 -18.756903
v -15.892132 4.967077 -27.518171
v -20.756714 7.808332 -17.437841
v -21.057531 7.519990 -17.681635
v -21.737761 4.939674 -17.369652
v -21.668322 4.912023 -16.956755
v -20.643620 7.225443 -17.579588
v -21.329561 4.668005 -17.281822
v -19.820314 3.555450 -20.130884
v -18.116301 2.447022 -23.877028
v -19.654499 5.796797 -18.446001
v -20.209393 4.726495 -18.284111
v -17.117092 1.582643 -27.086426
v -21.486485 4.210385 -17.324022
v -21.858538 4.431235 -16.970284
v -22.442255 3.058100 -16.808718
v -21.965351 2.680078 -16.960939
v -20.874872 0.978152 -19.436119
v -19.420290 -0.838722 -23.103598
v -20.885622 3.246937 -18.000746
v -21.340963 2.158872 -17.707706
v -18.093500 -1.631442 -26.322613
v -22.599949 2.017432 -16.654850
v -22.647993 2.079269 -17.525145
v -23.171974 0.513154 -16.629717
v -23.087620 0.448058 -16.034740
v -22.134468 1.722099 -16.615662
v -22.491274 0.271923 -16.103626
v -21.716293 0.990933 -17.346642
v -21.960854 0.104015 -17.100161
v -19.421789 -3.137865 -24.113930
v -20.458931 -3.246602 -21.635191
v -19.978264 -4.529053 -23.261066
v -23.364687 -0.221881 -16.833307
v -23.191784 -1.050634 -18.229769
v -23.669786 -2.323525 -17.083300
v -23.759562 -2.340296 -15.951120
v -23.120565 0.086579 -15.984285
v -23.606031 -1.904079 -15.012476
v -22.504778 -0.032638 -16.078833
v -23.077562 -2.061386 -15.114662
v -21.909422 -10.010571 -19.397234
v -20.924952 -7.319237 -21.374964
v -21.257458 -5.980865 -20.397926
v -22.265009 -8.920185 -18.077688
v -22.356314 -13.113131 -22.827908
v -21.214964 -9.791707 -26.504881
v -20.133711 -9.626443 -25.104319
v -21.286348 -12.327690 -22.270292
v -23.858185 -2.446492 -15.426780
v -23.929571 -3.748719 -16.311209
v -24.282471 -5.562565 -15.310025
v -24.235914 -5.513035 -13.861435
v -23.666437 -2.312633 -14.865789
v -24.189682 -5.165023 -13.336740
v -23.156206 -2.576272 -14.957839
v -23.712894 -5.448146 -13.399501
v -22.824947 -3.602094 -15.336032
v -23.119204 -4.988459 -14.505199
v -23.259512 -15.408707 -20.307941
v -24.961006 -13.650413 -20.155319
v -24.212580 -11.570831 -22.434834
v -24.674465 -7.612135 -12.458431
v -24.771395 -8.668212 -13.186988
v -24.892309 -9.618212 -12.498353
v -24.826311 -9.098124 -11.413184
v -24.489243 -7.249772 -12.104293
v -24.754190 -8.845910 -11.011241
v -24.044409 -7.363142 -12.288531
v -24.418100 -9.084533 -10.997562
v -22.785065 -10.962949 -16.264265
v -23.436314 -8.782950 -13.988009
v -23.968229 -10.520686 -12.434554
v -23.499525 -12.593025 -14.358182
v -23.855003 -8.386249 -12.401271
v -24.064030 -9.234174 -11.669611
v -22.573404 -12.030683 -17.356689
v -22.185877 -14.507749 -19.662329
v -25.094103 -18.588165 -15.492214
v -25.994081 -16.770498 -15.494761
v -25.457293 -15.348281 -17.827591
v -23.953831 -16.907667 -18.144924
v -23.269363 -13.663504 -15.434664
v -24.260321 -13.932088 -12.331149
v -24.109274 -15.022616 -13.109791
v -22.791519 -15.988166 -17.417917
v -23.946655 -17.276155 -14.768639
v -25.179792 -12.131765 -8.450549
v -25.525652 -11.987575 -8.373702
v -25.551540 -12.659805 -8.179119
v -25.308474 -12.763057 -8.207773
v -25.025305 -12.565333 -8.819489
v -24.964643 -12.132085 -9.062528
v -25.107611 -11.923990 -8.718007
v -23.004320 -14.987003 -16.711899
v -23.834745 -16.188021 -14.048619
v -21.556061 -11.294314 -21.079639
v -22.369139 -13.377105 -18.750385
v -20.430248 -8.634716 -23.401068
v -17.666351 -2.111574 -29.077232
v -18.730291 -4.164859 -25.808571
v -18.459558 -5.445582 -28.224779
v -16.696527 1.630438 -30.110697
v -15.537731 5.223991 -30.525631
v -13.725210 9.521239 -29.694099
v -12.101341 12.414003 -28.039541
v -10.863354 13.872510 -25.861607
v -18.128675 10.792793 -18.710138
v -17.808414 10.033806 -19.467625
v -18.299181 8.039165 -20.017483
v -18.760874 11.265572 -18.835260
v -18.927452 11.307413 -19.275980
v -19.346825 11.358459 -19.298832
v -19.046747 9.487485 -23.435530
v -19.935484 9.530740 -20.063858
v -19.799425 10.669558 -18.467131
v -19.368158 11.536608 -19.202682
v -18.904055 11.820916 -18.885122
v -20.177654 7.055005 -23.814083
v -20.782658 8.016431 -18.540556
v -20.830544 8.187563 -18.108894
v -20.500856 8.138049 -19.780512
v -20.522913 7.505407 -18.384090
v -20.537090 7.595949 -18.121490
v -20.186443 7.387875 -18.034853
v -19.427727 6.997245 -18.884834
v -18.717907 7.084354 -19.833778
v -19.315783 5.544505 -19.403563
v -21.507526 4.519714 -17.440506
v -21.184118 4.227965 -17.767368
v -20.460045 3.927961 -18.406670
v -19.777937 4.599717 -19.271927
v -20.539209 2.945618 -18.935320
v -22.541731 3.120467 -17.478058
v -22.671940 2.146141 -17.499302
v -22.647388 2.231426 -16.933622
v -22.056326 1.940112 -16.891214
v -21.460171 1.516816 -17.752432
v -20.931263 2.041629 -18.687943
v -21.430637 0.626621 -18.216475
v -22.944807 -0.028388 -16.314611
v -22.355078 -0.228085 -16.364199
v -22.046970 -0.623853 -17.124393
v -23.590366 -2.453434 -15.799618
v -23.436167 -2.238215 -15.297105
v -22.913857 -2.352784 -15.376672
v -22.587856 -2.969894 -15.996241
v -21.691795 -0.175046 -17.916618
v -24.351696 -6.092650 -15.269408
v -24.166138 -5.758017 -14.041431
v -24.049837 -5.518373 -13.610703
v -23.607250 -5.670331 -13.686081
v -23.247498 -5.947105 -14.324024
v -22.912527 -6.612102 -15.542273
v -22.880960 -5.284555 -15.322532
v -23.430929 -6.531286 -13.688535
v -23.247854 -6.940937 -14.343401
v -23.727745 -5.670493 -13.244194
v -24.208132 -5.553768 -13.103422
v -24.227749 -5.873096 -13.628389
v -24.433016 -6.687334 -14.478494
v -24.014076 -7.309177 -12.359587
v -23.573509 -7.371363 -13.178323
v -24.458458 -7.090727 -12.239310
v -24.502106 -7.435171 -12.685749
v -21.655832 -1.368789 -18.428726
v -22.254047 -3.932407 -17.225245
v -22.511286 -2.145669 -16.141195
v -22.274298 -1.090283 -16.659737
v -22.080687 -1.668786 -17.325581
v -22.278614 -2.577860 -16.888611
v -22.659922 -4.285589 -15.944049
v -24.576591 -7.637530 -13.780270
v -24.686584 -8.298886 -13.826906
v -24.498674 -7.631079 -12.780973
v -24.375788 -7.352916 -12.371616
v -23.943951 -7.499821 -12.517317
v -23.678068 -8.019786 -12.998104
v -23.416346 -7.699572 -13.826371
v -23.723507 -8.905351 -12.914689
v -24.980467 -10.255402 -12.385037
v -24.802244 -9.427145 -11.361725
v -24.714434 -9.144270 -11.018970
v -24.347284 -9.301805 -11.142670
v -24.135344 -9.789348 -11.509208
v -23.904335 -9.550215 -12.344081
v -24.285500 -10.094753 -10.983492
v -24.212872 -10.543300 -11.429409
v -24.499027 -9.355455 -10.737848
v -24.863678 -9.188531 -10.632721
v -24.971582 -9.690769 -10.859842
v -25.069521 -10.280114 -11.207219
v -24.380077 -15.477139 -12.212520
v -24.527443 -14.404976 -11.409616
v -24.756630 -14.810740 -10.618916
v -24.650833 -15.931628 -11.315130
v -24.331635 -17.846987 -13.361476
v -24.084686 -16.602654 -13.036685
v -24.355156 -17.079693 -11.835148
v -24.559860 -18.176394 -12.356285
v -26.639444 -18.092564 -12.950771
v -26.371843 -17.610706 -14.175383
v -25.439840 -19.089029 -14.292101
v -25.767103 -19.598164 -13.181415
v -25.167597 -10.137985 -9.664039
v -25.125675 -10.296812 -10.286611
v -24.731997 -10.353911 -9.934203
v -24.462172 -10.670112 -10.454583
v -25.447289 -11.318201 -8.734149
v -25.254057 -10.258556 -9.424319
v -25.337032 -10.982060 -9.701588
v -25.506298 -11.681020 -9.115256
v -24.871439 -10.524855 -9.587258
v -25.060236 -11.553029 -8.880751
v -24.727964 -11.349003 -9.772449
v -24.848547 -11.831327 -9.309942
v -24.556276 -11.801392 -10.962035
v -25.325846 -11.397859 -10.431639
v -25.605919 -12.315435 -9.354556
v -25.118853 -10.420166 -9.716145
v -25.220158 -10.773653 -10.055604
v -24.748278 -10.690515 -9.811532
v -25.314196 -11.963376 -11.249147
v -24.403280 -11.016250 -10.923185
v -24.612749 -11.128740 -10.209765
v -24.701027 -11.765952 -10.160822
v -24.925697 -12.685731 -9.723006
v -24.943245 -13.071898 -9.319724
v -25.016792 -10.526577 -10.969810
v -25.596519 -13.004537 -9.910519
v -25.545179 -12.106713 -9.002321
v -25.425327 -11.747070 -8.693620
v -25.621386 -12.338114 -8.701927
v -25.690002 -12.756780 -9.128570
v -24.817022 -12.116229 -9.734859
v -25.647436 -12.866945 -8.440969
v -25.683380 -13.255175 -8.824524
v -25.545834 -14.672848 -7.142927
v -25.406727 -14.463584 -7.522757
v -25.195335 -14.000757 -7.788017
v -25.461576 -13.305271 -7.504694
v -25.179518 -13.447994 -8.185883
v -25.411842 -13.099018 -7.675263
v -25.619226 -13.124116 -7.775058
v -25.095108 -13.212632 -8.557728
v -19.130804 -7.399612 -27.217581
v -19.359190 -5.746539 -25.033400
v -23.171152 -8.820598 -25.462748
v -20.913568 7.787091 -18.510754
v -21.259705 7.451257 -18.063911
v -22.602722 3.050447 -17.825026
v -22.807837 2.292362 -17.686359
v -22.658535 1.977272 -17.843187
v -22.828220 2.057702 -17.795340
v -2.039517 9.154138 -28.056416
v -2.279315 8.174058 -26.077393
v -4.619597 8.495970 -26.165602
v -3.979469 9.399115 -28.068581
v -1.771063 10.083748 -29.611418
v -2.549146 11.346439 -30.713314
v -11.121800 7.791528 22.519638
v -11.587388 8.381849 26.207134
v -13.116276 8.418257 24.701616
v -11.615190 10.676504 -23.295063
v -8.986324 11.451888 -25.776289
v -10.270912 9.927897 -23.693781
v -17.467884 9.342214 -7.613961
v -17.326273 9.435197 -11.116209
v -12.249036 6.984873 -12.051277
v -13.341358 7.145191 -8.923643
v -18.915922 9.925055 -4.204620
v -12.781479 6.170850 -6.145831
v -17.437094 9.198065 -0.840340
v -12.442797 5.792953 -2.174324
v -18.124668 9.375300 2.779717
v -13.136816 6.245435 1.888389
v -16.347733 8.799562 8.095937
v -11.579113 5.770947 6.125731
v -16.474003 9.105252 11.701917
v -12.041343 6.292457 10.225837
v -14.467891 8.101329 14.113984
v -10.701751 5.983929 12.648904
v -14.005692 7.799332 16.068054
v -10.161503 6.028045 14.381008
v -14.700134 8.312757 19.517130
v -9.684042 6.945403 15.803461
v -8.502989 6.195013 18.515547
v -10.813237 6.979202 18.851297
v -11.170280 7.778089 21.666628
v -2.368494 7.687325 -24.899565
v -2.458242 7.151506 -23.772573
v -4.813073 7.365823 -23.794796
v -4.726745 7.854089 -24.846544
v -2.521378 6.686648 -21.188932
v -2.579432 6.816581 -21.007891
v -5.112050 7.162203 -21.411055
v -5.099148 7.031169 -21.573685
v -2.562603 6.606251 -20.848520
v -2.591670 5.407073 -18.545752
v -5.148288 5.641903 -18.518642
v -5.110467 6.943431 -21.238634
v -2.602530 4.506838 -16.022348
v -2.432817 3.678511 -10.193336
v -2.423271 3.410163 -10.469155
v -2.425234 3.376787 -9.996815
v -2.484855 2.770131 -4.212812
v -2.436648 3.085652 -7.254458
v -2.533726 3.113607 -0.707621
v -2.525779 2.944221 -0.933070
v -2.521330 2.921064 -0.490474
v -2.445102 3.217457 10.025931
v -2.438215 3.048599 9.798362
v -2.427244 3.030840 10.202657
v -2.279854 3.245551 13.042934
v -2.079934 3.673041 15.566603
v -3.612101 4.973803 22.580219
v -3.431496 4.637861 21.751541
v -8.568401 8.375552 -23.532867
v -7.641819 8.771748 -24.886799
v -7.748649 7.683814 -20.417896
v -7.741114 7.741096 -20.552706
v -8.182510 6.350878 -17.869438
v -7.776687 7.625175 -20.180126
v -8.596803 5.487832 -15.796433
v -5.287399 4.888059 -16.005711
v -8.695797 4.141983 -10.097685
v -8.681184 3.871494 -10.409722
v -4.959134 3.507159 -10.981809
v -4.969631 3.771426 -10.689229
v -8.703871 3.830597 -9.880123
v -4.963409 3.469309 -10.522537
v -8.701053 3.135640 -3.824873
v -8.824095 3.449183 -6.975393
v -4.864716 3.114436 -7.234722
v -4.853491 2.764119 -4.137024
v -8.523535 3.407047 -0.208956
v -8.534063 3.411945 -0.422139
v -4.793537 2.997172 -1.377584
v -4.800060 3.167212 -1.157216
v -8.507118 3.404018 -0.002149
v -4.784672 2.978988 -0.955924
v -7.928494 3.929946 9.994314
v -7.945371 3.923954 9.768824
v -4.618410 3.281045 9.066906
v -4.622795 3.455885 9.307539
v -7.894093 3.936991 10.251776
v -4.596499 3.273638 9.509149
v -7.084806 4.723981 14.929069
v -7.507695 4.691120 13.045746
v -4.393699 3.779942 13.116839
v -4.142770 4.130279 15.539214
v -6.146965 6.334042 19.844587
v -6.708429 5.627333 16.713802
v -5.407908 6.080288 20.149628
v -3.921463 5.929132 22.206745
v -3.860923 5.098990 24.406055
v -1.738924 4.168907 17.961401
v -9.557201 8.191935 -20.204861
v -9.088021 8.208147 -21.218788
v -11.008026 8.092673 -17.832836
v -9.517527 7.821064 -18.669720
v -11.764309 7.716902 -15.078950
v -10.901100 5.155856 -9.868763
v -10.229388 5.055896 -11.658598
v -10.375148 4.679196 -8.434583
v -10.426125 4.635427 0.213946
v -10.103718 4.400569 -1.364809
v -9.881809 4.346917 1.107321
v -9.591967 4.752958 10.157946
v -9.824182 4.810626 8.598140
v -9.354923 4.829432 11.511871
v -9.780598 6.252381 15.548384
v -6.794789 4.994234 16.110098
v -4.718623 5.226454 19.389599
v -5.273863 5.477995 20.097443
v -1.197775 4.558408 20.117996
v -3.681585 4.704159 18.394632
v -2.245689 4.740805 20.635836
v -8.245218 3.617652 6.645580
v -4.733964 3.079030 6.308189
v -2.437582 2.987495 5.660660
v -8.599922 4.564335 -13.492053
v -5.139961 4.278796 -13.618017
v -2.518987 3.930259 -13.436419
v -10.696716 8.451162 -20.104553
v -1.489411 23.404676 -34.071030
v -1.441722 23.507465 -34.707172
v -4.118212 21.234804 -34.011147
v -2.953872 22.369276 -34.003315
v -2.870717 22.536697 -34.679897
v -4.017899 21.514088 -34.697346
v -1.464868 24.008516 -38.672298
v -1.384123 23.817524 -40.097672
v -3.920147 22.282898 -38.694500
v -2.824655 23.420725 -38.681034
v -2.696408 23.358604 -40.184395
v -3.760032 22.225674 -40.159428
v -0.875613 22.519848 -45.215733
v -0.925502 22.779240 -44.332760
v -2.315926 14.567844 -34.651661
v -2.614351 15.027436 -34.130634
v -4.543375 14.963487 -37.086166
v -4.947046 15.836674 -37.336884
v -4.907517 15.571292 -37.969921
v -4.406049 14.565055 -37.612305
v -1.178769 13.601793 -42.867115
v -2.276470 13.816745 -42.916851
v -0.680254 14.116802 -45.428768
v -0.554472 14.193271 -45.944500
v -1.386786 14.177383 -45.462837
v -1.145568 14.239571 -45.956333
v -1.536144 13.323268 -37.672062
v -3.073715 13.719083 -38.040890
v -2.720547 13.726567 -41.116238
v -1.358605 13.459505 -41.027592
v -3.025395 14.048524 -42.998131
v -4.714902 18.934668 -38.991714
v -4.798956 17.104694 -39.143303
v -4.924818 17.110064 -38.069271
v -4.856453 18.727043 -37.811520
v -3.791936 15.130246 -43.340988
v -3.957888 15.163170 -42.873280
v -4.046605 15.995811 -43.045547
v -3.928027 15.950495 -43.462879
v -2.593335 15.656610 -46.313194
v -2.086310 15.588213 -46.954041
v -1.918447 15.147591 -46.796719
v -2.455149 15.182357 -46.208046
v -1.612429 14.334080 -46.000641
v -1.940394 14.257253 -45.489307
v -0.814873 21.369562 -46.841393
v -0.773048 20.706425 -47.489330
v -3.164114 15.659925 -45.405140
v -2.969677 15.130314 -45.246387
v -3.297479 15.114930 -44.571972
v -3.490112 15.723453 -44.747032
v -1.119923 23.255257 -42.510254
v -1.293535 23.514431 -41.429268
v -2.743913 22.684967 -42.883564
v -3.241683 22.044176 -42.961674
v -3.443536 22.072662 -42.294228
v -2.906956 22.763243 -42.293491
v -4.236923 16.054243 -42.513592
v -4.068938 15.187687 -42.575409
v -4.172029 15.264018 -42.332344
v -4.441809 16.234642 -42.009281
v -0.781059 14.944815 -47.659023
v -1.434140 15.125864 -47.352413
v -1.566032 15.483768 -47.576424
v -0.912565 15.314923 -48.224018
v -3.682715 14.027542 -41.189121
v -3.405191 14.043790 -42.086273
v -2.567373 13.730579 -42.025627
v -1.306612 13.493584 -41.963943
v -0.307622 14.684074 -47.126209
v -0.270830 15.019371 -47.450989
v -0.529157 15.028546 -47.423725
v -0.774926 15.064613 -47.397121
v -0.560907 15.982686 -47.485950
v -0.218115 15.971299 -47.601490
v -2.325971 14.148758 -44.722553
v -1.717865 14.026081 -44.654930
v -2.035597 13.918750 -43.738060
v -2.698539 14.078575 -43.779270
v -1.045387 13.755621 -43.654083
v -0.896281 13.929483 -44.605164
v -4.033020 20.135242 -43.088326
v -4.221112 18.726532 -42.753273
v -4.374145 19.038155 -41.579285
v -4.189769 20.769249 -41.750332
v -4.551404 19.099075 -40.294407
v -4.527686 20.715763 -38.798088
v -4.441318 20.800138 -40.223640
v -0.691728 14.714126 -47.115662
v -0.962979 14.365781 -46.442177
v -1.323612 14.469549 -46.492661
v -0.946929 14.793846 -47.126606
v -0.446814 14.325550 -46.432556
v -4.220375 17.327641 -42.600227
v -4.423350 17.543043 -41.624928
v -3.937536 18.144356 -43.814556
v -3.994560 17.045975 -43.428654
v -3.486238 16.334797 -45.015171
v -3.206203 16.237057 -45.526611
v -2.693463 16.163336 -46.300243
v -2.195273 16.095289 -46.995800
v -1.675785 16.041151 -47.673676
v -1.124172 15.897206 -48.341022
v -0.158855 15.240214 -48.470032
v -0.127209 15.489389 -48.609917
v -3.491794 15.460977 -43.376820
v -3.527733 14.396233 -43.140736
v -2.984945 15.238990 -44.921043
v -2.794628 14.371422 -44.800282
v -3.183234 14.379770 -43.897995
v -3.270712 15.367767 -44.079357
v -1.895325 15.540906 -46.579521
v -1.452545 15.848039 -47.028465
v -1.153992 14.959081 -47.172340
v -1.705031 14.661057 -46.552776
v -0.939839 15.951029 -47.333210
v -1.010341 15.080282 -47.259666
v -4.624169 17.566269 -40.432800
v -2.601275 23.148220 -41.640091
v -3.613572 22.146328 -41.480373
v -3.932581 14.442791 -42.139244
v -3.846821 15.663376 -42.485298
v -2.642382 14.128043 -35.420143
v -1.892748 13.687929 -36.420681
v -4.658439 20.532343 -37.380074
v -4.010740 22.202751 -37.170658
v -2.910340 23.238344 -37.055294
v -1.514671 23.881624 -36.978371
v -4.180426 14.359252 -38.406124
v -4.695970 16.270409 -39.861935
v -4.669676 15.338996 -39.615917
v -4.743475 15.520915 -38.743420
v -4.977144 17.011015 -37.441376
v -4.970518 18.064850 -36.922089
v -4.052504 21.935398 -35.772289
v -2.910129 22.815765 -35.787895
v -1.496952 23.638670 -35.861618
v -3.423534 13.996735 -36.987846
v -2.006988 22.267878 -45.114243
v -2.155586 21.913929 -44.994801
v -2.479042 21.951462 -44.218987
v -2.310933 22.423166 -44.367237
v -1.677661 19.968924 -47.050327
v -1.737822 19.907991 -46.892693
v -1.826451 20.851963 -46.558773
v -1.691176 21.058252 -46.688625
v -1.924950 21.683901 -45.762093
v -1.807362 21.785311 -45.917923
v -0.837837 22.014875 -46.116211
v -3.021880 21.941437 -43.406010
v -2.536767 22.573322 -43.523888
v -1.000581 23.017752 -43.449722
v -3.252849 21.586620 -43.725639
v -3.128039 21.748360 -44.275738
v -3.513584 21.391645 -44.122425
v -3.436734 21.296621 -43.895622
v -2.783811 21.365618 -45.906879
v -2.524759 20.587883 -46.671375
v -3.158698 20.097837 -46.395988
v -3.367808 20.835503 -45.967049
v -2.514469 19.687048 -46.836895
v -2.904046 19.492212 -46.593521
v -3.944338 18.894726 -43.992435
v -2.821447 17.256237 -46.327209
v -3.234961 17.210606 -45.649067
v -3.160410 17.655891 -45.629921
v -2.816275 17.684454 -46.248371
v -3.793864 18.938025 -45.274521
v -4.040347 19.725414 -44.592869
v -4.011476 19.746450 -44.629807
v -3.772758 19.013985 -45.266415
v -3.762801 20.519846 -44.324528
v -3.817231 20.530878 -44.294353
v -3.599934 21.041613 -44.144398
v -3.558477 21.111609 -44.152954
v -3.501664 20.943747 -44.215828
v -3.525837 20.915146 -44.223938
v -3.426602 20.572750 -45.932484
v -3.243260 19.901628 -46.275208
v -3.208569 19.846060 -46.162739
v -3.448128 20.401194 -45.880413
v -3.047297 19.381552 -46.457958
v -3.074573 19.361055 -46.352520
v -3.270028 18.525288 -45.842228
v -3.258125 18.630444 -45.803577
v -3.883282 19.749002 -44.433041
v -3.704691 18.887030 -45.066696
v -3.695015 20.535948 -44.030720
v -3.440591 21.202066 -44.139778
v -3.424428 21.195446 -43.940544
v -2.977021 19.857456 -46.183468
v -3.343196 20.464346 -45.845947
v -2.876717 19.429808 -46.385441
v -3.228501 18.467939 -45.675159
v -4.918700 19.929195 -35.900574
v -5.063260 19.388241 -34.880272
v -4.985246 18.896053 -34.108547
v -3.423675 21.287830 -45.079449
v -2.949167 21.683882 -45.025028
v -3.526626 20.934414 -45.114536
v -3.521121 21.088806 -45.102329
v -3.431878 21.050880 -45.118706
v -2.685470 18.456957 -46.196648
v -2.670850 18.375340 -46.276604
v -2.885903 18.397707 -46.149502
v -2.908165 18.508816 -46.060776
v -2.852527 18.442995 -46.027420
v -3.547836 15.120680 -43.911026
v -3.715472 15.815428 -44.175289
v -3.500629 17.623226 -44.732834
v -3.735087 18.098753 -44.695076
v -3.855045 16.856472 -43.906681
v -3.751740 21.032610 -43.893135
v -3.592554 21.079151 -43.668892
v -3.593431 20.787823 -44.183552
v -3.622688 20.859272 -44.136726
v -3.510236 20.859768 -43.855530
v -0.613333 20.279808 -47.865902
v -0.473173 19.737986 -48.277561
v -1.737699 19.220087 -47.188297
v -1.963305 18.798306 -47.399063
v -2.174869 18.278288 -46.884884
v -1.817581 19.191948 -47.034569
v -2.489595 19.037325 -46.868099
v -2.836399 18.883253 -46.535183
v -2.903380 18.869949 -46.406136
v -2.890145 18.904831 -46.297199
v -2.680158 18.906521 -46.306767
v -2.645362 15.347635 -45.519115
v -2.417474 14.443582 -45.518139
v -0.566573 17.208584 -48.933552
v -0.559347 17.636936 -48.866714
v -4.831723 16.207342 -33.399239
v -6.058982 16.167061 -32.424175
v -5.791528 19.128519 -32.543354
v -5.246129 18.844656 -33.408264
v -2.726690 15.303338 -32.988216
v -2.591439 15.278814 -33.575279
v -3.329401 18.343296 -45.834591
v -3.862124 18.797508 -45.208099
v -4.113691 19.648146 -44.509285
v -2.531350 17.777428 -46.676300
v -2.403858 17.287096 -47.018730
v -0.624722 16.654285 -48.893291
v -1.216819 16.641150 -48.438866
v -1.272535 17.285250 -48.443733
v -2.618717 18.279552 -46.414474
v -2.396741 18.300993 -46.645302
v -2.703806 18.086290 -46.368614
v -2.852597 18.245312 -46.233940
v -2.988749 18.069624 -46.049427
v -3.134297 18.270206 -46.008389
v -3.100377 18.451521 -45.990273
v -3.065966 18.565136 -45.959721
v -3.271676 18.122227 -45.738529
v -3.893379 18.596352 -45.118366
v -4.085293 19.550116 -44.455242
v -4.664925 16.413334 -40.835121
v -4.253424 14.517963 -41.219234
v -4.177411 15.505218 -41.975071
v -4.507738 15.443295 -41.130890
v -4.537836 15.414911 -41.005867
v -4.443229 15.301856 -41.716877
v -0.505143 15.949133 -48.753502
v -1.804142 16.645983 -47.738468
v -2.303694 16.661762 -47.027874
v -3.751614 16.691975 -44.282829
v -3.531317 17.331579 -44.927170
v -3.655748 21.271235 -43.029747
v -3.825154 21.367315 -42.360733
v -4.044887 19.329475 -44.215946
v -3.865840 18.411556 -44.992416
v -3.614116 21.151421 -43.469017
v -1.928193 17.222799 -47.778343
v -1.404953 20.344603 -47.348385
v -1.488254 21.188923 -46.680183
v -1.508974 21.881119 -45.936527
v -1.602581 22.350409 -45.146370
v -1.757736 22.596155 -44.341900
v -1.888839 22.790146 -43.507820
v -2.132184 23.004044 -42.651108
v -3.170478 17.890503 -45.625919
v -3.905913 20.536674 -44.100754
v -3.931821 20.513319 -43.960804
v -3.971701 20.331167 -43.646534
v -2.032285 14.524610 -46.032200
v -4.497605 14.688475 -40.399948
v -4.281817 15.523530 -41.528175
v -2.728207 17.809658 -46.148705
v -2.584412 17.917681 -46.459618
v -3.832582 15.891351 -43.807625
v -2.010372 17.818213 -47.773865
v -1.996576 18.536753 -47.518253
v -1.502155 18.803125 -48.107971
v -1.380026 18.011770 -48.344425
v -2.282553 18.123142 -47.038193
v -1.491164 18.980873 -47.982128
v -3.223189 16.756903 -45.624695
v -3.435139 16.730112 -45.233753
v -3.515039 17.048302 -45.089470
v -3.672805 16.523026 -44.597301
v -3.706830 15.147444 -43.565479
v -2.772329 16.717066 -46.327759
v -2.232962 17.702364 -47.288433
v -0.388391 15.273730 -48.420231
v -0.293655 14.991457 -48.128998
v -1.150529 19.669138 -47.931347
v -1.106144 20.070770 -47.717598
v -1.540877 19.468260 -47.711422
v -4.564183 16.308887 -34.855526
v -4.587158 16.260235 -34.128246
v -4.769226 16.374498 -35.896919
v -4.823725 16.195229 -36.670216
v -3.974278 14.768162 -36.474373
v -6.345132 11.054474 -27.635149
v -7.875319 12.598418 -27.921137
v -6.166551 12.480754 -29.312906
v -4.871998 11.708961 -29.002090
v -7.746593 15.560437 -30.785955
v -8.400913 17.583750 -29.814426
v -7.571850 18.035444 -31.088707
v -4.979984 14.699261 -31.973309
v -6.310787 14.174191 -30.838997
v -2.582044 13.739582 -32.377502
v -11.138192 11.551276 27.110710
v -12.737531 11.303897 26.165529
v -13.768617 10.724439 27.294117
v -12.068795 10.842316 28.508783
v -19.699944 12.746301 11.097121
v -18.262575 13.518682 11.422794
v -18.487936 13.904377 9.845248
v -20.086784 12.920104 9.490977
v -15.471826 11.425374 21.168360
v -15.796845 11.577023 20.108999
v -16.773487 10.915263 20.267803
v -16.444160 10.902690 21.306393
v -21.252644 13.981841 2.835283
v -19.674597 14.921221 3.062630
v -19.857719 15.401471 1.534229
v -21.604244 14.175844 1.404165
v -20.234413 16.060566 -3.421630
v -18.937296 16.831804 -1.712241
v -18.107254 17.889322 -5.169071
v -19.982962 16.403246 -5.182734
v -16.887209 17.337395 -20.750328
v -16.459173 19.486130 -19.637562
v -14.932827 20.069380 -21.561684
v -14.957782 18.844551 -22.858532
v -3.068069 12.964992 33.928104
v -2.820497 13.075673 32.307907
v -3.891019 13.060555 32.013481
v -4.493563 12.857230 33.136375
v -3.904903 27.268082 0.241408
v -3.919832 27.907114 -3.657812
v -7.300588 25.882895 -3.916173
v -7.272677 25.272820 0.014001
v -3.945827 28.215204 -7.683859
v -3.854543 28.436548 -11.548177
v -7.233621 26.449961 -11.516171
v -7.279326 26.215738 -7.780049
v -11.366196 15.462019 20.212584
v -11.666075 16.579586 17.523104
v -13.549984 15.243307 16.966930
v -13.148895 14.272135 19.593426
v -12.058742 17.592615 14.541464
v -12.433694 18.558153 11.233767
v -14.680887 16.881475 10.788469
v -14.159305 16.053743 14.020607
v -15.525130 18.590439 2.697400
v -15.315680 17.681572 7.091427
v -12.808614 19.556547 7.470418
v -13.019900 20.487648 3.196379
v -15.577722 19.895365 -4.875978
v -15.786666 19.194727 -1.204673
v -13.127807 21.225403 -0.794186
v -13.056202 21.854774 -4.565867
v -15.016941 20.900684 -12.052289
v -15.407249 20.379326 -8.511847
v -12.853781 22.304657 -8.213984
v -12.600763 22.699764 -11.729101
v -16.876865 15.052321 10.308155
v -16.764605 13.920700 13.374780
v -18.008656 16.691919 2.060424
v -18.154875 15.343349 6.907211
v -17.541248 18.769812 -12.722819
v -19.870716 16.529491 -13.975848
v -20.967852 15.615793 -11.022429
v -18.301298 17.902863 -8.865987
v -18.800543 17.635790 -16.423431
v -17.482550 18.689154 -18.165394
v -18.565102 16.606039 -19.316772
v -20.052891 16.012838 -17.110046
v -2.912763 25.630453 -29.948465
v -2.439735 24.161301 -30.939548
v -3.871115 28.557936 -16.101402
v -3.840684 28.436825 -19.533632
v -7.126221 26.624939 -17.796577
v -7.238275 26.554491 -15.028647
v -3.233409 27.780096 -28.230984
v -4.814387 23.282242 -30.094885
v -5.597876 24.842768 -28.709862
v -3.751768 28.030737 -24.112867
v 1.900770 14.552378 -30.969007
v 2.274756 14.913539 -30.918022
v -6.985785 26.480009 -22.143396
v -10.147872 12.996779 25.679258
v -7.033290 14.322256 26.736536
v -6.833133 16.665831 24.380737
v -9.528372 15.211563 23.382265
v -21.539082 14.924877 -14.571656
v -23.062874 13.486389 -11.549461
v -21.750416 14.770980 -1.896250
v -21.788729 14.785666 -3.365722
v -23.363972 13.183322 -2.989897
v -24.354086 12.744963 -2.395760
v -23.164433 12.953360 2.363245
v -23.367168 12.731266 1.225796
v -21.683323 11.976920 10.433336
v -21.926699 12.028970 9.150904
v -18.050514 10.480514 20.581491
v -17.138702 11.083464 19.000908
v -18.612007 10.582211 19.325287
v -15.395012 10.997745 23.354383
v -16.111338 10.956656 22.298048
v -17.323122 10.479959 22.322279
v -16.560158 10.573502 23.790377
v -14.036542 22.016438 -17.457554
v -15.674153 20.358376 -17.501839
v -16.712355 19.623133 -15.548958
v -14.576843 21.454441 -15.088998
v -12.121910 23.506128 -17.418159
v -12.338737 23.082058 -14.871462
v -14.869444 20.974274 -19.330210
v -14.125157 21.219339 -21.022612
v -13.256087 21.299435 -23.455313
v -12.138087 21.913855 -24.509005
v -6.252594 26.317562 -27.043737
v -1.537407 12.925219 32.872684
v -1.392834 12.847647 34.281841
v -9.598426 11.965506 28.341087
v -10.362879 11.193621 29.716267
v -10.301516 23.845745 -4.210786
v -10.325675 23.238001 -0.346991
v -10.074287 24.529858 -11.560332
v -10.187561 24.236620 -7.955715
v -9.847470 24.978905 -17.540499
v -9.988608 24.746487 -14.867311
v -9.876094 24.977489 -20.265036
v -10.435666 22.858492 -26.025488
v -8.101766 23.859289 -27.452768
v -12.538641 12.471152 23.724104
v -11.412645 12.758694 24.595800
v -11.191702 14.230284 22.578463
v -12.648558 13.432510 21.883114
v -13.390479 22.393618 -19.577148
v -11.935152 23.664228 -19.913811
v -21.385817 15.088168 -7.194075
v -19.887403 16.315796 -7.097689
v -22.931931 13.360865 -5.680502
v -13.740972 19.976233 -24.132458
v -7.209858 24.425770 4.089575
v -10.275188 22.434362 3.680333
v -10.114594 21.393465 7.856991
v -7.102679 23.279791 8.355486
v -3.823102 25.003998 9.059129
v -3.916397 26.434587 4.287152
v -9.733975 19.130543 15.092184
v -6.864036 20.801744 15.760385
v -6.974207 22.029657 12.255167
v -9.949251 20.247328 11.703464
v -3.638935 22.319059 16.574934
v -3.737802 23.589872 13.055678
v -9.567951 17.913635 18.130716
v -9.456956 16.665585 20.868347
v -6.820215 18.108713 21.737886
v -6.849550 19.510353 18.935310
v -3.609219 19.486694 22.636538
v -3.583161 20.902121 19.712866
v -4.379704 15.456167 28.229645
v -3.797740 17.796009 25.379414
v -18.988146 14.118499 8.271034
v -20.444687 13.185429 8.038507
v -22.228334 12.252550 7.904921
v -20.210745 15.601871 -0.087005
v -21.852907 14.411636 -0.021502
v -23.743656 12.872567 0.481838
v -18.949169 12.488591 13.175390
v -18.653200 12.131390 14.783301
v -17.419567 12.956415 14.789140
v -20.216413 11.336311 15.004422
v -20.782736 11.848172 13.562636
v -14.729632 11.077201 24.431629
v -15.392115 10.681202 25.527792
v -13.986758 11.457059 23.978216
v -14.258473 11.638615 22.871763
v -12.528318 11.866314 25.040110
v -13.061949 11.757012 24.620394
v -9.095256 12.585602 27.319513
v -5.766078 13.335506 29.316898
v -5.315357 13.582759 29.596001
v -7.016889 13.119846 28.444374
v -1.573122 13.959278 31.467318
v -14.355250 12.242244 21.240856
v -3.594394 15.095048 29.219500
v -2.976263 13.923832 30.994459
v -1.785582 14.888208 30.484966
v -25.560299 12.882061 -4.528485
v -23.100315 12.784802 -11.447722
v -23.088505 11.907540 -11.066111
v -25.549009 12.529533 -4.568494
v -24.667768 12.215219 2.276541
v -25.521132 12.399833 1.729269
v -25.505426 11.672740 1.737817
v -24.667768 11.977466 2.284746
v -24.246637 11.698388 10.251807
v -24.886053 11.582627 10.303964
v -24.887493 11.095490 10.293334
v -24.353848 11.375991 9.943456
v -22.604996 11.027597 17.045593
v -24.050629 12.281767 14.194872
v -24.050629 10.808231 14.117457
v -22.622206 10.110470 17.013124
v -17.522139 10.710317 26.990585
v -19.422371 9.899446 23.606487
v -19.422909 9.622414 23.575104
v -17.522139 9.818171 26.953451
v -13.162019 11.314668 30.919554
v -15.355085 9.793786 28.152489
v -15.355877 9.759475 28.174831
v -13.162020 10.144534 30.863176
v -3.825952 11.932244 36.005142
v -3.826110 12.551449 36.023716
v -5.840819 12.250001 34.611752
v -5.862429 11.497741 34.573547
v -25.373804 13.231306 -1.773358
v -24.785095 12.554580 -3.817041
v -24.789593 12.573240 -3.773504
v -25.373804 12.144745 -1.823961
v -15.986363 9.880196 28.328850
v -15.984400 9.565856 28.335938
v -10.779910 11.238528 31.976574
v -10.771678 10.882033 31.935200
v -2.743699 13.301871 37.439964
v -2.707413 12.488770 37.425861
v -21.763128 13.440589 -14.646658
v -21.138340 12.104250 -14.854740
v -24.189091 11.499513 10.712443
v -24.223034 11.168178 10.695708
v -24.833824 11.890992 2.390142
v -24.837402 11.764336 2.385842
v -20.006346 9.564805 23.526600
v -19.993317 10.065493 23.554399
v -21.409422 11.112037 20.286688
v -21.381718 10.118022 20.208647
v -21.354820 11.077415 -11.126846
v -22.953194 11.586680 -6.402889
v -23.753157 11.704850 -0.153097
v -23.411291 11.243612 1.122854
v -22.211458 10.502944 7.929066
v -21.641575 10.719569 8.594577
v -19.831091 10.301058 12.776174
v -19.663261 10.234997 14.598687
v -15.972558 9.287354 23.245588
v -15.195652 8.923978 24.710640
v -12.901194 9.305960 28.228140
v -10.856177 9.737697 29.656788
v -3.470172 11.620377 32.788361
v -5.101254 11.408209 32.411930
v -22.720327 11.420911 -3.661416
v -24.115362 12.357364 -3.024191
v -14.360965 8.878661 26.459530
v -9.989850 10.569990 30.827354
v -8.177342 10.156169 30.374096
v -8.666921 10.940084 31.125181
v -19.470594 10.771879 -14.727705
v -21.446388 10.629222 9.726803
v -23.019194 11.024864 2.101201
v -17.408566 8.919723 21.108385
v -18.328054 9.402164 19.538065
v -0.604033 13.138606 38.202713
v -15.638865 11.909589 -19.607821
v -13.044558 11.127923 -22.225056
v -13.572908 10.745138 -21.109444
v -15.854408 9.405136 -14.687524
v -20.278061 10.688435 -7.950053
v -20.433224 10.584281 -6.304965
v -20.749884 10.765347 -4.277785
v -21.199022 10.618514 -1.205853
v -20.637449 10.338686 0.233997
v -20.583069 10.332967 1.731624
v -19.967606 9.806572 7.046406
v -19.346682 9.829984 8.103184
v -19.466112 9.922786 9.808734
v -17.947926 9.546645 14.204979
v -17.283781 9.375191 15.432928
v -14.104724 8.534601 22.499466
v -13.434992 8.603754 26.040424
v -12.675286 8.675591 26.862085
v -12.283516 11.349186 -23.096125
v -6.980478 9.988630 -25.940453
v -0.771086 11.937371 34.709206
v -0.579668 12.395900 38.178474
v -2.613366 9.864547 31.216698
v -1.304518 9.789900 33.091160
v -2.540551 8.723528 31.275208
v -1.418416 9.083699 32.901466
v -0.839918 9.874029 33.851086
g Set blendShape1Set skinCluster1Set tweakSet1
v 0.412180 15.812273 -45.889191
g blendShape1Set skinCluster1Set tweakSet1
v -1.424743 9.165019 33.902653
v -3.468715 17.311129 -30.872042
v -0.815129 8.100551 33.603664
g Set blendShape1Set skinCluster1Set tweakSet1
v -3.380640 17.055349 -34.661331
g blendShape1Set skinCluster1Set tweakSet1
v -20.649164 13.572370 6.636292
v -22.695473 12.313128 6.600400
v -25.305475 12.426940 7.644018
v -25.305475 10.971108 7.567830
v -22.345882 10.527898 5.839781
v -21.666367 14.912914 -4.995753
v -23.360456 13.174842 -4.138270
v -24.688778 12.780322 -3.385051
v -24.688778 12.425807 -3.384937
v -23.189224 11.764425 -5.063973
v -19.254431 10.874645 17.410515
v -17.713573 11.481297 17.538128
v -18.150537 11.820630 16.187460
v -19.602453 11.158965 16.187084
v -21.808327 10.621027 17.443169
v -21.656408 10.877356 16.998272
v -21.823542 10.429249 17.431438
v -21.655996 10.419823 16.990980
v -19.267698 9.760117 17.877853
v -19.492426 10.064201 15.872576
v -17.168070 8.962083 17.321869
v -16.915510 12.638078 16.241970
v -15.526745 13.653748 16.451147
v -17.609356 10.383553 21.511656
v -19.056442 9.959040 23.076403
v -19.058580 9.792467 23.111549
v -16.935205 8.887001 21.923990
v -15.235558 11.311466 22.111330
v -15.355766 12.556014 19.036674
v -16.643810 12.225146 17.594440
v -13.287958 11.229050 25.711193
v -13.838386 11.154185 25.256868
v -14.196572 10.712161 26.776144
v -14.624512 10.699884 26.258173
v -15.248698 9.866354 28.085644
v -15.142310 9.938921 28.018816
v -15.244534 9.823166 28.109913
v -15.133192 9.886870 28.044991
v -13.292960 9.196118 27.815338
v -13.684503 9.088255 27.403730
v -12.289983 8.779087 27.276022
v -11.994688 11.975540 25.460012
v -7.819637 12.371497 29.542835
v -7.492465 13.037914 28.112679
v -8.205117 12.305116 29.270712
v -8.695575 11.844022 30.675388
v -9.131604 11.660951 30.394386
v -10.549895 10.825097 31.968372
v -10.478670 11.538670 31.992800
v -10.521890 11.333363 31.286478
v -10.637285 10.500894 31.408463
v -4.629888 12.953515 31.592035
v -4.281834 13.625642 30.447079
v -5.495630 12.794711 31.168968
v -6.069076 11.151026 32.329288
v -5.675965 10.770295 31.557442
v -8.083643 11.876727 33.894043
v -8.072450 12.607586 33.935127
v -8.321082 10.968181 31.285492
v -4.855882 12.785346 32.924232
v -5.809536 12.193128 34.127029
v -5.821615 11.443092 34.090172
v -6.093093 11.488476 33.097275
v -5.405454 12.675805 32.621330
v -6.805349 12.546157 30.258839
v -7.867559 12.191679 31.208994
v -6.030163 12.138814 34.373623
v -6.076565 11.403106 34.389477
v -6.437537 11.499719 33.071743
v -3.689358 13.476281 31.070080
v -1.401262 23.408648 -32.645927
v -1.499881 23.347828 -33.360977
v -4.380389 21.375395 -32.428173
v -4.183635 21.118692 -33.274345
v -2.767498 22.502886 -32.582001
v -2.956972 22.327633 -33.283543
v -1.234256 23.640158 -32.196632
v -2.243030 23.609238 -31.635082
v -4.632753 22.236557 -30.940994
v -11.905243 8.877890 27.687107
v -10.096029 9.140759 27.926979
v -7.609604 9.657404 29.292967
v -3.505238 10.687326 32.019115
v -5.446177 9.967097 31.069073
v -10.840965 8.763163 27.065334
v -1.245167 8.218615 30.924675
v -0.903934 8.170102 32.591473
v -6.940454 9.252316 -26.188437
v -6.114576 10.297575 -27.886692
v -2.771024 12.022049 -30.211494
v -5.144600 12.998042 -30.532581
v -4.244171 13.479566 -31.477531
v -2.645766 13.114688 -31.721067
v -4.761368 10.901779 -29.100338
v -0.536076 9.654516 34.847633
v -0.819892 9.144125 34.805336
v -0.543026 8.393502 34.725395
v -0.341943 9.373178 35.653198
v -0.201496 9.261565 35.962727
v -0.388916 9.105999 35.615841
v -0.225374 9.087784 35.956295
v -0.345899 8.756903 35.589363
v -0.205538 8.955690 35.918964
g Set blendShape1Set skinCluster1Set tweakSet1
v 0.242602 15.675451 -45.889736
v 1.040802 15.853621 -45.375481
v 2.335696 16.423176 -44.056229
g blendShape1Set skinCluster1Set tweakSet1
v -0.198753 15.013688 -48.248398
v -15.165678 7.721225 19.450884
v -16.536444 8.793674 18.531761
v -7.556192 10.302873 30.645555
v -6.757247 9.748879 29.975765
v -11.024665 1.339759 47.975590
v -11.086238 1.384893 48.087177
v -15.852158 -0.418346 45.215061
v -16.069283 -0.746467 44.849010
v -15.660161 -0.982929 46.737717
v -15.605667 -1.000390 46.721428
v -15.263279 1.128502 42.982258
v -15.840997 0.054006 43.828636
v -16.167835 -0.586036 43.217888
v -0.171263 19.351923 -48.576725
v -0.055503 18.982479 -48.785915
v -0.155608 18.369858 -48.940975
v -0.549210 18.052580 -48.852062
v -0.894341 18.655857 -48.562290
v -0.825746 18.374615 -48.663895
v -0.881840 18.916281 -48.484962
v -0.839167 19.204575 -48.356640
v -1.169198 19.353546 -48.082588
v -0.318967 19.092113 -48.641544
v -0.405928 19.119606 -48.586285
v -0.258261 18.923670 -48.710602
v -0.268720 18.607191 -48.840904
v -0.506948 18.921452 -48.583885
v -0.506240 18.829025 -48.647884
v -0.474730 18.719091 -48.724033
v -0.402671 18.541323 -48.830795
v -0.473118 19.082401 -48.543301
v 2.569933 15.995968 -29.316393
v 2.773050 15.590160 -29.888416
v 2.814703 15.389936 -30.354755
v 2.838342 15.091759 -30.539711
v 2.804159 14.999147 -30.948147
v 2.726870 14.956561 -31.016050
v 0.003981 14.043029 -31.243559
v -1.305223 11.032784 33.068909
v -8.656820 8.915299 -23.642103
v -7.778407 9.455165 -24.661417
v -9.643344 9.225061 -22.361403
v -8.935992 9.814032 -24.307650
v -9.853233 8.541167 -22.387650
v -14.245317 9.507208 -17.927217
v -12.468206 9.034410 -19.613691
v -17.848932 11.166629 -17.420416
v -12.435736 9.210518 -20.719868
v -18.021696 14.698318 -19.088476
v -17.222754 13.252757 -19.103537
v -20.084288 14.567110 -17.504684
v -13.769639 10.188989 -20.130878
v -12.323664 9.763298 -21.063005
v -12.452391 9.619583 -20.841105
v -19.222927 13.052320 -17.482439
v -14.036864 9.865219 -19.807232
v -17.846052 12.155640 -18.509233
v -17.020483 11.205745 -18.815763
v -16.942560 12.338995 -18.772024
v -16.524313 11.593855 -18.778194
v -9.349607 6.002827 33.175087
v -9.617814 5.610431 32.198685
v -10.727771 4.212435 30.130129
v -11.258136 3.702518 31.270010
v -11.872903 2.904688 30.428823
v -11.466596 3.355777 29.361511
v -12.435530 2.244892 29.776966
v -12.299452 2.598415 29.070877
v -1.705758 16.509016 -31.046383
g Set blendShape1Set skinCluster1Set tweakSet1
v 2.014800 16.054384 -34.601292
v -0.003132 16.054384 -34.601292
v -2.021065 16.054384 -34.601292
v 1.806129 15.443893 -38.387913
g blendShape1Set skinCluster1Set tweakSet1
v -8.502086 5.484152 29.070103
v -8.354897 5.815209 29.509375
v -8.196577 6.837920 32.181465
v -8.836183 6.055451 31.148714
v -8.056029 6.101378 30.036325
v -6.802479 6.441410 29.631699
v -5.528929 7.455035 30.618795
v -3.798200 7.587112 30.261724
v -1.256625 7.683135 27.123350
v -1.179314 7.822272 27.730759
v -3.929024 5.325788 27.227251
v -0.564259 8.051865 28.892918
v -7.115941 5.808316 28.606354
v -6.638130 7.874078 32.759090
v -3.875259 5.516932 28.621878
v -1.028247 8.012630 28.348108
v -7.411395 13.976696 -30.189243
v -25.121243 -14.513403 -8.049039
v -25.043129 -14.748876 -8.499341
v -15.094397 1.576900 41.428505
v -15.343623 1.302949 39.334927
v -14.972603 1.848297 40.101078
v -16.195913 -0.764357 39.625286
v -16.479713 -1.243656 41.104176
v -16.488508 -1.381255 42.278492
v -15.547972 0.773043 38.558708
v -14.065073 -0.525704 43.427181
v -13.363550 0.138683 44.249557
v -13.012824 0.390931 44.682144
v -12.576496 0.674248 45.209209
v -2.254506 15.438192 -46.150482
v -24.659847 -17.240292 -10.637026
v -24.699940 -17.938812 -10.758936
v -25.732861 -13.260756 -8.038061
v -25.698372 -13.639977 -8.423765
v -12.804899 0.025927 47.653408
v -12.747309 0.298397 46.641422
v -16.263517 -0.841927 43.530815
v -25.706854 -13.788791 -9.308710
v -26.449945 -17.171263 -12.127317
v -26.250614 -16.710032 -13.467916
v -25.653790 -13.844931 -16.482960
v -26.113907 -15.398452 -14.112270
v -25.174652 -12.084209 -18.639559
v -24.591246 -10.060149 -20.724455
v -23.600815 -7.592253 -22.967340
v -24.834959 -16.331390 -10.101576
v -24.904316 -15.596083 -9.740624
v -25.028936 -13.778561 -8.801224
v -25.259546 -14.993158 -7.871479
v -25.361813 -15.244216 -7.777605
v -13.237426 0.109719 46.003475
v -3.766137 15.069283 -42.796070
v -3.945543 15.030265 -42.467628
v -1.801080 15.086740 -46.684757
v -2.322548 15.126926 -46.111755
v -2.815542 15.128272 -45.164974
v -3.137314 15.109794 -44.504364
v -4.103218 15.073629 -42.261227
v -0.544725 16.078253 -47.499096
v -0.217799 16.054276 -47.570606
v -2.822358 16.273300 -43.566525
v -2.825514 16.151136 -44.189968
v -2.779796 15.880888 -44.923138
v -1.911014 15.895474 -46.437534
v -1.457946 15.939810 -47.019978
v -0.966155 16.022400 -47.283642
v -3.087598 16.538340 -42.728939
v -3.526449 15.061193 -43.493629
v -3.596478 15.040983 -43.294617
v -2.495116 15.848660 -45.422768
v -3.089701 16.384691 -41.995415
v -4.499902 15.438762 -41.119366
v -4.481408 15.412081 -40.998596
v -4.308769 15.210843 -41.663143
v -3.738628 15.941389 -41.222633
v -0.141746 14.885101 -48.005016
v -0.688071 14.967180 -47.512882
v -3.373789 15.039464 -43.852863
v -1.351126 15.050826 -47.219757
v -0.058411 14.922444 -48.106579
v -2.114637 15.889382 -46.098347
v -25.848377 -14.140278 -7.636828
v -25.861059 -14.757121 -8.107108
v -25.995102 -15.276871 -7.659961
v -25.904942 -14.517468 -7.254734
v -25.781429 -13.590227 -7.875902
v -25.765762 -13.272223 -7.590922
v -26.549093 -17.241774 -8.557810
v -26.528166 -17.404106 -9.058352
v -26.535242 -17.715183 -8.299590
v -26.562025 -17.450651 -7.854341
v -26.765274 -18.251095 -8.892406
v -26.780602 -18.117788 -7.901894
v -25.885624 -15.326261 -8.539719
v -26.064466 -15.875696 -8.383604
v -26.127172 -15.966762 -8.053656
v -25.870178 -15.426446 -8.210412
v -26.283533 -16.621815 -8.429533
v -26.333336 -16.906410 -7.866683
v -26.233744 -16.337208 -8.992404
v -26.190863 -16.057159 -9.662850
v -26.521130 -17.093012 -9.817136
v -26.536200 -17.032894 -9.261280
v -26.001774 -15.784614 -8.713557
v -25.928007 -15.227060 -9.077357
v -25.731022 -14.249064 -8.547619
v -26.906731 -19.102175 -9.470215
v -26.960238 -19.307140 -7.850441
v -26.854305 -18.896732 -11.090034
v -26.750387 -18.384186 -9.882937
v -26.158613 -20.170723 -11.688349
v -26.419149 -20.452005 -10.318617
v -25.991781 -17.716585 -7.890283
v -26.020164 -17.460379 -7.603137
v -26.160603 -18.049715 -7.543337
v -25.866745 -16.964119 -7.627304
v -26.205770 -19.216488 -7.541251
v -26.345119 -20.391087 -8.954393
v -25.962112 -20.022358 -8.438226
v -25.414322 -15.366387 -8.065594
v -25.104939 -15.166897 -8.232280
v -25.677128 -15.988502 -7.896950
v -25.212252 -15.803998 -8.392791
v -25.420336 -18.083805 -8.782383
v -25.455656 -17.625113 -8.801572
v -25.032822 -18.014505 -9.947086
v -24.919729 -17.533571 -9.712877
v -25.216393 -19.099224 -9.222032
v -25.142986 -19.623571 -9.800399
v -24.786613 -19.175274 -10.628342
v -25.230501 -18.767839 -9.796497
v -25.050440 -18.100748 -9.401904
v -25.187653 -17.579355 -9.257216
v -25.535732 -17.161905 -8.459848
v -25.446148 -16.470901 -8.264208
v -25.025597 -15.977671 -8.901132
v -25.051376 -16.863382 -9.316571
v -25.293556 -17.012651 -8.888205
v -25.199404 -16.388424 -8.671554
v -10.439828 15.182175 -27.953289
v -12.141770 14.145789 -28.883522
v -16.456858 11.166368 -31.223118
v -15.146262 14.618551 -29.482731
v -14.340642 10.750577 -31.041883
v -18.075367 6.829521 -31.866779
v -16.025274 6.021638 -31.877043
v -17.135599 1.938151 -31.968586
v -18.337919 -2.275250 -31.241850
v -11.182914 18.168867 -27.476936
v -10.578012 21.225710 -26.756121
v -7.433081 22.026131 -28.642189
v -6.436538 20.092787 -30.906330
v -12.573393 20.657089 -24.849998
v -19.987072 -7.253811 -28.664232
v -19.058203 -5.037096 -30.032747
v -22.739645 -5.236798 -24.580200
v -22.025229 -6.025124 -27.449907
v -23.101183 -0.182666 -16.781281
v -22.612293 0.814416 -20.601271
v -23.137682 -0.816848 -19.440119
v -23.369423 0.457057 -17.007624
v -23.281464 -0.019117 -17.053055
v -23.136913 -0.886114 -19.091127
v -23.753290 -3.263545 -16.905693
v -23.096920 -1.097735 -18.911055
v -22.495197 0.740466 -20.709541
v -22.971872 -0.767788 -19.537455
v -25.887049 -14.719150 -9.988801
v -25.854689 -14.134007 -11.339319
v -26.264685 -16.047613 -12.140585
v -26.076805 -15.729218 -10.372917
v -23.661776 -6.197640 -21.077511
v -24.611483 -8.680905 -19.123241
v -25.045143 -10.739403 -17.221123
v -24.910975 -9.671296 -16.009819
v -24.548136 -7.678076 -17.646313
v -22.885433 -3.948580 -22.532867
v -24.805265 -8.924384 -14.912436
v -24.393272 -6.624179 -16.531118
v -23.625301 -4.900252 -19.517452
v -22.817629 -2.393079 -21.057417
v -23.676016 -4.050998 -18.190342
v -22.890673 -1.516991 -19.752169
v -22.804445 -1.038550 -20.006697
v -25.451296 -12.437426 -15.287753
v -25.776163 -13.680836 -13.283285
v -25.541695 -12.635893 -13.100991
v -25.266727 -11.455805 -14.352184
v -25.516558 -12.617493 -12.072086
v -25.133202 -10.913397 -13.364967
v -22.817177 2.614398 -19.301695
v -22.838705 1.104686 -20.841009
v -22.173021 4.144537 -18.004158
v -22.257225 3.653927 -19.777182
v -22.121717 4.266373 -17.767162
v -21.925247 4.500698 -18.073717
v -21.879137 3.255874 -21.770901
v -21.783678 4.480656 -18.080957
v -20.531652 6.686388 -22.885548
v -21.101347 6.983346 -19.487379
v -21.934498 4.999622 -17.763500
v -21.974016 4.624991 -18.193108
v -21.818014 4.776545 -19.059250
v -21.856049 4.199215 -19.878845
v -21.743090 3.875153 -20.237560
v -21.416069 3.684916 -22.703241
v -21.694839 3.712795 -21.700022
v -20.128132 6.289086 -23.684210
v -22.338320 0.841656 -21.023506
v -21.397776 3.098095 -21.821344
v -21.390907 3.249110 -21.937786
v -21.053661 3.355965 -23.215799
v -19.767519 6.434093 -24.373367
v -20.781155 3.618176 -24.034555
v -18.281624 12.574953 -22.690363
v -18.866613 10.097615 -22.778296
v -18.033020 14.186100 -21.893888
v -18.661182 9.515540 -23.107590
v -17.733294 11.531016 -23.209166
v -18.422747 9.743675 -23.905384
v -18.110813 11.058778 -23.657749
v -15.053204 16.981049 -23.083170
v -14.502065 17.538860 -24.166035
v -13.777589 18.393730 -26.303036
v -18.393179 10.113079 -24.724741
v -18.191839 10.847519 -25.957067
v -19.427925 7.360323 -26.333141
v -19.628191 6.787379 -25.163631
v -17.989372 11.097263 -27.356068
v -17.412689 11.347571 -29.211138
v -18.864861 7.425544 -29.657804
v -19.226946 7.492071 -27.797358
v -16.337917 14.728670 -28.196182
v -17.278156 14.351774 -26.401522
v -17.161287 14.338454 -23.086575
v -17.802668 11.935996 -24.199486
v -17.881584 11.986153 -25.351631
v -20.508665 4.252296 -26.227301
v -20.643253 4.004733 -25.052649
v -20.433798 3.928247 -27.549864
v -21.414625 2.052072 -22.805069
v -21.276255 1.936953 -23.591917
v -20.892090 2.367726 -25.791916
v -21.061567 2.152261 -24.727276
v -22.125786 -4.000826 -26.838421
v -22.397669 -3.297592 -25.169903
v -19.397314 3.001175 -31.694658
v -20.145273 3.625989 -29.470367
v -20.617544 -1.365671 -30.588718
v -21.176058 -3.981623 -29.196564
v -21.682077 -2.488114 -27.670778
v -21.005642 0.030153 -28.597572
v -21.121321 0.982491 -26.471901
v -21.897976 -1.477120 -25.896088
v -22.727335 -1.462163 -21.172901
v -22.530411 -2.402646 -23.246935
v -22.021269 0.760113 -22.040184
v -21.764746 0.657950 -23.148643
v -22.176832 -0.492946 -22.781275
v -22.052727 -0.922620 -24.143551
v -21.481432 0.676940 -24.607084
v -2.541237 18.446228 -46.203373
v -2.989941 18.457596 -45.892879
v -4.370691 15.571163 -40.764889
v -4.494625 15.695532 -40.732468
v -4.301280 15.375792 -41.256245
v -4.098315 15.530743 -41.877815
v -3.764896 15.436162 -42.453362
v -3.786758 15.423818 -42.798840
v -3.642746 15.380561 -43.287567
v -3.570443 15.377727 -43.485825
v -3.432850 15.373319 -43.852158
v -3.156313 15.317377 -44.582756
v -2.827525 15.294978 -45.253345
v -2.292572 15.417727 -46.075668
v -1.767395 15.418898 -46.614788
v -1.292413 15.387205 -47.127583
v -0.729009 15.490730 -47.813686
v -0.507158 15.375514 -47.882133
v -0.259947 15.641946 -48.162315
v 0.385940 18.899529 -48.383011
v -3.768994 16.083836 -42.821041
v -3.621005 16.072454 -43.267868
v -3.461561 16.059479 -43.880409
v -3.238252 16.034367 -44.605808
v -2.935187 16.007673 -45.309917
v -2.466755 15.964442 -46.068634
v -1.950151 15.886230 -46.622768
v -1.490117 15.795966 -47.126728
v -0.953535 15.874364 -47.522251
v -0.690021 15.926861 -47.751801
v -4.344009 16.332468 -40.417477
v -4.234578 16.185827 -41.086819
v -4.045372 16.123669 -41.795433
v -3.948983 16.105366 -42.323486
v -0.385714 18.907448 -48.379810
v -0.279661 15.962501 -47.915726
v -3.638429 16.614254 -42.795265
v -3.469006 16.606247 -43.312241
v -3.271816 16.583273 -43.953651
v -3.005367 16.543827 -44.670521
v -2.698687 16.495661 -45.394794
v -2.294473 16.418283 -46.116512
v -1.871415 16.293085 -46.729939
v -1.568451 16.128448 -47.218624
v -1.141624 16.270739 -47.409069
v -0.769594 16.370939 -47.589642
v -4.444754 16.780378 -40.111263
v -4.326324 16.692471 -40.993240
v -4.030688 16.644638 -41.706665
v -3.826995 16.620770 -42.291443
v -2.103804 16.245773 -33.359730
v -0.412612 16.433859 -47.692154
v -2.964015 16.946745 -42.747059
v -2.849354 16.940001 -43.300095
v -2.663488 16.894199 -43.960072
v -2.445280 16.826860 -44.674473
v -2.171047 16.740396 -45.397781
v -1.821894 16.543114 -46.123756
v -1.388944 16.482718 -46.968128
v -4.119107 17.350218 -39.866100
v -3.858671 17.203974 -40.676510
v -3.378291 17.040154 -41.612049
v -3.125672 16.971735 -42.212307
v -1.999801 17.098965 -42.728432
v -1.932558 17.062145 -43.315536
v -1.815969 17.014097 -43.976307
v -1.654188 16.944086 -44.689270
v -1.463169 16.804119 -45.416367
v -1.242507 16.670183 -46.155972
v -0.879887 16.602226 -47.245892
v -2.138811 17.655724 -39.767780
v -2.197324 17.468363 -40.562748
v -2.121597 17.262741 -41.566639
v -2.064047 17.151726 -42.167862
v -1.089702 17.141273 -42.704571
v -1.081726 17.103237 -43.311237
v -1.003298 17.061949 -43.977734
v -0.875035 16.969229 -44.702023
v -0.758411 16.803617 -45.429771
v -0.722440 16.710163 -46.181381
v -0.481334 16.693018 -47.367058
v -1.189375 17.527689 -39.724770
v -1.143780 17.393999 -40.510601
v -1.099956 17.236242 -41.436237
v -1.101096 17.165478 -42.105751
v -2.517905 16.649506 -33.349277
v -2.103804 16.427021 -33.249737
v 0.000586 18.703648 -32.102936
v -0.741402 18.619200 -32.148731
v -1.333593 18.487608 -32.264816
v -2.582221 18.095659 -32.583607
v -2.901823 17.583277 -32.788681
v -3.043806 17.276222 -32.984833
v -3.113803 16.908730 -33.029812
v -3.104093 16.739878 -33.393242
v -3.018514 16.684439 -33.462566
v -0.058896 9.170450 36.017166
v -0.068657 9.092463 36.013683
v -0.059823 9.032830 36.001537
v 0.000199 14.989323 -47.444393
v 0.000201 15.671780 -48.273945
v 2.144099 14.332830 -38.311035
v 0.000170 15.023954 -48.223370
v -0.099317 16.070726 -47.641365
v -0.100247 16.189821 -47.589890
v -4.643066 15.399921 -40.566277
v -4.498535 15.034582 -40.830711
v -4.356878 14.831850 -41.344597
v -4.116004 14.827291 -42.210323
v -3.710879 14.762456 -43.251747
v -3.435577 14.739191 -43.944557
v -3.046772 14.730556 -44.896908
v -2.655475 14.792323 -45.538086
v -2.226459 14.897106 -46.105068
v -1.876477 15.037367 -46.567951
v -1.306700 15.277245 -47.155186
v -0.939766 15.371161 -47.399845
v -0.644566 15.389545 -47.526558
v -0.403983 15.373600 -47.569752
v -0.185123 15.364312 -47.607704
v 0.000198 15.366232 -47.622776
v -3.046263 16.099405 -40.821663
v -3.645862 15.628807 -40.603199
v -3.939692 14.117640 -40.127693
v -2.855279 13.691907 -40.008934
v -1.412859 13.383765 -39.906353
v 0.000199 13.322903 -39.726997
v -4.058490 14.243553 -39.231014
v -2.947747 13.679117 -39.025570
v -1.449058 13.348530 -38.750519
v 0.000199 13.300884 -38.505150
v -1.336648 14.031362 -31.230005
v -1.899598 14.552376 -30.968994
v -0.488633 18.945221 -48.375565
v -0.443434 19.063576 -48.319996
v -0.405462 19.082733 -48.307480
v -0.329871 19.048571 -48.313332
v -0.292239 18.902761 -48.371059
v -0.316225 18.747599 -48.439850
v -0.384927 18.723356 -48.458061
v -0.455650 18.770010 -48.446339
v -0.484654 18.863115 -48.410049
v -2.273584 14.913531 -30.917942
v -1.899598 14.703656 -30.851645
v -0.000849 16.537594 -28.728930
v 3.046660 15.227692 -38.579529
v -0.721911 16.459650 -28.794521
v -1.333593 16.342260 -28.926146
v -2.568777 15.995971 -29.316383
v -2.771879 15.590162 -29.888403
v -2.813531 15.389936 -30.354755
v -0.254272 19.275692 -48.611649
v -0.457132 19.472631 -48.450230
v -0.645974 19.187746 -48.464073
v -0.695559 18.975821 -48.546886
v -0.685305 18.801657 -48.635509
v -0.615614 18.548908 -48.759960
v -0.472970 18.426739 -48.849514
v -0.239019 18.529140 -48.879524
v -0.136860 18.937218 -48.783813
v -12.590600 22.297234 -22.865602
v -11.506939 23.146387 -23.362364
v -9.881341 24.322739 -24.658796
v -8.557385 25.137505 -25.427809
v -0.280915 16.028833 -47.452168
v -0.566236 16.011967 -47.360828
v -2.469699 15.880888 -44.923138
v -2.515433 16.151136 -44.189968
v -1.363163 15.888700 -46.830696
v -1.600916 15.861729 -46.436005
v -0.962364 15.940762 -47.110355
v -2.512278 16.273300 -43.566525
v -2.777518 16.538340 -42.728939
v -2.185036 15.810397 -45.421036
v -2.779604 16.384691 -41.995415
v -1.804557 15.851119 -46.096615
v -0.000152 16.306076 -47.514210
v -0.122380 16.179033 -47.495834
v -2.736183 16.088690 -41.058456
v -2.469699 14.610944 -44.865665
v -2.515433 14.585927 -44.119133
v -1.282702 14.810565 -46.776428
v -1.600916 14.861692 -46.390747
v -2.512278 14.591078 -43.490395
v -2.777518 14.573254 -42.640007
v -2.185036 14.590711 -45.365837
v -2.779604 14.652299 -41.917011
v -1.804557 14.713336 -46.045120
v -3.046263 15.151390 -40.265530
v -2.736183 15.128211 -40.777710
v -1.567137 14.397105 -44.856846
v -1.612871 14.247502 -44.125031
v -0.981772 14.813152 -46.966232
v -0.961788 14.705189 -46.309650
v -1.609716 14.147358 -43.504284
v -1.874938 13.987458 -42.668873
v -1.282474 14.460882 -45.353329
v -1.877042 13.944386 -41.942844
v -1.093173 14.623129 -45.999241
v -2.143701 14.256528 -39.997040
v -1.833621 14.222906 -40.739971
v 0.000199 14.397105 -44.856846
v 0.000199 14.247502 -44.125031
v 0.000199 14.875283 -47.178036
v 0.000199 14.705189 -46.309650
v 0.000199 14.147358 -43.504284
v 0.000199 13.987458 -42.668873
v 0.000199 14.460882 -45.353329
v 0.000199 13.944386 -41.942844
v 0.000199 14.623129 -45.999241
v 0.000199 14.255232 -40.025669
v 0.000199 14.222906 -40.739971
v -0.333073 14.869059 -47.156223
v -0.668344 14.859134 -47.073090
v -0.205230 14.871105 -47.173443
v 0.000199 14.836566 -46.614433
v 0.000199 14.861214 -46.973236
v 1.900770 14.703656 -30.851645
g Set blendShape1Set skinCluster1Set tweakSet1
v 3.950449 16.111177 -34.623585
g blendShape1Set skinCluster1Set tweakSet1
v 12.910613 4.894283 21.240273
v 9.459585 6.199061 22.383003
v 7.998379 5.447640 21.956711
v 10.486762 3.064292 21.658472
v 1.981891 8.474400 31.033033
v 0.995447 8.533999 29.749205
v 0.847694 8.541659 30.515127
v 1.965804 9.097648 30.872181
v 9.245315 4.231580 25.439404
v 8.222236 4.607503 24.777403
v 4.059138 5.157545 25.897072
v 7.687673 5.310690 27.764334
v 8.419057 8.787051 28.856337
v 8.088765 8.330281 26.873970
v 8.375668 7.926900 27.649439
v 8.322615 8.731295 29.430262
v 6.283004 9.461429 30.873903
v 9.017225 8.092120 32.211533
v 7.118375 8.738459 32.790295
v 4.177717 8.768598 31.633821
v 4.287389 9.809525 31.351669
v 9.945978 7.321423 24.436825
v 11.833982 6.828472 26.212738
v 13.045121 2.242839 28.055082
v 15.512991 3.947892 27.959755
v 13.425646 5.359273 28.895346
v 9.018520 7.829803 25.654108
v 10.104825 7.377678 26.931089
v 14.918204 -1.090250 43.910732
v 15.213121 -1.097628 44.953388
v 16.002594 -1.403936 44.071945
v 15.702772 -1.645094 42.962814
v 14.567403 -0.660381 45.877029
v 14.250728 -0.461360 44.720097
v 13.421684 0.082929 45.672440
v 13.629272 -0.312432 46.878979
v 11.780439 1.170882 46.205521
v 11.258963 1.559212 46.681759
v 11.459800 0.733810 48.027451
v 11.854962 0.542692 48.158138
v 9.446598 3.594467 45.093090
v 8.693242 3.844949 45.506313
v 9.164881 3.188375 46.860207
v 9.987081 2.773991 46.751579
v 10.633095 2.788031 43.809196
v 11.013222 2.167475 45.350960
v 11.539876 1.711421 44.640423
v 11.189839 2.267940 43.062672
v 11.798336 1.687087 42.381458
v 12.077271 1.252202 43.937263
v 12.473364 1.146618 41.483986
v 12.131601 1.445368 41.903042
v 12.465029 0.922200 43.474342
v 12.801101 0.620190 43.078861
v 13.505657 -0.032162 42.292877
v 13.167436 0.528324 40.678032
v 15.549416 -1.768432 42.395596
v 15.337877 -1.519092 41.284653
v 14.320910 -0.768610 41.766136
v 14.620927 -1.046250 43.073685
v 8.709257 4.594084 43.368088
v 7.770142 5.449436 43.190895
v 9.560842 4.013205 42.904236
v 10.079343 3.251126 44.537872
v 10.226887 3.491498 42.146404
v 11.426672 2.389711 40.689674
v 10.842052 2.938860 41.426666
v 12.153213 1.790403 39.712498
v 11.799919 2.083210 40.189194
v 12.799407 1.196756 38.835255
v 15.067967 -1.200967 39.867130
v 14.320207 -0.432339 36.716232
v 13.234836 0.795201 37.776310
v 13.946143 -0.194993 40.100609
v 10.366615 4.853139 34.432011
v 10.085477 5.257157 33.266235
v 9.770787 5.582945 33.803326
v 9.914794 5.352240 34.861626
v 10.399281 4.915074 32.760406
v 10.742425 4.463950 33.944557
v 11.085641 4.042827 33.426727
v 10.703811 4.492916 32.233093
v 7.794088 5.992569 40.800541
v 6.315824 6.045540 43.283169
v 6.547470 5.824226 44.316647
v 8.099238 5.302576 42.268105
v 8.783323 5.511693 39.595387
v 9.094754 4.766258 41.308250
v 9.870327 4.213728 40.471169
v 9.608876 4.942308 38.724628
v 10.876775 3.774429 37.265373
v 10.288441 4.330082 37.935154
v 10.518209 3.657233 39.695370
v 11.147985 3.084817 38.929150
v 11.619081 3.099884 36.323696
v 11.267525 3.407079 36.789845
v 11.520323 2.762678 38.435753
v 11.853662 2.476597 37.980671
v 12.424468 1.916019 36.987953
v 12.180656 2.467957 35.355965
v 13.773386 0.448328 33.266186
v 12.839368 1.609824 34.323051
v 13.043015 1.186301 35.965000
v 13.988914 0.031754 34.916744
v 7.223909 6.924124 38.302784
v 5.263327 7.555992 39.199436
v 8.533397 6.305794 37.493385
v 9.466591 5.571907 36.836658
v 10.623916 4.367045 35.774578
v 10.095549 4.908165 36.315586
v 11.379378 3.582480 34.767429
v 11.021427 3.972797 35.282112
v 11.857635 2.999527 33.863846
v 13.525668 0.841721 31.665920
v 12.516867 2.072500 32.797844
v 6.696661 7.672548 35.525417
v 4.929519 8.090486 35.992950
v 8.265575 6.883331 35.077221
v 9.283822 6.055242 35.023804
v 11.593540 3.368328 32.577797
v 13.291917 1.230578 30.026920
v 12.224720 2.513655 31.484062
v 10.520925 2.559907 46.102600
v 9.928888 2.561679 47.569939
v 10.707255 2.048669 47.150555
v 15.142325 -0.826973 46.978519
v 15.384839 -0.881225 46.964668
v 13.859176 -1.235451 48.791420
v 13.315557 -0.594302 49.110676
v 13.077866 -0.060591 47.372517
v 9.534929 2.802493 48.160324
v 15.179145 0.767435 44.842922
v 15.315293 0.055707 46.011520
v 14.501401 0.333503 47.109959
v 14.479586 1.171127 45.436340
v 13.895436 0.647848 47.568714
v 13.907658 1.504326 45.880825
v 13.432663 1.820496 46.255371
v 13.092548 0.846671 47.927032
v 12.148733 0.945902 47.982391
v 12.299283 2.309719 47.002064
v 9.559600 2.839632 48.180168
v 10.912690 3.222601 47.144871
v 10.225521 2.075391 48.350288
v 9.742749 2.338600 48.466339
v 11.523328 2.870948 47.071499
v 11.384378 3.504604 45.794041
v 12.389050 3.024130 45.254829
v 13.280072 2.545406 44.572628
v 14.381238 1.806037 43.730431
v 13.812324 2.185031 44.148926
v 15.405529 1.130593 41.088615
v 15.748860 0.393250 40.550343
v 16.008692 -0.194731 41.963840
v 15.615229 0.654104 42.604473
v 9.549482 5.100989 43.490276
v 10.024163 4.286973 44.996876
v 8.652559 3.990746 45.509903
v 7.931594 5.572595 43.370426
v 11.129516 4.129055 44.307697
v 10.764734 4.834559 42.703781
v 11.938119 4.377546 41.753254
v 12.198598 3.720065 43.509159
v 12.960317 3.745090 40.862709
v 13.117569 3.170923 42.783096
v 14.212975 2.786427 39.787365
v 14.259835 2.338706 41.929924
v 13.687136 2.751383 42.298069
v 13.562584 3.291671 40.307705
v 5.266485 8.974162 33.426842
v 11.911816 6.473966 30.824131
v 12.432615 6.069992 30.243540
v 12.913215 5.458929 32.053123
v 12.364659 5.894147 32.582047
v 15.253537 2.759854 29.917572
v 13.984460 4.374720 30.913673
v 8.524419 6.394243 40.867085
v 8.955195 5.709213 42.424950
v 7.024556 6.001884 44.467457
v 6.796420 6.217956 43.435009
v 9.933684 6.213748 39.299561
v 10.337342 5.513010 41.119884
v 11.265526 5.744129 38.069569
v 11.608932 5.055140 39.962788
v 12.308129 5.098198 37.060383
v 12.610224 4.427624 38.987125
v 13.578959 4.098225 35.721584
v 13.860493 3.444678 37.655106
v 13.313810 3.909758 38.265232
v 13.018571 4.583212 36.338230
v 14.502462 2.988408 34.477875
v 14.713338 2.372865 36.247063
v 15.285464 1.604939 33.189560
v 15.360645 1.046964 34.775696
v 14.958894 1.865711 38.070408
v 15.572468 0.445134 36.648483
v 7.913132 7.405543 38.221092
v 5.627394 8.065845 39.310207
v 9.530024 6.959355 37.070045
v 10.928930 6.422122 36.030403
v 12.013029 5.751605 35.103863
v 13.299243 4.732651 33.834389
v 12.712748 5.249352 34.439835
v 14.279098 3.633657 32.708729
v 15.211815 2.142583 31.524782
v 7.692053 8.021445 35.571102
v 5.228137 8.665564 36.025486
v 9.264936 7.551059 34.673702
v 10.671543 6.998128 33.933716
v 11.680816 6.371260 33.198460
v 10.458674 3.684546 46.316872
v 15.162591 -0.852395 47.435696
v 14.359509 -1.121589 49.130772
v 13.571586 -0.532277 49.425732
v 12.772401 -0.054408 49.931702
v 11.790813 0.686686 48.320732
v 9.192920 3.369716 46.886154
v 16.274258 -1.243725 43.194389
v 16.208838 -1.347604 44.078140
v 11.402212 0.872782 48.187256
v 9.705385 2.306624 48.410393
v 10.174840 2.048831 48.256538
v 4.931388 8.711373 33.299610
v 15.629577 -1.077943 47.139473
v 16.277328 -1.200411 44.505943
v 15.434156 -0.907902 47.037487
v 15.496769 -0.863969 47.043743
v 12.766293 -0.155279 49.916790
v 11.313844 6.942815 29.150787
v 11.611382 6.624852 28.873962
v 11.410357 6.910927 31.357794
v 10.519856 7.522747 31.929026
v 10.191616 7.822505 30.321699
v 11.046899 7.299303 29.678036
v 9.877537 5.390588 31.718143
v 10.161981 4.986644 31.144442
v 9.389695 5.386561 30.081139
v 9.114415 5.759247 30.671562
v 9.777864 4.754801 29.039623
v 10.905224 3.746710 28.011482
v 16.123869 15.213924 -21.942354
v 17.357601 13.675177 -21.018803
v 17.825426 13.261854 -19.935642
v 16.249395 13.573410 -21.613789
v 16.480818 11.853534 -20.107916
v 14.838642 12.080064 -21.805012
v 14.385440 11.763898 -22.739016
v 15.576103 11.315392 -21.314137
v 14.173702 10.443350 -23.069696
v 13.138906 11.514937 -23.842834
v 11.975523 11.057693 -26.397137
v 11.649242 11.892311 -25.651487
v 18.109150 13.350499 -19.897703
v 17.643282 13.763416 -20.981573
v 18.779539 12.955099 -20.977587
v 18.950296 12.975327 -19.381952
v 17.973022 12.142449 -19.435543
v 18.663296 12.895027 -19.421291
v 17.167250 10.885617 -20.739782
v 15.997663 9.825408 -22.213104
v 14.798286 8.254012 -23.759077
v 13.242789 8.352420 -26.789734
v 20.040565 10.865220 -18.849655
v 20.152147 11.060246 -19.096508
v 21.405302 8.808644 -18.654741
v 21.437916 8.405084 -18.222698
v 19.760326 10.484043 -19.057814
v 20.776606 8.416041 -18.598110
v 17.361036 9.228832 -21.603569
v 18.885485 6.795411 -21.179565
v 16.673386 5.216355 -24.428501
v 18.867836 9.366677 -19.859596
v 19.530252 8.228531 -19.549744
v 15.260119 4.718933 -27.556728
v 21.320854 8.210781 -18.414827
v 21.594479 7.940064 -18.674976
v 22.392754 5.544487 -18.286161
v 22.381104 5.535470 -17.864340
v 21.202803 7.634454 -18.507067
v 22.013075 5.252450 -18.124790
v 20.193565 3.883420 -20.683567
v 18.125071 2.433832 -24.165403
v 20.140459 6.286550 -19.120893
v 20.760946 5.213912 -18.966362
v 16.778299 1.364864 -27.175508
v 22.190493 4.785437 -18.163935
v 22.596468 5.048404 -17.877972
v 23.297972 3.672410 -17.740358
v 22.831173 3.248255 -17.808144
v 21.556839 1.322729 -20.067955
v 19.818830 -0.742544 -23.507465
v 21.562094 3.725943 -18.702686
v 22.147350 2.639488 -18.441172
v 18.152273 -1.745199 -26.502474
v 23.585941 2.609433 -17.590803
v 23.487350 2.651745 -18.451448
v 24.320198 1.133504 -17.632605
v 24.332443 1.079547 -17.032915
v 23.156458 2.275405 -17.478178
v 23.747856 0.849142 -17.011942
v 22.707520 1.472986 -18.128693
v 23.088863 0.602597 -17.915939
v 19.919161 -3.070803 -24.474571
v 21.323246 -3.025457 -22.172710
v 20.762390 -4.388225 -23.707487
v 24.565132 0.406536 -17.858955
v 24.278517 -0.476374 -19.210247
v 25.078201 -1.666471 -18.152269
v 25.336254 -1.645849 -17.047211
v 24.413834 0.720103 -16.986425
v 25.269552 -1.201103 -16.096539
v 23.800205 0.543846 -16.988501
v 24.749811 -1.409941 -16.120975
v 23.839628 -9.527926 -20.163364
v 22.293072 -7.017228 -21.978764
v 22.611628 -5.632243 -21.065233
v 24.265823 -8.376789 -18.917368
v 24.092579 -12.649221 -23.589499
v 22.063183 -9.572340 -27.040253
v 21.192308 -9.473811 -25.513706
v 23.043386 -11.958894 -22.893276
v 25.522112 -1.728809 -16.543322
v 25.614466 -3.038061 -17.429874
v 26.303520 -4.781201 -16.488468
v 26.457392 -4.702700 -15.048652
v 25.397594 -1.598997 -15.960613
v 26.450302 -4.348559 -14.525028
v 24.910131 -1.912021 -15.978050
v 26.000580 -4.676819 -14.517681
v 24.646690 -2.974928 -16.305433
v 25.212427 -4.303905 -15.529274
v 25.535517 -14.790656 -21.199800
v 27.072685 -12.881301 -21.307058
v 25.826597 -10.924838 -23.481649
v 27.293037 -6.717910 -13.706994
v 27.383163 -7.778849 -14.429547
v 27.679106 -8.699508 -13.751652
v 27.717346 -8.160734 -12.674486
v 27.126293 -6.365439 -13.334359
v 27.679216 -7.906046 -12.269571
v 26.673229 -6.522873 -13.453305
v 27.370605 -8.172720 -12.206367
v 25.199697 -10.312284 -17.171015
v 25.968761 -8.030922 -15.035517
v 26.854162 -9.677230 -13.548468
v 26.307070 -11.828726 -15.361639
v 26.563202 -7.560552 -13.527115
v 26.942919 -8.368774 -12.821009
v 24.938065 -11.420421 -18.211355
v 24.486713 -13.975965 -20.420439
v 28.253750 -17.691143 -16.632328
v 28.980375 -15.804649 -16.780949
v 28.012012 -14.487567 -19.037485
v 26.626686 -16.176601 -19.126156
v 26.026764 -12.940760 -16.382656
v 27.451881 -13.048498 -13.442687
v 27.291904 -14.166560 -14.179358
v 25.496288 -15.344081 -18.255154
v 27.103537 -16.465139 -15.772355
v 28.732838 -11.082199 -9.749630
v 29.072042 -10.907220 -9.723173
v 29.182547 -11.570079 -9.525457
v 28.947796 -11.694326 -9.518927
v 28.567644 -11.536318 -10.088099
v 28.436995 -11.115737 -10.325941
v 28.607071 -10.887844 -10.007183
v 25.709997 -14.312208 -17.595821
v 26.995142 -15.373521 -15.056857
v 23.380146 -10.877484 -21.766026
v 24.682171 -12.812556 -19.552784
v 21.648054 -8.415492 -23.897808
v 17.370802 -2.361325 -29.128820
v 19.102644 -4.200555 -26.042986
v 18.623947 -5.570842 -28.372078
v 15.895624 1.229033 -30.049988
v 14.490129 4.787892 -30.534424
v 12.747743 9.217529 -29.930874
v 11.382358 12.530098 -28.557350
v 10.513832 14.014611 -26.261538
v 18.543959 10.994641 -19.621183
v 18.131676 10.276080 -20.299854
v 18.545212 8.336799 -20.718441
v 19.158886 11.476178 -19.824060
v 19.271137 11.532806 -20.284363
v 19.681311 11.598101 -20.346004
v 18.869932 9.670556 -24.363277
v 20.150473 9.851258 -21.061895
v 20.221529 10.945523 -19.513733
v 19.716156 11.767061 -20.258738
v 19.301935 12.011770 -19.911205
v 19.924660 7.216475 -24.625305
v 21.197271 8.408535 -19.529482
v 21.298801 8.581365 -19.115103
v 20.752459 8.499732 -20.740883
v 20.969751 7.898209 -19.310648
v 21.016447 7.990060 -19.056906
v 20.683474 7.772099 -18.916620
v 19.826633 7.348588 -19.643219
v 18.996342 7.395302 -20.502916
v 19.690393 5.957983 -20.010492
v 22.177221 5.099122 -18.299532
v 21.827532 4.766690 -18.561844
v 21.037445 4.390910 -19.077528
v 20.207998 5.010987 -19.881424
v 21.110468 3.348855 -19.568703
v 23.298037 3.711491 -18.420519
v 23.508707 2.722681 -18.430944
v 23.557178 2.831825 -17.869307
v 22.999935 2.495442 -17.732908
v 22.322552 1.984524 -18.489502
v 21.611197 2.448885 -19.350946
v 22.333435 1.049937 -18.942959
v 24.202662 0.579115 -17.285973
v 23.631144 0.325139 -17.247404
v 23.256796 -0.123631 -17.951435
v 25.204195 -1.770571 -16.873243
v 25.099247 -1.557683 -16.353762
v 24.584078 -1.723092 -16.356678
v 24.244474 -2.385620 -16.922989
v 22.730421 0.271604 -18.681271
v 26.431902 -5.300603 -16.455082
v 26.388329 -4.957170 -15.215407
v 26.310028 -4.719706 -14.774145
v 25.878880 -4.914736 -14.784863
v 25.463079 -5.239924 -15.363087
v 25.029766 -5.962775 -16.516596
v 24.893200 -4.641188 -16.302195
v 25.796490 -5.787042 -14.759936
v 25.564129 -6.227404 -15.378349
v 26.067680 -4.892781 -14.369605
v 26.549299 -4.727974 -14.299489
v 26.525394 -5.056069 -14.818759
v 26.687084 -5.866156 -15.682141
v 26.628580 -6.473697 -13.519944
v 26.087608 -6.595698 -14.267957
v 27.062675 -6.213146 -13.465403
v 27.075773 -6.562563 -13.909945
v 22.759399 -0.945657 -19.180847
v 23.847561 -3.408207 -18.090172
v 24.049019 -1.575309 -17.052679
v 23.608931 -0.556993 -17.527002
v 23.386288 -1.173430 -18.156311
v 23.759747 -2.049230 -17.757561
v 24.474865 -3.685901 -16.883638
v 27.016605 -6.782730 -15.002144
v 27.178936 -7.432991 -15.056215
v 27.077217 -6.760169 -14.001637
v 26.987158 -6.484688 -13.582080
v 26.555271 -6.673487 -13.664299
v 26.274643 -7.226310 -14.097605
v 25.873846 -6.952183 -14.884122
v 26.409040 -8.101214 -14.011084
v 27.836288 -9.324666 -13.643032
v 27.729191 -8.489551 -12.615897
v 27.664948 -8.207006 -12.267899
v 27.299845 -8.398822 -12.337493
v 27.082912 -8.911742 -12.664850
v 26.720671 -8.713707 -13.462838
v 27.328979 -9.190372 -12.160967
v 27.234919 -9.654349 -12.586644
v 27.509325 -8.429368 -11.956866
v 27.868658 -8.228911 -11.905432
v 27.987457 -8.725675 -12.138779
v 28.087368 -9.313141 -12.488597
v 27.721491 -14.574436 -13.322548
v 27.882751 -13.474377 -12.561120
v 28.252445 -13.839834 -11.804699
v 28.151041 -14.982282 -12.465627
v 27.724894 -16.966915 -14.424598
v 27.416149 -15.740665 -14.084040
v 27.888830 -16.163630 -12.925523
v 28.115959 -17.251232 -13.456448
v 30.079565 -17.005257 -14.333802
v 29.606443 -16.577621 -15.515811
v 28.801466 -18.131878 -15.484774
v 29.320082 -18.584391 -14.423428
v 28.382618 -9.125818 -10.975616
v 28.269955 -9.302761 -11.584345
v 27.934792 -9.384904 -11.180101
v 27.624866 -9.735710 -11.654032
v 28.887491 -10.255638 -10.077945
v 28.511068 -9.232768 -10.748588
v 28.617498 -9.953519 -11.025191
v 28.925051 -10.621422 -10.458838
v 28.134460 -9.534885 -10.853554
v 28.505981 -10.526208 -10.166587
v 28.038748 -10.372911 -11.006385
v 28.262608 -10.831978 -10.558784
v 27.745781 -10.867279 -12.154818
v 28.542593 -10.386617 -11.741207
v 29.045645 -11.250937 -10.701427
v 28.351797 -9.412501 -11.016786
v 28.435835 -9.764373 -11.362359
v 27.996624 -9.715961 -11.056468
v 28.468218 -10.971120 -12.541806
v 27.532505 -10.097021 -12.105438
v 27.846317 -10.173896 -11.426404
v 27.995104 -10.800113 -11.381868
v 28.356340 -11.686744 -10.967556
v 28.462355 -12.060141 -10.565715
v 28.089035 -9.557635 -12.242895
v 29.020287 -11.951875 -11.241913
v 29.015739 -11.039565 -10.346880
v 28.908501 -10.683896 -10.029225
v 29.152058 -11.256338 -10.056963
v 29.197838 -11.678017 -10.483624
v 28.198099 -11.128873 -10.971559
v 29.259394 -11.774672 -9.795393
v 29.276249 -12.167741 -10.175282
v 29.494093 -13.550728 -8.473193
v 29.286631 -13.363357 -8.832723
v 29.001377 -12.926731 -9.071996
v 29.242146 -12.204365 -8.836959
v 28.883188 -12.387126 -9.470759
v 29.151802 -12.007274 -9.001604
v 29.344957 -12.017070 -9.128778
v 28.728584 -12.168890 -9.830303
v 19.629797 -7.423209 -27.449318
v 20.004076 -5.697984 -25.349905
v 24.056513 -8.374191 -26.318300
v 21.335627 8.188691 -19.500538
v 21.746662 7.877461 -19.075546
v 23.315708 3.627346 -18.770746
v 23.604395 2.873124 -18.639883
v 23.462137 2.535446 -18.765690
v 23.630857 2.631179 -18.745148
v 2.040688 9.154138 -28.056416
v 2.280487 8.174058 -26.077393
v 4.620769 8.495970 -26.165602
v 3.980641 9.399115 -28.068581
v 1.772234 10.083748 -29.611418
v 2.550318 11.346439 -30.713314
v 11.152102 7.875499 22.629377
v 11.586722 8.397859 26.228037
v 13.118344 8.440130 24.730202
v 11.438270 10.641912 -24.041840
v 8.944547 11.445378 -25.778603
v 10.261666 9.941710 -23.679361
v 17.469057 9.342214 -7.613961
v 17.327444 9.435197 -11.116209
v 12.250208 6.984873 -12.051277
v 13.342529 7.145191 -8.923643
v 18.917080 9.925055 -4.204620
v 12.782650 6.170850 -6.145831
v 17.438250 9.198065 -0.840340
v 12.443969 5.792953 -2.174324
v 18.125824 9.375300 2.779717
v 13.137987 6.245435 1.888389
v 16.348904 8.799562 8.095937
v 11.580285 5.770947 6.125731
v 16.475176 9.105252 11.701917
v 12.042499 6.292457 10.225837
v 14.469063 8.101329 14.113984
v 10.702922 5.983929 12.648904
v 14.006864 7.799332 16.068054
v 10.162674 6.028045 14.381008
v 14.701294 8.312752 19.517145
v 9.685198 6.945403 15.803461
v 8.524076 6.210809 18.536179
v 10.835880 7.003688 18.883295
v 11.208528 7.861390 21.775486
v 2.369665 7.687325 -24.899565
v 2.459398 7.151506 -23.772573
v 4.814245 7.365823 -23.794796
v 4.727900 7.854089 -24.846544
v 2.522550 6.686648 -21.188932
v 2.580603 6.816581 -21.007891
v 5.113222 7.162203 -21.411055
v 5.100319 7.031169 -21.573685
v 2.563775 6.606251 -20.848520
v 2.592841 5.407073 -18.545752
v 5.149460 5.641903 -18.518642
v 5.111623 6.943431 -21.238634
v 2.603701 4.506838 -16.022348
v 2.433988 3.678511 -10.193336
v 2.424426 3.410163 -10.469155
v 2.426405 3.376787 -9.996815
v 2.486026 2.770131 -4.212812
v 2.437820 3.085652 -7.254458
v 2.534898 3.113607 -0.707621
v 2.526935 2.944221 -0.933070
v 2.522502 2.921064 -0.490474
v 2.446258 3.217457 10.025931
v 2.439387 3.048599 9.798362
v 2.428416 3.030840 10.202657
v 2.281025 3.245551 13.042934
v 2.081106 3.673041 15.566603
v 3.613272 4.973803 22.580219
v 3.432667 4.637861 21.751541
v 8.569573 8.375552 -23.532867
v 7.642990 8.771748 -24.886799
v 7.749821 7.683814 -20.417896
v 7.742285 7.741096 -20.552706
v 8.183666 6.350878 -17.869438
v 7.777858 7.625175 -20.180126
v 8.597974 5.487832 -15.796433
v 5.288571 4.888059 -16.005711
v 8.696968 4.141983 -10.097685
v 8.682356 3.871494 -10.409722
v 4.960306 3.507159 -10.981809
v 4.970802 3.771426 -10.689229
v 8.705026 3.830597 -9.880123
v 4.964580 3.469309 -10.522537
v 8.702224 3.135640 -3.824873
v 8.825266 3.449183 -6.975393
v 4.865887 3.114436 -7.234722
v 4.854663 2.764119 -4.137024
v 8.524706 3.407047 -0.208956
v 8.535234 3.411945 -0.422139
v 4.794709 2.997172 -1.377584
v 4.801232 3.167212 -1.157216
v 8.508289 3.404018 -0.002149
v 4.785843 2.978988 -0.955924
v 7.929666 3.929946 9.994314
v 7.946526 3.923954 9.768824
v 4.619582 3.281045 9.066906
v 4.623967 3.455885 9.307539
v 7.895264 3.936991 10.251776
v 4.597671 3.273638 9.509149
v 7.085977 4.723981 14.929069
v 7.508851 4.691120 13.045746
v 4.394870 3.779942 13.116839
v 4.143942 4.130279 15.539214
v 6.166659 6.346877 19.861282
v 6.709600 5.627333 16.713802
v 5.409080 6.080288 20.149628
v 3.922634 5.929132 22.206745
v 3.878277 5.113420 24.424900
v 1.739509 4.168907 17.961401
v 9.558373 8.191935 -20.204861
v 9.089192 8.208147 -21.218788
v 11.009197 8.092673 -17.832836
v 9.518699 7.821064 -18.669720
v 11.765465 7.716902 -15.078950
v 10.902272 5.155856 -9.868763
v 10.230560 5.055896 -11.658598
v 10.376304 4.679196 -8.434583
v 10.427297 4.635427 0.213946
v 10.104890 4.400569 -1.364809
v 9.882964 4.346917 1.107321
v 9.593138 4.752958 10.157946
v 9.825354 4.810626 8.598140
v 9.356094 4.829432 11.511871
v 9.781770 6.252381 15.548384
v 6.795961 4.994234 16.110098
v 4.719779 5.226454 19.389599
v 5.275035 5.477995 20.097443
v 1.198931 4.558408 20.117996
v 3.682756 4.704159 18.394632
v 2.246861 4.740805 20.635836
v 8.246390 3.617652 6.645580
v 4.735135 3.079030 6.308189
v 2.438754 2.987495 5.660660
v 8.601093 4.564335 -13.492053
v 5.141132 4.278796 -13.618017
v 2.520159 3.930259 -13.436419
v 10.697888 8.451162 -20.104553
v 1.489958 23.404596 -34.071049
v 1.442071 23.507452 -34.707176
v 4.118852 21.234751 -34.011269
v 2.954420 22.369196 -34.003365
v 2.871114 22.536697 -34.679897
v 4.018296 21.514023 -34.697357
v 1.465265 24.008516 -38.672298
v 1.384520 23.817524 -40.097672
v 3.920544 22.282898 -38.694500
v 2.825052 23.420725 -38.681034
v 2.696805 23.358604 -40.184395
v 3.760429 22.225674 -40.159428
v 0.875993 22.519848 -45.215733
v 0.925899 22.779240 -44.332760
v 2.316323 14.567844 -34.651657
v 2.615066 15.027431 -34.130630
v 4.543772 14.963487 -37.086166
v 4.947443 15.836674 -37.336884
v 4.907914 15.571292 -37.969921
v 4.406446 14.565055 -37.612305
v 1.179166 13.601793 -42.867115
v 2.276850 13.816745 -42.916851
v 0.680634 14.116802 -45.428772
v 0.554869 14.193271 -45.944500
v 1.387184 14.177382 -45.462833
v 1.145948 14.239571 -45.956333
v 1.536542 13.323268 -37.672062
v 3.074112 13.719083 -38.040890
v 2.720944 13.726567 -41.116238
v 1.359002 13.459505 -41.027592
v 3.025789 14.048524 -42.998131
v 4.715299 18.934668 -38.991714
v 4.799353 17.104694 -39.143303
v 4.925198 17.110064 -38.069271
v 4.856850 18.727043 -37.811520
v 3.792333 15.130246 -43.340988
v 3.958285 15.163170 -42.873280
v 4.047002 15.995811 -43.045547
v 3.928424 15.950495 -43.462879
v 2.593732 15.656610 -46.313194
v 2.086689 15.588213 -46.954041
v 1.918844 15.147591 -46.796719
v 2.455546 15.182357 -46.208046
v 1.612826 14.334080 -46.000641
v 1.940791 14.257253 -45.489307
v 0.815270 21.369562 -46.841393
v 0.773445 20.706425 -47.489330
v 3.164512 15.659925 -45.405140
v 2.970074 15.130314 -45.246387
v 3.297859 15.114930 -44.571972
v 3.490509 15.723453 -44.747032
v 1.120302 23.255257 -42.510254
v 1.293933 23.514431 -41.429268
v 2.744311 22.684967 -42.883564
v 3.242062 22.044176 -42.961674
v 3.443933 22.072662 -42.294228
v 2.907353 22.763243 -42.293491
v 4.237321 16.054243 -42.513592
v 4.069335 15.187687 -42.575409
v 4.172426 15.264018 -42.332344
v 4.442188 16.234642 -42.009281
v 0.781456 14.944815 -47.659023
v 1.434537 15.125864 -47.352413
v 1.566429 15.483768 -47.576424
v 0.912963 15.314923 -48.224018
v 3.683112 14.027542 -41.189121
v 3.405588 14.043790 -42.086273
v 2.567770 13.730579 -42.025627
v 1.306992 13.493584 -41.963943
v 0.307782 14.684056 -47.126213
v 0.272560 15.000079 -47.433510
v 0.533248 15.020220 -47.415569
v 0.775306 15.064611 -47.397121
v 0.561304 15.982686 -47.485950
v 0.218512 15.971299 -47.601490
v 2.326368 14.148758 -44.722553
v 1.718263 14.026081 -44.654930
v 2.035994 13.918750 -43.738060
v 2.698936 14.078575 -43.779270
v 1.045784 13.755621 -43.654083
v 0.896678 13.929483 -44.605164
v 4.033399 20.135242 -43.088326
v 4.221509 18.726532 -42.753273
v 4.374542 19.038155 -41.579285
v 4.190166 20.769249 -41.750332
v 4.551801 19.099075 -40.294407
v 4.528083 20.715763 -38.798088
v 4.441698 20.800138 -40.223640
v 0.692125 14.714126 -47.115662
v 0.963359 14.365781 -46.442177
v 1.324008 14.469552 -46.492664
v 0.947326 14.793845 -47.126606
v 0.447194 14.325549 -46.432549
v 4.220773 17.327641 -42.600227
v 4.423747 17.543043 -41.624928
v 3.937933 18.144356 -43.814556
v 3.994939 17.045975 -43.428654
v 3.486635 16.334797 -45.015171
v 3.206583 16.237057 -45.526611
v 2.693860 16.163336 -46.300243
v 2.195670 16.095289 -46.995800
v 1.676182 16.041151 -47.673676
v 1.124568 15.897205 -48.341019
v 0.157138 15.240708 -48.470524
v 0.127636 15.489394 -48.609493
v 3.492174 15.460977 -43.376820
v 3.528130 14.396233 -43.140736
v 2.985342 15.238990 -44.921043
v 2.795025 14.371422 -44.800282
v 3.183631 14.379770 -43.897995
v 3.271109 15.367767 -44.079357
v 1.895705 15.540906 -46.579521
v 1.452931 15.848048 -47.028465
v 1.154389 14.959081 -47.172340
v 1.705422 14.661057 -46.552776
v 0.940236 15.951029 -47.333210
v 1.010739 15.080282 -47.259666
v 4.624566 17.566269 -40.432800
v 2.601673 23.148220 -41.640091
v 3.613969 22.146328 -41.480373
v 3.932978 14.442791 -42.139244
v 3.847218 15.663376 -42.485298
v 2.642779 14.128044 -35.420143
v 1.893145 13.687929 -36.420681
v 4.658819 20.532343 -37.380074
v 4.011137 22.202751 -37.170658
v 2.910737 23.238344 -37.055294
v 1.515068 23.881624 -36.978371
v 4.180823 14.359252 -38.406124
v 4.696367 16.270409 -39.861935
v 4.670055 15.338996 -39.615917
v 4.743872 15.520915 -38.743420
v 4.977541 17.011015 -37.441376
v 4.970915 18.064850 -36.922089
v 4.052901 21.935398 -35.772289
v 2.910526 22.815765 -35.787895
v 1.497350 23.638670 -35.861618
v 3.423932 13.996735 -36.987846
v 2.007385 22.267878 -45.114243
v 2.155984 21.913929 -44.994801
v 2.479439 21.951462 -44.218987
v 2.311330 22.423166 -44.367237
v 1.678040 19.968924 -47.050327
v 1.738202 19.907991 -46.892693
v 1.826849 20.851963 -46.558773
v 1.691573 21.058252 -46.688625
v 1.925347 21.683901 -45.762093
v 1.807759 21.785311 -45.917923
v 0.838234 22.014875 -46.116211
v 3.022277 21.941437 -43.406010
v 2.537164 22.573322 -43.523888
v 1.000979 23.017752 -43.449722
v 3.253229 21.586620 -43.725639
v 3.128436 21.748360 -44.275738
v 3.513981 21.391645 -44.122425
v 3.437131 21.296621 -43.895622
v 2.784208 21.365618 -45.906879
v 2.525156 20.587883 -46.671375
v 3.159095 20.097837 -46.395988
v 3.368205 20.835503 -45.967049
v 2.514866 19.687048 -46.836895
v 2.904443 19.492212 -46.593521
v 3.944735 18.894726 -43.992435
v 2.821844 17.256237 -46.327209
v 3.235358 17.210606 -45.649067
v 3.160807 17.655891 -45.629921
v 2.816655 17.684454 -46.248371
v 3.794261 18.938025 -45.274521
v 4.040744 19.725414 -44.592869
v 4.011855 19.746450 -44.629807
v 3.773138 19.013985 -45.266415
v 3.763199 20.519846 -44.324528
v 3.817628 20.530878 -44.294353
v 3.600331 21.041613 -44.144398
v 3.558857 21.111609 -44.152954
v 3.502061 20.943747 -44.215828
v 3.526234 20.915146 -44.223938
v 3.426999 20.572750 -45.932484
v 3.243658 19.901628 -46.275208
v 3.208949 19.846060 -46.162739
v 3.448525 20.401194 -45.880413
v 3.047695 19.381552 -46.457958
v 3.074971 19.361055 -46.352520
v 3.270425 18.525288 -45.842228
v 3.258523 18.630444 -45.803577
v 3.883679 19.749002 -44.433041
v 3.705088 18.887030 -45.066696
v 3.695412 20.535948 -44.030720
v 3.440988 21.202066 -44.139778
v 3.424826 21.195446 -43.940544
v 2.977419 19.857456 -46.183468
v 3.343594 20.464346 -45.845947
v 2.877097 19.429808 -46.385441
v 3.228898 18.467939 -45.675159
v 4.919098 19.929195 -35.900574
v 5.063657 19.388241 -34.880272
v 4.986058 18.896053 -34.108547
v 3.424054 21.287830 -45.079449
v 2.949564 21.683882 -45.025028
v 3.527005 20.934414 -45.114536
v 3.521519 21.088806 -45.102329
v 3.432258 21.050880 -45.118706
v 2.685849 18.456957 -46.196648
v 2.671247 18.375340 -46.276604
v 2.886300 18.397707 -46.149502
v 2.908563 18.508816 -46.060776
v 2.852924 18.442995 -46.027420
v 3.548216 15.120680 -43.911026
v 3.715869 15.815428 -44.175289
v 3.501009 17.623226 -44.732834
v 3.735484 18.098753 -44.695076
v 3.855441 16.856470 -43.906681
v 3.752137 21.032610 -43.893135
v 3.592952 21.079151 -43.668892
v 3.593810 20.787823 -44.183552
v 3.623085 20.859272 -44.136726
v 3.510633 20.859768 -43.855530
v 0.614020 20.279646 -47.866135
v 0.473508 19.738119 -48.277725
v 1.738096 19.220087 -47.188297
v 1.963702 18.798306 -47.399063
v 2.175266 18.278288 -46.884884
v 1.817979 19.191948 -47.034569
v 2.489992 19.037325 -46.868099
v 2.836797 18.883253 -46.535183
v 2.903777 18.869949 -46.406136
v 2.890542 18.904831 -46.297199
v 2.680556 18.906521 -46.306767
v 2.645742 15.347635 -45.519115
v 2.417871 14.443582 -45.518139
v 0.566970 17.208582 -48.933548
v 0.559729 17.636934 -48.866718
v 4.832839 16.207331 -33.399231
v 5.861066 16.054611 -32.444019
v 5.780343 19.124920 -32.541779
v 5.247246 18.844673 -33.408264
v 2.727840 15.303346 -32.988228
v 2.592347 15.278815 -33.575279
v 3.329780 18.343296 -45.834591
v 3.862521 18.797508 -45.208099
v 4.114088 19.648146 -44.509285
v 2.531747 17.777428 -46.676300
v 2.404255 17.287096 -47.018730
v 0.625102 16.654285 -48.893291
v 1.217199 16.641150 -48.438866
v 1.272932 17.285250 -48.443733
v 2.619114 18.279552 -46.414474
v 2.397138 18.300993 -46.645302
v 2.704185 18.086290 -46.368614
v 2.852994 18.245312 -46.233940
v 2.989128 18.069624 -46.049427
v 3.134694 18.270206 -46.008389
v 3.100757 18.451521 -45.990273
v 3.066364 18.565136 -45.959721
v 3.272073 18.122227 -45.738529
v 3.893759 18.596352 -45.118366
v 4.085690 19.550116 -44.455242
v 4.665322 16.413334 -40.835121
v 4.253805 14.517963 -41.219234
v 4.177808 15.505218 -41.975071
v 4.508135 15.443295 -41.130890
v 4.538233 15.414911 -41.005867
v 4.443626 15.301856 -41.716877
v 0.505540 15.949135 -48.753498
v 1.804523 16.645983 -47.738468
v 2.304091 16.661762 -47.027874
v 3.752008 16.691973 -44.282829
v 3.531714 17.331579 -44.927174
v 3.656146 21.271235 -43.029747
v 3.825551 21.367315 -42.360733
v 4.045284 19.329475 -44.215946
v 3.866237 18.411556 -44.992416
v 3.614495 21.151421 -43.469017
v 1.928590 17.222799 -47.778343
v 1.405333 20.344603 -47.348385
v 1.488651 21.188923 -46.680183
v 1.509371 21.881119 -45.936527
v 1.602979 22.350409 -45.146370
v 1.758133 22.596155 -44.341900
v 1.889236 22.790146 -43.507820
v 2.132582 23.004044 -42.651108
v 3.170875 17.890503 -45.625919
v 3.906310 20.536674 -44.100754
v 3.932219 20.513319 -43.960804
v 3.972098 20.331167 -43.646534
v 2.032681 14.524611 -46.032200
v 4.498003 14.688475 -40.399948
v 4.282214 15.523530 -41.528175
v 2.728604 17.809658 -46.148705
v 2.584792 17.917681 -46.459618
v 3.832979 15.891351 -43.807625
v 2.010769 17.818213 -47.773865
v 1.996973 18.536753 -47.518253
v 1.502552 18.803125 -48.107971
v 1.380423 18.011770 -48.344425
v 2.282950 18.123142 -47.038193
v 1.491543 18.980873 -47.982128
v 3.223586 16.756903 -45.624695
v 3.435536 16.730112 -45.233753
v 3.515436 17.048302 -45.089470
v 3.673184 16.523026 -44.597301
v 3.707227 15.147444 -43.565479
v 2.772726 16.717066 -46.327759
v 2.233341 17.702364 -47.288433
v 0.388789 15.273730 -48.420231
v 0.294052 14.991457 -48.128998
v 1.150926 19.669138 -47.931347
v 1.106542 20.070770 -47.717598
v 1.541257 19.468260 -47.711422
v 4.564580 16.308884 -34.855522
v 4.587912 16.260218 -34.128231
v 4.769623 16.374498 -35.896919
v 4.824122 16.195229 -36.670216
v 3.974658 14.768162 -36.474373
v 6.342414 11.052914 -27.634836
v 7.809592 12.572311 -27.936676
v 6.167722 12.480753 -29.312916
v 4.873170 11.708961 -29.002090
v 7.646142 15.508696 -30.838104
v 8.320306 17.547815 -29.875822
v 7.489003 17.983343 -31.207146
v 4.981156 14.699271 -31.973343
v 6.290628 14.163253 -30.846569
v 2.583216 13.739584 -32.377506
v 11.139363 11.551276 27.110710
v 12.738702 11.303897 26.165529
v 13.769788 10.724439 27.294117
v 12.069967 10.842316 28.508783
v 19.701115 12.746301 11.097121
v 18.263746 13.518682 11.422794
v 18.489107 13.904377 9.845248
v 20.087955 12.920104 9.490977
v 15.472982 11.425374 21.168360
v 15.798017 11.577023 20.108999
v 16.774658 10.915263 20.267803
v 16.445333 10.902690 21.306393
v 21.253815 13.981841 2.835283
v 19.675770 14.921221 3.062630
v 19.858891 15.401471 1.534229
v 21.605415 14.175844 1.404165
v 20.235584 16.060566 -3.421630
v 18.938467 16.831804 -1.712241
v 18.108425 17.889322 -5.169071
v 19.984135 16.403246 -5.182734
v 16.888384 17.337458 -20.750389
v 16.460346 19.486130 -19.637562
v 14.933998 20.069380 -21.561684
v 14.958849 18.844635 -22.858582
v 3.069241 12.964992 33.928104
v 2.821669 13.075673 32.307907
v 3.892190 13.060555 32.013481
v 4.494735 12.857230 33.136375
v 3.906059 27.268082 0.241408
v 3.921004 27.907114 -3.657812
v 7.301760 25.882895 -3.916173
v 7.273833 25.272820 0.014001
v 3.946999 28.215204 -7.683859
v 3.855715 28.436548 -11.548177
v 7.234793 26.449961 -11.516171
v 7.280498 26.215738 -7.780049
v 11.367368 15.462019 20.212584
v 11.667247 16.579586 17.523104
v 13.551156 15.243307 16.966930
v 13.150066 14.272135 19.593426
v 12.059914 17.592615 14.541464
v 12.434865 18.558153 11.233767
v 14.682043 16.881475 10.788469
v 14.160476 16.053743 14.020607
v 15.526302 18.590439 2.697400
v 15.316852 17.681572 7.091427
v 12.809786 19.556547 7.470418
v 13.021072 20.487648 3.196379
v 15.578894 19.895365 -4.875978
v 15.787821 19.194727 -1.204673
v 13.128979 21.225403 -0.794186
v 13.057373 21.854774 -4.565867
v 15.018113 20.900684 -12.052289
v 15.408421 20.379326 -8.511847
v 12.854953 22.304657 -8.213984
v 12.601935 22.699764 -11.729101
v 16.878021 15.052321 10.308155
v 16.765760 13.920700 13.374780
v 18.009827 16.691919 2.060424
v 18.156046 15.343349 6.907211
v 17.542419 18.769812 -12.722819
v 19.871889 16.529491 -13.975848
v 20.969007 15.615793 -11.022429
v 18.302471 17.902863 -8.865987
v 18.801714 17.635790 -16.423431
v 17.483721 18.689154 -18.165394
v 18.566273 16.606039 -19.316772
v 20.054045 16.012838 -17.110046
v 2.913934 25.630455 -29.948431
v 2.440907 24.161066 -30.940823
v 3.875199 28.560390 -16.101358
v 3.857965 28.456814 -19.302822
v 7.127392 26.624939 -17.796577
v 7.239447 26.554491 -15.028647
v 3.220491 27.788746 -28.205635
v 4.815559 23.282242 -30.094866
v 5.599047 24.842766 -28.709856
v 3.816725 28.082346 -23.506777
v 3.646259 15.705109 -38.917217
v 0.722502 16.459648 -28.794521
v 6.988436 26.475927 -22.143408
v 10.149043 12.996779 25.679258
v 7.034462 14.322256 26.736536
v 6.834305 16.665831 24.380737
v 9.529543 15.211563 23.382265
v 21.540253 14.924877 -14.571656
v 23.064045 13.486389 -11.549461
v 21.751587 14.770980 -1.896250
v 21.789900 14.785666 -3.365722
v 23.365143 13.183322 -2.989897
v 24.355257 12.744963 -2.395760
v 23.165588 12.953360 2.363245
v 23.368324 12.731266 1.225796
v 21.684492 11.976920 10.433336
v 21.927870 12.028970 9.150904
v 18.051685 10.480514 20.581491
v 17.139874 11.083464 19.000908
v 18.613178 10.582211 19.325287
v 15.396183 10.997745 23.354383
v 16.112509 10.956656 22.298048
v 17.324293 10.479959 22.322279
v 16.561314 10.573502 23.790377
v 14.037714 22.016438 -17.457554
v 15.675324 20.358376 -17.501839
v 16.713528 19.623133 -15.548958
v 14.577999 21.454441 -15.088998
v 12.123081 23.506128 -17.418159
v 12.339909 23.082058 -14.871462
v 14.870616 20.974274 -19.330210
v 14.126328 21.219339 -21.022612
v 13.257259 21.299435 -23.455313
v 12.139258 21.913855 -24.509005
v 6.253935 26.317047 -27.043846
v 1.538562 12.925219 32.872684
v 1.394006 12.847647 34.281841
v 9.599598 11.965506 28.341087
v 10.364050 11.193621 29.716267
v 10.302688 23.845745 -4.210786
v 10.326846 23.238001 -0.346991
v 10.075459 24.529858 -11.560332
v 10.188717 24.236620 -7.955715
v 9.848642 24.978905 -17.540499
v 9.989779 24.746487 -14.867311
v 9.877265 24.977489 -20.265036
v 10.436838 22.858492 -26.025488
v 8.102938 23.859283 -27.452757
v 12.539812 12.471152 23.724104
v 11.413801 12.758694 24.595800
v 11.192873 14.230284 22.578463
v 12.649730 13.432510 21.883114
v 13.391650 22.393618 -19.577148
v 11.936310 23.664228 -19.913813
v 21.386990 15.088168 -7.194075
v 19.888575 16.315796 -7.097689
v 22.933104 13.360865 -5.680502
v 13.731682 19.988207 -24.247423
v 7.211030 24.425770 4.089575
v 10.276344 22.434362 3.680333
v 10.115766 21.393465 7.856991
v 7.103851 23.279791 8.355486
v 3.824274 25.003998 9.059129
v 3.917568 26.434587 4.287152
v 9.735146 19.130543 15.092184
v 6.865208 20.801744 15.760385
v 6.975363 22.029657 12.255167
v 9.950422 20.247328 11.703464
v 3.640106 22.319059 16.574934
v 3.738974 23.589872 13.055678
v 9.569106 17.913635 18.130716
v 9.458128 16.665585 20.868347
v 6.821386 18.108713 21.737886
v 6.850722 19.510353 18.935310
v 3.610391 19.486694 22.636538
v 3.584332 20.902121 19.712866
v 4.380875 15.456167 28.229645
v 3.798896 17.796009 25.379414
v 18.989302 14.118499 8.271034
v 20.445843 13.185429 8.038507
v 22.229506 12.252550 7.904921
v 20.211916 15.601871 -0.087005
v 21.854080 14.411636 -0.021502
v 23.744827 12.872567 0.481838
v 18.950340 12.488591 13.175390
v 18.654371 12.131390 14.783301
v 17.420738 12.956415 14.789140
v 20.217585 11.336311 15.004422
v 20.783890 11.848172 13.562636
v 14.730804 11.077201 24.431629
v 15.393286 10.681202 25.527792
v 13.987929 11.457059 23.978216
v 14.259644 11.638615 22.871763
v 12.529474 11.866314 25.040110
v 13.063120 11.757012 24.620394
v 9.096427 12.585602 27.319513
v 5.767250 13.335506 29.316898
v 5.316513 13.582759 29.596001
v 7.018060 13.119846 28.444374
v 1.574294 13.959278 31.467318
v 14.356422 12.242244 21.240856
v 3.644713 15.191642 29.294373
v 2.977434 13.923832 30.994459
v 1.803581 14.932830 30.522301
v 25.561455 12.882061 -4.528485
v 23.101486 12.784802 -11.447722
v 23.089676 11.907540 -11.066111
v 25.550182 12.529533 -4.568494
v 24.668924 12.215219 2.276541
v 25.522303 12.399833 1.729269
v 25.506582 11.672740 1.737817
v 24.668924 11.977466 2.284746
v 24.247808 11.698388 10.251807
v 24.887224 11.582627 10.303964
v 24.888664 11.095490 10.293334
v 24.355019 11.375991 9.943456
v 22.606169 11.027597 17.045593
v 24.051785 12.281767 14.194872
v 24.051800 10.808231 14.117457
v 22.623377 10.110470 17.013124
v 17.523312 10.710317 26.990585
v 19.423544 9.899446 23.606487
v 19.424082 9.622414 23.575104
v 17.523312 9.818173 26.953453
v 13.163191 11.314668 30.919554
v 15.356256 9.793786 28.152489
v 15.357048 9.759482 28.174835
v 13.163191 10.144540 30.863178
v 3.827123 11.932244 36.005142
v 3.827282 12.551449 36.023716
v 5.841990 12.250001 34.611752
v 5.863600 11.497741 34.573547
v 25.374960 13.231306 -1.773358
v 24.786268 12.554580 -3.817041
v 24.790764 12.573240 -3.773504
v 25.374960 12.144745 -1.823961
v 15.987535 9.880196 28.328850
v 15.985572 9.565856 28.335938
v 10.781082 11.238528 31.976574
v 10.772850 10.882033 31.935200
v 2.744855 13.301871 37.439964
v 2.708585 12.488770 37.425861
v 21.764299 13.440589 -14.646658
v 21.139511 12.104250 -14.854740
v 24.190247 11.499513 10.712443
v 24.224188 11.168178 10.695708
v 24.834982 11.890992 2.390142
v 24.838575 11.764336 2.385842
v 20.007517 9.564805 23.526600
v 19.994488 10.065493 23.554399
v 21.410578 11.112037 20.286688
v 21.382874 10.118022 20.208647
v 21.355991 11.077415 -11.126846
v 22.954365 11.586680 -6.402889
v 23.754328 11.704850 -0.153097
v 23.412462 11.243612 1.122854
v 22.212614 10.502944 7.929066
v 21.642746 10.719569 8.594577
v 19.832264 10.301058 12.776174
v 19.664434 10.234997 14.598687
v 15.973730 9.287357 23.245594
v 15.196834 8.928767 24.716900
v 12.897995 9.317572 28.243313
v 10.850853 9.747602 29.669724
v 3.471343 11.620377 32.788361
v 5.102425 11.408210 32.411930
v 22.721500 11.420911 -3.661416
v 24.116535 12.357364 -3.024191
v 14.360826 8.887414 26.470966
v 9.990623 10.570415 30.827904
v 8.172334 10.162143 30.381895
v 8.668076 10.940091 31.125183
v 19.471748 10.771879 -14.727705
v 21.447559 10.629222 9.726803
v 23.020350 11.024864 2.101201
v 17.409719 8.919723 21.108385
v 18.329210 9.402164 19.538065
v 0.605204 13.138606 38.202713
v 15.795379 11.881542 -19.874495
v 13.053257 11.117020 -22.675381
v 13.618240 10.576714 -21.541697
v 15.855580 9.405136 -14.687524
v 20.279232 10.688435 -7.950053
v 20.434397 10.584281 -6.304965
v 20.751057 10.765347 -4.277785
v 21.200193 10.618514 -1.205853
v 20.638605 10.338686 0.233997
v 20.584240 10.332967 1.731624
v 19.968777 9.806572 7.046406
v 19.347853 9.829984 8.103184
v 19.467270 9.922786 9.808734
v 17.949097 9.546645 14.204979
v 17.284952 9.375191 15.432928
v 14.109234 8.549147 22.518496
v 13.435437 8.610951 26.049828
v 12.674923 8.683539 26.872465
v 12.136583 11.311213 -23.834572
v 6.976160 9.987210 -25.938204
v 0.772257 11.937371 34.709206
v 0.580824 12.395900 38.178474
v 2.615340 9.864547 31.216698
v 1.306262 9.789900 33.091160
v 2.541400 8.723528 31.275208
v 1.419120 9.083699 32.901466
v 0.841237 9.874029 33.851086
g Set blendShape1Set skinCluster1Set tweakSet1
v -3.164535 16.431644 -38.608311
g blendShape1Set skinCluster1Set tweakSet1
v 1.426061 9.165019 33.902653
g Set blendShape1Set skinCluster1Set tweakSet1
v -2.409694 16.423176 -44.056229
g blendShape1Set skinCluster1Set tweakSet1
v 0.814967 8.100551 33.603664
g Set blendShape1Set skinCluster1Set tweakSet1
v -1.123788 15.859690 -45.379654
g blendShape1Set skinCluster1Set tweakSet1
v 20.650335 13.572370 6.636292
v 22.696629 12.313128 6.600400
v 25.306646 12.426940 7.644018
v 25.306646 10.971108 7.567830
v 22.347055 10.527898 5.839781
v 21.667538 14.912914 -4.995753
v 23.361628 13.174842 -4.138270
v 24.689949 12.780322 -3.385051
v 24.689949 12.425807 -3.384937
v 23.190395 11.764425 -5.063973
v 19.255604 10.874645 17.410515
v 17.714745 11.481297 17.538128
v 18.151709 11.820630 16.187460
v 19.603609 11.158965 16.187084
v 21.809498 10.621027 17.443169
v 21.657564 10.877356 16.998272
v 21.824697 10.429249 17.431438
v 21.657167 10.419823 16.990980
v 19.268869 9.760117 17.877853
v 19.493597 10.064201 15.872576
v 17.169241 8.962083 17.321869
v 16.916681 12.638078 16.241970
v 15.527901 13.653748 16.451147
v 17.610525 10.383553 21.511656
v 19.057615 9.959040 23.076403
v 19.059752 9.792467 23.111549
v 16.936377 8.887003 21.923996
v 15.236729 11.311466 22.111330
v 15.356937 12.556014 19.036674
v 16.644983 12.225146 17.594440
v 13.289130 11.229050 25.711193
v 13.839557 11.154185 25.256868
v 14.197728 10.712161 26.776144
v 14.625683 10.699884 26.258173
v 15.249869 9.866354 28.085644
v 15.143482 9.938921 28.018816
v 15.245705 9.823174 28.109917
v 15.134347 9.886881 28.044996
v 13.289997 9.209142 27.832357
v 13.682270 9.101247 27.420710
v 12.288846 8.788283 27.288027
v 11.995860 11.975540 25.460012
v 7.820809 12.371497 29.542835
v 7.493637 13.037914 28.112679
v 8.206289 12.305116 29.270712
v 8.696747 11.844022 30.675388
v 9.132776 11.660951 30.394386
v 10.551067 10.825097 31.968372
v 10.479841 11.538670 31.992800
v 10.523061 11.333363 31.286478
v 10.638456 10.500894 31.408463
v 4.631059 12.953515 31.592035
v 4.283005 13.625642 30.447079
v 5.496802 12.794711 31.168968
v 6.070232 11.151027 32.329288
v 5.675484 10.771182 31.558599
v 8.084814 11.876727 33.894043
v 8.073621 12.607586 33.935127
v 8.322254 10.968182 31.285492
v 4.857037 12.785346 32.924232
v 5.810707 12.193128 34.127029
v 5.822771 11.443092 34.090172
v 6.094248 11.488476 33.097275
v 5.406626 12.675805 32.621330
v 6.806505 12.546157 30.258839
v 7.868731 12.191679 31.208994
v 6.031318 12.138814 34.373623
v 6.077720 11.403106 34.389477
v 6.438693 11.499719 33.071743
v 3.690530 13.476281 31.070080
v 1.402358 23.408569 -32.645920
v 1.500730 23.347828 -33.360973
v 4.381560 21.375828 -32.427814
v 4.184645 21.119831 -33.273731
v 2.768592 22.502859 -32.581993
v 2.957822 22.327635 -33.283543
v 1.235428 23.640059 -32.196625
v 2.244201 23.609283 -31.635042
v 4.633909 22.236233 -30.942177
v 11.902178 8.891437 27.704794
v 10.082335 9.175139 27.971851
v 7.586331 9.685325 29.329472
v 3.506410 10.687326 32.019115
v 5.437418 9.973098 31.076775
v 10.835279 8.789273 27.099419
v 1.246047 8.218615 30.924675
v 0.904109 8.170102 32.591473
v 6.941626 9.252316 -26.188437
v 6.115732 10.297575 -27.886692
v 2.772195 12.022049 -30.211496
v 5.145771 12.998042 -30.532593
v 4.245342 13.479566 -31.477531
v 2.646937 13.114686 -31.721054
v 4.762540 10.901779 -29.100338
v 0.537497 9.654516 34.847633
v 0.821313 9.144125 34.805336
v 0.542508 8.393502 34.725395
v 0.343312 9.373178 35.653198
v 0.202681 9.261565 35.962727
v 0.390285 9.105999 35.615841
v 0.226559 9.087784 35.956295
v 0.347236 8.756903 35.589363
v 0.206724 8.955690 35.918964
g Set blendShape1Set skinCluster1Set tweakSet1
v 3.090554 16.431644 -38.608311
v 3.306641 17.055349 -34.661331
g blendShape1Set skinCluster1Set tweakSet1
v 3.562200 16.631004 -30.922447
v 0.199160 15.012379 -48.249004
v 15.166833 7.721225 19.450884
v 16.537615 8.793674 18.531761
v 7.556369 10.303734 30.646652
v 6.740396 9.764922 29.996742
v 10.727218 1.480676 48.159714
v 10.786304 1.526593 48.272320
v 15.623119 -0.214442 45.481491
v 15.850642 -0.539683 45.119205
v 15.412688 -0.781634 47.000740
v 15.358725 -0.799798 46.983532
v 15.052127 1.324893 43.238861
v 15.629311 0.257879 44.095020
v 15.974689 -0.377808 43.489964
v 0.171668 19.351925 -48.576717
v 0.055234 18.982651 -48.785629
v 0.155151 18.369528 -48.938591
v 0.550258 18.054466 -48.853809
v 0.894780 18.655785 -48.562344
v 0.826059 18.374321 -48.664188
v 0.882224 18.916271 -48.484970
v 0.839569 19.204565 -48.356655
v 1.169578 19.353546 -48.082588
v 0.319631 19.092075 -48.641544
v 0.407014 19.120155 -48.587479
v 0.258915 18.923555 -48.710617
v 0.268564 18.607105 -48.840298
v 0.510655 18.917757 -48.587391
v 0.507760 18.829100 -48.648571
v 0.475339 18.719097 -48.724094
v 0.402760 18.541550 -48.830830
v 0.472648 19.089413 -48.543430
v -2.837186 15.091759 -30.539711
v -2.802988 14.999147 -30.948147
v -2.725699 14.956555 -31.016008
v 1.480850 15.639653 -33.580982
v 2.104201 16.245773 -33.359730
v 2.518302 16.649506 -33.349277
v 2.104201 16.427019 -33.249733
v 1.306394 11.032784 33.068909
v 8.657991 8.915299 -23.642103
v 7.779568 9.455147 -24.661413
v 9.644547 9.226177 -22.360258
v 8.933657 9.814913 -24.305021
v 9.854389 8.541167 -22.387650
v 14.246488 9.507208 -17.927217
v 12.469362 9.034410 -19.613691
v 17.850088 11.166629 -17.420416
v 12.436908 9.210518 -20.719868
v 18.222578 14.692253 -19.417271
v 17.401012 13.238688 -19.378334
v 20.085646 14.567225 -17.504835
v 13.770817 10.188986 -20.130880
v 12.335885 9.782001 -21.058142
v 12.454415 9.620920 -20.840744
v 19.224098 13.052320 -17.482439
v 14.038036 9.865219 -19.807232
v 17.847540 12.155662 -18.509405
v 17.021961 11.205723 -18.815910
v 17.070473 12.323442 -18.942404
v 16.595032 11.583951 -18.863312
v 9.242647 6.123270 33.332447
v 9.532403 5.734488 32.360771
v 10.695220 4.351215 30.311451
v 11.212774 3.848087 31.460201
v 11.851993 3.058380 30.629629
v 11.458000 3.504284 29.555544
v 12.434072 2.406000 29.987461
v 12.305383 2.757807 29.279133
g Set blendShape1Set skinCluster1Set tweakSet1
v -0.003132 15.443893 -38.387913
v -1.812410 15.443893 -38.387913
v 1.534859 14.915701 -42.009842
v -0.003132 14.915701 -42.009842
v -1.541123 14.915701 -42.009842
g blendShape1Set skinCluster1Set tweakSet1
v 8.471515 5.594109 29.213770
v 8.312651 5.923183 29.650452
v 8.095883 6.943464 32.319363
v 8.762959 6.169460 31.297670
v 8.001221 6.205399 30.172235
v 6.750393 6.529166 29.746386
v 5.447297 7.526083 30.711676
v 3.745273 7.621615 30.306839
v 1.255217 7.684567 27.125225
v 1.173759 7.824948 27.734264
v 3.932635 5.348167 27.256493
v 0.555460 8.053029 28.894466
v 7.089342 5.900297 28.726555
v 6.514595 7.959263 32.870403
v 3.867120 5.539878 28.651865
v 1.020008 8.015075 28.351316
v 7.316421 13.929859 -30.223721
v 28.937380 -13.450070 -9.313826
v 28.819357 -13.702236 -9.746033
v 14.903776 1.771236 41.682407
v 15.191916 1.500764 39.593372
v 14.800963 2.041177 40.353073
v 16.065899 -0.555357 39.898350
v 16.330809 -1.031100 41.381901
v 16.321507 -1.168702 42.556217
v 15.416224 0.973635 38.820782
v 13.868093 -0.344744 43.663624
v 13.144187 0.310408 44.473938
v 12.782968 0.558043 44.900497
v 12.334146 0.835626 45.420071
v 2.254903 15.438192 -46.150482
v 28.367195 -16.268534 -11.779100
v 28.451344 -16.963854 -11.896739
v 29.433035 -12.149940 -9.403210
v 29.379354 -12.540058 -9.775629
v 12.529522 0.190047 47.867855
v 12.485545 0.461861 46.855011
v 16.068382 -0.632473 43.804497
v 29.279781 -12.709143 -10.651299
v 29.923967 -16.083864 -13.503296
v 29.503914 -15.673930 -14.809203
v 28.252974 -12.943637 -17.748688
v 29.166046 -14.394850 -15.444659
v 27.338381 -11.275623 -19.845711
v 26.294243 -9.344664 -21.859198
v 24.722673 -7.030257 -23.946432
v 28.533527 -15.335288 -11.284304
v 28.586906 -14.588170 -10.945566
v 28.679350 -12.744223 -10.055167
v 29.140051 -13.911882 -9.151118
v 29.275749 -14.150987 -9.069161
v 12.988794 0.279619 46.225471
v 3.766535 15.069283 -42.796070
v 3.945940 15.030265 -42.467628
v 1.801478 15.086738 -46.684757
v 2.322945 15.126926 -46.111755
v 2.815938 15.128271 -45.164978
v 3.137693 15.109794 -44.504360
v 4.103615 15.073629 -42.261227
v 0.545105 16.078253 -47.499096
v 0.218196 16.054276 -47.570606
v 2.822755 16.273300 -43.566525
v 2.825911 16.151136 -44.189968
v 2.780176 15.880888 -44.923138
v 1.911394 15.895474 -46.437534
v 1.458343 15.939810 -47.019978
v 0.966552 16.022400 -47.283642
v 3.087995 16.538340 -42.728939
v 3.526849 15.061188 -43.493629
v 3.596875 15.040983 -43.294617
v 2.495514 15.848660 -45.422768
v 3.090099 16.384691 -41.995415
v 4.500299 15.438762 -41.119366
v 4.481805 15.412081 -40.998596
v 4.309171 15.210835 -41.663143
v 3.739025 15.941389 -41.222633
v 0.142120 14.885105 -48.005020
v 0.688469 14.967180 -47.512882
v 3.374184 15.039470 -43.852859
v 1.351523 15.050826 -47.219757
v 0.058456 14.924009 -48.105450
v 2.115035 15.889382 -46.098347
v 29.678579 -13.006530 -9.010775
v 29.680738 -13.631372 -9.470545
v 29.919571 -14.126813 -9.039786
v 29.819565 -13.368137 -8.635495
v 29.531839 -12.470091 -9.245182
v 29.527613 -12.147672 -8.964811
v 30.515558 -16.058800 -9.981115
v 30.440739 -16.234463 -10.471907
v 30.578623 -16.525240 -9.717605
v 30.642715 -16.248613 -9.283657
v 30.771563 -17.053907 -10.329851
v 30.910336 -16.895718 -9.352683
v 29.695662 -14.206744 -9.895279
v 29.941559 -14.735030 -9.758568
v 30.056484 -14.812372 -9.439349
v 29.734180 -14.299830 -9.565780
v 30.216764 -15.460720 -9.825069
v 30.367725 -15.726260 -9.271016
v 30.065817 -15.195168 -10.379141
v 29.907387 -14.936189 -11.040648
v 30.302896 -15.943660 -11.226239
v 30.388437 -15.868965 -10.678589
v 29.826641 -14.657665 -10.077793
v 29.655346 -14.117422 -10.434803
v 29.447824 -13.147060 -9.895158
v 30.906885 -17.903637 -10.911135
v 31.198902 -18.063822 -9.311871
v 30.616056 -17.742796 -12.510691
v 30.633266 -17.211828 -11.307126
v 29.960157 -19.085220 -12.991623
v 30.428698 -19.310026 -11.667508
v 30.098408 -16.562866 -9.237120
v 30.143215 -16.298260 -8.959857
v 30.341576 -16.871885 -8.912739
v 29.945076 -15.817575 -8.968743
v 30.488705 -18.030151 -8.902489
v 30.536369 -19.222565 -10.306833
v 30.196484 -18.875353 -9.747196
v 29.298903 -14.275229 -9.360101
v 28.953396 -14.106874 -9.484893
v 29.635719 -14.868464 -9.221685
v 29.093109 -14.736274 -9.650762
v 29.444820 -16.998943 -10.037048
v 29.436874 -16.539518 -10.066621
v 28.897301 -16.991203 -11.137798
v 28.775557 -16.516075 -10.896174
v 29.272572 -18.038376 -10.431719
v 29.167257 -18.580917 -10.987945
v 28.663267 -18.184830 -11.764187
v 29.178978 -17.721087 -11.006681
v 28.996702 -17.062344 -10.599247
v 29.106174 -16.527815 -10.481383
v 29.522018 -16.063000 -9.745021
v 29.399855 -15.377555 -9.547469
v 28.854681 -14.937512 -10.126225
v 28.900902 -15.827680 -10.530209
v 29.211456 -15.945334 -10.137617
v 29.093508 -15.326292 -9.917791
v 9.863724 15.665244 -28.238310
v 11.304782 14.522506 -29.451361
v 15.229282 10.812696 -31.915462
v 14.273117 14.666788 -30.249350
v 13.196346 10.436971 -31.468718
v 16.779697 6.407825 -32.325764
v 14.761180 5.543097 -32.017281
v 16.053045 1.448227 -31.954733
v 17.727760 -2.560782 -31.335363
v 10.820207 18.777420 -27.273352
v 10.579072 21.225740 -26.756039
v 7.434253 22.026123 -28.642179
v 6.437709 20.092794 -30.906326
v 12.554727 20.661642 -24.966700
v 20.253887 -7.239695 -28.997524
v 18.915331 -5.166721 -30.240686
v 23.360769 -4.819664 -25.411987
v 22.317186 -5.776968 -28.108742
v 24.306170 0.423868 -17.768930
v 23.141615 1.258426 -21.475666
v 24.013800 -0.281481 -20.396542
v 24.466583 1.082136 -18.034155
v 24.425995 0.595576 -18.063948
v 24.073759 -0.341111 -20.051908
v 25.298100 -2.587590 -17.991514
v 24.085917 -0.550529 -19.868345
v 23.017935 1.171356 -21.565708
v 23.828869 -0.251090 -20.468552
v 29.445955 -13.637165 -11.338078
v 29.178305 -13.089935 -12.678330
v 29.640894 -14.980725 -13.504735
v 29.669117 -14.636519 -11.732151
v 24.900017 -5.594467 -22.093914
v 26.403494 -7.935987 -20.288147
v 27.279510 -9.919639 -18.434265
v 27.220251 -8.835920 -17.230532
v 26.450056 -6.911878 -18.825087
v 23.663565 -3.475979 -23.420698
v 27.202209 -8.072007 -16.139963
v 26.348564 -5.853508 -17.706585
v 24.959362 -4.281486 -20.551163
v 23.634583 -1.914169 -21.947945
v 25.120285 -3.406340 -19.249985
v 23.801966 -1.008527 -20.668333
v 23.623096 -0.548305 -20.907328
v 28.092344 -11.530385 -16.553963
v 28.795546 -12.692553 -14.598265
v 28.497782 -11.667096 -14.398416
v 27.952585 -10.545186 -15.614429
v 28.612123 -11.625769 -13.376311
v 27.909231 -9.991636 -14.625629
v 23.358479 3.130067 -20.251223
v 23.304384 1.558432 -21.749542
v 22.785608 4.714969 -18.934441
v 22.659254 4.125680 -20.682596
v 22.759483 4.849784 -18.698154
v 22.508217 5.064331 -18.987123
v 22.047405 3.599161 -22.594234
v 22.367397 5.036856 -18.972990
v 20.405962 6.916647 -23.722769
v 21.411821 7.383625 -20.444347
v 22.532198 5.592780 -18.709108
v 22.533676 5.187439 -19.119698
v 22.254147 5.286482 -19.967066
v 22.213755 4.653497 -20.754097
v 22.072565 4.298009 -21.077711
v 21.442329 3.954274 -23.476866
v 21.843931 4.051516 -22.517775
v 19.915543 6.452721 -24.430904
v 22.809053 1.248933 -21.856707
v 21.574717 3.407552 -22.571733
v 21.542543 3.553632 -22.692610
v 21.042978 3.577647 -23.925936
v 19.464808 6.540600 -25.076326
v 20.654055 3.785041 -24.714882
v 18.251511 12.757950 -23.729214
v 18.780262 10.321738 -23.740412
v 18.132866 14.302613 -22.883551
v 18.537123 9.721415 -23.995392
v 17.630348 11.718179 -24.177908
v 18.211740 9.889035 -24.797295
v 17.941244 11.220606 -24.636213
v 15.107173 16.956514 -23.511154
v 14.474837 17.590342 -24.453152
v 13.530830 18.694382 -26.489857
v 18.078396 10.183468 -25.650600
v 17.710884 10.799649 -26.918774
v 18.874096 7.303638 -27.075945
v 19.222401 6.834762 -25.877495
v 17.312544 10.925234 -28.292765
v 16.473587 11.055573 -30.062363
v 17.848238 7.130481 -30.276030
v 18.467545 7.319172 -28.499613
v 15.614779 14.758277 -29.101372
v 16.775780 14.392552 -27.424616
v 17.119371 14.449360 -24.033552
v 17.571486 12.053747 -25.206362
v 17.485582 12.003810 -26.380671
v 20.060913 4.297367 -26.878796
v 20.361923 4.116668 -25.722122
v 19.836451 3.893294 -28.166344
v 21.554899 2.320554 -23.528702
v 21.335894 2.169995 -24.296614
v 20.652575 2.497951 -26.448376
v 20.971138 2.332095 -25.407785
v 22.294760 -3.734124 -27.541172
v 22.722969 -2.954275 -25.943705
v 18.286064 2.636720 -32.065182
v 19.305616 3.437560 -30.008509
v 20.006565 -1.422559 -31.046103
v 21.025478 -3.881058 -29.735481
v 21.589357 -2.296329 -28.320154
v 20.566010 0.080609 -29.174522
v 20.909372 1.119069 -27.121693
v 21.951664 -1.224215 -26.606871
v 23.421806 -1.004210 -22.048458
v 23.032103 -2.001984 -24.070488
v 22.368189 1.110380 -22.824121
v 21.984186 0.956094 -23.894030
v 22.547943 -0.137237 -23.568964
v 22.286560 -0.611014 -24.898922
v 21.527172 0.907824 -25.312267
v 2.541634 18.446228 -46.203373
v 2.990338 18.457596 -45.892879
v 4.371089 15.571163 -40.764889
v 4.495005 15.695532 -40.732468
v 4.301661 15.375789 -41.256248
v 4.098711 15.530745 -41.877815
v 3.765294 15.436160 -42.453362
v 3.787155 15.423818 -42.798840
v 3.643145 15.380559 -43.287563
v 3.570823 15.377719 -43.485825
v 3.433246 15.373318 -43.852161
v 3.156692 15.317379 -44.582756
v 2.827921 15.294977 -45.253345
v 2.292970 15.417727 -46.075668
v 1.767774 15.418897 -46.614788
v 1.292809 15.387204 -47.127583
v 0.729406 15.490730 -47.813686
v 0.507554 15.375516 -47.882133
v 0.260344 15.641946 -48.162315
v 3.046660 16.175707 -39.135662
v 3.769392 16.083836 -42.821037
v 3.621385 16.072453 -43.267868
v 3.461941 16.059479 -43.880409
v 3.238648 16.034367 -44.605808
v 2.935585 16.007675 -45.309917
v 2.467153 15.964442 -46.068634
v 1.950548 15.886230 -46.622768
v 1.490515 15.795964 -47.126728
v 0.953913 15.874368 -47.522251
v 0.690416 15.926862 -47.751801
v 4.344387 16.332470 -40.417480
v 4.234975 16.185827 -41.086819
v 4.045751 16.123669 -41.795433
v 3.949379 16.105368 -42.323490
v 1.189772 19.170170 -35.980751
v 0.280059 15.962501 -47.915726
v 3.638826 16.614254 -42.795265
v 3.469403 16.606247 -43.312241
v 3.272196 16.583273 -43.953651
v 3.005764 16.543827 -44.670521
v 2.699067 16.495661 -45.394794
v 2.294870 16.418285 -46.116512
v 1.871812 16.293085 -46.729939
v 1.568831 16.128448 -47.218624
v 1.142021 16.270739 -47.409069
v 0.769992 16.370939 -47.589642
v 4.445133 16.780378 -40.111263
v 4.326721 16.692471 -40.993240
v 4.031085 16.644638 -41.706665
v 3.827374 16.620770 -42.291443
v 2.139208 18.888462 -36.005203
v 0.413009 16.433859 -47.692154
v 2.964394 16.946745 -42.747059
v 2.849751 16.940001 -43.300095
v 2.663885 16.894199 -43.960072
v 2.445659 16.826860 -44.674473
v 2.171445 16.740396 -45.397781
v 1.822273 16.543108 -46.123756
v 1.389341 16.482716 -46.968128
v 4.119504 17.350218 -39.866100
v 3.859068 17.203974 -40.676510
v 3.378688 17.040154 -41.612049
v 3.126069 16.971735 -42.212307
v 2.000198 17.098965 -42.728432
v 1.932937 17.062145 -43.315536
v 1.816366 17.014097 -43.976307
v 1.654586 16.944086 -44.689270
v 1.463566 16.804119 -45.416367
v 1.242904 16.670183 -46.155972
v 0.880284 16.602226 -47.245892
v 2.139208 17.655724 -39.767780
v 2.197704 17.468363 -40.562748
v 2.121994 17.262741 -41.566639
v 2.064427 17.151726 -42.167862
v 1.090099 17.141273 -42.704571
v 1.082123 17.103237 -43.311237
v 1.003696 17.061949 -43.977734
v 0.875414 16.969229 -44.702023
v 0.758808 16.803617 -45.429771
v 0.722837 16.710163 -46.181381
v 0.481731 16.693018 -47.367058
v 1.189772 17.527689 -39.724770
v 1.144177 17.393999 -40.510601
v 1.100354 17.236242 -41.436237
v 1.101475 17.165478 -42.105751
v 4.119504 18.055307 -36.079662
v 4.445133 16.856680 -38.425262
v 4.511904 16.422411 -38.763245
v 4.432880 15.549467 -39.622730
v 4.495005 15.771833 -39.046486
v 4.371089 15.647466 -39.078888
v 0.000199 14.331534 -38.339668
v -2.143701 14.332830 -38.311035
v -3.046263 15.227692 -38.579529
v -3.645862 15.705109 -38.917217
v -3.046263 16.175707 -39.135662
v 0.060087 9.170450 36.017166
v 0.069848 9.092463 36.013683
v 0.061014 9.032830 36.001537
v 0.000199 19.333227 -35.989922
v 0.099714 16.070726 -47.641365
v 0.100644 16.189821 -47.589890
v 4.643463 15.399921 -40.566277
v 4.498914 15.034582 -40.830711
v 4.357275 14.831850 -41.344597
v 4.116402 14.827291 -42.210323
v 3.711276 14.762456 -43.251747
v 3.435974 14.739191 -43.944557
v 3.047169 14.730556 -44.896908
v 2.655871 14.792323 -45.538086
v 2.226843 14.897108 -46.105072
v 1.876868 15.037360 -46.567951
v 1.307092 15.277236 -47.155186
v 0.940145 15.371161 -47.399845
v 0.644961 15.389545 -47.526562
v 0.404416 15.373544 -47.569809
v 0.185503 15.364311 -47.607670
v 3.046660 16.099405 -40.821663
v 3.646259 15.628807 -40.603199
v 3.940072 14.117640 -40.127693
v 2.855676 13.691907 -40.008934
v 1.413256 13.383765 -39.906353
v 4.058887 14.243553 -39.231014
v 2.948144 13.679117 -39.025570
v 1.449455 13.348530 -38.750519
v -1.189375 19.170170 -35.980751
v 0.742574 18.619200 -32.148731
v 0.494383 18.944872 -48.376179
v 0.448427 19.066952 -48.318939
v 0.410575 19.083796 -48.307423
v 0.328788 19.047672 -48.313393
v 0.286758 18.901115 -48.370937
v 0.316048 18.747513 -48.439674
v 0.384638 18.723192 -48.457905
v 0.456009 18.769999 -48.446190
v 0.488229 18.864426 -48.409706
v 1.334764 18.487608 -32.264816
v 2.583339 18.095659 -32.583607
v 2.902657 17.583271 -32.788677
v 3.044388 17.276220 -32.984829
v 3.114255 16.908722 -33.029804
v 3.104490 16.739868 -33.393234
v 3.018911 16.684439 -33.462566
v -0.001014 15.650776 -33.597351
v -1.480471 15.639653 -33.580982
v 0.254333 19.276075 -48.611565
v 0.458188 19.473902 -48.449402
v 0.647009 19.187187 -48.464043
v 0.696490 18.975349 -48.546955
v 0.686002 18.801262 -48.635654
v 0.616034 18.547913 -48.760506
v 0.473428 18.425678 -48.850327
v 0.238178 18.527868 -48.879147
v 0.136485 18.936827 -48.783867
v 12.591772 22.297234 -22.865602
v 11.508109 23.146387 -23.362362
v 9.882501 24.322739 -24.658796
v 8.558527 25.137506 -25.427925
v 0.281312 16.028833 -47.452168
v 0.566633 16.011967 -47.360828
v 2.470096 15.880888 -44.923138
v 2.515830 16.151136 -44.189968
v 1.363560 15.888700 -46.830696
v 1.601313 15.861729 -46.436005
v 0.962761 15.940762 -47.110355
v 2.512657 16.273300 -43.566525
v 2.777897 16.538340 -42.728939
v 2.185433 15.810397 -45.421036
v 2.780001 16.384691 -41.995415
v 1.804954 15.851119 -46.096615
v 0.122777 16.179033 -47.495834
v 2.736580 16.088690 -41.058456
v 2.470096 14.610944 -44.865665
v 2.515830 14.585927 -44.119133
v 1.283082 14.810565 -46.776428
v 1.601313 14.861692 -46.390747
v 2.512657 14.591078 -43.490395
v 2.777897 14.573254 -42.640007
v 2.185433 14.590711 -45.365837
v 2.780001 14.652299 -41.917011
v 1.804954 14.713336 -46.045120
v 3.046660 15.151390 -40.265530
v 2.736580 15.128211 -40.777710
v 1.567534 14.397105 -44.856846
v 1.613251 14.247502 -44.125031
v 0.982169 14.813152 -46.966232
v 0.962186 14.705189 -46.309650
v 1.610096 14.147358 -43.504284
v 1.875335 13.987458 -42.668873
v 1.282871 14.460882 -45.353329
v 1.877439 13.944386 -41.942844
v 1.093570 14.623129 -45.999241
v 2.144099 14.256528 -39.997040
v 1.834001 14.222906 -40.739971
v 0.333471 14.869059 -47.156223
v 0.668723 14.859134 -47.073090
v 0.205610 14.871105 -47.173443
v 1.334764 16.342258 -28.926151
v -4.370691 15.571163 -40.764889
v -4.494625 15.695532 -40.732468
v -4.432501 15.498975 -40.738430
v -4.511524 16.371918 -39.878941
v -4.444754 16.831030 -38.992035
v -4.119107 17.400869 -38.746876
v -2.138811 17.706375 -38.648552
v -1.189375 17.578341 -38.605541
v -2.138811 18.888462 -36.005203
v 0.000199 17.741398 -38.614708
v -3.046263 16.099405 -40.821663
v -3.645862 15.628807 -40.603199
v -3.046263 15.151390 -40.265530
v -2.143701 14.256528 -39.997040
v 0.000199 14.255232 -40.025669
v 4.371089 15.571163 -40.764889
v 4.495005 15.695532 -40.732468
v 4.432880 15.498975 -40.738430
v 4.511904 16.371918 -39.878941
v 4.445133 16.831030 -38.992035
v 4.119504 17.400869 -38.746876
v 2.139208 17.706375 -38.648552
v 1.189772 17.578341 -38.605541
v -4.119107 18.055307 -36.079662
v 3.046660 16.099405 -40.821663
v 3.646259 15.628807 -40.603199
v 3.046660 15.151390 -40.265530
v 2.144099 14.256528 -39.997040
v -4.370691 15.647466 -39.078888
v -4.494625 15.771833 -39.046486
v -4.432501 15.549467 -39.622730
v -4.511524 16.422411 -38.763245
v -4.444754 16.856680 -38.425262
v 0.000063 15.154840 -48.374729
v -3.288427 16.511585 -30.999626
v 3.397743 16.511585 -30.999626
v -2.352805 17.503927 -30.861952
v -1.177606 17.771059 -30.843451
v -0.002422 17.950584 -30.640614
v 1.172761 17.771063 -30.843460
v 2.347945 17.503931 -30.861969
g Set blendShape1Set skinCluster1Set tweakSet1
v -2.197500 18.023233 -34.705132
v -1.304369 18.319426 -34.718536
v -0.003132 18.587126 -34.730652
v 1.298105 18.319426 -34.718536
v 2.180472 18.023233 -34.705132
v -2.197500 17.425486 -38.700569
v -1.304369 17.729630 -38.728802
v -0.003132 18.004498 -38.754326
v 1.298105 17.729630 -38.728802
v 2.180472 17.425486 -38.700569
v -1.967617 16.918043 -44.238441
v -1.208438 17.603500 -44.362389
v -0.003132 17.794142 -44.336403
v 1.202174 17.603500 -44.362389
v 1.939476 16.918043 -44.238441
v -1.179720 16.201584 -45.315308
v -0.660134 16.505785 -45.211464
v -0.003132 16.747709 -45.480503
v 0.660606 16.513840 -45.225307
v 1.160264 16.200699 -45.315845
v -0.272261 15.539113 -45.523468
v -0.141773 15.504001 -45.620861
v -0.003132 15.504001 -45.620861
v 0.135509 15.504001 -45.620861
v 0.265997 15.539113 -45.523468
v -2.583621 14.782738 -42.197098
v 2.577357 14.782738 -42.197098
v -3.542507 15.484440 -38.457775
v 3.536243 15.484440 -38.457775
v -3.956713 16.111177 -34.623585
vt 0.028844 0.029690
vt 0.064334 0.178268
vt 0.048618 0.170292
vt 0.055405 0.026284
vt 0.068212 0.027435
vt 0.037349 0.127320
vt 0.047240 0.123195
vt 0.046191 0.141570
vt 0.173379 0.086497
vt 0.157231 0.085532
vt 0.143692 0.084683
vt 0.149267 0.043481
vt 0.143698 0.053667
vt 0.131280 0.084239
vt 0.128740 0.042776
vt 0.127097 0.054444
vt 0.120177 0.084105
vt 0.162035 0.043888
vt 0.157885 0.054210
vt 0.171729 0.056484
vt 0.172444 0.048025
vt 0.188785 0.053092
vt 0.204153 0.057043
vt 0.242253 0.167809
vt 0.073685 0.201245
vt 0.071306 0.218261
vt 0.198378 0.198258
vt 0.198839 0.209189
vt 0.180746 0.160084
vt 0.163889 0.164688
vt 0.139916 0.134172
vt 0.188898 0.210611
vt 0.167103 0.193017
vt 0.155372 0.180127
vt 0.147307 0.168015
vt 0.133619 0.146204
vt 0.126944 0.136167
vt 0.147490 0.220145
vt 0.142174 0.197654
vt 0.135522 0.182585
vt 0.130112 0.169709
vt 0.119865 0.147848
vt 0.114917 0.137188
vt 0.102752 0.140056
vt 0.182438 0.189150
vt 0.172204 0.176397
vt 0.187643 0.170983
vt 0.192599 0.182088
vt 0.218816 0.125689
vt 0.236684 0.114211
vt 0.224282 0.162512
vt 0.238377 0.171485
vt 0.190182 0.045156
vt 0.190518 0.046198
vt 0.069244 0.027525
vt 0.095240 0.127186
vt 0.171800 0.036208
vt 0.167277 0.039274
vt 0.169669 0.028790
vt 0.172023 0.029540
vt 0.132857 0.121520
vt 0.132954 0.110270
vt 0.165799 0.025452
vt 0.163450 0.028791
vt 0.121727 0.110890
vt 0.121830 0.122964
vt 0.130347 0.021752
vt 0.129930 0.026207
vt 0.102093 0.125183
vt 0.111256 0.111226
vt 0.111141 0.124069
vt 0.231131 0.100332
vt 0.228090 0.096944
vt 0.222474 0.075871
vt 0.203268 0.049458
vt 0.203397 0.048107
vt 0.106632 0.148873
vt 0.081256 0.151637
vt 0.065763 0.141670
vt 0.091363 0.141022
vt 0.094211 0.149049
vt 0.368124 0.259621
vt 0.379867 0.434680
vt 0.376834 0.419638
vt 0.372783 0.411331
vt 0.374836 0.398300
vt 0.367847 0.449043
vt 0.365203 0.424265
vt 0.364679 0.435223
vt 0.347607 0.403512
vt 0.320433 0.400893
vt 0.300771 0.400722
vt 0.213074 0.350865
vt 0.214842 0.363377
vt 0.299042 0.379910
vt 0.322176 0.378736
vt 0.356748 0.379765
vt 0.380951 0.378902
vt 0.371949 0.380716
vt 0.354023 0.433518
vt 0.345906 0.439616
vt 0.336688 0.443357
vt 0.340299 0.458243
vt 0.339536 0.454724
vt 0.334089 0.250450
vt 0.359147 0.445981
vt 0.360495 0.453411
vt 0.349878 0.453655
vt 0.349058 0.447079
vt 0.317754 0.247175
vt 0.319279 0.461311
vt 0.321855 0.456368
vt 0.319444 0.443680
vt 0.312104 0.445746
vt 0.317839 0.452808
vt 0.317802 0.455343
vt 0.316292 0.459313
vt 0.313724 0.456377
vt 0.315593 0.252985
vt 0.313838 0.248195
vt 0.321059 0.262390
vt 0.328803 0.264003
vt 0.297084 0.459205
vt 0.296824 0.455280
vt 0.295690 0.443051
vt 0.288464 0.444410
vt 0.294365 0.450656
vt 0.294662 0.454893
vt 0.291695 0.458350
vt 0.292033 0.454093
vt 0.279441 0.456564
vt 0.278510 0.451772
vt 0.273667 0.441119
vt 0.268071 0.441866
vt 0.272521 0.449471
vt 0.272576 0.454723
vt 0.270303 0.453575
vt 0.269764 0.449720
vt 0.275560 0.250251
vt 0.273597 0.248848
vt 0.257677 0.452008
vt 0.258269 0.447883
vt 0.255014 0.449441
vt 0.252865 0.450630
vt 0.238659 0.247326
vt 0.237881 0.448367
vt 0.237389 0.442158
vt 0.236235 0.445895
vt 0.233811 0.447533
vt 0.233749 0.443659
vt 0.236245 0.249902
vt 0.232737 0.247637
vt 0.342330 0.427068
vt 0.321110 0.430114
vt 0.297867 0.429641
vt 0.323916 0.435901
vt 0.331781 0.434856
vt 0.326342 0.445194
vt 0.304186 0.437643
vt 0.312490 0.437894
vt 0.302266 0.445455
vt 0.281164 0.436225
vt 0.289236 0.436805
vt 0.278483 0.443490
vt 0.363366 0.407381
vt 0.351636 0.419438
vt 0.207100 0.249744
vt 0.206715 0.254792
vt 0.211778 0.445594
vt 0.211225 0.441951
vt 0.211634 0.433703
vt 0.210291 0.439626
vt 0.209717 0.443271
vt 0.205234 0.252814
vt 0.205444 0.257057
vt 0.192344 0.400035
vt 0.193125 0.365300
vt 0.175795 0.367738
vt 0.175370 0.352032
vt 0.191916 0.351397
vt 0.207766 0.441760
vt 0.207168 0.445104
vt 0.202390 0.249482
vt 0.276600 0.399842
vt 0.260794 0.440493
vt 0.255073 0.444656
vt 0.254184 0.446840
vt 0.250815 0.438916
vt 0.255815 0.437692
vt 0.238530 0.444831
vt 0.236455 0.435359
vt 0.275708 0.428134
vt 0.268713 0.434892
vt 0.261982 0.434148
vt 0.242141 0.437816
vt 0.211655 0.398844
vt 0.242476 0.431456
vt 0.255980 0.426747
vt 0.249790 0.432382
vt 0.229850 0.436740
vt 0.218376 0.436303
vt 0.213107 0.423313
vt 0.235662 0.424130
vt 0.228358 0.430317
vt 0.219976 0.430025
vt 0.187277 0.250484
vt 0.186735 0.255531
vt 0.195390 0.444485
vt 0.195044 0.441032
vt 0.193142 0.433394
vt 0.187919 0.435737
vt 0.194022 0.439415
vt 0.194109 0.443249
vt 0.192536 0.444971
vt 0.193170 0.441335
vt 0.185737 0.252467
vt 0.183990 0.249981
vt 0.185658 0.257262
vt 0.183123 0.254914
vt 0.202552 0.254815
vt 0.200606 0.264966
vt 0.190653 0.264847
vt 0.198986 0.429278
vt 0.205784 0.429260
vt 0.205259 0.435155
vt 0.198086 0.434895
vt 0.166012 0.251102
vt 0.166374 0.255720
vt 0.178008 0.445523
vt 0.176862 0.442666
vt 0.174344 0.435439
vt 0.175697 0.440932
vt 0.175861 0.444681
vt 0.163718 0.252620
vt 0.163502 0.257254
vt 0.160291 0.249699
vt 0.173115 0.447162
vt 0.172811 0.443579
vt 0.173234 0.402722
vt 0.141436 0.247093
vt 0.157072 0.451461
vt 0.137877 0.255353
vt 0.156883 0.446733
vt 0.152475 0.439777
vt 0.157013 0.437849
vt 0.162111 0.438560
vt 0.159000 0.448366
vt 0.157666 0.443874
vt 0.161202 0.444739
vt 0.160988 0.449838
vt 0.143197 0.250886
vt 0.145182 0.248404
vt 0.142668 0.256588
vt 0.155572 0.261931
vt 0.152003 0.261897
vt 0.148438 0.254768
vt 0.157658 0.255120
vt 0.126951 0.250269
vt 0.127078 0.256546
vt 0.144558 0.450227
vt 0.144576 0.445481
vt 0.140475 0.444277
vt 0.140720 0.448150
vt 0.136282 0.448454
vt 0.136898 0.444588
vt 0.122934 0.253313
vt 0.122424 0.259327
vt 0.179027 0.436931
vt 0.174530 0.425479
vt 0.193319 0.423601
vt 0.187215 0.429970
vt 0.180298 0.430766
vt 0.162361 0.433176
vt 0.168650 0.432160
vt 0.169282 0.437642
vt 0.117816 0.252746
vt 0.117635 0.258910
vt 0.129650 0.445110
vt 0.123289 0.442154
vt 0.266033 0.376900
vt 0.258063 0.376834
vt 0.257159 0.388103
vt 0.256995 0.399271
vt 0.237672 0.397169
vt 0.282611 0.379428
vt 0.266146 0.387572
vt 0.319889 0.249956
vt 0.334101 0.252458
vt 0.333286 0.254957
vt 0.319212 0.252899
vt 0.761691 0.494235
vt 0.812010 0.403397
vt 0.813240 0.349540
vt 0.813186 0.282504
vt 0.810850 0.213918
vt 0.802230 0.145350
vt 0.818724 0.135522
vt 0.806276 0.165160
vt 0.804307 0.170936
vt 0.796169 0.143316
vt 0.792350 0.145032
vt 0.806267 0.179125
vt 0.787834 0.149744
vt 0.776785 0.135171
vt 0.810651 0.212160
vt 0.809646 0.192193
vt 0.837351 0.194401
vt 0.823733 0.203173
vt 0.847944 0.211401
vt 0.825266 0.212479
vt 0.827238 0.223085
vt 0.810950 0.215459
vt 0.813130 0.281060
vt 0.812418 0.236640
vt 0.842798 0.239775
vt 0.825892 0.273579
vt 0.854801 0.268837
vt 0.830400 0.279907
vt 0.827126 0.290741
vt 0.847258 0.297189
vt 0.813218 0.283993
vt 0.813004 0.307057
vt 0.812567 0.347140
vt 0.813664 0.328081
vt 0.849519 0.325101
vt 0.827239 0.339164
vt 0.855865 0.345497
vt 0.831597 0.349489
vt 0.825937 0.361248
vt 0.812476 0.352047
vt 0.784646 0.216633
vt 0.767995 0.211980
vt 0.785005 0.218406
vt 0.768030 0.213766
vt 0.767935 0.215711
vt 0.784771 0.220379
vt 0.785491 0.238754
vt 0.768195 0.242944
vt 0.785048 0.286432
vt 0.768461 0.283077
vt 0.785227 0.288242
vt 0.768490 0.285040
vt 0.768418 0.286928
vt 0.785088 0.290085
vt 0.785089 0.308451
vt 0.767946 0.308734
vt 0.785016 0.328914
vt 0.767479 0.328854
vt 0.785627 0.350298
vt 0.767416 0.346893
vt 0.785824 0.352499
vt 0.767355 0.349248
vt 0.767210 0.351737
vt 0.785599 0.355054
vt 0.787785 0.406141
vt 0.759395 0.145469
vt 0.768166 0.141605
vt 0.763388 0.159465
vt 0.779211 0.156578
vt 0.767385 0.192966
vt 0.766107 0.175959
vt 0.782505 0.175827
vt 0.784175 0.192228
vt 0.809832 0.424199
vt 0.809475 0.426119
vt 0.787646 0.428954
vt 0.787839 0.431052
vt 0.825139 0.414081
vt 0.787453 0.432600
vt 0.784305 0.449249
vt 0.763708 0.481706
vt 0.767226 0.448137
vt 0.768000 0.428825
vt 0.768476 0.427159
vt 0.768716 0.405724
vt 0.768406 0.425139
vt 0.137745 0.868934
vt 0.138007 0.877059
vt 0.124763 0.868974
vt 0.125026 0.877163
vt 0.259020 0.820599
vt 0.256447 0.807284
vt 0.252914 0.795317
vt 0.129155 0.830640
vt 0.259731 0.835035
vt 0.282948 0.851139
vt 0.280256 0.851142
vt 0.288709 0.858680
vt 0.287722 0.858390
vt 0.276452 0.861499
vt 0.277975 0.861518
vt 0.285193 0.800440
vt 0.270957 0.804206
vt 0.282961 0.787373
vt 0.268335 0.790887
vt 0.280362 0.774100
vt 0.289514 0.840205
vt 0.289909 0.840064
vt 0.289468 0.839152
vt 0.289046 0.839905
vt 0.285294 0.863398
vt 0.286246 0.863920
vt 0.133429 0.906801
vt 0.130317 0.917222
vt 0.122623 0.906492
vt 0.137297 0.885952
vt 0.135659 0.895413
vt 0.124491 0.885402
vt 0.123744 0.894758
vt 0.275615 0.861938
vt 0.289576 0.838302
vt 0.289925 0.834692
vt 0.290701 0.839132
vt 0.292225 0.837619
vt 0.289684 0.858822
vt 0.291631 0.858765
vt 0.287012 0.864425
vt 0.289297 0.864598
vt 0.313032 0.906872
vt 0.286424 0.870607
vt 0.284375 0.868908
vt 0.278079 0.872667
vt 0.280055 0.873718
vt 0.280998 0.876169
vt 0.277218 0.874851
vt 0.276528 0.871574
vt 0.276555 0.869653
vt 0.277424 0.868790
vt 0.278168 0.868797
vt 0.289864 0.851884
vt 0.289393 0.843680
vt 0.290837 0.852499
vt 0.290815 0.845054
vt 0.291560 0.852615
vt 0.291976 0.844436
vt 0.293864 0.851652
vt 0.293882 0.843547
vt 0.275428 0.872259
vt 0.274551 0.870985
vt 0.273294 0.862662
vt 0.210131 0.809492
vt 0.209913 0.806580
vt 0.243326 0.823040
vt 0.312027 0.919162
vt 0.296768 0.931030
vt 0.244865 0.852300
vt 0.258817 0.849153
vt 0.245888 0.863291
vt 0.292693 0.824670
vt 0.299459 0.917616
vt 0.304582 0.857031
vt 0.305712 0.848711
vt 0.304578 0.841167
vt 0.302428 0.834809
vt 0.300649 0.827818
vt 0.298002 0.822298
vt 0.279725 0.850873
vt 0.278849 0.850292
vt 0.269157 0.847454
vt 0.139242 0.917552
vt 0.143470 0.907212
vt 0.146411 0.895357
vt 0.147689 0.886326
vt 0.147455 0.876197
vt 0.227881 0.813230
vt 0.227314 0.824334
vt 0.241656 0.810087
vt 0.226608 0.806754
vt 0.147202 0.868010
vt 0.161471 0.866375
vt 0.158564 0.862596
vt 0.284067 0.840810
vt 0.287792 0.836614
vt 0.285687 0.843057
vt 0.288023 0.839709
vt 0.286041 0.843829
vt 0.288075 0.840740
vt 0.288306 0.840912
vt 0.286488 0.844211
vt 0.295973 0.817456
vt 0.287680 0.812004
vt 0.289853 0.818988
vt 0.274507 0.818301
vt 0.282883 0.821654
vt 0.285748 0.827808
vt 0.276601 0.832879
vt 0.299737 0.834853
vt 0.296220 0.835710
vt 0.295265 0.828660
vt 0.292208 0.831648
vt 0.286363 0.832017
vt 0.287167 0.834135
vt 0.280709 0.837148
vt 0.282268 0.839517
vt 0.274408 0.849400
vt 0.276351 0.849364
vt 0.270775 0.862682
vt 0.271851 0.871710
vt 0.276234 0.877627
vt 0.279893 0.879017
vt 0.283919 0.878613
vt 0.296671 0.873807
vt 0.289041 0.872176
vt 0.300221 0.866320
vt 0.293461 0.866093
vt 0.302267 0.857582
vt 0.295230 0.858449
vt 0.295763 0.842406
vt 0.303005 0.840765
vt 0.304463 0.848104
vt 0.296431 0.850209
vt 0.259236 0.864682
vt 0.263979 0.860488
vt 0.268811 0.863165
vt 0.286608 0.882094
vt 0.280547 0.882735
vt 0.267779 0.873305
vt 0.269338 0.873674
vt 0.275391 0.881401
vt 0.273133 0.882146
vt 0.255080 0.867698
vt 0.244467 0.837395
vt 0.227730 0.839526
vt 0.228067 0.845767
vt 0.230574 0.855050
vt 0.254786 0.871604
vt 0.250625 0.876858
vt 0.233359 0.876542
vt 0.245527 0.876237
vt 0.244248 0.863122
vt 0.244916 0.868825
vt 0.230400 0.856911
vt 0.231203 0.865933
vt 0.260437 0.876314
vt 0.255183 0.879434
vt 0.249543 0.907960
vt 0.237863 0.889386
vt 0.247058 0.884766
vt 0.261763 0.922356
vt 0.281769 0.923883
vt 0.276412 0.935275
vt 0.267417 0.888324
vt 0.256438 0.900726
vt 0.262968 0.893624
vt 0.273609 0.903996
vt 0.267960 0.913388
vt 0.294635 0.771712
vt 0.309370 0.767991
vt 0.296516 0.785303
vt 0.309529 0.783600
vt 0.298574 0.798370
vt 0.310328 0.796517
vt 0.300109 0.811018
vt 0.310586 0.808265
vt 0.303231 0.819684
vt 0.312216 0.817542
vt 0.305615 0.827000
vt 0.313342 0.825749
vt 0.306892 0.834086
vt 0.314135 0.833316
vt 0.307670 0.840867
vt 0.314722 0.840856
vt 0.307874 0.848561
vt 0.315248 0.849042
vt 0.306912 0.857365
vt 0.314983 0.857022
vt 0.302197 0.905870
vt 0.279300 0.884538
vt 0.286314 0.912479
vt 0.286999 0.883576
vt 0.295409 0.882243
vt 0.290119 0.902321
vt 0.278413 0.894626
vt 0.285978 0.892196
vt 0.292796 0.893955
vt 0.292855 0.946108
vt 0.302027 0.866962
vt 0.296200 0.879953
vt 0.298236 0.874774
vt 0.237037 0.799889
vt 0.211758 0.801751
vt 0.151370 0.843143
vt 0.158770 0.846964
vt 0.223467 0.759792
vt 0.252149 0.752982
vt 0.277254 0.761333
vt 0.273872 0.749529
vt 0.294085 0.759439
vt 0.292293 0.747942
vt 0.309255 0.756752
vt 0.304090 0.746075
vt 0.135770 0.813368
vt 0.165191 0.816280
vt 0.249358 0.784551
vt 0.264812 0.777937
vt 0.225381 0.768642
vt 0.257389 0.764867
vt 0.137385 0.821725
vt 0.167082 0.826701
vt 0.237168 0.788810
vt 0.215132 0.793645
vt 0.217528 0.787136
vt 0.223586 0.776150
vt 0.242671 0.776546
vt 0.235540 0.782192
vt 0.165990 0.835082
vt 0.162417 0.843019
vt 0.142538 0.836937
vt 0.150482 0.832913
vt 0.154530 0.839378
vt 0.217079 0.773332
vt 0.205601 0.785763
vt 0.198668 0.759216
vt 0.744525 0.932399
vt 0.742960 0.779289
vt 0.742045 0.802120
vt 0.720648 0.778440
vt 0.719368 0.800909
vt 0.659964 0.774558
vt 0.658562 0.797380
vt 0.608960 0.804525
vt 0.741894 0.824676
vt 0.741651 0.846740
vt 0.718458 0.823201
vt 0.717732 0.844554
vt 0.659147 0.820404
vt 0.661201 0.840575
vt 0.641692 0.841930
vt 0.637250 0.821472
vt 0.614473 0.825877
vt 0.621465 0.844786
vt 0.741506 0.863741
vt 0.718053 0.861757
vt 0.665352 0.873827
vt 0.663872 0.857403
vt 0.650333 0.872835
vt 0.646482 0.858062
vt 0.629390 0.860676
vt 0.635832 0.873900
vt 0.745838 0.685891
vt 0.745101 0.708433
vt 0.724812 0.708795
vt 0.726166 0.686714
vt 0.675061 0.682988
vt 0.669574 0.703645
vt 0.637310 0.679697
vt 0.744266 0.735095
vt 0.743594 0.757488
vt 0.721925 0.755942
vt 0.723342 0.732863
vt 0.665419 0.728982
vt 0.661046 0.751891
vt 0.620688 0.724695
vt 0.661387 0.584884
vt 0.688100 0.566323
vt 0.746353 0.547758
vt 0.578100 0.800118
vt 0.613039 0.668298
vt 0.600495 0.712496
vt 0.905997 0.102219
vt 0.937049 0.363255
vt 0.947718 0.213932
vt 0.953187 0.273532
vt 0.588777 0.803755
vt 0.584209 0.802332
vt 0.607707 0.721538
vt 0.601511 0.713553
vt 0.625957 0.678634
vt 0.614495 0.669989
vt 0.666714 0.604391
vt 0.664587 0.587726
vt 0.694423 0.582549
vt 0.691921 0.570056
vt 0.749849 0.559958
vt 0.747122 0.548479
vt 0.759083 0.558479
vt 0.941411 0.279593
vt 0.928834 0.223433
vt 0.881990 0.456156
vt 0.880108 0.465060
vt 0.867929 0.469550
vt 0.771953 0.030693
vt 0.768572 0.549569
vt 0.751271 0.056653
vt 0.752792 0.059462
vt 0.634198 0.687602
vt 0.623143 0.685294
vt 0.609027 0.667966
vt 0.611076 0.669403
vt 0.952561 0.213377
vt 0.946531 0.187660
vt 0.946418 0.209380
vt 0.927203 0.215493
vt 0.613981 0.666887
vt 0.616048 0.648332
vt 0.615572 0.667285
vt 0.621911 0.651226
vt 0.628701 0.671929
vt 0.637052 0.656291
vt 0.643876 0.688999
vt 0.647860 0.680592
vt 0.659131 0.681123
vt 0.660952 0.663195
vt 0.650090 0.671825
vt 0.640930 0.671283
vt 0.646874 0.660502
vt 0.915071 0.234451
vt 0.932746 0.228712
vt 0.912057 0.214660
vt 0.910744 0.226700
vt 0.886647 0.226253
vt 0.617748 0.733029
vt 0.615917 0.744611
vt 0.604901 0.725581
vt 0.596266 0.740286
vt 0.594040 0.714499
vt 0.597066 0.716592
vt 0.592887 0.734616
vt 0.587537 0.733322
vt 0.956652 0.278991
vt 0.952289 0.301132
vt 0.955510 0.231707
vt 0.954065 0.271648
vt 0.939330 0.271898
vt 0.933583 0.244012
vt 0.599625 0.711509
vt 0.599757 0.681460
vt 0.600335 0.711600
vt 0.607187 0.683286
vt 0.611207 0.715628
vt 0.619071 0.692129
vt 0.629396 0.736861
vt 0.633081 0.727528
vt 0.646797 0.727989
vt 0.632131 0.695706
vt 0.649231 0.699037
vt 0.634929 0.718238
vt 0.624230 0.716624
vt 0.922673 0.294168
vt 0.943017 0.289135
vt 0.944462 0.308041
vt 0.904487 0.314374
vt 0.900728 0.263678
vt 0.920021 0.272744
vt 0.919234 0.283603
vt 0.893481 0.289788
vt 0.613070 0.753473
vt 0.600369 0.746447
vt 0.589445 0.745385
vt 0.589656 0.745479
vt 0.948384 0.312365
vt 0.933389 0.312958
vt 0.915789 0.329887
vt 0.950388 0.313441
vt 0.954345 0.320445
vt 0.937709 0.322227
vt 0.579750 0.753552
vt 0.586308 0.745798
vt 0.581928 0.753460
vt 0.587843 0.747515
vt 0.596978 0.765303
vt 0.596777 0.753666
vt 0.611242 0.764085
vt 0.609904 0.778699
vt 0.622435 0.780905
vt 0.625135 0.768823
vt 0.639935 0.772204
vt 0.634324 0.795177
vt 0.637111 0.749331
vt 0.625346 0.757299
vt 0.935300 0.331504
vt 0.923424 0.364338
vt 0.890575 0.363856
vt 0.914845 0.341611
vt 0.918644 0.315543
vt 0.891718 0.338249
vt 0.898962 0.173167
vt 0.934018 0.166520
vt 0.940400 0.167641
vt 0.916045 0.170939
vt 0.626465 0.633960
vt 0.632457 0.634378
vt 0.633822 0.636636
vt 0.629105 0.637355
vt 0.644723 0.642341
vt 0.640743 0.648378
vt 0.649632 0.651757
vt 0.916801 0.180741
vt 0.916741 0.193832
vt 0.889397 0.200663
vt 0.902843 0.182663
vt 0.872487 0.183375
vt 0.657445 0.653859
vt 0.661262 0.611456
vt 0.649951 0.602365
vt 0.651251 0.602817
vt 0.918819 0.120929
vt 0.885913 0.118655
vt 0.912106 0.125581
vt 0.920663 0.127621
vt 0.646463 0.602369
vt 0.651999 0.605348
vt 0.647704 0.604063
vt 0.652338 0.606013
vt 0.665386 0.617694
vt 0.656087 0.619876
vt 0.658981 0.615357
vt 0.670989 0.619620
vt 0.679243 0.611795
vt 0.672955 0.614754
vt 0.668145 0.612835
vt 0.672883 0.607811
vt 0.849282 0.093313
vt 0.884458 0.084789
vt 0.889849 0.087700
vt 0.860191 0.089122
vt 0.671985 0.578664
vt 0.676983 0.581657
vt 0.672342 0.580316
vt 0.676952 0.581975
vt 0.674442 0.596000
vt 0.679106 0.592544
vt 0.677441 0.602618
vt 0.682925 0.598836
vt 0.698991 0.590983
vt 0.690419 0.609560
vt 0.681421 0.605904
vt 0.687308 0.603464
vt 0.660993 0.646057
vt 0.653178 0.644223
vt 0.662738 0.622779
vt 0.668574 0.625070
vt 0.747298 0.648552
vt 0.746841 0.666432
vt 0.728110 0.649089
vt 0.727506 0.667105
vt 0.670261 0.647541
vt 0.684205 0.648809
vt 0.679625 0.665055
vt 0.746384 0.615022
vt 0.747250 0.631653
vt 0.728016 0.616746
vt 0.728234 0.632623
vt 0.678258 0.621140
vt 0.690019 0.620808
vt 0.686958 0.633853
vt 0.652426 0.626142
vt 0.647369 0.635760
vt 0.635036 0.617600
vt 0.639259 0.619764
vt 0.633730 0.633477
vt 0.632764 0.633261
vt 0.924024 0.135699
vt 0.937185 0.164179
vt 0.659979 0.629182
vt 0.671697 0.632491
vt 0.663078 0.638570
vt 0.656263 0.636948
vt 0.702440 0.564022
vt 0.704094 0.566287
vt 0.702898 0.565404
vt 0.704449 0.577194
vt 0.708557 0.585793
vt 0.717105 0.581940
vt 0.711325 0.592287
vt 0.870200 0.097662
vt 0.879275 0.109689
vt 0.856161 0.109699
vt 0.858637 0.099994
vt 0.828265 0.045740
vt 0.850941 0.055253
vt 0.817100 0.058297
vt 0.712026 0.574752
vt 0.704511 0.568650
vt 0.705120 0.564329
vt 0.741372 0.563311
vt 0.734376 0.552879
vt 0.735367 0.554037
vt 0.785785 0.035960
vt 0.721907 0.556769
vt 0.721091 0.555421
vt 0.817492 0.040591
vt 0.786750 0.039478
vt 0.788658 0.036024
vt 0.733921 0.554738
vt 0.733065 0.553242
vt 0.734373 0.556243
vt 0.733157 0.554893
vt 0.739084 0.564187
vt 0.739417 0.571994
vt 0.735566 0.565403
vt 0.734035 0.573654
vt 0.734764 0.583685
vt 0.744873 0.576192
vt 0.744079 0.570177
vt 0.749355 0.577999
vt 0.750397 0.569063
vt 0.757801 0.566162
vt 0.756938 0.584684
vt 0.757549 0.575886
vt 0.852002 0.479091
vt 0.744976 0.953669
vt 0.745785 0.969263
vt 0.310431 0.720363
vt 0.307906 0.727692
vt 0.292226 0.726362
vt 0.299945 0.710022
vt 0.839634 0.131728
vt 0.863388 0.457225
vt 0.852861 0.464903
vt 0.822817 0.067835
vt 0.833698 0.099192
vt 0.824799 0.126515
vt 0.754364 0.061413
vt 0.846609 0.367265
vt 0.844217 0.389390
vt 0.812598 0.372361
vt 0.813930 0.388664
vt 0.787320 0.372885
vt 0.788742 0.388965
vt 0.768065 0.371225
vt 0.768737 0.388382
vt 0.179148 0.779519
vt 0.145807 0.783824
vt 0.777319 0.482911
vt 0.461101 0.907099
vt 0.471862 0.902555
vt 0.480628 0.897748
vt 0.492002 0.878478
vt 0.312559 0.934082
vt 0.322053 0.950506
vt 0.308219 0.949161
vt 0.134034 0.924705
vt 0.131335 0.931961
vt 0.126606 0.924009
vt 0.125063 0.930757
vt 0.117925 0.930522
vt 0.833558 0.182082
vt 0.868482 0.169406
vt 0.831363 0.173477
vt 0.830772 0.168729
vt 0.914035 0.153251
vt 0.900360 0.157684
vt 0.353891 0.256781
vt 0.352270 0.257409
vt 0.340687 0.256840
vt 0.348151 0.254795
vt 0.347478 0.255831
vt 0.343238 0.258556
vt 0.170575 0.795946
vt 0.167529 0.804866
vt 0.142229 0.804155
vt 0.143102 0.794981
vt 0.219195 0.750707
vt 0.218763 0.742554
vt 0.243208 0.743132
vt 0.242680 0.736673
vt 0.267406 0.741603
vt 0.267502 0.735225
vt 0.289638 0.740206
vt 0.290224 0.735261
vt 0.308016 0.738397
vt 0.308056 0.735345
vt 0.791855 0.077038
vt 0.793948 0.080119
vt 0.788250 0.059799
vt 0.783115 0.053605
vt 0.787658 0.048791
vt 0.789431 0.048880
vt 0.797314 0.051924
vt 0.235396 0.142882
vt 0.240621 0.143873
vt 0.220859 0.072289
vt 0.219629 0.073475
vt 0.213638 0.107861
vt 0.213952 0.108438
vt 0.212915 0.107843
vt 0.213377 0.108361
vt 0.216818 0.106227
vt 0.213466 0.107512
vt 0.213228 0.105740
vt 0.214415 0.113427
vt 0.219138 0.113551
vt 0.205462 0.131119
vt 0.304359 0.884973
vt 0.303884 0.895744
vt 0.314855 0.896060
vt 0.316072 0.882820
vt 0.315993 0.882626
vt 0.315895 0.882589
vt 0.315849 0.882643
vt 0.315800 0.882750
vt 0.315844 0.882874
vt 0.753483 0.062767
vt 0.773638 0.050650
vt 0.454682 0.859569
vt 0.465214 0.837505
vt 0.459275 0.862270
vt 0.461664 0.863988
vt 0.492318 0.873536
vt 0.465594 0.871752
vt 0.465043 0.868137
vt 0.137639 0.725149
vt 0.144303 0.731261
vt 0.772312 0.509012
vt 0.767286 0.505736
vt 0.787152 0.500139
vt 0.783718 0.495319
vt 0.798339 0.489003
vt 0.793426 0.485722
vt 0.816340 0.455276
vt 0.813633 0.451640
vt 0.809391 0.427281
vt 0.819756 0.434040
vt 0.824491 0.426601
vt 0.838005 0.408684
vt 0.879605 0.390405
vt 0.833905 0.427166
vt 0.595831 0.891194
vt 0.897766 0.461412
vt 0.612730 0.865309
vt 0.598330 0.826486
vt 0.606676 0.846472
vt 0.578281 0.829502
vt 0.588138 0.826261
vt 0.584433 0.853353
vt 0.596450 0.849346
vt 0.602188 0.868425
vt 0.588935 0.872031
vt 0.910753 0.392338
vt 0.928207 0.393904
vt 0.849557 0.425759
vt 0.902756 0.428333
vt 0.919061 0.424167
vt 0.907065 0.442099
vt 0.900209 0.433894
vt 0.871608 0.139388
vt 0.892366 0.125485
vt 0.897001 0.128532
vt 0.903252 0.137922
vt 0.891871 0.148975
vt 0.876548 0.145737
vt 0.185333 0.066420
vt 0.182230 0.072615
vt 0.169410 0.063776
vt 0.166108 0.070116
vt 0.154702 0.062098
vt 0.151243 0.069547
vt 0.140376 0.062126
vt 0.137254 0.069990
vt 0.126111 0.063595
vt 0.124852 0.070727
vt 0.114424 0.071647
vt 0.106791 0.072822
vt 0.113735 0.100262
vt 0.117044 0.091502
vt 0.124454 0.100229
vt 0.127996 0.091747
vt 0.135817 0.099398
vt 0.139353 0.091151
vt 0.147312 0.097075
vt 0.152140 0.091726
vt 0.170885 0.093050
vt 0.199021 0.101400
vt 0.195806 0.106011
vt 0.187540 0.060054
vt 0.213927 0.110384
vt 0.191916 0.111527
vt 0.758082 0.063481
vt 0.766522 0.069406
vt 0.469117 0.932394
vt 0.490995 0.954545
vt 0.469063 0.952489
vt 0.547718 0.905192
vt 0.540715 0.931953
vt 0.504455 0.951578
vt 0.492337 0.928882
vt 0.518756 0.926463
vt 0.522137 0.949361
vt 0.556559 0.892596
vt 0.533190 0.895018
vt 0.499839 0.795502
vt 0.475291 0.812279
vt 0.484284 0.787294
vt 0.546467 0.820059
vt 0.550688 0.847397
vt 0.523896 0.800046
vt 0.506286 0.800905
vt 0.535155 0.856216
vt 0.492449 0.868591
vt 0.560709 0.878466
vt 0.533242 0.875609
vt 0.563067 0.864209
vt 0.507198 0.240244
vt 0.521200 0.242057
vt 0.785129 0.127136
vt 0.778003 0.129757
vt 0.110745 0.084427
vt 0.101749 0.083984
vt 0.099327 0.091255
vt 0.092683 0.082758
vt 0.078282 0.088421
vt 0.082705 0.080731
vt 0.755009 0.068945
vt 0.756134 0.077147
vt 0.786969 0.065242
vt 0.786164 0.068665
vt 0.774756 0.057520
vt 0.780576 0.063888
vt 0.113154 0.169310
vt 0.114620 0.182309
vt 0.083704 0.219097
vt 0.090420 0.196218
vt 0.118851 0.196741
vt 0.116929 0.219599
vt 0.075846 0.027427
vt 0.103540 0.024674
vt 0.020052 0.053316
vt 0.112749 0.065313
vt 0.101473 0.069273
vt 0.787550 0.098419
vt 0.786720 0.109143
vt 0.026283 0.034331
vt 0.053693 0.029849
vt 0.754739 0.079107
vt 0.073386 0.078491
vt 0.104384 0.029360
vt 0.109050 0.056899
vt 0.106576 0.043913
vt 0.067877 0.035462
vt 0.073465 0.034950
vt 0.086997 0.049368
vt 0.090088 0.063147
vt 0.067309 0.050650
vt 0.060362 0.080872
vt 0.025698 0.071675
vt 0.763914 0.088787
vt 0.755873 0.081394
vt 0.054536 0.041689
vt 0.023658 0.040387
vt 0.141527 0.751865
vt 0.141081 0.763274
vt 0.159437 0.752364
vt 0.169294 0.740845
vt 0.182708 0.750747
vt 0.169377 0.765768
vt 0.789370 0.514443
vt 0.107957 0.091965
vt 0.097595 0.098800
vt 0.104552 0.100271
vt 0.089938 0.090222
vt 0.101347 0.111628
vt 0.096737 0.104811
vt 0.089368 0.098466
vt 0.091698 0.104972
vt 0.047646 0.116338
vt 0.056089 0.100048
vt 0.078199 0.099815
vt 0.088239 0.112537
vt 0.033039 0.112963
vt 0.017397 0.078895
vt 0.047992 0.098518
vt 0.758736 0.060146
vt 0.754743 0.055526
vt 0.761152 0.051686
vt 0.753655 0.048755
vt 0.750954 0.022426
vt 0.763562 0.023011
vt 0.757030 0.041746
vt 0.763409 0.540092
vt 0.754390 0.542220
vt 0.753818 0.541212
vt 0.764137 0.539475
vt 0.706490 0.565070
vt 0.720339 0.571497
vt 0.714904 0.573653
vt 0.725769 0.577628
vt 0.731578 0.584381
vt 0.719477 0.580745
vt 0.723943 0.588059
vt 0.724459 0.599373
vt 0.721029 0.589465
vt 0.741248 0.579664
vt 0.742368 0.595812
vt 0.746804 0.590932
vt 0.824919 0.043459
vt 0.826115 0.046825
vt 0.807932 0.055839
vt 0.809563 0.056440
vt 0.790662 0.066540
vt 0.793900 0.061854
vt 0.795778 0.062537
vt 0.792965 0.067350
vt 0.240966 0.148046
vt 0.222022 0.148741
vt 0.203289 0.118778
vt 0.207726 0.120585
vt 0.177254 0.126961
vt 0.145528 0.109909
vt 0.177614 0.115680
vt 0.167315 0.109908
vt 0.168337 0.099335
vt 0.176080 0.109796
vt 0.168662 0.117090
vt 0.173483 0.122819
vt 0.161620 0.140360
vt 0.165338 0.134245
vt 0.146275 0.119917
vt 0.159440 0.126158
vt 0.161798 0.130279
vt 0.152855 0.131566
vt 0.184002 0.137588
vt 0.180691 0.132057
vt 0.193527 0.135007
vt 0.147764 0.143518
vt 0.182845 0.102375
vt 0.184734 0.096821
vt 0.190153 0.088757
vt 0.200266 0.075341
vt 0.202394 0.069728
vt 0.204643 0.063877
vt 0.206438 0.070575
vt 0.227181 0.178357
vt 0.214961 0.186427
vt 0.219987 0.165414
vt 0.208991 0.172308
vt 0.208753 0.151721
vt 0.214973 0.160196
vt 0.204863 0.164293
vt 0.200151 0.153398
vt 0.240938 0.162800
vt 0.222963 0.156720
vt 0.240911 0.155859
vt 0.218985 0.058935
vt 0.220010 0.065163
vt 0.211084 0.056094
vt 0.218025 0.058851
vt 0.218839 0.065206
vt 0.209366 0.064251
vt 0.215000 0.051469
vt 0.215217 0.051146
vt 0.218902 0.054313
vt 0.218344 0.054415
vt 0.109925 0.256975
vt 0.110524 0.261575
vt 0.069803 0.178767
vt 0.086595 0.161737
vt 0.097157 0.167158
vt 0.095131 0.179141
vt 0.868545 0.123397
vt 0.827041 0.141654
vt 0.839535 0.134826
vt 0.839127 0.147707
vt 0.817986 0.151596
vt 0.214171 0.112413
vt 0.191945 0.113445
vt 0.194774 0.113810
vt 0.200254 0.116879
vt 0.189904 0.129505
vt 0.199498 0.126285
vt 0.185364 0.124970
vt 0.180613 0.120153
vt 0.193013 0.123113
vt 0.866786 0.414234
vt 0.900502 0.415819
vt 0.863859 0.430072
vt 0.892135 0.426534
vt 0.892238 0.430037
vt 0.888693 0.439616
vt 0.862796 0.434365
vt 0.862681 0.446593
vt 0.843192 0.464759
vt 0.180056 0.266393
vt 0.169248 0.267226
vt 0.124108 0.264041
vt 0.140776 0.264418
vt 0.118133 0.266338
vt 0.129895 0.442207
vt 0.171489 0.331068
vt 0.191749 0.330867
vt 0.211974 0.330549
vt 0.135304 0.410818
vt 0.173898 0.391130
vt 0.175095 0.378234
vt 0.192269 0.389121
vt 0.192495 0.376840
vt 0.134479 0.398831
vt 0.133361 0.387637
vt 0.213433 0.374680
vt 0.236199 0.374652
vt 0.234175 0.387984
vt 0.212201 0.387195
vt 0.119263 0.434774
vt 0.114470 0.433756
vt 0.145753 0.440069
vt 0.130022 0.435717
vt 0.125581 0.436336
vt 0.151973 0.434288
vt 0.146573 0.435081
vt 0.136804 0.431422
vt 0.141622 0.439955
vt 0.136637 0.438629
vt 0.137844 0.334606
vt 0.150524 0.332161
vt 0.153080 0.352692
vt 0.144146 0.353294
vt 0.152993 0.371728
vt 0.141796 0.373841
vt 0.152123 0.384122
vt 0.144982 0.385590
vt 0.152298 0.395676
vt 0.143612 0.397368
vt 0.142344 0.431390
vt 0.143643 0.408987
vt 0.152868 0.406712
vt 0.156991 0.428442
vt 0.121077 0.941024
vt 0.124994 0.942368
vt 0.315058 0.864964
vt 0.315504 0.870094
vt 0.304709 0.876126
vt 0.307576 0.866830
vt 0.311056 0.870828
vt 0.310130 0.875561
vt 0.304224 0.883034
vt 0.309566 0.879382
vt 0.191845 0.117465
vt 0.190532 0.119104
vt 0.183867 0.114927
vt 0.187254 0.114306
vt 0.185563 0.110523
vt 0.182314 0.110010
vt 0.191064 0.104582
vt 0.186322 0.103154
vt 0.194238 0.099764
vt 0.189455 0.098129
vt 0.207846 0.092443
vt 0.195516 0.089670
vt 0.200425 0.090774
vt 0.205088 0.075683
vt 0.221081 0.076942
vt 0.456501 0.869462
vt 0.457414 0.869637
vt 0.458186 0.869720
vt 0.824769 0.444023
vt 0.848184 0.435018
vt 0.849843 0.438116
vt 0.849827 0.440042
vt 0.810473 0.464744
vt 0.804065 0.474368
vt 0.805749 0.461914
vt 0.799621 0.471617
vt 0.783475 0.457677
vt 0.782378 0.468209
vt 0.766459 0.457109
vt 0.765654 0.466193
vt 0.832375 0.459509
vt 0.821177 0.478966
vt 0.820188 0.463530
vt 0.826893 0.448764
vt 0.217767 0.841513
vt 0.136833 0.956484
vt 0.141279 0.954832
vt 0.241725 0.913597
vt 0.227581 0.893948
vt 0.160667 0.912602
vt 0.171473 0.917111
vt 0.167357 0.889311
vt 0.182791 0.892923
vt 0.179626 0.904514
vt 0.165583 0.899745
vt 0.183182 0.880037
vt 0.167672 0.876664
vt 0.130755 0.960846
vt 0.132086 0.962243
vt 0.123189 0.965353
vt 0.122392 0.964073
vt 0.217474 0.823898
vt 0.216647 0.818438
vt 0.162186 0.864421
vt 0.171032 0.860320
vt 0.181411 0.870186
vt 0.163243 0.870296
vt 0.212834 0.814964
vt 0.209967 0.813279
vt 0.210412 0.811468
vt 0.218518 0.855802
vt 0.217923 0.845651
vt 0.219537 0.857142
vt 0.222098 0.880055
vt 0.219590 0.867640
vt 0.286577 0.956910
vt 0.269064 0.943898
vt 0.254609 0.930685
vt 0.157802 0.923567
vt 0.166517 0.927959
vt 0.158076 0.941057
vt 0.152212 0.946815
vt 0.146108 0.943177
vt 0.151722 0.934948
vt 0.116062 0.964140
vt 0.116407 0.965863
vt 0.209889 0.815271
vt 0.210865 0.817105
vt 0.213449 0.816668
vt 0.211689 0.819480
vt 0.214427 0.818902
vt 0.212378 0.822110
vt 0.215995 0.823505
vt 0.214381 0.834314
vt 0.217011 0.841256
vt 0.214438 0.840622
vt 0.217062 0.845560
vt 0.214212 0.848008
vt 0.217507 0.855058
vt 0.213671 0.854535
vt 0.217645 0.856244
vt 0.213308 0.867271
vt 0.218256 0.867733
vt 0.219174 0.882292
vt 0.221300 0.880594
vt 0.226386 0.896904
vt 0.227166 0.894667
vt 0.238669 0.915779
vt 0.241577 0.913645
vt 0.248616 0.934189
vt 0.254415 0.930745
vt 0.260953 0.950343
vt 0.268872 0.943973
vt 0.279169 0.962945
vt 0.286359 0.957100
vt 0.321510 0.970846
vt 0.295919 0.967977
vt 0.101438 0.257788
vt 0.109709 0.438058
vt 0.111074 0.435077
vt 0.077459 0.319904
vt 0.073209 0.314726
vt 0.120983 0.441624
vt 0.123163 0.444401
vt 0.119864 0.444296
vt 0.075772 0.307629
vt 0.081783 0.296768
vt 0.085986 0.289162
vt 0.080397 0.282276
vt 0.102672 0.262094
vt 0.103685 0.269526
vt 0.111134 0.268764
vt 0.070412 0.325152
vt 0.097479 0.258265
vt 0.082554 0.269616
vt 0.090336 0.268598
vt 0.097885 0.264362
vt 0.090578 0.279898
vt 0.091388 0.290324
vt 0.086463 0.296756
vt 0.091256 0.297059
vt 0.083793 0.306433
vt 0.091908 0.305383
vt 0.082679 0.315042
vt 0.092037 0.315190
vt 0.088220 0.318849
vt 0.083322 0.329120
vt 0.095122 0.332533
vt 0.081273 0.401938
vt 0.084752 0.406160
vt 0.078883 0.395172
vt 0.077705 0.380425
vt 0.088920 0.341303
vt 0.067030 0.341811
vt 0.125918 0.335228
vt 0.107061 0.339557
vt 0.117625 0.429468
vt 0.112430 0.427963
vt 0.109615 0.427733
vt 0.104361 0.431619
vt 0.088760 0.411828
vt 0.102471 0.425893
vt 0.096423 0.421252
vt 0.101195 0.417953
vt 0.108215 0.424190
vt 0.084761 0.384275
vt 0.086402 0.395154
vt 0.121760 0.384352
vt 0.117943 0.355983
vt 0.135813 0.354015
vt 0.134177 0.375108
vt 0.089208 0.361043
vt 0.106057 0.357598
vt 0.105771 0.374158
vt 0.093860 0.371138
vt 0.102425 0.381014
vt 0.100685 0.392149
vt 0.089985 0.399454
vt 0.090286 0.404077
vt 0.128083 0.429823
vt 0.123619 0.409928
vt 0.093572 0.408541
vt 0.122866 0.391876
vt 0.122564 0.401906
vt 0.119169 0.424670
vt 0.113675 0.423480
vt 0.102500 0.396670
vt 0.101164 0.402695
vt 0.109843 0.416707
vt 0.103545 0.410655
vt 0.109893 0.380824
vt 0.116423 0.375482
vt 0.107673 0.389572
vt 0.114150 0.386799
vt 0.107954 0.395095
vt 0.113163 0.393396
vt 0.108857 0.409213
vt 0.106942 0.402090
vt 0.112495 0.401317
vt 0.113905 0.411701
vt 0.389984 0.364249
vt 0.363557 0.340610
vt 0.369804 0.363545
vt 0.349270 0.343272
vt 0.360091 0.360871
vt 0.323583 0.361624
vt 0.299595 0.363881
vt 0.225454 0.709257
vt 0.211249 0.728341
vt 0.670854 0.983900
vt 0.661781 0.950019
vt 0.696370 0.978117
vt 0.682261 0.991094
vt 0.849247 0.528079
vt 0.821028 0.536872
vt 0.245115 0.703976
vt 0.274366 0.708172
vt 0.268839 0.724391
vt 0.241954 0.723347
vt 0.698761 0.949338
vt 0.723881 0.954362
vt 0.722277 0.971825
vt 0.808582 0.527503
vt 0.798026 0.521413
vt 0.834690 0.492267
vt 0.810479 0.496706
vt 0.827746 0.512476
vt 0.804243 0.515377
vt 0.797032 0.505319
vt 0.388839 0.342549
vt 0.238328 0.362269
vt 0.257883 0.360815
vt 0.283900 0.363849
vt 0.267276 0.361139
vt 0.241183 0.349524
vt 0.237654 0.331835
vt 0.260991 0.247588
vt 0.257512 0.250011
vt 0.255676 0.247651
vt 0.275016 0.254437
vt 0.274322 0.256326
vt 0.262152 0.251687
vt 0.262117 0.254678
vt 0.238020 0.255368
vt 0.236167 0.254742
vt 0.233633 0.252356
vt 0.212160 0.265250
vt 0.228694 0.263923
vt 0.255129 0.254599
vt 0.241452 0.263216
vt 0.254353 0.266123
vt 0.257024 0.254144
vt 0.259071 0.255857
vt 0.258031 0.271081
vt 0.259431 0.272865
vt 0.272529 0.275689
vt 0.135114 0.325405
vt 0.110686 0.304687
vt 0.101135 0.305208
vt 0.112843 0.292227
vt 0.099006 0.292700
vt 0.100088 0.277309
vt 0.112045 0.277932
vt 0.098343 0.317742
vt 0.126363 0.315098
vt 0.121686 0.325262
vt 0.206988 0.316803
vt 0.233325 0.316000
vt 0.208118 0.302855
vt 0.232988 0.301457
vt 0.208423 0.267361
vt 0.234517 0.265712
vt 0.256046 0.270644
vt 0.190491 0.316486
vt 0.169419 0.316864
vt 0.145702 0.317704
vt 0.190339 0.302530
vt 0.169191 0.302658
vt 0.148247 0.301213
vt 0.164057 0.270448
vt 0.186405 0.268726
vt 0.145315 0.286020
vt 0.129492 0.294675
vt 0.123828 0.274599
vt 0.143311 0.275008
vt 0.153121 0.292686
vt 0.169129 0.291694
vt 0.166123 0.281752
vt 0.189976 0.290705
vt 0.188215 0.279728
vt 0.206886 0.290804
vt 0.210721 0.278320
vt 0.234394 0.288356
vt 0.234271 0.277246
vt 0.281667 0.247986
vt 0.282748 0.252475
vt 0.282689 0.254857
vt 0.289369 0.265495
vt 0.281950 0.264400
vt 0.297986 0.247323
vt 0.295082 0.249767
vt 0.292286 0.247259
vt 0.290804 0.254553
vt 0.291466 0.252920
vt 0.311504 0.250243
vt 0.298133 0.249945
vt 0.310534 0.252928
vt 0.298269 0.252718
vt 0.293776 0.254702
vt 0.294619 0.254658
vt 0.296101 0.255403
vt 0.297623 0.260447
vt 0.309669 0.261429
vt 0.318799 0.255455
vt 0.315581 0.254777
vt 0.312863 0.255497
vt 0.277150 0.255466
vt 0.275661 0.254442
vt 0.275271 0.256859
vt 0.272975 0.276621
vt 0.259964 0.273932
vt 0.276629 0.276024
vt 0.290022 0.277500
vt 0.292919 0.268137
vt 0.294797 0.265745
vt 0.294555 0.277256
vt 0.296125 0.283256
vt 0.313317 0.280910
vt 0.348422 0.264149
vt 0.337217 0.260016
vt 0.319288 0.284700
vt 0.332675 0.282906
vt 0.339613 0.260092
vt 0.341919 0.260286
vt 0.337808 0.280669
vt 0.315282 0.285920
vt 0.334890 0.282868
vt 0.609294 0.893929
vt 0.620429 0.880757
vt 0.636158 0.899372
vt 0.649129 0.909211
vt 0.632120 0.915933
vt 0.625080 0.907652
vt 0.368175 0.269526
vt 0.336959 0.288092
vt 0.349541 0.280056
vt 0.358766 0.262777
vt 0.359010 0.283004
vt 0.354726 0.275418
vt 0.356733 0.263223
vt 0.372685 0.284926
vt 0.375828 0.292343
vt 0.339169 0.293176
vt 0.346884 0.284808
vt 0.349355 0.290313
vt 0.344179 0.287291
vt 0.349934 0.297021
vt 0.362170 0.304413
vt 0.346246 0.308622
vt 0.343738 0.300399
vt 0.317166 0.290459
vt 0.319614 0.295241
vt 0.323447 0.301888
vt 0.292083 0.279908
vt 0.295494 0.287385
vt 0.302313 0.296996
vt 0.298569 0.291913
vt 0.761471 0.085798
vt 0.759165 0.083181
vt 0.020926 0.050075
vt 0.021800 0.046835
vt 0.032939 0.063925
vt 0.040181 0.056175
vt 0.063803 0.072844
vt 0.067243 0.064815
vt 0.074690 0.075779
vt 0.075995 0.073066
vt 0.084490 0.077012
vt 0.086276 0.073293
vt 0.094456 0.079240
vt 0.096230 0.075723
vt 0.104463 0.077572
vt 0.103106 0.080778
vt 0.111958 0.081098
vt 0.113172 0.077768
vt 0.121627 0.080762
vt 0.123077 0.077419
vt 0.132872 0.080682
vt 0.134463 0.077124
vt 0.145605 0.080956
vt 0.147518 0.077229
vt 0.159521 0.081652
vt 0.161811 0.077773
vt 0.175710 0.082951
vt 0.178040 0.079406
vt 0.193002 0.085332
vt 0.195851 0.081908
vt 0.198016 0.086188
vt 0.200517 0.082706
vt 0.205547 0.087739
vt 0.210669 0.084703
vt 0.212442 0.089200
vt 0.217038 0.085956
vt 0.234883 0.085575
vt 0.235452 0.085211
vt 0.233291 0.092772
vt 0.231487 0.091260
vt 0.248765 0.128592
vt 0.242724 0.121401
vt 0.223208 0.129302
vt 0.227600 0.132915
vt 0.208539 0.134164
vt 0.211616 0.137209
vt 0.196534 0.138087
vt 0.199541 0.141166
vt 0.186407 0.141656
vt 0.188813 0.145724
vt 0.166664 0.145171
vt 0.171708 0.149983
vt 0.151794 0.148739
vt 0.155824 0.153959
vt 0.136967 0.151496
vt 0.140316 0.156789
vt 0.122399 0.153326
vt 0.124933 0.158803
vt 0.108379 0.154051
vt 0.110126 0.159229
vt 0.095407 0.153668
vt 0.096603 0.158287
vt 0.085391 0.156570
vt 0.083324 0.154104
vt 0.048655 0.166922
vt 0.047423 0.154246
vt 0.061108 0.154906
vt 0.056454 0.168142
vt 0.817373 0.120339
vt 0.809947 0.114163
vt 0.827845 0.090928
vt 0.821993 0.082664
vt 0.844315 0.089515
vt 0.839349 0.085718
vt 0.847307 0.081200
vt 0.887208 0.079161
vt 0.885833 0.081975
vt 0.853749 0.085161
vt 0.676158 0.580484
vt 0.676548 0.581237
vt 0.676269 0.580666
vt 0.676815 0.581206
vt 0.684555 0.587604
vt 0.681806 0.590035
vt 0.689659 0.594821
vt 0.686295 0.596824
vt 0.693930 0.599911
vt 0.690623 0.601683
vt 0.697502 0.605997
vt 0.705359 0.601314
vt 0.699651 0.619349
vt 0.710830 0.617897
vt 0.711572 0.633353
vt 0.698966 0.633666
vt 0.697020 0.649214
vt 0.710768 0.649334
vt 0.709365 0.666727
vt 0.694031 0.666007
vt 0.690618 0.684500
vt 0.707188 0.685772
vt 0.687112 0.705826
vt 0.705220 0.707658
vt 0.683707 0.730298
vt 0.702931 0.731484
vt 0.680925 0.753616
vt 0.701057 0.754700
vt 0.679348 0.776250
vt 0.699582 0.777346
vt 0.678432 0.798628
vt 0.698445 0.799706
vt 0.678294 0.820768
vt 0.697634 0.821760
vt 0.679124 0.840920
vt 0.697318 0.842369
vt 0.680594 0.857540
vt 0.697955 0.859386
vt 0.680031 0.874840
vt 0.697143 0.876968
vt 0.648985 0.930156
vt 0.658477 0.916228
vt 0.672966 0.931728
vt 0.384618 0.303820
vt 0.396443 0.316683
vt 0.367322 0.323372
vt 0.365408 0.316118
vt 0.350376 0.320203
vt 0.349697 0.330264
vt 0.324790 0.348042
vt 0.325636 0.309925
vt 0.304296 0.349310
vt 0.284453 0.349857
vt 0.258805 0.349593
vt 0.271487 0.349461
vt 0.257415 0.331350
vt 0.271200 0.331624
vt 0.305245 0.303055
vt 0.303212 0.310414
vt 0.263308 0.321842
vt 0.327131 0.319167
vt 0.326885 0.331916
vt 0.284316 0.332103
vt 0.306024 0.320091
vt 0.307767 0.332292
vt 0.285974 0.321257
vt 0.272897 0.321877
vt 0.256123 0.288212
vt 0.256072 0.277504
vt 0.259835 0.277634
vt 0.291037 0.279526
vt 0.274608 0.278324
vt 0.286800 0.287326
vt 0.251928 0.315011
vt 0.251031 0.300996
vt 0.287863 0.292293
vt 0.262634 0.311762
vt 0.261681 0.299901
vt 0.294571 0.303348
vt 0.291504 0.298078
vt 0.273810 0.310781
vt 0.272409 0.300761
vt 0.282680 0.299988
vt 0.287914 0.309064
vt 0.271323 0.292587
vt 0.260282 0.285668
vt 0.276876 0.285031
vt 0.279091 0.292138
vt 0.524061 0.823268
vt 0.482940 0.848339
vt 0.474852 0.842768
vt 0.498030 0.818153
vt 0.282554 0.867750
vt 0.283666 0.867986
vt 0.279774 0.872448
vt 0.279477 0.872217
vt 0.277582 0.869764
vt 0.279273 0.870652
vt 0.279061 0.872013
vt 0.278701 0.871949
vt 0.120985 0.917262
vt 0.118840 0.923922
vt 0.457081 0.467785
vt 0.458570 0.469764
vt 0.461535 0.473712
vt 0.464644 0.477250
vt 0.469798 0.480638
vt 0.473654 0.483429
vt 0.477457 0.485582
vt 0.482565 0.488338
vt 0.451662 0.458260
vt 0.453389 0.461956
vt 0.454344 0.463765
vt 0.456244 0.466679
vt 0.484642 0.489899
vt 0.461809 0.462439
vt 0.463972 0.465511
vt 0.466671 0.469041
vt 0.469588 0.472288
vt 0.473339 0.475612
vt 0.476610 0.478224
vt 0.479735 0.480420
vt 0.483071 0.482026
vt 0.454610 0.450207
vt 0.456707 0.454371
vt 0.458572 0.457213
vt 0.460290 0.460066
vt 0.489625 0.429947
vt 0.484985 0.482758
vt 0.490286 0.490248
vt 0.466723 0.459711
vt 0.468800 0.462964
vt 0.471205 0.466448
vt 0.473727 0.469800
vt 0.476517 0.473071
vt 0.479079 0.475979
vt 0.480954 0.478360
vt 0.458638 0.446924
vt 0.461127 0.451021
vt 0.463136 0.454284
vt 0.464959 0.457001
vt 0.472425 0.457449
vt 0.474154 0.460834
vt 0.476021 0.464337
vt 0.478054 0.467713
vt 0.480146 0.471175
vt 0.482040 0.474832
vt 0.483417 0.478668
vt 0.464257 0.442284
vt 0.467520 0.448007
vt 0.469468 0.451533
vt 0.471012 0.454511
vt 0.478541 0.456103
vt 0.479681 0.459502
vt 0.481025 0.462976
vt 0.482368 0.466420
vt 0.483606 0.469997
vt 0.484733 0.474021
vt 0.485555 0.478959
vt 0.475418 0.439833
vt 0.476288 0.446097
vt 0.476910 0.449720
vt 0.477681 0.452914
vt 0.320927 0.954727
vt 0.489635 0.419760
vt 0.489703 0.352613
vt 0.489676 0.379174
vt 0.489558 0.490393
vt 0.488830 0.490247
vt 0.483000 0.448632
vt 0.489601 0.447980
vt 0.482772 0.444624
vt 0.489605 0.443424
vt 0.455539 0.870194
vt 0.457854 0.870479
vt 0.456988 0.870291
vt 0.482261 0.438842
vt 0.489611 0.438083
vt 0.489615 0.433427
vt 0.114568 0.941472
vt 0.486809 0.473170
vt 0.489576 0.472305
vt 0.113944 0.968783
vt 0.113636 0.965897
vt 0.156908 0.860395
vt 0.155453 0.862795
vt 0.153393 0.866951
vt 0.155342 0.866953
vt 0.154552 0.874797
vt 0.157378 0.874763
vt 0.154704 0.887252
vt 0.158120 0.887779
vt 0.153315 0.895934
vt 0.157042 0.896390
vt 0.150222 0.908312
vt 0.153753 0.909601
vt 0.145431 0.918099
vt 0.149417 0.919298
vt 0.140120 0.925652
vt 0.143727 0.927652
vt 0.136104 0.933204
vt 0.138354 0.934772
vt 0.129549 0.943184
vt 0.130671 0.945050
vt 0.126850 0.949744
vt 0.126232 0.951560
vt 0.122918 0.950508
vt 0.122079 0.952269
vt 0.118625 0.950390
vt 0.117753 0.952233
vt 0.114423 0.951327
vt 0.114235 0.953070
vt 0.152452 0.860774
vt 0.146703 0.859970
vt 0.137489 0.859936
vt 0.124573 0.859576
vt 0.156764 0.851327
vt 0.155309 0.855843
vt 0.148567 0.848325
vt 0.147307 0.853813
vt 0.138910 0.845024
vt 0.137715 0.852415
vt 0.125282 0.841379
vt 0.124639 0.850176
vt 0.549653 0.654152
vt 0.556623 0.650865
vt 0.316049 0.882871
vt 0.315940 0.882912
vt 0.315892 0.882910
vt 0.525932 0.510101
vt 0.535230 0.510894
vt 0.531304 0.511923
vt 0.486407 0.469180
vt 0.489580 0.468913
vt 0.486075 0.465662
vt 0.489583 0.465293
vt 0.484809 0.352702
vt 0.480802 0.353033
vt 0.472165 0.354080
vt 0.485304 0.462238
vt 0.489587 0.461991
vt 0.494597 0.352712
vt 0.498604 0.353051
vt 0.507239 0.354115
vt 0.511647 0.355839
vt 0.514356 0.357722
vt 0.519621 0.359708
vt 0.518918 0.362143
vt 0.476191 0.511152
vt 0.519231 0.509698
vt 0.314724 0.875857
vt 0.315837 0.882257
vt 0.313199 0.880649
vt 0.315685 0.882525
vt 0.311903 0.884129
vt 0.315436 0.882894
vt 0.313536 0.886740
vt 0.315586 0.883323
vt 0.314625 0.887781
vt 0.315747 0.883475
vt 0.315467 0.888570
vt 0.315896 0.883295
vt 0.318616 0.887087
vt 0.316229 0.883167
vt 0.317827 0.879970
vt 0.319767 0.883941
vt 0.316455 0.883021
vt 0.316201 0.882299
vt 0.643967 0.889944
vt 0.653273 0.885931
vt 0.656426 0.902830
vt 0.664404 0.898749
vt 0.664324 0.909351
vt 0.673677 0.904669
vt 0.680420 0.920532
vt 0.689956 0.912556
vt 0.725904 0.931451
vt 0.701859 0.925778
vt 0.704913 0.916090
vt 0.519294 0.697696
vt 0.533944 0.684520
vt 0.537952 0.679678
vt 0.540589 0.674875
vt 0.544630 0.668285
vt 0.512207 0.700760
vt 0.514835 0.698919
vt 0.524103 0.694639
vt 0.526673 0.692291
vt 0.530776 0.687426
vt 0.509096 0.701839
vt 0.510260 0.701615
vt 0.544973 0.661889
vt 0.542282 0.626556
vt 0.531675 0.683291
vt 0.535834 0.678356
vt 0.538268 0.673949
vt 0.542149 0.667890
vt 0.521693 0.693738
vt 0.524197 0.691647
vt 0.528356 0.686909
vt 0.542430 0.662001
vt 0.541472 0.654449
vt 0.523797 0.678624
vt 0.525230 0.673943
vt 0.526406 0.669591
vt 0.528425 0.663537
vt 0.517727 0.688046
vt 0.519028 0.685667
vt 0.521702 0.681489
vt 0.526762 0.641610
vt 0.529924 0.658634
vt 0.534625 0.650083
vt 0.518111 0.677760
vt 0.518838 0.672851
vt 0.519182 0.668517
vt 0.521319 0.662611
vt 0.513729 0.686844
vt 0.514664 0.684966
vt 0.516078 0.680881
vt 0.521890 0.657470
vt 0.523506 0.647825
vt 0.515221 0.689687
vt 0.518624 0.695951
vt 0.513486 0.690524
vt 0.511782 0.691202
vt 0.511769 0.698584
vt 0.515031 0.697574
vt 0.509381 0.699785
vt 0.510302 0.699042
vt 0.509895 0.691619
vt 0.509194 0.691709
vt 0.766840 0.883812
vt 0.766842 0.916533
vt 0.747399 0.917452
vt 0.724083 0.918251
vt 0.718337 0.879372
vt 0.742247 0.881572
vt 0.478664 0.028649
vt 0.442840 0.177816
vt 0.458890 0.169251
vt 0.441137 0.025498
vt 0.452102 0.025244
vt 0.470159 0.126280
vt 0.460268 0.122154
vt 0.461317 0.140530
vt 0.334129 0.085457
vt 0.350277 0.084491
vt 0.363816 0.083643
vt 0.358241 0.042441
vt 0.363810 0.052627
vt 0.376228 0.083199
vt 0.378768 0.041736
vt 0.380411 0.053403
vt 0.387330 0.083065
vt 0.345472 0.042848
vt 0.349623 0.053170
vt 0.335779 0.055443
vt 0.335064 0.046985
vt 0.318723 0.052051
vt 0.308487 0.100359
vt 0.303355 0.056003
vt 0.265255 0.166768
vt 0.433823 0.200205
vt 0.436202 0.217220
vt 0.308669 0.208149
vt 0.308980 0.196903
vt 0.343619 0.163648
vt 0.326762 0.159043
vt 0.367592 0.133132
vt 0.318609 0.209570
vt 0.340405 0.191976
vt 0.352135 0.179087
vt 0.360200 0.166975
vt 0.373889 0.145164
vt 0.380563 0.135127
vt 0.360018 0.219105
vt 0.365333 0.196614
vt 0.371986 0.181545
vt 0.377395 0.168669
vt 0.387643 0.146808
vt 0.392591 0.136148
vt 0.325070 0.188110
vt 0.335304 0.175357
vt 0.319865 0.169943
vt 0.314909 0.181048
vt 0.270824 0.113170
vt 0.288691 0.124649
vt 0.269131 0.170444
vt 0.317326 0.044115
vt 0.316990 0.045158
vt 0.440023 0.025713
vt 0.412268 0.126145
vt 0.335527 0.035429
vt 0.335485 0.028499
vt 0.337838 0.027750
vt 0.340231 0.038233
vt 0.374650 0.120480
vt 0.374554 0.109230
vt 0.341708 0.024412
vt 0.344058 0.027750
vt 0.385678 0.121924
vt 0.385780 0.109849
vt 0.377160 0.020712
vt 0.377578 0.025167
vt 0.405414 0.124142
vt 0.396366 0.123029
vt 0.396252 0.110186
vt 0.279418 0.095904
vt 0.276377 0.099292
vt 0.285033 0.074831
vt 0.304110 0.047067
vt 0.304239 0.048418
vt 0.400876 0.147833
vt 0.404755 0.139016
vt 0.426251 0.150597
vt 0.413297 0.148009
vt 0.416145 0.139982
vt 0.441745 0.140629
vt 0.368124 0.667933
vt 0.379867 0.492874
vt 0.376834 0.507916
vt 0.372783 0.516223
vt 0.374836 0.529254
vt 0.367847 0.478511
vt 0.365203 0.503289
vt 0.364679 0.492331
vt 0.320433 0.526661
vt 0.300771 0.526832
vt 0.214842 0.564177
vt 0.282611 0.548126
vt 0.299042 0.547644
vt 0.322176 0.548818
vt 0.356748 0.547790
vt 0.380951 0.548652
vt 0.371949 0.546838
vt 0.354023 0.494036
vt 0.345906 0.487938
vt 0.339536 0.472830
vt 0.340299 0.469311
vt 0.334089 0.677104
vt 0.359147 0.481573
vt 0.349058 0.480475
vt 0.349878 0.473899
vt 0.360495 0.474143
vt 0.317754 0.680380
vt 0.319279 0.466243
vt 0.321855 0.471186
vt 0.319444 0.483874
vt 0.317839 0.474746
vt 0.313724 0.471177
vt 0.316292 0.468241
vt 0.317802 0.472211
vt 0.315593 0.674569
vt 0.313838 0.679359
vt 0.328803 0.663551
vt 0.321059 0.665164
vt 0.297084 0.468349
vt 0.296824 0.472274
vt 0.295690 0.484503
vt 0.294365 0.476898
vt 0.292033 0.473461
vt 0.291695 0.469204
vt 0.294662 0.472661
vt 0.279441 0.470990
vt 0.278510 0.475782
vt 0.273667 0.486435
vt 0.272521 0.478083
vt 0.269764 0.477834
vt 0.270303 0.473979
vt 0.272576 0.472831
vt 0.275560 0.677303
vt 0.273597 0.678706
vt 0.257677 0.475546
vt 0.258269 0.479671
vt 0.252865 0.476924
vt 0.255014 0.478113
vt 0.238659 0.680229
vt 0.237881 0.479187
vt 0.233749 0.483895
vt 0.233811 0.480021
vt 0.236235 0.481659
vt 0.236245 0.677652
vt 0.232737 0.679917
vt 0.342330 0.500486
vt 0.321110 0.497440
vt 0.275708 0.499420
vt 0.297867 0.497913
vt 0.323916 0.491653
vt 0.326342 0.482360
vt 0.336688 0.484197
vt 0.331781 0.492698
vt 0.304186 0.489911
vt 0.302266 0.482099
vt 0.312104 0.481808
vt 0.312490 0.489660
vt 0.281164 0.491329
vt 0.278483 0.484064
vt 0.288464 0.483144
vt 0.289236 0.490749
vt 0.268071 0.485688
vt 0.363366 0.520173
vt 0.347607 0.524042
vt 0.351636 0.508116
vt 0.207100 0.677810
vt 0.206715 0.672762
vt 0.209717 0.484283
vt 0.211778 0.481960
vt 0.211225 0.485603
vt 0.211634 0.493851
vt 0.210291 0.487928
vt 0.205234 0.674740
vt 0.205444 0.670497
vt 0.173234 0.524832
vt 0.175795 0.559816
vt 0.193125 0.562254
vt 0.175370 0.575522
vt 0.191916 0.576157
vt 0.192344 0.527519
vt 0.207766 0.485794
vt 0.207168 0.482450
vt 0.202390 0.678072
vt 0.260794 0.487061
vt 0.255073 0.482898
vt 0.255815 0.489862
vt 0.254184 0.480714
vt 0.237389 0.485396
vt 0.238530 0.482723
vt 0.236455 0.492195
vt 0.261982 0.493406
vt 0.268713 0.492662
vt 0.242141 0.489738
vt 0.250815 0.488638
vt 0.237672 0.530385
vt 0.211655 0.528710
vt 0.242476 0.496098
vt 0.249790 0.495172
vt 0.255980 0.500807
vt 0.235662 0.503424
vt 0.218376 0.491251
vt 0.229850 0.490814
vt 0.213107 0.504241
vt 0.219976 0.497529
vt 0.228358 0.497237
vt 0.187277 0.677070
vt 0.195390 0.483069
vt 0.195044 0.486522
vt 0.193142 0.494160
vt 0.194022 0.488139
vt 0.193170 0.486219
vt 0.192536 0.482583
vt 0.194109 0.484305
vt 0.185737 0.675087
vt 0.183990 0.677573
vt 0.185658 0.670292
vt 0.183123 0.672640
vt 0.202552 0.672739
vt 0.186735 0.672023
vt 0.200606 0.662588
vt 0.190653 0.662707
vt 0.198986 0.498276
vt 0.198086 0.492659
vt 0.205259 0.492399
vt 0.205784 0.498294
vt 0.166012 0.676452
vt 0.166374 0.671834
vt 0.178008 0.482031
vt 0.176862 0.484888
vt 0.174344 0.492115
vt 0.175697 0.486622
vt 0.175861 0.482873
vt 0.163718 0.674934
vt 0.163502 0.670300
vt 0.160291 0.677855
vt 0.173115 0.480392
vt 0.172811 0.483975
vt 0.141436 0.680461
vt 0.157072 0.476093
vt 0.137877 0.672201
vt 0.156883 0.480821
vt 0.157013 0.489705
vt 0.159000 0.479188
vt 0.160988 0.477716
vt 0.161202 0.482815
vt 0.157666 0.483680
vt 0.145182 0.679150
vt 0.143197 0.676668
vt 0.142668 0.670966
vt 0.155572 0.665623
vt 0.157658 0.672434
vt 0.148438 0.672786
vt 0.152003 0.665657
vt 0.127078 0.671008
vt 0.126951 0.677285
vt 0.144558 0.477327
vt 0.144576 0.482073
vt 0.140475 0.483277
vt 0.136282 0.479100
vt 0.140720 0.479404
vt 0.122934 0.674241
vt 0.122424 0.668227
vt 0.179027 0.490623
vt 0.187919 0.491817
vt 0.156991 0.499112
vt 0.174530 0.502075
vt 0.180298 0.496788
vt 0.187215 0.497584
vt 0.193319 0.503953
vt 0.162361 0.494378
vt 0.162111 0.488994
vt 0.169282 0.489912
vt 0.168650 0.495394
vt 0.152475 0.487777
vt 0.117816 0.674809
vt 0.117635 0.668644
vt 0.129650 0.482444
vt 0.257159 0.539451
vt 0.258063 0.550720
vt 0.213074 0.576689
vt 0.234175 0.539570
vt 0.256995 0.528283
vt 0.266033 0.550654
vt 0.266146 0.539982
vt 0.276600 0.527712
vt 0.319889 0.677598
vt 0.319212 0.674655
vt 0.333286 0.672597
vt 0.334101 0.675096
vt 0.749379 0.513204
vt 0.749414 0.495038
vt 0.737141 0.494186
vt 0.675572 0.126202
vt 0.749729 0.348716
vt 0.749871 0.286271
vt 0.750046 0.213290
vt 0.750092 0.175369
vt 0.687202 0.403133
vt 0.686213 0.349275
vt 0.686568 0.282245
vt 0.689271 0.213695
vt 0.694408 0.165239
vt 0.669538 0.168441
vt 0.681610 0.135234
vt 0.698062 0.145132
vt 0.696217 0.170906
vt 0.704131 0.143123
vt 0.707943 0.144855
vt 0.722354 0.129640
vt 0.750119 0.157917
vt 0.694207 0.179088
vt 0.712429 0.149453
vt 0.723549 0.135060
vt 0.750226 0.107218
vt 0.750081 0.192219
vt 0.750051 0.210604
vt 0.690647 0.192039
vt 0.689482 0.211941
vt 0.662850 0.194060
vt 0.676447 0.202902
vt 0.652150 0.210983
vt 0.674855 0.212185
vt 0.672818 0.222773
vt 0.689161 0.215233
vt 0.750040 0.216034
vt 0.749971 0.245551
vt 0.749876 0.284239
vt 0.687569 0.236389
vt 0.686632 0.280802
vt 0.657155 0.239383
vt 0.673900 0.273269
vt 0.645005 0.268406
vt 0.669364 0.279577
vt 0.652426 0.296786
vt 0.672589 0.290424
vt 0.686640 0.306796
vt 0.686530 0.283734
vt 0.749867 0.288179
vt 0.749819 0.308838
vt 0.749773 0.329185
vt 0.749735 0.346254
vt 0.685885 0.327815
vt 0.686897 0.346877
vt 0.650042 0.324686
vt 0.672261 0.338841
vt 0.643606 0.345053
vt 0.667856 0.349147
vt 0.673464 0.360929
vt 0.686966 0.351785
vt 0.749724 0.351164
vt 0.715445 0.216508
vt 0.732106 0.211917
vt 0.715074 0.218278
vt 0.732065 0.213701
vt 0.715300 0.220251
vt 0.732149 0.215647
vt 0.714486 0.238613
vt 0.731760 0.242872
vt 0.714691 0.286290
vt 0.731296 0.283002
vt 0.714506 0.288096
vt 0.731257 0.284964
vt 0.714634 0.289942
vt 0.731321 0.286853
vt 0.714551 0.308306
vt 0.731693 0.308660
vt 0.714531 0.328767
vt 0.732069 0.328781
vt 0.713824 0.350148
vt 0.732050 0.346819
vt 0.713618 0.352348
vt 0.732101 0.349174
vt 0.713831 0.354904
vt 0.732234 0.351664
vt 0.730487 0.405643
vt 0.711416 0.405980
vt 0.750137 0.149435
vt 0.750217 0.111153
vt 0.732141 0.141529
vt 0.740895 0.145430
vt 0.720923 0.156299
vt 0.736732 0.159340
vt 0.732786 0.192908
vt 0.716042 0.192128
vt 0.717742 0.175706
vt 0.734080 0.175885
vt 0.689641 0.425866
vt 0.689292 0.423944
vt 0.711258 0.430889
vt 0.711459 0.428792
vt 0.674028 0.413762
vt 0.714714 0.449103
vt 0.711637 0.432440
vt 0.749443 0.481135
vt 0.735176 0.481648
vt 0.749513 0.448092
vt 0.731799 0.448062
vt 0.749550 0.430989
vt 0.731108 0.428747
vt 0.749554 0.428612
vt 0.730638 0.427078
vt 0.749558 0.426905
vt 0.730717 0.425059
vt 0.749600 0.406702
vt 0.085261 0.877059
vt 0.111634 0.876552
vt 0.098242 0.877163
vt 0.098505 0.868974
vt 0.111634 0.868651
vt 0.385447 0.820599
vt 0.322250 0.796137
vt 0.322234 0.807506
vt 0.322266 0.783219
vt 0.391608 0.794993
vt 0.388020 0.807284
vt 0.085523 0.868934
vt 0.322272 0.766104
vt 0.111634 0.827739
vt 0.322234 0.856923
vt 0.322234 0.832891
vt 0.384736 0.835035
vt 0.364211 0.851142
vt 0.361519 0.851139
vt 0.355759 0.858680
vt 0.356745 0.858390
vt 0.366492 0.861518
vt 0.368015 0.861499
vt 0.359307 0.800440
vt 0.373510 0.804206
vt 0.361595 0.787372
vt 0.376212 0.790809
vt 0.364162 0.774011
vt 0.354558 0.840064
vt 0.354953 0.840205
vt 0.355421 0.839905
vt 0.354999 0.839152
vt 0.359173 0.863398
vt 0.358222 0.863920
vt 0.092950 0.917222
vt 0.089839 0.906801
vt 0.111634 0.906481
vt 0.100645 0.906492
vt 0.087609 0.895413
vt 0.085971 0.885952
vt 0.111634 0.885509
vt 0.111634 0.894564
vt 0.099524 0.894758
vt 0.098777 0.885402
vt 0.368852 0.861938
vt 0.354543 0.834692
vt 0.354891 0.838302
vt 0.352243 0.837619
vt 0.353767 0.839132
vt 0.352836 0.858765
vt 0.354783 0.858822
vt 0.357455 0.864425
vt 0.355170 0.864598
vt 0.322234 0.906995
vt 0.358043 0.870607
vt 0.364412 0.873718
vt 0.360092 0.868908
vt 0.366388 0.872667
vt 0.367249 0.874851
vt 0.363470 0.876169
vt 0.367939 0.871574
vt 0.367912 0.869653
vt 0.366299 0.868797
vt 0.367043 0.868790
vt 0.354603 0.851884
vt 0.355075 0.843680
vt 0.353630 0.852499
vt 0.353652 0.845054
vt 0.352907 0.852615
vt 0.352491 0.844436
vt 0.350603 0.851652
vt 0.350585 0.843547
vt 0.322234 0.840820
vt 0.322234 0.849466
vt 0.369039 0.872259
vt 0.369916 0.870985
vt 0.371174 0.862662
vt 0.424553 0.816750
vt 0.425609 0.809349
vt 0.400257 0.825602
vt 0.414407 0.832738
vt 0.322234 0.919071
vt 0.332441 0.919162
vt 0.385651 0.849153
vt 0.351774 0.824670
vt 0.322234 0.816893
vt 0.322234 0.825156
vt 0.345008 0.917616
vt 0.339886 0.857031
vt 0.338755 0.848711
vt 0.339890 0.841167
vt 0.342039 0.834809
vt 0.343818 0.827818
vt 0.346465 0.822298
vt 0.364742 0.850873
vt 0.365618 0.850292
vt 0.375311 0.847454
vt 0.084026 0.917552
vt 0.079798 0.907211
vt 0.076856 0.895357
vt 0.075578 0.886326
vt 0.075813 0.876197
vt 0.407840 0.800330
vt 0.413588 0.819365
vt 0.402231 0.812666
vt 0.076066 0.868010
vt 0.061797 0.866375
vt 0.064704 0.862596
vt 0.360400 0.840810
vt 0.356675 0.836614
vt 0.358780 0.843057
vt 0.356444 0.839709
vt 0.358426 0.843829
vt 0.357979 0.844211
vt 0.356161 0.840912
vt 0.356392 0.840740
vt 0.348494 0.817456
vt 0.356787 0.812004
vt 0.354615 0.818988
vt 0.369960 0.818301
vt 0.367866 0.832879
vt 0.358719 0.827808
vt 0.361584 0.821654
vt 0.348247 0.835710
vt 0.344730 0.834853
vt 0.352260 0.831648
vt 0.349203 0.828660
vt 0.357300 0.834135
vt 0.358104 0.832017
vt 0.363758 0.837148
vt 0.362199 0.839517
vt 0.370060 0.849400
vt 0.368117 0.849364
vt 0.373692 0.862682
vt 0.372616 0.871710
vt 0.368233 0.877627
vt 0.364574 0.879017
vt 0.360548 0.878613
vt 0.355426 0.872176
vt 0.347796 0.873807
vt 0.351006 0.866093
vt 0.344246 0.866320
vt 0.349237 0.858449
vt 0.342200 0.857582
vt 0.348705 0.842406
vt 0.348036 0.850209
vt 0.340004 0.848104
vt 0.341462 0.840765
vt 0.398579 0.863291
vt 0.375656 0.863165
vt 0.380488 0.860488
vt 0.385231 0.864682
vt 0.349058 0.882243
vt 0.357859 0.882094
vt 0.365167 0.884538
vt 0.363920 0.882735
vt 0.371335 0.882146
vt 0.369076 0.881401
vt 0.375129 0.873674
vt 0.376688 0.873305
vt 0.389388 0.867698
vt 0.389682 0.871604
vt 0.384031 0.876314
vt 0.399602 0.852300
vt 0.400000 0.837395
vt 0.416400 0.845767
vt 0.416738 0.839526
vt 0.413893 0.855050
vt 0.393842 0.876858
vt 0.411108 0.876542
vt 0.398940 0.876237
vt 0.399551 0.868825
vt 0.400219 0.863122
vt 0.413264 0.865933
vt 0.414068 0.856911
vt 0.389284 0.879434
vt 0.394925 0.907960
vt 0.388029 0.900726
vt 0.397409 0.884766
vt 0.406604 0.889386
vt 0.382705 0.922356
vt 0.368055 0.935275
vt 0.362699 0.923883
vt 0.376507 0.913388
vt 0.377050 0.888324
vt 0.381500 0.893624
vt 0.349908 0.771696
vt 0.335176 0.767994
vt 0.348029 0.785316
vt 0.335008 0.783609
vt 0.334174 0.796521
vt 0.345929 0.798374
vt 0.333881 0.808265
vt 0.344359 0.811018
vt 0.332252 0.817542
vt 0.341237 0.819684
vt 0.338852 0.827000
vt 0.331125 0.825749
vt 0.330332 0.833316
vt 0.337575 0.834086
vt 0.329745 0.840856
vt 0.336797 0.840867
vt 0.336593 0.848561
vt 0.329219 0.849042
vt 0.337555 0.857365
vt 0.329484 0.857022
vt 0.342270 0.905870
vt 0.331435 0.906872
vt 0.370858 0.903996
vt 0.358153 0.912479
vt 0.357469 0.883576
vt 0.354349 0.902321
vt 0.351672 0.893955
vt 0.358490 0.892196
vt 0.366054 0.894626
vt 0.347699 0.931030
vt 0.351612 0.946108
vt 0.342441 0.866962
vt 0.346232 0.874774
vt 0.348268 0.879953
vt 0.426113 0.801276
vt 0.064498 0.846964
vt 0.087498 0.813368
vt 0.111634 0.810457
vt 0.111634 0.818608
vt 0.420702 0.759218
vt 0.391999 0.752579
vt 0.370486 0.749400
vt 0.367276 0.761264
vt 0.352141 0.747911
vt 0.350414 0.759412
vt 0.322236 0.743539
vt 0.340368 0.746068
vt 0.335247 0.756747
vt 0.322253 0.755781
vt 0.058077 0.816280
vt 0.395223 0.783680
vt 0.379631 0.777600
vt 0.386771 0.764353
vt 0.418880 0.768099
vt 0.094113 0.830640
vt 0.085883 0.821725
vt 0.056186 0.826701
vt 0.407299 0.788810
vt 0.429336 0.793645
vt 0.426939 0.787136
vt 0.408927 0.782192
vt 0.401722 0.776050
vt 0.420894 0.775884
vt 0.060851 0.843019
vt 0.057277 0.835082
vt 0.080730 0.836937
vt 0.071898 0.843143
vt 0.068738 0.839378
vt 0.072786 0.832913
vt 0.017666 0.785764
vt 0.006187 0.773332
vt 0.024599 0.759216
vt 0.111634 0.781036
vt 0.766841 0.931852
vt 0.508022 0.510025
vt 0.786297 0.917459
vt 0.789175 0.932425
vt 0.496812 0.509698
vt 0.766798 0.803324
vt 0.766791 0.778491
vt 0.790619 0.779284
vt 0.791549 0.802107
vt 0.814220 0.800884
vt 0.812932 0.778428
vt 0.874969 0.797338
vt 0.873574 0.774574
vt 0.924390 0.804451
vt 0.766822 0.849431
vt 0.766807 0.826052
vt 0.791718 0.824655
vt 0.791991 0.846714
vt 0.815912 0.844496
vt 0.815152 0.823158
vt 0.872409 0.840403
vt 0.874427 0.820287
vt 0.891877 0.841705
vt 0.896283 0.821328
vt 0.918984 0.825706
vt 0.912026 0.844506
vt 0.766832 0.866727
vt 0.792159 0.863713
vt 0.791438 0.881550
vt 0.815365 0.879315
vt 0.815619 0.861695
vt 0.868375 0.873589
vt 0.869789 0.857193
vt 0.883374 0.872519
vt 0.887149 0.857782
vt 0.904184 0.860311
vt 0.897841 0.873486
vt 0.766784 0.684840
vt 0.766786 0.706843
vt 0.787731 0.685891
vt 0.788472 0.708433
vt 0.808762 0.708794
vt 0.807405 0.686713
vt 0.864018 0.703643
vt 0.858518 0.682981
vt 0.896273 0.679657
vt 0.766788 0.737259
vt 0.766789 0.758778
vt 0.789310 0.735094
vt 0.789984 0.757485
vt 0.811653 0.755938
vt 0.810235 0.732863
vt 0.872527 0.751926
vt 0.868179 0.729000
vt 0.913054 0.724713
vt 0.766793 0.565500
vt 0.872241 0.584821
vt 0.845389 0.566271
vt 0.787245 0.547756
vt 0.955079 0.799860
vt 0.920474 0.668211
vt 0.933270 0.712294
vt 0.594477 0.101566
vt 0.562349 0.362458
vt 0.551860 0.212709
vt 0.546587 0.272699
vt 0.949018 0.802142
vt 0.944476 0.803591
vt 0.932268 0.713368
vt 0.926143 0.721462
vt 0.919032 0.669905
vt 0.907619 0.678570
vt 0.869033 0.587669
vt 0.866897 0.604366
vt 0.841580 0.570018
vt 0.839117 0.582519
vt 0.786476 0.548479
vt 0.783739 0.559960
vt 0.774508 0.558479
vt 0.558341 0.278804
vt 0.570971 0.222469
vt 0.618846 0.464518
vt 0.631005 0.469056
vt 0.728819 0.030603
vt 0.766802 0.550585
vt 0.765028 0.549567
vt 0.749392 0.056649
vt 0.747859 0.059452
vt 0.490112 0.510101
vt 0.477046 0.511477
vt 0.899403 0.687556
vt 0.910454 0.685217
vt 0.924479 0.667856
vt 0.922441 0.669302
vt 0.546958 0.212167
vt 0.553575 0.185670
vt 0.583363 0.192806
vt 0.572633 0.214466
vt 0.553200 0.207991
vt 0.917442 0.648347
vt 0.919530 0.666817
vt 0.911605 0.651232
vt 0.917947 0.667216
vt 0.896507 0.656285
vt 0.904860 0.671876
vt 0.889722 0.688971
vt 0.874451 0.681107
vt 0.885724 0.680566
vt 0.886696 0.660491
vt 0.892640 0.671251
vt 0.883484 0.671803
vt 0.584782 0.233653
vt 0.567024 0.227773
vt 0.610697 0.199969
vt 0.613316 0.225610
vt 0.589152 0.225895
vt 0.587891 0.213784
vt 0.916023 0.733118
vt 0.938088 0.740401
vt 0.929026 0.725519
vt 0.939799 0.714187
vt 0.946681 0.733051
vt 0.941335 0.734512
vt 0.936786 0.716347
vt 0.547383 0.300294
vt 0.543104 0.278145
vt 0.544100 0.230820
vt 0.566185 0.243169
vt 0.560451 0.271118
vt 0.545715 0.270811
vt 0.933806 0.681270
vt 0.934134 0.711311
vt 0.926392 0.683137
vt 0.933425 0.711407
vt 0.914554 0.692036
vt 0.922560 0.715535
vt 0.904283 0.736958
vt 0.896477 0.749435
vt 0.886831 0.728020
vt 0.900592 0.727572
vt 0.901492 0.695661
vt 0.909476 0.716602
vt 0.898734 0.718245
vt 0.884377 0.699023
vt 0.577020 0.293451
vt 0.595120 0.313728
vt 0.555179 0.307231
vt 0.556698 0.288338
vt 0.599088 0.263053
vt 0.606230 0.289192
vt 0.580501 0.282901
vt 0.579757 0.272040
vt 0.933987 0.746987
vt 0.945258 0.745109
vt 0.945160 0.745171
vt 0.551242 0.311537
vt 0.566229 0.312193
vt 0.549235 0.312603
vt 0.561871 0.321439
vt 0.564239 0.330723
vt 0.545248 0.319585
vt 0.945747 0.746211
vt 0.952498 0.753640
vt 0.943859 0.747517
vt 0.950339 0.753596
vt 0.936067 0.754744
vt 0.935919 0.765708
vt 0.922067 0.764394
vt 0.923330 0.778860
vt 0.910930 0.780998
vt 0.899129 0.795162
vt 0.893557 0.772275
vt 0.908301 0.768979
vt 0.917845 0.744867
vt 0.920509 0.753828
vt 0.908194 0.757491
vt 0.584645 0.340916
vt 0.608815 0.363263
vt 0.575967 0.363602
vt 0.607785 0.337654
vt 0.583753 0.329190
vt 0.580959 0.314838
vt 0.566715 0.165321
vt 0.584282 0.170027
vt 0.583447 0.179748
vt 0.560946 0.165515
vt 0.901138 0.634454
vt 0.907089 0.634050
vt 0.899763 0.636694
vt 0.904459 0.637421
vt 0.888859 0.642363
vt 0.892829 0.648392
vt 0.883942 0.651758
vt 0.597352 0.181853
vt 0.627707 0.182822
vt 0.601266 0.172442
vt 0.876130 0.653857
vt 0.872356 0.611446
vt 0.883710 0.602347
vt 0.882404 0.602799
vt 0.581576 0.120221
vt 0.614491 0.118086
vt 0.588269 0.124902
vt 0.579704 0.126906
vt 0.881655 0.605338
vt 0.887209 0.602371
vt 0.881314 0.606004
vt 0.885961 0.604063
vt 0.874635 0.615353
vt 0.877525 0.619881
vt 0.870862 0.622779
vt 0.868217 0.617685
vt 0.862606 0.619611
vt 0.854344 0.611777
vt 0.860713 0.607789
vt 0.865457 0.612820
vt 0.860639 0.614739
vt 0.616088 0.084226
vt 0.640337 0.088661
vt 0.630292 0.097159
vt 0.610686 0.087114
vt 0.856603 0.581567
vt 0.861627 0.578577
vt 0.856632 0.581887
vt 0.861265 0.580232
vt 0.854477 0.592496
vt 0.859152 0.595959
vt 0.850652 0.598804
vt 0.856147 0.602590
vt 0.834560 0.590963
vt 0.843157 0.609544
vt 0.846265 0.603440
vt 0.852162 0.605880
vt 0.880402 0.644233
vt 0.872587 0.646060
vt 0.865018 0.625066
vt 0.766789 0.648338
vt 0.766788 0.665046
vt 0.786736 0.666431
vt 0.786283 0.648549
vt 0.806073 0.667103
vt 0.805474 0.649086
vt 0.863321 0.647540
vt 0.872625 0.663186
vt 0.853956 0.665050
vt 0.849379 0.648805
vt 0.766789 0.631807
vt 0.766786 0.615270
vt 0.786328 0.631649
vt 0.787189 0.615016
vt 0.805347 0.632617
vt 0.805558 0.616738
vt 0.855331 0.621129
vt 0.861890 0.632490
vt 0.846628 0.633848
vt 0.843565 0.620797
vt 0.886223 0.635785
vt 0.881180 0.626158
vt 0.898607 0.617645
vt 0.900841 0.633324
vt 0.899872 0.633537
vt 0.894375 0.619800
vt 0.563028 0.163393
vt 0.576310 0.134970
vt 0.873616 0.629189
vt 0.877325 0.636960
vt 0.870506 0.638575
vt 0.829405 0.566286
vt 0.831053 0.564020
vt 0.830599 0.565401
vt 0.821503 0.574753
vt 0.829078 0.577183
vt 0.816439 0.581938
vt 0.824987 0.585785
vt 0.828204 0.601303
vt 0.822228 0.592279
vt 0.641845 0.099539
vt 0.644280 0.109255
vt 0.621167 0.109147
vt 0.672445 0.045413
vt 0.683557 0.058016
vt 0.649730 0.054830
vt 0.828996 0.568648
vt 0.828374 0.564342
vt 0.792213 0.563326
vt 0.799235 0.552918
vt 0.798236 0.554074
vt 0.714965 0.035811
vt 0.812451 0.555486
vt 0.683239 0.040309
vt 0.712092 0.035863
vt 0.713986 0.039325
vt 0.799681 0.554790
vt 0.800530 0.553302
vt 0.799221 0.556286
vt 0.800435 0.554943
vt 0.794497 0.564203
vt 0.798010 0.565423
vt 0.799529 0.573660
vt 0.794154 0.571999
vt 0.789498 0.570180
vt 0.788699 0.576192
vt 0.776026 0.575885
vt 0.775784 0.566160
vt 0.783183 0.569061
vt 0.784217 0.577997
vt 0.766786 0.585215
vt 0.766788 0.575742
vt 0.776633 0.584683
vt 0.664150 0.491916
vt 0.646890 0.478666
vt 0.322277 0.708481
vt 0.788698 0.953734
vt 0.787837 0.969370
vt 0.766799 0.965743
vt 0.766824 0.952476
vt 0.322245 0.718374
vt 0.322234 0.724511
vt 0.334022 0.720412
vt 0.344480 0.710180
vt 0.352132 0.726401
vt 0.336530 0.727721
vt 0.660716 0.131353
vt 0.646091 0.464474
vt 0.635597 0.456751
vt 0.677800 0.067531
vt 0.651229 0.092898
vt 0.666788 0.098841
vt 0.746279 0.061396
vt 0.652766 0.366859
vt 0.686753 0.372097
vt 0.685348 0.388394
vt 0.712030 0.372727
vt 0.710536 0.388800
vt 0.731292 0.371148
vt 0.749679 0.371036
vt 0.749640 0.388529
vt 0.730544 0.388301
vt 0.077461 0.783824
vt 0.044120 0.779520
vt 0.721559 0.482797
vt 0.452336 0.882142
vt 0.457703 0.880237
vt 0.460468 0.878910
vt 0.464517 0.875261
vt 0.442590 0.313330
vt 0.322234 0.946224
vt 0.322234 0.931752
vt 0.331909 0.934082
vt 0.336248 0.949161
vt 0.323540 0.954727
vt 0.322415 0.950506
vt 0.091933 0.931961
vt 0.089233 0.924705
vt 0.098204 0.930757
vt 0.096662 0.924009
vt 0.111634 0.930461
vt 0.105343 0.930522
vt 0.666712 0.181778
vt 0.631765 0.168902
vt 0.668943 0.173193
vt 0.599881 0.157054
vt 0.586225 0.152563
vt 0.353891 0.670773
vt 0.352270 0.670145
vt 0.340687 0.670714
vt 0.343238 0.668998
vt 0.347478 0.671723
vt 0.348151 0.672760
vt 0.111634 0.794049
vt 0.111634 0.803078
vt 0.052694 0.795946
vt 0.080166 0.794981
vt 0.081039 0.804155
vt 0.055739 0.804866
vt 0.424857 0.750106
vt 0.425192 0.741978
vt 0.400857 0.742754
vt 0.401341 0.736341
vt 0.376707 0.735108
vt 0.376840 0.741447
vt 0.354148 0.735255
vt 0.354750 0.740182
vt 0.322230 0.732541
vt 0.336386 0.735356
vt 0.336431 0.738403
vt 0.322231 0.735249
vt 0.708723 0.076864
vt 0.706617 0.079935
vt 0.712400 0.059640
vt 0.717562 0.053467
vt 0.703370 0.051727
vt 0.711265 0.048716
vt 0.713039 0.048634
vt 0.266886 0.142833
vt 0.272112 0.141842
vt 0.286649 0.071249
vt 0.287878 0.072435
vt 0.293555 0.107397
vt 0.294131 0.107321
vt 0.290690 0.105186
vt 0.294279 0.104699
vt 0.294042 0.106472
vt 0.293870 0.106821
vt 0.288370 0.112511
vt 0.293093 0.112386
vt 0.302045 0.130079
vt 0.322234 0.884157
vt 0.322234 0.895418
vt 0.340109 0.884973
vt 0.322234 0.878633
vt 0.322234 0.874424
vt 0.340583 0.895744
vt 0.329612 0.896060
vt 0.328395 0.882820
vt 0.328475 0.882580
vt 0.328577 0.882574
vt 0.328657 0.882624
vt 0.328654 0.882751
vt 0.328639 0.882870
vt 0.747155 0.062754
vt 0.750317 0.063666
vt 0.727051 0.050552
vt 0.455360 0.321997
vt 0.456645 0.327031
vt 0.458853 0.325889
vt 0.457392 0.329094
vt 0.457234 0.328020
vt 0.464844 0.328293
vt 0.465010 0.327262
vt 0.111565 0.734291
vt 0.111634 0.742580
vt 0.078964 0.731262
vt 0.085629 0.725149
vt 0.731497 0.505666
vt 0.726456 0.508921
vt 0.715108 0.495178
vt 0.711653 0.499984
vt 0.705439 0.485541
vt 0.700514 0.488801
vt 0.682652 0.454997
vt 0.689720 0.427028
vt 0.685375 0.451372
vt 0.674623 0.426285
vt 0.679326 0.433745
vt 0.655059 0.388993
vt 0.661184 0.408312
vt 0.619667 0.389859
vt 0.665206 0.426812
vt 0.937601 0.890318
vt 0.617000 0.455606
vt 0.601198 0.460797
vt 0.920751 0.864839
vt 0.935045 0.826334
vt 0.926722 0.846162
vt 0.954957 0.829404
vt 0.945179 0.826141
vt 0.948749 0.852998
vt 0.944297 0.871413
vt 0.931200 0.867886
vt 0.936862 0.849013
vt 0.588511 0.391658
vt 0.571049 0.393147
vt 0.649560 0.425340
vt 0.596351 0.427692
vt 0.598873 0.433264
vt 0.591982 0.441439
vt 0.580064 0.423456
vt 0.608010 0.124888
vt 0.628710 0.138878
vt 0.603362 0.127916
vt 0.623743 0.145207
vt 0.608406 0.148380
vt 0.597071 0.137280
vt 0.325278 0.071575
vt 0.341400 0.069075
vt 0.338098 0.062736
vt 0.356265 0.068507
vt 0.352805 0.061058
vt 0.370254 0.068950
vt 0.367132 0.061086
vt 0.382656 0.069687
vt 0.381396 0.062555
vt 0.393084 0.070607
vt 0.400716 0.071782
vt 0.390463 0.090462
vt 0.393772 0.099222
vt 0.379512 0.090707
vt 0.383054 0.099189
vt 0.368154 0.090111
vt 0.371691 0.098358
vt 0.355368 0.090686
vt 0.360196 0.096035
vt 0.336623 0.092010
vt 0.319968 0.059013
vt 0.322174 0.065380
vt 0.311702 0.104971
vt 0.315592 0.110486
vt 0.294592 0.106803
vt 0.734088 0.069338
vt 0.742553 0.063448
vt 0.399895 0.242941
vt 0.413938 0.240966
vt 0.426815 0.239069
vt 0.501775 0.275630
vt 0.516343 0.279578
vt 0.405187 0.280573
vt 0.419687 0.276436
vt 0.432204 0.273356
vt 0.461164 0.327452
vt 0.488095 0.325094
vt 0.483200 0.316857
vt 0.494924 0.298188
vt 0.506204 0.304695
vt 0.434074 0.325430
vt 0.415854 0.305458
vt 0.439014 0.317229
vt 0.426945 0.298825
vt 0.437046 0.294172
vt 0.453873 0.870675
vt 0.458275 0.871093
vt 0.750249 0.096085
vt 0.750237 0.101727
vt 0.715239 0.126990
vt 0.396763 0.083387
vt 0.405759 0.082944
vt 0.414825 0.081717
vt 0.424803 0.079691
vt 0.750307 0.068331
vt 0.750288 0.077426
vt 0.744444 0.077122
vt 0.745603 0.068925
vt 0.714450 0.068515
vt 0.713658 0.065088
vt 0.725904 0.057417
vt 0.720058 0.063761
vt 0.394354 0.168270
vt 0.392888 0.181268
vt 0.412377 0.178100
vt 0.423804 0.218057
vt 0.390579 0.218558
vt 0.388656 0.195701
vt 0.417087 0.195178
vt 0.403967 0.023633
vt 0.431522 0.025723
vt 0.487456 0.052276
vt 0.394759 0.064273
vt 0.406035 0.068233
vt 0.713723 0.108990
vt 0.712939 0.098262
vt 0.453814 0.028809
vt 0.481224 0.033291
vt 0.745830 0.079089
vt 0.750280 0.081157
vt 0.434122 0.077451
vt 0.403123 0.028320
vt 0.398457 0.055858
vt 0.400931 0.042873
vt 0.433310 0.033910
vt 0.440370 0.034891
vt 0.417420 0.062107
vt 0.420511 0.048328
vt 0.440198 0.049610
vt 0.481810 0.070635
vt 0.447145 0.079832
vt 0.736615 0.088729
vt 0.750257 0.092370
vt 0.744686 0.081371
vt 0.750279 0.084303
vt 0.452972 0.040648
vt 0.483850 0.039347
vt 0.111634 0.751720
vt 0.111634 0.763200
vt 0.081741 0.751866
vt 0.082187 0.763274
vt 0.063832 0.752365
vt 0.053892 0.765769
vt 0.040560 0.750747
vt 0.053974 0.740845
vt 0.709377 0.514275
vt 0.399551 0.090925
vt 0.408181 0.090214
vt 0.402955 0.099231
vt 0.409912 0.097759
vt 0.417570 0.089182
vt 0.429226 0.087381
vt 0.406160 0.110587
vt 0.410771 0.103771
vt 0.418139 0.097426
vt 0.415809 0.103931
vt 0.459861 0.115298
vt 0.419269 0.111496
vt 0.429308 0.098775
vt 0.451419 0.099008
vt 0.474468 0.111923
vt 0.459516 0.097477
vt 0.490110 0.077854
vt 0.745925 0.055507
vt 0.741913 0.060111
vt 0.747041 0.048741
vt 0.739533 0.051641
vt 0.749853 0.022424
vt 0.750721 0.035641
vt 0.743696 0.041718
vt 0.737243 0.022956
vt 0.770202 0.540096
vt 0.769476 0.539479
vt 0.779780 0.541215
vt 0.779209 0.542223
vt 0.827010 0.565082
vt 0.811635 0.556830
vt 0.813202 0.571511
vt 0.818629 0.573659
vt 0.807783 0.577631
vt 0.814068 0.580746
vt 0.809613 0.588055
vt 0.801978 0.584377
vt 0.812525 0.589460
vt 0.809104 0.599366
vt 0.792319 0.579663
vt 0.798798 0.583682
vt 0.766785 0.601502
vt 0.766785 0.592669
vt 0.786763 0.590928
vt 0.791198 0.595810
vt 0.674590 0.046507
vt 0.675800 0.043146
vt 0.691102 0.056191
vt 0.692735 0.055597
vt 0.709960 0.066370
vt 0.707653 0.067171
vt 0.704861 0.062346
vt 0.706742 0.061671
vt 0.266542 0.147005
vt 0.285486 0.147700
vt 0.299781 0.119545
vt 0.304218 0.117738
vt 0.330254 0.125921
vt 0.361979 0.108869
vt 0.338845 0.116050
vt 0.329894 0.114640
vt 0.340193 0.108868
vt 0.331428 0.108756
vt 0.324663 0.101335
vt 0.339170 0.098294
vt 0.334025 0.121779
vt 0.342170 0.133205
vt 0.345888 0.139319
vt 0.361233 0.118877
vt 0.354653 0.130526
vt 0.345709 0.129239
vt 0.348068 0.125118
vt 0.323506 0.136547
vt 0.313981 0.133967
vt 0.317604 0.128465
vt 0.326817 0.131017
vt 0.359744 0.142478
vt 0.322773 0.095781
vt 0.317354 0.087716
vt 0.307242 0.074301
vt 0.302419 0.074643
vt 0.305114 0.068687
vt 0.301069 0.069535
vt 0.298142 0.063211
vt 0.302865 0.062836
vt 0.292547 0.185387
vt 0.280326 0.177316
vt 0.298517 0.171268
vt 0.287521 0.164374
vt 0.298755 0.150681
vt 0.307357 0.152358
vt 0.302644 0.163253
vt 0.292534 0.159156
vt 0.266570 0.161760
vt 0.266596 0.154818
vt 0.284545 0.155680
vt 0.283226 0.161471
vt 0.287498 0.064123
vt 0.288522 0.057894
vt 0.296424 0.055054
vt 0.288669 0.064166
vt 0.289483 0.057811
vt 0.292507 0.050429
vt 0.289164 0.053375
vt 0.288606 0.053273
vt 0.292291 0.050106
vt 0.322234 0.887285
vt 0.322234 0.889111
vt 0.109925 0.670579
vt 0.110524 0.665979
vt 0.437705 0.177726
vt 0.410351 0.166117
vt 0.420913 0.160697
vt 0.631839 0.122900
vt 0.673267 0.141332
vt 0.682279 0.151311
vt 0.661155 0.147334
vt 0.660801 0.134451
vt 0.293336 0.111373
vt 0.293581 0.109344
vt 0.315563 0.112404
vt 0.312733 0.112770
vt 0.307254 0.115838
vt 0.308009 0.125245
vt 0.322144 0.123930
vt 0.314495 0.122072
vt 0.326895 0.119112
vt 0.632380 0.413743
vt 0.598657 0.415187
vt 0.606979 0.425938
vt 0.635241 0.429594
vt 0.606862 0.429441
vt 0.636285 0.433892
vt 0.636349 0.446121
vt 0.610366 0.439035
vt 0.655760 0.464369
vt 0.180056 0.661161
vt 0.169248 0.660328
vt 0.140776 0.663136
vt 0.124108 0.663513
vt 0.118133 0.661216
vt 0.129895 0.485347
vt 0.136898 0.482966
vt 0.171489 0.596486
vt 0.191749 0.596687
vt 0.211974 0.597005
vt 0.135304 0.516737
vt 0.175095 0.549320
vt 0.173898 0.536424
vt 0.192495 0.550714
vt 0.192269 0.538433
vt 0.133361 0.539917
vt 0.134479 0.528723
vt 0.213433 0.552874
vt 0.212201 0.540359
vt 0.236199 0.552902
vt 0.119263 0.492780
vt 0.114470 0.493798
vt 0.145753 0.487485
vt 0.125581 0.491218
vt 0.130022 0.491837
vt 0.146573 0.492473
vt 0.151973 0.493266
vt 0.136804 0.496132
vt 0.136637 0.488925
vt 0.141622 0.487599
vt 0.137844 0.592948
vt 0.150524 0.595393
vt 0.153080 0.574862
vt 0.144146 0.574260
vt 0.152993 0.555826
vt 0.141796 0.553713
vt 0.152123 0.543432
vt 0.144982 0.541964
vt 0.152298 0.531878
vt 0.143612 0.530186
vt 0.142344 0.496164
vt 0.152868 0.520842
vt 0.143643 0.518567
vt 0.102191 0.941024
vt 0.098274 0.942369
vt 0.329409 0.864964
vt 0.328963 0.870094
vt 0.322234 0.869844
vt 0.322234 0.865806
vt 0.339758 0.876126
vt 0.334338 0.875561
vt 0.333412 0.870828
vt 0.336892 0.866830
vt 0.340243 0.883034
vt 0.334901 0.879382
vt 0.315662 0.116425
vt 0.316976 0.118064
vt 0.323641 0.113887
vt 0.320254 0.113265
vt 0.325193 0.108969
vt 0.321944 0.109483
vt 0.321186 0.102114
vt 0.316444 0.103542
vt 0.318053 0.097089
vt 0.313270 0.098724
vt 0.299661 0.091403
vt 0.311992 0.088630
vt 0.307083 0.089734
vt 0.286427 0.075901
vt 0.456283 0.872375
vt 0.457220 0.872372
vt 0.457984 0.872441
vt 0.650894 0.434604
vt 0.674270 0.443708
vt 0.649231 0.439623
vt 0.649222 0.437696
vt 0.694848 0.474142
vt 0.688480 0.464491
vt 0.699304 0.471410
vt 0.693216 0.461679
vt 0.716561 0.468072
vt 0.715509 0.457535
vt 0.749474 0.466365
vt 0.733295 0.466126
vt 0.732528 0.457038
vt 0.749494 0.456905
vt 0.666600 0.459164
vt 0.672127 0.448440
vt 0.678770 0.463236
vt 0.677717 0.478669
vt 0.426079 0.841491
vt 0.086435 0.956484
vt 0.081989 0.954832
vt 0.402742 0.913597
vt 0.416886 0.893948
vt 0.062601 0.912602
vt 0.051795 0.917111
vt 0.055911 0.889311
vt 0.057685 0.899745
vt 0.043642 0.904514
vt 0.040477 0.892923
vt 0.055596 0.876664
vt 0.040085 0.880037
vt 0.421077 0.822700
vt 0.092513 0.960846
vt 0.100876 0.964073
vt 0.100078 0.965353
vt 0.091182 0.962243
vt 0.424025 0.837294
vt 0.422515 0.830717
vt 0.061082 0.864421
vt 0.060025 0.870296
vt 0.041857 0.870186
vt 0.052236 0.860320
vt 0.422643 0.819602
vt 0.425666 0.818733
vt 0.426639 0.820010
vt 0.425351 0.855046
vt 0.426172 0.845658
vt 0.424930 0.857142
vt 0.422360 0.880047
vt 0.424877 0.867640
vt 0.357890 0.956910
vt 0.375403 0.943898
vt 0.389859 0.930685
vt 0.341640 0.957018
vt 0.065465 0.923567
vt 0.056751 0.927959
vt 0.065191 0.941056
vt 0.071546 0.934948
vt 0.077160 0.943177
vt 0.071056 0.946815
vt 0.107206 0.964140
vt 0.106861 0.965863
vt 0.424541 0.822549
vt 0.427007 0.821692
vt 0.424379 0.823820
vt 0.427549 0.823120
vt 0.424372 0.830564
vt 0.426097 0.827768
vt 0.425615 0.836916
vt 0.426677 0.832916
vt 0.426769 0.841437
vt 0.427682 0.835565
vt 0.426841 0.845654
vt 0.428296 0.839194
vt 0.426846 0.854855
vt 0.429965 0.847069
vt 0.426822 0.856244
vt 0.430797 0.854535
vt 0.425445 0.867881
vt 0.431160 0.867271
vt 0.422499 0.880036
vt 0.425293 0.882292
vt 0.417021 0.893972
vt 0.418081 0.896904
vt 0.402890 0.913645
vt 0.405798 0.915779
vt 0.390053 0.930745
vt 0.395851 0.934189
vt 0.375595 0.943973
vt 0.383514 0.950343
vt 0.358109 0.957100
vt 0.365298 0.962945
vt 0.325541 0.960843
vt 0.341607 0.957071
vt 0.348548 0.967977
vt 0.322957 0.970846
vt 0.101438 0.669766
vt 0.109709 0.489497
vt 0.111074 0.492477
vt 0.077459 0.607650
vt 0.073209 0.612828
vt 0.120983 0.485930
vt 0.119864 0.483258
vt 0.123163 0.483153
vt 0.123289 0.485400
vt 0.081783 0.630786
vt 0.075772 0.619925
vt 0.080397 0.645278
vt 0.085986 0.638392
vt 0.102672 0.665460
vt 0.103685 0.658028
vt 0.111134 0.658790
vt 0.070412 0.602402
vt 0.097479 0.669289
vt 0.082554 0.657938
vt 0.097885 0.663192
vt 0.090336 0.658956
vt 0.090578 0.647656
vt 0.091388 0.637230
vt 0.091256 0.630495
vt 0.086463 0.630798
vt 0.091908 0.622171
vt 0.083793 0.621121
vt 0.092037 0.612364
vt 0.082679 0.612512
vt 0.088220 0.608705
vt 0.083322 0.598434
vt 0.081273 0.525616
vt 0.084752 0.521394
vt 0.078883 0.532382
vt 0.077705 0.547129
vt 0.088920 0.586251
vt 0.067030 0.585743
vt 0.125918 0.592326
vt 0.107061 0.587997
vt 0.112430 0.499591
vt 0.117625 0.498086
vt 0.109615 0.499821
vt 0.104361 0.495935
vt 0.088760 0.515726
vt 0.102471 0.501661
vt 0.108215 0.503364
vt 0.096423 0.506302
vt 0.084761 0.543279
vt 0.086402 0.532400
vt 0.121760 0.543202
vt 0.117943 0.571571
vt 0.134177 0.552446
vt 0.135813 0.573539
vt 0.089208 0.566511
vt 0.093860 0.556417
vt 0.106057 0.569956
vt 0.105771 0.553397
vt 0.102425 0.546540
vt 0.100685 0.535405
vt 0.089985 0.528100
vt 0.090286 0.523477
vt 0.128083 0.497731
vt 0.123619 0.517626
vt 0.101195 0.509601
vt 0.093572 0.519013
vt 0.122866 0.535678
vt 0.122564 0.525648
vt 0.113675 0.504074
vt 0.119169 0.502884
vt 0.102500 0.530884
vt 0.101164 0.524859
vt 0.109843 0.510847
vt 0.103545 0.516899
vt 0.116423 0.552072
vt 0.109893 0.546730
vt 0.114150 0.540755
vt 0.107673 0.537982
vt 0.113163 0.534159
vt 0.107954 0.532459
vt 0.108857 0.518341
vt 0.113905 0.515853
vt 0.112495 0.526237
vt 0.106942 0.525464
vt 0.389984 0.563305
vt 0.369804 0.564009
vt 0.360091 0.566683
vt 0.349270 0.584282
vt 0.323583 0.565930
vt 0.299595 0.563673
vt 0.418209 0.708982
vt 0.432509 0.727785
vt 0.863238 0.984188
vt 0.851754 0.991443
vt 0.677628 0.536579
vt 0.649441 0.527657
vt 0.398673 0.703949
vt 0.401963 0.723114
vt 0.375322 0.724359
vt 0.369768 0.708324
vt 0.835113 0.949427
vt 0.837533 0.978385
vt 0.811452 0.972028
vt 0.809865 0.954472
vt 0.700697 0.521208
vt 0.690118 0.527260
vt 0.688343 0.496453
vt 0.701755 0.505121
vt 0.694505 0.515149
vt 0.671014 0.512152
vt 0.363557 0.586944
vt 0.388839 0.585005
vt 0.238328 0.565285
vt 0.257883 0.566739
vt 0.267276 0.566415
vt 0.283900 0.563705
vt 0.241183 0.578030
vt 0.237654 0.595719
vt 0.260991 0.679966
vt 0.257512 0.677543
vt 0.255676 0.679903
vt 0.275016 0.673117
vt 0.262152 0.675867
vt 0.262117 0.672876
vt 0.238020 0.672186
vt 0.236167 0.672812
vt 0.233633 0.675198
vt 0.212160 0.662304
vt 0.228694 0.663631
vt 0.255129 0.672955
vt 0.241452 0.664338
vt 0.254353 0.661431
vt 0.257024 0.673410
vt 0.259071 0.671697
vt 0.274322 0.671228
vt 0.258031 0.656473
vt 0.272529 0.651865
vt 0.259431 0.654689
vt 0.135114 0.602149
vt 0.101135 0.622346
vt 0.110686 0.622867
vt 0.112843 0.635327
vt 0.112045 0.649622
vt 0.100088 0.650245
vt 0.099006 0.634854
vt 0.098343 0.609812
vt 0.095122 0.595021
vt 0.121686 0.602292
vt 0.126363 0.612456
vt 0.206988 0.610751
vt 0.233325 0.611554
vt 0.208118 0.624699
vt 0.232988 0.626097
vt 0.208423 0.660193
vt 0.234517 0.661842
vt 0.256046 0.656910
vt 0.169419 0.610690
vt 0.190491 0.611068
vt 0.145702 0.609850
vt 0.169191 0.624896
vt 0.190339 0.625024
vt 0.148247 0.626341
vt 0.164057 0.657106
vt 0.186405 0.658828
vt 0.143311 0.652546
vt 0.123828 0.652955
vt 0.129492 0.632879
vt 0.145315 0.641534
vt 0.153121 0.634868
vt 0.166123 0.645802
vt 0.169129 0.635860
vt 0.188215 0.647826
vt 0.189976 0.636849
vt 0.210721 0.649234
vt 0.206886 0.636750
vt 0.234271 0.650308
vt 0.234394 0.639198
vt 0.281667 0.679568
vt 0.282748 0.675079
vt 0.282689 0.672697
vt 0.289369 0.662059
vt 0.281950 0.663154
vt 0.297986 0.680231
vt 0.295082 0.677787
vt 0.292286 0.680295
vt 0.291466 0.674634
vt 0.290804 0.673001
vt 0.311504 0.677311
vt 0.298133 0.677609
vt 0.310534 0.674627
vt 0.298269 0.674836
vt 0.293776 0.672852
vt 0.296101 0.672151
vt 0.294619 0.672896
vt 0.309669 0.666125
vt 0.297623 0.667107
vt 0.318799 0.672099
vt 0.315581 0.672777
vt 0.312863 0.672057
vt 0.277150 0.672088
vt 0.275661 0.673112
vt 0.275271 0.670695
vt 0.272975 0.650933
vt 0.259964 0.653622
vt 0.276629 0.651531
vt 0.290022 0.650054
vt 0.294797 0.661809
vt 0.292919 0.659418
vt 0.294555 0.650298
vt 0.296125 0.644298
vt 0.313317 0.646645
vt 0.348422 0.663405
vt 0.337217 0.667538
vt 0.332675 0.644648
vt 0.319288 0.642854
vt 0.339613 0.667462
vt 0.341919 0.667268
vt 0.337808 0.646885
vt 0.315282 0.641634
vt 0.334890 0.644686
vt 0.913211 0.880176
vt 0.924357 0.893093
vt 0.897775 0.898826
vt 0.908993 0.906857
vt 0.902057 0.915364
vt 0.884852 0.908842
vt 0.368175 0.658028
vt 0.339169 0.634378
vt 0.336959 0.639462
vt 0.349541 0.647498
vt 0.358766 0.664777
vt 0.356733 0.664331
vt 0.354726 0.652136
vt 0.372685 0.642628
vt 0.375828 0.635211
vt 0.349355 0.637241
vt 0.346884 0.642746
vt 0.344179 0.640263
vt 0.359010 0.644550
vt 0.349934 0.630533
vt 0.343738 0.627155
vt 0.346246 0.618932
vt 0.362170 0.623141
vt 0.319614 0.632313
vt 0.317166 0.637095
vt 0.323447 0.625666
vt 0.292083 0.647646
vt 0.295494 0.640169
vt 0.302313 0.630558
vt 0.298569 0.635641
vt 0.739070 0.085751
vt 0.741388 0.083144
vt 0.750272 0.087453
vt 0.750265 0.089771
vt 0.485708 0.045794
vt 0.486582 0.049035
vt 0.467327 0.055135
vt 0.474568 0.062885
vt 0.440264 0.063775
vt 0.443705 0.071804
vt 0.431513 0.072026
vt 0.432817 0.074738
vt 0.421232 0.072252
vt 0.423017 0.075972
vt 0.411278 0.074683
vt 0.413052 0.078200
vt 0.403044 0.076532
vt 0.404402 0.079738
vt 0.394336 0.076728
vt 0.395549 0.080058
vt 0.384431 0.076378
vt 0.385881 0.079722
vt 0.373044 0.076084
vt 0.374636 0.079641
vt 0.359989 0.076189
vt 0.361903 0.079916
vt 0.345697 0.076733
vt 0.347987 0.080612
vt 0.329468 0.078365
vt 0.331798 0.081911
vt 0.311657 0.080868
vt 0.314506 0.084292
vt 0.306991 0.081666
vt 0.309491 0.085148
vt 0.296839 0.083663
vt 0.301961 0.086699
vt 0.290470 0.084916
vt 0.295066 0.088160
vt 0.272624 0.084535
vt 0.276021 0.090219
vt 0.274217 0.091731
vt 0.272056 0.084171
vt 0.258743 0.127552
vt 0.264783 0.120361
vt 0.279908 0.131875
vt 0.284300 0.128262
vt 0.295892 0.136169
vt 0.298969 0.133124
vt 0.307967 0.140126
vt 0.310974 0.137047
vt 0.318695 0.144684
vt 0.321100 0.140616
vt 0.335800 0.148942
vt 0.340844 0.144131
vt 0.351684 0.152919
vt 0.355714 0.147698
vt 0.367192 0.155748
vt 0.370540 0.150456
vt 0.382575 0.157762
vt 0.385109 0.152285
vt 0.397382 0.158188
vt 0.399129 0.153010
vt 0.410905 0.157247
vt 0.412101 0.152628
vt 0.422116 0.155530
vt 0.424184 0.153063
vt 0.458853 0.165881
vt 0.451054 0.167102
vt 0.446399 0.153866
vt 0.460085 0.153206
vt 0.690475 0.113912
vt 0.683023 0.120057
vt 0.678562 0.082363
vt 0.672675 0.090602
vt 0.661193 0.085344
vt 0.656211 0.089121
vt 0.653254 0.080793
vt 0.646796 0.084727
vt 0.614725 0.081406
vt 0.613362 0.078587
vt 0.857424 0.580389
vt 0.857037 0.581143
vt 0.857315 0.580571
vt 0.856766 0.581115
vt 0.849013 0.587553
vt 0.851769 0.589984
vt 0.843906 0.594791
vt 0.847275 0.596793
vt 0.839634 0.599890
vt 0.842947 0.601661
vt 0.836068 0.605982
vt 0.822747 0.617887
vt 0.833929 0.619338
vt 0.822013 0.633347
vt 0.834620 0.633660
vt 0.822818 0.649331
vt 0.836567 0.649211
vt 0.824216 0.666725
vt 0.839550 0.666003
vt 0.826385 0.685770
vt 0.842957 0.684497
vt 0.828358 0.707658
vt 0.846471 0.705826
vt 0.830648 0.731486
vt 0.849877 0.730306
vt 0.832519 0.754700
vt 0.852648 0.753626
vt 0.833991 0.777331
vt 0.854212 0.776243
vt 0.835133 0.799668
vt 0.855130 0.798584
vt 0.835971 0.821694
vt 0.855300 0.820677
vt 0.836323 0.842276
vt 0.854507 0.840791
vt 0.835720 0.859281
vt 0.853078 0.857387
vt 0.836574 0.876858
vt 0.853695 0.874670
vt 0.885195 0.929942
vt 0.872351 0.950053
vt 0.861026 0.931665
vt 0.875519 0.915993
vt 0.396443 0.610871
vt 0.384618 0.623735
vt 0.367322 0.604182
vt 0.365408 0.611436
vt 0.349697 0.597290
vt 0.350376 0.607351
vt 0.324790 0.579512
vt 0.325636 0.617629
vt 0.304296 0.578244
vt 0.284453 0.577697
vt 0.258805 0.577962
vt 0.271487 0.578093
vt 0.257415 0.596204
vt 0.271200 0.595930
vt 0.303212 0.617140
vt 0.305245 0.624499
vt 0.263308 0.605712
vt 0.326885 0.595638
vt 0.327131 0.608387
vt 0.284316 0.595451
vt 0.307767 0.595262
vt 0.306024 0.607463
vt 0.285974 0.606297
vt 0.272897 0.605677
vt 0.256072 0.650050
vt 0.256123 0.639342
vt 0.259835 0.649921
vt 0.291037 0.648028
vt 0.274608 0.649230
vt 0.286800 0.640228
vt 0.251031 0.626558
vt 0.251928 0.612543
vt 0.287863 0.635261
vt 0.261681 0.627653
vt 0.262634 0.615793
vt 0.294571 0.624206
vt 0.291504 0.629476
vt 0.273810 0.616773
vt 0.287914 0.618490
vt 0.282680 0.627566
vt 0.272409 0.626793
vt 0.271323 0.634967
vt 0.279091 0.635416
vt 0.276876 0.642523
vt 0.260282 0.641886
vt 0.463167 0.325813
vt 0.361913 0.867750
vt 0.364991 0.872217
vt 0.364693 0.872448
vt 0.360801 0.867986
vt 0.366885 0.869764
vt 0.365766 0.871949
vt 0.365406 0.872013
vt 0.365194 0.870652
vt 0.111634 0.918043
vt 0.111634 0.924542
vt 0.104428 0.923922
vt 0.102283 0.917262
vt 0.522080 0.467851
vt 0.520588 0.469827
vt 0.517614 0.473769
vt 0.514499 0.477300
vt 0.509337 0.480678
vt 0.505476 0.483461
vt 0.501669 0.485607
vt 0.496555 0.488352
vt 0.527519 0.458336
vt 0.525784 0.462030
vt 0.524825 0.463836
vt 0.522920 0.466746
vt 0.484403 0.458731
vt 0.489590 0.458311
vt 0.494474 0.489909
vt 0.490802 0.488192
vt 0.483686 0.455335
vt 0.489594 0.455069
vt 0.489597 0.451662
vt 0.483358 0.452040
vt 0.517363 0.462495
vt 0.515194 0.465563
vt 0.512488 0.469088
vt 0.509565 0.472329
vt 0.505806 0.475645
vt 0.502530 0.478251
vt 0.499401 0.480440
vt 0.496062 0.482039
vt 0.524587 0.450278
vt 0.522481 0.454438
vt 0.520610 0.457276
vt 0.518887 0.460125
vt 0.489568 0.479961
vt 0.487678 0.479292
vt 0.494146 0.482768
vt 0.491538 0.483360
vt 0.489560 0.488288
vt 0.489565 0.483719
vt 0.487592 0.483357
vt 0.488319 0.488190
vt 0.512455 0.459757
vt 0.510371 0.463006
vt 0.507959 0.466486
vt 0.505430 0.469832
vt 0.502634 0.473098
vt 0.500066 0.476001
vt 0.498186 0.478377
vt 0.520566 0.446987
vt 0.518069 0.451079
vt 0.516053 0.454337
vt 0.514225 0.457051
vt 0.506758 0.457484
vt 0.505022 0.460865
vt 0.503148 0.464364
vt 0.501107 0.467736
vt 0.499009 0.471194
vt 0.497107 0.474847
vt 0.495722 0.478680
vt 0.514956 0.442335
vt 0.511681 0.448052
vt 0.509726 0.451574
vt 0.508177 0.454549
vt 0.500644 0.456125
vt 0.495501 0.455347
vt 0.499497 0.459522
vt 0.494777 0.458741
vt 0.498146 0.462993
vt 0.493868 0.462247
vt 0.496796 0.466435
vt 0.493091 0.465669
vt 0.495551 0.470009
vt 0.492752 0.469187
vt 0.494416 0.474031
vt 0.492341 0.473176
vt 0.491460 0.479296
vt 0.493584 0.478967
vt 0.503800 0.439862
vt 0.496959 0.438857
vt 0.502917 0.446124
vt 0.496436 0.444638
vt 0.502289 0.449746
vt 0.496200 0.448645
vt 0.495835 0.452053
vt 0.501510 0.452939
vt 0.322234 0.954297
vt 0.302860 0.957071
vt 0.302827 0.957018
vt 0.328606 0.882822
vt 0.328503 0.882641
vt 0.328606 0.882644
vt 0.328608 0.882745
vt 0.328565 0.882631
vt 0.328463 0.882774
vt 0.328560 0.882733
vt 0.315864 0.882841
vt 0.315872 0.882685
vt 0.315852 0.882749
vt 0.315908 0.882659
vt 0.315962 0.882673
vt 0.315898 0.882871
vt 0.316007 0.882849
vt 0.315939 0.882869
vt 0.315919 0.882753
vt 0.315996 0.882766
vt 0.521098 0.547047
vt 0.528303 0.545721
vt 0.537751 0.545456
vt 0.533763 0.545407
vt 0.485029 0.379344
vt 0.481209 0.379791
vt 0.472858 0.381130
vt 0.455463 0.871459
vt 0.455208 0.870799
vt 0.457770 0.871619
vt 0.456894 0.871628
vt 0.456771 0.870943
vt 0.457654 0.871032
vt 0.108700 0.941472
vt 0.111634 0.941042
vt 0.111634 0.970779
vt 0.109324 0.968783
vt 0.111634 0.967239
vt 0.109632 0.965897
vt 0.066360 0.860395
vt 0.067815 0.862795
vt 0.070815 0.860774
vt 0.067926 0.866953
vt 0.069875 0.866951
vt 0.068716 0.874798
vt 0.065890 0.874763
vt 0.065148 0.887779
vt 0.068563 0.887251
vt 0.066226 0.896390
vt 0.069953 0.895934
vt 0.069515 0.909601
vt 0.073046 0.908312
vt 0.073851 0.919298
vt 0.077837 0.918099
vt 0.083148 0.925652
vt 0.079541 0.927652
vt 0.084914 0.934772
vt 0.087164 0.933204
vt 0.092596 0.945051
vt 0.093718 0.943184
vt 0.097035 0.951560
vt 0.096419 0.949743
vt 0.101188 0.952269
vt 0.100350 0.950508
vt 0.105515 0.952233
vt 0.104643 0.950390
vt 0.111634 0.953275
vt 0.109033 0.953070
vt 0.108845 0.951326
vt 0.111634 0.951482
vt 0.076565 0.859970
vt 0.085779 0.859936
vt 0.111634 0.858206
vt 0.098695 0.859576
vt 0.067959 0.855843
vt 0.066504 0.851327
vt 0.074701 0.848325
vt 0.075961 0.853813
vt 0.085552 0.852415
vt 0.084357 0.845024
vt 0.111634 0.837142
vt 0.111634 0.848104
vt 0.098629 0.850176
vt 0.097986 0.841379
vt 0.466350 0.654160
vt 0.459368 0.650870
vt 0.328424 0.882882
vt 0.328472 0.882833
vt 0.328576 0.882846
vt 0.328590 0.882906
vt 0.328540 0.882911
vt 0.328545 0.882854
vt 0.468686 0.383249
vt 0.467754 0.355794
vt 0.466102 0.385315
vt 0.465041 0.357672
vt 0.461481 0.389791
vt 0.460470 0.362083
vt 0.459772 0.359647
vt 0.460976 0.387323
vt 0.542364 0.545831
vt 0.539852 0.511152
vt 0.538997 0.511477
vt 0.541573 0.546282
vt 0.508021 0.585230
vt 0.508022 0.547211
vt 0.494945 0.547047
vt 0.487740 0.545721
vt 0.492587 0.585246
vt 0.483445 0.585997
vt 0.494324 0.379354
vt 0.498143 0.379808
vt 0.506491 0.381164
vt 0.510659 0.383292
vt 0.513239 0.385362
vt 0.518361 0.387382
vt 0.517851 0.389848
vt 0.474470 0.546282
vt 0.473679 0.545831
vt 0.328630 0.882257
vt 0.329743 0.875857
vt 0.328782 0.882525
vt 0.331268 0.880649
vt 0.329031 0.882894
vt 0.332564 0.884129
vt 0.328882 0.883323
vt 0.330931 0.886740
vt 0.328721 0.883475
vt 0.329842 0.887781
vt 0.328492 0.883336
vt 0.329000 0.888570
vt 0.328238 0.883167
vt 0.325851 0.887087
vt 0.326640 0.879970
vt 0.328266 0.882299
vt 0.328012 0.883021
vt 0.324700 0.883941
vt 0.880521 0.885603
vt 0.889863 0.889522
vt 0.877468 0.902530
vt 0.869445 0.898509
vt 0.869593 0.909134
vt 0.860171 0.904501
vt 0.853485 0.920445
vt 0.843878 0.912476
vt 0.809654 0.918256
vt 0.828878 0.916065
vt 0.831963 0.925774
vt 0.807840 0.931484
vt 0.496828 0.697747
vt 0.482094 0.684575
vt 0.478075 0.679723
vt 0.475431 0.674914
vt 0.471380 0.668314
vt 0.503943 0.700741
vt 0.501307 0.698940
vt 0.491990 0.694704
vt 0.489404 0.692357
vt 0.485275 0.687488
vt 0.508045 0.701931
vt 0.506990 0.701806
vt 0.505855 0.701573
vt 0.471037 0.661908
vt 0.484369 0.683340
vt 0.480197 0.678399
vt 0.477756 0.673985
vt 0.473865 0.667918
vt 0.494403 0.693790
vt 0.491884 0.691704
vt 0.487702 0.686964
vt 0.473583 0.662020
vt 0.474542 0.654457
vt 0.492252 0.678655
vt 0.490812 0.673969
vt 0.489631 0.669612
vt 0.487606 0.663552
vt 0.498350 0.688076
vt 0.497041 0.685697
vt 0.494354 0.681520
vt 0.486103 0.658645
vt 0.481395 0.650085
vt 0.508024 0.677542
vt 0.497940 0.677779
vt 0.497206 0.672866
vt 0.508022 0.672548
vt 0.508022 0.668157
vt 0.496859 0.668530
vt 0.494718 0.662622
vt 0.508022 0.661934
vt 0.502344 0.686861
vt 0.508031 0.686767
vt 0.501403 0.684984
vt 0.508028 0.684868
vt 0.508025 0.680762
vt 0.499979 0.680898
vt 0.494144 0.657477
vt 0.508021 0.656386
vt 0.508022 0.646288
vt 0.492526 0.647825
vt 0.500866 0.689712
vt 0.497490 0.695993
vt 0.504364 0.698582
vt 0.504314 0.691220
vt 0.502606 0.690545
vt 0.501099 0.697596
vt 0.508049 0.700328
vt 0.506753 0.699767
vt 0.505830 0.699030
vt 0.506205 0.691636
vt 0.508033 0.688645
vt 0.506910 0.691728
vt 0.508038 0.691773
vt 0.508036 0.690632
vt 0.482281 0.545407
vt 0.484739 0.511923
vt 0.480813 0.510894
vt 0.478292 0.545456
vt 0.553229 0.599673
vt 0.440754 0.426762
vt 0.448912 0.455019
vt 0.453196 0.445972
vt 0.456357 0.441816
vt 0.462232 0.437291
vt 0.481719 0.433790
vt 0.475450 0.434696
vt 0.475719 0.588184
vt 0.470019 0.586818
vt 0.496608 0.419531
vt 0.551992 0.600014
vt 0.546713 0.599118
vt 0.541284 0.600996
vt 0.533840 0.597998
vt 0.524053 0.597341
vt 0.462806 0.599666
vt 0.538503 0.426861
vt 0.530275 0.455101
vt 0.526009 0.446046
vt 0.522857 0.441883
vt 0.516992 0.437347
vt 0.503779 0.434724
vt 0.503428 0.429437
vt 0.497219 0.429714
vt 0.497511 0.433806
vt 0.502347 0.419327
vt 0.514709 0.418623
vt 0.516635 0.428314
vt 0.474755 0.601003
vt 0.474755 0.601003
vt 0.469322 0.599120
vt 0.469322 0.599120
vt 0.464043 0.600008
vt 0.472732 0.652123
vt 0.472732 0.652123
vt 0.482205 0.598002
vt 0.482205 0.598002
vt 0.508021 0.597733
vt 0.508021 0.597733
vt 0.491993 0.597337
vt 0.491993 0.597337
vt 0.553229 0.599673
vt 0.552524 0.587552
vt 0.444976 0.417653
vt 0.440754 0.426762
vt 0.444487 0.421246
vt 0.440552 0.430497
vt 0.453276 0.418911
vt 0.449997 0.428508
vt 0.457926 0.418275
vt 0.455114 0.427977
vt 0.464564 0.418572
vt 0.462618 0.428259
vt 0.482032 0.429699
vt 0.482663 0.419517
vt 0.476925 0.419302
vt 0.475823 0.429409
vt 0.521347 0.418339
vt 0.524140 0.428047
vt 0.525997 0.418985
vt 0.529256 0.428589
vt 0.551992 0.600014
vt 0.551310 0.587991
vt 0.546024 0.586818
vt 0.546713 0.599118
vt 0.541284 0.600996
vt 0.540324 0.588183
vt 0.533840 0.597998
vt 0.532598 0.585996
vt 0.524053 0.597341
vt 0.523457 0.585247
vt 0.464043 0.600008
vt 0.464733 0.587990
vt 0.463519 0.587551
vt 0.462806 0.599666
vt 0.538503 0.426861
vt 0.534299 0.417744
vt 0.534781 0.421338
vt 0.538697 0.430597
vt 0.324786 0.956025
vt 0.322234 0.961650
vt 0.318927 0.960843
vt 0.319681 0.956025
vt 0.322234 0.958959
vt 0.451483 0.236617
vt 0.460914 0.236617
vt 0.470332 0.236711
vt 0.453262 0.270413
vt 0.460743 0.270214
vt 0.468207 0.270370
vt 0.454663 0.293340
vt 0.460957 0.293274
vt 0.467256 0.293246
vt 0.457593 0.314894
vt 0.461141 0.314871
vt 0.464752 0.314989
vt 0.458308 0.319995
vt 0.458597 0.324582
vt 0.461124 0.320129
vt 0.461411 0.324756
vt 0.463769 0.319976
vt 0.465769 0.320683
vt 0.463369 0.324358
vt 0.468024 0.315609
vt 0.471666 0.293390
vt 0.473524 0.270719
vt 0.479799 0.237137
vt 0.456020 0.320694
vt 0.452042 0.315426
vt 0.454431 0.315355
vt 0.442910 0.294021
vt 0.450214 0.293567
vt 0.438864 0.271947
vt 0.433124 0.237574
vt 0.441992 0.236949
vt 0.447857 0.270808
vt 0.493419 0.238399
vt 0.491887 0.237758
vt 0.489133 0.272696
vt 0.482198 0.271613
vt 0.484663 0.293625
vt 0.478675 0.293603
vt 0.479677 0.313031
vt 0.465578 0.326304
vt 0.466217 0.322047
vt 0.470523 0.315844
vt 0.215761 0.815534
vt 0.214563 0.812926
vt 0.415941 0.809738
vn 0.140108 0.193934 -0.970958
vn 0.140108 0.193934 -0.970958
vn 0.140108 0.193934 -0.970958
vn 0.140108 0.193934 -0.970958
vn 0.313317 -0.714497 0.625561
vn 0.313317 -0.714497 0.625561
vn 0.313317 -0.714497 0.625561
vn 0.313317 -0.714497 0.625561
vn 0.169609 -0.964654 0.201680
vn 0.169609 -0.964654 0.201680
vn 0.169609 -0.964654 0.201680
vn 0.169609 -0.964654 0.201680
vn -0.984836 0.118163 -0.127028
vn -0.984836 0.118163 -0.127028
vn -0.984836 0.118163 -0.127028
vn -0.984836 0.118163 -0.127028
vn -0.404195 0.905181 0.131431
vn -0.404195 0.905181 0.131431
vn -0.404195 0.905181 0.131431
vn -0.404195 0.905181 0.131431
vn 0.254264 0.234131 0.938367
vn 0.254264 0.234131 0.938367
vn 0.254264 0.234131 0.938367
vn 0.254264 0.234131 0.938367
vn -0.345429 0.868162 -0.356333
vn -0.345429 0.868162 -0.356333
vn -0.345429 0.868162 -0.356333
vn -0.345429 0.868162 -0.356333
vn -0.518132 -0.791288 -0.324657
vn -0.518132 -0.791288 -0.324657
vn -0.518132 -0.791288 -0.324657
vn -0.518132 -0.791288 -0.324657
vn -0.648223 0.754813 -0.100322
vn -0.648223 0.754813 -0.100322
vn -0.648223 0.754813 -0.100322
vn -0.648223 0.754813 -0.100322
vn -0.352410 0.934992 -0.039953
vn -0.352410 0.934992 -0.039953
vn -0.352410 0.934992 -0.039953
vn -0.352410 0.934992 -0.039953
vn 0.307240 -0.932610 0.189322
vn 0.307240 -0.932610 0.189322
vn 0.307240 -0.932610 0.189322
vn 0.307240 -0.932610 0.189322
vn 0.542309 -0.835835 -0.085325
vn 0.542309 -0.835835 -0.085325
vn 0.542309 -0.835835 -0.085325
vn 0.542309 -0.835835 -0.085325
vn 0.601146 -0.750321 -0.275031
vn 0.601146 -0.750321 -0.275031
vn 0.601146 -0.750321 -0.275031
vn 0.601146 -0.750321 -0.275031
vn 0.463952 -0.846919 -0.259763
vn 0.463952 -0.846919 -0.259763
vn 0.463952 -0.846919 -0.259763
vn 0.463952 -0.846919 -0.259763
vn 0.738383 -0.670347 -0.073650
vn 0.738383 -0.670347 -0.073650
vn 0.738383 -0.670347 -0.073650
vn 0.738383 -0.670347 -0.073650
vn 0.728268 -0.682438 -0.062478
vn 0.728268 -0.682438 -0.062478
vn 0.728268 -0.682438 -0.062478
vn 0.728268 -0.682438 -0.062478
vn 0.724287 -0.686016 -0.069211
vn 0.724287 -0.686016 -0.069211
vn 0.724287 -0.686016 -0.069211
vn 0.724287 -0.686016 -0.069211
vn 0.730705 -0.678958 -0.071316
vn 0.730705 -0.678958 -0.071316
vn 0.730705 -0.678958 -0.071316
vn 0.730705 -0.678958 -0.071316
vn 0.628927 -0.776896 -0.029724
vn 0.628927 -0.776896 -0.029724
vn 0.628927 -0.776896 -0.029724
vn 0.628927 -0.776896 -0.029724
vn 0.566985 -0.778266 -0.269870
vn 0.566985 -0.778266 -0.269870
vn 0.566985 -0.778266 -0.269870
vn 0.566985 -0.778266 -0.269870
vn 0.715253 -0.691403 -0.101862
vn 0.715253 -0.691403 -0.101862
vn 0.715253 -0.691403 -0.101862
vn 0.715253 -0.691403 -0.101862
vn 0.758559 -0.644566 -0.095512
vn 0.758559 -0.644566 -0.095512
vn 0.758559 -0.644566 -0.095512
vn 0.758559 -0.644566 -0.095512
vn 0.735652 -0.669672 -0.101761
vn 0.735652 -0.669672 -0.101761
vn 0.735652 -0.669672 -0.101761
vn 0.735652 -0.669672 -0.101761
vn 0.745557 -0.660248 -0.090657
vn 0.745557 -0.660248 -0.090657
vn 0.745557 -0.660248 -0.090657
vn 0.745557 -0.660248 -0.090657
vn 0.729187 -0.684060 -0.018666
vn 0.729187 -0.684060 -0.018666
vn 0.729187 -0.684060 -0.018666
vn 0.729187 -0.684060 -0.018666
vn 0.764934 -0.643452 -0.029065
vn 0.764934 -0.643452 -0.029065
vn 0.764934 -0.643452 -0.029065
vn 0.764934 -0.643452 -0.029065
vn 0.796245 -0.604617 0.020800
vn 0.796245 -0.604617 0.020800
vn 0.796245 -0.604617 0.020800
vn 0.796245 -0.604617 0.020800
vn 0.489708 -0.848347 -0.201230
vn 0.489708 -0.848347 -0.201230
vn 0.489708 -0.848347 -0.201230
vn 0.489708 -0.848347 -0.201230
vn 0.636304 -0.742989 -0.207570
vn 0.636304 -0.742989 -0.207570
vn 0.636304 -0.742989 -0.207570
vn 0.636304 -0.742989 -0.207570
vn 0.700561 -0.692295 -0.173036
vn 0.700561 -0.692295 -0.173036
vn 0.700561 -0.692295 -0.173036
vn 0.700561 -0.692295 -0.173036
vn 0.768233 -0.626913 -0.129608
vn 0.768233 -0.626913 -0.129608
vn 0.768233 -0.626913 -0.129608
vn 0.768233 -0.626913 -0.129608
vn 0.758891 -0.638950 -0.125806
vn 0.758891 -0.638950 -0.125806
vn 0.758891 -0.638950 -0.125806
vn 0.758891 -0.638950 -0.125806
vn 0.805851 -0.586170 -0.083722
vn 0.805851 -0.586170 -0.083722
vn 0.805851 -0.586170 -0.083722
vn 0.805851 -0.586170 -0.083722
vn 0.806325 -0.590245 -0.038101
vn 0.806325 -0.590245 -0.038101
vn 0.806325 -0.590245 -0.038101
vn 0.806325 -0.590245 -0.038101
vn 0.520584 -0.853054 -0.035928
vn 0.520584 -0.853054 -0.035928
vn 0.520584 -0.853054 -0.035928
vn 0.520584 -0.853054 -0.035928
vn 0.701490 -0.699889 -0.134417
vn 0.701490 -0.699889 -0.134417
vn 0.701490 -0.699889 -0.134417
vn 0.701490 -0.699889 -0.134417
vn 0.765134 -0.633121 -0.117167
vn 0.765134 -0.633121 -0.117167
vn 0.765134 -0.633121 -0.117167
vn 0.765134 -0.633121 -0.117167
vn 0.750273 -0.649620 -0.122819
vn 0.750273 -0.649620 -0.122819
vn 0.750273 -0.649620 -0.122819
vn 0.750273 -0.649620 -0.122819
vn 0.774653 -0.625597 -0.092417
vn 0.774653 -0.625597 -0.092417
vn 0.774653 -0.625597 -0.092417
vn 0.774653 -0.625597 -0.092417
vn 0.784778 -0.619335 -0.023419
vn 0.784778 -0.619335 -0.023419
vn 0.784778 -0.619335 -0.023419
vn 0.784778 -0.619335 -0.023419
vn 0.417481 -0.880963 -0.222743
vn 0.417481 -0.880963 -0.222743
vn 0.417481 -0.880963 -0.222743
vn 0.417481 -0.880963 -0.222743
vn 0.574277 -0.795880 -0.191786
vn 0.574277 -0.795880 -0.191786
vn 0.574277 -0.795880 -0.191786
vn 0.574277 -0.795880 -0.191786
vn 0.695756 -0.697119 -0.173059
vn 0.695756 -0.697119 -0.173059
vn 0.695756 -0.697119 -0.173059
vn 0.695756 -0.697119 -0.173059
vn 0.772854 -0.623843 -0.116263
vn 0.772854 -0.623843 -0.116263
vn 0.772854 -0.623843 -0.116263
vn 0.772854 -0.623843 -0.116263
vn 0.772811 -0.628969 -0.084622
vn 0.772811 -0.628969 -0.084622
vn 0.772811 -0.628969 -0.084622
vn 0.772811 -0.628969 -0.084622
vn 0.805892 -0.590761 -0.039236
vn 0.805892 -0.590761 -0.039236
vn 0.805892 -0.590761 -0.039236
vn 0.805892 -0.590761 -0.039236
vn 0.795393 -0.605979 -0.011785
vn 0.795393 -0.605979 -0.011785
vn 0.795393 -0.605979 -0.011785
vn 0.795393 -0.605979 -0.011785
vn 0.334428 -0.930589 -0.148872
vn 0.334428 -0.930589 -0.148872
vn 0.334428 -0.930589 -0.148872
vn 0.334428 -0.930589 -0.148872
vn 0.498810 -0.855737 -0.137486
vn 0.498810 -0.855737 -0.137486
vn 0.498810 -0.855737 -0.137486
vn 0.498810 -0.855737 -0.137486
vn 0.658281 -0.744836 -0.109023
vn 0.658281 -0.744836 -0.109023
vn 0.658281 -0.744836 -0.109023
vn 0.658281 -0.744836 -0.109023
vn 0.775617 -0.626290 -0.078606
vn 0.775617 -0.626290 -0.078606
vn 0.775617 -0.626290 -0.078606
vn 0.775617 -0.626290 -0.078606
vn 0.795200 -0.605214 -0.037064
vn 0.795200 -0.605214 -0.037064
vn 0.795200 -0.605214 -0.037064
vn 0.795200 -0.605214 -0.037064
vn 0.807696 -0.589569 -0.005933
vn 0.807696 -0.589569 -0.005933
vn 0.807696 -0.589569 -0.005933
vn 0.807696 -0.589569 -0.005933
vn 0.795417 -0.605745 -0.019587
vn 0.795417 -0.605745 -0.019587
vn 0.795417 -0.605745 -0.019587
vn 0.795417 -0.605745 -0.019587
vn 0.619109 -0.767154 -0.167868
vn 0.619109 -0.767154 -0.167868
vn 0.619109 -0.767154 -0.167868
vn 0.619109 -0.767154 -0.167868
vn 0.618919 -0.766948 -0.169500
vn 0.618919 -0.766948 -0.169500
vn 0.618919 -0.766948 -0.169500
vn 0.618919 -0.766948 -0.169500
vn 0.592670 -0.783952 -0.184827
vn 0.592670 -0.783952 -0.184827
vn 0.592670 -0.783952 -0.184827
vn 0.592670 -0.783952 -0.184827
vn 0.629735 -0.739746 -0.237085
vn 0.629735 -0.739746 -0.237085
vn 0.629735 -0.739746 -0.237085
vn 0.629735 -0.739746 -0.237085
vn 0.401131 -0.908751 0.115171
vn 0.401131 -0.908751 0.115171
vn 0.401131 -0.908751 0.115171
vn 0.401131 -0.908751 0.115171
vn 0.312582 -0.916793 -0.248560
vn 0.312582 -0.916793 -0.248560
vn 0.312582 -0.916793 -0.248560
vn 0.312582 -0.916793 -0.248560
vn 0.711953 -0.680441 -0.173556
vn 0.711953 -0.680441 -0.173556
vn 0.711953 -0.680441 -0.173556
vn 0.711953 -0.680441 -0.173556
vn 0.549493 -0.822618 -0.146142
vn 0.549493 -0.822618 -0.146142
vn 0.549493 -0.822618 -0.146142
vn 0.549493 -0.822618 -0.146142
vn -0.681386 0.660140 0.316114
vn -0.681386 0.660140 0.316114
vn -0.681386 0.660140 0.316114
vn -0.681386 0.660140 0.316114
vn -0.655553 0.677761 0.333001
vn -0.655553 0.677761 0.333001
vn -0.655553 0.677761 0.333001
vn -0.655553 0.677761 0.333001
vn -0.446996 0.631573 0.633490
vn -0.446996 0.631573 0.633490
vn -0.446996 0.631573 0.633490
vn -0.446996 0.631573 0.633490
vn -0.443604 0.527150 0.724796
vn -0.443604 0.527150 0.724796
vn -0.443604 0.527150 0.724796
vn -0.443604 0.527150 0.724796
vn -0.573496 0.753867 0.320605
vn -0.573496 0.753867 0.320605
vn -0.573496 0.753867 0.320605
vn -0.573496 0.753867 0.320605
vn -0.592907 0.748575 0.296812
vn -0.592907 0.748575 0.296812
vn -0.592907 0.748575 0.296812
vn -0.592907 0.748575 0.296812
vn -0.652744 0.721112 0.232212
vn -0.652744 0.721112 0.232212
vn -0.652744 0.721112 0.232212
vn -0.652744 0.721112 0.232212
vn -0.913941 0.405740 -0.009342
vn -0.913941 0.405740 -0.009342
vn -0.913941 0.405740 -0.009342
vn -0.913941 0.405740 -0.009342
vn -0.137554 0.845536 0.515896
vn -0.137554 0.845536 0.515896
vn -0.137554 0.845536 0.515896
vn -0.137554 0.845536 0.515896
vn -0.522210 0.820537 0.232411
vn -0.522210 0.820537 0.232411
vn -0.522210 0.820537 0.232411
vn -0.522210 0.820537 0.232411
vn -0.631847 0.755129 0.174784
vn -0.631847 0.755129 0.174784
vn -0.631847 0.755129 0.174784
vn -0.631847 0.755129 0.174784
vn -0.672276 0.727457 0.137303
vn -0.672276 0.727457 0.137303
vn -0.672276 0.727457 0.137303
vn -0.672276 0.727457 0.137303
vn -0.240393 0.933121 0.267388
vn -0.240393 0.933121 0.267388
vn -0.240393 0.933121 0.267388
vn -0.240393 0.933121 0.267388
vn -0.673547 0.736371 0.063971
vn -0.673547 0.736371 0.063971
vn -0.673547 0.736371 0.063971
vn -0.673547 0.736371 0.063971
vn -0.739983 0.614405 0.273736
vn -0.739983 0.614405 0.273736
vn -0.739983 0.614405 0.273736
vn -0.739983 0.614405 0.273736
vn -0.341757 0.911229 0.229922
vn -0.341757 0.911229 0.229922
vn -0.341757 0.911229 0.229922
vn -0.341757 0.911229 0.229922
vn -0.407256 0.876099 0.258056
vn -0.407256 0.876099 0.258056
vn -0.407256 0.876099 0.258056
vn -0.407256 0.876099 0.258056
vn -0.510995 0.834462 0.206296
vn -0.510995 0.834462 0.206296
vn -0.510995 0.834462 0.206296
vn -0.510995 0.834462 0.206296
vn -0.643499 0.750106 0.152482
vn -0.643499 0.750106 0.152482
vn -0.643499 0.750106 0.152482
vn -0.643499 0.750106 0.152482
vn -0.733379 0.670301 0.113360
vn -0.733379 0.670301 0.113360
vn -0.733379 0.670301 0.113360
vn -0.733379 0.670301 0.113360
vn -0.829126 0.554578 0.070657
vn -0.829126 0.554578 0.070657
vn -0.829126 0.554578 0.070657
vn -0.829126 0.554578 0.070657
vn -0.915041 0.400105 0.051158
vn -0.915041 0.400105 0.051158
vn -0.915041 0.400105 0.051158
vn -0.915041 0.400105 0.051158
vn -0.482934 0.647702 0.589285
vn -0.482934 0.647702 0.589285
vn -0.482934 0.647702 0.589285
vn -0.482934 0.647702 0.589285
vn -0.518457 0.827960 0.213737
vn -0.518457 0.827960 0.213737
vn -0.518457 0.827960 0.213737
vn -0.518457 0.827960 0.213737
vn -0.639630 0.752806 0.155426
vn -0.639630 0.752806 0.155426
vn -0.639630 0.752806 0.155426
vn -0.639630 0.752806 0.155426
vn -0.822210 0.568192 0.033596
vn -0.822210 0.568192 0.033596
vn -0.822210 0.568192 0.033596
vn -0.822210 0.568192 0.033596
vn -0.917852 0.396880 -0.005786
vn -0.917852 0.396880 -0.005786
vn -0.917852 0.396880 -0.005786
vn -0.917852 0.396880 -0.005786
vn -0.378576 0.884139 0.273823
vn -0.378576 0.884139 0.273823
vn -0.378576 0.884139 0.273823
vn -0.378576 0.884139 0.273823
vn -0.412006 0.881628 0.230182
vn -0.412006 0.881628 0.230182
vn -0.412006 0.881628 0.230182
vn -0.412006 0.881628 0.230182
vn -0.495915 0.846718 0.192707
vn -0.495915 0.846718 0.192707
vn -0.495915 0.846718 0.192707
vn -0.495915 0.846718 0.192707
vn -0.632265 0.760572 0.147555
vn -0.632265 0.760572 0.147555
vn -0.632265 0.760572 0.147555
vn -0.632265 0.760572 0.147555
vn -0.734006 0.670287 0.109315
vn -0.734006 0.670287 0.109315
vn -0.734006 0.670287 0.109315
vn -0.734006 0.670287 0.109315
vn -0.811587 0.578445 0.082026
vn -0.811587 0.578445 0.082026
vn -0.811587 0.578445 0.082026
vn -0.811587 0.578445 0.082026
vn -0.892174 0.446801 0.066286
vn -0.892174 0.446801 0.066286
vn -0.892174 0.446801 0.066286
vn -0.892174 0.446801 0.066286
vn -0.324125 0.933342 0.154322
vn -0.324125 0.933342 0.154322
vn -0.324125 0.933342 0.154322
vn -0.324125 0.933342 0.154322
vn -0.391972 0.903277 0.174497
vn -0.391972 0.903277 0.174497
vn -0.391972 0.903277 0.174497
vn -0.391972 0.903277 0.174497
vn -0.465273 0.869225 0.167240
vn -0.465273 0.869225 0.167240
vn -0.465273 0.869225 0.167240
vn -0.465273 0.869225 0.167240
vn -0.614693 0.777043 0.135487
vn -0.614693 0.777043 0.135487
vn -0.614693 0.777043 0.135487
vn -0.614693 0.777043 0.135487
vn -0.716803 0.688776 0.108543
vn -0.716803 0.688776 0.108543
vn -0.716803 0.688776 0.108543
vn -0.716803 0.688776 0.108543
vn -0.787049 0.609814 0.093166
vn -0.787049 0.609814 0.093166
vn -0.787049 0.609814 0.093166
vn -0.787049 0.609814 0.093166
vn -0.859971 0.494979 0.124280
vn -0.859971 0.494979 0.124280
vn -0.859971 0.494979 0.124280
vn -0.859971 0.494979 0.124280
vn -0.398486 0.875433 0.273545
vn -0.398486 0.875433 0.273545
vn -0.398486 0.875433 0.273545
vn -0.398486 0.875433 0.273545
vn -0.383643 0.866210 0.320154
vn -0.383643 0.866210 0.320154
vn -0.383643 0.866210 0.320154
vn -0.383643 0.866210 0.320154
vn -0.435442 0.842852 0.316214
vn -0.435442 0.842852 0.316214
vn -0.435442 0.842852 0.316214
vn -0.435442 0.842852 0.316214
vn -0.750046 0.517440 0.411931
vn -0.750046 0.517440 0.411931
vn -0.750046 0.517440 0.411931
vn -0.750046 0.517440 0.411931
vn -0.660723 0.585329 0.469931
vn -0.660723 0.585329 0.469931
vn -0.660723 0.585329 0.469931
vn -0.660723 0.585329 0.469931
vn -0.045465 0.892314 0.449119
vn -0.045465 0.892314 0.449119
vn -0.045465 0.892314 0.449119
vn -0.045465 0.892314 0.449119
vn -0.033515 0.907650 0.418389
vn -0.033515 0.907650 0.418389
vn -0.033515 0.907650 0.418389
vn -0.033515 0.907650 0.418389
vn -0.495989 -0.868284 -0.008789
vn -0.495989 -0.868284 -0.008789
vn -0.495989 -0.868284 -0.008789
vn -0.495989 -0.868284 -0.008789
vn 0.507671 -0.727400 0.461691
vn 0.507671 -0.727400 0.461691
vn 0.507671 -0.727400 0.461691
vn 0.507671 -0.727400 0.461691
vn 0.306066 -0.809003 0.501834
vn 0.306066 -0.809003 0.501834
vn 0.306066 -0.809003 0.501834
vn 0.306066 -0.809003 0.501834
vn 0.940460 -0.053235 0.335709
vn 0.940460 -0.053235 0.335709
vn 0.940460 -0.053235 0.335709
vn 0.940460 -0.053235 0.335709
vn 0.891690 0.131373 0.433163
vn 0.891690 0.131373 0.433163
vn 0.891690 0.131373 0.433163
vn 0.891690 0.131373 0.433163
vn 0.804102 0.323093 0.499030
vn 0.804102 0.323093 0.499030
vn 0.804102 0.323093 0.499030
vn 0.804102 0.323093 0.499030
vn -0.507218 -0.750556 -0.423552
vn -0.507218 -0.750556 -0.423552
vn -0.507218 -0.750556 -0.423552
vn -0.507218 -0.750556 -0.423552
vn 0.389488 0.876942 0.281552
vn 0.389488 0.876942 0.281552
vn 0.389488 0.876942 0.281552
vn 0.389488 0.876942 0.281552
vn -0.548002 -0.783246 -0.293633
vn -0.548002 -0.783246 -0.293633
vn -0.548002 -0.783246 -0.293633
vn -0.548002 -0.783246 -0.293633
vn -0.161226 -0.868704 0.468358
vn -0.161226 -0.868704 0.468358
vn -0.161226 -0.868704 0.468358
vn -0.161226 -0.868704 0.468358
vn -0.525021 -0.790132 -0.316297
vn -0.525021 -0.790132 -0.316297
vn -0.525021 -0.790132 -0.316297
vn -0.525021 -0.790132 -0.316297
vn 0.628474 0.639194 0.443229
vn 0.628474 0.639194 0.443229
vn 0.628474 0.639194 0.443229
vn 0.628474 0.639194 0.443229
vn -0.558866 -0.778408 -0.285918
vn -0.558866 -0.778408 -0.285918
vn -0.558866 -0.778408 -0.285918
vn -0.558866 -0.778408 -0.285918
vn 0.839933 0.505783 0.196714
vn 0.839933 0.505783 0.196714
vn 0.839933 0.505783 0.196714
vn 0.839933 0.505783 0.196714
vn -0.563315 -0.776541 -0.282241
vn -0.563315 -0.776541 -0.282241
vn -0.563315 -0.776541 -0.282241
vn -0.563315 -0.776541 -0.282241
vn -0.406039 -0.901374 0.150520
vn -0.406039 -0.901374 0.150520
vn -0.406039 -0.901374 0.150520
vn -0.406039 -0.901374 0.150520
vn 0.543380 -0.140291 0.827682
vn 0.543380 -0.140291 0.827682
vn 0.543380 -0.140291 0.827682
vn 0.543380 -0.140291 0.827682
vn -0.223093 -0.973477 -0.050716
vn -0.223093 -0.973477 -0.050716
vn -0.223093 -0.973477 -0.050716
vn -0.223093 -0.973477 -0.050716
vn 0.364700 -0.696671 0.617773
vn 0.364700 -0.696671 0.617773
vn 0.364700 -0.696671 0.617773
vn 0.364700 -0.696671 0.617773
vn 0.855860 -0.409929 0.315375
vn 0.855860 -0.409929 0.315375
vn 0.855860 -0.409929 0.315375
vn 0.855860 -0.409929 0.315375
vn 0.926116 0.170056 0.336734
vn 0.926116 0.170056 0.336734
vn 0.926116 0.170056 0.336734
vn 0.926116 0.170056 0.336734
vn -0.420671 0.906725 0.029775
vn -0.420671 0.906725 0.029775
vn -0.420671 0.906725 0.029775
vn -0.420671 0.906725 0.029775
vn -0.725899 0.682889 0.082060
vn -0.725899 0.682889 0.082060
vn -0.725899 0.682889 0.082060
vn -0.725899 0.682889 0.082060
vn -0.622230 0.770556 0.138107
vn -0.622230 0.770556 0.138107
vn -0.622230 0.770556 0.138107
vn -0.622230 0.770556 0.138107
vn -0.580861 0.812910 0.042167
vn -0.580861 0.812910 0.042167
vn -0.580861 0.812910 0.042167
vn -0.580861 0.812910 0.042167
vn -0.647074 0.760809 -0.049643
vn -0.647074 0.760809 -0.049643
vn -0.647074 0.760809 -0.049643
vn -0.647074 0.760809 -0.049643
vn -0.581842 0.811115 0.059599
vn -0.581842 0.811115 0.059599
vn -0.581842 0.811115 0.059599
vn -0.581842 0.811115 0.059599
vn 0.643409 -0.738242 0.202545
vn 0.643409 -0.738242 0.202545
vn 0.643409 -0.738242 0.202545
vn 0.643409 -0.738242 0.202545
vn 0.448911 -0.870872 0.200153
vn 0.448911 -0.870872 0.200153
vn 0.448911 -0.870872 0.200153
vn 0.448911 -0.870872 0.200153
vn 0.699076 0.240639 0.673339
vn 0.699076 0.240639 0.673339
vn 0.699076 0.240639 0.673339
vn 0.699076 0.240639 0.673339
vn 0.657677 0.530048 0.535267
vn 0.657677 0.530048 0.535267
vn 0.657677 0.530048 0.535267
vn 0.657677 0.530048 0.535267
vn 0.780091 -0.135904 0.610728
vn 0.780091 -0.135904 0.610728
vn 0.780091 -0.135904 0.610728
vn 0.780091 -0.135904 0.610728
vn 0.818215 -0.182220 0.545270
vn 0.818215 -0.182220 0.545270
vn 0.818215 -0.182220 0.545270
vn 0.818215 -0.182220 0.545270
vn 0.759072 -0.574987 0.305285
vn 0.759072 -0.574987 0.305285
vn 0.759072 -0.574987 0.305285
vn 0.759072 -0.574987 0.305285
vn -0.554517 0.831426 0.035234
vn -0.554517 0.831426 0.035234
vn -0.554517 0.831426 0.035234
vn -0.554517 0.831426 0.035234
vn 0.471669 0.297673 0.830012
vn 0.471669 0.297673 0.830012
vn 0.471669 0.297673 0.830012
vn 0.471669 0.297673 0.830012
vn 0.521181 -0.566357 0.638444
vn 0.521181 -0.566357 0.638444
vn 0.521181 -0.566357 0.638444
vn 0.521181 -0.566357 0.638444
vn 0.371291 -0.643820 0.669058
vn 0.371291 -0.643820 0.669058
vn 0.371291 -0.643820 0.669058
vn 0.371291 -0.643820 0.669058
vn 0.842158 -0.456762 0.286596
vn 0.842158 -0.456762 0.286596
vn 0.842158 -0.456762 0.286596
vn 0.842158 -0.456762 0.286596
vn -0.648690 0.453913 0.610872
vn -0.648690 0.453913 0.610872
vn -0.648690 0.453913 0.610872
vn -0.648690 0.453913 0.610872
vn 0.597522 -0.112532 0.793917
vn 0.597522 -0.112532 0.793917
vn 0.597522 -0.112532 0.793917
vn 0.597522 -0.112532 0.793917
vn 0.652215 -0.466351 0.597605
vn 0.652215 -0.466351 0.597605
vn 0.652215 -0.466351 0.597605
vn 0.652215 -0.466351 0.597605
vn 0.670347 -0.164233 0.723645
vn 0.670347 -0.164233 0.723645
vn 0.670347 -0.164233 0.723645
vn 0.670347 -0.164233 0.723645
vn 0.784537 -0.569066 0.246305
vn 0.784537 -0.569066 0.246305
vn 0.784537 -0.569066 0.246305
vn 0.784537 -0.569066 0.246305
vn -0.875785 0.308339 0.371387
vn -0.875785 0.308339 0.371387
vn -0.875785 0.308339 0.371387
vn -0.875785 0.308339 0.371387
vn 0.642376 -0.079309 0.762275
vn 0.642376 -0.079309 0.762275
vn 0.642376 -0.079309 0.762275
vn 0.642376 -0.079309 0.762275
vn 0.829573 -0.277595 0.484510
vn 0.829573 -0.277595 0.484510
vn 0.829573 -0.277595 0.484510
vn 0.829573 -0.277595 0.484510
vn 0.617038 -0.112366 0.778869
vn 0.617038 -0.112366 0.778869
vn 0.617038 -0.112366 0.778869
vn 0.617038 -0.112366 0.778869
vn 0.891164 -0.315548 0.325969
vn 0.891164 -0.315548 0.325969
vn 0.891164 -0.315548 0.325969
vn 0.891164 -0.315548 0.325969
vn 0.498309 -0.025770 0.866617
vn 0.498309 -0.025770 0.866617
vn 0.498309 -0.025770 0.866617
vn 0.498309 -0.025770 0.866617
vn 0.858884 -0.231043 0.457096
vn 0.858884 -0.231043 0.457096
vn 0.858884 -0.231043 0.457096
vn 0.858884 -0.231043 0.457096
vn 0.712861 -0.079744 0.696757
vn 0.712861 -0.079744 0.696757
vn 0.712861 -0.079744 0.696757
vn 0.712861 -0.079744 0.696757
vn 0.896500 -0.224145 0.382161
vn 0.896500 -0.224145 0.382161
vn 0.896500 -0.224145 0.382161
vn 0.896500 -0.224145 0.382161
vn -0.927908 0.354767 0.114576
vn -0.927908 0.354767 0.114576
vn -0.927908 0.354767 0.114576
vn -0.927908 0.354767 0.114576
vn 0.162244 0.306320 0.938001
vn 0.162244 0.306320 0.938001
vn 0.162244 0.306320 0.938001
vn 0.162244 0.306320 0.938001
vn 0.861935 -0.058324 0.503653
vn 0.861935 -0.058324 0.503653
vn 0.861935 -0.058324 0.503653
vn 0.861935 -0.058324 0.503653
vn 0.913860 -0.154202 0.375608
vn 0.913860 -0.154202 0.375608
vn 0.913860 -0.154202 0.375608
vn 0.913860 -0.154202 0.375608
vn -0.975292 0.159738 -0.152608
vn -0.975292 0.159738 -0.152608
vn -0.975292 0.159738 -0.152608
vn -0.975292 0.159738 -0.152608
vn -0.961046 0.254517 0.107755
vn -0.961046 0.254517 0.107755
vn -0.961046 0.254517 0.107755
vn -0.961046 0.254517 0.107755
vn 0.243259 0.368177 0.897369
vn 0.243259 0.368177 0.897369
vn 0.243259 0.368177 0.897369
vn 0.243259 0.368177 0.897369
vn 0.935038 -0.064714 0.348591
vn 0.935038 -0.064714 0.348591
vn 0.935038 -0.064714 0.348591
vn 0.935038 -0.064714 0.348591
vn 0.643208 -0.661633 -0.385391
vn 0.643208 -0.661633 -0.385391
vn 0.643208 -0.661633 -0.385391
vn 0.643208 -0.661633 -0.385391
vn -0.990620 0.133854 -0.027476
vn -0.990620 0.133854 -0.027476
vn -0.990620 0.133854 -0.027476
vn -0.990620 0.133854 -0.027476
vn -0.970348 0.210145 0.119429
vn -0.970348 0.210145 0.119429
vn -0.970348 0.210145 0.119429
vn -0.970348 0.210145 0.119429
vn 0.350749 0.392426 0.850281
vn 0.350749 0.392426 0.850281
vn 0.350749 0.392426 0.850281
vn 0.350749 0.392426 0.850281
vn 0.861533 0.106370 0.496434
vn 0.861533 0.106370 0.496434
vn 0.861533 0.106370 0.496434
vn 0.861533 0.106370 0.496434
vn -0.566444 -0.502602 -0.653095
vn -0.566444 -0.502602 -0.653095
vn -0.566444 -0.502602 -0.653095
vn -0.566444 -0.502602 -0.653095
vn -0.994135 0.108046 -0.004591
vn -0.994135 0.108046 -0.004591
vn -0.994135 0.108046 -0.004591
vn -0.994135 0.108046 -0.004591
vn -0.963099 0.228694 0.141912
vn -0.963099 0.228694 0.141912
vn -0.963099 0.228694 0.141912
vn -0.963099 0.228694 0.141912
vn 0.390072 0.486637 0.781682
vn 0.390072 0.486637 0.781682
vn 0.390072 0.486637 0.781682
vn 0.390072 0.486637 0.781682
vn 0.953003 -0.044920 0.299612
vn 0.953003 -0.044920 0.299612
vn 0.953003 -0.044920 0.299612
vn 0.953003 -0.044920 0.299612
vn 0.895863 0.131047 0.424566
vn 0.895863 0.131047 0.424566
vn 0.895863 0.131047 0.424566
vn 0.895863 0.131047 0.424566
vn 0.965237 -0.035683 0.258930
vn 0.965237 -0.035683 0.258930
vn 0.965237 -0.035683 0.258930
vn 0.965237 -0.035683 0.258930
vn 0.690435 -0.647551 -0.322456
vn 0.690435 -0.647551 -0.322456
vn 0.690435 -0.647551 -0.322456
vn 0.690435 -0.647551 -0.322456
vn -0.715008 -0.459777 -0.526657
vn -0.715008 -0.459777 -0.526657
vn -0.715008 -0.459777 -0.526657
vn -0.715008 -0.459777 -0.526657
vn 0.951191 -0.086507 0.296230
vn 0.951191 -0.086507 0.296230
vn 0.951191 -0.086507 0.296230
vn 0.951191 -0.086507 0.296230
vn 0.717372 -0.692411 -0.077094
vn 0.717372 -0.692411 -0.077094
vn 0.717372 -0.692411 -0.077094
vn 0.717372 -0.692411 -0.077094
vn 0.280391 0.275285 0.919565
vn 0.280391 0.275285 0.919565
vn 0.280391 0.275285 0.919565
vn 0.280391 0.275285 0.919565
vn 0.941197 0.068435 0.330854
vn 0.941197 0.068435 0.330854
vn 0.941197 0.068435 0.330854
vn 0.941197 0.068435 0.330854
vn 0.947132 -0.148417 0.284454
vn 0.947132 -0.148417 0.284454
vn 0.947132 -0.148417 0.284454
vn 0.947132 -0.148417 0.284454
vn 0.959084 -0.066607 0.275174
vn 0.959084 -0.066607 0.275174
vn 0.959084 -0.066607 0.275174
vn 0.959084 -0.066607 0.275174
vn 0.950481 -0.134560 0.280143
vn 0.950481 -0.134560 0.280143
vn 0.950481 -0.134560 0.280143
vn 0.950481 -0.134560 0.280143
vn 0.962488 -0.189308 0.194369
vn 0.962488 -0.189308 0.194369
vn 0.962488 -0.189308 0.194369
vn 0.962488 -0.189308 0.194369
vn 0.960760 -0.227987 0.157992
vn 0.960760 -0.227987 0.157992
vn 0.960760 -0.227987 0.157992
vn 0.960760 -0.227987 0.157992
vn 0.944857 -0.309944 0.105739
vn 0.944857 -0.309944 0.105739
vn 0.944857 -0.309944 0.105739
vn 0.944857 -0.309944 0.105739
vn 0.894814 -0.444680 -0.039594
vn 0.894814 -0.444680 -0.039594
vn 0.894814 -0.444680 -0.039594
vn 0.894814 -0.444680 -0.039594
vn 0.895163 -0.423570 -0.138823
vn 0.895163 -0.423570 -0.138823
vn 0.895163 -0.423570 -0.138823
vn 0.895163 -0.423570 -0.138823
vn 0.870609 -0.476478 -0.122510
vn 0.870609 -0.476478 -0.122510
vn 0.870609 -0.476478 -0.122510
vn 0.870609 -0.476478 -0.122510
vn 0.642572 -0.381064 0.664749
vn 0.642572 -0.381064 0.664749
vn 0.642572 -0.381064 0.664749
vn 0.642572 -0.381064 0.664749
vn 0.606602 -0.468030 0.642636
vn 0.606602 -0.468030 0.642636
vn 0.606602 -0.468030 0.642636
vn 0.606602 -0.468030 0.642636
vn 0.765093 -0.339139 0.547373
vn 0.765093 -0.339139 0.547373
vn 0.765093 -0.339139 0.547373
vn 0.765093 -0.339139 0.547373
vn 0.637295 -0.278516 0.718529
vn 0.637295 -0.278516 0.718529
vn 0.637295 -0.278516 0.718529
vn 0.637295 -0.278516 0.718529
vn 0.460922 0.351435 0.814890
vn 0.460922 0.351435 0.814890
vn 0.460922 0.351435 0.814890
vn 0.460922 0.351435 0.814890
vn -0.134693 0.912716 0.385755
vn -0.134693 0.912716 0.385755
vn -0.134693 0.912716 0.385755
vn -0.134693 0.912716 0.385755
vn -0.895333 0.383309 -0.226833
vn -0.895333 0.383309 -0.226833
vn -0.895333 0.383309 -0.226833
vn -0.895333 0.383309 -0.226833
vn -0.857756 0.500001 0.119387
vn -0.857756 0.500001 0.119387
vn -0.857756 0.500001 0.119387
vn -0.857756 0.500001 0.119387
vn -0.133825 -0.100961 0.985849
vn -0.133825 -0.100961 0.985849
vn -0.133825 -0.100961 0.985849
vn -0.133825 -0.100961 0.985849
vn -0.920265 0.350079 -0.174809
vn -0.920265 0.350079 -0.174809
vn -0.920265 0.350079 -0.174809
vn -0.920265 0.350079 -0.174809
vn -0.941051 -0.311765 -0.131245
vn -0.941051 -0.311765 -0.131245
vn -0.941051 -0.311765 -0.131245
vn -0.941051 -0.311765 -0.131245
vn 0.111568 -0.746062 0.656464
vn 0.111568 -0.746062 0.656464
vn 0.111568 -0.746062 0.656464
vn 0.111568 -0.746062 0.656464
vn 0.635235 -0.322759 0.701643
vn 0.635235 -0.322759 0.701643
vn 0.635235 -0.322759 0.701643
vn 0.635235 -0.322759 0.701643
vn 0.739654 -0.435221 0.513317
vn 0.739654 -0.435221 0.513317
vn 0.739654 -0.435221 0.513317
vn 0.739654 -0.435221 0.513317
vn 0.916661 -0.069876 0.393510
vn 0.916661 -0.069876 0.393510
vn 0.916661 -0.069876 0.393510
vn 0.916661 -0.069876 0.393510
vn 0.736061 0.072164 0.673057
vn 0.736061 0.072164 0.673057
vn 0.736061 0.072164 0.673057
vn 0.736061 0.072164 0.673057
vn 0.784718 0.428900 0.447507
vn 0.784718 0.428900 0.447507
vn 0.784718 0.428900 0.447507
vn 0.784718 0.428900 0.447507
vn -0.432762 0.822040 -0.370091
vn -0.432762 0.822040 -0.370091
vn -0.432762 0.822040 -0.370091
vn -0.432762 0.822040 -0.370091
vn -0.919480 0.348833 -0.181305
vn -0.919480 0.348833 -0.181305
vn -0.919480 0.348833 -0.181305
vn -0.919480 0.348833 -0.181305
vn -0.892423 0.400900 -0.207028
vn -0.892423 0.400900 -0.207028
vn -0.892423 0.400900 -0.207028
vn -0.892423 0.400900 -0.207028
vn 0.039642 -0.751848 0.658143
vn 0.039642 -0.751848 0.658143
vn 0.039642 -0.751848 0.658143
vn 0.039642 -0.751848 0.658143
vn 0.580276 -0.398117 0.710481
vn 0.580276 -0.398117 0.710481
vn 0.580276 -0.398117 0.710481
vn 0.580276 -0.398117 0.710481
vn 0.848501 -0.347500 0.399112
vn 0.848501 -0.347500 0.399112
vn 0.848501 -0.347500 0.399112
vn 0.848501 -0.347500 0.399112
vn 0.873510 -0.283400 0.395808
vn 0.873510 -0.283400 0.395808
vn 0.873510 -0.283400 0.395808
vn 0.873510 -0.283400 0.395808
vn 0.732279 0.061464 0.678225
vn 0.732279 0.061464 0.678225
vn 0.732279 0.061464 0.678225
vn 0.732279 0.061464 0.678225
vn 0.767826 0.270862 0.580584
vn 0.767826 0.270862 0.580584
vn 0.767826 0.270862 0.580584
vn 0.767826 0.270862 0.580584
vn -0.980002 0.174751 0.095174
vn -0.980002 0.174751 0.095174
vn -0.980002 0.174751 0.095174
vn -0.980002 0.174751 0.095174
vn 0.071925 -0.048683 0.996221
vn 0.071925 -0.048683 0.996221
vn 0.071925 -0.048683 0.996221
vn 0.071925 -0.048683 0.996221
vn 0.761731 -0.104280 0.639446
vn 0.761731 -0.104280 0.639446
vn 0.761731 -0.104280 0.639446
vn 0.761731 -0.104280 0.639446
vn 0.896890 -0.213176 0.387484
vn 0.896890 -0.213176 0.387484
vn 0.896890 -0.213176 0.387484
vn 0.896890 -0.213176 0.387484
vn 0.914980 -0.162230 0.369450
vn 0.914980 -0.162230 0.369450
vn 0.914980 -0.162230 0.369450
vn 0.914980 -0.162230 0.369450
vn 0.863453 0.069602 0.499604
vn 0.863453 0.069602 0.499604
vn 0.863453 0.069602 0.499604
vn 0.863453 0.069602 0.499604
vn 0.358224 0.726686 0.586176
vn 0.358224 0.726686 0.586176
vn 0.358224 0.726686 0.586176
vn 0.358224 0.726686 0.586176
vn -0.978143 -0.201133 0.052734
vn -0.978143 -0.201133 0.052734
vn -0.978143 -0.201133 0.052734
vn -0.978143 -0.201133 0.052734
vn -0.071702 -0.498612 0.863855
vn -0.071702 -0.498612 0.863855
vn -0.071702 -0.498612 0.863855
vn -0.071702 -0.498612 0.863855
vn 0.891836 -0.067381 0.447313
vn 0.891836 -0.067381 0.447313
vn 0.891836 -0.067381 0.447313
vn 0.891836 -0.067381 0.447313
vn 0.199148 0.913330 -0.355201
vn 0.199148 0.913330 -0.355201
vn 0.199148 0.913330 -0.355201
vn 0.199148 0.913330 -0.355201
vn -0.657349 -0.624046 0.422445
vn -0.657349 -0.624046 0.422445
vn -0.657349 -0.624046 0.422445
vn -0.657349 -0.624046 0.422445
vn -0.045615 -0.671021 0.740034
vn -0.045615 -0.671021 0.740034
vn -0.045615 -0.671021 0.740034
vn -0.045615 -0.671021 0.740034
vn 0.886681 0.077928 0.455768
vn 0.886681 0.077928 0.455768
vn 0.886681 0.077928 0.455768
vn 0.886681 0.077928 0.455768
vn 0.370782 0.792692 0.483900
vn 0.370782 0.792692 0.483900
vn 0.370782 0.792692 0.483900
vn 0.370782 0.792692 0.483900
vn -0.394171 0.903489 -0.168337
vn -0.394171 0.903489 -0.168337
vn -0.394171 0.903489 -0.168337
vn -0.394171 0.903489 -0.168337
vn 0.801440 -0.372793 0.467674
vn 0.801440 -0.372793 0.467674
vn 0.801440 -0.372793 0.467674
vn 0.801440 -0.372793 0.467674
vn 0.903567 -0.329384 0.273995
vn 0.903567 -0.329384 0.273995
vn 0.903567 -0.329384 0.273995
vn 0.903567 -0.329384 0.273995
vn 0.876645 -0.253633 0.408857
vn 0.876645 -0.253633 0.408857
vn 0.876645 -0.253633 0.408857
vn 0.876645 -0.253633 0.408857
vn 0.814234 -0.287324 0.504447
vn 0.814234 -0.287324 0.504447
vn 0.814234 -0.287324 0.504447
vn 0.814234 -0.287324 0.504447
vn 0.839197 -0.364802 0.403322
vn 0.839197 -0.364802 0.403322
vn 0.839197 -0.364802 0.403322
vn 0.839197 -0.364802 0.403322
vn 0.876258 -0.263268 0.403562
vn 0.876258 -0.263268 0.403562
vn 0.876258 -0.263268 0.403562
vn 0.876258 -0.263268 0.403562
vn 0.918562 -0.157851 0.362390
vn 0.918562 -0.157851 0.362390
vn 0.918562 -0.157851 0.362390
vn 0.918562 -0.157851 0.362390
vn 0.567208 -0.469129 0.676900
vn 0.567208 -0.469129 0.676900
vn 0.567208 -0.469129 0.676900
vn 0.567208 -0.469129 0.676900
vn -0.995914 -0.016674 0.088759
vn -0.995914 -0.016674 0.088759
vn -0.995914 -0.016674 0.088759
vn -0.995914 -0.016674 0.088759
vn -0.655016 -0.588797 0.473573
vn -0.655016 -0.588797 0.473573
vn -0.655016 -0.588797 0.473573
vn -0.655016 -0.588797 0.473573
vn -0.248615 -0.728147 0.638743
vn -0.248615 -0.728147 0.638743
vn -0.248615 -0.728147 0.638743
vn -0.248615 -0.728147 0.638743
vn 0.878457 -0.059171 0.474143
vn 0.878457 -0.059171 0.474143
vn 0.878457 -0.059171 0.474143
vn 0.878457 -0.059171 0.474143
vn 0.950768 -0.071571 0.301525
vn 0.950768 -0.071571 0.301525
vn 0.950768 -0.071571 0.301525
vn 0.950768 -0.071571 0.301525
vn 0.962972 -0.005598 0.269542
vn 0.962972 -0.005598 0.269542
vn 0.962972 -0.005598 0.269542
vn 0.962972 -0.005598 0.269542
vn 0.914552 0.186271 0.359024
vn 0.914552 0.186271 0.359024
vn 0.914552 0.186271 0.359024
vn 0.914552 0.186271 0.359024
vn 0.304134 0.944431 0.124709
vn 0.304134 0.944431 0.124709
vn 0.304134 0.944431 0.124709
vn 0.304134 0.944431 0.124709
vn -0.882630 0.449539 -0.137399
vn -0.882630 0.449539 -0.137399
vn -0.882630 0.449539 -0.137399
vn -0.882630 0.449539 -0.137399
vn -0.965074 0.259175 0.038217
vn -0.965074 0.259175 0.038217
vn -0.965074 0.259175 0.038217
vn -0.965074 0.259175 0.038217
vn 0.956368 -0.085703 0.279312
vn 0.956368 -0.085703 0.279312
vn 0.956368 -0.085703 0.279312
vn 0.956368 -0.085703 0.279312
vn 0.964278 -0.021243 0.264038
vn 0.964278 -0.021243 0.264038
vn 0.964278 -0.021243 0.264038
vn 0.964278 -0.021243 0.264038
vn 0.698599 -0.671264 -0.247718
vn 0.698599 -0.671264 -0.247718
vn 0.698599 -0.671264 -0.247718
vn 0.698599 -0.671264 -0.247718
vn -0.637512 -0.537690 -0.551786
vn -0.637512 -0.537690 -0.551786
vn -0.637512 -0.537690 -0.551786
vn -0.637512 -0.537690 -0.551786
vn 0.961043 -0.017618 0.275838
vn 0.961043 -0.017618 0.275838
vn 0.961043 -0.017618 0.275838
vn 0.961043 -0.017618 0.275838
vn 0.888953 0.097938 0.447404
vn 0.888953 0.097938 0.447404
vn 0.888953 0.097938 0.447404
vn 0.888953 0.097938 0.447404
vn 0.379599 0.396215 0.836013
vn 0.379599 0.396215 0.836013
vn 0.379599 0.396215 0.836013
vn 0.379599 0.396215 0.836013
vn -0.988560 0.146530 -0.035743
vn -0.988560 0.146530 -0.035743
vn -0.988560 0.146530 -0.035743
vn -0.988560 0.146530 -0.035743
vn 0.900310 -0.127913 0.416028
vn 0.900310 -0.127913 0.416028
vn 0.900310 -0.127913 0.416028
vn 0.900310 -0.127913 0.416028
vn 0.927597 -0.076045 0.365762
vn 0.927597 -0.076045 0.365762
vn 0.927597 -0.076045 0.365762
vn 0.927597 -0.076045 0.365762
vn 0.891254 -0.016121 0.453218
vn 0.891254 -0.016121 0.453218
vn 0.891254 -0.016121 0.453218
vn 0.891254 -0.016121 0.453218
vn 0.929604 -0.121391 0.347996
vn 0.929604 -0.121391 0.347996
vn 0.929604 -0.121391 0.347996
vn 0.929604 -0.121391 0.347996
vn 0.934807 -0.095999 0.341936
vn 0.934807 -0.095999 0.341936
vn 0.934807 -0.095999 0.341936
vn 0.934807 -0.095999 0.341936
vn 0.900638 -0.063002 0.429978
vn 0.900638 -0.063002 0.429978
vn 0.900638 -0.063002 0.429978
vn 0.900638 -0.063002 0.429978
vn 0.882457 0.019611 0.469984
vn 0.882457 0.019611 0.469984
vn 0.882457 0.019611 0.469984
vn 0.882457 0.019611 0.469984
vn 0.950262 -0.049728 0.307457
vn 0.950262 -0.049728 0.307457
vn 0.950262 -0.049728 0.307457
vn 0.950262 -0.049728 0.307457
vn 0.954474 -0.040559 0.295523
vn 0.954474 -0.040559 0.295523
vn 0.954474 -0.040559 0.295523
vn 0.954474 -0.040559 0.295523
vn 0.913000 -0.143653 0.381831
vn 0.913000 -0.143653 0.381831
vn 0.913000 -0.143653 0.381831
vn 0.913000 -0.143653 0.381831
vn 0.945112 -0.052366 0.322525
vn 0.945112 -0.052366 0.322525
vn 0.945112 -0.052366 0.322525
vn 0.945112 -0.052366 0.322525
vn 0.947241 -0.056018 0.315589
vn 0.947241 -0.056018 0.315589
vn 0.947241 -0.056018 0.315589
vn 0.947241 -0.056018 0.315589
vn 0.940346 -0.057151 0.335385
vn 0.940346 -0.057151 0.335385
vn 0.940346 -0.057151 0.335385
vn 0.940346 -0.057151 0.335385
vn 0.956315 -0.029504 0.290844
vn 0.956315 -0.029504 0.290844
vn 0.956315 -0.029504 0.290844
vn 0.956315 -0.029504 0.290844
vn 0.959502 -0.056519 0.275975
vn 0.959502 -0.056519 0.275975
vn 0.959502 -0.056519 0.275975
vn 0.959502 -0.056519 0.275975
vn -0.990923 0.110506 0.076551
vn -0.990923 0.110506 0.076551
vn -0.990923 0.110506 0.076551
vn -0.990923 0.110506 0.076551
vn -0.825416 -0.367840 0.428231
vn -0.825416 -0.367840 0.428231
vn -0.825416 -0.367840 0.428231
vn -0.825416 -0.367840 0.428231
vn 0.035963 -0.530366 0.847006
vn 0.035963 -0.530366 0.847006
vn 0.035963 -0.530366 0.847006
vn 0.035963 -0.530366 0.847006
vn 0.874009 -0.022856 0.485372
vn 0.874009 -0.022856 0.485372
vn 0.874009 -0.022856 0.485372
vn 0.874009 -0.022856 0.485372
vn 0.958495 -0.065948 0.277378
vn 0.958495 -0.065948 0.277378
vn 0.958495 -0.065948 0.277378
vn 0.958495 -0.065948 0.277378
vn 0.965049 -0.024945 0.260881
vn 0.965049 -0.024945 0.260881
vn 0.965049 -0.024945 0.260881
vn 0.965049 -0.024945 0.260881
vn 0.926455 0.138765 0.349894
vn 0.926455 0.138765 0.349894
vn 0.926455 0.138765 0.349894
vn 0.926455 0.138765 0.349894
vn 0.125332 0.913323 -0.387471
vn 0.125332 0.913323 -0.387471
vn 0.125332 0.913323 -0.387471
vn 0.125332 0.913323 -0.387471
vn -0.526017 0.744052 -0.411938
vn -0.526017 0.744052 -0.411938
vn -0.526017 0.744052 -0.411938
vn -0.526017 0.744052 -0.411938
vn -0.941656 0.304091 -0.144265
vn -0.941656 0.304091 -0.144265
vn -0.941656 0.304091 -0.144265
vn -0.941656 0.304091 -0.144265
vn -0.980837 0.190336 0.041599
vn -0.980837 0.190336 0.041599
vn -0.980837 0.190336 0.041599
vn -0.980837 0.190336 0.041599
vn -0.986312 0.163578 0.020744
vn -0.986312 0.163578 0.020744
vn -0.986312 0.163578 0.020744
vn -0.986312 0.163578 0.020744
vn 0.966446 -0.050278 0.251902
vn 0.966446 -0.050278 0.251902
vn 0.966446 -0.050278 0.251902
vn 0.966446 -0.050278 0.251902
vn 0.964706 -0.018943 0.262649
vn 0.964706 -0.018943 0.262649
vn 0.964706 -0.018943 0.262649
vn 0.964706 -0.018943 0.262649
vn -0.994837 0.077220 0.065849
vn -0.994837 0.077220 0.065849
vn -0.994837 0.077220 0.065849
vn -0.994837 0.077220 0.065849
vn -0.961373 -0.079426 0.263539
vn -0.961373 -0.079426 0.263539
vn -0.961373 -0.079426 0.263539
vn -0.961373 -0.079426 0.263539
vn -0.011472 -0.286428 0.958033
vn -0.011472 -0.286428 0.958033
vn -0.011472 -0.286428 0.958033
vn -0.011472 -0.286428 0.958033
vn 0.880300 0.008831 0.474335
vn 0.880300 0.008831 0.474335
vn 0.880300 0.008831 0.474335
vn 0.880300 0.008831 0.474335
vn 0.966388 -0.074363 0.246098
vn 0.966388 -0.074363 0.246098
vn 0.966388 -0.074363 0.246098
vn 0.966388 -0.074363 0.246098
vn 0.969361 -0.074919 0.233939
vn 0.969361 -0.074919 0.233939
vn 0.969361 -0.074919 0.233939
vn 0.969361 -0.074919 0.233939
vn 0.923829 0.143245 0.354994
vn 0.923829 0.143245 0.354994
vn 0.923829 0.143245 0.354994
vn 0.923829 0.143245 0.354994
vn 0.460869 0.842273 0.279598
vn 0.460869 0.842273 0.279598
vn 0.460869 0.842273 0.279598
vn 0.460869 0.842273 0.279598
vn -0.907916 0.369696 -0.197518
vn -0.907916 0.369696 -0.197518
vn -0.907916 0.369696 -0.197518
vn -0.907916 0.369696 -0.197518
vn -0.954558 0.281255 -0.098562
vn -0.954558 0.281255 -0.098562
vn -0.954558 0.281255 -0.098562
vn -0.954558 0.281255 -0.098562
vn 0.965170 -0.062281 0.254104
vn 0.965170 -0.062281 0.254104
vn 0.965170 -0.062281 0.254104
vn 0.965170 -0.062281 0.254104
vn 0.963278 -0.233651 0.132302
vn 0.963278 -0.233651 0.132302
vn 0.963278 -0.233651 0.132302
vn 0.963278 -0.233651 0.132302
vn -0.806429 -0.441895 -0.392939
vn -0.806429 -0.441895 -0.392939
vn -0.806429 -0.441895 -0.392939
vn -0.806429 -0.441895 -0.392939
vn -0.975303 0.204527 -0.083382
vn -0.975303 0.204527 -0.083382
vn -0.975303 0.204527 -0.083382
vn -0.975303 0.204527 -0.083382
vn 0.549486 0.474345 0.687795
vn 0.549486 0.474345 0.687795
vn 0.549486 0.474345 0.687795
vn 0.549486 0.474345 0.687795
vn 0.903650 0.114267 0.412746
vn 0.903650 0.114267 0.412746
vn 0.903650 0.114267 0.412746
vn 0.903650 0.114267 0.412746
vn -0.985119 0.162565 -0.055786
vn -0.985119 0.162565 -0.055786
vn -0.985119 0.162565 -0.055786
vn -0.985119 0.162565 -0.055786
vn 0.551338 0.391837 0.736539
vn 0.551338 0.391837 0.736539
vn 0.551338 0.391837 0.736539
vn 0.551338 0.391837 0.736539
vn 0.925680 0.094002 0.366443
vn 0.925680 0.094002 0.366443
vn 0.925680 0.094002 0.366443
vn 0.925680 0.094002 0.366443
vn 0.947524 -0.071685 0.311543
vn 0.947524 -0.071685 0.311543
vn 0.947524 -0.071685 0.311543
vn 0.947524 -0.071685 0.311543
vn -0.980220 0.172345 -0.097298
vn -0.980220 0.172345 -0.097298
vn -0.980220 0.172345 -0.097298
vn -0.980220 0.172345 -0.097298
vn -0.885538 0.335519 -0.321325
vn -0.885538 0.335519 -0.321325
vn -0.885538 0.335519 -0.321325
vn -0.885538 0.335519 -0.321325
vn 0.493018 0.824973 -0.276321
vn 0.493018 0.824973 -0.276321
vn 0.493018 0.824973 -0.276321
vn 0.493018 0.824973 -0.276321
vn -0.943986 0.272202 -0.186537
vn -0.943986 0.272202 -0.186537
vn -0.943986 0.272202 -0.186537
vn -0.943986 0.272202 -0.186537
vn 0.949627 -0.190584 0.248771
vn 0.949627 -0.190584 0.248771
vn 0.949627 -0.190584 0.248771
vn 0.949627 -0.190584 0.248771
vn 0.974983 -0.120737 0.186631
vn 0.974983 -0.120737 0.186631
vn 0.974983 -0.120737 0.186631
vn 0.974983 -0.120737 0.186631
vn 0.980047 -0.005792 0.198684
vn 0.980047 -0.005792 0.198684
vn 0.980047 -0.005792 0.198684
vn 0.980047 -0.005792 0.198684
vn 0.938350 0.049253 0.342159
vn 0.938350 0.049253 0.342159
vn 0.938350 0.049253 0.342159
vn 0.938350 0.049253 0.342159
vn 0.913690 -0.003909 0.406393
vn 0.913690 -0.003909 0.406393
vn 0.913690 -0.003909 0.406393
vn 0.913690 -0.003909 0.406393
vn 0.470985 0.124303 0.873339
vn 0.470985 0.124303 0.873339
vn 0.470985 0.124303 0.873339
vn 0.470985 0.124303 0.873339
vn -0.997454 0.066293 0.026264
vn -0.997454 0.066293 0.026264
vn -0.997454 0.066293 0.026264
vn -0.997454 0.066293 0.026264
vn -0.966186 0.201915 -0.160359
vn -0.966186 0.201915 -0.160359
vn -0.966186 0.201915 -0.160359
vn -0.966186 0.201915 -0.160359
vn -0.989605 0.143793 0.002152
vn -0.989605 0.143793 0.002152
vn -0.989605 0.143793 0.002152
vn -0.989605 0.143793 0.002152
vn -0.996308 0.061738 -0.059652
vn -0.996308 0.061738 -0.059652
vn -0.996308 0.061738 -0.059652
vn -0.996308 0.061738 -0.059652
vn -0.978195 -0.053844 0.200586
vn -0.978195 -0.053844 0.200586
vn -0.978195 -0.053844 0.200586
vn -0.978195 -0.053844 0.200586
vn -0.978965 0.054682 0.196565
vn -0.978965 0.054682 0.196565
vn -0.978965 0.054682 0.196565
vn -0.978965 0.054682 0.196565
vn 0.349647 0.220316 0.910609
vn 0.349647 0.220316 0.910609
vn 0.349647 0.220316 0.910609
vn 0.349647 0.220316 0.910609
vn 0.914445 0.024137 0.403991
vn 0.914445 0.024137 0.403991
vn 0.914445 0.024137 0.403991
vn 0.914445 0.024137 0.403991
vn 0.415028 0.660346 0.625856
vn 0.415028 0.660346 0.625856
vn 0.415028 0.660346 0.625856
vn 0.415028 0.660346 0.625856
vn -0.948582 0.315083 -0.030249
vn -0.948582 0.315083 -0.030249
vn -0.948582 0.315083 -0.030249
vn -0.948582 0.315083 -0.030249
vn -0.957695 0.243228 -0.153822
vn -0.957695 0.243228 -0.153822
vn -0.957695 0.243228 -0.153822
vn -0.957695 0.243228 -0.153822
vn 0.966067 -0.028329 0.256733
vn 0.966067 -0.028329 0.256733
vn 0.966067 -0.028329 0.256733
vn 0.966067 -0.028329 0.256733
vn 0.959255 -0.181350 0.216662
vn 0.959255 -0.181350 0.216662
vn 0.959255 -0.181350 0.216662
vn 0.959255 -0.181350 0.216662
vn 0.967750 -0.075145 0.240443
vn 0.967750 -0.075145 0.240443
vn 0.967750 -0.075145 0.240443
vn 0.967750 -0.075145 0.240443
vn 0.966416 -0.108265 0.233065
vn 0.966416 -0.108265 0.233065
vn 0.966416 -0.108265 0.233065
vn 0.966416 -0.108265 0.233065
vn 0.981094 -0.105948 0.161956
vn 0.981094 -0.105948 0.161956
vn 0.981094 -0.105948 0.161956
vn 0.981094 -0.105948 0.161956
vn -0.971892 0.119061 0.203103
vn -0.971892 0.119061 0.203103
vn -0.971892 0.119061 0.203103
vn -0.971892 0.119061 0.203103
vn -0.995804 0.057840 0.070912
vn -0.995804 0.057840 0.070912
vn -0.995804 0.057840 0.070912
vn -0.995804 0.057840 0.070912
vn 0.863361 0.033030 0.503505
vn 0.863361 0.033030 0.503505
vn 0.863361 0.033030 0.503505
vn 0.863361 0.033030 0.503505
vn 0.921771 0.178260 0.344327
vn 0.921771 0.178260 0.344327
vn 0.921771 0.178260 0.344327
vn 0.921771 0.178260 0.344327
vn 0.028376 0.757391 0.652345
vn 0.028376 0.757391 0.652345
vn 0.028376 0.757391 0.652345
vn 0.028376 0.757391 0.652345
vn 0.932236 0.185444 0.310721
vn 0.932236 0.185444 0.310721
vn 0.932236 0.185444 0.310721
vn 0.932236 0.185444 0.310721
vn 0.946140 -0.193616 0.259483
vn 0.946140 -0.193616 0.259483
vn 0.946140 -0.193616 0.259483
vn 0.946140 -0.193616 0.259483
vn 0.930143 -0.114297 0.348955
vn 0.930143 -0.114297 0.348955
vn 0.930143 -0.114297 0.348955
vn 0.930143 -0.114297 0.348955
vn 0.897809 -0.127075 0.421652
vn 0.897809 -0.127075 0.421652
vn 0.897809 -0.127075 0.421652
vn 0.897809 -0.127075 0.421652
vn 0.943447 -0.223479 0.244878
vn 0.943447 -0.223479 0.244878
vn 0.943447 -0.223479 0.244878
vn 0.943447 -0.223479 0.244878
vn -0.575048 -0.504493 -0.644054
vn -0.575048 -0.504493 -0.644054
vn -0.575048 -0.504493 -0.644054
vn -0.575048 -0.504493 -0.644054
vn 0.924777 -0.082079 0.371552
vn 0.924777 -0.082079 0.371552
vn 0.924777 -0.082079 0.371552
vn 0.924777 -0.082079 0.371552
vn 0.890465 -0.161312 0.425500
vn 0.890465 -0.161312 0.425500
vn 0.890465 -0.161312 0.425500
vn 0.890465 -0.161312 0.425500
vn -0.368780 0.880783 0.297023
vn -0.368780 0.880783 0.297023
vn -0.368780 0.880783 0.297023
vn -0.368780 0.880783 0.297023
vn -0.890928 -0.442683 0.101387
vn -0.890928 -0.442683 0.101387
vn -0.890928 -0.442683 0.101387
vn -0.890928 -0.442683 0.101387
vn -0.910784 0.403676 -0.086705
vn -0.910784 0.403676 -0.086705
vn -0.910784 0.403676 -0.086705
vn -0.910784 0.403676 -0.086705
vn 0.068049 0.946113 0.316607
vn 0.068049 0.946113 0.316607
vn 0.068049 0.946113 0.316607
vn 0.068049 0.946113 0.316607
vn -0.909525 0.200716 0.363973
vn -0.909525 0.200716 0.363973
vn -0.909525 0.200716 0.363973
vn -0.909525 0.200716 0.363973
vn 0.042199 0.950975 -0.306376
vn 0.042199 0.950975 -0.306376
vn 0.042199 0.950975 -0.306376
vn 0.042199 0.950975 -0.306376
vn -0.106565 -0.884896 -0.453434
vn -0.106565 -0.884896 -0.453434
vn -0.106565 -0.884896 -0.453434
vn -0.106565 -0.884896 -0.453434
vn -0.106270 -0.763647 -0.636828
vn -0.106270 -0.763647 -0.636828
vn -0.106270 -0.763647 -0.636828
vn -0.106270 -0.763647 -0.636828
vn -0.182160 -0.775285 -0.604774
vn -0.182160 -0.775285 -0.604774
vn -0.182160 -0.775285 -0.604774
vn -0.182160 -0.775285 -0.604774
vn 0.010666 -0.861847 -0.507056
vn 0.010666 -0.861847 -0.507056
vn 0.010666 -0.861847 -0.507056
vn 0.010666 -0.861847 -0.507056
vn -0.338526 -0.934863 0.106917
vn -0.338526 -0.934863 0.106917
vn -0.338526 -0.934863 0.106917
vn -0.338526 -0.934863 0.106917
vn -0.529512 -0.468264 -0.707352
vn -0.529512 -0.468264 -0.707352
vn -0.529512 -0.468264 -0.707352
vn -0.529512 -0.468264 -0.707352
vn -0.464374 -0.882245 -0.077468
vn -0.464374 -0.882245 -0.077468
vn -0.464374 -0.882245 -0.077468
vn -0.464374 -0.882245 -0.077468
vn -0.527765 -0.839556 -0.128884
vn -0.527765 -0.839556 -0.128884
vn -0.527765 -0.839556 -0.128884
vn -0.527765 -0.839556 -0.128884
vn -0.539585 -0.841903 0.006883
vn -0.539585 -0.841903 0.006883
vn -0.539585 -0.841903 0.006883
vn -0.539585 -0.841903 0.006883
vn -0.552301 -0.833067 -0.031038
vn -0.552301 -0.833067 -0.031038
vn -0.552301 -0.833067 -0.031038
vn -0.552301 -0.833067 -0.031038
vn -0.513772 -0.853657 0.085488
vn -0.513772 -0.853657 0.085488
vn -0.513772 -0.853657 0.085488
vn -0.513772 -0.853657 0.085488
vn -0.521401 -0.851750 0.051611
vn -0.521401 -0.851750 0.051611
vn -0.521401 -0.851750 0.051611
vn -0.521401 -0.851750 0.051611
vn -0.485965 -0.868168 0.100611
vn -0.485965 -0.868168 0.100611
vn -0.485965 -0.868168 0.100611
vn -0.485965 -0.868168 0.100611
vn -0.435916 -0.898261 0.055705
vn -0.435916 -0.898261 0.055705
vn -0.435916 -0.898261 0.055705
vn -0.435916 -0.898261 0.055705
vn -0.337794 -0.934194 -0.114790
vn -0.337794 -0.934194 -0.114790
vn -0.337794 -0.934194 -0.114790
vn -0.337794 -0.934194 -0.114790
vn -0.676873 -0.716738 0.167719
vn -0.676873 -0.716738 0.167719
vn -0.676873 -0.716738 0.167719
vn -0.676873 -0.716738 0.167719
vn -0.075580 -0.900058 -0.429167
vn -0.075580 -0.900058 -0.429167
vn -0.075580 -0.900058 -0.429167
vn -0.075580 -0.900058 -0.429167
vn -0.195494 -0.800066 0.567165
vn -0.195494 -0.800066 0.567165
vn -0.195494 -0.800066 0.567165
vn -0.195494 -0.800066 0.567165
vn -0.068367 -0.892729 -0.445378
vn -0.068367 -0.892729 -0.445378
vn -0.068367 -0.892729 -0.445378
vn -0.068367 -0.892729 -0.445378
vn 0.071012 -0.929153 -0.362812
vn 0.071012 -0.929153 -0.362812
vn 0.071012 -0.929153 -0.362812
vn 0.071012 -0.929153 -0.362812
vn -0.001822 -0.703242 0.710949
vn -0.001822 -0.703242 0.710949
vn -0.001822 -0.703242 0.710949
vn -0.001822 -0.703242 0.710949
vn 0.048101 -0.573097 -0.818075
vn 0.048101 -0.573097 -0.818075
vn 0.048101 -0.573097 -0.818075
vn 0.048101 -0.573097 -0.818075
vn 0.046992 -0.994382 -0.094847
vn 0.046992 -0.994382 -0.094847
vn 0.046992 -0.994382 -0.094847
vn 0.046992 -0.994382 -0.094847
vn 0.088450 -0.799380 0.594279
vn 0.088450 -0.799380 0.594279
vn 0.088450 -0.799380 0.594279
vn 0.088450 -0.799380 0.594279
vn -0.016015 -0.756415 -0.653896
vn -0.016015 -0.756415 -0.653896
vn -0.016015 -0.756415 -0.653896
vn -0.016015 -0.756415 -0.653896
vn 0.004333 -0.615962 0.787764
vn 0.004333 -0.615962 0.787764
vn 0.004333 -0.615962 0.787764
vn 0.004333 -0.615962 0.787764
vn 0.042053 -0.438717 -0.897641
vn 0.042053 -0.438717 -0.897641
vn 0.042053 -0.438717 -0.897641
vn 0.042053 -0.438717 -0.897641
vn 0.005930 -0.991830 0.127431
vn 0.005930 -0.991830 0.127431
vn 0.005930 -0.991830 0.127431
vn 0.005930 -0.991830 0.127431
vn 0.225808 -0.908547 0.351503
vn 0.225808 -0.908547 0.351503
vn 0.225808 -0.908547 0.351503
vn 0.225808 -0.908547 0.351503
vn -0.439969 -0.896971 0.043239
vn -0.439969 -0.896971 0.043239
vn -0.439969 -0.896971 0.043239
vn -0.439969 -0.896971 0.043239
vn -0.263902 -0.864008 -0.428773
vn -0.263902 -0.864008 -0.428773
vn -0.263902 -0.864008 -0.428773
vn -0.263902 -0.864008 -0.428773
vn -0.137247 -0.963584 0.229497
vn -0.137247 -0.963584 0.229497
vn -0.137247 -0.963584 0.229497
vn -0.137247 -0.963584 0.229497
vn -0.336983 -0.825657 -0.452474
vn -0.336983 -0.825657 -0.452474
vn -0.336983 -0.825657 -0.452474
vn -0.336983 -0.825657 -0.452474
vn -0.234383 -0.907613 -0.348286
vn -0.234383 -0.907613 -0.348286
vn -0.234383 -0.907613 -0.348286
vn -0.234383 -0.907613 -0.348286
vn 0.029752 -0.748111 0.662907
vn 0.029752 -0.748111 0.662907
vn 0.029752 -0.748111 0.662907
vn 0.029752 -0.748111 0.662907
vn -0.188640 -0.520868 -0.832533
vn -0.188640 -0.520868 -0.832533
vn -0.188640 -0.520868 -0.832533
vn -0.188640 -0.520868 -0.832533
vn -0.097101 -0.989921 -0.103091
vn -0.097101 -0.989921 -0.103091
vn -0.097101 -0.989921 -0.103091
vn -0.097101 -0.989921 -0.103091
vn 0.008808 -0.934493 0.355871
vn 0.008808 -0.934493 0.355871
vn 0.008808 -0.934493 0.355871
vn 0.008808 -0.934493 0.355871
vn -0.183519 -0.895535 -0.405385
vn -0.183519 -0.895535 -0.405385
vn -0.183519 -0.895535 -0.405385
vn -0.183519 -0.895535 -0.405385
vn -0.080498 -0.928547 0.362383
vn -0.080498 -0.928547 0.362383
vn -0.080498 -0.928547 0.362383
vn -0.080498 -0.928547 0.362383
vn -0.227793 -0.919364 -0.320751
vn -0.227793 -0.919364 -0.320751
vn -0.227793 -0.919364 -0.320751
vn -0.227793 -0.919364 -0.320751
vn -0.252481 -0.959506 0.124906
vn -0.252481 -0.959506 0.124906
vn -0.252481 -0.959506 0.124906
vn -0.252481 -0.959506 0.124906
vn -0.406317 -0.877611 0.254372
vn -0.406317 -0.877611 0.254372
vn -0.406317 -0.877611 0.254372
vn -0.406317 -0.877611 0.254372
vn 0.159424 -0.929832 -0.331657
vn 0.159424 -0.929832 -0.331657
vn 0.159424 -0.929832 -0.331657
vn 0.159424 -0.929832 -0.331657
vn -0.021219 -0.973878 0.226079
vn -0.021219 -0.973878 0.226079
vn -0.021219 -0.973878 0.226079
vn -0.021219 -0.973878 0.226079
vn -0.268244 -0.947878 -0.171964
vn -0.268244 -0.947878 -0.171964
vn -0.268244 -0.947878 -0.171964
vn -0.268244 -0.947878 -0.171964
vn -0.476744 -0.712876 -0.514318
vn -0.476744 -0.712876 -0.514318
vn -0.476744 -0.712876 -0.514318
vn -0.476744 -0.712876 -0.514318
vn -0.549876 -0.767185 -0.330248
vn -0.549876 -0.767185 -0.330248
vn -0.549876 -0.767185 -0.330248
vn -0.549876 -0.767185 -0.330248
vn -0.502923 -0.864250 -0.011898
vn -0.502923 -0.864250 -0.011898
vn -0.502923 -0.864250 -0.011898
vn -0.502923 -0.864250 -0.011898
vn -0.502425 -0.830955 -0.238920
vn -0.502425 -0.830955 -0.238920
vn -0.502425 -0.830955 -0.238920
vn -0.502425 -0.830955 -0.238920
vn -0.581123 -0.812771 -0.041233
vn -0.581123 -0.812771 -0.041233
vn -0.581123 -0.812771 -0.041233
vn -0.581123 -0.812771 -0.041233
vn -0.539599 -0.841804 0.014114
vn -0.539599 -0.841804 0.014114
vn -0.539599 -0.841804 0.014114
vn -0.539599 -0.841804 0.014114
vn -0.535449 -0.843117 0.049483
vn -0.535449 -0.843117 0.049483
vn -0.535449 -0.843117 0.049483
vn -0.535449 -0.843117 0.049483
vn -0.442633 -0.895987 0.035824
vn -0.442633 -0.895987 0.035824
vn -0.442633 -0.895987 0.035824
vn -0.442633 -0.895987 0.035824
vn -0.435410 -0.892253 0.119592
vn -0.435410 -0.892253 0.119592
vn -0.435410 -0.892253 0.119592
vn -0.435410 -0.892253 0.119592
vn -0.395613 -0.909903 0.124763
vn -0.395613 -0.909903 0.124763
vn -0.395613 -0.909903 0.124763
vn -0.395613 -0.909903 0.124763
vn -0.395210 -0.460288 0.794949
vn -0.395210 -0.460288 0.794949
vn -0.395210 -0.460288 0.794949
vn -0.395210 -0.460288 0.794949
vn -0.241314 -0.968286 0.064728
vn -0.241314 -0.968286 0.064728
vn -0.241314 -0.968286 0.064728
vn -0.241314 -0.968286 0.064728
vn -0.095963 -0.969952 -0.223571
vn -0.095963 -0.969952 -0.223571
vn -0.095963 -0.969952 -0.223571
vn -0.095963 -0.969952 -0.223571
vn -0.417430 -0.857790 0.299913
vn -0.417430 -0.857790 0.299913
vn -0.417430 -0.857790 0.299913
vn -0.417430 -0.857790 0.299913
vn -0.250114 -0.941705 0.225023
vn -0.250114 -0.941705 0.225023
vn -0.250114 -0.941705 0.225023
vn -0.250114 -0.941705 0.225023
vn -0.899252 -0.231696 0.371030
vn -0.899252 -0.231696 0.371030
vn -0.899252 -0.231696 0.371030
vn -0.899252 -0.231696 0.371030
vn -0.823832 -0.120261 0.553930
vn -0.823832 -0.120261 0.553930
vn -0.823832 -0.120261 0.553930
vn -0.823832 -0.120261 0.553930
vn -0.485482 -0.868556 0.099590
vn -0.485482 -0.868556 0.099590
vn -0.485482 -0.868556 0.099590
vn -0.485482 -0.868556 0.099590
vn 0.026258 -0.981947 0.187323
vn 0.026258 -0.981947 0.187323
vn 0.026258 -0.981947 0.187323
vn 0.026258 -0.981947 0.187323
vn -0.241803 -0.942166 0.232064
vn -0.241803 -0.942166 0.232064
vn -0.241803 -0.942166 0.232064
vn -0.241803 -0.942166 0.232064
vn -0.190168 -0.981738 -0.005222
vn -0.190168 -0.981738 -0.005222
vn -0.190168 -0.981738 -0.005222
vn -0.190168 -0.981738 -0.005222
vn 0.364943 -0.897695 0.246902
vn 0.364943 -0.897695 0.246902
vn 0.364943 -0.897695 0.246902
vn 0.364943 -0.897695 0.246902
vn 0.020178 -0.994873 0.099099
vn 0.020178 -0.994873 0.099099
vn 0.020178 -0.994873 0.099099
vn 0.020178 -0.994873 0.099099
vn -0.212737 -0.954807 0.207573
vn -0.212737 -0.954807 0.207573
vn -0.212737 -0.954807 0.207573
vn -0.212737 -0.954807 0.207573
vn -0.347381 -0.874097 0.339529
vn -0.347381 -0.874097 0.339529
vn -0.347381 -0.874097 0.339529
vn -0.347381 -0.874097 0.339529
vn -0.533306 -0.828308 0.171729
vn -0.533306 -0.828308 0.171729
vn -0.533306 -0.828308 0.171729
vn -0.533306 -0.828308 0.171729
vn -0.530540 -0.846311 0.047796
vn -0.530540 -0.846311 0.047796
vn -0.530540 -0.846311 0.047796
vn -0.530540 -0.846311 0.047796
vn -0.524018 -0.846562 0.093478
vn -0.524018 -0.846562 0.093478
vn -0.524018 -0.846562 0.093478
vn -0.524018 -0.846562 0.093478
vn -0.155300 -0.983198 0.095935
vn -0.155300 -0.983198 0.095935
vn -0.155300 -0.983198 0.095935
vn -0.155300 -0.983198 0.095935
vn 0.003967 -0.999939 0.010355
vn 0.003967 -0.999939 0.010355
vn 0.003967 -0.999939 0.010355
vn 0.003967 -0.999939 0.010355
vn 0.028951 -0.999576 0.002972
vn 0.028951 -0.999576 0.002972
vn 0.028951 -0.999576 0.002972
vn 0.028951 -0.999576 0.002972
vn -0.127584 -0.991507 0.025223
vn -0.127584 -0.991507 0.025223
vn -0.127584 -0.991507 0.025223
vn -0.127584 -0.991507 0.025223
vn -0.544291 -0.837371 0.050578
vn -0.544291 -0.837371 0.050578
vn -0.544291 -0.837371 0.050578
vn -0.544291 -0.837371 0.050578
vn -0.489699 -0.868963 0.071401
vn -0.489699 -0.868963 0.071401
vn -0.489699 -0.868963 0.071401
vn -0.489699 -0.868963 0.071401
vn -0.509355 -0.860457 0.013065
vn -0.509355 -0.860457 0.013065
vn -0.509355 -0.860457 0.013065
vn -0.509355 -0.860457 0.013065
vn -0.552523 -0.826234 0.109803
vn -0.552523 -0.826234 0.109803
vn -0.552523 -0.826234 0.109803
vn -0.552523 -0.826234 0.109803
vn -0.088587 -0.992410 0.085294
vn -0.088587 -0.992410 0.085294
vn -0.088587 -0.992410 0.085294
vn -0.088587 -0.992410 0.085294
vn 0.055490 -0.997122 0.051662
vn 0.055490 -0.997122 0.051662
vn 0.055490 -0.997122 0.051662
vn 0.055490 -0.997122 0.051662
vn 0.036966 -0.993780 -0.105044
vn 0.036966 -0.993780 -0.105044
vn 0.036966 -0.993780 -0.105044
vn 0.036966 -0.993780 -0.105044
vn -0.103077 -0.987674 -0.117792
vn -0.103077 -0.987674 -0.117792
vn -0.103077 -0.987674 -0.117792
vn -0.103077 -0.987674 -0.117792
vn -0.560781 -0.822259 -0.097033
vn -0.560781 -0.822259 -0.097033
vn -0.560781 -0.822259 -0.097033
vn -0.560781 -0.822259 -0.097033
vn -0.625443 -0.773157 -0.105111
vn -0.625443 -0.773157 -0.105111
vn -0.625443 -0.773157 -0.105111
vn -0.625443 -0.773157 -0.105111
vn -0.660637 -0.723940 -0.198672
vn -0.660637 -0.723940 -0.198672
vn -0.660637 -0.723940 -0.198672
vn -0.660637 -0.723940 -0.198672
vn -0.553793 -0.783395 -0.282145
vn -0.553793 -0.783395 -0.282145
vn -0.553793 -0.783395 -0.282145
vn -0.553793 -0.783395 -0.282145
vn -0.110946 -0.963220 -0.244742
vn -0.110946 -0.963220 -0.244742
vn -0.110946 -0.963220 -0.244742
vn -0.110946 -0.963220 -0.244742
vn 0.061068 -0.979254 -0.193215
vn 0.061068 -0.979254 -0.193215
vn 0.061068 -0.979254 -0.193215
vn 0.061068 -0.979254 -0.193215
vn -0.193960 -0.973714 0.119415
vn -0.193960 -0.973714 0.119415
vn -0.193960 -0.973714 0.119415
vn -0.193960 -0.973714 0.119415
vn 0.149677 -0.699159 -0.699124
vn 0.149677 -0.699159 -0.699124
vn 0.149677 -0.699159 -0.699124
vn 0.149677 -0.699159 -0.699124
vn -0.272171 -0.778801 0.565148
vn -0.272171 -0.778801 0.565148
vn -0.272171 -0.778801 0.565148
vn -0.272171 -0.778801 0.565148
vn -0.072860 -0.996570 0.039236
vn -0.072860 -0.996570 0.039236
vn -0.072860 -0.996570 0.039236
vn -0.072860 -0.996570 0.039236
vn -0.032250 -0.999399 0.012725
vn -0.032250 -0.999399 0.012725
vn -0.032250 -0.999399 0.012725
vn -0.032250 -0.999399 0.012725
vn 0.117886 -0.730550 -0.672606
vn 0.117886 -0.730550 -0.672606
vn 0.117886 -0.730550 -0.672606
vn 0.117886 -0.730550 -0.672606
vn -0.136360 -0.790338 0.597303
vn -0.136360 -0.790338 0.597303
vn -0.136360 -0.790338 0.597303
vn -0.136360 -0.790338 0.597303
vn -0.015452 -0.997613 0.067305
vn -0.015452 -0.997613 0.067305
vn -0.015452 -0.997613 0.067305
vn -0.015452 -0.997613 0.067305
vn -0.006868 -0.994142 -0.107860
vn -0.006868 -0.994142 -0.107860
vn -0.006868 -0.994142 -0.107860
vn -0.006868 -0.994142 -0.107860
vn -0.013453 -0.994241 -0.106317
vn -0.013453 -0.994241 -0.106317
vn -0.013453 -0.994241 -0.106317
vn -0.013453 -0.994241 -0.106317
vn 0.152278 -0.506873 -0.848464
vn 0.152278 -0.506873 -0.848464
vn 0.152278 -0.506873 -0.848464
vn 0.152278 -0.506873 -0.848464
vn -0.160649 -0.723044 0.671862
vn -0.160649 -0.723044 0.671862
vn -0.160649 -0.723044 0.671862
vn -0.160649 -0.723044 0.671862
vn -0.054260 -0.973591 -0.221758
vn -0.054260 -0.973591 -0.221758
vn -0.054260 -0.973591 -0.221758
vn -0.054260 -0.973591 -0.221758
vn -0.113439 -0.942933 -0.313065
vn -0.113439 -0.942933 -0.313065
vn -0.113439 -0.942933 -0.313065
vn -0.113439 -0.942933 -0.313065
vn 0.086940 -0.902100 0.422678
vn 0.086940 -0.902100 0.422678
vn 0.086940 -0.902100 0.422678
vn 0.086940 -0.902100 0.422678
vn -0.177271 -0.968737 0.173563
vn -0.177271 -0.968737 0.173563
vn -0.177271 -0.968737 0.173563
vn -0.177271 -0.968737 0.173563
vn -0.212625 -0.950598 0.226174
vn -0.212625 -0.950598 0.226174
vn -0.212625 -0.950598 0.226174
vn -0.212625 -0.950598 0.226174
vn -0.225773 -0.958984 0.171393
vn -0.225773 -0.958984 0.171393
vn -0.225773 -0.958984 0.171393
vn -0.225773 -0.958984 0.171393
vn -0.292839 -0.929719 -0.223314
vn -0.292839 -0.929719 -0.223314
vn -0.292839 -0.929719 -0.223314
vn -0.292839 -0.929719 -0.223314
vn -0.378439 -0.755237 -0.535165
vn -0.378439 -0.755237 -0.535165
vn -0.378439 -0.755237 -0.535165
vn -0.378439 -0.755237 -0.535165
vn 0.041563 -0.610047 -0.791274
vn 0.041563 -0.610047 -0.791274
vn 0.041563 -0.610047 -0.791274
vn 0.041563 -0.610047 -0.791274
vn -0.261715 -0.944282 -0.199590
vn -0.261715 -0.944282 -0.199590
vn -0.261715 -0.944282 -0.199590
vn -0.261715 -0.944282 -0.199590
vn -0.284155 -0.947448 -0.146963
vn -0.284155 -0.947448 -0.146963
vn -0.284155 -0.947448 -0.146963
vn -0.284155 -0.947448 -0.146963
vn -0.097053 -0.980614 -0.170228
vn -0.097053 -0.980614 -0.170228
vn -0.097053 -0.980614 -0.170228
vn -0.097053 -0.980614 -0.170228
vn 0.013627 -0.896940 -0.441943
vn 0.013627 -0.896940 -0.441943
vn 0.013627 -0.896940 -0.441943
vn 0.013627 -0.896940 -0.441943
vn 0.018491 -0.913883 -0.405557
vn 0.018491 -0.913883 -0.405557
vn 0.018491 -0.913883 -0.405557
vn 0.018491 -0.913883 -0.405557
vn 0.041214 -0.985025 -0.167411
vn 0.041214 -0.985025 -0.167411
vn 0.041214 -0.985025 -0.167411
vn 0.041214 -0.985025 -0.167411
vn 0.126407 -0.675561 0.726387
vn 0.126407 -0.675561 0.726387
vn 0.126407 -0.675561 0.726387
vn 0.126407 -0.675561 0.726387
vn 0.006277 -0.596052 -0.802921
vn 0.006277 -0.596052 -0.802921
vn 0.006277 -0.596052 -0.802921
vn 0.006277 -0.596052 -0.802921
vn 0.084782 -0.889443 -0.449113
vn 0.084782 -0.889443 -0.449113
vn 0.084782 -0.889443 -0.449113
vn 0.084782 -0.889443 -0.449113
vn -0.368523 0.927295 0.065687
vn -0.368523 0.927295 0.065687
vn -0.368523 0.927295 0.065687
vn -0.368523 0.927295 0.065687
vn -0.675816 0.722498 0.145843
vn -0.675816 0.722498 0.145843
vn -0.675816 0.722498 0.145843
vn -0.675816 0.722498 0.145843
vn -0.118645 0.982111 -0.146227
vn -0.118645 0.982111 -0.146227
vn -0.118645 0.982111 -0.146227
vn -0.118645 0.982111 -0.146227
vn -0.721481 0.685513 -0.097652
vn -0.721481 0.685513 -0.097652
vn -0.721481 0.685513 -0.097652
vn -0.721481 0.685513 -0.097652
vn -0.097073 0.947233 -0.305493
vn -0.097073 0.947233 -0.305493
vn -0.097073 0.947233 -0.305493
vn -0.097073 0.947233 -0.305493
vn -0.253084 -0.809267 0.530128
vn -0.253084 -0.809267 0.530128
vn -0.253084 -0.809267 0.530128
vn -0.253084 -0.809267 0.530128
vn -0.908539 -0.406985 0.094448
vn -0.908539 -0.406985 0.094448
vn -0.908539 -0.406985 0.094448
vn -0.908539 -0.406985 0.094448
vn -0.028128 -0.990803 -0.132358
vn -0.028128 -0.990803 -0.132358
vn -0.028128 -0.990803 -0.132358
vn -0.028128 -0.990803 -0.132358
vn -0.179438 -0.972688 -0.147240
vn -0.179438 -0.972688 -0.147240
vn -0.179438 -0.972688 -0.147240
vn -0.179438 -0.972688 -0.147240
vn -0.075284 -0.983825 -0.162544
vn -0.075284 -0.983825 -0.162544
vn -0.075284 -0.983825 -0.162544
vn -0.075284 -0.983825 -0.162544
vn -0.196239 -0.978392 -0.065110
vn -0.196239 -0.978392 -0.065110
vn -0.196239 -0.978392 -0.065110
vn -0.196239 -0.978392 -0.065110
vn -0.039155 -0.997193 -0.063827
vn -0.039155 -0.997193 -0.063827
vn -0.039155 -0.997193 -0.063827
vn -0.039155 -0.997193 -0.063827
vn -0.307597 -0.937678 -0.161689
vn -0.307597 -0.937678 -0.161689
vn -0.307597 -0.937678 -0.161689
vn -0.307597 -0.937678 -0.161689
vn -0.991997 0.057230 -0.112544
vn -0.991997 0.057230 -0.112544
vn -0.991997 0.057230 -0.112544
vn -0.991997 0.057230 -0.112544
vn -0.941132 -0.179032 -0.286737
vn -0.941132 -0.179032 -0.286737
vn -0.941132 -0.179032 -0.286737
vn -0.941132 -0.179032 -0.286737
vn -0.714087 -0.403087 -0.572364
vn -0.714087 -0.403087 -0.572364
vn -0.714087 -0.403087 -0.572364
vn -0.714087 -0.403087 -0.572364
vn -0.149659 -0.964363 -0.218190
vn -0.149659 -0.964363 -0.218190
vn -0.149659 -0.964363 -0.218190
vn -0.149659 -0.964363 -0.218190
vn -0.206144 0.650404 -0.731081
vn -0.206144 0.650404 -0.731081
vn -0.206144 0.650404 -0.731081
vn -0.206144 0.650404 -0.731081
vn -0.829477 -0.397256 -0.392627
vn -0.829477 -0.397256 -0.392627
vn -0.829477 -0.397256 -0.392627
vn -0.829477 -0.397256 -0.392627
vn -0.142591 0.957695 -0.249978
vn -0.142591 0.957695 -0.249978
vn -0.142591 0.957695 -0.249978
vn -0.142591 0.957695 -0.249978
vn -0.752692 0.600726 -0.269413
vn -0.752692 0.600726 -0.269413
vn -0.752692 0.600726 -0.269413
vn -0.752692 0.600726 -0.269413
vn -0.931119 -0.152457 -0.331323
vn -0.931119 -0.152457 -0.331323
vn -0.931119 -0.152457 -0.331323
vn -0.931119 -0.152457 -0.331323
vn -0.532419 -0.703246 -0.471142
vn -0.532419 -0.703246 -0.471142
vn -0.532419 -0.703246 -0.471142
vn -0.532419 -0.703246 -0.471142
vn -0.316024 -0.944851 -0.085940
vn -0.316024 -0.944851 -0.085940
vn -0.316024 -0.944851 -0.085940
vn -0.316024 -0.944851 -0.085940
vn -0.186312 -0.981636 -0.040967
vn -0.186312 -0.981636 -0.040967
vn -0.186312 -0.981636 -0.040967
vn -0.186312 -0.981636 -0.040967
vn -0.042938 -0.998226 -0.041256
vn -0.042938 -0.998226 -0.041256
vn -0.042938 -0.998226 -0.041256
vn -0.042938 -0.998226 -0.041256
vn -0.259096 0.065822 -0.963606
vn -0.259096 0.065822 -0.963606
vn -0.259096 0.065822 -0.963606
vn -0.259096 0.065822 -0.963606
vn -0.200333 -0.965480 -0.166477
vn -0.200333 -0.965480 -0.166477
vn -0.200333 -0.965480 -0.166477
vn -0.200333 -0.965480 -0.166477
vn -0.126696 -0.975740 -0.178549
vn -0.126696 -0.975740 -0.178549
vn -0.126696 -0.975740 -0.178549
vn -0.126696 -0.975740 -0.178549
vn -0.036738 -0.979714 -0.197003
vn -0.036738 -0.979714 -0.197003
vn -0.036738 -0.979714 -0.197003
vn -0.036738 -0.979714 -0.197003
vn -0.983541 0.091568 -0.155763
vn -0.983541 0.091568 -0.155763
vn -0.983541 0.091568 -0.155763
vn -0.983541 0.091568 -0.155763
vn -0.992420 0.091003 -0.082592
vn -0.992420 0.091003 -0.082592
vn -0.992420 0.091003 -0.082592
vn -0.992420 0.091003 -0.082592
vn -0.194944 -0.829504 -0.523373
vn -0.194944 -0.829504 -0.523373
vn -0.194944 -0.829504 -0.523373
vn -0.194944 -0.829504 -0.523373
vn -0.068999 -0.877570 -0.474457
vn -0.068999 -0.877570 -0.474457
vn -0.068999 -0.877570 -0.474457
vn -0.068999 -0.877570 -0.474457
vn -0.035118 -0.886398 -0.461591
vn -0.035118 -0.886398 -0.461591
vn -0.035118 -0.886398 -0.461591
vn -0.035118 -0.886398 -0.461591
vn -0.986092 0.010359 -0.165876
vn -0.986092 0.010359 -0.165876
vn -0.986092 0.010359 -0.165876
vn -0.986092 0.010359 -0.165876
vn -0.968575 -0.031416 -0.246729
vn -0.968575 -0.031416 -0.246729
vn -0.968575 -0.031416 -0.246729
vn -0.968575 -0.031416 -0.246729
vn -0.884240 -0.170915 -0.434634
vn -0.884240 -0.170915 -0.434634
vn -0.884240 -0.170915 -0.434634
vn -0.884240 -0.170915 -0.434634
vn -0.794814 -0.180390 -0.579423
vn -0.794814 -0.180390 -0.579423
vn -0.794814 -0.180390 -0.579423
vn -0.794814 -0.180390 -0.579423
vn -0.735199 -0.319683 -0.597733
vn -0.735199 -0.319683 -0.597733
vn -0.735199 -0.319683 -0.597733
vn -0.735199 -0.319683 -0.597733
vn -0.904822 0.188341 -0.381869
vn -0.904822 0.188341 -0.381869
vn -0.904822 0.188341 -0.381869
vn -0.904822 0.188341 -0.381869
vn -0.924115 0.134237 -0.357759
vn -0.924115 0.134237 -0.357759
vn -0.924115 0.134237 -0.357759
vn -0.924115 0.134237 -0.357759
vn -0.706216 -0.032456 -0.707252
vn -0.706216 -0.032456 -0.707252
vn -0.706216 -0.032456 -0.707252
vn -0.706216 -0.032456 -0.707252
vn -0.539958 0.072437 -0.838569
vn -0.539958 0.072437 -0.838569
vn -0.539958 0.072437 -0.838569
vn -0.539958 0.072437 -0.838569
vn -0.987113 0.049021 -0.152333
vn -0.987113 0.049021 -0.152333
vn -0.987113 0.049021 -0.152333
vn -0.987113 0.049021 -0.152333
vn -0.985004 0.080043 -0.152842
vn -0.985004 0.080043 -0.152842
vn -0.985004 0.080043 -0.152842
vn -0.985004 0.080043 -0.152842
vn -0.716242 0.684907 -0.133786
vn -0.716242 0.684907 -0.133786
vn -0.716242 0.684907 -0.133786
vn -0.716242 0.684907 -0.133786
vn -0.126256 0.969359 -0.210720
vn -0.126256 0.969359 -0.210720
vn -0.126256 0.969359 -0.210720
vn -0.126256 0.969359 -0.210720
vn -0.162213 -0.944745 0.284859
vn -0.162213 -0.944745 0.284859
vn -0.162213 -0.944745 0.284859
vn -0.162213 -0.944745 0.284859
vn -0.988956 0.121116 -0.085419
vn -0.988956 0.121116 -0.085419
vn -0.988956 0.121116 -0.085419
vn -0.988956 0.121116 -0.085419
vn -0.703909 0.710015 0.019785
vn -0.703909 0.710015 0.019785
vn -0.703909 0.710015 0.019785
vn -0.703909 0.710015 0.019785
vn -0.181421 0.983090 0.024906
vn -0.181421 0.983090 0.024906
vn -0.181421 0.983090 0.024906
vn -0.181421 0.983090 0.024906
vn -0.991675 0.056234 -0.115835
vn -0.991675 0.056234 -0.115835
vn -0.991675 0.056234 -0.115835
vn -0.991675 0.056234 -0.115835
vn -0.331425 -0.942804 -0.035761
vn -0.331425 -0.942804 -0.035761
vn -0.331425 -0.942804 -0.035761
vn -0.331425 -0.942804 -0.035761
vn -0.995642 -0.052215 -0.077274
vn -0.995642 -0.052215 -0.077274
vn -0.995642 -0.052215 -0.077274
vn -0.995642 -0.052215 -0.077274
vn -0.995187 0.052091 -0.082999
vn -0.995187 0.052091 -0.082999
vn -0.995187 0.052091 -0.082999
vn -0.995187 0.052091 -0.082999
vn -0.643318 0.743551 0.182412
vn -0.643318 0.743551 0.182412
vn -0.643318 0.743551 0.182412
vn -0.643318 0.743551 0.182412
vn -0.261014 0.948973 0.176978
vn -0.261014 0.948973 0.176978
vn -0.261014 0.948973 0.176978
vn -0.261014 0.948973 0.176978
vn -0.521107 -0.851345 0.060492
vn -0.521107 -0.851345 0.060492
vn -0.521107 -0.851345 0.060492
vn -0.521107 -0.851345 0.060492
vn -0.272015 -0.945290 0.180095
vn -0.272015 -0.945290 0.180095
vn -0.272015 -0.945290 0.180095
vn -0.272015 -0.945290 0.180095
vn -0.120372 -0.970670 0.208112
vn -0.120372 -0.970670 0.208112
vn -0.120372 -0.970670 0.208112
vn -0.120372 -0.970670 0.208112
vn -0.893215 0.214504 -0.395165
vn -0.893215 0.214504 -0.395165
vn -0.893215 0.214504 -0.395165
vn -0.893215 0.214504 -0.395165
vn -0.869412 0.120275 -0.479226
vn -0.869412 0.120275 -0.479226
vn -0.869412 0.120275 -0.479226
vn -0.869412 0.120275 -0.479226
vn -0.852314 0.307787 -0.422881
vn -0.852314 0.307787 -0.422881
vn -0.852314 0.307787 -0.422881
vn -0.852314 0.307787 -0.422881
vn -0.182359 0.771835 -0.609110
vn -0.182359 0.771835 -0.609110
vn -0.182359 0.771835 -0.609110
vn -0.182359 0.771835 -0.609110
vn -0.823341 0.387295 -0.414865
vn -0.823341 0.387295 -0.414865
vn -0.823341 0.387295 -0.414865
vn -0.823341 0.387295 -0.414865
vn -0.130740 0.950848 -0.280706
vn -0.130740 0.950848 -0.280706
vn -0.130740 0.950848 -0.280706
vn -0.130740 0.950848 -0.280706
vn -0.741931 0.648915 0.168664
vn -0.741931 0.648915 0.168664
vn -0.741931 0.648915 0.168664
vn -0.741931 0.648915 0.168664
vn -0.497942 0.436370 -0.749423
vn -0.497942 0.436370 -0.749423
vn -0.497942 0.436370 -0.749423
vn -0.497942 0.436370 -0.749423
vn -0.509621 0.115837 -0.852566
vn -0.509621 0.115837 -0.852566
vn -0.509621 0.115837 -0.852566
vn -0.509621 0.115837 -0.852566
vn -0.976370 0.031179 -0.213845
vn -0.976370 0.031179 -0.213845
vn -0.976370 0.031179 -0.213845
vn -0.976370 0.031179 -0.213845
vn -0.858948 0.133839 -0.494263
vn -0.858948 0.133839 -0.494263
vn -0.858948 0.133839 -0.494263
vn -0.858948 0.133839 -0.494263
vn -0.793230 -0.386523 -0.470517
vn -0.793230 -0.386523 -0.470517
vn -0.793230 -0.386523 -0.470517
vn -0.793230 -0.386523 -0.470517
vn -0.789429 0.238577 -0.565582
vn -0.789429 0.238577 -0.565582
vn -0.789429 0.238577 -0.565582
vn -0.789429 0.238577 -0.565582
vn -0.595773 0.435985 -0.674515
vn -0.595773 0.435985 -0.674515
vn -0.595773 0.435985 -0.674515
vn -0.595773 0.435985 -0.674515
vn -0.389339 0.255111 -0.885062
vn -0.389339 0.255111 -0.885062
vn -0.389339 0.255111 -0.885062
vn -0.389339 0.255111 -0.885062
vn -0.951177 -0.215328 -0.221127
vn -0.951177 -0.215328 -0.221127
vn -0.951177 -0.215328 -0.221127
vn -0.951177 -0.215328 -0.221127
vn -0.955115 -0.288294 -0.068137
vn -0.955115 -0.288294 -0.068137
vn -0.955115 -0.288294 -0.068137
vn -0.955115 -0.288294 -0.068137
vn -0.576885 0.301157 -0.759281
vn -0.576885 0.301157 -0.759281
vn -0.576885 0.301157 -0.759281
vn -0.576885 0.301157 -0.759281
vn 0.849845 0.446058 -0.280706
vn 0.849845 0.446058 -0.280706
vn 0.849845 0.446058 -0.280706
vn 0.849845 0.446058 -0.280706
vn 0.925816 -0.093137 -0.366320
vn 0.925816 -0.093137 -0.366320
vn 0.925816 -0.093137 -0.366320
vn 0.925816 -0.093137 -0.366320
vn 0.959450 -0.281635 -0.011683
vn 0.959450 -0.281635 -0.011683
vn 0.959450 -0.281635 -0.011683
vn 0.959450 -0.281635 -0.011683
vn 0.061968 -0.444403 0.893681
vn 0.061968 -0.444403 0.893681
vn 0.061968 -0.444403 0.893681
vn 0.061968 -0.444403 0.893681
vn 0.179985 -0.348624 0.919819
vn 0.179985 -0.348624 0.919819
vn 0.179985 -0.348624 0.919819
vn 0.179985 -0.348624 0.919819
vn 0.775633 0.569731 0.271660
vn 0.775633 0.569731 0.271660
vn 0.775633 0.569731 0.271660
vn 0.775633 0.569731 0.271660
vn -0.896768 0.419244 -0.141569
vn -0.896768 0.419244 -0.141569
vn -0.896768 0.419244 -0.141569
vn -0.896768 0.419244 -0.141569
vn -0.914396 0.397956 -0.074236
vn -0.914396 0.397956 -0.074236
vn -0.914396 0.397956 -0.074236
vn -0.914396 0.397956 -0.074236
vn -0.930500 0.364381 -0.037365
vn -0.930500 0.364381 -0.037365
vn -0.930500 0.364381 -0.037365
vn -0.930500 0.364381 -0.037365
vn -0.925104 0.379304 0.017644
vn -0.925104 0.379304 0.017644
vn -0.925104 0.379304 0.017644
vn -0.925104 0.379304 0.017644
vn -0.907409 0.377030 0.185629
vn -0.907409 0.377030 0.185629
vn -0.907409 0.377030 0.185629
vn -0.907409 0.377030 0.185629
vn -0.659714 0.730622 -0.175980
vn -0.659714 0.730622 -0.175980
vn -0.659714 0.730622 -0.175980
vn -0.659714 0.730622 -0.175980
vn -0.987695 -0.156346 -0.003905
vn -0.987695 -0.156346 -0.003905
vn -0.987695 -0.156346 -0.003905
vn -0.987695 -0.156346 -0.003905
vn 0.921360 -0.387894 0.025187
vn 0.921360 -0.387894 0.025187
vn 0.921360 -0.387894 0.025187
vn 0.921360 -0.387894 0.025187
vn -0.345018 0.579916 -0.738011
vn -0.345018 0.579916 -0.738011
vn -0.345018 0.579916 -0.738011
vn -0.345018 0.579916 -0.738011
vn 0.291293 0.886047 0.360652
vn 0.291293 0.886047 0.360652
vn 0.291293 0.886047 0.360652
vn 0.291293 0.886047 0.360652
vn -0.883034 -0.349633 -0.313062
vn -0.883034 -0.349633 -0.313062
vn -0.883034 -0.349633 -0.313062
vn -0.883034 -0.349633 -0.313062
vn -0.954811 -0.211749 -0.208564
vn -0.954811 -0.211749 -0.208564
vn -0.954811 -0.211749 -0.208564
vn -0.954811 -0.211749 -0.208564
vn -0.963092 -0.050231 -0.264444
vn -0.963092 -0.050231 -0.264444
vn -0.963092 -0.050231 -0.264444
vn -0.963092 -0.050231 -0.264444
vn -0.754456 0.648185 0.103212
vn -0.754456 0.648185 0.103212
vn -0.754456 0.648185 0.103212
vn -0.754456 0.648185 0.103212
vn -0.695101 0.092182 -0.712977
vn -0.695101 0.092182 -0.712977
vn -0.695101 0.092182 -0.712977
vn -0.695101 0.092182 -0.712977
vn 0.937854 -0.335131 -0.090091
vn 0.937854 -0.335131 -0.090091
vn 0.937854 -0.335131 -0.090091
vn 0.937854 -0.335131 -0.090091
vn -0.110244 0.561139 -0.820347
vn -0.110244 0.561139 -0.820347
vn -0.110244 0.561139 -0.820347
vn -0.110244 0.561139 -0.820347
vn -0.913174 0.401726 -0.068773
vn -0.913174 0.401726 -0.068773
vn -0.913174 0.401726 -0.068773
vn -0.913174 0.401726 -0.068773
vn -0.597026 -0.061129 -0.799890
vn -0.597026 -0.061129 -0.799890
vn -0.597026 -0.061129 -0.799890
vn -0.597026 -0.061129 -0.799890
vn -0.944865 -0.324998 -0.040085
vn -0.944865 -0.324998 -0.040085
vn -0.944865 -0.324998 -0.040085
vn -0.944865 -0.324998 -0.040085
vn 0.074275 0.163456 0.983751
vn 0.074275 0.163456 0.983751
vn 0.074275 0.163456 0.983751
vn 0.074275 0.163456 0.983751
vn -0.863354 0.055952 -0.501487
vn -0.863354 0.055952 -0.501487
vn -0.863354 0.055952 -0.501487
vn -0.863354 0.055952 -0.501487
vn -0.149430 -0.962412 -0.226791
vn -0.149430 -0.962412 -0.226791
vn -0.149430 -0.962412 -0.226791
vn -0.149430 -0.962412 -0.226791
vn -0.087053 -0.969206 -0.230351
vn -0.087053 -0.969206 -0.230351
vn -0.087053 -0.969206 -0.230351
vn -0.087053 -0.969206 -0.230351
vn -0.022789 -0.973413 -0.227922
vn -0.022789 -0.973413 -0.227922
vn -0.022789 -0.973413 -0.227922
vn -0.022789 -0.973413 -0.227922
vn -0.918080 0.198417 -0.343162
vn -0.918080 0.198417 -0.343162
vn -0.918080 0.198417 -0.343162
vn -0.918080 0.198417 -0.343162
vn -0.250021 -0.953698 -0.167184
vn -0.250021 -0.953698 -0.167184
vn -0.250021 -0.953698 -0.167184
vn -0.250021 -0.953698 -0.167184
vn -0.162959 -0.967794 -0.191883
vn -0.162959 -0.967794 -0.191883
vn -0.162959 -0.967794 -0.191883
vn -0.162959 -0.967794 -0.191883
vn -0.033873 -0.983315 -0.178730
vn -0.033873 -0.983315 -0.178730
vn -0.033873 -0.983315 -0.178730
vn -0.033873 -0.983315 -0.178730
vn -0.916679 0.157637 -0.367219
vn -0.916679 0.157637 -0.367219
vn -0.916679 0.157637 -0.367219
vn -0.916679 0.157637 -0.367219
vn -0.226799 0.064678 -0.971792
vn -0.226799 0.064678 -0.971792
vn -0.226799 0.064678 -0.971792
vn -0.226799 0.064678 -0.971792
vn -0.722019 -0.034774 -0.690999
vn -0.722019 -0.034774 -0.690999
vn -0.722019 -0.034774 -0.690999
vn -0.722019 -0.034774 -0.690999
vn -0.327831 -0.897499 -0.294994
vn -0.327831 -0.897499 -0.294994
vn -0.327831 -0.897499 -0.294994
vn -0.327831 -0.897499 -0.294994
vn -0.222352 -0.974464 -0.031302
vn -0.222352 -0.974464 -0.031302
vn -0.222352 -0.974464 -0.031302
vn -0.222352 -0.974464 -0.031302
vn -0.700749 0.115672 -0.703968
vn -0.700749 0.115672 -0.703968
vn -0.700749 0.115672 -0.703968
vn -0.700749 0.115672 -0.703968
vn -0.834181 0.184392 -0.519752
vn -0.834181 0.184392 -0.519752
vn -0.834181 0.184392 -0.519752
vn -0.834181 0.184392 -0.519752
vn -0.728088 0.541372 -0.420482
vn -0.728088 0.541372 -0.420482
vn -0.728088 0.541372 -0.420482
vn -0.728088 0.541372 -0.420482
vn -0.933491 0.212141 0.289120
vn -0.933491 0.212141 0.289120
vn -0.933491 0.212141 0.289120
vn -0.933491 0.212141 0.289120
vn -0.952709 0.292325 -0.083015
vn -0.952709 0.292325 -0.083015
vn -0.952709 0.292325 -0.083015
vn -0.952709 0.292325 -0.083015
vn -0.829848 0.071913 -0.553335
vn -0.829848 0.071913 -0.553335
vn -0.829848 0.071913 -0.553335
vn -0.829848 0.071913 -0.553335
vn -0.715426 -0.050981 -0.696826
vn -0.715426 -0.050981 -0.696826
vn -0.715426 -0.050981 -0.696826
vn -0.715426 -0.050981 -0.696826
vn -0.718896 -0.201140 -0.665381
vn -0.718896 -0.201140 -0.665381
vn -0.718896 -0.201140 -0.665381
vn -0.718896 -0.201140 -0.665381
vn -0.846573 0.124596 -0.517485
vn -0.846573 0.124596 -0.517485
vn -0.846573 0.124596 -0.517485
vn -0.846573 0.124596 -0.517485
vn -0.588934 -0.029218 -0.807653
vn -0.588934 -0.029218 -0.807653
vn -0.588934 -0.029218 -0.807653
vn -0.588934 -0.029218 -0.807653
vn -0.167080 -0.059674 -0.984136
vn -0.167080 -0.059674 -0.984136
vn -0.167080 -0.059674 -0.984136
vn -0.167080 -0.059674 -0.984136
vn -0.673090 0.123312 -0.729208
vn -0.673090 0.123312 -0.729208
vn -0.673090 0.123312 -0.729208
vn -0.673090 0.123312 -0.729208
vn -0.612645 -0.326483 -0.719774
vn -0.612645 -0.326483 -0.719774
vn -0.612645 -0.326483 -0.719774
vn -0.612645 -0.326483 -0.719774
vn -0.871196 -0.416372 -0.260100
vn -0.871196 -0.416372 -0.260100
vn -0.871196 -0.416372 -0.260100
vn -0.871196 -0.416372 -0.260100
vn -0.904415 -0.366075 0.219139
vn -0.904415 -0.366075 0.219139
vn -0.904415 -0.366075 0.219139
vn -0.904415 -0.366075 0.219139
vn -0.678859 -0.212168 -0.702948
vn -0.678859 -0.212168 -0.702948
vn -0.678859 -0.212168 -0.702948
vn -0.678859 -0.212168 -0.702948
vn -0.570275 0.242266 -0.784916
vn -0.570275 0.242266 -0.784916
vn -0.570275 0.242266 -0.784916
vn -0.570275 0.242266 -0.784916
vn -0.422124 0.442709 -0.791088
vn -0.422124 0.442709 -0.791088
vn -0.422124 0.442709 -0.791088
vn -0.422124 0.442709 -0.791088
vn -0.506878 0.471755 -0.721472
vn -0.506878 0.471755 -0.721472
vn -0.506878 0.471755 -0.721472
vn -0.506878 0.471755 -0.721472
vn -0.609507 0.178793 -0.772357
vn -0.609507 0.178793 -0.772357
vn -0.609507 0.178793 -0.772357
vn -0.609507 0.178793 -0.772357
vn -0.517543 0.355726 -0.778209
vn -0.517543 0.355726 -0.778209
vn -0.517543 0.355726 -0.778209
vn -0.517543 0.355726 -0.778209
vn 0.575759 0.614902 0.538885
vn 0.575759 0.614902 0.538885
vn 0.575759 0.614902 0.538885
vn 0.575759 0.614902 0.538885
vn 0.509830 -0.659869 0.551947
vn 0.509830 -0.659869 0.551947
vn 0.509830 -0.659869 0.551947
vn 0.509830 -0.659869 0.551947
vn -0.986816 0.063636 -0.148811
vn -0.986816 0.063636 -0.148811
vn -0.986816 0.063636 -0.148811
vn -0.986816 0.063636 -0.148811
vn -0.918585 0.304427 -0.252042
vn -0.918585 0.304427 -0.252042
vn -0.918585 0.304427 -0.252042
vn -0.918585 0.304427 -0.252042
vn -0.583987 0.714986 -0.384388
vn -0.583987 0.714986 -0.384388
vn -0.583987 0.714986 -0.384388
vn -0.583987 0.714986 -0.384388
vn -0.881444 0.289845 -0.372889
vn -0.881444 0.289845 -0.372889
vn -0.881444 0.289845 -0.372889
vn -0.881444 0.289845 -0.372889
vn -0.089471 0.872751 -0.479896
vn -0.089471 0.872751 -0.479896
vn -0.089471 0.872751 -0.479896
vn -0.089471 0.872751 -0.479896
vn -0.699624 -0.413334 -0.582822
vn -0.699624 -0.413334 -0.582822
vn -0.699624 -0.413334 -0.582822
vn -0.699624 -0.413334 -0.582822
vn -0.799604 -0.283160 -0.529579
vn -0.799604 -0.283160 -0.529579
vn -0.799604 -0.283160 -0.529579
vn -0.799604 -0.283160 -0.529579
vn -0.975539 -0.087577 -0.201629
vn -0.975539 -0.087577 -0.201629
vn -0.975539 -0.087577 -0.201629
vn -0.975539 -0.087577 -0.201629
vn -0.979784 0.081909 -0.182523
vn -0.979784 0.081909 -0.182523
vn -0.979784 0.081909 -0.182523
vn -0.979784 0.081909 -0.182523
vn -0.924341 0.047646 -0.378581
vn -0.924341 0.047646 -0.378581
vn -0.924341 0.047646 -0.378581
vn -0.924341 0.047646 -0.378581
vn -0.995494 0.015228 -0.093593
vn -0.995494 0.015228 -0.093593
vn -0.995494 0.015228 -0.093593
vn -0.995494 0.015228 -0.093593
vn -0.988062 -0.141602 -0.060688
vn -0.988062 -0.141602 -0.060688
vn -0.988062 -0.141602 -0.060688
vn -0.988062 -0.141602 -0.060688
vn -0.959928 0.044915 -0.276623
vn -0.959928 0.044915 -0.276623
vn -0.959928 0.044915 -0.276623
vn -0.959928 0.044915 -0.276623
vn -0.220588 -0.180422 -0.958535
vn -0.220588 -0.180422 -0.958535
vn -0.220588 -0.180422 -0.958535
vn -0.220588 -0.180422 -0.958535
vn -0.561040 -0.213329 -0.799828
vn -0.561040 -0.213329 -0.799828
vn -0.561040 -0.213329 -0.799828
vn -0.561040 -0.213329 -0.799828
vn -0.763603 -0.199181 -0.614196
vn -0.763603 -0.199181 -0.614196
vn -0.763603 -0.199181 -0.614196
vn -0.763603 -0.199181 -0.614196
vn -0.793550 -0.207716 -0.571955
vn -0.793550 -0.207716 -0.571955
vn -0.793550 -0.207716 -0.571955
vn -0.793550 -0.207716 -0.571955
vn -0.960606 0.144050 -0.237666
vn -0.960606 0.144050 -0.237666
vn -0.960606 0.144050 -0.237666
vn -0.960606 0.144050 -0.237666
vn -0.929687 -0.033307 -0.366842
vn -0.929687 -0.033307 -0.366842
vn -0.929687 -0.033307 -0.366842
vn -0.929687 -0.033307 -0.366842
vn -0.835530 0.474881 -0.276365
vn -0.835530 0.474881 -0.276365
vn -0.835530 0.474881 -0.276365
vn -0.835530 0.474881 -0.276365
vn -0.963579 -0.262481 0.051184
vn -0.963579 -0.262481 0.051184
vn -0.963579 -0.262481 0.051184
vn -0.963579 -0.262481 0.051184
vn -0.770246 0.526140 -0.360413
vn -0.770246 0.526140 -0.360413
vn -0.770246 0.526140 -0.360413
vn -0.770246 0.526140 -0.360413
vn -0.732197 0.553051 -0.397520
vn -0.732197 0.553051 -0.397520
vn -0.732197 0.553051 -0.397520
vn -0.732197 0.553051 -0.397520
vn -0.144167 0.954909 -0.259547
vn -0.144167 0.954909 -0.259547
vn -0.144167 0.954909 -0.259547
vn -0.144167 0.954909 -0.259547
vn -0.730312 -0.132093 -0.670221
vn -0.730312 -0.132093 -0.670221
vn -0.730312 -0.132093 -0.670221
vn -0.730312 -0.132093 -0.670221
vn -0.709833 0.303108 -0.635816
vn -0.709833 0.303108 -0.635816
vn -0.709833 0.303108 -0.635816
vn -0.709833 0.303108 -0.635816
vn -0.319247 0.676896 -0.663244
vn -0.319247 0.676896 -0.663244
vn -0.319247 0.676896 -0.663244
vn -0.319247 0.676896 -0.663244
vn -0.244326 0.812080 -0.529935
vn -0.244326 0.812080 -0.529935
vn -0.244326 0.812080 -0.529935
vn -0.244326 0.812080 -0.529935
vn -0.247131 0.917921 -0.310399
vn -0.247131 0.917921 -0.310399
vn -0.247131 0.917921 -0.310399
vn -0.247131 0.917921 -0.310399
vn -0.290935 0.923149 -0.251304
vn -0.290935 0.923149 -0.251304
vn -0.290935 0.923149 -0.251304
vn -0.290935 0.923149 -0.251304
vn -0.324697 0.899210 -0.293248
vn -0.324697 0.899210 -0.293248
vn -0.324697 0.899210 -0.293248
vn -0.324697 0.899210 -0.293248
vn -0.400187 0.872845 -0.279269
vn -0.400187 0.872845 -0.279269
vn -0.400187 0.872845 -0.279269
vn -0.400187 0.872845 -0.279269
vn -0.924034 0.166000 -0.344391
vn -0.924034 0.166000 -0.344391
vn -0.924034 0.166000 -0.344391
vn -0.924034 0.166000 -0.344391
vn -0.838598 0.377315 -0.392920
vn -0.838598 0.377315 -0.392920
vn -0.838598 0.377315 -0.392920
vn -0.838598 0.377315 -0.392920
vn -0.984557 0.142445 0.101767
vn -0.984557 0.142445 0.101767
vn -0.984557 0.142445 0.101767
vn -0.984557 0.142445 0.101767
vn -0.999236 -0.026049 0.029130
vn -0.999236 -0.026049 0.029130
vn -0.999236 -0.026049 0.029130
vn -0.999236 -0.026049 0.029130
vn -0.387598 0.111281 -0.915087
vn -0.387598 0.111281 -0.915087
vn -0.387598 0.111281 -0.915087
vn -0.387598 0.111281 -0.915087
vn -0.330615 -0.724755 -0.604503
vn -0.330615 -0.724755 -0.604503
vn -0.330615 -0.724755 -0.604503
vn -0.330615 -0.724755 -0.604503
vn -0.338822 -0.865518 -0.368889
vn -0.338822 -0.865518 -0.368889
vn -0.338822 -0.865518 -0.368889
vn -0.338822 -0.865518 -0.368889
vn -0.352309 -0.890045 -0.289308
vn -0.352309 -0.890045 -0.289308
vn -0.352309 -0.890045 -0.289308
vn -0.352309 -0.890045 -0.289308
vn -0.437335 -0.874515 -0.209671
vn -0.437335 -0.874515 -0.209671
vn -0.437335 -0.874515 -0.209671
vn -0.437335 -0.874515 -0.209671
vn -0.493644 -0.840626 -0.222853
vn -0.493644 -0.840626 -0.222853
vn -0.493644 -0.840626 -0.222853
vn -0.493644 -0.840626 -0.222853
vn -0.548236 -0.810273 -0.207113
vn -0.548236 -0.810273 -0.207113
vn -0.548236 -0.810273 -0.207113
vn -0.548236 -0.810273 -0.207113
vn -0.611452 -0.771385 -0.176330
vn -0.611452 -0.771385 -0.176330
vn -0.611452 -0.771385 -0.176330
vn -0.611452 -0.771385 -0.176330
vn -0.963308 -0.078948 -0.256526
vn -0.963308 -0.078948 -0.256526
vn -0.963308 -0.078948 -0.256526
vn -0.963308 -0.078948 -0.256526
vn -0.996145 0.017313 -0.085992
vn -0.996145 0.017313 -0.085992
vn -0.996145 0.017313 -0.085992
vn -0.996145 0.017313 -0.085992
vn -0.966000 0.036914 -0.255893
vn -0.966000 0.036914 -0.255893
vn -0.966000 0.036914 -0.255893
vn -0.966000 0.036914 -0.255893
vn -0.671972 -0.736564 -0.076997
vn -0.671972 -0.736564 -0.076997
vn -0.671972 -0.736564 -0.076997
vn -0.671972 -0.736564 -0.076997
vn -0.891913 -0.261930 -0.368624
vn -0.891913 -0.261930 -0.368624
vn -0.891913 -0.261930 -0.368624
vn -0.891913 -0.261930 -0.368624
vn -0.931152 0.358085 -0.068783
vn -0.931152 0.358085 -0.068783
vn -0.931152 0.358085 -0.068783
vn -0.931152 0.358085 -0.068783
vn -0.908636 0.274049 0.315084
vn -0.908636 0.274049 0.315084
vn -0.908636 0.274049 0.315084
vn -0.908636 0.274049 0.315084
vn -0.660610 0.519565 -0.541891
vn -0.660610 0.519565 -0.541891
vn -0.660610 0.519565 -0.541891
vn -0.660610 0.519565 -0.541891
vn -0.216762 0.539590 -0.813546
vn -0.216762 0.539590 -0.813546
vn -0.216762 0.539590 -0.813546
vn -0.216762 0.539590 -0.813546
vn 0.881697 -0.447078 -0.150773
vn 0.881697 -0.447078 -0.150773
vn 0.881697 -0.447078 -0.150773
vn 0.881697 -0.447078 -0.150773
vn -0.737034 0.661485 -0.138632
vn -0.737034 0.661485 -0.138632
vn -0.737034 0.661485 -0.138632
vn -0.737034 0.661485 -0.138632
vn -0.884137 0.434441 -0.171938
vn -0.884137 0.434441 -0.171938
vn -0.884137 0.434441 -0.171938
vn -0.884137 0.434441 -0.171938
vn -0.914804 0.308376 -0.260840
vn -0.914804 0.308376 -0.260840
vn -0.914804 0.308376 -0.260840
vn -0.914804 0.308376 -0.260840
vn -0.275595 0.948819 -0.154239
vn -0.275595 0.948819 -0.154239
vn -0.275595 0.948819 -0.154239
vn -0.275595 0.948819 -0.154239
vn -0.490099 0.861695 -0.131472
vn -0.490099 0.861695 -0.131472
vn -0.490099 0.861695 -0.131472
vn -0.490099 0.861695 -0.131472
vn -0.802536 0.577180 -0.150995
vn -0.802536 0.577180 -0.150995
vn -0.802536 0.577180 -0.150995
vn -0.802536 0.577180 -0.150995
vn -0.892033 0.451859 -0.010032
vn -0.892033 0.451859 -0.010032
vn -0.892033 0.451859 -0.010032
vn -0.892033 0.451859 -0.010032
vn -0.994793 0.081956 0.060578
vn -0.994793 0.081956 0.060578
vn -0.994793 0.081956 0.060578
vn -0.994793 0.081956 0.060578
vn -0.983313 -0.181024 -0.018025
vn -0.983313 -0.181024 -0.018025
vn -0.983313 -0.181024 -0.018025
vn -0.983313 -0.181024 -0.018025
vn -0.767318 -0.480431 -0.424745
vn -0.767318 -0.480431 -0.424745
vn -0.767318 -0.480431 -0.424745
vn -0.767318 -0.480431 -0.424745
vn -0.684813 -0.517727 -0.512825
vn -0.684813 -0.517727 -0.512825
vn -0.684813 -0.517727 -0.512825
vn -0.684813 -0.517727 -0.512825
vn -0.724037 -0.388962 -0.569630
vn -0.724037 -0.388962 -0.569630
vn -0.724037 -0.388962 -0.569630
vn -0.724037 -0.388962 -0.569630
vn -0.697417 -0.005701 -0.716643
vn -0.697417 -0.005701 -0.716643
vn -0.697417 -0.005701 -0.716643
vn -0.697417 -0.005701 -0.716643
vn -0.391869 -0.142387 -0.908936
vn -0.391869 -0.142387 -0.908936
vn -0.391869 -0.142387 -0.908936
vn -0.391869 -0.142387 -0.908936
vn -0.183409 0.130840 -0.974291
vn -0.183409 0.130840 -0.974291
vn -0.183409 0.130840 -0.974291
vn -0.183409 0.130840 -0.974291
vn -0.047888 0.258626 -0.964790
vn -0.047888 0.258626 -0.964790
vn -0.047888 0.258626 -0.964790
vn -0.047888 0.258626 -0.964790
vn -0.132347 0.674781 -0.726054
vn -0.132347 0.674781 -0.726054
vn -0.132347 0.674781 -0.726054
vn -0.132347 0.674781 -0.726054
vn -0.259220 0.896143 -0.360184
vn -0.259220 0.896143 -0.360184
vn -0.259220 0.896143 -0.360184
vn -0.259220 0.896143 -0.360184
vn -0.966606 -0.048328 -0.251669
vn -0.966606 -0.048328 -0.251669
vn -0.966606 -0.048328 -0.251669
vn -0.966606 -0.048328 -0.251669
vn -0.790391 -0.488074 -0.370225
vn -0.790391 -0.488074 -0.370225
vn -0.790391 -0.488074 -0.370225
vn -0.790391 -0.488074 -0.370225
vn -0.739696 0.159950 -0.653656
vn -0.739696 0.159950 -0.653656
vn -0.739696 0.159950 -0.653656
vn -0.739696 0.159950 -0.653656
vn -0.919471 0.379122 -0.104118
vn -0.919471 0.379122 -0.104118
vn -0.919471 0.379122 -0.104118
vn -0.919471 0.379122 -0.104118
vn -0.782688 0.361481 -0.506686
vn -0.782688 0.361481 -0.506686
vn -0.782688 0.361481 -0.506686
vn -0.782688 0.361481 -0.506686
vn -0.834386 0.484177 -0.263386
vn -0.834386 0.484177 -0.263386
vn -0.834386 0.484177 -0.263386
vn -0.834386 0.484177 -0.263386
vn -0.801761 0.498531 -0.329613
vn -0.801761 0.498531 -0.329613
vn -0.801761 0.498531 -0.329613
vn -0.801761 0.498531 -0.329613
vn -0.771767 0.324812 -0.546693
vn -0.771767 0.324812 -0.546693
vn -0.771767 0.324812 -0.546693
vn -0.771767 0.324812 -0.546693
vn -0.874885 -0.128930 -0.466854
vn -0.874885 -0.128930 -0.466854
vn -0.874885 -0.128930 -0.466854
vn -0.874885 -0.128930 -0.466854
vn -0.884904 -0.032920 -0.464609
vn -0.884904 -0.032920 -0.464609
vn -0.884904 -0.032920 -0.464609
vn -0.884904 -0.032920 -0.464609
vn -0.964947 0.065137 -0.254233
vn -0.964947 0.065137 -0.254233
vn -0.964947 0.065137 -0.254233
vn -0.964947 0.065137 -0.254233
vn -0.900985 0.171330 -0.398587
vn -0.900985 0.171330 -0.398587
vn -0.900985 0.171330 -0.398587
vn -0.900985 0.171330 -0.398587
vn -0.957883 -0.029470 -0.285642
vn -0.957883 -0.029470 -0.285642
vn -0.957883 -0.029470 -0.285642
vn -0.957883 -0.029470 -0.285642
vn -0.932621 -0.161858 -0.322520
vn -0.932621 -0.161858 -0.322520
vn -0.932621 -0.161858 -0.322520
vn -0.932621 -0.161858 -0.322520
vn -0.934108 -0.221522 -0.279948
vn -0.934108 -0.221522 -0.279948
vn -0.934108 -0.221522 -0.279948
vn -0.934108 -0.221522 -0.279948
vn -0.925761 -0.075939 -0.370405
vn -0.925761 -0.075939 -0.370405
vn -0.925761 -0.075939 -0.370405
vn -0.925761 -0.075939 -0.370405
vn -0.927243 -0.147403 -0.344229
vn -0.927243 -0.147403 -0.344229
vn -0.927243 -0.147403 -0.344229
vn -0.927243 -0.147403 -0.344229
vn -0.965185 -0.070694 -0.251835
vn -0.965185 -0.070694 -0.251835
vn -0.965185 -0.070694 -0.251835
vn -0.965185 -0.070694 -0.251835
vn -0.905065 -0.293054 -0.308184
vn -0.905065 -0.293054 -0.308184
vn -0.905065 -0.293054 -0.308184
vn -0.905065 -0.293054 -0.308184
vn -0.845799 -0.064577 -0.529579
vn -0.845799 -0.064577 -0.529579
vn -0.845799 -0.064577 -0.529579
vn -0.845799 -0.064577 -0.529579
vn -0.834365 -0.136960 -0.533926
vn -0.834365 -0.136960 -0.533926
vn -0.834365 -0.136960 -0.533926
vn -0.834365 -0.136960 -0.533926
vn -0.832854 -0.162264 -0.529173
vn -0.832854 -0.162264 -0.529173
vn -0.832854 -0.162264 -0.529173
vn -0.832854 -0.162264 -0.529173
vn -0.681702 -0.507546 -0.526953
vn -0.681702 -0.507546 -0.526953
vn -0.681702 -0.507546 -0.526953
vn -0.681702 -0.507546 -0.526953
vn -0.772807 -0.235740 -0.589234
vn -0.772807 -0.235740 -0.589234
vn -0.772807 -0.235740 -0.589234
vn -0.772807 -0.235740 -0.589234
vn -0.839800 -0.103220 -0.532993
vn -0.839800 -0.103220 -0.532993
vn -0.839800 -0.103220 -0.532993
vn -0.839800 -0.103220 -0.532993
vn -0.817430 -0.166008 -0.551588
vn -0.817430 -0.166008 -0.551588
vn -0.817430 -0.166008 -0.551588
vn -0.817430 -0.166008 -0.551588
vn -0.563695 0.818319 0.112260
vn -0.563695 0.818319 0.112260
vn -0.563695 0.818319 0.112260
vn -0.563695 0.818319 0.112260
vn -0.449043 0.859728 0.243369
vn -0.449043 0.859728 0.243369
vn -0.449043 0.859728 0.243369
vn -0.449043 0.859728 0.243369
vn -0.408733 0.910109 0.068107
vn -0.408733 0.910109 0.068107
vn -0.408733 0.910109 0.068107
vn -0.408733 0.910109 0.068107
vn -0.359412 0.927165 -0.105776
vn -0.359412 0.927165 -0.105776
vn -0.359412 0.927165 -0.105776
vn -0.359412 0.927165 -0.105776
vn -0.274916 0.942128 -0.191877
vn -0.274916 0.942128 -0.191877
vn -0.274916 0.942128 -0.191877
vn -0.274916 0.942128 -0.191877
vn -0.213886 0.944883 -0.247888
vn -0.213886 0.944883 -0.247888
vn -0.213886 0.944883 -0.247888
vn -0.213886 0.944883 -0.247888
vn -0.207277 0.938069 -0.277603
vn -0.207277 0.938069 -0.277603
vn -0.207277 0.938069 -0.277603
vn -0.207277 0.938069 -0.277603
vn -0.214304 0.940780 -0.262692
vn -0.214304 0.940780 -0.262692
vn -0.214304 0.940780 -0.262692
vn -0.214304 0.940780 -0.262692
vn -0.221237 0.926546 -0.304249
vn -0.221237 0.926546 -0.304249
vn -0.221237 0.926546 -0.304249
vn -0.221237 0.926546 -0.304249
vn -0.267525 0.825711 -0.496620
vn -0.267525 0.825711 -0.496620
vn -0.267525 0.825711 -0.496620
vn -0.267525 0.825711 -0.496620
vn -0.325136 0.694381 -0.641967
vn -0.325136 0.694381 -0.641967
vn -0.325136 0.694381 -0.641967
vn -0.325136 0.694381 -0.641967
vn -0.405091 0.581996 -0.705111
vn -0.405091 0.581996 -0.705111
vn -0.405091 0.581996 -0.705111
vn -0.405091 0.581996 -0.705111
vn -0.687992 -0.041829 -0.724512
vn -0.687992 -0.041829 -0.724512
vn -0.687992 -0.041829 -0.724512
vn -0.687992 -0.041829 -0.724512
vn -0.535620 0.074512 -0.841165
vn -0.535620 0.074512 -0.841165
vn -0.535620 0.074512 -0.841165
vn -0.535620 0.074512 -0.841165
vn -0.886795 0.118268 -0.446775
vn -0.886795 0.118268 -0.446775
vn -0.886795 0.118268 -0.446775
vn -0.886795 0.118268 -0.446775
vn -0.825711 -0.167771 -0.538567
vn -0.825711 -0.167771 -0.538567
vn -0.825711 -0.167771 -0.538567
vn -0.825711 -0.167771 -0.538567
vn -0.906144 0.147532 -0.396407
vn -0.906144 0.147532 -0.396407
vn -0.906144 0.147532 -0.396407
vn -0.906144 0.147532 -0.396407
vn -0.870083 -0.052245 -0.490129
vn -0.870083 -0.052245 -0.490129
vn -0.870083 -0.052245 -0.490129
vn -0.870083 -0.052245 -0.490129
vn -0.427483 -0.401576 -0.809935
vn -0.427483 -0.401576 -0.809935
vn -0.427483 -0.401576 -0.809935
vn -0.427483 -0.401576 -0.809935
vn -0.334104 -0.790190 -0.513784
vn -0.334104 -0.790190 -0.513784
vn -0.334104 -0.790190 -0.513784
vn -0.334104 -0.790190 -0.513784
vn -0.436019 0.466064 -0.769852
vn -0.436019 0.466064 -0.769852
vn -0.436019 0.466064 -0.769852
vn -0.436019 0.466064 -0.769852
vn -0.909388 0.218721 -0.353799
vn -0.909388 0.218721 -0.353799
vn -0.909388 0.218721 -0.353799
vn -0.909388 0.218721 -0.353799
vn -0.853106 0.363335 -0.374431
vn -0.853106 0.363335 -0.374431
vn -0.853106 0.363335 -0.374431
vn -0.853106 0.363335 -0.374431
vn -0.987014 -0.047538 -0.153442
vn -0.987014 -0.047538 -0.153442
vn -0.987014 -0.047538 -0.153442
vn -0.987014 -0.047538 -0.153442
vn -0.870487 -0.472080 -0.139258
vn -0.870487 -0.472080 -0.139258
vn -0.870487 -0.472080 -0.139258
vn -0.870487 -0.472080 -0.139258
vn -0.987708 -0.155067 -0.019683
vn -0.987708 -0.155067 -0.019683
vn -0.987708 -0.155067 -0.019683
vn -0.987708 -0.155067 -0.019683
vn -0.662895 -0.670443 0.333282
vn -0.662895 -0.670443 0.333282
vn -0.662895 -0.670443 0.333282
vn -0.662895 -0.670443 0.333282
vn -0.206210 -0.871268 0.445387
vn -0.206210 -0.871268 0.445387
vn -0.206210 -0.871268 0.445387
vn -0.206210 -0.871268 0.445387
vn -0.995255 -0.097295 0.000573
vn -0.995255 -0.097295 0.000573
vn -0.995255 -0.097295 0.000573
vn -0.995255 -0.097295 0.000573
vn -0.902666 0.407075 0.139584
vn -0.902666 0.407075 0.139584
vn -0.902666 0.407075 0.139584
vn -0.902666 0.407075 0.139584
vn -0.617471 0.742656 0.259211
vn -0.617471 0.742656 0.259211
vn -0.617471 0.742656 0.259211
vn -0.617471 0.742656 0.259211
vn -0.521207 0.835641 0.173340
vn -0.521207 0.835641 0.173340
vn -0.521207 0.835641 0.173340
vn -0.521207 0.835641 0.173340
vn -0.315158 0.945493 0.081963
vn -0.315158 0.945493 0.081963
vn -0.315158 0.945493 0.081963
vn -0.315158 0.945493 0.081963
vn -0.575669 -0.809103 0.118137
vn -0.575669 -0.809103 0.118137
vn -0.575669 -0.809103 0.118137
vn -0.575669 -0.809103 0.118137
vn -0.989318 0.106686 -0.099341
vn -0.989318 0.106686 -0.099341
vn -0.989318 0.106686 -0.099341
vn -0.989318 0.106686 -0.099341
vn -0.992241 -0.048808 0.114350
vn -0.992241 -0.048808 0.114350
vn -0.992241 -0.048808 0.114350
vn -0.992241 -0.048808 0.114350
vn -0.446329 -0.845469 0.293211
vn -0.446329 -0.845469 0.293211
vn -0.446329 -0.845469 0.293211
vn -0.446329 -0.845469 0.293211
vn -0.738605 -0.519826 0.429235
vn -0.738605 -0.519826 0.429235
vn -0.738605 -0.519826 0.429235
vn -0.738605 -0.519826 0.429235
vn -0.997313 -0.022657 -0.069662
vn -0.997313 -0.022657 -0.069662
vn -0.997313 -0.022657 -0.069662
vn -0.997313 -0.022657 -0.069662
vn -0.987153 -0.039232 0.154886
vn -0.987153 -0.039232 0.154886
vn -0.987153 -0.039232 0.154886
vn -0.987153 -0.039232 0.154886
vn -0.805899 -0.345730 0.480622
vn -0.805899 -0.345730 0.480622
vn -0.805899 -0.345730 0.480622
vn -0.805899 -0.345730 0.480622
vn -0.627329 -0.689937 0.361173
vn -0.627329 -0.689937 0.361173
vn -0.627329 -0.689937 0.361173
vn -0.627329 -0.689937 0.361173
vn -0.419047 -0.669281 -0.613566
vn -0.419047 -0.669281 -0.613566
vn -0.419047 -0.669281 -0.613566
vn -0.419047 -0.669281 -0.613566
vn -0.751381 -0.027597 -0.659292
vn -0.751381 -0.027597 -0.659292
vn -0.751381 -0.027597 -0.659292
vn -0.751381 -0.027597 -0.659292
vn -0.468400 -0.512992 -0.719334
vn -0.468400 -0.512992 -0.719334
vn -0.468400 -0.512992 -0.719334
vn -0.468400 -0.512992 -0.719334
vn -0.088471 -0.357348 -0.929772
vn -0.088471 -0.357348 -0.929772
vn -0.088471 -0.357348 -0.929772
vn -0.088471 -0.357348 -0.929772
vn -0.272965 0.926130 0.260333
vn -0.272965 0.926130 0.260333
vn -0.272965 0.926130 0.260333
vn -0.272965 0.926130 0.260333
vn -0.526026 0.814622 0.244312
vn -0.526026 0.814622 0.244312
vn -0.526026 0.814622 0.244312
vn -0.526026 0.814622 0.244312
vn -0.482631 0.848528 0.216951
vn -0.482631 0.848528 0.216951
vn -0.482631 0.848528 0.216951
vn -0.482631 0.848528 0.216951
vn -0.544948 0.790820 0.278631
vn -0.544948 0.790820 0.278631
vn -0.544948 0.790820 0.278631
vn -0.544948 0.790820 0.278631
vn -0.608073 0.789236 0.085754
vn -0.608073 0.789236 0.085754
vn -0.608073 0.789236 0.085754
vn -0.608073 0.789236 0.085754
vn -0.784003 0.427057 -0.450513
vn -0.784003 0.427057 -0.450513
vn -0.784003 0.427057 -0.450513
vn -0.784003 0.427057 -0.450513
vn -0.086615 0.992456 0.086765
vn -0.086615 0.992456 0.086765
vn -0.086615 0.992456 0.086765
vn -0.086615 0.992456 0.086765
vn -0.514139 0.846553 0.137873
vn -0.514139 0.846553 0.137873
vn -0.514139 0.846553 0.137873
vn -0.514139 0.846553 0.137873
vn -0.510425 0.858882 0.042281
vn -0.510425 0.858882 0.042281
vn -0.510425 0.858882 0.042281
vn -0.510425 0.858882 0.042281
vn -0.604825 0.710824 0.359048
vn -0.604825 0.710824 0.359048
vn -0.604825 0.710824 0.359048
vn -0.604825 0.710824 0.359048
vn -0.610054 0.738854 0.286231
vn -0.610054 0.738854 0.286231
vn -0.610054 0.738854 0.286231
vn -0.610054 0.738854 0.286231
vn -0.611379 0.767542 0.192601
vn -0.611379 0.767542 0.192601
vn -0.611379 0.767542 0.192601
vn -0.611379 0.767542 0.192601
vn -0.616166 0.779030 0.115982
vn -0.616166 0.779030 0.115982
vn -0.616166 0.779030 0.115982
vn -0.616166 0.779030 0.115982
vn -0.602876 0.796361 0.048471
vn -0.602876 0.796361 0.048471
vn -0.602876 0.796361 0.048471
vn -0.602876 0.796361 0.048471
vn -0.648991 0.705493 0.284765
vn -0.648991 0.705493 0.284765
vn -0.648991 0.705493 0.284765
vn -0.648991 0.705493 0.284765
vn -0.629246 0.754001 0.188500
vn -0.629246 0.754001 0.188500
vn -0.629246 0.754001 0.188500
vn -0.629246 0.754001 0.188500
vn -0.615516 0.781364 0.103007
vn -0.615516 0.781364 0.103007
vn -0.615516 0.781364 0.103007
vn -0.615516 0.781364 0.103007
vn -0.674808 0.737939 0.008923
vn -0.674808 0.737939 0.008923
vn -0.674808 0.737939 0.008923
vn -0.674808 0.737939 0.008923
vn -0.745269 0.606698 -0.276571
vn -0.745269 0.606698 -0.276571
vn -0.745269 0.606698 -0.276571
vn -0.745269 0.606698 -0.276571
vn -0.228986 0.551186 -0.802346
vn -0.228986 0.551186 -0.802346
vn -0.228986 0.551186 -0.802346
vn -0.228986 0.551186 -0.802346
vn -0.503315 0.863902 -0.018626
vn -0.503315 0.863902 -0.018626
vn -0.503315 0.863902 -0.018626
vn -0.503315 0.863902 -0.018626
vn -0.159961 0.633779 -0.756794
vn -0.159961 0.633779 -0.756794
vn -0.159961 0.633779 -0.756794
vn -0.159961 0.633779 -0.756794
vn -0.460505 0.421632 -0.781128
vn -0.460505 0.421632 -0.781128
vn -0.460505 0.421632 -0.781128
vn -0.460505 0.421632 -0.781128
vn 0.510206 0.853741 -0.104002
vn 0.510206 0.853741 -0.104002
vn 0.510206 0.853741 -0.104002
vn 0.510206 0.853741 -0.104002
vn -0.510621 0.657425 0.554129
vn -0.510621 0.657425 0.554129
vn -0.510621 0.657425 0.554129
vn -0.510621 0.657425 0.554129
vn -0.700137 0.713527 -0.026217
vn -0.700137 0.713527 -0.026217
vn -0.700137 0.713527 -0.026217
vn -0.700137 0.713527 -0.026217
vn -0.647448 0.750253 -0.133911
vn -0.647448 0.750253 -0.133911
vn -0.647448 0.750253 -0.133911
vn -0.647448 0.750253 -0.133911
vn -0.568485 0.814788 0.113778
vn -0.568485 0.814788 0.113778
vn -0.568485 0.814788 0.113778
vn -0.568485 0.814788 0.113778
vn -0.428735 0.888601 0.163018
vn -0.428735 0.888601 0.163018
vn -0.428735 0.888601 0.163018
vn -0.428735 0.888601 0.163018
vn -0.273473 0.940631 0.201063
vn -0.273473 0.940631 0.201063
vn -0.273473 0.940631 0.201063
vn -0.273473 0.940631 0.201063
vn -0.326758 0.934434 0.141642
vn -0.326758 0.934434 0.141642
vn -0.326758 0.934434 0.141642
vn -0.326758 0.934434 0.141642
vn -0.651717 0.757365 0.040792
vn -0.651717 0.757365 0.040792
vn -0.651717 0.757365 0.040792
vn -0.651717 0.757365 0.040792
vn -0.676822 0.735674 -0.026386
vn -0.676822 0.735674 -0.026386
vn -0.676822 0.735674 -0.026386
vn -0.676822 0.735674 -0.026386
vn -0.601638 0.795953 0.067005
vn -0.601638 0.795953 0.067005
vn -0.601638 0.795953 0.067005
vn -0.601638 0.795953 0.067005
vn -0.670787 0.693730 -0.262264
vn -0.670787 0.693730 -0.262264
vn -0.670787 0.693730 -0.262264
vn -0.670787 0.693730 -0.262264
vn -0.668392 0.740725 -0.067660
vn -0.668392 0.740725 -0.067660
vn -0.668392 0.740725 -0.067660
vn -0.668392 0.740725 -0.067660
vn -0.499461 0.515560 -0.696230
vn -0.499461 0.515560 -0.696230
vn -0.499461 0.515560 -0.696230
vn -0.499461 0.515560 -0.696230
vn -0.089776 0.979525 0.180196
vn -0.089776 0.979525 0.180196
vn -0.089776 0.979525 0.180196
vn -0.089776 0.979525 0.180196
vn -0.388593 0.890189 0.237823
vn -0.388593 0.890189 0.237823
vn -0.388593 0.890189 0.237823
vn -0.388593 0.890189 0.237823
vn -0.420339 0.895099 0.148707
vn -0.420339 0.895099 0.148707
vn -0.420339 0.895099 0.148707
vn -0.420339 0.895099 0.148707
vn -0.403266 0.913977 0.044964
vn -0.403266 0.913977 0.044964
vn -0.403266 0.913977 0.044964
vn -0.403266 0.913977 0.044964
vn -0.381826 0.923383 -0.039673
vn -0.381826 0.923383 -0.039673
vn -0.381826 0.923383 -0.039673
vn -0.381826 0.923383 -0.039673
vn 0.323235 0.935925 -0.139870
vn 0.323235 0.935925 -0.139870
vn 0.323235 0.935925 -0.139870
vn 0.323235 0.935925 -0.139870
vn -0.563029 0.816489 0.127849
vn -0.563029 0.816489 0.127849
vn -0.563029 0.816489 0.127849
vn -0.563029 0.816489 0.127849
vn -0.561932 0.825837 0.047170
vn -0.561932 0.825837 0.047170
vn -0.561932 0.825837 0.047170
vn -0.561932 0.825837 0.047170
vn -0.532454 0.846164 0.022323
vn -0.532454 0.846164 0.022323
vn -0.532454 0.846164 0.022323
vn -0.532454 0.846164 0.022323
vn -0.559023 0.708521 0.430686
vn -0.559023 0.708521 0.430686
vn -0.559023 0.708521 0.430686
vn -0.559023 0.708521 0.430686
vn -0.703093 0.683097 -0.197582
vn -0.703093 0.683097 -0.197582
vn -0.703093 0.683097 -0.197582
vn -0.703093 0.683097 -0.197582
vn -0.665037 0.722981 -0.187146
vn -0.665037 0.722981 -0.187146
vn -0.665037 0.722981 -0.187146
vn -0.665037 0.722981 -0.187146
vn -0.408921 0.910392 0.063013
vn -0.408921 0.910392 0.063013
vn -0.408921 0.910392 0.063013
vn -0.408921 0.910392 0.063013
vn -0.515494 0.854055 0.069688
vn -0.515494 0.854055 0.069688
vn -0.515494 0.854055 0.069688
vn -0.515494 0.854055 0.069688
vn -0.564520 0.822596 0.068210
vn -0.564520 0.822596 0.068210
vn -0.564520 0.822596 0.068210
vn -0.564520 0.822596 0.068210
vn -0.611606 0.788084 0.069727
vn -0.611606 0.788084 0.069727
vn -0.611606 0.788084 0.069727
vn -0.611606 0.788084 0.069727
vn -0.639957 0.766506 0.054062
vn -0.639957 0.766506 0.054062
vn -0.639957 0.766506 0.054062
vn -0.639957 0.766506 0.054062
vn -0.659102 0.750547 0.047580
vn -0.659102 0.750547 0.047580
vn -0.659102 0.750547 0.047580
vn -0.659102 0.750547 0.047580
vn -0.723704 0.689656 0.025031
vn -0.723704 0.689656 0.025031
vn -0.723704 0.689656 0.025031
vn -0.723704 0.689656 0.025031
vn -0.387577 0.921812 0.006857
vn -0.387577 0.921812 0.006857
vn -0.387577 0.921812 0.006857
vn -0.387577 0.921812 0.006857
vn -0.505811 0.862268 0.025483
vn -0.505811 0.862268 0.025483
vn -0.505811 0.862268 0.025483
vn -0.505811 0.862268 0.025483
vn -0.554012 0.831870 0.032594
vn -0.554012 0.831870 0.032594
vn -0.554012 0.831870 0.032594
vn -0.554012 0.831870 0.032594
vn -0.596068 0.801141 0.053632
vn -0.596068 0.801141 0.053632
vn -0.596068 0.801141 0.053632
vn -0.596068 0.801141 0.053632
vn -0.652896 0.756380 0.040214
vn -0.652896 0.756380 0.040214
vn -0.652896 0.756380 0.040214
vn -0.652896 0.756380 0.040214
vn -0.695445 0.718390 0.016511
vn -0.695445 0.718390 0.016511
vn -0.695445 0.718390 0.016511
vn -0.695445 0.718390 0.016511
vn -0.725486 0.684598 -0.070683
vn -0.725486 0.684598 -0.070683
vn -0.725486 0.684598 -0.070683
vn -0.725486 0.684598 -0.070683
vn -0.799154 0.459845 -0.387163
vn -0.799154 0.459845 -0.387163
vn -0.799154 0.459845 -0.387163
vn -0.799154 0.459845 -0.387163
vn -0.383989 0.916914 -0.108727
vn -0.383989 0.916914 -0.108727
vn -0.383989 0.916914 -0.108727
vn -0.383989 0.916914 -0.108727
vn -0.486890 0.870946 -0.066275
vn -0.486890 0.870946 -0.066275
vn -0.486890 0.870946 -0.066275
vn -0.486890 0.870946 -0.066275
vn -0.496608 0.867591 -0.025808
vn -0.496608 0.867591 -0.025808
vn -0.496608 0.867591 -0.025808
vn -0.496608 0.867591 -0.025808
vn -0.634779 0.772290 -0.024975
vn -0.634779 0.772290 -0.024975
vn -0.634779 0.772290 -0.024975
vn -0.634779 0.772290 -0.024975
vn -0.702984 0.706626 -0.080583
vn -0.702984 0.706626 -0.080583
vn -0.702984 0.706626 -0.080583
vn -0.702984 0.706626 -0.080583
vn -0.671122 0.739286 -0.055248
vn -0.671122 0.739286 -0.055248
vn -0.671122 0.739286 -0.055248
vn -0.671122 0.739286 -0.055248
vn -0.749593 0.499766 -0.433987
vn -0.749593 0.499766 -0.433987
vn -0.749593 0.499766 -0.433987
vn -0.749593 0.499766 -0.433987
vn -0.547750 0.805531 0.226029
vn -0.547750 0.805531 0.226029
vn -0.547750 0.805531 0.226029
vn -0.547750 0.805531 0.226029
vn -0.503925 0.827640 0.247126
vn -0.503925 0.827640 0.247126
vn -0.503925 0.827640 0.247126
vn -0.503925 0.827640 0.247126
vn -0.362952 0.889545 0.277445
vn -0.362952 0.889545 0.277445
vn -0.362952 0.889545 0.277445
vn -0.362952 0.889545 0.277445
vn -0.530943 0.794320 0.295221
vn -0.530943 0.794320 0.295221
vn -0.530943 0.794320 0.295221
vn -0.530943 0.794320 0.295221
vn -0.470762 0.826719 0.308087
vn -0.470762 0.826719 0.308087
vn -0.470762 0.826719 0.308087
vn -0.470762 0.826719 0.308087
vn -0.314890 0.886118 0.340059
vn -0.314890 0.886118 0.340059
vn -0.314890 0.886118 0.340059
vn -0.314890 0.886118 0.340059
vn -0.543487 0.751825 0.373338
vn -0.543487 0.751825 0.373338
vn -0.543487 0.751825 0.373338
vn -0.543487 0.751825 0.373338
vn -0.445730 0.803128 0.395360
vn -0.445730 0.803128 0.395360
vn -0.445730 0.803128 0.395360
vn -0.445730 0.803128 0.395360
vn -0.256251 0.869692 0.421866
vn -0.256251 0.869692 0.421866
vn -0.256251 0.869692 0.421866
vn -0.256251 0.869692 0.421866
vn -0.504096 0.678357 0.534527
vn -0.504096 0.678357 0.534527
vn -0.504096 0.678357 0.534527
vn -0.504096 0.678357 0.534527
vn -0.293320 0.778484 0.554911
vn -0.293320 0.778484 0.554911
vn -0.293320 0.778484 0.554911
vn -0.293320 0.778484 0.554911
vn -0.344365 0.875833 0.338127
vn -0.344365 0.875833 0.338127
vn -0.344365 0.875833 0.338127
vn -0.344365 0.875833 0.338127
vn -0.483372 0.825425 0.291592
vn -0.483372 0.825425 0.291592
vn -0.483372 0.825425 0.291592
vn -0.483372 0.825425 0.291592
vn -0.537115 0.799866 0.267811
vn -0.537115 0.799866 0.267811
vn -0.537115 0.799866 0.267811
vn -0.537115 0.799866 0.267811
vn -0.606268 0.750519 0.262984
vn -0.606268 0.750519 0.262984
vn -0.606268 0.750519 0.262984
vn -0.606268 0.750519 0.262984
vn -0.633588 0.720633 0.281521
vn -0.633588 0.720633 0.281521
vn -0.633588 0.720633 0.281521
vn -0.633588 0.720633 0.281521
vn -0.548278 0.787938 0.280260
vn -0.548278 0.787938 0.280260
vn -0.548278 0.787938 0.280260
vn -0.548278 0.787938 0.280260
vn -0.460941 0.846612 0.266048
vn -0.460941 0.846612 0.266048
vn -0.460941 0.846612 0.266048
vn -0.460941 0.846612 0.266048
vn -0.395279 0.894438 0.209128
vn -0.395279 0.894438 0.209128
vn -0.395279 0.894438 0.209128
vn -0.395279 0.894438 0.209128
vn -0.515336 0.838557 0.176779
vn -0.515336 0.838557 0.176779
vn -0.515336 0.838557 0.176779
vn -0.515336 0.838557 0.176779
vn -0.556526 0.812552 0.173312
vn -0.556526 0.812552 0.173312
vn -0.556526 0.812552 0.173312
vn -0.556526 0.812552 0.173312
vn -0.615291 0.771881 0.160049
vn -0.615291 0.771881 0.160049
vn -0.615291 0.771881 0.160049
vn -0.615291 0.771881 0.160049
vn -0.616198 0.768998 0.170123
vn -0.616198 0.768998 0.170123
vn -0.616198 0.768998 0.170123
vn -0.616198 0.768998 0.170123
vn -0.568392 0.791247 0.225518
vn -0.568392 0.791247 0.225518
vn -0.568392 0.791247 0.225518
vn -0.568392 0.791247 0.225518
vn -0.587259 0.751798 0.299878
vn -0.587259 0.751798 0.299878
vn -0.587259 0.751798 0.299878
vn -0.587259 0.751798 0.299878
vn -0.540355 0.792635 0.282394
vn -0.540355 0.792635 0.282394
vn -0.540355 0.792635 0.282394
vn -0.540355 0.792635 0.282394
vn -0.313418 0.886216 0.341160
vn -0.313418 0.886216 0.341160
vn -0.313418 0.886216 0.341160
vn -0.313418 0.886216 0.341160
vn -0.307289 0.941623 0.137552
vn -0.307289 0.941623 0.137552
vn -0.307289 0.941623 0.137552
vn -0.307289 0.941623 0.137552
vn -0.385144 0.899267 0.207323
vn -0.385144 0.899267 0.207323
vn -0.385144 0.899267 0.207323
vn -0.385144 0.899267 0.207323
vn -0.478256 0.796546 0.369845
vn -0.478256 0.796546 0.369845
vn -0.478256 0.796546 0.369845
vn -0.478256 0.796546 0.369845
vn -0.445978 0.799737 0.401901
vn -0.445978 0.799737 0.401901
vn -0.445978 0.799737 0.401901
vn -0.445978 0.799737 0.401901
vn -0.543645 0.636125 0.547536
vn -0.543645 0.636125 0.547536
vn -0.543645 0.636125 0.547536
vn -0.543645 0.636125 0.547536
vn -0.234469 0.778350 0.582404
vn -0.234469 0.778350 0.582404
vn -0.234469 0.778350 0.582404
vn -0.234469 0.778350 0.582404
vn -0.585886 0.725169 0.361756
vn -0.585886 0.725169 0.361756
vn -0.585886 0.725169 0.361756
vn -0.585886 0.725169 0.361756
vn -0.304904 0.711137 0.633496
vn -0.304904 0.711137 0.633496
vn -0.304904 0.711137 0.633496
vn -0.304904 0.711137 0.633496
vn 0.070166 0.995464 0.064247
vn 0.070166 0.995464 0.064247
vn 0.070166 0.995464 0.064247
vn 0.070166 0.995464 0.064247
vn -0.934948 -0.111153 -0.336923
vn -0.934948 -0.111153 -0.336923
vn -0.934948 -0.111153 -0.336923
vn -0.934948 -0.111153 -0.336923
vn -0.543533 0.005726 0.839368
vn -0.543533 0.005726 0.839368
vn -0.543533 0.005726 0.839368
vn -0.543533 0.005726 0.839368
vn 0.412376 -0.381350 0.827356
vn 0.412376 -0.381350 0.827356
vn 0.412376 -0.381350 0.827356
vn 0.412376 -0.381350 0.827356
vn -0.896172 -0.013931 0.443488
vn -0.896172 -0.013931 0.443488
vn -0.896172 -0.013931 0.443488
vn -0.896172 -0.013931 0.443488
vn -0.869562 -0.028493 0.493001
vn -0.869562 -0.028493 0.493001
vn -0.869562 -0.028493 0.493001
vn -0.869562 -0.028493 0.493001
vn -0.776215 -0.017298 0.630231
vn -0.776215 -0.017298 0.630231
vn -0.776215 -0.017298 0.630231
vn -0.776215 -0.017298 0.630231
vn -0.571280 -0.025027 0.820374
vn -0.571280 -0.025027 0.820374
vn -0.571280 -0.025027 0.820374
vn -0.571280 -0.025027 0.820374
vn -0.959351 0.005907 -0.282154
vn -0.959351 0.005907 -0.282154
vn -0.959351 0.005907 -0.282154
vn -0.959351 0.005907 -0.282154
vn -0.666571 -0.019645 0.745183
vn -0.666571 -0.019645 0.745183
vn -0.666571 -0.019645 0.745183
vn -0.666571 -0.019645 0.745183
vn -0.399629 -0.060722 0.914664
vn -0.399629 -0.060722 0.914664
vn -0.399629 -0.060722 0.914664
vn -0.399629 -0.060722 0.914664
vn -0.781977 -0.034096 0.622374
vn -0.781977 -0.034096 0.622374
vn -0.781977 -0.034096 0.622374
vn -0.781977 -0.034096 0.622374
vn -0.855027 -0.280106 -0.436427
vn -0.855027 -0.280106 -0.436427
vn -0.855027 -0.280106 -0.436427
vn -0.855027 -0.280106 -0.436427
vn -0.974872 0.115885 0.190253
vn -0.974872 0.115885 0.190253
vn -0.974872 0.115885 0.190253
vn -0.974872 0.115885 0.190253
vn -0.534462 -0.003809 -0.845184
vn -0.534462 -0.003809 -0.845184
vn -0.534462 -0.003809 -0.845184
vn -0.534462 -0.003809 -0.845184
vn -0.923228 -0.036155 0.382547
vn -0.923228 -0.036155 0.382547
vn -0.923228 -0.036155 0.382547
vn -0.923228 -0.036155 0.382547
vn -0.397683 -0.916077 -0.051492
vn -0.397683 -0.916077 -0.051492
vn -0.397683 -0.916077 -0.051492
vn -0.397683 -0.916077 -0.051492
vn -0.189727 -0.981081 0.038530
vn -0.189727 -0.981081 0.038530
vn -0.189727 -0.981081 0.038530
vn -0.189727 -0.981081 0.038530
vn 0.200953 -0.802642 0.561591
vn 0.200953 -0.802642 0.561591
vn 0.200953 -0.802642 0.561591
vn 0.200953 -0.802642 0.561591
vn -0.115603 -0.985959 -0.120505
vn -0.115603 -0.985959 -0.120505
vn -0.115603 -0.985959 -0.120505
vn -0.115603 -0.985959 -0.120505
vn -0.179740 -0.981538 0.065401
vn -0.179740 -0.981538 0.065401
vn -0.179740 -0.981538 0.065401
vn -0.179740 -0.981538 0.065401
vn -0.100974 -0.950884 0.292615
vn -0.100974 -0.950884 0.292615
vn -0.100974 -0.950884 0.292615
vn -0.100974 -0.950884 0.292615
vn 0.124945 -0.987150 0.099621
vn 0.124945 -0.987150 0.099621
vn 0.124945 -0.987150 0.099621
vn 0.124945 -0.987150 0.099621
vn -0.279304 -0.959871 -0.025221
vn -0.279304 -0.959871 -0.025221
vn -0.279304 -0.959871 -0.025221
vn -0.279304 -0.959871 -0.025221
vn -0.267086 -0.957216 0.111371
vn -0.267086 -0.957216 0.111371
vn -0.267086 -0.957216 0.111371
vn -0.267086 -0.957216 0.111371
vn -0.013101 -0.763976 0.645112
vn -0.013101 -0.763976 0.645112
vn -0.013101 -0.763976 0.645112
vn -0.013101 -0.763976 0.645112
vn -0.515189 -0.818176 -0.255282
vn -0.515189 -0.818176 -0.255282
vn -0.515189 -0.818176 -0.255282
vn -0.515189 -0.818176 -0.255282
vn -0.254856 -0.960934 -0.107950
vn -0.254856 -0.960934 -0.107950
vn -0.254856 -0.960934 -0.107950
vn -0.254856 -0.960934 -0.107950
vn -0.506026 -0.831708 -0.228474
vn -0.506026 -0.831708 -0.228474
vn -0.506026 -0.831708 -0.228474
vn -0.506026 -0.831708 -0.228474
vn -0.272233 -0.959270 -0.075433
vn -0.272233 -0.959270 -0.075433
vn -0.272233 -0.959270 -0.075433
vn -0.272233 -0.959270 -0.075433
vn -0.916454 0.104907 -0.386143
vn -0.916454 0.104907 -0.386143
vn -0.916454 0.104907 -0.386143
vn -0.916454 0.104907 -0.386143
vn -0.433730 0.897746 -0.077008
vn -0.433730 0.897746 -0.077008
vn -0.433730 0.897746 -0.077008
vn -0.433730 0.897746 -0.077008
vn -0.047938 0.991818 -0.118319
vn -0.047938 0.991818 -0.118319
vn -0.047938 0.991818 -0.118319
vn -0.047938 0.991818 -0.118319
vn -0.073569 0.948090 0.309375
vn -0.073569 0.948090 0.309375
vn -0.073569 0.948090 0.309375
vn -0.073569 0.948090 0.309375
vn -0.443098 0.892354 0.085839
vn -0.443098 0.892354 0.085839
vn -0.443098 0.892354 0.085839
vn -0.443098 0.892354 0.085839
vn -0.087021 0.983687 0.157437
vn -0.087021 0.983687 0.157437
vn -0.087021 0.983687 0.157437
vn -0.087021 0.983687 0.157437
vn -0.117899 0.979820 0.161406
vn -0.117899 0.979820 0.161406
vn -0.117899 0.979820 0.161406
vn -0.117899 0.979820 0.161406
vn 0.166075 0.936904 0.307621
vn 0.166075 0.936904 0.307621
vn 0.166075 0.936904 0.307621
vn 0.166075 0.936904 0.307621
vn 0.167278 0.970573 0.173222
vn 0.167278 0.970573 0.173222
vn 0.167278 0.970573 0.173222
vn 0.167278 0.970573 0.173222
vn -0.225342 0.972576 -0.057599
vn -0.225342 0.972576 -0.057599
vn -0.225342 0.972576 -0.057599
vn -0.225342 0.972576 -0.057599
vn 0.107441 0.984748 0.136848
vn 0.107441 0.984748 0.136848
vn 0.107441 0.984748 0.136848
vn 0.107441 0.984748 0.136848
vn -0.291813 0.950591 -0.105933
vn -0.291813 0.950591 -0.105933
vn -0.291813 0.950591 -0.105933
vn -0.291813 0.950591 -0.105933
vn -0.005031 0.993733 -0.111669
vn -0.005031 0.993733 -0.111669
vn -0.005031 0.993733 -0.111669
vn -0.005031 0.993733 -0.111669
vn -0.211706 0.965567 0.151196
vn -0.211706 0.965567 0.151196
vn -0.211706 0.965567 0.151196
vn -0.211706 0.965567 0.151196
vn -0.175273 0.981429 -0.077956
vn -0.175273 0.981429 -0.077956
vn -0.175273 0.981429 -0.077956
vn -0.175273 0.981429 -0.077956
vn 0.215383 0.969700 -0.115290
vn 0.215383 0.969700 -0.115290
vn 0.215383 0.969700 -0.115290
vn 0.215383 0.969700 -0.115290
vn -0.648547 -0.604737 -0.462255
vn -0.648547 -0.604737 -0.462255
vn -0.648547 -0.604737 -0.462255
vn -0.648547 -0.604737 -0.462255
vn -0.362582 -0.923332 -0.126460
vn -0.362582 -0.923332 -0.126460
vn -0.362582 -0.923332 -0.126460
vn -0.362582 -0.923332 -0.126460
vn -0.425521 -0.903015 -0.059118
vn -0.425521 -0.903015 -0.059118
vn -0.425521 -0.903015 -0.059118
vn -0.425521 -0.903015 -0.059118
vn -0.308660 -0.898433 0.312324
vn -0.308660 -0.898433 0.312324
vn -0.308660 -0.898433 0.312324
vn -0.308660 -0.898433 0.312324
vn -0.385947 -0.914530 -0.121161
vn -0.385947 -0.914530 -0.121161
vn -0.385947 -0.914530 -0.121161
vn -0.385947 -0.914530 -0.121161
vn -0.300017 -0.953386 -0.032332
vn -0.300017 -0.953386 -0.032332
vn -0.300017 -0.953386 -0.032332
vn -0.300017 -0.953386 -0.032332
vn -0.235501 -0.926965 0.292019
vn -0.235501 -0.926965 0.292019
vn -0.235501 -0.926965 0.292019
vn -0.235501 -0.926965 0.292019
vn -0.348877 -0.937114 0.010125
vn -0.348877 -0.937114 0.010125
vn -0.348877 -0.937114 0.010125
vn -0.348877 -0.937114 0.010125
vn -0.383869 -0.923240 -0.016518
vn -0.383869 -0.923240 -0.016518
vn -0.383869 -0.923240 -0.016518
vn -0.383869 -0.923240 -0.016518
vn -0.300262 -0.953651 0.019792
vn -0.300262 -0.953651 0.019792
vn -0.300262 -0.953651 0.019792
vn -0.300262 -0.953651 0.019792
vn -0.130769 -0.980967 0.143536
vn -0.130769 -0.980967 0.143536
vn -0.130769 -0.980967 0.143536
vn -0.130769 -0.980967 0.143536
vn -0.389271 -0.920907 0.019967
vn -0.389271 -0.920907 0.019967
vn -0.389271 -0.920907 0.019967
vn -0.389271 -0.920907 0.019967
vn -0.047576 -0.968722 -0.243546
vn -0.047576 -0.968722 -0.243546
vn -0.047576 -0.968722 -0.243546
vn -0.047576 -0.968722 -0.243546
vn -0.510338 -0.624054 -0.591703
vn -0.510338 -0.624054 -0.591703
vn -0.510338 -0.624054 -0.591703
vn -0.510338 -0.624054 -0.591703
vn 0.074485 -0.982330 0.171695
vn 0.074485 -0.982330 0.171695
vn 0.074485 -0.982330 0.171695
vn 0.074485 -0.982330 0.171695
vn 0.966282 0.064435 0.249295
vn 0.966282 0.064435 0.249295
vn 0.966282 0.064435 0.249295
vn 0.966282 0.064435 0.249295
vn -0.509068 0.799031 0.319999
vn -0.509068 0.799031 0.319999
vn -0.509068 0.799031 0.319999
vn -0.509068 0.799031 0.319999
vn -0.820319 -0.022340 0.571470
vn -0.820319 -0.022340 0.571470
vn -0.820319 -0.022340 0.571470
vn -0.820319 -0.022340 0.571470
vn -0.078681 -0.978712 0.189560
vn -0.078681 -0.978712 0.189560
vn -0.078681 -0.978712 0.189560
vn -0.078681 -0.978712 0.189560
vn 0.437363 0.849658 0.294610
vn 0.437363 0.849658 0.294610
vn 0.437363 0.849658 0.294610
vn 0.437363 0.849658 0.294610
vn 0.476491 0.872621 -0.107188
vn 0.476491 0.872621 -0.107188
vn 0.476491 0.872621 -0.107188
vn 0.476491 0.872621 -0.107188
vn -0.510826 0.853326 -0.104365
vn -0.510826 0.853326 -0.104365
vn -0.510826 0.853326 -0.104365
vn -0.510826 0.853326 -0.104365
vn -0.570092 0.812707 -0.120428
vn -0.570092 0.812707 -0.120428
vn -0.570092 0.812707 -0.120428
vn -0.596999 0.748753 0.288029
vn -0.596999 0.748753 0.288029
vn -0.596999 0.748753 0.288029
vn -0.596999 0.748753 0.288029
vn -0.562865 0.763393 0.316881
vn -0.562865 0.763393 0.316881
vn -0.562865 0.763393 0.316881
vn -0.562865 0.763393 0.316881
vn -0.488410 0.833303 0.258963
vn -0.488410 0.833303 0.258963
vn -0.488410 0.833303 0.258963
vn -0.488410 0.833303 0.258963
vn 0.037129 0.976024 0.214474
vn 0.037129 0.976024 0.214474
vn 0.037129 0.976024 0.214474
vn 0.037129 0.976024 0.214474
vn -0.988231 -0.006100 0.152849
vn -0.988231 -0.006100 0.152849
vn -0.988231 -0.006100 0.152849
vn -0.988231 -0.006100 0.152849
vn -0.153842 -0.987363 0.038040
vn -0.153842 -0.987363 0.038040
vn -0.153842 -0.987363 0.038040
vn -0.153842 -0.987363 0.038040
vn -0.273187 -0.961765 0.019435
vn -0.273187 -0.961765 0.019435
vn -0.273187 -0.961765 0.019435
vn -0.273187 -0.961765 0.019435
vn -0.321263 -0.943540 0.080763
vn -0.321263 -0.943540 0.080763
vn -0.321263 -0.943540 0.080763
vn -0.321263 -0.943540 0.080763
vn -0.166547 -0.984287 -0.058655
vn -0.166547 -0.984287 -0.058655
vn -0.166547 -0.984287 -0.058655
vn -0.166547 -0.984287 -0.058655
vn -0.998897 0.016491 0.043968
vn -0.998897 0.016491 0.043968
vn -0.998897 0.016491 0.043968
vn -0.998897 0.016491 0.043968
vn -0.022521 0.995239 -0.094831
vn -0.022521 0.995239 -0.094831
vn -0.022521 0.995239 -0.094831
vn -0.022521 0.995239 -0.094831
vn -0.352265 0.918454 0.179866
vn -0.352265 0.918454 0.179866
vn -0.352265 0.918454 0.179866
vn -0.352265 0.918454 0.179866
vn -0.608430 0.737787 0.292375
vn -0.608430 0.737787 0.292375
vn -0.608430 0.737787 0.292375
vn -0.608430 0.737787 0.292375
vn -0.529020 0.805735 0.266325
vn -0.529020 0.805735 0.266325
vn -0.529020 0.805735 0.266325
vn -0.529020 0.805735 0.266325
vn -0.283302 -0.958916 -0.014852
vn -0.283302 -0.958916 -0.014852
vn -0.283302 -0.958916 -0.014852
vn -0.283302 -0.958916 -0.014852
vn -0.310562 -0.948853 0.056820
vn -0.310562 -0.948853 0.056820
vn -0.310562 -0.948853 0.056820
vn -0.310562 -0.948853 0.056820
vn -0.648378 0.730800 0.213395
vn -0.648378 0.730800 0.213395
vn -0.648378 0.730800 0.213395
vn -0.648378 0.730800 0.213395
vn -0.586575 0.799029 0.132224
vn -0.586575 0.799029 0.132224
vn -0.586575 0.799029 0.132224
vn -0.586575 0.799029 0.132224
vn -0.618026 0.779241 0.104054
vn -0.618026 0.779241 0.104054
vn -0.618026 0.779241 0.104054
vn -0.618026 0.779241 0.104054
vn 0.074358 0.991792 0.104018
vn 0.074358 0.991792 0.104018
vn 0.074358 0.991792 0.104018
vn 0.074358 0.991792 0.104018
vn -0.999135 -0.007706 -0.040874
vn -0.999135 -0.007706 -0.040874
vn -0.999135 -0.007706 -0.040874
vn -0.999135 -0.007706 -0.040874
vn -0.092941 -0.981359 -0.168218
vn -0.092941 -0.981359 -0.168218
vn -0.092941 -0.981359 -0.168218
vn -0.092941 -0.981359 -0.168218
vn -0.348747 -0.935985 -0.048038
vn -0.348747 -0.935985 -0.048038
vn -0.348747 -0.935985 -0.048038
vn -0.348747 -0.935985 -0.048038
vn -0.307324 -0.947628 -0.086908
vn -0.307324 -0.947628 -0.086908
vn -0.307324 -0.947628 -0.086908
vn -0.307324 -0.947628 -0.086908
vn -0.289675 -0.948190 -0.130473
vn -0.289675 -0.948190 -0.130473
vn -0.289675 -0.948190 -0.130473
vn -0.289675 -0.948190 -0.130473
vn -0.995962 0.006809 -0.089516
vn -0.995962 0.006809 -0.089516
vn -0.995962 0.006809 -0.089516
vn -0.995962 0.006809 -0.089516
vn -0.213847 0.976809 0.010672
vn -0.213847 0.976809 0.010672
vn -0.213847 0.976809 0.010672
vn -0.213847 0.976809 0.010672
vn -0.509444 0.841911 0.177914
vn -0.509444 0.841911 0.177914
vn -0.509444 0.841911 0.177914
vn -0.509444 0.841911 0.177914
vn -0.576275 0.795546 0.187120
vn -0.576275 0.795546 0.187120
vn -0.576275 0.795546 0.187120
vn -0.576275 0.795546 0.187120
vn -0.560437 0.813698 0.154288
vn -0.560437 0.813698 0.154288
vn -0.560437 0.813698 0.154288
vn -0.560437 0.813698 0.154288
vn -0.442065 -0.886229 -0.138482
vn -0.442065 -0.886229 -0.138482
vn -0.442065 -0.886229 -0.138482
vn -0.442065 -0.886229 -0.138482
vn -0.347695 -0.937536 -0.011598
vn -0.347695 -0.937536 -0.011598
vn -0.347695 -0.937536 -0.011598
vn -0.347695 -0.937536 -0.011598
vn -0.647584 0.761231 0.034102
vn -0.647584 0.761231 0.034102
vn -0.647584 0.761231 0.034102
vn -0.647584 0.761231 0.034102
vn -0.715133 0.698984 -0.002520
vn -0.715133 0.698984 -0.002520
vn -0.715133 0.698984 -0.002520
vn -0.715133 0.698984 -0.002520
vn -0.344985 0.910482 0.228054
vn -0.344985 0.910482 0.228054
vn -0.344985 0.910482 0.228054
vn -0.344985 0.910482 0.228054
vn 0.972361 -0.042862 -0.229513
vn 0.972361 -0.042862 -0.229513
vn 0.972361 -0.042862 -0.229513
vn 0.972361 -0.042862 -0.229513
vn -0.455430 -0.890245 -0.006828
vn -0.455430 -0.890245 -0.006828
vn -0.455430 -0.890245 -0.006828
vn -0.455430 -0.890245 -0.006828
vn -0.371271 -0.928118 -0.027480
vn -0.371271 -0.928118 -0.027480
vn -0.371271 -0.928118 -0.027480
vn -0.371271 -0.928118 -0.027480
vn -0.368641 -0.929224 -0.025412
vn -0.368641 -0.929224 -0.025412
vn -0.368641 -0.929224 -0.025412
vn -0.368641 -0.929224 -0.025412
vn -0.287989 -0.952480 0.099213
vn -0.287989 -0.952480 0.099213
vn -0.287989 -0.952480 0.099213
vn -0.287989 -0.952480 0.099213
vn -0.803320 -0.046330 0.593742
vn -0.803320 -0.046330 0.593742
vn -0.803320 -0.046330 0.593742
vn -0.803320 -0.046330 0.593742
vn -0.153475 0.979528 0.130268
vn -0.153475 0.979528 0.130268
vn -0.153475 0.979528 0.130268
vn -0.153475 0.979528 0.130268
vn -0.754881 0.650937 -0.080229
vn -0.754881 0.650937 -0.080229
vn -0.754881 0.650937 -0.080229
vn -0.754881 0.650937 -0.080229
vn -0.649612 0.759038 -0.043196
vn -0.649612 0.759038 -0.043196
vn -0.649612 0.759038 -0.043196
vn -0.649612 0.759038 -0.043196
vn -0.663370 0.748289 0.001787
vn -0.663370 0.748289 0.001787
vn -0.663370 0.748289 0.001787
vn -0.663370 0.748289 0.001787
vn -0.606870 0.792019 0.066449
vn -0.606870 0.792019 0.066449
vn -0.606870 0.792019 0.066449
vn -0.606870 0.792019 0.066449
vn -0.353323 -0.935487 0.005212
vn -0.353323 -0.935487 0.005212
vn -0.353323 -0.935487 0.005212
vn -0.353323 -0.935487 0.005212
vn -0.398107 -0.917339 -0.000327
vn -0.398107 -0.917339 -0.000327
vn -0.398107 -0.917339 -0.000327
vn -0.398107 -0.917339 -0.000327
vn -0.380691 0.865419 0.325768
vn -0.380691 0.865419 0.325768
vn -0.380691 0.865419 0.325768
vn -0.380691 0.865419 0.325768
vn -0.052728 0.948137 0.313457
vn -0.052728 0.948137 0.313457
vn -0.052728 0.948137 0.313457
vn -0.052728 0.948137 0.313457
vn -0.942927 0.031205 -0.331534
vn -0.942927 0.031205 -0.331534
vn -0.942927 0.031205 -0.331534
vn -0.942927 0.031205 -0.331534
vn -0.225982 -0.967751 -0.111309
vn -0.225982 -0.967751 -0.111309
vn -0.225982 -0.967751 -0.111309
vn -0.225982 -0.967751 -0.111309
vn -0.351768 -0.925602 -0.139715
vn -0.351768 -0.925602 -0.139715
vn -0.351768 -0.925602 -0.139715
vn -0.351768 -0.925602 -0.139715
vn -0.334419 -0.942266 -0.017290
vn -0.334419 -0.942266 -0.017290
vn -0.334419 -0.942266 -0.017290
vn -0.334419 -0.942266 -0.017290
vn 0.019113 -0.995498 0.092832
vn 0.019113 -0.995498 0.092832
vn 0.019113 -0.995498 0.092832
vn 0.019113 -0.995498 0.092832
vn 0.038675 -0.029362 0.998820
vn 0.038675 -0.029362 0.998820
vn 0.038675 -0.029362 0.998820
vn 0.038675 -0.029362 0.998820
vn 0.026965 0.969729 0.242692
vn 0.026965 0.969729 0.242692
vn 0.026965 0.969729 0.242692
vn 0.026965 0.969729 0.242692
vn -0.390799 0.858991 0.330774
vn -0.390799 0.858991 0.330774
vn -0.390799 0.858991 0.330774
vn -0.390799 0.858991 0.330774
vn -0.523834 0.774285 0.355078
vn -0.523834 0.774285 0.355078
vn -0.523834 0.774285 0.355078
vn -0.523834 0.774285 0.355078
vn -0.354691 -0.934622 -0.026001
vn -0.354691 -0.934622 -0.026001
vn -0.354691 -0.934622 -0.026001
vn -0.354691 -0.934622 -0.026001
vn -0.414073 -0.904056 -0.105958
vn -0.414073 -0.904056 -0.105958
vn -0.414073 -0.904056 -0.105958
vn -0.414073 -0.904056 -0.105958
vn -0.558571 0.767712 0.314033
vn -0.558571 0.767712 0.314033
vn -0.558571 0.767712 0.314033
vn -0.558571 0.767712 0.314033
vn -0.381404 0.922829 0.054011
vn -0.381404 0.922829 0.054011
vn -0.381404 0.922829 0.054011
vn -0.381404 0.922829 0.054011
vn -0.305145 0.951277 -0.044259
vn -0.305145 0.951277 -0.044259
vn -0.305145 0.951277 -0.044259
vn -0.305145 0.951277 -0.044259
vn -0.805771 -0.000154 -0.592227
vn -0.805771 -0.000154 -0.592227
vn -0.805771 -0.000154 -0.592227
vn -0.805771 -0.000154 -0.592227
vn -0.166511 -0.969311 0.180858
vn -0.166511 -0.969311 0.180858
vn -0.166511 -0.969311 0.180858
vn -0.166511 -0.969311 0.180858
vn -0.160632 -0.966963 0.197939
vn -0.160632 -0.966963 0.197939
vn -0.160632 -0.966963 0.197939
vn -0.160632 -0.966963 0.197939
vn 0.010657 -0.913472 0.406761
vn 0.010657 -0.913472 0.406761
vn 0.010657 -0.913472 0.406761
vn 0.010657 -0.913472 0.406761
vn 0.428205 0.000218 0.903682
vn 0.428205 0.000218 0.903682
vn 0.428205 0.000218 0.903682
vn 0.428205 0.000218 0.903682
vn 0.067756 0.970776 0.230225
vn 0.067756 0.970776 0.230225
vn 0.067756 0.970776 0.230225
vn 0.067756 0.970776 0.230225
vn -0.324763 0.928747 0.178770
vn -0.324763 0.928747 0.178770
vn -0.324763 0.928747 0.178770
vn -0.324763 0.928747 0.178770
vn -0.403144 0.903321 0.146579
vn -0.403144 0.903321 0.146579
vn -0.403144 0.903321 0.146579
vn -0.403144 0.903321 0.146579
vn -0.545146 0.786645 0.289838
vn -0.545146 0.786645 0.289838
vn -0.545146 0.786645 0.289838
vn -0.545146 0.786645 0.289838
vn -0.583509 0.734137 0.347217
vn -0.583509 0.734137 0.347217
vn -0.583509 0.734137 0.347217
vn -0.583509 0.734137 0.347217
vn -0.603889 0.717294 0.347573
vn -0.603889 0.717294 0.347573
vn -0.603889 0.717294 0.347573
vn -0.603889 0.717294 0.347573
vn -0.388046 0.904204 0.178426
vn -0.388046 0.904204 0.178426
vn -0.388046 0.904204 0.178426
vn -0.388046 0.904204 0.178426
vn -0.408822 0.851797 0.327576
vn -0.408822 0.851797 0.327576
vn -0.408822 0.851797 0.327576
vn -0.408822 0.851797 0.327576
vn -0.286766 0.935880 0.204679
vn -0.286766 0.935880 0.204679
vn -0.286766 0.935880 0.204679
vn -0.286766 0.935880 0.204679
vn -0.352831 0.890951 0.285860
vn -0.352831 0.890951 0.285860
vn -0.352831 0.890951 0.285860
vn -0.352831 0.890951 0.285860
vn -0.214034 -0.480353 -0.850559
vn -0.214034 -0.480353 -0.850559
vn -0.214034 -0.480353 -0.850559
vn -0.214034 -0.480353 -0.850559
vn -0.309381 -0.912830 0.266505
vn -0.309381 -0.912830 0.266505
vn -0.309381 -0.912830 0.266505
vn -0.309381 -0.912830 0.266505
vn -0.165503 -0.906729 0.387881
vn -0.165503 -0.906729 0.387881
vn -0.165503 -0.906729 0.387881
vn -0.165503 -0.906729 0.387881
vn -0.184205 -0.936294 0.299035
vn -0.184205 -0.936294 0.299035
vn -0.184205 -0.936294 0.299035
vn -0.184205 -0.936294 0.299035
vn 0.051867 -0.831068 0.553747
vn 0.051867 -0.831068 0.553747
vn 0.051867 -0.831068 0.553747
vn 0.051867 -0.831068 0.553747
vn 0.313588 0.095255 0.944769
vn 0.313588 0.095255 0.944769
vn 0.313588 0.095255 0.944769
vn 0.313588 0.095255 0.944769
vn -0.122376 0.947728 0.294678
vn -0.122376 0.947728 0.294678
vn -0.122376 0.947728 0.294678
vn -0.122376 0.947728 0.294678
vn -0.251111 0.944979 0.209662
vn -0.251111 0.944979 0.209662
vn -0.251111 0.944979 0.209662
vn -0.251111 0.944979 0.209662
vn -0.389614 0.885018 0.254843
vn -0.389614 0.885018 0.254843
vn -0.389614 0.885018 0.254843
vn -0.389614 0.885018 0.254843
vn -0.436219 0.790688 0.429564
vn -0.436219 0.790688 0.429564
vn -0.436219 0.790688 0.429564
vn -0.436219 0.790688 0.429564
vn -0.512489 0.806026 0.296103
vn -0.512489 0.806026 0.296103
vn -0.512489 0.806026 0.296103
vn -0.512489 0.806026 0.296103
vn -0.634822 0.691728 0.344258
vn -0.634822 0.691728 0.344258
vn -0.634822 0.691728 0.344258
vn -0.634822 0.691728 0.344258
vn -0.536164 0.766373 0.353838
vn -0.536164 0.766373 0.353838
vn -0.536164 0.766373 0.353838
vn -0.536164 0.766373 0.353838
vn -0.563555 0.748768 0.348930
vn -0.563555 0.748768 0.348930
vn -0.563555 0.748768 0.348930
vn -0.563555 0.748768 0.348930
vn -0.285567 0.858586 0.425771
vn -0.285567 0.858586 0.425771
vn -0.285567 0.858586 0.425771
vn -0.285567 0.858586 0.425771
vn -0.453464 0.817238 0.355657
vn -0.453464 0.817238 0.355657
vn -0.453464 0.817238 0.355657
vn -0.453464 0.817238 0.355657
vn -0.539804 0.775026 0.328552
vn -0.539804 0.775026 0.328552
vn -0.539804 0.775026 0.328552
vn -0.539804 0.775026 0.328552
vn -0.609571 0.722871 0.325392
vn -0.609571 0.722871 0.325392
vn -0.609571 0.722871 0.325392
vn -0.609571 0.722871 0.325392
vn -0.644826 0.693289 0.321792
vn -0.644826 0.693289 0.321792
vn -0.644826 0.693289 0.321792
vn -0.644826 0.693289 0.321792
vn -0.266675 0.836730 0.478297
vn -0.266675 0.836730 0.478297
vn -0.266675 0.836730 0.478297
vn -0.266675 0.836730 0.478297
vn -0.446339 0.780627 0.437496
vn -0.446339 0.780627 0.437496
vn -0.446339 0.780627 0.437496
vn -0.446339 0.780627 0.437496
vn -0.542009 0.736432 0.404839
vn -0.542009 0.736432 0.404839
vn -0.542009 0.736432 0.404839
vn -0.542009 0.736432 0.404839
vn -0.591650 0.701241 0.397757
vn -0.591650 0.701241 0.397757
vn -0.591650 0.701241 0.397757
vn -0.591650 0.701241 0.397757
vn -0.623500 0.681502 0.383149
vn -0.623500 0.681502 0.383149
vn -0.623500 0.681502 0.383149
vn -0.623500 0.681502 0.383149
vn -0.312296 0.902374 0.296971
vn -0.312296 0.902374 0.296971
vn -0.312296 0.902374 0.296971
vn -0.312296 0.902374 0.296971
vn 0.042057 0.997821 -0.050846
vn 0.042057 0.997821 -0.050846
vn 0.042057 0.997821 -0.050846
vn 0.042057 0.997821 -0.050846
vn -0.988664 -0.021659 0.148574
vn -0.988664 -0.021659 0.148574
vn -0.988664 -0.021659 0.148574
vn -0.988664 -0.021659 0.148574
vn -0.241764 -0.967758 -0.070675
vn -0.241764 -0.967758 -0.070675
vn -0.241764 -0.967758 -0.070675
vn -0.241764 -0.967758 -0.070675
vn -0.574012 0.722819 0.384763
vn -0.574012 0.722819 0.384763
vn -0.574012 0.722819 0.384763
vn -0.574012 0.722819 0.384763
vn -0.374282 0.870371 0.319947
vn -0.374282 0.870371 0.319947
vn -0.374282 0.870371 0.319947
vn -0.374282 0.870371 0.319947
vn -0.385732 0.908029 0.163384
vn -0.385732 0.908029 0.163384
vn -0.385732 0.908029 0.163384
vn -0.385732 0.908029 0.163384
vn -0.991122 0.122846 0.050861
vn -0.991122 0.122846 0.050861
vn -0.991122 0.122846 0.050861
vn -0.991122 0.122846 0.050861
vn -0.031439 -0.987807 -0.152479
vn -0.031439 -0.987807 -0.152479
vn -0.031439 -0.987807 -0.152479
vn -0.031439 -0.987807 -0.152479
vn 0.945350 -0.063523 0.319809
vn 0.945350 -0.063523 0.319809
vn 0.945350 -0.063523 0.319809
vn 0.945350 -0.063523 0.319809
vn -0.351503 0.928689 -0.118244
vn -0.351503 0.928689 -0.118244
vn -0.351503 0.928689 -0.118244
vn -0.351503 0.928689 -0.118244
vn -0.409280 0.884426 0.224233
vn -0.409280 0.884426 0.224233
vn -0.409280 0.884426 0.224233
vn -0.409280 0.884426 0.224233
vn -0.404877 0.860777 0.308443
vn -0.404877 0.860777 0.308443
vn -0.404877 0.860777 0.308443
vn -0.404877 0.860777 0.308443
vn -0.351477 0.851493 0.389133
vn -0.351477 0.851493 0.389133
vn -0.351477 0.851493 0.389133
vn -0.351477 0.851493 0.389133
vn -0.470304 0.726559 0.500925
vn -0.470304 0.726559 0.500925
vn -0.470304 0.726559 0.500925
vn -0.470304 0.726559 0.500925
vn -0.239303 -0.967313 0.083904
vn -0.239303 -0.967313 0.083904
vn -0.239303 -0.967313 0.083904
vn -0.239303 -0.967313 0.083904
vn 0.124161 -0.888545 0.441669
vn 0.124161 -0.888545 0.441669
vn 0.124161 -0.888545 0.441669
vn 0.124161 -0.888545 0.441669
vn 0.045053 -0.814803 0.577984
vn 0.045053 -0.814803 0.577984
vn 0.045053 -0.814803 0.577984
vn 0.045053 -0.814803 0.577984
vn -0.326467 0.922814 -0.204534
vn -0.326467 0.922814 -0.204534
vn -0.326467 0.922814 -0.204534
vn -0.326467 0.922814 -0.204534
vn -0.621740 -0.000047 0.783224
vn -0.621740 -0.000047 0.783224
vn -0.621740 -0.000047 0.783224
vn -0.621740 -0.000047 0.783224
vn 0.042525 -0.944701 0.325164
vn 0.042525 -0.944701 0.325164
vn 0.042525 -0.944701 0.325164
vn 0.042525 -0.944701 0.325164
vn -0.203915 0.975809 0.078840
vn -0.203915 0.975809 0.078840
vn -0.203915 0.975809 0.078840
vn -0.203915 0.975809 0.078840
vn -0.428159 0.902964 0.036555
vn -0.428159 0.902964 0.036555
vn -0.428159 0.902964 0.036555
vn -0.428159 0.902964 0.036555
vn -0.996668 0.026210 -0.077244
vn -0.996668 0.026210 -0.077244
vn -0.996668 0.026210 -0.077244
vn -0.996668 0.026210 -0.077244
vn -0.024774 -0.999642 0.010142
vn -0.024774 -0.999642 0.010142
vn -0.024774 -0.999642 0.010142
vn -0.024774 -0.999642 0.010142
vn -0.243912 0.965467 0.091547
vn -0.243912 0.965467 0.091547
vn -0.243912 0.965467 0.091547
vn -0.243912 0.965467 0.091547
vn -0.013486 0.999608 0.024529
vn -0.013486 0.999608 0.024529
vn -0.013486 0.999608 0.024529
vn -0.013486 0.999608 0.024529
vn -0.226468 -0.007862 0.973987
vn -0.226468 -0.007862 0.973987
vn -0.226468 -0.007862 0.973987
vn -0.226468 -0.007862 0.973987
vn -0.164700 -0.979114 0.119205
vn -0.164700 -0.979114 0.119205
vn -0.164700 -0.979114 0.119205
vn -0.164700 -0.979114 0.119205
vn 0.017634 -0.997655 -0.066136
vn 0.017634 -0.997655 -0.066136
vn 0.017634 -0.997655 -0.066136
vn 0.017634 -0.997655 -0.066136
vn 0.756756 -0.039012 0.652532
vn 0.756756 -0.039012 0.652532
vn 0.756756 -0.039012 0.652532
vn 0.756756 -0.039012 0.652532
vn -0.218834 0.944731 0.244123
vn -0.218834 0.944731 0.244123
vn -0.218834 0.944731 0.244123
vn -0.218834 0.944731 0.244123
vn -0.229302 0.969301 0.088745
vn -0.229302 0.969301 0.088745
vn -0.229302 0.969301 0.088745
vn -0.229302 0.969301 0.088745
vn -0.275020 0.880444 0.386242
vn -0.275020 0.880444 0.386242
vn -0.275020 0.880444 0.386242
vn -0.275020 0.880444 0.386242
vn -0.446035 0.839516 0.310267
vn -0.446035 0.839516 0.310267
vn -0.446035 0.839516 0.310267
vn -0.446035 0.839516 0.310267
vn -0.406595 0.697889 0.589603
vn -0.406595 0.697889 0.589603
vn -0.406595 0.697889 0.589603
vn -0.406595 0.697889 0.589603
vn -0.275299 0.841160 0.465468
vn -0.275299 0.841160 0.465468
vn -0.275299 0.841160 0.465468
vn -0.275299 0.841160 0.465468
vn -0.185132 0.801835 0.568144
vn -0.185132 0.801835 0.568144
vn -0.185132 0.801835 0.568144
vn -0.185132 0.801835 0.568144
vn -0.269197 0.757614 0.594603
vn -0.269197 0.757614 0.594603
vn -0.269197 0.757614 0.594603
vn -0.269197 0.757614 0.594603
vn -0.220546 0.700203 0.679025
vn -0.220546 0.700203 0.679025
vn -0.220546 0.700203 0.679025
vn -0.220546 0.700203 0.679025
vn 0.289353 -0.776430 -0.559849
vn 0.289353 -0.776430 -0.559849
vn 0.289353 -0.776430 -0.559849
vn 0.289353 -0.776430 -0.559849
vn -0.405961 0.908988 -0.094528
vn -0.405961 0.908988 -0.094528
vn -0.405961 0.908988 -0.094528
vn -0.405961 0.908988 -0.094528
vn -0.762746 0.443283 -0.470870
vn -0.762746 0.443283 -0.470870
vn -0.762746 0.443283 -0.470870
vn -0.762746 0.443283 -0.470870
vn -0.628176 0.748662 -0.211898
vn -0.628176 0.748662 -0.211898
vn -0.628176 0.748662 -0.211898
vn -0.628176 0.748662 -0.211898
vn -0.564161 0.825350 -0.022808
vn -0.564161 0.825350 -0.022808
vn -0.564161 0.825350 -0.022808
vn -0.564161 0.825350 -0.022808
vn -0.355797 0.731296 -0.581906
vn -0.355797 0.731296 -0.581906
vn -0.355797 0.731296 -0.581906
vn -0.355797 0.731296 -0.581906
vn -0.480125 0.547560 -0.685316
vn -0.480125 0.547560 -0.685316
vn -0.480125 0.547560 -0.685316
vn -0.480125 0.547560 -0.685316
vn -0.333618 0.713594 -0.616022
vn -0.333618 0.713594 -0.616022
vn -0.333618 0.713594 -0.616022
vn -0.333618 0.713594 -0.616022
vn -0.533350 0.686016 -0.494894
vn -0.533350 0.686016 -0.494894
vn -0.533350 0.686016 -0.494894
vn -0.533350 0.686016 -0.494894
vn -0.415817 0.870308 -0.263932
vn -0.415817 0.870308 -0.263932
vn -0.415817 0.870308 -0.263932
vn -0.415817 0.870308 -0.263932
vn -0.428487 0.748951 -0.505442
vn -0.428487 0.748951 -0.505442
vn -0.428487 0.748951 -0.505442
vn -0.428487 0.748951 -0.505442
vn -0.241741 -0.969082 0.049406
vn -0.241741 -0.969082 0.049406
vn -0.241741 -0.969082 0.049406
vn -0.241741 -0.969082 0.049406
vn -0.600565 -0.568214 -0.562543
vn -0.600565 -0.568214 -0.562543
vn -0.600565 -0.568214 -0.562543
vn -0.600565 -0.568214 -0.562543
vn -0.010403 -0.914394 0.404692
vn -0.010403 -0.914394 0.404692
vn -0.010403 -0.914394 0.404692
vn -0.010403 -0.914394 0.404692
vn 0.018580 -0.928556 0.370727
vn 0.018580 -0.928556 0.370727
vn 0.018580 -0.928556 0.370727
vn 0.018580 -0.928556 0.370727
vn -0.189495 -0.589833 0.784977
vn -0.189495 -0.589833 0.784977
vn -0.189495 -0.589833 0.784977
vn -0.189495 -0.589833 0.784977
vn 0.005726 -0.936112 0.351657
vn 0.005726 -0.936112 0.351657
vn 0.005726 -0.936112 0.351657
vn 0.005726 -0.936112 0.351657
vn -0.103578 -0.882316 0.459119
vn -0.103578 -0.882316 0.459119
vn -0.103578 -0.882316 0.459119
vn -0.103578 -0.882316 0.459119
vn -0.449965 -0.738199 0.502587
vn -0.449965 -0.738199 0.502587
vn -0.449965 -0.738199 0.502587
vn -0.449965 -0.738199 0.502587
vn -0.516008 -0.800422 0.305058
vn -0.516008 -0.800422 0.305058
vn -0.516008 -0.800422 0.305058
vn -0.516008 -0.800422 0.305058
vn -0.427648 -0.876750 -0.220061
vn -0.427648 -0.876750 -0.220061
vn -0.427648 -0.876750 -0.220061
vn -0.427648 -0.876750 -0.220061
vn -0.600136 -0.746731 -0.286758
vn -0.600136 -0.746731 -0.286758
vn -0.600136 -0.746731 -0.286758
vn -0.600136 -0.746731 -0.286758
vn -0.138325 -0.942676 -0.303690
vn -0.138325 -0.942676 -0.303690
vn -0.138325 -0.942676 -0.303690
vn -0.138325 -0.942676 -0.303690
vn -0.125922 -0.966294 -0.224542
vn -0.125922 -0.966294 -0.224542
vn -0.125922 -0.966294 -0.224542
vn -0.125922 -0.966294 -0.224542
vn 0.062691 -0.977968 -0.199117
vn 0.062691 -0.977968 -0.199117
vn 0.062691 -0.977968 -0.199117
vn 0.062691 -0.977968 -0.199117
vn -0.308577 -0.778366 -0.546742
vn -0.308577 -0.778366 -0.546742
vn -0.308577 -0.778366 -0.546742
vn -0.308577 -0.778366 -0.546742
vn -0.246841 -0.765561 -0.594126
vn -0.246841 -0.765561 -0.594126
vn -0.246841 -0.765561 -0.594126
vn -0.246841 -0.765561 -0.594126
vn -0.220408 -0.631903 -0.743047
vn -0.220408 -0.631903 -0.743047
vn -0.220408 -0.631903 -0.743047
vn -0.220408 -0.631903 -0.743047
vn -0.278554 -0.415628 -0.865830
vn -0.278554 -0.415628 -0.865830
vn -0.278554 -0.415628 -0.865830
vn -0.278554 -0.415628 -0.865830
vn -0.260115 -0.760853 -0.594511
vn -0.260115 -0.760853 -0.594511
vn -0.260115 -0.760853 -0.594511
vn -0.260115 -0.760853 -0.594511
vn -0.347726 -0.646918 -0.678663
vn -0.347726 -0.646918 -0.678663
vn -0.347726 -0.646918 -0.678663
vn -0.347726 -0.646918 -0.678663
vn 0.785479 -0.469326 0.403431
vn 0.785479 -0.469326 0.403431
vn 0.785479 -0.469326 0.403431
vn 0.785479 -0.469326 0.403431
vn 0.737720 0.528706 0.419809
vn 0.737720 0.528706 0.419809
vn 0.737720 0.528706 0.419809
vn 0.737720 0.528706 0.419809
vn 0.078966 -0.978688 0.189566
vn 0.078966 -0.978688 0.189566
vn 0.078966 -0.978688 0.189566
vn 0.078966 -0.978688 0.189566
vn -0.437341 0.849661 0.294634
vn -0.437341 0.849661 0.294634
vn -0.437341 0.849661 0.294634
vn -0.437341 0.849661 0.294634
vn -0.374867 0.758495 0.533067
vn -0.374867 0.758495 0.533067
vn -0.374867 0.758495 0.533067
vn -0.374867 0.758495 0.533067
vn -0.893460 0.100076 0.437851
vn -0.893460 0.100076 0.437851
vn -0.893460 0.100076 0.437851
vn -0.893460 0.100076 0.437851
vn -0.878397 -0.173773 0.445220
vn -0.878397 -0.173773 0.445220
vn -0.878397 -0.173773 0.445220
vn -0.878397 -0.173773 0.445220
vn -0.228278 -0.785434 0.575311
vn -0.228278 -0.785434 0.575311
vn -0.228278 -0.785434 0.575311
vn -0.228278 -0.785434 0.575311
vn 0.465137 0.796174 0.386981
vn 0.465137 0.796174 0.386981
vn 0.465137 0.796174 0.386981
vn 0.465137 0.796174 0.386981
vn 0.858735 0.324708 0.396408
vn 0.858735 0.324708 0.396408
vn 0.858735 0.324708 0.396408
vn 0.858735 0.324708 0.396408
vn 0.875317 -0.293375 0.384383
vn 0.875317 -0.293375 0.384383
vn 0.875317 -0.293375 0.384383
vn 0.875317 -0.293375 0.384383
vn 0.122989 -0.926744 0.354993
vn 0.122989 -0.926744 0.354993
vn 0.122989 -0.926744 0.354993
vn 0.122989 -0.926744 0.354993
vn -0.016641 -0.575295 -0.817777
vn -0.016641 -0.575295 -0.817777
vn -0.016641 -0.575295 -0.817777
vn -0.016641 -0.575295 -0.817777
vn -0.356702 -0.682005 -0.638461
vn -0.356702 -0.682005 -0.638461
vn -0.356702 -0.682005 -0.638461
vn -0.356702 -0.682005 -0.638461
vn -0.226133 -0.449038 -0.864424
vn -0.226133 -0.449038 -0.864424
vn -0.226133 -0.449038 -0.864424
vn -0.226133 -0.449038 -0.864424
vn -0.241230 -0.459617 -0.854728
vn -0.241230 -0.459617 -0.854728
vn -0.241230 -0.459617 -0.854728
vn -0.241230 -0.459617 -0.854728
vn -0.346729 -0.831408 -0.434213
vn -0.346729 -0.831408 -0.434213
vn -0.346729 -0.831408 -0.434213
vn -0.346729 -0.831408 -0.434213
vn -0.182996 -0.924092 -0.335509
vn -0.182996 -0.924092 -0.335509
vn -0.182996 -0.924092 -0.335509
vn -0.182996 -0.924092 -0.335509
vn -0.069598 -0.958854 -0.275236
vn -0.069598 -0.958854 -0.275236
vn -0.069598 -0.958854 -0.275236
vn -0.069598 -0.958854 -0.275236
vn -0.005084 -0.971540 -0.236822
vn -0.005084 -0.971540 -0.236822
vn -0.005084 -0.971540 -0.236822
vn -0.005084 -0.971540 -0.236822
vn -0.346838 -0.937469 -0.029258
vn -0.346838 -0.937469 -0.029258
vn -0.346838 -0.937469 -0.029258
vn -0.346838 -0.937469 -0.029258
vn -0.445939 -0.889566 -0.099050
vn -0.445939 -0.889566 -0.099050
vn -0.445939 -0.889566 -0.099050
vn -0.445939 -0.889566 -0.099050
vn 0.467286 -0.401509 0.787677
vn 0.467286 -0.401509 0.787677
vn 0.467286 -0.401509 0.787677
vn 0.467286 -0.401509 0.787677
vn -0.335937 -0.941818 0.011188
vn -0.335937 -0.941818 0.011188
vn -0.335937 -0.941818 0.011188
vn -0.335937 -0.941818 0.011188
vn -0.600908 -0.466606 0.648991
vn -0.600908 -0.466606 0.648991
vn -0.600908 -0.466606 0.648991
vn -0.600908 -0.466606 0.648991
vn 0.301952 0.506627 0.807561
vn 0.301952 0.506627 0.807561
vn 0.301952 0.506627 0.807561
vn 0.301952 0.506627 0.807561
vn 0.321923 0.842444 0.432035
vn 0.321923 0.842444 0.432035
vn 0.321923 0.842444 0.432035
vn 0.321923 0.842444 0.432035
vn -0.247324 -0.182176 0.951653
vn -0.247324 -0.182176 0.951653
vn -0.247324 -0.182176 0.951653
vn -0.247324 -0.182176 0.951653
vn -0.216310 -0.792053 0.570844
vn -0.216310 -0.792053 0.570844
vn -0.216310 -0.792053 0.570844
vn -0.216310 -0.792053 0.570844
vn -0.453663 -0.889209 0.059129
vn -0.453663 -0.889209 0.059129
vn -0.453663 -0.889209 0.059129
vn -0.453663 -0.889209 0.059129
vn -0.929836 -0.142584 -0.339226
vn -0.929836 -0.142584 -0.339226
vn -0.929836 -0.142584 -0.339226
vn -0.929836 -0.142584 -0.339226
vn -0.907624 0.387728 -0.160892
vn -0.907624 0.387728 -0.160892
vn -0.907624 0.387728 -0.160892
vn -0.907624 0.387728 -0.160892
vn -0.699260 0.713488 0.044377
vn -0.699260 0.713488 0.044377
vn -0.699260 0.713488 0.044377
vn -0.699260 0.713488 0.044377
vn -0.572995 0.817977 0.050905
vn -0.572995 0.817977 0.050905
vn -0.572995 0.817977 0.050905
vn -0.572995 0.817977 0.050905
vn -0.381547 0.920863 0.080205
vn -0.381547 0.920863 0.080205
vn -0.381547 0.920863 0.080205
vn -0.381547 0.920863 0.080205
vn -0.677248 0.514482 0.525969
vn -0.677248 0.514482 0.525969
vn -0.677248 0.514482 0.525969
vn -0.677248 0.514482 0.525969
vn -0.244291 -0.729929 0.638378
vn -0.244291 -0.729929 0.638378
vn -0.244291 -0.729929 0.638378
vn -0.244291 -0.729929 0.638378
vn -0.117176 -0.841506 0.527388
vn -0.117176 -0.841506 0.527388
vn -0.117176 -0.841506 0.527388
vn -0.117176 -0.841506 0.527388
vn 0.136536 -0.905366 0.402083
vn 0.136536 -0.905366 0.402083
vn 0.136536 -0.905366 0.402083
vn 0.136536 -0.905366 0.402083
vn -0.179820 0.589935 0.787173
vn -0.179820 0.589935 0.787173
vn -0.179820 0.589935 0.787173
vn -0.179820 0.589935 0.787173
vn 0.609073 -0.647286 0.458313
vn 0.609073 -0.647286 0.458313
vn 0.609073 -0.647286 0.458313
vn 0.609073 -0.647286 0.458313
vn 0.743530 -0.605810 -0.283122
vn 0.743530 -0.605810 -0.283122
vn 0.743530 -0.605810 -0.283122
vn 0.743530 -0.605810 -0.283122
vn -0.864311 0.440692 0.242398
vn -0.864311 0.440692 0.242398
vn -0.864311 0.440692 0.242398
vn -0.864311 0.440692 0.242398
vn 0.284437 0.222240 0.932580
vn 0.284437 0.222240 0.932580
vn 0.284437 0.222240 0.932580
vn 0.284437 0.222240 0.932580
vn 0.256060 -0.294741 0.920631
vn 0.256060 -0.294741 0.920631
vn 0.256060 -0.294741 0.920631
vn 0.256060 -0.294741 0.920631
vn -0.155048 -0.986918 -0.044186
vn -0.155048 -0.986918 -0.044186
vn -0.155048 -0.986918 -0.044186
vn -0.155048 -0.986918 -0.044186
vn -0.800120 0.495912 0.337460
vn -0.800120 0.495912 0.337460
vn -0.800120 0.495912 0.337460
vn -0.800120 0.495912 0.337460
vn -0.658902 0.722784 0.208401
vn -0.658902 0.722784 0.208401
vn -0.658902 0.722784 0.208401
vn -0.658902 0.722784 0.208401
vn -0.909865 0.399994 0.110230
vn -0.909865 0.399994 0.110230
vn -0.909865 0.399994 0.110230
vn -0.909865 0.399994 0.110230
vn 0.041784 0.493244 -0.868887
vn 0.041784 0.493244 -0.868887
vn 0.041784 0.493244 -0.868887
vn 0.041784 0.493244 -0.868887
vn -0.105690 0.273003 -0.956190
vn -0.105690 0.273003 -0.956190
vn -0.105690 0.273003 -0.956190
vn -0.105690 0.273003 -0.956190
vn -0.305313 0.029216 -0.951804
vn -0.305313 0.029216 -0.951804
vn -0.305313 0.029216 -0.951804
vn -0.305313 0.029216 -0.951804
vn -0.567263 0.154108 -0.808990
vn -0.567263 0.154108 -0.808990
vn -0.567263 0.154108 -0.808990
vn -0.567263 0.154108 -0.808990
vn -0.530031 0.379930 -0.758103
vn -0.530031 0.379930 -0.758103
vn -0.530031 0.379930 -0.758103
vn -0.530031 0.379930 -0.758103
vn -0.451830 0.418449 -0.787877
vn -0.451830 0.418449 -0.787877
vn -0.451830 0.418449 -0.787877
vn -0.451830 0.418449 -0.787877
vn -0.066065 0.571281 -0.818092
vn -0.066065 0.571281 -0.818092
vn -0.066065 0.571281 -0.818092
vn -0.066065 0.571281 -0.818092
vn -0.522479 0.045418 -0.851442
vn -0.522479 0.045418 -0.851442
vn -0.522479 0.045418 -0.851442
vn -0.522479 0.045418 -0.851442
vn -0.428669 0.276751 -0.860030
vn -0.428669 0.276751 -0.860030
vn -0.428669 0.276751 -0.860030
vn -0.428669 0.276751 -0.860030
vn -0.458640 0.245284 -0.854099
vn -0.458640 0.245284 -0.854099
vn -0.458640 0.245284 -0.854099
vn -0.458640 0.245284 -0.854099
vn -0.467205 0.328649 -0.820798
vn -0.467205 0.328649 -0.820798
vn -0.467205 0.328649 -0.820798
vn -0.467205 0.328649 -0.820798
vn -0.080158 0.492758 -0.866467
vn -0.080158 0.492758 -0.866467
vn -0.080158 0.492758 -0.866467
vn -0.080158 0.492758 -0.866467
vn -0.280220 0.377191 -0.882725
vn -0.280220 0.377191 -0.882725
vn -0.280220 0.377191 -0.882725
vn -0.280220 0.377191 -0.882725
vn -0.201069 0.430554 -0.879883
vn -0.201069 0.430554 -0.879883
vn -0.201069 0.430554 -0.879883
vn -0.201069 0.430554 -0.879883
vn -0.247743 0.323992 -0.913046
vn -0.247743 0.323992 -0.913046
vn -0.247743 0.323992 -0.913046
vn -0.247743 0.323992 -0.913046
vn -0.148145 0.340420 -0.928530
vn -0.148145 0.340420 -0.928530
vn -0.148145 0.340420 -0.928530
vn -0.148145 0.340420 -0.928530
vn -0.389330 0.228752 -0.892241
vn -0.389330 0.228752 -0.892241
vn -0.389330 0.228752 -0.892241
vn -0.389330 0.228752 -0.892241
vn -0.983648 0.126113 -0.128575
vn -0.983648 0.126113 -0.128575
vn -0.983648 0.126113 -0.128575
vn -0.983648 0.126113 -0.128575
vn -0.960265 -0.264166 -0.090039
vn -0.960265 -0.264166 -0.090039
vn -0.960265 -0.264166 -0.090039
vn -0.960265 -0.264166 -0.090039
vn -0.393264 -0.910557 -0.127392
vn -0.393264 -0.910557 -0.127392
vn -0.393264 -0.910557 -0.127392
vn -0.393264 -0.910557 -0.127392
vn 0.440287 -0.889105 -0.125061
vn 0.440287 -0.889105 -0.125061
vn 0.440287 -0.889105 -0.125061
vn 0.440287 -0.889105 -0.125061
vn 0.965796 -0.237235 -0.104683
vn 0.965796 -0.237235 -0.104683
vn 0.965796 -0.237235 -0.104683
vn 0.965796 -0.237235 -0.104683
vn 0.991602 0.082725 -0.099412
vn 0.991602 0.082725 -0.099412
vn 0.991602 0.082725 -0.099412
vn 0.991602 0.082725 -0.099412
vn 0.927966 0.348978 -0.130744
vn 0.927966 0.348978 -0.130744
vn 0.927966 0.348978 -0.130744
vn 0.927966 0.348978 -0.130744
vn -0.082828 -0.995982 0.034060
vn -0.082828 -0.995982 0.034060
vn -0.082828 -0.995982 0.034060
vn -0.082828 -0.995982 0.034060
vn -0.279053 -0.730635 0.623139
vn -0.279053 -0.730635 0.623139
vn -0.279053 -0.730635 0.623139
vn -0.279053 -0.730635 0.623139
vn -0.465086 0.796200 0.386990
vn -0.465086 0.796200 0.386990
vn -0.465086 0.796200 0.386990
vn -0.465086 0.796200 0.386990
vn -0.858750 0.324721 0.396363
vn -0.858750 0.324721 0.396363
vn -0.858750 0.324721 0.396363
vn -0.858750 0.324721 0.396363
vn -0.875484 -0.291925 0.385106
vn -0.875484 -0.291925 0.385106
vn -0.875484 -0.291925 0.385106
vn -0.875484 -0.291925 0.385106
vn -0.123346 -0.926528 0.355432
vn -0.123346 -0.926528 0.355432
vn -0.123346 -0.926528 0.355432
vn -0.123346 -0.926528 0.355432
vn -0.448863 0.303295 -0.840556
vn -0.448863 0.303295 -0.840556
vn -0.448863 0.303295 -0.840556
vn -0.448863 0.303295 -0.840556
vn -0.560842 0.199419 -0.803547
vn -0.560842 0.199419 -0.803547
vn -0.560842 0.199419 -0.803547
vn -0.560842 0.199419 -0.803547
vn -0.678150 0.016387 -0.734741
vn -0.678150 0.016387 -0.734741
vn -0.678150 0.016387 -0.734741
vn -0.678150 0.016387 -0.734741
vn -0.911635 -0.028022 -0.410044
vn -0.911635 -0.028022 -0.410044
vn -0.911635 -0.028022 -0.410044
vn -0.911635 -0.028022 -0.410044
vn -0.776977 -0.083681 -0.623943
vn -0.776977 -0.083681 -0.623943
vn -0.776977 -0.083681 -0.623943
vn -0.776977 -0.083681 -0.623943
vn -0.598146 -0.588569 -0.543882
vn -0.598146 -0.588569 -0.543882
vn -0.598146 -0.588569 -0.543882
vn -0.598146 -0.588569 -0.543882
vn -0.727224 0.025673 -0.685920
vn -0.727224 0.025673 -0.685920
vn -0.727224 0.025673 -0.685920
vn -0.727224 0.025673 -0.685920
vn -0.253548 -0.959040 -0.126312
vn -0.253548 -0.959040 -0.126312
vn -0.253548 -0.959040 -0.126312
vn -0.253548 -0.959040 -0.126312
vn -0.231044 -0.965127 -0.123080
vn -0.231044 -0.965127 -0.123080
vn -0.231044 -0.965127 -0.123080
vn -0.231044 -0.965127 -0.123080
vn -0.376671 -0.910153 -0.172455
vn -0.376671 -0.910153 -0.172455
vn -0.376671 -0.910153 -0.172455
vn -0.376671 -0.910153 -0.172455
vn -0.387692 -0.894087 -0.224285
vn -0.387692 -0.894087 -0.224285
vn -0.387692 -0.894087 -0.224285
vn -0.387692 -0.894087 -0.224285
vn -0.386212 -0.877657 -0.283830
vn -0.386212 -0.877657 -0.283830
vn -0.386212 -0.877657 -0.283830
vn -0.386212 -0.877657 -0.283830
vn -0.346175 -0.924073 -0.162024
vn -0.346175 -0.924073 -0.162024
vn -0.346175 -0.924073 -0.162024
vn -0.346175 -0.924073 -0.162024
vn -0.763250 -0.191989 -0.616920
vn -0.763250 -0.191989 -0.616920
vn -0.763250 -0.191989 -0.616920
vn -0.763250 -0.191989 -0.616920
vn -0.665617 -0.593162 -0.452895
vn -0.665617 -0.593162 -0.452895
vn -0.665617 -0.593162 -0.452895
vn -0.665617 -0.593162 -0.452895
vn -0.656025 -0.179601 -0.733058
vn -0.656025 -0.179601 -0.733058
vn -0.656025 -0.179601 -0.733058
vn -0.656025 -0.179601 -0.733058
vn -0.720478 -0.075811 -0.689322
vn -0.720478 -0.075811 -0.689322
vn -0.720478 -0.075811 -0.689322
vn -0.720478 -0.075811 -0.689322
vn -0.878436 0.149341 -0.453924
vn -0.878436 0.149341 -0.453924
vn -0.878436 0.149341 -0.453924
vn -0.878436 0.149341 -0.453924
vn -0.534973 -0.658711 -0.529060
vn -0.534973 -0.658711 -0.529060
vn -0.534973 -0.658711 -0.529060
vn -0.534973 -0.658711 -0.529060
vn -0.723566 -0.337927 -0.601879
vn -0.723566 -0.337927 -0.601879
vn -0.723566 -0.337927 -0.601879
vn -0.723566 -0.337927 -0.601879
vn -0.570121 -0.321585 -0.756006
vn -0.570121 -0.321585 -0.756006
vn -0.570121 -0.321585 -0.756006
vn -0.570121 -0.321585 -0.756006
vn -0.593496 -0.592950 -0.544218
vn -0.593496 -0.592950 -0.544218
vn -0.593496 -0.592950 -0.544218
vn -0.593496 -0.592950 -0.544218
vn -0.440655 -0.876819 -0.192382
vn -0.440655 -0.876819 -0.192382
vn -0.440655 -0.876819 -0.192382
vn -0.440655 -0.876819 -0.192382
vn -0.716604 -0.515342 -0.470000
vn -0.716604 -0.515342 -0.470000
vn -0.716604 -0.515342 -0.470000
vn -0.716604 -0.515342 -0.470000
vn -0.554391 -0.285112 -0.781897
vn -0.554391 -0.285112 -0.781897
vn -0.554391 -0.285112 -0.781897
vn -0.554391 -0.285112 -0.781897
vn -0.178618 0.050208 -0.982637
vn -0.178618 0.050208 -0.982637
vn -0.178618 0.050208 -0.982637
vn -0.178618 0.050208 -0.982637
vn -0.584623 -0.386082 -0.713552
vn -0.584623 -0.386082 -0.713552
vn -0.584623 -0.386082 -0.713552
vn -0.584623 -0.386082 -0.713552
vn -0.522876 -0.156807 -0.837862
vn -0.522876 -0.156807 -0.837862
vn -0.522876 -0.156807 -0.837862
vn -0.522876 -0.156807 -0.837862
vn 0.080075 -0.878321 0.471318
vn 0.080075 -0.878321 0.471318
vn 0.080075 -0.878321 0.471318
vn 0.080075 -0.878321 0.471318
vn -0.468687 -0.875742 -0.115797
vn -0.468687 -0.875742 -0.115797
vn -0.468687 -0.875742 -0.115797
vn -0.468687 -0.875742 -0.115797
vn 0.751053 -0.653469 -0.094326
vn 0.751053 -0.653469 -0.094326
vn 0.751053 -0.653469 -0.094326
vn 0.751053 -0.653469 -0.094326
vn 0.748591 -0.652106 -0.119873
vn 0.748591 -0.652106 -0.119873
vn 0.748591 -0.652106 -0.119873
vn 0.748591 -0.652106 -0.119873
vn 0.759293 -0.635458 -0.140244
vn 0.759293 -0.635458 -0.140244
vn 0.759293 -0.635458 -0.140244
vn 0.759293 -0.635458 -0.140244
vn 0.771800 -0.622042 -0.131867
vn 0.771800 -0.622042 -0.131867
vn 0.771800 -0.622042 -0.131867
vn 0.771800 -0.622042 -0.131867
vn 0.765811 -0.637196 -0.086692
vn 0.765811 -0.637196 -0.086692
vn 0.765811 -0.637196 -0.086692
vn 0.765811 -0.637196 -0.086692
vn 0.737196 -0.675554 -0.012991
vn 0.737196 -0.675554 -0.012991
vn 0.737196 -0.675554 -0.012991
vn 0.737196 -0.675554 -0.012991
vn 0.722378 -0.689160 0.056816
vn 0.722378 -0.689160 0.056816
vn 0.722378 -0.689160 0.056816
vn 0.722378 -0.689160 0.056816
vn 0.763186 -0.639130 0.095187
vn 0.763186 -0.639130 0.095187
vn 0.763186 -0.639130 0.095187
vn 0.763186 -0.639130 0.095187
vn 0.755923 -0.653659 0.036191
vn 0.755923 -0.653659 0.036191
vn 0.755923 -0.653659 0.036191
vn 0.755923 -0.653659 0.036191
vn 0.821293 -0.570464 0.006932
vn 0.821293 -0.570464 0.006932
vn 0.821293 -0.570464 0.006932
vn 0.821293 -0.570464 0.006932
vn 0.821577 -0.570087 -0.003368
vn 0.821577 -0.570087 -0.003368
vn 0.821577 -0.570087 -0.003368
vn 0.821577 -0.570087 -0.003368
vn 0.822907 -0.566256 -0.046682
vn 0.822907 -0.566256 -0.046682
vn 0.822907 -0.566256 -0.046682
vn 0.822907 -0.566256 -0.046682
vn 0.795457 -0.603849 -0.051132
vn 0.795457 -0.603849 -0.051132
vn 0.795457 -0.603849 -0.051132
vn 0.795457 -0.603849 -0.051132
vn 0.742753 -0.666236 -0.066687
vn 0.742753 -0.666236 -0.066687
vn 0.742753 -0.666236 -0.066687
vn 0.742753 -0.666236 -0.066687
vn 0.716169 -0.693604 -0.077559
vn 0.716169 -0.693604 -0.077559
vn 0.716169 -0.693604 -0.077559
vn 0.716169 -0.693604 -0.077559
vn 0.572269 -0.815224 0.088985
vn 0.572269 -0.815224 0.088985
vn 0.572269 -0.815224 0.088985
vn 0.572269 -0.815224 0.088985
vn 0.724144 -0.683532 -0.091650
vn 0.724144 -0.683532 -0.091650
vn 0.724144 -0.683532 -0.091650
vn 0.724144 -0.683532 -0.091650
vn 0.400139 -0.912104 0.089193
vn 0.400139 -0.912104 0.089193
vn 0.400139 -0.912104 0.089193
vn 0.400139 -0.912104 0.089193
vn 0.697765 -0.618928 -0.360629
vn 0.697765 -0.618928 -0.360629
vn 0.697765 -0.618928 -0.360629
vn 0.697765 -0.618928 -0.360629
vn -0.341122 -0.609706 0.715468
vn -0.341122 -0.609706 0.715468
vn -0.341122 -0.609706 0.715468
vn -0.341122 -0.609706 0.715468
vn -0.412241 -0.386951 -0.824819
vn -0.412241 -0.386951 -0.824819
vn -0.412241 -0.386951 -0.824819
vn -0.412241 -0.386951 -0.824819
vn 0.736259 -0.671989 -0.079708
vn 0.736259 -0.671989 -0.079708
vn 0.736259 -0.671989 -0.079708
vn 0.736259 -0.671989 -0.079708
vn 0.512873 0.770550 0.378437
vn 0.512873 0.770550 0.378437
vn 0.512873 0.770550 0.378437
vn 0.512873 0.770550 0.378437
vn 0.863307 -0.503233 0.038188
vn 0.863307 -0.503233 0.038188
vn 0.863307 -0.503233 0.038188
vn 0.863307 -0.503233 0.038188
vn 0.887610 0.418888 0.191525
vn 0.887610 0.418888 0.191525
vn 0.887610 0.418888 0.191525
vn 0.887610 0.418888 0.191525
vn -0.077816 -0.996966 -0.002160
vn -0.077816 -0.996966 -0.002160
vn -0.077816 -0.996966 -0.002160
vn -0.077816 -0.996966 -0.002160
vn -0.512917 0.770605 0.378265
vn -0.512917 0.770605 0.378265
vn -0.512917 0.770605 0.378265
vn -0.512917 0.770605 0.378265
vn -0.863668 -0.502602 0.038318
vn -0.863668 -0.502602 0.038318
vn -0.863668 -0.502602 0.038318
vn -0.863668 -0.502602 0.038318
vn -0.887362 0.419421 0.191505
vn -0.887362 0.419421 0.191505
vn -0.887362 0.419421 0.191505
vn -0.887362 0.419421 0.191505
vn -0.786145 -0.468178 0.403466
vn -0.786145 -0.468178 0.403466
vn -0.786145 -0.468178 0.403466
vn -0.786145 -0.468178 0.403466
vn 0.078073 -0.996945 -0.002195
vn 0.078073 -0.996945 -0.002195
vn 0.078073 -0.996945 -0.002195
vn 0.078073 -0.996945 -0.002195
vn 0.015412 -0.992643 0.120090
vn 0.015412 -0.992643 0.120090
vn 0.015412 -0.992643 0.120090
vn 0.015412 -0.992643 0.120090
vn 0.000000 -0.991921 0.126856
vn 0.000000 -0.991921 0.126856
vn 0.000000 -0.991921 0.126856
vn 0.000000 -0.991921 0.126856
vn -0.121769 0.378716 0.917467
vn -0.121769 0.378716 0.917467
vn -0.121769 0.378716 0.917467
vn -0.121769 0.378716 0.917467
vn -0.178972 -0.568734 0.802815
vn -0.178972 -0.568734 0.802815
vn -0.178972 -0.568734 0.802815
vn -0.178972 -0.568734 0.802815
vn 0.599429 -0.772318 -0.210262
vn 0.599429 -0.772318 -0.210262
vn 0.599429 -0.772318 -0.210262
vn 0.599429 -0.772318 -0.210262
vn -0.598539 -0.373687 0.708596
vn -0.598539 -0.373687 0.708596
vn -0.598539 -0.373687 0.708596
vn -0.598539 -0.373687 0.708596
vn 0.793413 -0.608218 0.023806
vn 0.793413 -0.608218 0.023806
vn 0.793413 -0.608218 0.023806
vn 0.793413 -0.608218 0.023806
vn 0.748687 -0.659702 0.065282
vn 0.748687 -0.659702 0.065282
vn 0.748687 -0.659702 0.065282
vn 0.748687 -0.659702 0.065282
vn 0.636510 -0.742568 0.208441
vn 0.636510 -0.742568 0.208441
vn 0.636510 -0.742568 0.208441
vn 0.636510 -0.742568 0.208441
vn 0.471014 -0.797366 0.377298
vn 0.471014 -0.797366 0.377298
vn 0.471014 -0.797366 0.377298
vn 0.471014 -0.797366 0.377298
vn 0.526588 -0.784043 0.328606
vn 0.526588 -0.784043 0.328606
vn 0.526588 -0.784043 0.328606
vn 0.526588 -0.784043 0.328606
vn -0.377757 -0.824984 -0.420359
vn -0.377757 -0.824984 -0.420359
vn -0.377757 -0.824984 -0.420359
vn -0.377757 -0.824984 -0.420359
vn -0.537641 0.645636 0.542307
vn -0.537641 0.645636 0.542307
vn -0.537641 0.645636 0.542307
vn -0.537641 0.645636 0.542307
vn -0.256812 -0.306822 0.916465
vn -0.256812 -0.306822 0.916465
vn -0.256812 -0.306822 0.916465
vn -0.256812 -0.306822 0.916465
vn -0.081063 -0.739543 0.668210
vn -0.081063 -0.739543 0.668210
vn -0.081063 -0.739543 0.668210
vn -0.081063 -0.739543 0.668210
vn -0.422336 0.890318 0.170198
vn -0.422336 0.890318 0.170198
vn -0.422336 0.890318 0.170198
vn -0.422336 0.890318 0.170198
vn -0.378789 0.912125 0.156672
vn -0.378789 0.912125 0.156672
vn -0.378789 0.912125 0.156672
vn -0.378789 0.912125 0.156672
vn -0.250770 0.955524 0.155202
vn -0.250770 0.955524 0.155202
vn -0.250770 0.955524 0.155202
vn -0.250770 0.955524 0.155202
vn 0.793168 0.598843 0.110779
vn 0.793168 0.598843 0.110779
vn 0.793168 0.598843 0.110779
vn 0.793168 0.598843 0.110779
vn 0.402046 -0.857583 0.320796
vn 0.402046 -0.857583 0.320796
vn 0.402046 -0.857583 0.320796
vn 0.402046 -0.857583 0.320796
vn 0.132534 -0.726623 0.674132
vn 0.132534 -0.726623 0.674132
vn 0.132534 -0.726623 0.674132
vn 0.132534 -0.726623 0.674132
vn 0.661682 -0.747581 0.057437
vn 0.661682 -0.747581 0.057437
vn 0.661682 -0.747581 0.057437
vn 0.661682 -0.747581 0.057437
vn 0.617451 -0.786441 0.016273
vn 0.617451 -0.786441 0.016273
vn 0.617451 -0.786441 0.016273
vn 0.617451 -0.786441 0.016273
vn 0.647762 -0.747975 0.144699
vn 0.647762 -0.747975 0.144699
vn 0.647762 -0.747975 0.144699
vn 0.647762 -0.747975 0.144699
vn 0.300614 -0.818234 0.490025
vn 0.300614 -0.818234 0.490025
vn 0.300614 -0.818234 0.490025
vn 0.300614 -0.818234 0.490025
vn 0.359532 -0.838156 0.410160
vn 0.359532 -0.838156 0.410160
vn 0.359532 -0.838156 0.410160
vn 0.359532 -0.838156 0.410160
vn -0.274504 -0.879006 0.389866
vn -0.274504 -0.879006 0.389866
vn -0.274504 -0.879006 0.389866
vn -0.274504 -0.879006 0.389866
vn 0.332198 -0.857040 0.393861
vn 0.332198 -0.857040 0.393861
vn 0.332198 -0.857040 0.393861
vn 0.332198 -0.857040 0.393861
vn 0.374750 -0.916794 -0.138026
vn 0.374750 -0.916794 -0.138026
vn 0.374750 -0.916794 -0.138026
vn 0.374750 -0.916794 -0.138026
vn 0.513917 -0.857724 -0.014131
vn 0.513917 -0.857724 -0.014131
vn 0.513917 -0.857724 -0.014131
vn 0.513917 -0.857724 -0.014131
vn 0.451880 -0.838230 0.305246
vn 0.451880 -0.838230 0.305246
vn 0.451880 -0.838230 0.305246
vn 0.451880 -0.838230 0.305246
vn 0.406493 -0.838544 0.362778
vn 0.406493 -0.838544 0.362778
vn 0.406493 -0.838544 0.362778
vn 0.406493 -0.838544 0.362778
vn 0.101593 -0.670521 0.734902
vn 0.101593 -0.670521 0.734902
vn 0.101593 -0.670521 0.734902
vn 0.101593 -0.670521 0.734902
vn 0.061666 -0.951368 0.301822
vn 0.061666 -0.951368 0.301822
vn 0.061666 -0.951368 0.301822
vn 0.061666 -0.951368 0.301822
vn -0.166816 -0.964674 0.203903
vn -0.166816 -0.964674 0.203903
vn -0.166816 -0.964674 0.203903
vn -0.166816 -0.964674 0.203903
vn -0.326348 -0.922427 0.206460
vn -0.326348 -0.922427 0.206460
vn -0.326348 -0.922427 0.206460
vn -0.326348 -0.922427 0.206460
vn 0.481480 -0.687069 0.544163
vn 0.481480 -0.687069 0.544163
vn 0.481480 -0.687069 0.544163
vn 0.481480 -0.687069 0.544163
vn -0.094428 -0.766899 -0.634782
vn -0.094428 -0.766899 -0.634782
vn -0.094428 -0.766899 -0.634782
vn -0.094428 -0.766899 -0.634782
vn -0.314582 -0.582691 -0.749339
vn -0.314582 -0.582691 -0.749339
vn -0.314582 -0.582691 -0.749339
vn -0.314582 -0.582691 -0.749339
vn -0.411019 -0.565665 -0.714903
vn -0.411019 -0.565665 -0.714903
vn -0.411019 -0.565665 -0.714903
vn -0.411019 -0.565665 -0.714903
vn -0.377018 -0.637562 -0.671842
vn -0.377018 -0.637562 -0.671842
vn -0.377018 -0.637562 -0.671842
vn -0.377018 -0.637562 -0.671842
vn 0.988096 0.071541 0.136190
vn 0.988096 0.071541 0.136190
vn 0.988096 0.071541 0.136190
vn 0.988096 0.071541 0.136190
vn 0.804492 -0.593950 0.004008
vn 0.804492 -0.593950 0.004008
vn 0.804492 -0.593950 0.004008
vn 0.804492 -0.593950 0.004008
vn 0.803239 -0.593187 -0.054187
vn 0.803239 -0.593187 -0.054187
vn 0.803239 -0.593187 -0.054187
vn 0.803239 -0.593187 -0.054187
vn 0.626533 -0.763460 0.156798
vn 0.626533 -0.763460 0.156798
vn 0.626533 -0.763460 0.156798
vn 0.626533 -0.763460 0.156798
vn 0.788315 -0.587703 -0.182111
vn 0.788315 -0.587703 -0.182111
vn 0.788315 -0.587703 -0.182111
vn 0.788315 -0.587703 -0.182111
vn 0.629737 -0.775126 -0.051103
vn 0.629737 -0.775126 -0.051103
vn 0.629737 -0.775126 -0.051103
vn 0.629737 -0.775126 -0.051103
vn 0.608918 -0.791751 0.048473
vn 0.608918 -0.791751 0.048473
vn 0.608918 -0.791751 0.048473
vn 0.608918 -0.791751 0.048473
vn 0.534920 -0.834210 0.133993
vn 0.534920 -0.834210 0.133993
vn 0.534920 -0.834210 0.133993
vn 0.534920 -0.834210 0.133993
vn 0.125982 -0.976150 -0.176804
vn 0.125982 -0.976150 -0.176804
vn 0.125982 -0.976150 -0.176804
vn 0.125982 -0.976150 -0.176804
vn -0.101126 -0.861820 0.497030
vn -0.101126 -0.861820 0.497030
vn -0.101126 -0.861820 0.497030
vn -0.101126 -0.861820 0.497030
vn -0.388284 -0.801823 0.454218
vn -0.388284 -0.801823 0.454218
vn -0.388284 -0.801823 0.454218
vn -0.388284 -0.801823 0.454218
vn -0.066613 -0.988693 0.134350
vn -0.066613 -0.988693 0.134350
vn -0.066613 -0.988693 0.134350
vn -0.066613 -0.988693 0.134350
vn -0.336343 -0.036303 0.941040
vn -0.336343 -0.036303 0.941040
vn -0.336343 -0.036303 0.941040
vn -0.336343 -0.036303 0.941040
vn -0.285952 0.943688 -0.166388
vn -0.285952 0.943688 -0.166388
vn -0.285952 0.943688 -0.166388
vn -0.285952 0.943688 -0.166388
vn -0.328858 0.939890 0.091978
vn -0.328858 0.939890 0.091978
vn -0.328858 0.939890 0.091978
vn -0.328858 0.939890 0.091978
vn -0.373765 0.870959 0.318952
vn -0.373765 0.870959 0.318952
vn -0.373765 0.870959 0.318952
vn -0.373765 0.870959 0.318952
vn -0.547760 0.681608 0.485149
vn -0.547760 0.681608 0.485149
vn -0.547760 0.681608 0.485149
vn -0.547760 0.681608 0.485149
vn -0.465035 0.672532 0.575711
vn -0.465035 0.672532 0.575711
vn -0.465035 0.672532 0.575711
vn -0.465035 0.672532 0.575711
vn -0.306368 0.780465 0.544989
vn -0.306368 0.780465 0.544989
vn -0.306368 0.780465 0.544989
vn -0.306368 0.780465 0.544989
vn 0.203511 -0.922245 0.328705
vn 0.203511 -0.922245 0.328705
vn 0.203511 -0.922245 0.328705
vn 0.203511 -0.922245 0.328705
vn -0.152031 -0.749753 0.644017
vn -0.152031 -0.749753 0.644017
vn -0.152031 -0.749753 0.644017
vn -0.152031 -0.749753 0.644017
vn -0.134961 -0.892164 0.431079
vn -0.134961 -0.892164 0.431079
vn -0.134961 -0.892164 0.431079
vn -0.134961 -0.892164 0.431079
vn -0.468347 0.408578 0.783400
vn -0.468347 0.408578 0.783400
vn -0.468347 0.408578 0.783400
vn -0.468347 0.408578 0.783400
vn -0.620840 0.754201 0.213863
vn -0.620840 0.754201 0.213863
vn -0.620840 0.754201 0.213863
vn -0.620840 0.754201 0.213863
vn -0.654189 0.736967 0.170048
vn -0.654189 0.736967 0.170048
vn -0.654189 0.736967 0.170048
vn -0.654189 0.736967 0.170048
vn -0.818042 0.571281 0.066672
vn -0.818042 0.571281 0.066672
vn -0.818042 0.571281 0.066672
vn -0.818042 0.571281 0.066672
vn -0.851303 0.493970 0.176850
vn -0.851303 0.493970 0.176850
vn -0.851303 0.493970 0.176850
vn -0.851303 0.493970 0.176850
vn -0.825776 0.563462 0.024572
vn -0.825776 0.563462 0.024572
vn -0.825776 0.563462 0.024572
vn -0.825776 0.563462 0.024572
vn -0.936268 0.347303 -0.052752
vn -0.936268 0.347303 -0.052752
vn -0.936268 0.347303 -0.052752
vn -0.936268 0.347303 -0.052752
vn -0.945523 0.323217 0.038952
vn -0.945523 0.323217 0.038952
vn -0.945523 0.323217 0.038952
vn -0.945523 0.323217 0.038952
vn -0.521083 -0.830745 -0.195792
vn -0.521083 -0.830745 -0.195792
vn -0.521083 -0.830745 -0.195792
vn -0.521083 -0.830745 -0.195792
vn -0.906764 0.419649 -0.040910
vn -0.906764 0.419649 -0.040910
vn -0.906764 0.419649 -0.040910
vn -0.906764 0.419649 -0.040910
vn -0.511797 -0.793770 -0.328624
vn -0.511797 -0.793770 -0.328624
vn -0.511797 -0.793770 -0.328624
vn -0.511797 -0.793770 -0.328624
vn -0.469151 -0.822727 -0.320963
vn -0.469151 -0.822727 -0.320963
vn -0.469151 -0.822727 -0.320963
vn -0.469151 -0.822727 -0.320963
vn 0.659953 -0.747849 -0.071996
vn 0.659953 -0.747849 -0.071996
vn 0.659953 -0.747849 -0.071996
vn 0.659953 -0.747849 -0.071996
vn -0.804005 0.594602 -0.004961
vn -0.804005 0.594602 -0.004961
vn -0.804005 0.594602 -0.004961
vn -0.804005 0.594602 -0.004961
vn -0.932810 0.356471 -0.052849
vn -0.932810 0.356471 -0.052849
vn -0.932810 0.356471 -0.052849
vn -0.932810 0.356471 -0.052849
vn -0.721471 0.685073 0.100766
vn -0.721471 0.685073 0.100766
vn -0.721471 0.685073 0.100766
vn -0.721471 0.685073 0.100766
vn -0.906518 0.418813 -0.053107
vn -0.906518 0.418813 -0.053107
vn -0.906518 0.418813 -0.053107
vn -0.906518 0.418813 -0.053107
vn -0.680436 0.717954 0.146795
vn -0.680436 0.717954 0.146795
vn -0.680436 0.717954 0.146795
vn -0.680436 0.717954 0.146795
vn -0.701585 0.704518 0.106923
vn -0.701585 0.704518 0.106923
vn -0.701585 0.704518 0.106923
vn -0.701585 0.704518 0.106923
vn 0.683636 -0.729657 0.015539
vn 0.683636 -0.729657 0.015539
vn 0.683636 -0.729657 0.015539
vn 0.683636 -0.729657 0.015539
vn 0.681569 -0.731572 0.016340
vn 0.681569 -0.731572 0.016340
vn 0.681569 -0.731572 0.016340
vn 0.681569 -0.731572 0.016340
vn 0.652417 -0.757553 -0.021572
vn 0.652417 -0.757553 -0.021572
vn 0.652417 -0.757553 -0.021572
vn 0.652417 -0.757553 -0.021572
vn 0.693767 -0.712717 -0.103552
vn 0.693767 -0.712717 -0.103552
vn 0.693767 -0.712717 -0.103552
vn 0.693767 -0.712717 -0.103552
vn 0.728581 -0.671074 -0.137222
vn 0.728581 -0.671074 -0.137222
vn 0.728581 -0.671074 -0.137222
vn 0.728581 -0.671074 -0.137222
vn 0.754960 -0.636829 -0.156474
vn 0.754960 -0.636829 -0.156474
vn 0.754960 -0.636829 -0.156474
vn 0.754960 -0.636829 -0.156474
vn 0.016939 0.905449 0.424118
vn 0.016939 0.905449 0.424118
vn 0.016939 0.905449 0.424118
vn 0.016939 0.905449 0.424118
vn -0.348863 0.887053 0.302375
vn -0.348863 0.887053 0.302375
vn -0.348863 0.887053 0.302375
vn -0.348863 0.887053 0.302375
vn -0.532817 0.807685 0.252488
vn -0.532817 0.807685 0.252488
vn -0.532817 0.807685 0.252488
vn -0.532817 0.807685 0.252488
vn -0.476393 0.462278 0.747896
vn -0.476393 0.462278 0.747896
vn -0.476393 0.462278 0.747896
vn -0.476393 0.462278 0.747896
vn 0.560405 -0.633855 0.533080
vn 0.560405 -0.633855 0.533080
vn 0.560405 -0.633855 0.533080
vn 0.560405 -0.633855 0.533080
vn 0.683072 -0.661039 -0.310548
vn 0.683072 -0.661039 -0.310548
vn 0.683072 -0.661039 -0.310548
vn 0.683072 -0.661039 -0.310548
vn 0.781948 0.055728 0.620847
vn 0.781948 0.055728 0.620847
vn 0.781948 0.055728 0.620847
vn 0.781948 0.055728 0.620847
vn -0.822950 -0.027148 -0.567465
vn -0.822950 -0.027148 -0.567465
vn -0.822950 -0.027148 -0.567465
vn -0.822950 -0.027148 -0.567465
vn -0.771608 -0.069132 -0.632331
vn -0.771608 -0.069132 -0.632331
vn -0.771608 -0.069132 -0.632331
vn -0.771608 -0.069132 -0.632331
vn 0.968918 -0.189206 0.159369
vn 0.968918 -0.189206 0.159369
vn 0.968918 -0.189206 0.159369
vn 0.968918 -0.189206 0.159369
vn -0.288862 0.129491 -0.948573
vn -0.288862 0.129491 -0.948573
vn -0.288862 0.129491 -0.948573
vn -0.288862 0.129491 -0.948573
vn -0.224034 -0.002200 -0.974579
vn -0.224034 -0.002200 -0.974579
vn -0.224034 -0.002200 -0.974579
vn -0.224034 -0.002200 -0.974579
vn -0.933319 0.319878 0.163072
vn -0.933319 0.319878 0.163072
vn -0.933319 0.319878 0.163072
vn -0.933319 0.319878 0.163072
vn -0.995993 0.064245 -0.062207
vn -0.995993 0.064245 -0.062207
vn -0.995993 0.064245 -0.062207
vn -0.995993 0.064245 -0.062207
vn -0.472204 0.831696 -0.292070
vn -0.472204 0.831696 -0.292070
vn -0.472204 0.831696 -0.292070
vn -0.472204 0.831696 -0.292070
vn -0.396734 0.912406 0.100591
vn -0.396734 0.912406 0.100591
vn -0.396734 0.912406 0.100591
vn -0.396734 0.912406 0.100591
vn -0.252363 -0.951151 0.177834
vn -0.252363 -0.951151 0.177834
vn -0.252363 -0.951151 0.177834
vn -0.252363 -0.951151 0.177834
vn -0.516009 -0.856559 -0.006457
vn -0.516009 -0.856559 -0.006457
vn -0.516009 -0.856559 -0.006457
vn -0.516009 -0.856559 -0.006457
vn 0.514889 -0.849116 -0.117861
vn 0.514889 -0.849116 -0.117861
vn 0.514889 -0.849116 -0.117861
vn 0.514889 -0.849116 -0.117861
vn -0.884371 0.423312 0.196709
vn -0.884371 0.423312 0.196709
vn -0.884371 0.423312 0.196709
vn -0.884371 0.423312 0.196709
vn -0.983919 0.176831 -0.025186
vn -0.983919 0.176831 -0.025186
vn -0.983919 0.176831 -0.025186
vn -0.983919 0.176831 -0.025186
vn -0.886885 0.451479 0.097987
vn -0.886885 0.451479 0.097987
vn -0.886885 0.451479 0.097987
vn -0.886885 0.451479 0.097987
vn -0.832638 0.540999 0.118469
vn -0.832638 0.540999 0.118469
vn -0.832638 0.540999 0.118469
vn -0.832638 0.540999 0.118469
vn -0.923896 0.377052 0.065173
vn -0.923896 0.377052 0.065173
vn -0.923896 0.377052 0.065173
vn -0.923896 0.377052 0.065173
vn -0.447505 -0.859804 -0.245919
vn -0.447505 -0.859804 -0.245919
vn -0.447505 -0.859804 -0.245919
vn -0.447505 -0.859804 -0.245919
vn -0.368944 0.022236 -0.929186
vn -0.368944 0.022236 -0.929186
vn -0.368944 0.022236 -0.929186
vn -0.368944 0.022236 -0.929186
vn -0.622530 -0.491060 -0.609358
vn -0.622530 -0.491060 -0.609358
vn -0.622530 -0.491060 -0.609358
vn -0.622530 -0.491060 -0.609358
vn -0.535241 -0.708593 -0.459797
vn -0.535241 -0.708593 -0.459797
vn -0.535241 -0.708593 -0.459797
vn -0.535241 -0.708593 -0.459797
vn -0.993145 0.106614 -0.047916
vn -0.993145 0.106614 -0.047916
vn -0.993145 0.106614 -0.047916
vn -0.993145 0.106614 -0.047916
vn -0.983922 0.124099 -0.128440
vn -0.983922 0.124099 -0.128440
vn -0.983922 0.124099 -0.128440
vn -0.983922 0.124099 -0.128440
vn -0.996907 0.029029 -0.073036
vn -0.996907 0.029029 -0.073036
vn -0.996907 0.029029 -0.073036
vn -0.996907 0.029029 -0.073036
vn 0.903587 0.028407 0.427461
vn 0.903587 0.028407 0.427461
vn 0.903587 0.028407 0.427461
vn 0.903587 0.028407 0.427461
vn -0.967012 0.238991 -0.088156
vn -0.967012 0.238991 -0.088156
vn -0.967012 0.238991 -0.088156
vn -0.967012 0.238991 -0.088156
vn -0.983327 0.055931 -0.173030
vn -0.983327 0.055931 -0.173030
vn -0.983327 0.055931 -0.173030
vn -0.983327 0.055931 -0.173030
vn -0.982280 0.039480 -0.183214
vn -0.982280 0.039480 -0.183214
vn -0.982280 0.039480 -0.183214
vn -0.982280 0.039480 -0.183214
vn -0.969435 0.062219 -0.237328
vn -0.969435 0.062219 -0.237328
vn -0.969435 0.062219 -0.237328
vn -0.969435 0.062219 -0.237328
vn -0.959511 0.113006 -0.258008
vn -0.959511 0.113006 -0.258008
vn -0.959511 0.113006 -0.258008
vn -0.959511 0.113006 -0.258008
vn 0.987383 0.003001 0.158321
vn 0.987383 0.003001 0.158321
vn 0.987383 0.003001 0.158321
vn 0.987383 0.003001 0.158321
vn 0.988025 -0.010429 0.153938
vn 0.988025 -0.010429 0.153938
vn 0.988025 -0.010429 0.153938
vn 0.988025 -0.010429 0.153938
vn 0.969134 0.108128 0.221555
vn 0.969134 0.108128 0.221555
vn 0.969134 0.108128 0.221555
vn 0.969134 0.108128 0.221555
vn 0.954819 -0.053320 0.292366
vn 0.954819 -0.053320 0.292366
vn 0.954819 -0.053320 0.292366
vn 0.954819 -0.053320 0.292366
vn 0.963404 -0.084979 0.254226
vn 0.963404 -0.084979 0.254226
vn 0.963404 -0.084979 0.254226
vn 0.963404 -0.084979 0.254226
vn 0.965312 -0.084340 0.247102
vn 0.965312 -0.084340 0.247102
vn 0.965312 -0.084340 0.247102
vn 0.965312 -0.084340 0.247102
vn 0.955782 0.081405 0.282585
vn 0.955782 0.081405 0.282585
vn 0.955782 0.081405 0.282585
vn 0.955782 0.081405 0.282585
vn 0.943827 -0.127190 0.304980
vn 0.943827 -0.127190 0.304980
vn 0.943827 -0.127190 0.304980
vn 0.943827 -0.127190 0.304980
vn 0.870996 -0.096864 0.481647
vn 0.870996 -0.096864 0.481647
vn 0.870996 -0.096864 0.481647
vn 0.870996 -0.096864 0.481647
vn 0.916277 -0.075681 0.393331
vn 0.916277 -0.075681 0.393331
vn 0.916277 -0.075681 0.393331
vn 0.916277 -0.075681 0.393331
vn 0.769879 -0.636227 -0.050023
vn 0.769879 -0.636227 -0.050023
vn 0.769879 -0.636227 -0.050023
vn 0.769879 -0.636227 -0.050023
vn 0.960497 -0.186566 0.206493
vn 0.960497 -0.186566 0.206493
vn 0.960497 -0.186566 0.206493
vn 0.960497 -0.186566 0.206493
vn 0.980713 0.000009 0.195454
vn 0.980713 0.000009 0.195454
vn 0.980713 0.000009 0.195454
vn 0.980713 0.000009 0.195454
vn 0.975402 0.041233 0.216542
vn 0.975402 0.041233 0.216542
vn 0.975402 0.041233 0.216542
vn 0.975402 0.041233 0.216542
vn 0.973262 -0.158675 0.166085
vn 0.973262 -0.158675 0.166085
vn 0.973262 -0.158675 0.166085
vn 0.973262 -0.158675 0.166085
vn 0.993838 -0.007634 0.110582
vn 0.993838 -0.007634 0.110582
vn 0.993838 -0.007634 0.110582
vn 0.993838 -0.007634 0.110582
vn -0.984653 0.118463 -0.128159
vn -0.984653 0.118463 -0.128159
vn -0.984653 0.118463 -0.128159
vn -0.984653 0.118463 -0.128159
vn -0.786891 -0.421767 -0.450462
vn -0.786891 -0.421767 -0.450462
vn -0.786891 -0.421767 -0.450462
vn -0.786891 -0.421767 -0.450462
vn 0.764434 -0.642763 -0.049962
vn 0.764434 -0.642763 -0.049962
vn 0.764434 -0.642763 -0.049962
vn 0.764434 -0.642763 -0.049962
vn 0.961702 -0.220744 0.162485
vn 0.961702 -0.220744 0.162485
vn 0.961702 -0.220744 0.162485
vn 0.961702 -0.220744 0.162485
vn 0.961119 0.027667 0.274746
vn 0.961119 0.027667 0.274746
vn 0.961119 0.027667 0.274746
vn 0.961119 0.027667 0.274746
vn 0.964769 -0.055025 0.257281
vn 0.964769 -0.055025 0.257281
vn 0.964769 -0.055025 0.257281
vn 0.964769 -0.055025 0.257281
vn 0.964325 -0.034444 0.262473
vn 0.964325 -0.034444 0.262473
vn 0.964325 -0.034444 0.262473
vn 0.964325 -0.034444 0.262473
vn -0.084395 -0.681845 -0.726612
vn -0.084395 -0.681845 -0.726612
vn -0.084395 -0.681845 -0.726612
vn -0.084395 -0.681845 -0.726612
vn -0.171609 -0.641301 -0.747853
vn -0.171609 -0.641301 -0.747853
vn -0.171609 -0.641301 -0.747853
vn -0.171609 -0.641301 -0.747853
vn -0.355914 -0.457366 -0.814949
vn -0.355914 -0.457366 -0.814949
vn -0.355914 -0.457366 -0.814949
vn -0.355914 -0.457366 -0.814949
vn -0.604756 0.352016 -0.714392
vn -0.604756 0.352016 -0.714392
vn -0.604756 0.352016 -0.714392
vn -0.604756 0.352016 -0.714392
vn -0.444858 0.499955 -0.743066
vn -0.444858 0.499955 -0.743066
vn -0.444858 0.499955 -0.743066
vn -0.444858 0.499955 -0.743066
vn -0.159936 0.610821 -0.775447
vn -0.159936 0.610821 -0.775447
vn -0.159936 0.610821 -0.775447
vn -0.159936 0.610821 -0.775447
vn -0.569468 0.403558 -0.716134
vn -0.569468 0.403558 -0.716134
vn -0.569468 0.403558 -0.716134
vn -0.569468 0.403558 -0.716134
vn -0.553246 0.337319 -0.761666
vn -0.553246 0.337319 -0.761666
vn -0.553246 0.337319 -0.761666
vn -0.553246 0.337319 -0.761666
vn -0.954297 0.295581 0.044153
vn -0.954297 0.295581 0.044153
vn -0.954297 0.295581 0.044153
vn -0.954297 0.295581 0.044153
vn -0.590433 -0.806491 -0.031014
vn -0.590433 -0.806491 -0.031014
vn -0.590433 -0.806491 -0.031014
vn -0.590433 -0.806491 -0.031014
vn 0.467174 -0.860261 0.204207
vn 0.467174 -0.860261 0.204207
vn 0.467174 -0.860261 0.204207
vn 0.467174 -0.860261 0.204207
vn 0.602961 -0.782187 0.156915
vn 0.602961 -0.782187 0.156915
vn 0.602961 -0.782187 0.156915
vn 0.602961 -0.782187 0.156915
vn 0.587856 -0.807106 0.054821
vn 0.587856 -0.807106 0.054821
vn 0.587856 -0.807106 0.054821
vn 0.587856 -0.807106 0.054821
vn 0.574535 -0.800195 -0.172040
vn 0.574535 -0.800195 -0.172040
vn 0.574535 -0.800195 -0.172040
vn 0.574535 -0.800195 -0.172040
vn 0.557214 -0.828627 -0.053753
vn 0.557214 -0.828627 -0.053753
vn 0.557214 -0.828627 -0.053753
vn 0.557214 -0.828627 -0.053753
vn 0.617603 -0.766025 -0.178248
vn 0.617603 -0.766025 -0.178248
vn 0.617603 -0.766025 -0.178248
vn 0.617603 -0.766025 -0.178248
vn -0.347561 0.009515 0.937609
vn -0.347561 0.009515 0.937609
vn -0.347561 0.009515 0.937609
vn -0.347561 0.009515 0.937609
vn -0.338956 -0.282283 0.897455
vn -0.338956 -0.282283 0.897455
vn -0.338956 -0.282283 0.897455
vn -0.338956 -0.282283 0.897455
vn -0.506782 0.014687 -0.861949
vn -0.506782 0.014687 -0.861949
vn -0.506782 0.014687 -0.861949
vn -0.506782 0.014687 -0.861949
vn -0.348114 -0.865670 -0.359768
vn -0.348114 -0.865670 -0.359768
vn -0.348114 -0.865670 -0.359768
vn -0.348114 -0.865670 -0.359768
vn -0.464388 -0.629026 -0.623434
vn -0.464388 -0.629026 -0.623434
vn -0.464388 -0.629026 -0.623434
vn -0.464388 -0.629026 -0.623434
vn -0.872412 0.053461 -0.485838
vn -0.872412 0.053461 -0.485838
vn -0.872412 0.053461 -0.485838
vn -0.872412 0.053461 -0.485838
vn -0.267373 -0.853168 -0.447902
vn -0.267373 -0.853168 -0.447902
vn -0.267373 -0.853168 -0.447902
vn -0.267373 -0.853168 -0.447902
vn -0.090984 -0.904751 -0.416110
vn -0.090984 -0.904751 -0.416110
vn -0.090984 -0.904751 -0.416110
vn -0.090984 -0.904751 -0.416110
vn 0.010259 -0.920929 -0.389595
vn 0.010259 -0.920929 -0.389595
vn 0.010259 -0.920929 -0.389595
vn 0.010259 -0.920929 -0.389595
vn -0.322529 -0.763289 -0.559790
vn -0.322529 -0.763289 -0.559790
vn -0.322529 -0.763289 -0.559790
vn -0.322529 -0.763289 -0.559790
vn -0.507307 -0.823382 -0.254327
vn -0.507307 -0.823382 -0.254327
vn -0.507307 -0.823382 -0.254327
vn -0.507307 -0.823382 -0.254327
vn -0.277699 -0.941240 -0.192228
vn -0.277699 -0.941240 -0.192228
vn -0.277699 -0.941240 -0.192228
vn -0.277699 -0.941240 -0.192228
vn -0.008782 -0.999523 -0.029627
vn -0.008782 -0.999523 -0.029627
vn -0.008782 -0.999523 -0.029627
vn -0.008782 -0.999523 -0.029627
vn -0.765777 -0.573177 -0.291638
vn -0.765777 -0.573177 -0.291638
vn -0.765777 -0.573177 -0.291638
vn -0.765777 -0.573177 -0.291638
vn -0.261224 0.119304 -0.957877
vn -0.261224 0.119304 -0.957877
vn -0.261224 0.119304 -0.957877
vn -0.261224 0.119304 -0.957877
vn -0.881140 0.379789 -0.281696
vn -0.881140 0.379789 -0.281696
vn -0.881140 0.379789 -0.281696
vn -0.881140 0.379789 -0.281696
vn -0.771926 0.170034 -0.612552
vn -0.771926 0.170034 -0.612552
vn -0.771926 0.170034 -0.612552
vn -0.771926 0.170034 -0.612552
vn -0.510212 0.198596 -0.836805
vn -0.510212 0.198596 -0.836805
vn -0.510212 0.198596 -0.836805
vn -0.510212 0.198596 -0.836805
vn -0.745402 0.525953 -0.409572
vn -0.745402 0.525953 -0.409572
vn -0.745402 0.525953 -0.409572
vn -0.745402 0.525953 -0.409572
vn -0.136641 -0.985729 -0.098322
vn -0.136641 -0.985729 -0.098322
vn -0.136641 -0.985729 -0.098322
vn -0.136641 -0.985729 -0.098322
vn -0.358141 -0.909392 -0.211520
vn -0.358141 -0.909392 -0.211520
vn -0.358141 -0.909392 -0.211520
vn -0.358141 -0.909392 -0.211520
vn -0.838457 0.298329 -0.456060
vn -0.838457 0.298329 -0.456060
vn -0.838457 0.298329 -0.456060
vn -0.838457 0.298329 -0.456060
vn -0.818600 0.530282 -0.220669
vn -0.818600 0.530282 -0.220669
vn -0.818600 0.530282 -0.220669
vn -0.818600 0.530282 -0.220669
vn -0.688905 0.724847 -0.002562
vn -0.688905 0.724847 -0.002562
vn -0.688905 0.724847 -0.002562
vn -0.688905 0.724847 -0.002562
vn -0.047141 -0.974250 -0.220489
vn -0.047141 -0.974250 -0.220489
vn -0.047141 -0.974250 -0.220489
vn -0.047141 -0.974250 -0.220489
vn -0.592226 -0.795832 0.126177
vn -0.592226 -0.795832 0.126177
vn -0.592226 -0.795832 0.126177
vn -0.592226 -0.795832 0.126177
vn -0.427096 0.167924 -0.888477
vn -0.427096 0.167924 -0.888477
vn -0.427096 0.167924 -0.888477
vn -0.427096 0.167924 -0.888477
vn -0.748738 -0.630976 -0.203130
vn -0.748738 -0.630976 -0.203130
vn -0.748738 -0.630976 -0.203130
vn -0.748738 -0.630976 -0.203130
vn -0.608387 0.787123 -0.101499
vn -0.608387 0.787123 -0.101499
vn -0.608387 0.787123 -0.101499
vn -0.608387 0.787123 -0.101499
vn -0.556376 0.830194 -0.034974
vn -0.556376 0.830194 -0.034974
vn -0.556376 0.830194 -0.034974
vn -0.556376 0.830194 -0.034974
vn -0.171003 -0.974113 -0.147855
vn -0.171003 -0.974113 -0.147855
vn -0.171003 -0.974113 -0.147855
vn -0.171003 -0.974113 -0.147855
vn -0.404410 -0.910826 -0.082753
vn -0.404410 -0.910826 -0.082753
vn -0.404410 -0.910826 -0.082753
vn -0.404410 -0.910826 -0.082753
vn -0.391284 -0.913653 -0.110161
vn -0.391284 -0.913653 -0.110161
vn -0.391284 -0.913653 -0.110161
vn -0.391284 -0.913653 -0.110161
vn -0.204386 -0.971056 -0.123596
vn -0.204386 -0.971056 -0.123596
vn -0.204386 -0.971056 -0.123596
vn -0.204386 -0.971056 -0.123596
vn -0.217458 -0.974941 -0.046917
vn -0.217458 -0.974941 -0.046917
vn -0.217458 -0.974941 -0.046917
vn -0.217458 -0.974941 -0.046917
vn -0.331629 -0.913469 -0.235790
vn -0.331629 -0.913469 -0.235790
vn -0.331629 -0.913469 -0.235790
vn -0.331629 -0.913469 -0.235790
vn -0.136006 -0.989695 0.044789
vn -0.136006 -0.989695 0.044789
vn -0.136006 -0.989695 0.044789
vn -0.136006 -0.989695 0.044789
vn -0.828713 0.323685 -0.456578
vn -0.828713 0.323685 -0.456578
vn -0.828713 0.323685 -0.456578
vn -0.828713 0.323685 -0.456578
vn -0.796919 0.254774 -0.547732
vn -0.796919 0.254774 -0.547732
vn -0.796919 0.254774 -0.547732
vn -0.796919 0.254774 -0.547732
vn -0.518035 0.321493 -0.792643
vn -0.518035 0.321493 -0.792643
vn -0.518035 0.321493 -0.792643
vn -0.518035 0.321493 -0.792643
vn 0.765914 0.458701 -0.450521
vn 0.765914 0.458701 -0.450521
vn 0.765914 0.458701 -0.450521
vn 0.765914 0.458701 -0.450521
vn 0.042821 -0.882585 0.468199
vn 0.042821 -0.882585 0.468199
vn 0.042821 -0.882585 0.468199
vn 0.042821 -0.882585 0.468199
vn 0.877306 -0.383714 0.288268
vn 0.877306 -0.383714 0.288268
vn 0.877306 -0.383714 0.288268
vn 0.877306 -0.383714 0.288268
vn 0.739847 -0.406201 0.536308
vn 0.739847 -0.406201 0.536308
vn 0.739847 -0.406201 0.536308
vn 0.739847 -0.406201 0.536308
vn 0.954985 -0.204223 0.215168
vn 0.954985 -0.204223 0.215168
vn 0.954985 -0.204223 0.215168
vn 0.954985 -0.204223 0.215168
vn 0.951062 0.089827 0.295655
vn 0.951062 0.089827 0.295655
vn 0.951062 0.089827 0.295655
vn 0.951062 0.089827 0.295655
vn 0.932840 0.120647 0.339489
vn 0.932840 0.120647 0.339489
vn 0.932840 0.120647 0.339489
vn 0.932840 0.120647 0.339489
vn 0.920909 0.141167 0.363315
vn 0.920909 0.141167 0.363315
vn 0.920909 0.141167 0.363315
vn 0.920909 0.141167 0.363315
vn 0.921198 0.182142 0.343829
vn 0.921198 0.182142 0.343829
vn 0.921198 0.182142 0.343829
vn 0.921198 0.182142 0.343829
vn 0.867750 0.260430 0.423304
vn 0.867750 0.260430 0.423304
vn 0.867750 0.260430 0.423304
vn 0.867750 0.260430 0.423304
vn 0.863693 0.023569 0.503468
vn 0.863693 0.023569 0.503468
vn 0.863693 0.023569 0.503468
vn 0.863693 0.023569 0.503468
vn 0.711944 -0.187947 0.676618
vn 0.711944 -0.187947 0.676618
vn 0.711944 -0.187947 0.676618
vn 0.711944 -0.187947 0.676618
vn 0.716361 -0.256393 0.648914
vn 0.716361 -0.256393 0.648914
vn 0.716361 -0.256393 0.648914
vn 0.716361 -0.256393 0.648914
vn 0.612660 0.174360 0.770874
vn 0.612660 0.174360 0.770874
vn 0.612660 0.174360 0.770874
vn 0.612660 0.174360 0.770874
vn 0.607998 0.367178 0.703931
vn 0.607998 0.367178 0.703931
vn 0.607998 0.367178 0.703931
vn 0.607998 0.367178 0.703931
vn 0.623821 0.251243 0.740084
vn 0.623821 0.251243 0.740084
vn 0.623821 0.251243 0.740084
vn 0.623821 0.251243 0.740084
vn -0.987765 0.129289 -0.087203
vn -0.987765 0.129289 -0.087203
vn -0.987765 0.129289 -0.087203
vn -0.987765 0.129289 -0.087203
vn -0.938602 0.339681 -0.060353
vn -0.938602 0.339681 -0.060353
vn -0.938602 0.339681 -0.060353
vn -0.938602 0.339681 -0.060353
vn -0.071727 -0.617284 0.783464
vn -0.071727 -0.617284 0.783464
vn -0.071727 -0.617284 0.783464
vn -0.071727 -0.617284 0.783464
vn -0.204608 0.268912 0.941181
vn -0.204608 0.268912 0.941181
vn -0.204608 0.268912 0.941181
vn -0.204608 0.268912 0.941181
vn -0.998519 -0.045492 -0.029839
vn -0.998519 -0.045492 -0.029839
vn -0.998519 -0.045492 -0.029839
vn -0.998519 -0.045492 -0.029839
vn -0.928618 0.370144 0.025722
vn -0.928618 0.370144 0.025722
vn -0.928618 0.370144 0.025722
vn -0.928618 0.370144 0.025722
vn -0.923084 0.381998 0.044646
vn -0.923084 0.381998 0.044646
vn -0.923084 0.381998 0.044646
vn -0.923084 0.381998 0.044646
vn -0.919262 0.380051 0.102563
vn -0.919262 0.380051 0.102563
vn -0.919262 0.380051 0.102563
vn -0.919262 0.380051 0.102563
vn -0.216527 0.747965 0.627426
vn -0.216527 0.747965 0.627426
vn -0.216527 0.747965 0.627426
vn -0.216527 0.747965 0.627426
vn -0.969830 0.242963 -0.019985
vn -0.969830 0.242963 -0.019985
vn -0.969830 0.242963 -0.019985
vn -0.969830 0.242963 -0.019985
vn -0.991583 0.032840 -0.125236
vn -0.991583 0.032840 -0.125236
vn -0.991583 0.032840 -0.125236
vn -0.991583 0.032840 -0.125236
vn -0.940420 0.339616 0.016467
vn -0.940420 0.339616 0.016467
vn -0.940420 0.339616 0.016467
vn -0.940420 0.339616 0.016467
vn -0.955769 0.271819 0.112339
vn -0.955769 0.271819 0.112339
vn -0.955769 0.271819 0.112339
vn -0.955769 0.271819 0.112339
vn -0.984542 0.078810 -0.156416
vn -0.984542 0.078810 -0.156416
vn -0.984542 0.078810 -0.156416
vn -0.984542 0.078810 -0.156416
vn -0.998833 0.048280 0.001454
vn -0.998833 0.048280 0.001454
vn -0.998833 0.048280 0.001454
vn -0.998833 0.048280 0.001454
vn -0.986742 0.160852 -0.021605
vn -0.986742 0.160852 -0.021605
vn -0.986742 0.160852 -0.021605
vn -0.986742 0.160852 -0.021605
vn -0.975406 0.219947 -0.014366
vn -0.975406 0.219947 -0.014366
vn -0.975406 0.219947 -0.014366
vn -0.975406 0.219947 -0.014366
vn -0.993875 0.097358 -0.052295
vn -0.993875 0.097358 -0.052295
vn -0.993875 0.097358 -0.052295
vn -0.993875 0.097358 -0.052295
vn -0.985849 0.094686 -0.138336
vn -0.985849 0.094686 -0.138336
vn -0.985849 0.094686 -0.138336
vn -0.985849 0.094686 -0.138336
vn -0.989858 0.142062 -0.000507
vn -0.989858 0.142062 -0.000507
vn -0.989858 0.142062 -0.000507
vn -0.989858 0.142062 -0.000507
vn -0.971509 0.235241 0.028852
vn -0.971509 0.235241 0.028852
vn -0.971509 0.235241 0.028852
vn -0.971509 0.235241 0.028852
vn -0.945841 0.324173 0.017247
vn -0.945841 0.324173 0.017247
vn -0.945841 0.324173 0.017247
vn -0.945841 0.324173 0.017247
vn -0.924098 0.369329 0.098184
vn -0.924098 0.369329 0.098184
vn -0.924098 0.369329 0.098184
vn -0.924098 0.369329 0.098184
vn -0.998999 -0.036071 -0.026445
vn -0.998999 -0.036071 -0.026445
vn -0.998999 -0.036071 -0.026445
vn -0.998999 -0.036071 -0.026445
vn -0.976893 0.213520 0.009484
vn -0.976893 0.213520 0.009484
vn -0.976893 0.213520 0.009484
vn -0.976893 0.213520 0.009484
vn -0.979204 0.201924 -0.019653
vn -0.979204 0.201924 -0.019653
vn -0.979204 0.201924 -0.019653
vn -0.979204 0.201924 -0.019653
vn -0.929708 -0.335492 -0.151948
vn -0.929708 -0.335492 -0.151948
vn -0.929708 -0.335492 -0.151948
vn -0.929708 -0.335492 -0.151948
vn -0.330676 -0.780730 0.530202
vn -0.330676 -0.780730 0.530202
vn -0.330676 -0.780730 0.530202
vn -0.330676 -0.780730 0.530202
vn -0.391314 0.754112 0.527435
vn -0.391314 0.754112 0.527435
vn -0.391314 0.754112 0.527435
vn -0.391314 0.754112 0.527435
vn -0.419826 0.185350 0.888477
vn -0.419826 0.185350 0.888477
vn -0.419826 0.185350 0.888477
vn -0.419826 0.185350 0.888477
vn -0.441959 0.062502 0.894855
vn -0.441959 0.062502 0.894855
vn -0.441959 0.062502 0.894855
vn -0.441959 0.062502 0.894855
vn -0.161198 -0.751100 0.640206
vn -0.161198 -0.751100 0.640206
vn -0.161198 -0.751100 0.640206
vn -0.161198 -0.751100 0.640206
vn -0.914729 -0.403853 -0.013204
vn -0.914729 -0.403853 -0.013204
vn -0.914729 -0.403853 -0.013204
vn -0.914729 -0.403853 -0.013204
vn -0.863353 -0.392442 -0.317191
vn -0.863353 -0.392442 -0.317191
vn -0.863353 -0.392442 -0.317191
vn -0.863353 -0.392442 -0.317191
vn 0.783240 -0.509848 0.355794
vn 0.783240 -0.509848 0.355794
vn 0.783240 -0.509848 0.355794
vn 0.783240 -0.509848 0.355794
vn 0.950751 -0.061468 0.303800
vn 0.950751 -0.061468 0.303800
vn 0.950751 -0.061468 0.303800
vn 0.950751 -0.061468 0.303800
vn 0.072790 -0.946899 0.313183
vn 0.072790 -0.946899 0.313183
vn 0.072790 -0.946899 0.313183
vn 0.072790 -0.946899 0.313183
vn 0.692258 -0.198995 0.693671
vn 0.692258 -0.198995 0.693671
vn 0.692258 -0.198995 0.693671
vn 0.692258 -0.198995 0.693671
vn -0.359092 0.286010 0.888398
vn -0.359092 0.286010 0.888398
vn -0.359092 0.286010 0.888398
vn -0.359092 0.286010 0.888398
vn -0.306441 0.381195 0.872229
vn -0.306441 0.381195 0.872229
vn -0.306441 0.381195 0.872229
vn -0.306441 0.381195 0.872229
vn 0.855222 0.091672 0.510089
vn 0.855222 0.091672 0.510089
vn 0.855222 0.091672 0.510089
vn 0.855222 0.091672 0.510089
vn 0.938685 -0.205504 0.276839
vn 0.938685 -0.205504 0.276839
vn 0.938685 -0.205504 0.276839
vn 0.938685 -0.205504 0.276839
vn 0.841889 -0.298189 0.449785
vn 0.841889 -0.298189 0.449785
vn 0.841889 -0.298189 0.449785
vn 0.841889 -0.298189 0.449785
vn 0.860197 -0.039363 0.508441
vn 0.860197 -0.039363 0.508441
vn 0.860197 -0.039363 0.508441
vn 0.860197 -0.039363 0.508441
vn 0.979523 -0.048012 0.195522
vn 0.979523 -0.048012 0.195522
vn 0.979523 -0.048012 0.195522
vn 0.979523 -0.048012 0.195522
vn 0.602154 -0.792808 -0.094164
vn 0.602154 -0.792808 -0.094164
vn 0.602154 -0.792808 -0.094164
vn 0.602154 -0.792808 -0.094164
vn 0.738517 -0.650912 -0.175805
vn 0.738517 -0.650912 -0.175805
vn 0.738517 -0.650912 -0.175805
vn 0.738517 -0.650912 -0.175805
vn 0.562978 -0.824857 0.051637
vn 0.562978 -0.824857 0.051637
vn 0.562978 -0.824857 0.051637
vn 0.562978 -0.824857 0.051637
vn 0.953345 0.096189 0.286147
vn 0.953345 0.096189 0.286147
vn 0.953345 0.096189 0.286147
vn 0.953345 0.096189 0.286147
vn 0.959953 -0.113398 0.256185
vn 0.959953 -0.113398 0.256185
vn 0.959953 -0.113398 0.256185
vn 0.959953 -0.113398 0.256185
vn 0.855879 0.085355 0.510084
vn 0.855879 0.085355 0.510084
vn 0.855879 0.085355 0.510084
vn 0.855879 0.085355 0.510084
vn 0.860680 -0.255309 0.440508
vn 0.860680 -0.255309 0.440508
vn 0.860680 -0.255309 0.440508
vn 0.860680 -0.255309 0.440508
vn 0.881418 -0.239227 0.407276
vn 0.881418 -0.239227 0.407276
vn 0.881418 -0.239227 0.407276
vn 0.881418 -0.239227 0.407276
vn 0.993520 -0.003651 0.113598
vn 0.993520 -0.003651 0.113598
vn 0.993520 -0.003651 0.113598
vn 0.993520 -0.003651 0.113598
vn 0.983355 -0.056307 0.172753
vn 0.983355 -0.056307 0.172753
vn 0.983355 -0.056307 0.172753
vn 0.983355 -0.056307 0.172753
vn 0.804521 -0.064291 0.590434
vn 0.804521 -0.064291 0.590434
vn 0.804521 -0.064291 0.590434
vn 0.804521 -0.064291 0.590434
vn 0.960220 0.022289 0.278354
vn 0.960220 0.022289 0.278354
vn 0.960220 0.022289 0.278354
vn 0.960220 0.022289 0.278354
vn 0.955556 -0.126258 0.266404
vn 0.955556 -0.126258 0.266404
vn 0.955556 -0.126258 0.266404
vn 0.955556 -0.126258 0.266404
vn 0.869598 -0.164291 0.465626
vn 0.869598 -0.164291 0.465626
vn 0.869598 -0.164291 0.465626
vn 0.869598 -0.164291 0.465626
vn 0.863552 -0.256692 0.434036
vn 0.863552 -0.256692 0.434036
vn 0.863552 -0.256692 0.434036
vn 0.863552 -0.256692 0.434036
vn 0.880310 -0.188336 0.435412
vn 0.880310 -0.188336 0.435412
vn 0.880310 -0.188336 0.435412
vn 0.880310 -0.188336 0.435412
vn 0.921250 -0.172005 0.348874
vn 0.921250 -0.172005 0.348874
vn 0.921250 -0.172005 0.348874
vn 0.921250 -0.172005 0.348874
vn 0.961419 -0.076718 0.264172
vn 0.961419 -0.076718 0.264172
vn 0.961419 -0.076718 0.264172
vn 0.961419 -0.076718 0.264172
vn 0.871020 -0.126431 0.474699
vn 0.871020 -0.126431 0.474699
vn 0.871020 -0.126431 0.474699
vn 0.871020 -0.126431 0.474699
vn 0.898868 -0.228048 0.374206
vn 0.898868 -0.228048 0.374206
vn 0.898868 -0.228048 0.374206
vn 0.898868 -0.228048 0.374206
vn 0.798280 -0.467304 -0.379970
vn 0.798280 -0.467304 -0.379970
vn 0.798280 -0.467304 -0.379970
vn 0.798280 -0.467304 -0.379970
vn 0.205782 0.402428 -0.892023
vn 0.205782 0.402428 -0.892023
vn 0.205782 0.402428 -0.892023
vn 0.205782 0.402428 -0.892023
vn 0.834966 -0.195745 -0.514310
vn 0.834966 -0.195745 -0.514310
vn 0.834966 -0.195745 -0.514310
vn 0.834966 -0.195745 -0.514310
vn 0.079386 0.132244 -0.988033
vn 0.079386 0.132244 -0.988033
vn 0.079386 0.132244 -0.988033
vn 0.079386 0.132244 -0.988033
vn 0.829725 -0.227342 -0.509777
vn 0.829725 -0.227342 -0.509777
vn 0.829725 -0.227342 -0.509777
vn 0.829725 -0.227342 -0.509777
vn 0.892805 -0.278792 -0.353800
vn 0.892805 -0.278792 -0.353800
vn 0.892805 -0.278792 -0.353800
vn 0.892805 -0.278792 -0.353800
vn 0.914215 -0.307907 -0.263446
vn 0.914215 -0.307907 -0.263446
vn 0.914215 -0.307907 -0.263446
vn 0.914215 -0.307907 -0.263446
vn -0.603477 0.373912 -0.704277
vn -0.603477 0.373912 -0.704277
vn -0.603477 0.373912 -0.704277
vn -0.603477 0.373912 -0.704277
vn -0.691040 0.201887 -0.694050
vn -0.691040 0.201887 -0.694050
vn -0.691040 0.201887 -0.694050
vn -0.691040 0.201887 -0.694050
vn -0.683230 0.233879 -0.691736
vn -0.683230 0.233879 -0.691736
vn -0.683230 0.233879 -0.691736
vn -0.683230 0.233879 -0.691736
vn -0.686062 0.018829 -0.727299
vn -0.686062 0.018829 -0.727299
vn -0.686062 0.018829 -0.727299
vn -0.686062 0.018829 -0.727299
vn -0.565662 0.332217 -0.754758
vn -0.565662 0.332217 -0.754758
vn -0.565662 0.332217 -0.754758
vn -0.565662 0.332217 -0.754758
vn -0.691728 0.464822 -0.552678
vn -0.691728 0.464822 -0.552678
vn -0.691728 0.464822 -0.552678
vn -0.691728 0.464822 -0.552678
vn -0.551749 0.341212 -0.761018
vn -0.551749 0.341212 -0.761018
vn -0.551749 0.341212 -0.761018
vn -0.551749 0.341212 -0.761018
vn -0.693679 0.517121 -0.501394
vn -0.693679 0.517121 -0.501394
vn -0.693679 0.517121 -0.501394
vn -0.693679 0.517121 -0.501394
vn -0.582151 0.465656 -0.666532
vn -0.582151 0.465656 -0.666532
vn -0.582151 0.465656 -0.666532
vn -0.582151 0.465656 -0.666532
vn -0.589457 -0.391072 -0.706826
vn -0.589457 -0.391072 -0.706826
vn -0.589457 -0.391072 -0.706826
vn -0.589457 -0.391072 -0.706826
vn -0.618360 -0.561715 -0.549642
vn -0.618360 -0.561715 -0.549642
vn -0.618360 -0.561715 -0.549642
vn -0.618360 -0.561715 -0.549642
vn -0.569834 -0.645359 -0.508725
vn -0.569834 -0.645359 -0.508725
vn -0.569834 -0.645359 -0.508725
vn -0.569834 -0.645359 -0.508725
vn 0.270174 0.259752 -0.927111
vn 0.270174 0.259752 -0.927111
vn 0.270174 0.259752 -0.927111
vn 0.270174 0.259752 -0.927111
vn 0.619937 -0.664469 -0.417324
vn 0.619937 -0.664469 -0.417324
vn 0.619937 -0.664469 -0.417324
vn 0.619937 -0.664469 -0.417324
vn 0.740923 -0.523727 -0.420409
vn 0.740923 -0.523727 -0.420409
vn 0.740923 -0.523727 -0.420409
vn 0.740923 -0.523727 -0.420409
vn 0.894577 -0.325628 -0.306103
vn 0.894577 -0.325628 -0.306103
vn 0.894577 -0.325628 -0.306103
vn 0.894577 -0.325628 -0.306103
vn -0.945983 0.180264 -0.269484
vn -0.945983 0.180264 -0.269484
vn -0.945983 0.180264 -0.269484
vn -0.945983 0.180264 -0.269484
vn -0.592082 -0.313621 -0.742348
vn -0.592082 -0.313621 -0.742348
vn -0.592082 -0.313621 -0.742348
vn -0.592082 -0.313621 -0.742348
vn -0.937596 -0.257035 0.234194
vn -0.937596 -0.257035 0.234194
vn -0.937596 -0.257035 0.234194
vn -0.937596 -0.257035 0.234194
vn -0.039966 0.946347 -0.320671
vn -0.039966 0.946347 -0.320671
vn -0.039966 0.946347 -0.320671
vn -0.039966 0.946347 -0.320671
vn -0.961173 0.207538 -0.181867
vn -0.961173 0.207538 -0.181867
vn -0.961173 0.207538 -0.181867
vn -0.961173 0.207538 -0.181867
vn -0.783502 0.475904 0.399551
vn -0.783502 0.475904 0.399551
vn -0.783502 0.475904 0.399551
vn -0.783502 0.475904 0.399551
vn -0.861532 -0.195456 0.468572
vn -0.861532 -0.195456 0.468572
vn -0.861532 -0.195456 0.468572
vn -0.861532 -0.195456 0.468572
vn -0.986580 -0.163208 -0.004883
vn -0.986580 -0.163208 -0.004883
vn -0.986580 -0.163208 -0.004883
vn -0.986580 -0.163208 -0.004883
vn -0.996434 -0.063829 0.055189
vn -0.996434 -0.063829 0.055189
vn -0.996434 -0.063829 0.055189
vn -0.996434 -0.063829 0.055189
vn -0.907761 0.336598 -0.250345
vn -0.907761 0.336598 -0.250345
vn -0.907761 0.336598 -0.250345
vn -0.907761 0.336598 -0.250345
vn -0.976585 0.088781 -0.195960
vn -0.976585 0.088781 -0.195960
vn -0.976585 0.088781 -0.195960
vn -0.976585 0.088781 -0.195960
vn -0.632388 0.681290 -0.368687
vn -0.632388 0.681290 -0.368687
vn -0.632388 0.681290 -0.368687
vn -0.632388 0.681290 -0.368687
vn -0.966973 0.106926 -0.231364
vn -0.966973 0.106926 -0.231364
vn -0.966973 0.106926 -0.231364
vn -0.966973 0.106926 -0.231364
vn -0.915465 -0.380778 0.130125
vn -0.915465 -0.380778 0.130125
vn -0.915465 -0.380778 0.130125
vn -0.915465 -0.380778 0.130125
vn 0.276482 0.887183 -0.369411
vn 0.276482 0.887183 -0.369411
vn 0.276482 0.887183 -0.369411
vn 0.276482 0.887183 -0.369411
vn -0.471885 -0.793258 -0.384794
vn -0.471885 -0.793258 -0.384794
vn -0.471885 -0.793258 -0.384794
vn -0.471885 -0.793258 -0.384794
vn -0.567878 -0.366487 -0.737023
vn -0.567878 -0.366487 -0.737023
vn -0.567878 -0.366487 -0.737023
vn -0.567878 -0.366487 -0.737023
vn -0.985332 0.164960 0.043691
vn -0.985332 0.164960 0.043691
vn -0.985332 0.164960 0.043691
vn -0.985332 0.164960 0.043691
vn -0.982384 0.175568 0.064016
vn -0.982384 0.175568 0.064016
vn -0.982384 0.175568 0.064016
vn -0.982384 0.175568 0.064016
vn -0.991340 0.113002 -0.066903
vn -0.991340 0.113002 -0.066903
vn -0.991340 0.113002 -0.066903
vn -0.991340 0.113002 -0.066903
vn -0.946803 0.320464 0.029444
vn -0.946803 0.320464 0.029444
vn -0.946803 0.320464 0.029444
vn -0.946803 0.320464 0.029444
vn -0.973626 0.226895 0.023880
vn -0.973626 0.226895 0.023880
vn -0.973626 0.226895 0.023880
vn -0.973626 0.226895 0.023880
vn -0.985568 0.160298 0.054415
vn -0.985568 0.160298 0.054415
vn -0.985568 0.160298 0.054415
vn -0.985568 0.160298 0.054415
vn -0.984811 0.169835 -0.036098
vn -0.984811 0.169835 -0.036098
vn -0.984811 0.169835 -0.036098
vn -0.984811 0.169835 -0.036098
vn -0.958080 0.213042 -0.191559
vn -0.958080 0.213042 -0.191559
vn -0.958080 0.213042 -0.191559
vn -0.958080 0.213042 -0.191559
vn -0.983936 0.148802 -0.098630
vn -0.983936 0.148802 -0.098630
vn -0.983936 0.148802 -0.098630
vn -0.983936 0.148802 -0.098630
vn -0.987022 0.153853 -0.046004
vn -0.987022 0.153853 -0.046004
vn -0.987022 0.153853 -0.046004
vn -0.987022 0.153853 -0.046004
vn -0.957939 0.211239 -0.194245
vn -0.957939 0.211239 -0.194245
vn -0.957939 0.211239 -0.194245
vn -0.957939 0.211239 -0.194245
vn -0.987560 0.156930 -0.009930
vn -0.987560 0.156930 -0.009930
vn -0.987560 0.156930 -0.009930
vn -0.987560 0.156930 -0.009930
vn -0.960787 0.235327 -0.146659
vn -0.960787 0.235327 -0.146659
vn -0.960787 0.235327 -0.146659
vn -0.960787 0.235327 -0.146659
vn -0.962125 0.214363 -0.168415
vn -0.962125 0.214363 -0.168415
vn -0.962125 0.214363 -0.168415
vn -0.962125 0.214363 -0.168415
vn -0.979062 0.174825 -0.104283
vn -0.979062 0.174825 -0.104283
vn -0.979062 0.174825 -0.104283
vn -0.979062 0.174825 -0.104283
vn -0.968177 0.139067 -0.208073
vn -0.968177 0.139067 -0.208073
vn -0.968177 0.139067 -0.208073
vn -0.968177 0.139067 -0.208073
vn -0.965316 -0.030303 -0.259322
vn -0.965316 -0.030303 -0.259322
vn -0.965316 -0.030303 -0.259322
vn -0.965316 -0.030303 -0.259322
vn -0.978622 0.200062 -0.047688
vn -0.978622 0.200062 -0.047688
vn -0.978622 0.200062 -0.047688
vn -0.978622 0.200062 -0.047688
vn -0.982114 0.177666 -0.062337
vn -0.982114 0.177666 -0.062337
vn -0.982114 0.177666 -0.062337
vn -0.982114 0.177666 -0.062337
vn -0.979404 0.201910 -0.000513
vn -0.979404 0.201910 -0.000513
vn -0.979404 0.201910 -0.000513
vn -0.979404 0.201910 -0.000513
vn -0.976709 0.213537 -0.020996
vn -0.976709 0.213537 -0.020996
vn -0.976709 0.213537 -0.020996
vn -0.976709 0.213537 -0.020996
vn -0.982453 0.184099 -0.029909
vn -0.982453 0.184099 -0.029909
vn -0.982453 0.184099 -0.029909
vn -0.982453 0.184099 -0.029909
vn -0.975123 0.221170 0.014834
vn -0.975123 0.221170 0.014834
vn -0.975123 0.221170 0.014834
vn -0.975123 0.221170 0.014834
vn -0.973997 0.224794 0.028236
vn -0.973997 0.224794 0.028236
vn -0.973997 0.224794 0.028236
vn -0.973997 0.224794 0.028236
vn -0.984809 0.172187 0.022412
vn -0.984809 0.172187 0.022412
vn -0.984809 0.172187 0.022412
vn -0.984809 0.172187 0.022412
vn -0.970415 0.241334 0.007314
vn -0.970415 0.241334 0.007314
vn -0.970415 0.241334 0.007314
vn -0.970415 0.241334 0.007314
vn -0.972534 0.232457 0.011875
vn -0.972534 0.232457 0.011875
vn -0.972534 0.232457 0.011875
vn -0.972534 0.232457 0.011875
vn -0.983718 0.179713 0.001743
vn -0.983718 0.179713 0.001743
vn -0.983718 0.179713 0.001743
vn -0.983718 0.179713 0.001743
vn -0.986214 0.164519 -0.017756
vn -0.986214 0.164519 -0.017756
vn -0.986214 0.164519 -0.017756
vn -0.986214 0.164519 -0.017756
vn -0.968714 0.214098 -0.125524
vn -0.968714 0.214098 -0.125524
vn -0.968714 0.214098 -0.125524
vn -0.968714 0.214098 -0.125524
vn -0.964644 0.197340 -0.174696
vn -0.964644 0.197340 -0.174696
vn -0.964644 0.197340 -0.174696
vn -0.964644 0.197340 -0.174696
vn -0.996080 0.085468 0.022798
vn -0.996080 0.085468 0.022798
vn -0.996080 0.085468 0.022798
vn -0.996080 0.085468 0.022798
vn -0.910564 0.411985 -0.033795
vn -0.910564 0.411985 -0.033795
vn -0.910564 0.411985 -0.033795
vn -0.910564 0.411985 -0.033795
vn -0.898690 0.392943 0.194814
vn -0.898690 0.392943 0.194814
vn -0.898690 0.392943 0.194814
vn -0.898690 0.392943 0.194814
vn -0.929228 0.364792 0.058841
vn -0.929228 0.364792 0.058841
vn -0.929228 0.364792 0.058841
vn -0.929228 0.364792 0.058841
vn -0.674621 0.704946 -0.218948
vn -0.674621 0.704946 -0.218948
vn -0.674621 0.704946 -0.218948
vn -0.674621 0.704946 -0.218948
vn -0.910841 0.317718 -0.263485
vn -0.910841 0.317718 -0.263485
vn -0.910841 0.317718 -0.263485
vn -0.910841 0.317718 -0.263485
vn -0.822656 -0.497446 0.275291
vn -0.822656 -0.497446 0.275291
vn -0.822656 -0.497446 0.275291
vn -0.822656 -0.497446 0.275291
vn -0.388015 0.921533 0.014853
vn -0.388015 0.921533 0.014853
vn -0.388015 0.921533 0.014853
vn -0.388015 0.921533 0.014853
vn -0.621256 0.761684 0.184060
vn -0.621256 0.761684 0.184060
vn -0.621256 0.761684 0.184060
vn -0.621256 0.761684 0.184060
vn -0.869975 0.449519 -0.202672
vn -0.869975 0.449519 -0.202672
vn -0.869975 0.449519 -0.202672
vn -0.869975 0.449519 -0.202672
vn -0.854314 0.283100 0.435893
vn -0.854314 0.283100 0.435893
vn -0.854314 0.283100 0.435893
vn -0.854314 0.283100 0.435893
vn -0.780916 -0.475045 0.405590
vn -0.780916 -0.475045 0.405590
vn -0.780916 -0.475045 0.405590
vn -0.780916 -0.475045 0.405590
vn -0.952166 0.259062 -0.162070
vn -0.952166 0.259062 -0.162070
vn -0.952166 0.259062 -0.162070
vn -0.952166 0.259062 -0.162070
vn -0.960030 0.248142 -0.129494
vn -0.960030 0.248142 -0.129494
vn -0.960030 0.248142 -0.129494
vn -0.960030 0.248142 -0.129494
vn -0.347420 0.892616 -0.287293
vn -0.347420 0.892616 -0.287293
vn -0.347420 0.892616 -0.287293
vn -0.347420 0.892616 -0.287293
vn -0.875413 0.432837 -0.215186
vn -0.875413 0.432837 -0.215186
vn -0.875413 0.432837 -0.215186
vn -0.875413 0.432837 -0.215186
vn -0.801951 -0.584428 0.123768
vn -0.801951 -0.584428 0.123768
vn -0.801951 -0.584428 0.123768
vn -0.801951 -0.584428 0.123768
vn -0.945456 0.269135 -0.183518
vn -0.945456 0.269135 -0.183518
vn -0.945456 0.269135 -0.183518
vn -0.945456 0.269135 -0.183518
vn -0.968908 -0.243940 -0.041373
vn -0.968908 -0.243940 -0.041373
vn -0.968908 -0.243940 -0.041373
vn -0.968908 -0.243940 -0.041373
vn 0.567023 0.810203 -0.148514
vn 0.567023 0.810203 -0.148514
vn 0.567023 0.810203 -0.148514
vn 0.567023 0.810203 -0.148514
vn -0.521108 -0.807104 0.277541
vn -0.521108 -0.807104 0.277541
vn -0.521108 -0.807104 0.277541
vn -0.521108 -0.807104 0.277541
vn -0.842041 0.475552 -0.254590
vn -0.842041 0.475552 -0.254590
vn -0.842041 0.475552 -0.254590
vn -0.842041 0.475552 -0.254590
vn -0.923223 0.008708 -0.384165
vn -0.923223 0.008708 -0.384165
vn -0.923223 0.008708 -0.384165
vn -0.923223 0.008708 -0.384165
vn -0.315333 -0.225401 -0.921824
vn -0.315333 -0.225401 -0.921824
vn -0.315333 -0.225401 -0.921824
vn -0.315333 -0.225401 -0.921824
vn -0.145512 0.875297 -0.461174
vn -0.145512 0.875297 -0.461174
vn -0.145512 0.875297 -0.461174
vn -0.145512 0.875297 -0.461174
vn -0.875756 -0.482126 0.024630
vn -0.875756 -0.482126 0.024630
vn -0.875756 -0.482126 0.024630
vn -0.875756 -0.482126 0.024630
vn -0.843711 -0.477945 -0.244379
vn -0.843711 -0.477945 -0.244379
vn -0.843711 -0.477945 -0.244379
vn -0.843711 -0.477945 -0.244379
vn -0.801770 0.182113 -0.569210
vn -0.801770 0.182113 -0.569210
vn -0.801770 0.182113 -0.569210
vn -0.801770 0.182113 -0.569210
vn -0.912686 0.264057 -0.311894
vn -0.912686 0.264057 -0.311894
vn -0.912686 0.264057 -0.311894
vn -0.912686 0.264057 -0.311894
vn -0.925778 0.326078 -0.191333
vn -0.925778 0.326078 -0.191333
vn -0.925778 0.326078 -0.191333
vn -0.925778 0.326078 -0.191333
vn -0.881584 0.455994 0.121979
vn -0.881584 0.455994 0.121979
vn -0.881584 0.455994 0.121979
vn -0.881584 0.455994 0.121979
vn 0.198868 0.895742 -0.397616
vn 0.198868 0.895742 -0.397616
vn 0.198868 0.895742 -0.397616
vn 0.198868 0.895742 -0.397616
vn 0.595406 -0.139796 -0.791169
vn 0.595406 -0.139796 -0.791169
vn 0.595406 -0.139796 -0.791169
vn 0.595406 -0.139796 -0.791169
vn -0.706964 -0.672191 0.219913
vn -0.706964 -0.672191 0.219913
vn -0.706964 -0.672191 0.219913
vn -0.706964 -0.672191 0.219913
vn -0.539369 0.179124 -0.822797
vn -0.539369 0.179124 -0.822797
vn -0.539369 0.179124 -0.822797
vn -0.539369 0.179124 -0.822797
vn -0.874872 0.416007 -0.248066
vn -0.874872 0.416007 -0.248066
vn -0.874872 0.416007 -0.248066
vn -0.874872 0.416007 -0.248066
vn -0.937069 0.347225 0.036564
vn -0.937069 0.347225 0.036564
vn -0.937069 0.347225 0.036564
vn -0.937069 0.347225 0.036564
vn -0.788791 -0.048072 -0.612779
vn -0.788791 -0.048072 -0.612779
vn -0.788791 -0.048072 -0.612779
vn -0.788791 -0.048072 -0.612779
vn -0.836885 0.448931 -0.313184
vn -0.836885 0.448931 -0.313184
vn -0.836885 0.448931 -0.313184
vn -0.836885 0.448931 -0.313184
vn -0.846998 0.198291 -0.493230
vn -0.846998 0.198291 -0.493230
vn -0.846998 0.198291 -0.493230
vn -0.846998 0.198291 -0.493230
vn -0.940757 0.338028 0.026696
vn -0.940757 0.338028 0.026696
vn -0.940757 0.338028 0.026696
vn -0.940757 0.338028 0.026696
vn -0.911837 0.350961 -0.213026
vn -0.911837 0.350961 -0.213026
vn -0.911837 0.350961 -0.213026
vn -0.911837 0.350961 -0.213026
vn -0.889815 0.332315 -0.312723
vn -0.889815 0.332315 -0.312723
vn -0.889815 0.332315 -0.312723
vn -0.889815 0.332315 -0.312723
vn -0.749696 0.652037 -0.113151
vn -0.749696 0.652037 -0.113151
vn -0.749696 0.652037 -0.113151
vn -0.749696 0.652037 -0.113151
vn -0.937455 0.337009 -0.087190
vn -0.937455 0.337009 -0.087190
vn -0.937455 0.337009 -0.087190
vn -0.937455 0.337009 -0.087190
vn -0.742825 0.633681 0.216009
vn -0.742825 0.633681 0.216009
vn -0.742825 0.633681 0.216009
vn -0.742825 0.633681 0.216009
vn -0.961759 0.273634 0.011990
vn -0.961759 0.273634 0.011990
vn -0.961759 0.273634 0.011990
vn -0.961759 0.273634 0.011990
vn -0.933083 0.354412 0.061218
vn -0.933083 0.354412 0.061218
vn -0.933083 0.354412 0.061218
vn -0.933083 0.354412 0.061218
vn -0.667986 0.268425 -0.694077
vn -0.667986 0.268425 -0.694077
vn -0.667986 0.268425 -0.694077
vn -0.667986 0.268425 -0.694077
vn 0.165827 0.963342 0.210886
vn 0.165827 0.963342 0.210886
vn 0.165827 0.963342 0.210886
vn 0.165827 0.963342 0.210886
vn -0.767898 0.640530 0.007356
vn -0.767898 0.640530 0.007356
vn -0.767898 0.640530 0.007356
vn -0.767898 0.640530 0.007356
vn -0.966696 0.251769 0.045946
vn -0.966696 0.251769 0.045946
vn -0.966696 0.251769 0.045946
vn -0.966696 0.251769 0.045946
vn -0.960207 0.276177 0.041575
vn -0.960207 0.276177 0.041575
vn -0.960207 0.276177 0.041575
vn -0.960207 0.276177 0.041575
vn -0.954345 0.247062 0.167887
vn -0.954345 0.247062 0.167887
vn -0.954345 0.247062 0.167887
vn -0.954345 0.247062 0.167887
vn -0.967825 0.245158 -0.056673
vn -0.967825 0.245158 -0.056673
vn -0.967825 0.245158 -0.056673
vn -0.967825 0.245158 -0.056673
vn -0.942206 0.334578 -0.017481
vn -0.942206 0.334578 -0.017481
vn -0.942206 0.334578 -0.017481
vn -0.942206 0.334578 -0.017481
vn -0.940293 0.340331 -0.004914
vn -0.940293 0.340331 -0.004914
vn -0.940293 0.340331 -0.004914
vn -0.940293 0.340331 -0.004914
vn -0.941514 0.316726 -0.115050
vn -0.941514 0.316726 -0.115050
vn -0.941514 0.316726 -0.115050
vn -0.941514 0.316726 -0.115050
vn -0.963753 0.168793 -0.206615
vn -0.963753 0.168793 -0.206615
vn -0.963753 0.168793 -0.206615
vn -0.963753 0.168793 -0.206615
vn -0.951852 0.208805 -0.224451
vn -0.951852 0.208805 -0.224451
vn -0.951852 0.208805 -0.224451
vn -0.951852 0.208805 -0.224451
vn -0.977214 0.190665 -0.093268
vn -0.977214 0.190665 -0.093268
vn -0.977214 0.190665 -0.093268
vn -0.977214 0.190665 -0.093268
vn -0.968636 0.229873 -0.094350
vn -0.968636 0.229873 -0.094350
vn -0.968636 0.229873 -0.094350
vn -0.968636 0.229873 -0.094350
vn -0.971098 0.060420 -0.230908
vn -0.971098 0.060420 -0.230908
vn -0.971098 0.060420 -0.230908
vn -0.971098 0.060420 -0.230908
vn -0.206977 -0.933913 0.291490
vn -0.206977 -0.933913 0.291490
vn -0.206977 -0.933913 0.291490
vn -0.206977 -0.933913 0.291490
vn 0.662136 -0.745722 0.073991
vn 0.662136 -0.745722 0.073991
vn 0.662136 -0.745722 0.073991
vn 0.662136 -0.745722 0.073991
vn -0.086028 -0.939034 0.332888
vn -0.086028 -0.939034 0.332888
vn -0.086028 -0.939034 0.332888
vn -0.086028 -0.939034 0.332888
vn 0.318591 -0.865381 0.386801
vn 0.318591 -0.865381 0.386801
vn 0.318591 -0.865381 0.386801
vn 0.318591 -0.865381 0.386801
vn 0.462010 -0.847937 0.259903
vn 0.462010 -0.847937 0.259903
vn 0.462010 -0.847937 0.259903
vn 0.462010 -0.847937 0.259903
vn 0.609399 -0.779004 0.147600
vn 0.609399 -0.779004 0.147600
vn 0.609399 -0.779004 0.147600
vn 0.609399 -0.779004 0.147600
vn 0.702798 -0.710083 0.043084
vn 0.702798 -0.710083 0.043084
vn 0.702798 -0.710083 0.043084
vn 0.702798 -0.710083 0.043084
vn 0.761904 -0.647159 -0.026226
vn 0.761904 -0.647159 -0.026226
vn 0.761904 -0.647159 -0.026226
vn 0.761904 -0.647159 -0.026226
vn 0.768965 -0.635401 -0.070418
vn 0.768965 -0.635401 -0.070418
vn 0.768965 -0.635401 -0.070418
vn 0.768965 -0.635401 -0.070418
vn 0.771827 -0.626888 -0.106276
vn 0.771827 -0.626888 -0.106276
vn 0.771827 -0.626888 -0.106276
vn 0.771827 -0.626888 -0.106276
vn 0.765577 -0.630916 -0.125847
vn 0.765577 -0.630916 -0.125847
vn 0.765577 -0.630916 -0.125847
vn 0.765577 -0.630916 -0.125847
vn 0.751125 -0.647840 -0.126940
vn 0.751125 -0.647840 -0.126940
vn 0.751125 -0.647840 -0.126940
vn 0.751125 -0.647840 -0.126940
vn 0.721835 -0.682707 -0.113424
vn 0.721835 -0.682707 -0.113424
vn 0.721835 -0.682707 -0.113424
vn 0.721835 -0.682707 -0.113424
vn 0.696821 -0.713292 -0.075205
vn 0.696821 -0.713292 -0.075205
vn 0.696821 -0.713292 -0.075205
vn 0.696821 -0.713292 -0.075205
vn 0.654662 -0.753018 -0.066191
vn 0.654662 -0.753018 -0.066191
vn 0.654662 -0.753018 -0.066191
vn 0.654662 -0.753018 -0.066191
vn 0.561788 -0.819274 -0.114825
vn 0.561788 -0.819274 -0.114825
vn 0.561788 -0.819274 -0.114825
vn 0.561788 -0.819274 -0.114825
vn 0.559774 -0.807100 -0.187733
vn 0.559774 -0.807100 -0.187733
vn 0.559774 -0.807100 -0.187733
vn 0.559774 -0.807100 -0.187733
vn 0.626670 -0.773609 -0.093883
vn 0.626670 -0.773609 -0.093883
vn 0.626670 -0.773609 -0.093883
vn 0.626670 -0.773609 -0.093883
vn 0.099442 -0.858538 0.503014
vn 0.099442 -0.858538 0.503014
vn 0.099442 -0.858538 0.503014
vn 0.099442 -0.858538 0.503014
vn -0.562444 0.689139 0.456886
vn -0.562444 0.689139 0.456886
vn -0.562444 0.689139 0.456886
vn -0.562444 0.689139 0.456886
vn -0.559046 0.705397 0.435756
vn -0.559046 0.705397 0.435756
vn -0.559046 0.705397 0.435756
vn -0.559046 0.705397 0.435756
vn -0.678970 0.696959 0.230755
vn -0.678970 0.696959 0.230755
vn -0.678970 0.696959 0.230755
vn -0.678970 0.696959 0.230755
vn -0.677010 0.715314 0.173159
vn -0.677010 0.715314 0.173159
vn -0.677010 0.715314 0.173159
vn -0.677010 0.715314 0.173159
vn -0.687477 0.711568 0.145073
vn -0.687477 0.711568 0.145073
vn -0.687477 0.711568 0.145073
vn -0.687477 0.711568 0.145073
vn -0.685883 0.716677 0.126250
vn -0.685883 0.716677 0.126250
vn -0.685883 0.716677 0.126250
vn -0.685883 0.716677 0.126250
vn -0.688444 0.712586 0.135148
vn -0.688444 0.712586 0.135148
vn -0.688444 0.712586 0.135148
vn -0.688444 0.712586 0.135148
vn -0.680551 0.720362 0.133899
vn -0.680551 0.720362 0.133899
vn -0.680551 0.720362 0.133899
vn -0.680551 0.720362 0.133899
vn -0.663494 0.738177 0.121946
vn -0.663494 0.738177 0.121946
vn -0.663494 0.738177 0.121946
vn -0.663494 0.738177 0.121946
vn -0.676050 0.731893 0.085379
vn -0.676050 0.731893 0.085379
vn -0.676050 0.731893 0.085379
vn -0.676050 0.731893 0.085379
vn -0.713015 0.700393 -0.032547
vn -0.713015 0.700393 -0.032547
vn -0.713015 0.700393 -0.032547
vn -0.713015 0.700393 -0.032547
vn -0.370649 0.923010 -0.103303
vn -0.370649 0.923010 -0.103303
vn -0.370649 0.923010 -0.103303
vn -0.370649 0.923010 -0.103303
vn -0.436387 0.895714 0.085224
vn -0.436387 0.895714 0.085224
vn -0.436387 0.895714 0.085224
vn -0.436387 0.895714 0.085224
vn -0.117206 -0.877743 0.464575
vn -0.117206 -0.877743 0.464575
vn -0.117206 -0.877743 0.464575
vn -0.117206 -0.877743 0.464575
vn 0.069585 -0.952976 0.294947
vn 0.069585 -0.952976 0.294947
vn 0.069585 -0.952976 0.294947
vn 0.069585 -0.952976 0.294947
vn -0.171330 -0.904502 0.390540
vn -0.171330 -0.904502 0.390540
vn -0.171330 -0.904502 0.390540
vn -0.171330 -0.904502 0.390540
vn -0.220814 -0.949859 0.221381
vn -0.220814 -0.949859 0.221381
vn -0.220814 -0.949859 0.221381
vn -0.220814 -0.949859 0.221381
vn -0.186675 -0.512301 -0.838272
vn -0.186675 -0.512301 -0.838272
vn -0.186675 -0.512301 -0.838272
vn -0.186675 -0.512301 -0.838272
vn -0.359655 0.887132 0.289215
vn -0.359655 0.887132 0.289215
vn -0.359655 0.887132 0.289215
vn -0.359655 0.887132 0.289215
vn -0.291055 0.933549 0.209222
vn -0.291055 0.933549 0.209222
vn -0.291055 0.933549 0.209222
vn -0.291055 0.933549 0.209222
vn -0.418928 0.840990 0.342398
vn -0.418928 0.840990 0.342398
vn -0.418928 0.840990 0.342398
vn -0.418928 0.840990 0.342398
vn -0.478381 0.786520 0.390561
vn -0.478381 0.786520 0.390561
vn -0.478381 0.786520 0.390561
vn -0.478381 0.786520 0.390561
vn -0.577955 0.672613 0.462125
vn -0.577955 0.672613 0.462125
vn -0.577955 0.672613 0.462125
vn -0.577955 0.672613 0.462125
vn -0.591479 0.701054 0.398342
vn -0.591479 0.701054 0.398342
vn -0.591479 0.701054 0.398342
vn -0.591479 0.701054 0.398342
vn -0.577496 0.731470 0.362561
vn -0.577496 0.731470 0.362561
vn -0.577496 0.731470 0.362561
vn -0.577496 0.731470 0.362561
vn -0.573354 0.749537 0.330846
vn -0.573354 0.749537 0.330846
vn -0.573354 0.749537 0.330846
vn -0.573354 0.749537 0.330846
vn -0.574961 0.765542 0.288731
vn -0.574961 0.765542 0.288731
vn -0.574961 0.765542 0.288731
vn -0.574961 0.765542 0.288731
vn -0.572484 0.777667 0.259799
vn -0.572484 0.777667 0.259799
vn -0.572484 0.777667 0.259799
vn -0.572484 0.777667 0.259799
vn -0.580789 0.786729 0.209144
vn -0.580789 0.786729 0.209144
vn -0.580789 0.786729 0.209144
vn -0.580789 0.786729 0.209144
vn -0.591192 0.789783 0.163510
vn -0.591192 0.789783 0.163510
vn -0.591192 0.789783 0.163510
vn -0.591192 0.789783 0.163510
vn -0.591722 0.796904 0.121695
vn -0.591722 0.796904 0.121695
vn -0.591722 0.796904 0.121695
vn -0.591722 0.796904 0.121695
vn -0.589881 0.804765 0.066277
vn -0.589881 0.804765 0.066277
vn -0.589881 0.804765 0.066277
vn -0.589881 0.804765 0.066277
vn -0.588600 0.807014 0.047741
vn -0.588600 0.807014 0.047741
vn -0.588600 0.807014 0.047741
vn -0.588600 0.807014 0.047741
vn -0.582944 0.811325 0.043916
vn -0.582944 0.811325 0.043916
vn -0.582944 0.811325 0.043916
vn -0.582944 0.811325 0.043916
vn -0.559033 0.826545 0.065615
vn -0.559033 0.826545 0.065615
vn -0.559033 0.826545 0.065615
vn -0.559033 0.826545 0.065615
vn -0.540078 0.841568 0.008899
vn -0.540078 0.841568 0.008899
vn -0.540078 0.841568 0.008899
vn -0.540078 0.841568 0.008899
vn -0.598683 0.786828 -0.149936
vn -0.598683 0.786828 -0.149936
vn -0.598683 0.786828 -0.149936
vn -0.598683 0.786828 -0.149936
vn -0.708417 0.365534 -0.603763
vn -0.708417 0.365534 -0.603763
vn -0.708417 0.365534 -0.603763
vn -0.708417 0.365534 -0.603763
vn -0.516194 0.468490 -0.716980
vn -0.516194 0.468490 -0.716980
vn -0.516194 0.468490 -0.716980
vn -0.516194 0.468490 -0.716980
vn -0.359713 0.673932 -0.645308
vn -0.359713 0.673932 -0.645308
vn -0.359713 0.673932 -0.645308
vn -0.359713 0.673932 -0.645308
vn -0.725074 0.459828 -0.512666
vn -0.725074 0.459828 -0.512666
vn -0.725074 0.459828 -0.512666
vn -0.725074 0.459828 -0.512666
vn -0.834790 0.364817 -0.412353
vn -0.834790 0.364817 -0.412353
vn -0.834790 0.364817 -0.412353
vn -0.834790 0.364817 -0.412353
vn -0.061930 0.008874 -0.998041
vn -0.061930 0.008874 -0.998041
vn -0.061930 0.008874 -0.998041
vn -0.061930 0.008874 -0.998041
vn -0.933453 0.304070 -0.190283
vn -0.933453 0.304070 -0.190283
vn -0.933453 0.304070 -0.190283
vn -0.933453 0.304070 -0.190283
vn -0.253411 -0.133107 -0.958157
vn -0.253411 -0.133107 -0.958157
vn -0.253411 -0.133107 -0.958157
vn -0.253411 -0.133107 -0.958157
vn -0.426258 -0.309747 -0.849918
vn -0.426258 -0.309747 -0.849918
vn -0.426258 -0.309747 -0.849918
vn -0.426258 -0.309747 -0.849918
vn -0.556418 -0.326483 -0.764073
vn -0.556418 -0.326483 -0.764073
vn -0.556418 -0.326483 -0.764073
vn -0.556418 -0.326483 -0.764073
vn -0.925727 0.066564 -0.372290
vn -0.925727 0.066564 -0.372290
vn -0.925727 0.066564 -0.372290
vn -0.925727 0.066564 -0.372290
vn -0.970829 0.183803 -0.153975
vn -0.970829 0.183803 -0.153975
vn -0.970829 0.183803 -0.153975
vn -0.970829 0.183803 -0.153975
vn -0.946174 0.086749 -0.311816
vn -0.946174 0.086749 -0.311816
vn -0.946174 0.086749 -0.311816
vn -0.946174 0.086749 -0.311816
vn -0.978016 0.189722 -0.086550
vn -0.978016 0.189722 -0.086550
vn -0.978016 0.189722 -0.086550
vn -0.978016 0.189722 -0.086550
vn -0.960711 0.168945 -0.220210
vn -0.960711 0.168945 -0.220210
vn -0.960711 0.168945 -0.220210
vn -0.960711 0.168945 -0.220210
vn -0.879724 0.282087 -0.382769
vn -0.879724 0.282087 -0.382769
vn -0.879724 0.282087 -0.382769
vn -0.879724 0.282087 -0.382769
vn -0.930658 0.161598 -0.328272
vn -0.930658 0.161598 -0.328272
vn -0.930658 0.161598 -0.328272
vn -0.930658 0.161598 -0.328272
vn -0.956089 0.220981 -0.192514
vn -0.956089 0.220981 -0.192514
vn -0.956089 0.220981 -0.192514
vn -0.956089 0.220981 -0.192514
vn -0.982582 0.133296 -0.129476
vn -0.982582 0.133296 -0.129476
vn -0.982582 0.133296 -0.129476
vn -0.982582 0.133296 -0.129476
vn -0.989370 0.095021 -0.110078
vn -0.989370 0.095021 -0.110078
vn -0.989370 0.095021 -0.110078
vn -0.989370 0.095021 -0.110078
vn -0.960770 0.176125 -0.214244
vn -0.960770 0.176125 -0.214244
vn -0.960770 0.176125 -0.214244
vn -0.960770 0.176125 -0.214244
vn -0.917317 0.271858 -0.290900
vn -0.917317 0.271858 -0.290900
vn -0.917317 0.271858 -0.290900
vn -0.917317 0.271858 -0.290900
vn -0.929900 0.289462 -0.226932
vn -0.929900 0.289462 -0.226932
vn -0.929900 0.289462 -0.226932
vn -0.929900 0.289462 -0.226932
vn -0.979130 0.141097 -0.146275
vn -0.979130 0.141097 -0.146275
vn -0.979130 0.141097 -0.146275
vn -0.979130 0.141097 -0.146275
vn -0.958985 0.220874 -0.177660
vn -0.958985 0.220874 -0.177660
vn -0.958985 0.220874 -0.177660
vn -0.958985 0.220874 -0.177660
vn -0.947062 0.280318 -0.156512
vn -0.947062 0.280318 -0.156512
vn -0.947062 0.280318 -0.156512
vn -0.947062 0.280318 -0.156512
vn -0.942461 0.283375 -0.177386
vn -0.942461 0.283375 -0.177386
vn -0.942461 0.283375 -0.177386
vn -0.942461 0.283375 -0.177386
vn -0.965269 0.208327 -0.157657
vn -0.965269 0.208327 -0.157657
vn -0.965269 0.208327 -0.157657
vn -0.965269 0.208327 -0.157657
vn -0.961068 0.243599 -0.130417
vn -0.961068 0.243599 -0.130417
vn -0.961068 0.243599 -0.130417
vn -0.961068 0.243599 -0.130417
vn -0.948839 0.275650 -0.154020
vn -0.948839 0.275650 -0.154020
vn -0.948839 0.275650 -0.154020
vn -0.948839 0.275650 -0.154020
vn -0.948940 0.239343 -0.205495
vn -0.948940 0.239343 -0.205495
vn -0.948940 0.239343 -0.205495
vn -0.948940 0.239343 -0.205495
vn -0.737695 0.528689 0.419874
vn -0.737695 0.528689 0.419874
vn -0.737695 0.528689 0.419874
vn -0.737695 0.528689 0.419874
vn 0.050649 0.237041 0.970178
vn 0.050649 0.237041 0.970178
vn 0.050649 0.237041 0.970178
vn 0.050649 0.237041 0.970178
vn 0.545630 0.689606 0.476162
vn 0.545630 0.689606 0.476162
vn 0.545630 0.689606 0.476162
vn 0.545630 0.689606 0.476162
vn -0.004174 -0.985106 -0.171896
vn -0.004174 -0.985106 -0.171896
vn -0.004174 -0.985106 -0.171896
vn -0.004174 -0.985106 -0.171896
vn 0.945361 -0.038922 0.323695
vn 0.945361 -0.038922 0.323695
vn 0.945361 -0.038922 0.323695
vn 0.945361 -0.038922 0.323695
vn 0.956879 0.015079 0.290095
vn 0.956879 0.015079 0.290095
vn 0.956879 0.015079 0.290095
vn 0.956879 0.015079 0.290095
vn 0.943768 0.086095 0.319202
vn 0.943768 0.086095 0.319202
vn 0.943768 0.086095 0.319202
vn 0.943768 0.086095 0.319202
vn 0.901288 0.142315 0.409177
vn 0.901288 0.142315 0.409177
vn 0.901288 0.142315 0.409177
vn 0.901288 0.142315 0.409177
vn 0.821728 0.204814 0.531802
vn 0.821728 0.204814 0.531802
vn 0.821728 0.204814 0.531802
vn 0.821728 0.204814 0.531802
vn 0.709632 0.250400 0.658576
vn 0.709632 0.250400 0.658576
vn 0.709632 0.250400 0.658576
vn 0.709632 0.250400 0.658576
vn 0.716872 0.316369 0.621294
vn 0.716872 0.316369 0.621294
vn 0.716872 0.316369 0.621294
vn 0.716872 0.316369 0.621294
vn 0.688804 0.102293 0.717695
vn 0.688804 0.102293 0.717695
vn 0.688804 0.102293 0.717695
vn 0.688804 0.102293 0.717695
vn 0.500414 -0.165327 0.849854
vn 0.500414 -0.165327 0.849854
vn 0.500414 -0.165327 0.849854
vn 0.500414 -0.165327 0.849854
vn 0.964136 -0.128020 0.232494
vn 0.964136 -0.128020 0.232494
vn 0.964136 -0.128020 0.232494
vn 0.964136 -0.128020 0.232494
vn 0.911844 -0.135275 0.387611
vn 0.911844 -0.135275 0.387611
vn 0.911844 -0.135275 0.387611
vn 0.911844 -0.135275 0.387611
vn 0.965133 0.251220 0.073527
vn 0.965133 0.251220 0.073527
vn 0.965133 0.251220 0.073527
vn 0.965133 0.251220 0.073527
vn 0.949649 -0.015032 0.312955
vn 0.949649 -0.015032 0.312955
vn 0.949649 -0.015032 0.312955
vn 0.949649 -0.015032 0.312955
vn 0.136005 -0.989695 0.044790
vn 0.136005 -0.989695 0.044790
vn 0.136005 -0.989695 0.044790
vn 0.136005 -0.989695 0.044790
vn 0.608252 -0.191660 0.770257
vn 0.608252 -0.191660 0.770257
vn 0.608252 -0.191660 0.770257
vn 0.608252 -0.191660 0.770257
vn 0.120319 -0.848835 0.514784
vn 0.120319 -0.848835 0.514784
vn 0.120319 -0.848835 0.514784
vn 0.120319 -0.848835 0.514784
vn 0.920828 -0.239108 0.308065
vn 0.920828 -0.239108 0.308065
vn 0.920828 -0.239108 0.308065
vn 0.920828 -0.239108 0.308065
vn 0.924447 -0.268627 0.270623
vn 0.924447 -0.268627 0.270623
vn 0.924447 -0.268627 0.270623
vn 0.924447 -0.268627 0.270623
vn 0.891838 -0.322426 0.317279
vn 0.891838 -0.322426 0.317279
vn 0.891838 -0.322426 0.317279
vn 0.891838 -0.322426 0.317279
vn 0.856408 -0.345469 0.383687
vn 0.856408 -0.345469 0.383687
vn 0.856408 -0.345469 0.383687
vn 0.856408 -0.345469 0.383687
vn 0.815965 -0.283106 0.504037
vn 0.815965 -0.283106 0.504037
vn 0.815965 -0.283106 0.504037
vn 0.815965 -0.283106 0.504037
vn 0.765069 -0.108795 0.634691
vn 0.765069 -0.108795 0.634691
vn 0.765069 -0.108795 0.634691
vn 0.765069 -0.108795 0.634691
vn 0.802100 0.154858 0.576763
vn 0.802100 0.154858 0.576763
vn 0.802100 0.154858 0.576763
vn 0.802100 0.154858 0.576763
vn 0.487670 0.153162 0.859488
vn 0.487670 0.153162 0.859488
vn 0.487670 0.153162 0.859488
vn 0.487670 0.153162 0.859488
vn 0.555634 -0.093698 0.826131
vn 0.555634 -0.093698 0.826131
vn 0.555634 -0.093698 0.826131
vn 0.555634 -0.093698 0.826131
vn 0.981608 0.146859 0.121975
vn 0.981608 0.146859 0.121975
vn 0.981608 0.146859 0.121975
vn 0.981608 0.146859 0.121975
vn 0.946735 0.013910 0.321714
vn 0.946735 0.013910 0.321714
vn 0.946735 0.013910 0.321714
vn 0.946735 0.013910 0.321714
vn 0.952159 -0.156187 0.262675
vn 0.952159 -0.156187 0.262675
vn 0.952159 -0.156187 0.262675
vn 0.952159 -0.156187 0.262675
vn 0.909206 -0.238434 0.341313
vn 0.909206 -0.238434 0.341313
vn 0.909206 -0.238434 0.341313
vn 0.909206 -0.238434 0.341313
vn -0.120321 -0.848835 0.514784
vn -0.120321 -0.848835 0.514784
vn -0.120321 -0.848835 0.514784
vn -0.120321 -0.848835 0.514784
vn 0.347000 -0.294618 0.890388
vn 0.347000 -0.294618 0.890388
vn 0.347000 -0.294618 0.890388
vn 0.347000 -0.294618 0.890388
vn -0.539043 0.144965 0.829709
vn -0.539043 0.144965 0.829709
vn -0.539043 0.144965 0.829709
vn -0.539043 0.144965 0.829709
vn 0.448925 -0.883861 0.131366
vn 0.448925 -0.883861 0.131366
vn 0.448925 -0.883861 0.131366
vn 0.448925 -0.883861 0.131366
vn 0.456541 -0.871216 0.180425
vn 0.456541 -0.871216 0.180425
vn 0.456541 -0.871216 0.180425
vn 0.456541 -0.871216 0.180425
vn 0.444048 -0.869762 0.215254
vn 0.444048 -0.869762 0.215254
vn 0.444048 -0.869762 0.215254
vn 0.444048 -0.869762 0.215254
vn 0.423848 -0.870251 0.251028
vn 0.423848 -0.870251 0.251028
vn 0.423848 -0.870251 0.251028
vn 0.423848 -0.870251 0.251028
vn 0.329162 -0.881502 0.338535
vn 0.329162 -0.881502 0.338535
vn 0.329162 -0.881502 0.338535
vn 0.329162 -0.881502 0.338535
vn 0.370446 -0.868957 0.328151
vn 0.370446 -0.868957 0.328151
vn 0.370446 -0.868957 0.328151
vn 0.370446 -0.868957 0.328151
vn 0.504454 -0.654119 0.563608
vn 0.504454 -0.654119 0.563608
vn 0.504454 -0.654119 0.563608
vn 0.504454 -0.654119 0.563608
vn 0.713999 -0.653875 0.250307
vn 0.713999 -0.653875 0.250307
vn 0.713999 -0.653875 0.250307
vn 0.713999 -0.653875 0.250307
vn 0.512242 -0.787734 0.342175
vn 0.512242 -0.787734 0.342175
vn 0.512242 -0.787734 0.342175
vn 0.512242 -0.787734 0.342175
vn 0.445259 -0.863010 0.238659
vn 0.445259 -0.863010 0.238659
vn 0.445259 -0.863010 0.238659
vn 0.445259 -0.863010 0.238659
vn 0.425696 -0.888655 0.170514
vn 0.425696 -0.888655 0.170514
vn 0.425696 -0.888655 0.170514
vn 0.425696 -0.888655 0.170514
vn 0.143966 -0.987719 0.060710
vn 0.143966 -0.987719 0.060710
vn 0.143966 -0.987719 0.060710
vn 0.143966 -0.987719 0.060710
vn 0.137001 -0.985368 0.101392
vn 0.137001 -0.985368 0.101392
vn 0.137001 -0.985368 0.101392
vn 0.137001 -0.985368 0.101392
vn 0.144413 -0.980566 0.132799
vn 0.144413 -0.980566 0.132799
vn 0.144413 -0.980566 0.132799
vn 0.144413 -0.980566 0.132799
vn 0.121830 -0.973974 0.191132
vn 0.121830 -0.973974 0.191132
vn 0.121830 -0.973974 0.191132
vn 0.121830 -0.973974 0.191132
vn 0.151577 -0.949826 0.273596
vn 0.151577 -0.949826 0.273596
vn 0.151577 -0.949826 0.273596
vn 0.151577 -0.949826 0.273596
vn 0.263877 -0.949185 0.171513
vn 0.263877 -0.949185 0.171513
vn 0.263877 -0.949185 0.171513
vn 0.263877 -0.949185 0.171513
vn 0.469696 -0.659670 0.586703
vn 0.469696 -0.659670 0.586703
vn 0.469696 -0.659670 0.586703
vn 0.469696 -0.659670 0.586703
vn 0.138473 -0.966038 0.218166
vn 0.138473 -0.966038 0.218166
vn 0.138473 -0.966038 0.218166
vn 0.138473 -0.966038 0.218166
vn 0.148349 -0.962780 0.225936
vn 0.148349 -0.962780 0.225936
vn 0.148349 -0.962780 0.225936
vn 0.148349 -0.962780 0.225936
vn 0.161080 -0.969193 0.186330
vn 0.161080 -0.969193 0.186330
vn 0.161080 -0.969193 0.186330
vn 0.161080 -0.969193 0.186330
vn 0.157874 -0.982148 0.102278
vn 0.157874 -0.982148 0.102278
vn 0.157874 -0.982148 0.102278
vn 0.157874 -0.982148 0.102278
vn 0.046164 -0.996790 0.065414
vn 0.046164 -0.996790 0.065414
vn 0.046164 -0.996790 0.065414
vn 0.046164 -0.996790 0.065414
vn 0.053113 -0.995781 0.074829
vn 0.053113 -0.995781 0.074829
vn 0.053113 -0.995781 0.074829
vn 0.053113 -0.995781 0.074829
vn 0.046549 -0.991481 0.121654
vn 0.046549 -0.991481 0.121654
vn 0.046549 -0.991481 0.121654
vn 0.046549 -0.991481 0.121654
vn 0.019926 -0.977595 0.209550
vn 0.019926 -0.977595 0.209550
vn 0.019926 -0.977595 0.209550
vn 0.019926 -0.977595 0.209550
vn 0.036780 -0.986942 0.156824
vn 0.036780 -0.986942 0.156824
vn 0.036780 -0.986942 0.156824
vn 0.036780 -0.986942 0.156824
vn 0.152597 -0.985258 0.077332
vn 0.152597 -0.985258 0.077332
vn 0.152597 -0.985258 0.077332
vn 0.152597 -0.985258 0.077332
vn 0.327864 -0.717867 0.614144
vn 0.327864 -0.717867 0.614144
vn 0.327864 -0.717867 0.614144
vn 0.327864 -0.717867 0.614144
vn -0.107872 -0.974103 0.198714
vn -0.107872 -0.974103 0.198714
vn -0.107872 -0.974103 0.198714
vn -0.107872 -0.974103 0.198714
vn -0.063615 -0.981444 0.180889
vn -0.063615 -0.981444 0.180889
vn -0.063615 -0.981444 0.180889
vn -0.063615 -0.981444 0.180889
vn -0.020006 -0.989849 0.140710
vn -0.020006 -0.989849 0.140710
vn -0.020006 -0.989849 0.140710
vn -0.020006 -0.989849 0.140710
vn 0.026731 -0.997330 0.067951
vn 0.026731 -0.997330 0.067951
vn 0.026731 -0.997330 0.067951
vn 0.026731 -0.997330 0.067951
vn -0.203625 -0.978786 0.022678
vn -0.203625 -0.978786 0.022678
vn -0.203625 -0.978786 0.022678
vn -0.203625 -0.978786 0.022678
vn -0.181261 -0.979261 0.090517
vn -0.181261 -0.979261 0.090517
vn -0.181261 -0.979261 0.090517
vn -0.181261 -0.979261 0.090517
vn -0.153900 -0.974685 0.162182
vn -0.153900 -0.974685 0.162182
vn -0.153900 -0.974685 0.162182
vn -0.153900 -0.974685 0.162182
vn -0.139819 -0.975998 0.166966
vn -0.139819 -0.975998 0.166966
vn -0.139819 -0.975998 0.166966
vn -0.139819 -0.975998 0.166966
vn -0.068010 -0.816751 0.572968
vn -0.068010 -0.816751 0.572968
vn -0.068010 -0.816751 0.572968
vn -0.068010 -0.816751 0.572968
vn -0.021914 -0.999663 0.013922
vn -0.021914 -0.999663 0.013922
vn -0.021914 -0.999663 0.013922
vn -0.021914 -0.999663 0.013922
vn -0.123239 -0.967887 0.219105
vn -0.123239 -0.967887 0.219105
vn -0.123239 -0.967887 0.219105
vn -0.123239 -0.967887 0.219105
vn -0.235869 -0.930429 0.280478
vn -0.235869 -0.930429 0.280478
vn -0.235869 -0.930429 0.280478
vn -0.235869 -0.930429 0.280478
vn -0.268748 -0.946881 0.176610
vn -0.268748 -0.946881 0.176610
vn -0.268748 -0.946881 0.176610
vn -0.268748 -0.946881 0.176610
vn -0.265677 -0.961467 0.070698
vn -0.265677 -0.961467 0.070698
vn -0.265677 -0.961467 0.070698
vn -0.265677 -0.961467 0.070698
vn -0.234262 -0.971809 0.026629
vn -0.234262 -0.971809 0.026629
vn -0.234262 -0.971809 0.026629
vn -0.234262 -0.971809 0.026629
vn -0.219015 -0.420741 0.880346
vn -0.219015 -0.420741 0.880346
vn -0.219015 -0.420741 0.880346
vn -0.219015 -0.420741 0.880346
vn -0.306155 -0.607948 0.732577
vn -0.306155 -0.607948 0.732577
vn -0.306155 -0.607948 0.732577
vn -0.306155 -0.607948 0.732577
vn -0.128450 -0.979179 -0.157192
vn -0.128450 -0.979179 -0.157192
vn -0.128450 -0.979179 -0.157192
vn -0.128450 -0.979179 -0.157192
vn 0.071852 -0.680382 -0.729327
vn 0.071852 -0.680382 -0.729327
vn 0.071852 -0.680382 -0.729327
vn 0.071852 -0.680382 -0.729327
vn -0.133136 -0.833478 -0.536273
vn -0.133136 -0.833478 -0.536273
vn -0.133136 -0.833478 -0.536273
vn -0.133136 -0.833478 -0.536273
vn 0.128451 -0.979175 -0.157217
vn 0.128451 -0.979175 -0.157217
vn 0.128451 -0.979175 -0.157217
vn 0.128451 -0.979175 -0.157217
vn 0.133337 -0.833487 -0.536210
vn 0.133337 -0.833487 -0.536210
vn 0.133337 -0.833487 -0.536210
vn 0.133337 -0.833487 -0.536210
vn 0.536664 0.143735 0.831464
vn 0.536664 0.143735 0.831464
vn 0.536664 0.143735 0.831464
vn 0.536664 0.143735 0.831464
vn 0.203623 -0.978787 0.022681
vn 0.203623 -0.978787 0.022681
vn 0.203623 -0.978787 0.022681
vn 0.203623 -0.978787 0.022681
vn 0.181260 -0.979261 0.090513
vn 0.181260 -0.979261 0.090513
vn 0.181260 -0.979261 0.090513
vn 0.181260 -0.979261 0.090513
vn 0.153900 -0.974685 0.162182
vn 0.153900 -0.974685 0.162182
vn 0.153900 -0.974685 0.162182
vn 0.153900 -0.974685 0.162182
vn -0.152644 -0.039174 0.987505
vn -0.152644 -0.039174 0.987505
vn -0.152644 -0.039174 0.987505
vn -0.152644 -0.039174 0.987505
vn -0.201776 -0.149518 0.967952
vn -0.201776 -0.149518 0.967952
vn -0.201776 -0.149518 0.967952
vn -0.201776 -0.149518 0.967952
vn 0.139818 -0.975999 0.166964
vn 0.139818 -0.975999 0.166964
vn 0.139818 -0.975999 0.166964
vn 0.139818 -0.975999 0.166964
vn -0.048891 -0.696710 -0.715685
vn -0.048891 -0.696710 -0.715685
vn -0.048891 -0.696710 -0.715685
vn -0.048891 -0.696710 -0.715685
vn 0.070842 -0.815525 0.574370
vn 0.070842 -0.815525 0.574370
vn 0.070842 -0.815525 0.574370
vn 0.070842 -0.815525 0.574370
vn 0.022435 -0.999654 0.013701
vn 0.022435 -0.999654 0.013701
vn 0.022435 -0.999654 0.013701
vn 0.022435 -0.999654 0.013701
vn -0.517728 0.345201 -0.782811
vn -0.517728 0.345201 -0.782811
vn -0.517728 0.345201 -0.782811
vn -0.517728 0.345201 -0.782811
vn -0.150025 -0.047249 -0.987553
vn -0.150025 -0.047249 -0.987553
vn -0.150025 -0.047249 -0.987553
vn -0.150025 -0.047249 -0.987553
vn -0.972450 -0.218080 -0.082351
vn -0.972450 -0.218080 -0.082351
vn -0.972450 -0.218080 -0.082351
vn -0.972450 -0.218080 -0.082351
vn -0.934476 -0.303975 -0.185348
vn -0.934476 -0.303975 -0.185348
vn -0.934476 -0.303975 -0.185348
vn -0.934476 -0.303975 -0.185348
vn -0.867538 -0.427746 -0.253793
vn -0.867538 -0.427746 -0.253793
vn -0.867538 -0.427746 -0.253793
vn -0.867538 -0.427746 -0.253793
vn -0.825919 -0.476411 -0.301482
vn -0.825919 -0.476411 -0.301482
vn -0.825919 -0.476411 -0.301482
vn -0.825919 -0.476411 -0.301482
vn -0.780525 -0.537672 -0.318889
vn -0.780525 -0.537672 -0.318889
vn -0.780525 -0.537672 -0.318889
vn -0.780525 -0.537672 -0.318889
vn -0.748547 -0.587001 -0.308395
vn -0.748547 -0.587001 -0.308395
vn -0.748547 -0.587001 -0.308395
vn -0.748547 -0.587001 -0.308395
vn -0.698010 -0.557351 -0.449602
vn -0.698010 -0.557351 -0.449602
vn -0.698010 -0.557351 -0.449602
vn -0.698010 -0.557351 -0.449602
vn -0.663237 -0.472148 -0.580683
vn -0.663237 -0.472148 -0.580683
vn -0.663237 -0.472148 -0.580683
vn -0.663237 -0.472148 -0.580683
vn -0.693984 -0.408557 -0.592847
vn -0.693984 -0.408557 -0.592847
vn -0.693984 -0.408557 -0.592847
vn -0.693984 -0.408557 -0.592847
vn -0.631960 -0.292931 -0.717508
vn -0.631960 -0.292931 -0.717508
vn -0.631960 -0.292931 -0.717508
vn -0.631960 -0.292931 -0.717508
vn -0.458347 -0.234951 -0.857156
vn -0.458347 -0.234951 -0.857156
vn -0.458347 -0.234951 -0.857156
vn -0.458347 -0.234951 -0.857156
vn -0.431674 -0.239856 -0.869555
vn -0.431674 -0.239856 -0.869555
vn -0.431674 -0.239856 -0.869555
vn -0.431674 -0.239856 -0.869555
vn -0.168011 -0.319369 -0.932618
vn -0.168011 -0.319369 -0.932618
vn -0.168011 -0.319369 -0.932618
vn -0.168011 -0.319369 -0.932618
vn -0.139972 -0.361649 -0.921747
vn -0.139972 -0.361649 -0.921747
vn -0.139972 -0.361649 -0.921747
vn -0.139972 -0.361649 -0.921747
vn -0.042537 -0.416521 -0.908130
vn -0.042537 -0.416521 -0.908130
vn -0.042537 -0.416521 -0.908130
vn -0.042537 -0.416521 -0.908130
vn -0.382305 0.867494 0.318272
vn -0.382305 0.867494 0.318272
vn -0.382305 0.867494 0.318272
vn -0.382305 0.867494 0.318272
vn -0.833211 -0.542608 0.106470
vn -0.833211 -0.542608 0.106470
vn -0.833211 -0.542608 0.106470
vn -0.833211 -0.542608 0.106470
vn -0.412203 -0.911053 0.008498
vn -0.412203 -0.911053 0.008498
vn -0.412203 -0.911053 0.008498
vn -0.412203 -0.911053 0.008498
vn -0.207873 -0.977549 -0.034450
vn -0.207873 -0.977549 -0.034450
vn -0.207873 -0.977549 -0.034450
vn -0.207873 -0.977549 -0.034450
vn -0.034228 -0.999112 -0.024581
vn -0.034228 -0.999112 -0.024581
vn -0.034228 -0.999112 -0.024581
vn -0.034228 -0.999112 -0.024581
vn -0.884292 -0.466499 -0.020177
vn -0.884292 -0.466499 -0.020177
vn -0.884292 -0.466499 -0.020177
vn -0.884292 -0.466499 -0.020177
vn -0.479281 -0.877607 0.009834
vn -0.479281 -0.877607 0.009834
vn -0.479281 -0.877607 0.009834
vn -0.479281 -0.877607 0.009834
vn -0.229285 -0.973215 -0.016742
vn -0.229285 -0.973215 -0.016742
vn -0.229285 -0.973215 -0.016742
vn -0.229285 -0.973215 -0.016742
vn -0.024699 -0.999520 -0.018693
vn -0.024699 -0.999520 -0.018693
vn -0.024699 -0.999520 -0.018693
vn -0.024699 -0.999520 -0.018693
vn -0.350869 0.903469 0.246241
vn -0.350869 0.903469 0.246241
vn -0.350869 0.903469 0.246241
vn -0.350869 0.903469 0.246241
vn -0.365076 0.854282 -0.370028
vn -0.365076 0.854282 -0.370028
vn -0.365076 0.854282 -0.370028
vn -0.365076 0.854282 -0.370028
vn 0.745801 0.612637 -0.261642
vn 0.745801 0.612637 -0.261642
vn 0.745801 0.612637 -0.261642
vn 0.745801 0.612637 -0.261642
vn 0.715104 0.597174 0.363330
vn 0.715104 0.597174 0.363330
vn 0.715104 0.597174 0.363330
vn 0.715104 0.597174 0.363330
vn 0.997598 0.039096 -0.057185
vn 0.997598 0.039096 -0.057185
vn 0.997598 0.039096 -0.057185
vn 0.997598 0.039096 -0.057185
vn -0.062894 0.810443 0.582432
vn -0.062894 0.810443 0.582432
vn -0.062894 0.810443 0.582432
vn -0.062894 0.810443 0.582432
vn 0.318327 0.784416 0.532316
vn 0.318327 0.784416 0.532316
vn 0.318327 0.784416 0.532316
vn 0.318327 0.784416 0.532316
vn 0.123239 -0.967886 0.219107
vn 0.123239 -0.967886 0.219107
vn 0.123239 -0.967886 0.219107
vn 0.123239 -0.967886 0.219107
vn 0.235868 -0.930428 0.280481
vn 0.235868 -0.930428 0.280481
vn 0.235868 -0.930428 0.280481
vn 0.235868 -0.930428 0.280481
vn 0.274348 -0.808411 -0.520773
vn 0.274348 -0.808411 -0.520773
vn 0.274348 -0.808411 -0.520773
vn 0.274348 -0.808411 -0.520773
vn 0.374921 -0.779559 -0.501719
vn 0.374921 -0.779559 -0.501719
vn 0.374921 -0.779559 -0.501719
vn 0.374921 -0.779559 -0.501719
vn 0.916773 -0.322649 -0.235426
vn 0.916773 -0.322649 -0.235426
vn 0.916773 -0.322649 -0.235426
vn 0.916773 -0.322649 -0.235426
vn 0.268747 -0.946882 0.176604
vn 0.268747 -0.946882 0.176604
vn 0.268747 -0.946882 0.176604
vn 0.268747 -0.946882 0.176604
vn -0.274229 -0.808429 -0.520809
vn -0.274229 -0.808429 -0.520809
vn -0.274229 -0.808429 -0.520809
vn -0.274229 -0.808429 -0.520809
vn -0.374931 -0.779556 -0.501716
vn -0.374931 -0.779556 -0.501716
vn -0.374931 -0.779556 -0.501716
vn -0.374931 -0.779556 -0.501716
vn -0.916847 -0.322532 -0.235296
vn -0.916847 -0.322532 -0.235296
vn -0.916847 -0.322532 -0.235296
vn -0.916847 -0.322532 -0.235296
vn -0.976604 -0.141009 -0.162362
vn -0.976604 -0.141009 -0.162362
vn -0.976604 -0.141009 -0.162362
vn -0.976604 -0.141009 -0.162362
vn -0.983928 -0.083731 -0.157720
vn -0.983928 -0.083731 -0.157720
vn -0.983928 -0.083731 -0.157720
vn -0.983928 -0.083731 -0.157720
vn -0.986828 0.161766 0.001390
vn -0.986828 0.161766 0.001390
vn -0.986828 0.161766 0.001390
vn -0.986828 0.161766 0.001390
vn -0.685864 0.630246 0.363843
vn -0.685864 0.630246 0.363843
vn -0.685864 0.630246 0.363843
vn -0.685864 0.630246 0.363843
vn -0.000683 0.825544 0.564338
vn -0.000683 0.825544 0.564338
vn -0.000683 0.825544 0.564338
vn -0.000683 0.825544 0.564338
vn -0.143011 0.534335 -0.833087
vn -0.143011 0.534335 -0.833087
vn -0.143011 0.534335 -0.833087
vn -0.143011 0.534335 -0.833087
vn -0.479489 0.413032 -0.774270
vn -0.479489 0.413032 -0.774270
vn -0.479489 0.413032 -0.774270
vn -0.479489 0.413032 -0.774270
vn -0.409059 0.417849 -0.811217
vn -0.409059 0.417849 -0.811217
vn -0.409059 0.417849 -0.811217
vn -0.409059 0.417849 -0.811217
vn -0.451172 0.320397 -0.832941
vn -0.451172 0.320397 -0.832941
vn -0.451172 0.320397 -0.832941
vn -0.451172 0.320397 -0.832941
vn -0.506018 0.221814 -0.833513
vn -0.506018 0.221814 -0.833513
vn -0.506018 0.221814 -0.833513
vn -0.506018 0.221814 -0.833513
vn -0.474766 0.098770 -0.874552
vn -0.474766 0.098770 -0.874552
vn -0.474766 0.098770 -0.874552
vn -0.474766 0.098770 -0.874552
vn -0.256631 0.111729 -0.960030
vn -0.256631 0.111729 -0.960030
vn -0.256631 0.111729 -0.960030
vn -0.256631 0.111729 -0.960030
vn -0.179517 0.268121 -0.946512
vn -0.179517 0.268121 -0.946512
vn -0.179517 0.268121 -0.946512
vn -0.179517 0.268121 -0.946512
vn -0.142107 0.432760 -0.890238
vn -0.142107 0.432760 -0.890238
vn -0.142107 0.432760 -0.890238
vn -0.142107 0.432760 -0.890238
vn -0.736060 0.632126 -0.242140
vn -0.736060 0.632126 -0.242140
vn -0.736060 0.632126 -0.242140
vn -0.736060 0.632126 -0.242140
vn -0.674570 0.655897 -0.338753
vn -0.674570 0.655897 -0.338753
vn -0.674570 0.655897 -0.338753
vn -0.674570 0.655897 -0.338753
vn -0.694957 0.629451 -0.347601
vn -0.694957 0.629451 -0.347601
vn -0.694957 0.629451 -0.347601
vn -0.694957 0.629451 -0.347601
vn -0.605440 0.627407 -0.489697
vn -0.605440 0.627407 -0.489697
vn -0.605440 0.627407 -0.489697
vn -0.605440 0.627407 -0.489697
vn -0.596850 0.546683 -0.587288
vn -0.596850 0.546683 -0.587288
vn -0.596850 0.546683 -0.587288
vn -0.596850 0.546683 -0.587288
vn 0.108063 0.924354 0.365913
vn 0.108063 0.924354 0.365913
vn 0.108063 0.924354 0.365913
vn 0.108063 0.924354 0.365913
vn 0.000000 0.938287 -0.345857
vn 0.000000 0.938287 -0.345857
vn 0.000000 0.938287 -0.345857
vn 0.000000 0.938287 -0.345857
vn 0.128558 0.978333 0.162286
vn 0.128558 0.978333 0.162286
vn 0.128558 0.978333 0.162286
vn 0.128558 0.978333 0.162286
vn 0.058231 0.942452 0.329232
vn 0.058231 0.942452 0.329232
vn 0.058231 0.942452 0.329232
vn 0.058231 0.942452 0.329232
vn 0.000000 0.953407 -0.301689
vn 0.000000 0.953407 -0.301689
vn 0.000000 0.953407 -0.301689
vn 0.000000 0.953407 -0.301689
vn 0.061626 0.995823 -0.067367
vn 0.061626 0.995823 -0.067367
vn 0.061626 0.995823 -0.067367
vn 0.061626 0.995823 -0.067367
vn 0.000000 0.981337 -0.192295
vn 0.000000 0.981337 -0.192295
vn 0.000000 0.981337 -0.192295
vn 0.000000 0.981337 -0.192295
vn 0.000000 0.978759 0.205015
vn 0.000000 0.978759 0.205015
vn 0.000000 0.978759 0.205015
vn 0.000000 0.978759 0.205015
vn 0.106632 0.895835 0.431404
vn 0.106632 0.895835 0.431404
vn 0.106632 0.895835 0.431404
vn 0.106632 0.895835 0.431404
vn 0.114353 0.989080 0.092975
vn 0.114353 0.989080 0.092975
vn 0.114353 0.989080 0.092975
vn 0.114353 0.989080 0.092975
vn 0.120771 0.984477 0.127359
vn 0.120771 0.984477 0.127359
vn 0.120771 0.984477 0.127359
vn 0.120771 0.984477 0.127359
vn -0.730368 0.678738 -0.076666
vn -0.730368 0.678738 -0.076666
vn -0.730368 0.678738 -0.076666
vn -0.730368 0.678738 -0.076666
vn -0.726961 0.663046 -0.178599
vn -0.726961 0.663046 -0.178599
vn -0.726961 0.663046 -0.178599
vn -0.726961 0.663046 -0.178599
vn 0.115576 0.958854 0.259311
vn 0.115576 0.958854 0.259311
vn 0.115576 0.958854 0.259311
vn 0.115576 0.958854 0.259311
vn 0.998119 0.002771 0.061240
vn 0.998119 0.002771 0.061240
vn 0.998119 0.002771 0.061240
vn 0.998119 0.002771 0.061240
vn 0.813883 0.059192 0.578006
vn 0.813883 0.059192 0.578006
vn 0.813883 0.059192 0.578006
vn 0.813883 0.059192 0.578006
vn 0.954475 0.013485 0.297987
vn 0.954475 0.013485 0.297987
vn 0.954475 0.013485 0.297987
vn 0.954475 0.013485 0.297987
vn 0.869273 0.022349 0.493826
vn 0.869273 0.022349 0.493826
vn 0.869273 0.022349 0.493826
vn 0.869273 0.022349 0.493826
vn 0.999987 -0.000227 -0.005016
vn 0.999987 -0.000227 -0.005016
vn 0.999987 -0.000227 -0.005016
vn 0.999987 -0.000227 -0.005016
vn 0.999996 0.000130 0.002871
vn 0.999996 0.000130 0.002871
vn 0.999996 0.000130 0.002871
vn 0.999996 0.000130 0.002871
vn 0.856930 0.023303 0.514906
vn 0.856930 0.023303 0.514906
vn 0.856930 0.023303 0.514906
vn 0.856930 0.023303 0.514906
vn 0.870531 0.022249 0.491611
vn 0.870531 0.022249 0.491611
vn 0.870531 0.022249 0.491611
vn 0.870531 0.022249 0.491611
vn 0.748286 0.266405 0.607533
vn 0.748286 0.266405 0.607533
vn 0.748286 0.266405 0.607533
vn 0.748286 0.266405 0.607533
vn 0.999131 -0.005510 -0.041312
vn 0.999131 -0.005510 -0.041312
vn 0.999131 -0.005510 -0.041312
vn 0.999131 -0.005510 -0.041312
vn 0.289882 0.948201 0.129936
vn 0.289882 0.948201 0.129936
vn 0.289882 0.948201 0.129936
vn 0.289882 0.948201 0.129936
vn 0.172283 0.979677 0.102719
vn 0.172283 0.979677 0.102719
vn 0.172283 0.979677 0.102719
vn 0.172283 0.979677 0.102719
vn 0.485086 0.840529 0.241252
vn 0.485086 0.840529 0.241252
vn 0.485086 0.840529 0.241252
vn 0.485086 0.840529 0.241252
vn 0.183309 0.971975 0.147179
vn 0.183309 0.971975 0.147179
vn 0.183309 0.971975 0.147179
vn 0.183309 0.971975 0.147179
vn 0.397292 0.915201 0.067574
vn 0.397292 0.915201 0.067574
vn 0.397292 0.915201 0.067574
vn 0.397292 0.915201 0.067574
vn 0.582056 0.812938 -0.018498
vn 0.582056 0.812938 -0.018498
vn 0.582056 0.812938 -0.018498
vn 0.582056 0.812938 -0.018498
vn 0.130342 0.912759 0.387146
vn 0.130342 0.912759 0.387146
vn 0.130342 0.912759 0.387146
vn 0.130342 0.912759 0.387146
vn 0.121328 0.958443 0.258199
vn 0.121328 0.958443 0.258199
vn 0.121328 0.958443 0.258199
vn 0.121328 0.958443 0.258199
vn 0.650741 0.701830 0.289776
vn 0.650741 0.701830 0.289776
vn 0.650741 0.701830 0.289776
vn 0.650741 0.701830 0.289776
vn 0.645121 0.719979 -0.255830
vn 0.645121 0.719979 -0.255830
vn 0.645121 0.719979 -0.255830
vn 0.645121 0.719979 -0.255830
vn 0.000000 0.979737 0.200287
vn 0.000000 0.979737 0.200287
vn 0.000000 0.979737 0.200287
vn 0.000000 0.979737 0.200287
vn -0.019430 0.981505 0.190448
vn -0.019430 0.981505 0.190448
vn -0.019430 0.981505 0.190448
vn -0.019430 0.981505 0.190448
vn 0.000000 0.982171 0.187991
vn 0.000000 0.982171 0.187991
vn 0.000000 0.982171 0.187991
vn 0.000000 0.982171 0.187991
vn 0.000000 0.991850 0.127409
vn 0.000000 0.991850 0.127409
vn 0.000000 0.991850 0.127409
vn 0.000000 0.991850 0.127409
vn 0.000000 0.987235 0.159268
vn 0.000000 0.987235 0.159268
vn 0.000000 0.987235 0.159268
vn 0.000000 0.987235 0.159268
vn 0.000000 0.998245 0.059221
vn 0.000000 0.998245 0.059221
vn 0.000000 0.998245 0.059221
vn 0.000000 0.998245 0.059221
vn 0.000000 0.966788 0.255581
vn 0.000000 0.966788 0.255581
vn 0.000000 0.966788 0.255581
vn 0.000000 0.966788 0.255581
vn 0.000000 0.969870 0.243622
vn 0.000000 0.969870 0.243622
vn 0.000000 0.969870 0.243622
vn 0.000000 0.969870 0.243622
vn 0.000000 0.998977 -0.045211
vn 0.000000 0.998977 -0.045211
vn 0.000000 0.998977 -0.045211
vn 0.000000 0.998977 -0.045211
vn 0.000000 0.974225 -0.225577
vn 0.000000 0.974225 -0.225577
vn 0.000000 0.974225 -0.225577
vn 0.000000 0.974225 -0.225577
vn 0.255152 0.220583 0.941404
vn 0.255152 0.220583 0.941404
vn 0.255152 0.220583 0.941404
vn 0.255152 0.220583 0.941404
vn 0.548940 0.089938 0.831009
vn 0.548940 0.089938 0.831009
vn 0.548940 0.089938 0.831009
vn 0.548940 0.089938 0.831009
vn 0.425529 0.146441 0.893017
vn 0.425529 0.146441 0.893017
vn 0.425529 0.146441 0.893017
vn 0.425529 0.146441 0.893017
vn -0.025775 0.234456 0.971785
vn -0.025775 0.234456 0.971785
vn -0.025775 0.234456 0.971785
vn -0.025775 0.234456 0.971785
vn 0.079174 0.238217 0.967979
vn 0.079174 0.238217 0.967979
vn 0.079174 0.238217 0.967979
vn 0.079174 0.238217 0.967979
vn -0.130598 0.962513 0.237724
vn -0.130598 0.962513 0.237724
vn -0.130598 0.962513 0.237724
vn -0.130598 0.962513 0.237724
vn -0.012984 0.997707 0.066420
vn -0.012984 0.997707 0.066420
vn -0.012984 0.997707 0.066420
vn -0.012984 0.997707 0.066420
vn -0.018755 0.997473 0.068521
vn -0.018755 0.997473 0.068521
vn -0.018755 0.997473 0.068521
vn -0.321127 0.936352 -0.141855
vn -0.321127 0.936352 -0.141855
vn -0.321127 0.936352 -0.141855
vn -0.321127 0.936352 -0.141855
vn -0.474535 0.873846 -0.105881
vn -0.474535 0.873846 -0.105881
vn -0.474535 0.873846 -0.105881
vn -0.474535 0.873846 -0.105881
vn -0.121306 0.185624 -0.975104
vn -0.121306 0.185624 -0.975104
vn -0.121306 0.185624 -0.975104
vn -0.121306 0.185624 -0.975104
vn -0.331852 -0.696418 0.636299
vn -0.331852 -0.696418 0.636299
vn -0.331852 -0.696418 0.636299
vn -0.331852 -0.696418 0.636299
vn -0.155082 -0.967444 0.200002
vn -0.155082 -0.967444 0.200002
vn -0.155082 -0.967444 0.200002
vn -0.155082 -0.967444 0.200002
vn 0.989439 0.098847 -0.106021
vn 0.989439 0.098847 -0.106021
vn 0.989439 0.098847 -0.106021
vn 0.989439 0.098847 -0.106021
vn 0.388956 0.910943 0.137460
vn 0.388956 0.910943 0.137460
vn 0.388956 0.910943 0.137460
vn 0.388956 0.910943 0.137460
vn -0.279208 0.261643 0.923897
vn -0.279208 0.261643 0.923897
vn -0.279208 0.261643 0.923897
vn -0.279208 0.261643 0.923897
vn 0.335917 0.873703 -0.351857
vn 0.335917 0.873703 -0.351857
vn 0.335917 0.873703 -0.351857
vn 0.335917 0.873703 -0.351857
vn 0.533760 -0.784475 -0.315752
vn 0.533760 -0.784475 -0.315752
vn 0.533760 -0.784475 -0.315752
vn 0.533760 -0.784475 -0.315752
vn 0.639995 0.763158 -0.089415
vn 0.639995 0.763158 -0.089415
vn 0.639995 0.763158 -0.089415
vn 0.639995 0.763158 -0.089415
vn 0.342341 0.938593 -0.042971
vn 0.342341 0.938593 -0.042971
vn 0.342341 0.938593 -0.042971
vn 0.342341 0.938593 -0.042971
vn -0.298296 -0.936531 0.184196
vn -0.298296 -0.936531 0.184196
vn -0.298296 -0.936531 0.184196
vn -0.298296 -0.936531 0.184196
vn -0.529917 -0.842779 -0.094403
vn -0.529917 -0.842779 -0.094403
vn -0.529917 -0.842779 -0.094403
vn -0.529917 -0.842779 -0.094403
vn -0.586639 -0.758011 -0.285085
vn -0.586639 -0.758011 -0.285085
vn -0.586639 -0.758011 -0.285085
vn -0.586639 -0.758011 -0.285085
vn -0.448480 -0.852830 -0.267483
vn -0.448480 -0.852830 -0.267483
vn -0.448480 -0.852830 -0.267483
vn -0.448480 -0.852830 -0.267483
vn -0.728286 -0.679848 -0.086059
vn -0.728286 -0.679848 -0.086059
vn -0.728286 -0.679848 -0.086059
vn -0.728286 -0.679848 -0.086059
vn -0.718198 -0.691815 -0.074721
vn -0.718198 -0.691815 -0.074721
vn -0.718198 -0.691815 -0.074721
vn -0.718198 -0.691815 -0.074721
vn -0.714069 -0.695328 -0.081390
vn -0.714069 -0.695328 -0.081390
vn -0.714069 -0.695328 -0.081390
vn -0.714069 -0.695328 -0.081390
vn -0.720533 -0.688362 -0.083604
vn -0.720533 -0.688362 -0.083604
vn -0.720533 -0.688362 -0.083604
vn -0.720533 -0.688362 -0.083604
vn -0.618216 -0.784976 -0.040279
vn -0.618216 -0.784976 -0.040279
vn -0.618216 -0.784976 -0.040279
vn -0.618216 -0.784976 -0.040279
vn -0.552202 -0.785519 -0.279345
vn -0.552202 -0.785519 -0.279345
vn -0.552202 -0.785519 -0.279345
vn -0.552202 -0.785519 -0.279345
vn -0.704407 -0.700601 -0.113878
vn -0.704407 -0.700601 -0.113878
vn -0.704407 -0.700601 -0.113878
vn -0.704407 -0.700601 -0.113878
vn -0.748416 -0.654333 -0.108272
vn -0.748416 -0.654333 -0.108272
vn -0.748416 -0.654333 -0.108272
vn -0.748416 -0.654333 -0.108272
vn -0.725087 -0.679135 -0.114125
vn -0.725087 -0.679135 -0.114125
vn -0.725087 -0.679135 -0.114125
vn -0.725087 -0.679135 -0.114125
vn -0.735298 -0.669842 -0.103190
vn -0.735298 -0.669842 -0.103190
vn -0.735298 -0.669842 -0.103190
vn -0.735298 -0.669842 -0.103190
vn -0.719844 -0.693446 -0.030931
vn -0.719844 -0.693446 -0.030931
vn -0.719844 -0.693446 -0.030931
vn -0.719844 -0.693446 -0.030931
vn -0.755943 -0.653293 -0.041939
vn -0.755943 -0.653293 -0.041939
vn -0.755943 -0.653293 -0.041939
vn -0.755943 -0.653293 -0.041939
vn -0.788583 -0.614884 0.007386
vn -0.788583 -0.614884 0.007386
vn -0.788583 -0.614884 0.007386
vn -0.788583 -0.614884 0.007386
vn -0.475204 -0.854596 -0.209397
vn -0.475204 -0.854596 -0.209397
vn -0.475204 -0.854596 -0.209397
vn -0.475204 -0.854596 -0.209397
vn -0.623020 -0.751146 -0.218233
vn -0.623020 -0.751146 -0.218233
vn -0.623020 -0.751146 -0.218233
vn -0.623020 -0.751146 -0.218233
vn -0.688508 -0.701290 -0.184795
vn -0.688508 -0.701290 -0.184795
vn -0.688508 -0.701290 -0.184795
vn -0.688508 -0.701290 -0.184795
vn -0.757744 -0.636798 -0.142523
vn -0.757744 -0.636798 -0.142523
vn -0.757744 -0.636798 -0.142523
vn -0.757744 -0.636798 -0.142523
vn -0.748312 -0.648714 -0.138563
vn -0.748312 -0.648714 -0.138563
vn -0.748312 -0.648714 -0.138563
vn -0.748312 -0.648714 -0.138563
vn -0.796656 -0.596553 -0.097286
vn -0.796656 -0.596553 -0.097286
vn -0.796656 -0.596553 -0.097286
vn -0.796656 -0.596553 -0.097286
vn -0.797849 -0.600638 -0.051679
vn -0.797849 -0.600638 -0.051679
vn -0.797849 -0.600638 -0.051679
vn -0.797849 -0.600638 -0.051679
vn -0.508802 -0.859726 -0.044631
vn -0.508802 -0.859726 -0.044631
vn -0.508802 -0.859726 -0.044631
vn -0.508802 -0.859726 -0.044631
vn -0.689986 -0.708906 -0.146191
vn -0.689986 -0.708906 -0.146191
vn -0.689986 -0.708906 -0.146191
vn -0.689986 -0.708906 -0.146191
vn -0.754774 -0.642968 -0.130031
vn -0.754774 -0.642968 -0.130031
vn -0.754774 -0.642968 -0.130031
vn -0.754774 -0.642968 -0.130031
vn -0.739604 -0.659276 -0.135430
vn -0.739604 -0.659276 -0.135430
vn -0.739604 -0.659276 -0.135430
vn -0.739604 -0.659276 -0.135430
vn -0.764808 -0.635570 -0.105448
vn -0.764808 -0.635570 -0.105448
vn -0.764808 -0.635570 -0.105448
vn -0.764808 -0.635570 -0.105448
vn -0.776179 -0.629448 -0.036632
vn -0.776179 -0.629448 -0.036632
vn -0.776179 -0.629448 -0.036632
vn -0.776179 -0.629448 -0.036632
vn -0.402202 -0.886273 -0.229681
vn -0.402202 -0.886273 -0.229681
vn -0.402202 -0.886273 -0.229681
vn -0.402202 -0.886273 -0.229681
vn -0.560587 -0.803233 -0.201394
vn -0.560587 -0.803233 -0.201394
vn -0.560587 -0.803233 -0.201394
vn -0.560587 -0.803233 -0.201394
vn -0.683641 -0.706051 -0.184731
vn -0.683641 -0.706051 -0.184731
vn -0.683641 -0.706051 -0.184731
vn -0.683641 -0.706051 -0.184731
vn -0.762630 -0.633789 -0.129257
vn -0.762630 -0.633789 -0.129257
vn -0.762630 -0.633789 -0.129257
vn -0.762630 -0.633789 -0.129257
vn -0.763059 -0.638916 -0.097615
vn -0.763059 -0.638916 -0.097615
vn -0.763059 -0.638916 -0.097615
vn -0.763059 -0.638916 -0.097615
vn -0.797385 -0.601156 -0.052803
vn -0.797385 -0.601156 -0.052803
vn -0.797385 -0.601156 -0.052803
vn -0.797385 -0.601156 -0.052803
vn -0.787159 -0.616236 -0.025176
vn -0.787159 -0.616236 -0.025176
vn -0.787159 -0.616236 -0.025176
vn -0.787159 -0.616236 -0.025176
vn -0.319774 -0.934828 -0.154409
vn -0.319774 -0.934828 -0.154409
vn -0.319774 -0.934828 -0.154409
vn -0.319774 -0.934828 -0.154409
vn -0.485284 -0.862112 -0.145815
vn -0.485284 -0.862112 -0.145815
vn -0.485284 -0.862112 -0.145815
vn -0.485284 -0.862112 -0.145815
vn -0.646640 -0.753286 -0.120068
vn -0.646640 -0.753286 -0.120068
vn -0.646640 -0.753286 -0.120068
vn -0.646640 -0.753286 -0.120068
vn -0.765998 -0.636276 -0.091648
vn -0.765998 -0.636276 -0.091648
vn -0.765998 -0.636276 -0.091648
vn -0.765998 -0.636276 -0.091648
vn -0.786550 -0.615463 -0.050452
vn -0.786550 -0.615463 -0.050452
vn -0.786550 -0.615463 -0.050452
vn -0.786550 -0.615463 -0.050452
vn -0.799772 -0.599985 -0.019544
vn -0.799772 -0.599985 -0.019544
vn -0.799772 -0.599985 -0.019544
vn -0.799772 -0.599985 -0.019544
vn -0.787054 -0.616002 -0.032979
vn -0.787054 -0.616002 -0.032979
vn -0.787054 -0.616002 -0.032979
vn -0.787054 -0.616002 -0.032979
vn -0.606185 -0.775095 -0.178235
vn -0.606185 -0.775095 -0.178235
vn -0.606185 -0.775095 -0.178235
vn -0.606185 -0.775095 -0.178235
vn -0.605973 -0.774884 -0.179867
vn -0.605973 -0.774884 -0.179867
vn -0.605973 -0.774884 -0.179867
vn -0.605973 -0.774884 -0.179867
vn -0.579246 -0.791548 -0.194749
vn -0.579246 -0.791548 -0.194749
vn -0.579246 -0.791548 -0.194749
vn -0.579246 -0.791548 -0.194749
vn -0.615982 -0.747827 -0.247632
vn -0.615982 -0.747827 -0.247632
vn -0.615982 -0.747827 -0.247632
vn -0.615982 -0.747827 -0.247632
vn -0.391217 -0.913885 0.108462
vn -0.391217 -0.913885 0.108462
vn -0.391217 -0.913885 0.108462
vn -0.391217 -0.913885 0.108462
vn -0.296423 -0.920740 -0.253716
vn -0.296423 -0.920740 -0.253716
vn -0.296423 -0.920740 -0.253716
vn -0.296423 -0.920740 -0.253716
vn -0.700046 -0.689583 -0.185503
vn -0.700046 -0.689583 -0.185503
vn -0.700046 -0.689583 -0.185503
vn -0.700046 -0.689583 -0.185503
vn -0.536246 -0.829647 -0.155328
vn -0.536246 -0.829647 -0.155328
vn -0.536246 -0.829647 -0.155328
vn -0.536246 -0.829647 -0.155328
vn 0.667327 0.668878 0.327531
vn 0.667327 0.668878 0.327531
vn 0.667327 0.668878 0.327531
vn 0.667327 0.668878 0.327531
vn 0.640986 0.686162 0.343975
vn 0.640986 0.686162 0.343975
vn 0.640986 0.686162 0.343975
vn 0.640986 0.686162 0.343975
vn 0.427987 0.637244 0.640896
vn 0.427987 0.637244 0.640896
vn 0.427987 0.637244 0.640896
vn 0.427987 0.637244 0.640896
vn 0.424401 0.532777 0.732142
vn 0.424401 0.532777 0.732142
vn 0.424401 0.532777 0.732142
vn 0.424401 0.532777 0.732142
vn 0.558176 0.761197 0.330180
vn 0.558176 0.761197 0.330180
vn 0.558176 0.761197 0.330180
vn 0.558176 0.761197 0.330180
vn 0.578046 0.756165 0.306721
vn 0.578046 0.756165 0.306721
vn 0.578046 0.756165 0.306721
vn 0.578046 0.756165 0.306721
vn 0.639322 0.729484 0.243148
vn 0.639322 0.729484 0.243148
vn 0.639322 0.729484 0.243148
vn 0.639322 0.729484 0.243148
vn 0.908636 0.417546 0.006087
vn 0.908636 0.417546 0.006087
vn 0.908636 0.417546 0.006087
vn 0.908636 0.417546 0.006087
vn 0.117833 0.847192 0.518055
vn 0.117833 0.847192 0.518055
vn 0.117833 0.847192 0.518055
vn 0.117833 0.847192 0.518055
vn 0.507526 0.827210 0.241125
vn 0.507526 0.827210 0.241125
vn 0.507526 0.827210 0.241125
vn 0.507526 0.827210 0.241125
vn 0.618961 0.763234 0.185371
vn 0.618961 0.763234 0.185371
vn 0.618961 0.763234 0.185371
vn 0.618961 0.763234 0.185371
vn 0.660370 0.736095 0.148581
vn 0.660370 0.736095 0.148581
vn 0.660370 0.736095 0.148581
vn 0.660370 0.736095 0.148581
vn 0.219599 0.938468 0.266560
vn 0.219599 0.938468 0.266560
vn 0.219599 0.938468 0.266560
vn 0.219599 0.938468 0.266560
vn 0.662778 0.745022 0.075282
vn 0.662778 0.745022 0.075282
vn 0.662778 0.745022 0.075282
vn 0.662778 0.745022 0.075282
vn 0.727223 0.623909 0.286156
vn 0.727223 0.623909 0.286156
vn 0.727223 0.623909 0.286156
vn 0.727223 0.623909 0.286156
vn 0.325983 0.915554 0.235575
vn 0.325983 0.915554 0.235575
vn 0.325983 0.915554 0.235575
vn 0.325983 0.915554 0.235575
vn 0.391447 0.881273 0.264818
vn 0.391447 0.881273 0.264818
vn 0.391447 0.881273 0.264818
vn 0.391447 0.881273 0.264818
vn 0.496580 0.840986 0.214826
vn 0.496580 0.840986 0.214826
vn 0.496580 0.840986 0.214826
vn 0.496580 0.840986 0.214826
vn 0.631053 0.758363 0.163273
vn 0.631053 0.758363 0.163273
vn 0.631053 0.758363 0.163273
vn 0.631053 0.758363 0.163273
vn 0.722611 0.679732 0.125689
vn 0.722611 0.679732 0.125689
vn 0.722611 0.679732 0.125689
vn 0.722611 0.679732 0.125689
vn 0.820557 0.565266 0.084620
vn 0.820557 0.565266 0.084620
vn 0.820557 0.565266 0.084620
vn 0.820557 0.565266 0.084620
vn 0.908780 0.411927 0.066593
vn 0.908780 0.411927 0.066593
vn 0.908780 0.411927 0.066593
vn 0.908780 0.411927 0.066593
vn 0.464456 0.653834 0.597312
vn 0.464456 0.653834 0.597312
vn 0.464456 0.653834 0.597312
vn 0.464456 0.653834 0.597312
vn 0.503996 0.834584 0.222389
vn 0.503996 0.834584 0.222389
vn 0.503996 0.834584 0.222389
vn 0.503996 0.834584 0.222389
vn 0.627097 0.761015 0.166148
vn 0.627097 0.761015 0.166148
vn 0.627097 0.761015 0.166148
vn 0.627097 0.761015 0.166148
vn 0.814090 0.578797 0.047446
vn 0.814090 0.578797 0.047446
vn 0.814090 0.578797 0.047446
vn 0.814090 0.578797 0.047446
vn 0.912600 0.408739 0.009708
vn 0.912600 0.408739 0.009708
vn 0.912600 0.408739 0.009708
vn 0.912600 0.408739 0.009708
vn 0.362399 0.888940 0.280094
vn 0.362399 0.888940 0.280094
vn 0.362399 0.888940 0.280094
vn 0.362399 0.888940 0.280094
vn 0.396594 0.886866 0.237026
vn 0.396594 0.886866 0.237026
vn 0.396594 0.886866 0.237026
vn 0.396594 0.886866 0.237026
vn 0.481570 0.853052 0.200980
vn 0.481570 0.853052 0.200980
vn 0.481570 0.853052 0.200980
vn 0.481570 0.853052 0.200980
vn 0.619771 0.768683 0.158150
vn 0.619771 0.768683 0.158150
vn 0.619771 0.768683 0.158150
vn 0.619771 0.768683 0.158150
vn 0.723303 0.679731 0.121649
vn 0.723303 0.679731 0.121649
vn 0.723303 0.679731 0.121649
vn 0.723303 0.679731 0.121649
vn 0.802522 0.588899 0.095688
vn 0.802522 0.588899 0.095688
vn 0.802522 0.588899 0.095688
vn 0.802522 0.588899 0.095688
vn 0.885059 0.458319 0.081326
vn 0.885059 0.458319 0.081326
vn 0.885059 0.458319 0.081326
vn 0.885059 0.458319 0.081326
vn 0.309348 0.937446 0.159684
vn 0.309348 0.937446 0.159684
vn 0.309348 0.937446 0.159684
vn 0.309348 0.937446 0.159684
vn 0.377227 0.908260 0.181008
vn 0.377227 0.908260 0.181008
vn 0.377227 0.908260 0.181008
vn 0.377227 0.908260 0.181008
vn 0.451075 0.875162 0.174995
vn 0.451075 0.875162 0.174995
vn 0.451075 0.875162 0.174995
vn 0.451075 0.875162 0.174995
vn 0.602195 0.784925 0.145787
vn 0.602195 0.784925 0.145787
vn 0.602195 0.784925 0.145787
vn 0.602195 0.784925 0.145787
vn 0.705883 0.697990 0.120580
vn 0.705883 0.697990 0.120580
vn 0.705883 0.697990 0.120580
vn 0.705883 0.697990 0.120580
vn 0.777391 0.619953 0.106405
vn 0.777391 0.619953 0.106405
vn 0.777391 0.619953 0.106405
vn 0.777391 0.619953 0.106405
vn 0.851262 0.506062 0.138761
vn 0.851262 0.506062 0.138761
vn 0.851262 0.506062 0.138761
vn 0.851262 0.506062 0.138761
vn 0.382422 0.880492 0.280155
vn 0.382422 0.880492 0.280155
vn 0.382422 0.880492 0.280155
vn 0.382422 0.880492 0.280155
vn 0.366913 0.871073 0.326507
vn 0.366913 0.871073 0.326507
vn 0.366913 0.871073 0.326507
vn 0.366913 0.871073 0.326507
vn 0.419072 0.848388 0.323445
vn 0.419072 0.848388 0.323445
vn 0.419072 0.848388 0.323445
vn 0.419072 0.848388 0.323445
vn 0.736198 0.527068 0.424514
vn 0.736198 0.527068 0.424514
vn 0.736198 0.527068 0.424514
vn 0.736198 0.527068 0.424514
vn 0.645037 0.593786 0.480984
vn 0.645037 0.593786 0.480984
vn 0.645037 0.593786 0.480984
vn 0.645037 0.593786 0.480984
vn 0.026293 0.892779 0.449727
vn 0.026293 0.892779 0.449727
vn 0.026293 0.892779 0.449727
vn 0.026293 0.892779 0.449727
vn 0.014667 0.907963 0.418795
vn 0.014667 0.907963 0.418795
vn 0.014667 0.907963 0.418795
vn 0.014667 0.907963 0.418795
vn 0.507268 -0.861788 -0.000300
vn 0.507268 -0.861788 -0.000300
vn 0.507268 -0.861788 -0.000300
vn 0.507268 -0.861788 -0.000300
vn -0.505956 -0.733952 0.453127
vn -0.505956 -0.733952 0.453127
vn -0.505956 -0.733952 0.453127
vn -0.505956 -0.733952 0.453127
vn -0.304014 -0.812941 0.496692
vn -0.304014 -0.812941 0.496692
vn -0.304014 -0.812941 0.496692
vn -0.304014 -0.812941 0.496692
vn -0.945235 -0.065411 0.319770
vn -0.945235 -0.065411 0.319770
vn -0.945235 -0.065411 0.319770
vn -0.945235 -0.065411 0.319770
vn -0.900517 0.119766 0.418002
vn -0.900517 0.119766 0.418002
vn -0.900517 0.119766 0.418002
vn -0.900517 0.119766 0.418002
vn -0.821885 0.335127 0.460647
vn -0.821885 0.335127 0.460647
vn -0.821885 0.335127 0.460647
vn -0.821885 0.335127 0.460647
vn 0.523996 -0.743875 -0.414824
vn 0.523996 -0.743875 -0.414824
vn 0.523996 -0.743875 -0.414824
vn 0.523996 -0.743875 -0.414824
vn -0.405527 0.871792 0.274823
vn -0.405527 0.871792 0.274823
vn -0.405527 0.871792 0.274823
vn -0.405527 0.871792 0.274823
vn 0.562994 -0.776048 -0.284230
vn 0.562994 -0.776048 -0.284230
vn 0.562994 -0.776048 -0.284230
vn 0.562994 -0.776048 -0.284230
vn 0.164521 -0.866591 0.471119
vn 0.164521 -0.866591 0.471119
vn 0.164521 -0.866591 0.471119
vn 0.164521 -0.866591 0.471119
vn 0.540492 -0.783230 -0.307278
vn 0.540492 -0.783230 -0.307278
vn 0.540492 -0.783230 -0.307278
vn 0.540492 -0.783230 -0.307278
vn -0.644105 0.630957 0.432460
vn -0.644105 0.630957 0.432460
vn -0.644105 0.630957 0.432460
vn -0.644105 0.630957 0.432460
vn 0.573664 -0.771069 -0.276336
vn 0.573664 -0.771069 -0.276336
vn 0.573664 -0.771069 -0.276336
vn 0.573664 -0.771069 -0.276336
vn -0.849613 0.494856 0.182415
vn -0.849613 0.494856 0.182415
vn -0.849613 0.494856 0.182415
vn -0.849613 0.494856 0.182415
vn 0.578028 -0.769145 -0.272581
vn 0.578028 -0.769145 -0.272581
vn 0.578028 -0.769145 -0.272581
vn 0.578028 -0.769145 -0.272581
vn 0.415057 -0.896065 0.157467
vn 0.415057 -0.896065 0.157467
vn 0.415057 -0.896065 0.157467
vn 0.415057 -0.896065 0.157467
vn -0.555450 -0.147475 0.818368
vn -0.555450 -0.147475 0.818368
vn -0.555450 -0.147475 0.818368
vn -0.555450 -0.147475 0.818368
vn 0.236512 -0.970500 -0.046824
vn 0.236512 -0.970500 -0.046824
vn 0.236512 -0.970500 -0.046824
vn 0.236512 -0.970500 -0.046824
vn -0.366039 -0.701406 0.611592
vn -0.366039 -0.701406 0.611592
vn -0.366039 -0.701406 0.611592
vn -0.366039 -0.701406 0.611592
vn -0.855703 -0.420976 0.300918
vn -0.855703 -0.420976 0.300918
vn -0.855703 -0.420976 0.300918
vn -0.855703 -0.420976 0.300918
vn -0.933809 0.158006 0.320989
vn -0.933809 0.158006 0.320989
vn -0.933809 0.158006 0.320989
vn -0.933809 0.158006 0.320989
vn 0.408327 0.912094 0.036791
vn 0.408327 0.912094 0.036791
vn 0.408327 0.912094 0.036791
vn 0.408327 0.912094 0.036791
vn 0.715497 0.692227 0.094262
vn 0.715497 0.692227 0.094262
vn 0.715497 0.692227 0.094262
vn 0.715497 0.692227 0.094262
vn 0.609770 0.778536 0.148536
vn 0.609770 0.778536 0.148536
vn 0.609770 0.778536 0.148536
vn 0.609770 0.778536 0.148536
vn 0.569481 0.820364 0.051904
vn 0.569481 0.820364 0.051904
vn 0.569481 0.820364 0.051904
vn 0.569481 0.820364 0.051904
vn 0.637913 0.769132 -0.038765
vn 0.637913 0.769132 -0.038765
vn 0.637913 0.769132 -0.038765
vn 0.637913 0.769132 -0.038765
vn 0.570198 0.818575 0.069349
vn 0.570198 0.818575 0.069349
vn 0.570198 0.818575 0.069349
vn 0.570198 0.818575 0.069349
vn -0.637126 -0.746538 0.191705
vn -0.637126 -0.746538 0.191705
vn -0.637126 -0.746538 0.191705
vn -0.637126 -0.746538 0.191705
vn -0.440910 -0.876638 0.192622
vn -0.440910 -0.876638 0.192622
vn -0.440910 -0.876638 0.192622
vn -0.440910 -0.876638 0.192622
vn -0.460586 0.408572 0.787990
vn -0.460586 0.408572 0.787990
vn -0.460586 0.408572 0.787990
vn -0.460586 0.408572 0.787990
vn -0.593833 0.483309 0.643253
vn -0.593833 0.483309 0.643253
vn -0.593833 0.483309 0.643253
vn -0.593833 0.483309 0.643253
vn -0.721085 -0.057283 0.690474
vn -0.721085 -0.057283 0.690474
vn -0.721085 -0.057283 0.690474
vn -0.721085 -0.057283 0.690474
vn -0.734183 -0.325596 0.595788
vn -0.734183 -0.325596 0.595788
vn -0.734183 -0.325596 0.595788
vn -0.734183 -0.325596 0.595788
vn -0.737935 -0.520713 0.429313
vn -0.737935 -0.520713 0.429313
vn -0.737935 -0.520713 0.429313
vn -0.737935 -0.520713 0.429313
vn 0.512778 0.858512 0.003986
vn 0.512778 0.858512 0.003986
vn 0.512778 0.858512 0.003986
vn 0.512778 0.858512 0.003986
vn -0.420880 0.323173 0.847596
vn -0.420880 0.323173 0.847596
vn -0.420880 0.323173 0.847596
vn -0.420880 0.323173 0.847596
vn -0.460624 -0.550436 0.696309
vn -0.460624 -0.550436 0.696309
vn -0.460624 -0.550436 0.696309
vn -0.460624 -0.550436 0.696309
vn -0.306424 -0.663124 0.682914
vn -0.306424 -0.663124 0.682914
vn -0.306424 -0.663124 0.682914
vn -0.306424 -0.663124 0.682914
vn -0.805953 -0.406620 0.430233
vn -0.805953 -0.406620 0.430233
vn -0.805953 -0.406620 0.430233
vn -0.805953 -0.406620 0.430233
vn 0.685562 0.504664 0.524709
vn 0.685562 0.504664 0.524709
vn 0.685562 0.504664 0.524709
vn 0.685562 0.504664 0.524709
vn -0.507363 -0.064218 0.859336
vn -0.507363 -0.064218 0.859336
vn -0.507363 -0.064218 0.859336
vn -0.507363 -0.064218 0.859336
vn -0.586982 -0.396397 0.705919
vn -0.586982 -0.396397 0.705919
vn -0.586982 -0.396397 0.705919
vn -0.586982 -0.396397 0.705919
vn -0.586912 -0.114930 0.801452
vn -0.586912 -0.114930 0.801452
vn -0.586912 -0.114930 0.801452
vn -0.586912 -0.114930 0.801452
vn -0.752985 -0.524819 0.396962
vn -0.752985 -0.524819 0.396962
vn -0.752985 -0.524819 0.396962
vn -0.752985 -0.524819 0.396962
vn 0.898375 0.372402 0.232893
vn 0.898375 0.372402 0.232893
vn 0.898375 0.372402 0.232893
vn 0.898375 0.372402 0.232893
vn -0.536085 -0.042783 0.843079
vn -0.536085 -0.042783 0.843079
vn -0.536085 -0.042783 0.843079
vn -0.536085 -0.042783 0.843079
vn -0.747126 -0.281839 0.601972
vn -0.747126 -0.281839 0.601972
vn -0.747126 -0.281839 0.601972
vn -0.747126 -0.281839 0.601972
vn -0.499363 -0.072662 0.863340
vn -0.499363 -0.072662 0.863340
vn -0.499363 -0.072662 0.863340
vn -0.499363 -0.072662 0.863340
vn -0.818548 -0.348172 0.456898
vn -0.818548 -0.348172 0.456898
vn -0.818548 -0.348172 0.456898
vn -0.818548 -0.348172 0.456898
vn -0.367576 -0.011854 0.929918
vn -0.367576 -0.011854 0.929918
vn -0.367576 -0.011854 0.929918
vn -0.367576 -0.011854 0.929918
vn -0.771497 -0.284804 0.568928
vn -0.771497 -0.284804 0.568928
vn -0.771497 -0.284804 0.568928
vn -0.771497 -0.284804 0.568928
vn -0.596409 -0.091040 0.797501
vn -0.596409 -0.091040 0.797501
vn -0.596409 -0.091040 0.797501
vn -0.596409 -0.091040 0.797501
vn -0.812016 -0.288888 0.507124
vn -0.812016 -0.288888 0.507124
vn -0.812016 -0.288888 0.507124
vn -0.812016 -0.288888 0.507124
vn 0.894227 0.445957 -0.038472
vn 0.894227 0.445957 -0.038472
vn 0.894227 0.445957 -0.038472
vn 0.894227 0.445957 -0.038472
vn -0.046362 0.308200 0.950191
vn -0.046362 0.308200 0.950191
vn -0.046362 0.308200 0.950191
vn -0.046362 0.308200 0.950191
vn -0.761506 -0.135122 0.633917
vn -0.761506 -0.135122 0.633917
vn -0.761506 -0.135122 0.633917
vn -0.761506 -0.135122 0.633917
vn -0.826262 -0.241763 0.508765
vn -0.826262 -0.241763 0.508765
vn -0.826262 -0.241763 0.508765
vn -0.826262 -0.241763 0.508765
vn 0.914621 0.269068 -0.301779
vn 0.914621 0.269068 -0.301779
vn 0.914621 0.269068 -0.301779
vn 0.914621 0.269068 -0.301779
vn 0.930598 0.363844 -0.040060
vn 0.930598 0.363844 -0.040060
vn 0.930598 0.363844 -0.040060
vn 0.930598 0.363844 -0.040060
vn -0.141695 0.353359 0.924694
vn -0.141695 0.353359 0.924694
vn -0.141695 0.353359 0.924694
vn -0.141695 0.353359 0.924694
vn -0.860559 -0.159261 0.483813
vn -0.860559 -0.159261 0.483813
vn -0.860559 -0.159261 0.483813
vn -0.860559 -0.159261 0.483813
vn -0.620704 -0.733978 -0.275687
vn -0.620704 -0.733978 -0.275687
vn -0.620704 -0.733978 -0.275687
vn -0.620704 -0.733978 -0.275687
vn 0.955492 0.241560 -0.169365
vn 0.955492 0.241560 -0.169365
vn 0.955492 0.241560 -0.169365
vn 0.955492 0.241560 -0.169365
vn 0.948314 0.316305 -0.025555
vn 0.948314 0.316305 -0.025555
vn 0.948314 0.316305 -0.025555
vn 0.948314 0.316305 -0.025555
vn -0.260999 0.367377 0.892700
vn -0.260999 0.367377 0.892700
vn -0.260999 0.367377 0.892700
vn -0.260999 0.367377 0.892700
vn -0.790127 0.015111 0.612757
vn -0.790127 0.015111 0.612757
vn -0.790127 0.015111 0.612757
vn -0.790127 0.015111 0.612757
vn 0.515566 -0.464009 -0.720338
vn 0.515566 -0.464009 -0.720338
vn 0.515566 -0.464009 -0.720338
vn 0.515566 -0.464009 -0.720338
vn 0.970847 0.192371 -0.143002
vn 0.970847 0.192371 -0.143002
vn 0.970847 0.192371 -0.143002
vn 0.970847 0.192371 -0.143002
vn 0.949321 0.314274 0.004727
vn 0.949321 0.314274 0.004727
vn 0.949321 0.314274 0.004727
vn 0.949321 0.314274 0.004727
vn -0.321677 0.469656 0.822160
vn -0.321677 0.469656 0.822160
vn -0.321677 0.469656 0.822160
vn -0.321677 0.469656 0.822160
vn -0.895526 -0.116651 0.429448
vn -0.895526 -0.116651 0.429448
vn -0.895526 -0.116651 0.429448
vn -0.895526 -0.116651 0.429448
vn -0.838226 0.063076 0.541663
vn -0.838226 0.063076 0.541663
vn -0.838226 0.063076 0.541663
vn -0.838226 0.063076 0.541663
vn -0.915375 -0.112509 0.386561
vn -0.915375 -0.112509 0.386561
vn -0.915375 -0.112509 0.386561
vn -0.915375 -0.112509 0.386561
vn -0.665020 -0.714748 -0.216525
vn -0.665020 -0.714748 -0.216525
vn -0.665020 -0.714748 -0.216525
vn -0.665020 -0.714748 -0.216525
vn 0.675631 -0.409354 -0.613150
vn 0.675631 -0.409354 -0.613150
vn 0.675631 -0.409354 -0.613150
vn 0.675631 -0.409354 -0.613150
vn -0.890574 -0.159810 0.425839
vn -0.890574 -0.159810 0.425839
vn -0.890574 -0.159810 0.425839
vn -0.890574 -0.159810 0.425839
vn -0.657653 -0.752773 0.028744
vn -0.657653 -0.752773 0.028744
vn -0.657653 -0.752773 0.028744
vn -0.657653 -0.752773 0.028744
vn -0.175219 0.273108 0.945891
vn -0.175219 0.273108 0.945891
vn -0.175219 0.273108 0.945891
vn -0.175219 0.273108 0.945891
vn -0.889557 -0.002913 0.456814
vn -0.889557 -0.002913 0.456814
vn -0.889557 -0.002913 0.456814
vn -0.889557 -0.002913 0.456814
vn -0.883498 -0.222924 0.411991
vn -0.883498 -0.222924 0.411991
vn -0.883498 -0.222924 0.411991
vn -0.883498 -0.222924 0.411991
vn -0.902398 -0.146253 0.405325
vn -0.902398 -0.146253 0.405325
vn -0.902398 -0.146253 0.405325
vn -0.902398 -0.146253 0.405325
vn -0.875881 -0.223703 0.427539
vn -0.875881 -0.223703 0.427539
vn -0.875881 -0.223703 0.427539
vn -0.875881 -0.223703 0.427539
vn -0.898947 -0.276771 0.339547
vn -0.898947 -0.276771 0.339547
vn -0.898947 -0.276771 0.339547
vn -0.898947 -0.276771 0.339547
vn -0.898372 -0.307345 0.313795
vn -0.898372 -0.307345 0.313795
vn -0.898372 -0.307345 0.313795
vn -0.898372 -0.307345 0.313795
vn -0.900921 -0.348667 0.258406
vn -0.900921 -0.348667 0.258406
vn -0.900921 -0.348667 0.258406
vn -0.900921 -0.348667 0.258406
vn -0.892171 -0.436044 0.117887
vn -0.892171 -0.436044 0.117887
vn -0.892171 -0.436044 0.117887
vn -0.892171 -0.436044 0.117887
vn -0.915036 -0.403248 0.010027
vn -0.915036 -0.403248 0.010027
vn -0.915036 -0.403248 0.010027
vn -0.915036 -0.403248 0.010027
vn -0.896623 -0.442549 -0.014783
vn -0.896623 -0.442549 -0.014783
vn -0.896623 -0.442549 -0.014783
vn -0.896623 -0.442549 -0.014783
vn -0.563056 -0.386213 0.730621
vn -0.563056 -0.386213 0.730621
vn -0.563056 -0.386213 0.730621
vn -0.563056 -0.386213 0.730621
vn -0.547854 -0.436243 0.713826
vn -0.547854 -0.436243 0.713826
vn -0.547854 -0.436243 0.713826
vn -0.547854 -0.436243 0.713826
vn -0.712749 -0.289855 0.638728
vn -0.712749 -0.289855 0.638728
vn -0.712749 -0.289855 0.638728
vn -0.712749 -0.289855 0.638728
vn -0.571607 -0.229104 0.787894
vn -0.571607 -0.229104 0.787894
vn -0.571607 -0.229104 0.787894
vn -0.571607 -0.229104 0.787894
vn -0.391954 0.401632 0.827686
vn -0.391954 0.401632 0.827686
vn -0.391954 0.401632 0.827686
vn -0.391954 0.401632 0.827686
vn 0.118455 0.923055 0.365976
vn 0.118455 0.923055 0.365976
vn 0.118455 0.923055 0.365976
vn 0.118455 0.923055 0.365976
vn 0.864731 0.370987 -0.338540
vn 0.864731 0.370987 -0.338540
vn 0.864731 0.370987 -0.338540
vn 0.864731 0.370987 -0.338540
vn 0.855945 0.515747 0.036925
vn 0.855945 0.515747 0.036925
vn 0.855945 0.515747 0.036925
vn 0.855945 0.515747 0.036925
vn 0.249352 -0.116777 0.961346
vn 0.249352 -0.116777 0.961346
vn 0.249352 -0.116777 0.961346
vn 0.249352 -0.116777 0.961346
vn 0.894978 0.326448 -0.304050
vn 0.894978 0.326448 -0.304050
vn 0.894978 0.326448 -0.304050
vn 0.894978 0.326448 -0.304050
vn 0.916567 -0.313350 -0.248426
vn 0.916567 -0.313350 -0.248426
vn 0.916567 -0.313350 -0.248426
vn 0.916567 -0.313350 -0.248426
vn -0.007441 -0.734742 0.678306
vn -0.007441 -0.734742 0.678306
vn -0.007441 -0.734742 0.678306
vn -0.007441 -0.734742 0.678306
vn -0.545612 -0.285759 0.787813
vn -0.545612 -0.285759 0.787813
vn -0.545612 -0.285759 0.787813
vn -0.545612 -0.285759 0.787813
vn -0.667746 -0.407799 0.622748
vn -0.667746 -0.407799 0.622748
vn -0.667746 -0.407799 0.622748
vn -0.667746 -0.407799 0.622748
vn -0.858282 -0.050783 0.510660
vn -0.858282 -0.050783 0.510660
vn -0.858282 -0.050783 0.510660
vn -0.858282 -0.050783 0.510660
vn -0.647296 0.133412 0.750473
vn -0.647296 0.133412 0.750473
vn -0.647296 0.133412 0.750473
vn -0.647296 0.133412 0.750473
vn -0.722626 0.442459 0.531075
vn -0.722626 0.442459 0.531075
vn -0.722626 0.442459 0.531075
vn -0.722626 0.442459 0.531075
vn 0.355309 0.830476 -0.429028
vn 0.355309 0.830476 -0.429028
vn 0.355309 0.830476 -0.429028
vn 0.355309 0.830476 -0.429028
vn 0.889650 0.343875 -0.300456
vn 0.889650 0.343875 -0.300456
vn 0.889650 0.343875 -0.300456
vn 0.889650 0.343875 -0.300456
vn 0.867277 0.372435 -0.330338
vn 0.867277 0.372435 -0.330338
vn 0.867277 0.372435 -0.330338
vn 0.867277 0.372435 -0.330338
vn 0.091344 -0.704409 0.703892
vn 0.091344 -0.704409 0.703892
vn 0.091344 -0.704409 0.703892
vn 0.091344 -0.704409 0.703892
vn -0.461025 -0.369916 0.806609
vn -0.461025 -0.369916 0.806609
vn -0.461025 -0.369916 0.806609
vn -0.461025 -0.369916 0.806609
vn -0.773651 -0.350951 0.527539
vn -0.773651 -0.350951 0.527539
vn -0.773651 -0.350951 0.527539
vn -0.773651 -0.350951 0.527539
vn -0.795103 -0.303271 0.525202
vn -0.795103 -0.303271 0.525202
vn -0.795103 -0.303271 0.525202
vn -0.795103 -0.303271 0.525202
vn -0.631840 0.056534 0.773034
vn -0.631840 0.056534 0.773034
vn -0.631840 0.056534 0.773034
vn -0.631840 0.056534 0.773034
vn -0.693163 0.261092 0.671831
vn -0.693163 0.261092 0.671831
vn -0.693163 0.261092 0.671831
vn -0.693163 0.261092 0.671831
vn 0.966297 0.252144 -0.051893
vn 0.966297 0.252144 -0.051893
vn 0.966297 0.252144 -0.051893
vn 0.966297 0.252144 -0.051893
vn 0.076498 -0.013061 0.996984
vn 0.076498 -0.013061 0.996984
vn 0.076498 -0.013061 0.996984
vn 0.076498 -0.013061 0.996984
vn -0.646618 -0.143672 0.749162
vn -0.646618 -0.143672 0.749162
vn -0.646618 -0.143672 0.749162
vn -0.646618 -0.143672 0.749162
vn -0.808882 -0.277599 0.518314
vn -0.808882 -0.277599 0.518314
vn -0.808882 -0.277599 0.518314
vn -0.808882 -0.277599 0.518314
vn -0.822510 -0.256000 0.507879
vn -0.822510 -0.256000 0.507879
vn -0.822510 -0.256000 0.507879
vn -0.822510 -0.256000 0.507879
vn -0.767159 -0.028653 0.640816
vn -0.767159 -0.028653 0.640816
vn -0.767159 -0.028653 0.640816
vn -0.767159 -0.028653 0.640816
vn -0.294929 0.682489 0.668749
vn -0.294929 0.682489 0.668749
vn -0.294929 0.682489 0.668749
vn -0.294929 0.682489 0.668749
vn 0.993040 -0.062651 -0.099735
vn 0.993040 -0.062651 -0.099735
vn 0.993040 -0.062651 -0.099735
vn 0.993040 -0.062651 -0.099735
vn 0.238411 -0.464161 0.853062
vn 0.238411 -0.464161 0.853062
vn 0.238411 -0.464161 0.853062
vn 0.238411 -0.464161 0.853062
vn -0.797981 -0.158698 0.581414
vn -0.797981 -0.158698 0.581414
vn -0.797981 -0.158698 0.581414
vn -0.797981 -0.158698 0.581414
vn -0.329941 0.879848 -0.342062
vn -0.329941 0.879848 -0.342062
vn -0.329941 0.879848 -0.342062
vn -0.329941 0.879848 -0.342062
vn 0.771563 -0.542250 0.332648
vn 0.771563 -0.542250 0.332648
vn 0.771563 -0.542250 0.332648
vn 0.771563 -0.542250 0.332648
vn 0.214432 -0.646478 0.732179
vn 0.214432 -0.646478 0.732179
vn 0.214432 -0.646478 0.732179
vn 0.214432 -0.646478 0.732179
vn -0.813402 -0.016882 0.581458
vn -0.813402 -0.016882 0.581458
vn -0.813402 -0.016882 0.581458
vn -0.813402 -0.016882 0.581458
vn -0.374012 0.761270 0.529701
vn -0.374012 0.761270 0.529701
vn -0.374012 0.761270 0.529701
vn -0.374012 0.761270 0.529701
vn 0.273084 0.933266 -0.233324
vn 0.273084 0.933266 -0.233324
vn 0.273084 0.933266 -0.233324
vn 0.273084 0.933266 -0.233324
vn -0.755095 -0.335247 0.563419
vn -0.755095 -0.335247 0.563419
vn -0.755095 -0.335247 0.563419
vn -0.755095 -0.335247 0.563419
vn -0.850721 -0.337162 0.403231
vn -0.850721 -0.337162 0.403231
vn -0.850721 -0.337162 0.403231
vn -0.850721 -0.337162 0.403231
vn -0.797520 -0.304090 0.521048
vn -0.797520 -0.304090 0.521048
vn -0.797520 -0.304090 0.521048
vn -0.797520 -0.304090 0.521048
vn -0.751894 -0.248315 0.610733
vn -0.751894 -0.248315 0.610733
vn -0.751894 -0.248315 0.610733
vn -0.751894 -0.248315 0.610733
vn -0.767483 -0.357793 0.531935
vn -0.767483 -0.357793 0.531935
vn -0.767483 -0.357793 0.531935
vn -0.767483 -0.357793 0.531935
vn -0.788783 -0.302070 0.535327
vn -0.788783 -0.302070 0.535327
vn -0.788783 -0.302070 0.535327
vn -0.788783 -0.302070 0.535327
vn -0.828821 -0.246767 0.502158
vn -0.828821 -0.246767 0.502158
vn -0.828821 -0.246767 0.502158
vn -0.828821 -0.246767 0.502158
vn -0.502202 -0.380613 0.776484
vn -0.502202 -0.380613 0.776484
vn -0.502202 -0.380613 0.776484
vn -0.502202 -0.380613 0.776484
vn 0.994838 0.085641 -0.054437
vn 0.994838 0.085641 -0.054437
vn 0.994838 0.085641 -0.054437
vn 0.994838 0.085641 -0.054437
vn 0.769973 -0.511344 0.381667
vn 0.769973 -0.511344 0.381667
vn 0.769973 -0.511344 0.381667
vn 0.769973 -0.511344 0.381667
vn 0.405381 -0.686280 0.603892
vn 0.405381 -0.686280 0.603892
vn 0.405381 -0.686280 0.603892
vn 0.405381 -0.686280 0.603892
vn -0.791548 -0.138163 0.595283
vn -0.791548 -0.138163 0.595283
vn -0.791548 -0.138163 0.595283
vn -0.791548 -0.138163 0.595283
vn -0.885961 -0.161244 0.434826
vn -0.885961 -0.161244 0.434826
vn -0.885961 -0.161244 0.434826
vn -0.885961 -0.161244 0.434826
vn -0.908304 -0.099229 0.406371
vn -0.908304 -0.099229 0.406371
vn -0.908304 -0.099229 0.406371
vn -0.908304 -0.099229 0.406371
vn -0.864831 0.095765 0.492845
vn -0.864831 0.095765 0.492845
vn -0.864831 0.095765 0.492845
vn -0.864831 0.095765 0.492845
vn -0.374355 0.912298 0.166045
vn -0.374355 0.912298 0.166045
vn -0.374355 0.912298 0.166045
vn -0.374355 0.912298 0.166045
vn 0.792589 0.544006 -0.275428
vn 0.792589 0.544006 -0.275428
vn 0.792589 0.544006 -0.275428
vn 0.792589 0.544006 -0.275428
vn 0.927039 0.359467 -0.106687
vn 0.927039 0.359467 -0.106687
vn 0.927039 0.359467 -0.106687
vn 0.927039 0.359467 -0.106687
vn -0.898510 -0.160140 0.408700
vn -0.898510 -0.160140 0.408700
vn -0.898510 -0.160140 0.408700
vn -0.898510 -0.160140 0.408700
vn -0.917457 -0.097318 0.385748
vn -0.917457 -0.097318 0.385748
vn -0.917457 -0.097318 0.385748
vn -0.917457 -0.097318 0.385748
vn -0.664720 -0.732580 -0.146539
vn -0.664720 -0.732580 -0.146539
vn -0.664720 -0.732580 -0.146539
vn -0.664720 -0.732580 -0.146539
vn 0.605154 -0.494709 -0.623740
vn 0.605154 -0.494709 -0.623740
vn 0.605154 -0.494709 -0.623740
vn 0.605154 -0.494709 -0.623740
vn -0.908262 -0.096732 0.407066
vn -0.908262 -0.096732 0.407066
vn -0.908262 -0.096732 0.407066
vn -0.908262 -0.096732 0.407066
vn -0.823885 0.024159 0.566242
vn -0.823885 0.024159 0.566242
vn -0.823885 0.024159 0.566242
vn -0.823885 0.024159 0.566242
vn -0.295184 0.378364 0.877329
vn -0.295184 0.378364 0.877329
vn -0.295184 0.378364 0.877329
vn -0.295184 0.378364 0.877329
vn 0.955354 0.236572 -0.177012
vn 0.955354 0.236572 -0.177012
vn 0.955354 0.236572 -0.177012
vn 0.955354 0.236572 -0.177012
vn -0.811817 -0.218498 0.541490
vn -0.811817 -0.218498 0.541490
vn -0.811817 -0.218498 0.541490
vn -0.811817 -0.218498 0.541490
vn -0.844487 -0.176665 0.505600
vn -0.844487 -0.176665 0.505600
vn -0.844487 -0.176665 0.505600
vn -0.844487 -0.176665 0.505600
vn -0.803807 -0.112069 0.584239
vn -0.803807 -0.112069 0.584239
vn -0.803807 -0.112069 0.584239
vn -0.803807 -0.112069 0.584239
vn -0.843834 -0.220217 0.489336
vn -0.843834 -0.220217 0.489336
vn -0.843834 -0.220217 0.489336
vn -0.843834 -0.220217 0.489336
vn -0.851756 -0.199601 0.484429
vn -0.851756 -0.199601 0.484429
vn -0.851756 -0.199601 0.484429
vn -0.851756 -0.199601 0.484429
vn -0.808456 -0.159231 0.566608
vn -0.808456 -0.159231 0.566608
vn -0.808456 -0.159231 0.566608
vn -0.808456 -0.159231 0.566608
vn -0.798302 -0.077480 0.597252
vn -0.798302 -0.077480 0.597252
vn -0.798302 -0.077480 0.597252
vn -0.798302 -0.077480 0.597252
vn -0.880171 -0.156839 0.447996
vn -0.880171 -0.156839 0.447996
vn -0.880171 -0.156839 0.447996
vn -0.880171 -0.156839 0.447996
vn -0.889550 -0.144502 0.433383
vn -0.889550 -0.144502 0.433383
vn -0.889550 -0.144502 0.433383
vn -0.889550 -0.144502 0.433383
vn -0.822763 -0.237194 0.516527
vn -0.822763 -0.237194 0.516527
vn -0.822763 -0.237194 0.516527
vn -0.822763 -0.237194 0.516527
vn -0.870887 -0.159828 0.464769
vn -0.870887 -0.159828 0.464769
vn -0.870887 -0.159828 0.464769
vn -0.870887 -0.159828 0.464769
vn -0.877496 -0.149721 0.455613
vn -0.877496 -0.149721 0.455613
vn -0.877496 -0.149721 0.455613
vn -0.877496 -0.149721 0.455613
vn -0.862351 -0.163815 0.479078
vn -0.862351 -0.163815 0.479078
vn -0.862351 -0.163815 0.479078
vn -0.862351 -0.163815 0.479078
vn -0.894564 -0.131514 0.427153
vn -0.894564 -0.131514 0.427153
vn -0.894564 -0.131514 0.427153
vn -0.894564 -0.131514 0.427153
vn -0.895103 -0.150490 0.419694
vn -0.895103 -0.150490 0.419694
vn -0.895103 -0.150490 0.419694
vn -0.895103 -0.150490 0.419694
vn 0.977757 0.199821 -0.063740
vn 0.977757 0.199821 -0.063740
vn 0.977757 0.199821 -0.063740
vn 0.977757 0.199821 -0.063740
vn 0.907242 -0.281895 0.312166
vn 0.907242 -0.281895 0.312166
vn 0.907242 -0.281895 0.312166
vn 0.907242 -0.281895 0.312166
vn 0.131439 -0.511718 0.849040
vn 0.131439 -0.511718 0.849040
vn 0.131439 -0.511718 0.849040
vn 0.131439 -0.511718 0.849040
vn -0.792900 -0.089724 0.602710
vn -0.792900 -0.089724 0.602710
vn -0.792900 -0.089724 0.602710
vn -0.792900 -0.089724 0.602710
vn -0.901102 -0.144096 0.408965
vn -0.901102 -0.144096 0.408965
vn -0.901102 -0.144096 0.408965
vn -0.901102 -0.144096 0.408965
vn -0.914317 -0.101681 0.392028
vn -0.914317 -0.101681 0.392028
vn -0.914317 -0.101681 0.392028
vn -0.914317 -0.101681 0.392028
vn -0.878904 0.065217 0.472519
vn -0.878904 0.065217 0.472519
vn -0.878904 0.065217 0.472519
vn -0.878904 0.065217 0.472519
vn -0.262294 0.888778 -0.375866
vn -0.262294 0.888778 -0.375866
vn -0.262294 0.888778 -0.375866
vn -0.262294 0.888778 -0.375866
vn 0.393561 0.778251 -0.489320
vn 0.393561 0.778251 -0.489320
vn 0.393561 0.778251 -0.489320
vn 0.393561 0.778251 -0.489320
vn 0.882170 0.381139 -0.276604
vn 0.882170 0.381139 -0.276604
vn 0.882170 0.381139 -0.276604
vn 0.882170 0.381139 -0.276604
vn 0.954354 0.281963 -0.098514
vn 0.954354 0.281963 -0.098514
vn 0.954354 0.281963 -0.098514
vn 0.954354 0.281963 -0.098514
vn 0.959559 0.248035 -0.133139
vn 0.959559 0.248035 -0.133139
vn 0.959559 0.248035 -0.133139
vn 0.959559 0.248035 -0.133139
vn -0.910671 -0.129756 0.392225
vn -0.910671 -0.129756 0.392225
vn -0.910671 -0.129756 0.392225
vn -0.910671 -0.129756 0.392225
vn -0.912450 -0.102793 0.396067
vn -0.912450 -0.102793 0.396067
vn -0.912450 -0.102793 0.396067
vn -0.912450 -0.102793 0.396067
vn 0.984145 0.161528 -0.073260
vn 0.984145 0.161528 -0.073260
vn 0.984145 0.161528 -0.073260
vn 0.984145 0.161528 -0.073260
vn 0.991639 0.008506 0.128764
vn 0.991639 0.008506 0.128764
vn 0.991639 0.008506 0.128764
vn 0.991639 0.008506 0.128764
vn 0.168372 -0.260651 0.950638
vn 0.168372 -0.260651 0.950638
vn 0.168372 -0.260651 0.950638
vn 0.168372 -0.260651 0.950638
vn -0.804975 -0.053230 0.590916
vn -0.804975 -0.053230 0.590916
vn -0.804975 -0.053230 0.590916
vn -0.804975 -0.053230 0.590916
vn -0.913844 -0.148195 0.378056
vn -0.913844 -0.148195 0.378056
vn -0.913844 -0.148195 0.378056
vn -0.913844 -0.148195 0.378056
vn -0.918290 -0.149357 0.366655
vn -0.918290 -0.149357 0.366655
vn -0.918290 -0.149357 0.366655
vn -0.918290 -0.149357 0.366655
vn -0.875788 0.074134 0.476969
vn -0.875788 0.074134 0.476969
vn -0.875788 0.074134 0.476969
vn -0.875788 0.074134 0.476969
vn -0.491518 0.805846 0.330186
vn -0.491518 0.805846 0.330186
vn -0.491518 0.805846 0.330186
vn -0.491518 0.805846 0.330186
vn 0.837164 0.439498 -0.325573
vn 0.837164 0.439498 -0.325573
vn 0.837164 0.439498 -0.325573
vn 0.837164 0.439498 -0.325573
vn 0.904421 0.357292 -0.233162
vn 0.904421 0.357292 -0.233162
vn 0.904421 0.357292 -0.233162
vn 0.904421 0.357292 -0.233162
vn -0.912213 -0.137871 0.385824
vn -0.912213 -0.137871 0.385824
vn -0.912213 -0.137871 0.385824
vn -0.912213 -0.137871 0.385824
vn -0.911979 -0.311676 0.266744
vn -0.911979 -0.311676 0.266744
vn -0.911979 -0.311676 0.266744
vn -0.911979 -0.311676 0.266744
vn 0.781179 -0.380782 -0.494737
vn 0.781179 -0.380782 -0.494737
vn 0.781179 -0.380782 -0.494737
vn 0.781179 -0.380782 -0.494737
vn 0.933557 0.283166 -0.219745
vn 0.933557 0.283166 -0.219745
vn 0.933557 0.283166 -0.219745
vn 0.933557 0.283166 -0.219745
vn -0.490196 0.442962 0.750661
vn -0.490196 0.442962 0.750661
vn -0.490196 0.442962 0.750661
vn -0.490196 0.442962 0.750661
vn -0.845474 0.048500 0.531810
vn -0.845474 0.048500 0.531810
vn -0.845474 0.048500 0.531810
vn -0.845474 0.048500 0.531810
vn 0.950543 0.243014 -0.193424
vn 0.950543 0.243014 -0.193424
vn 0.950543 0.243014 -0.193424
vn 0.950543 0.243014 -0.193424
vn -0.477867 0.362018 0.800366
vn -0.477867 0.362018 0.800366
vn -0.477867 0.362018 0.800366
vn -0.477867 0.362018 0.800366
vn -0.871625 0.025134 0.489529
vn -0.871625 0.025134 0.489529
vn -0.871625 0.025134 0.489529
vn -0.871625 0.025134 0.489529
vn -0.886214 -0.143300 0.440555
vn -0.886214 -0.143300 0.440555
vn -0.886214 -0.143300 0.440555
vn -0.886214 -0.143300 0.440555
vn 0.939132 0.251510 -0.234038
vn 0.939132 0.251510 -0.234038
vn 0.939132 0.251510 -0.234038
vn 0.939132 0.251510 -0.234038
vn 0.801093 0.400345 -0.444942
vn 0.801093 0.400345 -0.444942
vn 0.801093 0.400345 -0.444942
vn 0.801093 0.400345 -0.444942
vn -0.596959 0.772815 -0.215399
vn -0.596959 0.772815 -0.215399
vn -0.596959 0.772815 -0.215399
vn -0.596959 0.772815 -0.215399
vn 0.882670 0.345454 -0.318676
vn 0.882670 0.345454 -0.318676
vn 0.882670 0.345454 -0.318676
vn 0.882670 0.345454 -0.318676
vn -0.886798 -0.262955 0.380059
vn -0.886798 -0.262955 0.380059
vn -0.886798 -0.262955 0.380059
vn -0.886798 -0.262955 0.380059
vn -0.926249 -0.197232 0.321189
vn -0.926249 -0.197232 0.321189
vn -0.926249 -0.197232 0.321189
vn -0.926249 -0.197232 0.321189
vn -0.939428 -0.083879 0.332325
vn -0.939428 -0.083879 0.332325
vn -0.939428 -0.083879 0.332325
vn -0.939428 -0.083879 0.332325
vn -0.883563 -0.020982 0.467843
vn -0.883563 -0.020982 0.467843
vn -0.883563 -0.020982 0.467843
vn -0.883563 -0.020982 0.467843
vn -0.845961 -0.070156 0.528610
vn -0.845961 -0.070156 0.528610
vn -0.845961 -0.070156 0.528610
vn -0.845961 -0.070156 0.528610
vn -0.356523 0.106016 0.928252
vn -0.356523 0.106016 0.928252
vn -0.356523 0.106016 0.928252
vn -0.356523 0.106016 0.928252
vn 0.982241 0.150064 -0.112623
vn 0.982241 0.150064 -0.112623
vn 0.982241 0.150064 -0.112623
vn 0.982241 0.150064 -0.112623
vn 0.914255 0.277859 -0.294843
vn 0.914255 0.277859 -0.294843
vn 0.914255 0.277859 -0.294843
vn 0.914255 0.277859 -0.294843
vn 0.964528 0.225940 -0.136518
vn 0.964528 0.225940 -0.136518
vn 0.964528 0.225940 -0.136518
vn 0.964528 0.225940 -0.136518
vn 0.969806 0.143121 -0.197467
vn 0.969806 0.143121 -0.197467
vn 0.969806 0.143121 -0.197467
vn 0.969806 0.143121 -0.197467
vn 0.997378 0.033705 0.064032
vn 0.997378 0.033705 0.064032
vn 0.997378 0.033705 0.064032
vn 0.997378 0.033705 0.064032
vn 0.988193 0.141544 0.058651
vn 0.988193 0.141544 0.058651
vn 0.988193 0.141544 0.058651
vn 0.988193 0.141544 0.058651
vn -0.240010 0.212481 0.947231
vn -0.240010 0.212481 0.947231
vn -0.240010 0.212481 0.947231
vn -0.240010 0.212481 0.947231
vn -0.849361 -0.042813 0.526073
vn -0.849361 -0.042813 0.526073
vn -0.849361 -0.042813 0.526073
vn -0.849361 -0.042813 0.526073
vn -0.381907 0.637885 0.668767
vn -0.381907 0.637885 0.668767
vn -0.381907 0.637885 0.668767
vn -0.381907 0.637885 0.668767
vn 0.904652 0.392897 -0.165034
vn 0.904652 0.392897 -0.165034
vn 0.904652 0.392897 -0.165034
vn 0.904652 0.392897 -0.165034
vn 0.902954 0.319170 -0.287758
vn 0.902954 0.319170 -0.287758
vn 0.902954 0.319170 -0.287758
vn 0.902954 0.319170 -0.287758
vn -0.915980 -0.103473 0.387653
vn -0.915980 -0.103473 0.387653
vn -0.915980 -0.103473 0.387653
vn -0.915980 -0.103473 0.387653
vn -0.901489 -0.255252 0.349519
vn -0.901489 -0.255252 0.349519
vn -0.901489 -0.255252 0.349519
vn -0.901489 -0.255252 0.349519
vn -0.915738 -0.149125 0.373077
vn -0.915738 -0.149125 0.373077
vn -0.915738 -0.149125 0.373077
vn -0.915738 -0.149125 0.373077
vn -0.912672 -0.182483 0.365691
vn -0.912672 -0.182483 0.365691
vn -0.912672 -0.182483 0.365691
vn -0.912672 -0.182483 0.365691
vn -0.936902 -0.183792 0.297379
vn -0.936902 -0.183792 0.297379
vn -0.936902 -0.183792 0.297379
vn -0.936902 -0.183792 0.297379
vn 0.976485 0.205466 0.065269
vn 0.976485 0.205466 0.065269
vn 0.976485 0.205466 0.065269
vn 0.976485 0.205466 0.065269
vn 0.987316 0.143387 -0.068169
vn 0.987316 0.143387 -0.068169
vn 0.987316 0.143387 -0.068169
vn 0.987316 0.143387 -0.068169
vn -0.785967 -0.027911 0.617638
vn -0.785967 -0.027911 0.617638
vn -0.785967 -0.027911 0.617638
vn -0.785967 -0.027911 0.617638
vn -0.878080 0.107964 0.466174
vn -0.878080 0.107964 0.466174
vn -0.878080 0.107964 0.466174
vn -0.878080 0.107964 0.466174
vn -0.005237 0.767891 0.640559
vn -0.005237 0.767891 0.640559
vn -0.005237 0.767891 0.640559
vn -0.005237 0.767891 0.640559
vn -0.893618 0.113533 0.434231
vn -0.893618 0.113533 0.434231
vn -0.893618 0.113533 0.434231
vn -0.893618 0.113533 0.434231
vn -0.864622 -0.289894 0.410353
vn -0.864622 -0.289894 0.410353
vn -0.864622 -0.289894 0.410353
vn -0.864622 -0.289894 0.410353
vn -0.845111 -0.209105 0.491998
vn -0.845111 -0.209105 0.491998
vn -0.845111 -0.209105 0.491998
vn -0.845111 -0.209105 0.491998
vn -0.804717 -0.210904 0.554933
vn -0.804717 -0.210904 0.554933
vn -0.804717 -0.210904 0.554933
vn -0.804717 -0.210904 0.554933
vn -0.869715 -0.309897 0.384134
vn -0.869715 -0.309897 0.384134
vn -0.869715 -0.309897 0.384134
vn -0.869715 -0.309897 0.384134
vn 0.519002 -0.456790 -0.722482
vn 0.519002 -0.456790 -0.722482
vn 0.519002 -0.456790 -0.722482
vn 0.519002 -0.456790 -0.722482
vn -0.843721 -0.180425 0.505550
vn -0.843721 -0.180425 0.505550
vn -0.843721 -0.180425 0.505550
vn -0.843721 -0.180425 0.505550
vn -0.803668 -0.234557 0.546900
vn -0.803668 -0.234557 0.546900
vn -0.803668 -0.234557 0.546900
vn -0.803668 -0.234557 0.546900
vn 0.349011 0.901338 0.256479
vn 0.349011 0.901338 0.256479
vn 0.349011 0.901338 0.256479
vn 0.349011 0.901338 0.256479
vn 0.902817 -0.429641 -0.018185
vn 0.902817 -0.429641 -0.018185
vn 0.902817 -0.429641 -0.018185
vn 0.902817 -0.429641 -0.018185
vn 0.888986 0.412707 -0.198436
vn 0.888986 0.412707 -0.198436
vn 0.888986 0.412707 -0.198436
vn 0.888986 0.412707 -0.198436
vn -0.067574 0.949283 0.307075
vn -0.067574 0.949283 0.307075
vn -0.067574 0.949283 0.307075
vn -0.067574 0.949283 0.307075
vn 0.933012 0.282681 0.222665
vn 0.933012 0.282681 0.222665
vn 0.933012 0.282681 0.222665
vn 0.933012 0.282681 0.222665
vn -0.156457 0.930306 -0.331741
vn -0.156457 0.930306 -0.331741
vn -0.156457 0.930306 -0.331741
vn -0.156457 0.930306 -0.331741
vn 0.106565 -0.884897 -0.453433
vn 0.106565 -0.884897 -0.453433
vn 0.106565 -0.884897 -0.453433
vn 0.106565 -0.884897 -0.453433
vn 0.106270 -0.763647 -0.636828
vn 0.106270 -0.763647 -0.636828
vn 0.106270 -0.763647 -0.636828
vn 0.106270 -0.763647 -0.636828
vn 0.182159 -0.775285 -0.604774
vn 0.182159 -0.775285 -0.604774
vn 0.182159 -0.775285 -0.604774
vn 0.182159 -0.775285 -0.604774
vn -0.010666 -0.861847 -0.507057
vn -0.010666 -0.861847 -0.507057
vn -0.010666 -0.861847 -0.507057
vn -0.010666 -0.861847 -0.507057
vn 0.322936 -0.941370 0.097642
vn 0.322936 -0.941370 0.097642
vn 0.322936 -0.941370 0.097642
vn 0.322936 -0.941370 0.097642
vn 0.373015 -0.513165 -0.772995
vn 0.373015 -0.513165 -0.772995
vn 0.373015 -0.513165 -0.772995
vn 0.373015 -0.513165 -0.772995
vn 0.464374 -0.882244 -0.077468
vn 0.464374 -0.882244 -0.077468
vn 0.464374 -0.882244 -0.077468
vn 0.464374 -0.882244 -0.077468
vn 0.527765 -0.839556 -0.128882
vn 0.527765 -0.839556 -0.128882
vn 0.527765 -0.839556 -0.128882
vn 0.527765 -0.839556 -0.128882
vn 0.539586 -0.841902 0.006884
vn 0.539586 -0.841902 0.006884
vn 0.539586 -0.841902 0.006884
vn 0.539586 -0.841902 0.006884
vn 0.552302 -0.833066 -0.031038
vn 0.552302 -0.833066 -0.031038
vn 0.552302 -0.833066 -0.031038
vn 0.552302 -0.833066 -0.031038
vn 0.513773 -0.853656 0.085487
vn 0.513773 -0.853656 0.085487
vn 0.513773 -0.853656 0.085487
vn 0.513773 -0.853656 0.085487
vn 0.521399 -0.851750 0.051613
vn 0.521399 -0.851750 0.051613
vn 0.521399 -0.851750 0.051613
vn 0.521399 -0.851750 0.051613
vn 0.485965 -0.868168 0.100609
vn 0.485965 -0.868168 0.100609
vn 0.485965 -0.868168 0.100609
vn 0.485965 -0.868168 0.100609
vn 0.435916 -0.898262 0.055705
vn 0.435916 -0.898262 0.055705
vn 0.435916 -0.898262 0.055705
vn 0.435916 -0.898262 0.055705
vn 0.335542 -0.935854 -0.107653
vn 0.335542 -0.935854 -0.107653
vn 0.335542 -0.935854 -0.107653
vn 0.335542 -0.935854 -0.107653
vn 0.679322 -0.711971 0.177819
vn 0.679322 -0.711971 0.177819
vn 0.679322 -0.711971 0.177819
vn 0.679322 -0.711971 0.177819
vn 0.075580 -0.900057 -0.429167
vn 0.075580 -0.900057 -0.429167
vn 0.075580 -0.900057 -0.429167
vn 0.075580 -0.900057 -0.429167
vn 0.195493 -0.800067 0.567165
vn 0.195493 -0.800067 0.567165
vn 0.195493 -0.800067 0.567165
vn 0.195493 -0.800067 0.567165
vn 0.068367 -0.892729 -0.445378
vn 0.068367 -0.892729 -0.445378
vn 0.068367 -0.892729 -0.445378
vn 0.068367 -0.892729 -0.445378
vn -0.071012 -0.929153 -0.362812
vn -0.071012 -0.929153 -0.362812
vn -0.071012 -0.929153 -0.362812
vn -0.071012 -0.929153 -0.362812
vn 0.001822 -0.703241 0.710949
vn 0.001822 -0.703241 0.710949
vn 0.001822 -0.703241 0.710949
vn 0.001822 -0.703241 0.710949
vn -0.048101 -0.573097 -0.818075
vn -0.048101 -0.573097 -0.818075
vn -0.048101 -0.573097 -0.818075
vn -0.048101 -0.573097 -0.818075
vn -0.046992 -0.994382 -0.094847
vn -0.046992 -0.994382 -0.094847
vn -0.046992 -0.994382 -0.094847
vn -0.046992 -0.994382 -0.094847
vn -0.088687 -0.799361 0.594270
vn -0.088687 -0.799361 0.594270
vn -0.088687 -0.799361 0.594270
vn -0.088687 -0.799361 0.594270
vn 0.016058 -0.756415 -0.653894
vn 0.016058 -0.756415 -0.653894
vn 0.016058 -0.756415 -0.653894
vn 0.016058 -0.756415 -0.653894
vn -0.004338 -0.615993 0.787740
vn -0.004338 -0.615993 0.787740
vn -0.004338 -0.615993 0.787740
vn -0.004338 -0.615993 0.787740
vn -0.042086 -0.439079 -0.897462
vn -0.042086 -0.439079 -0.897462
vn -0.042086 -0.439079 -0.897462
vn -0.042086 -0.439079 -0.897462
vn -0.005924 -0.991830 0.127432
vn -0.005924 -0.991830 0.127432
vn -0.005924 -0.991830 0.127432
vn -0.005924 -0.991830 0.127432
vn -0.225654 -0.908586 0.351500
vn -0.225654 -0.908586 0.351500
vn -0.225654 -0.908586 0.351500
vn -0.225654 -0.908586 0.351500
vn 0.444068 -0.895128 0.039364
vn 0.444068 -0.895128 0.039364
vn 0.444068 -0.895128 0.039364
vn 0.444068 -0.895128 0.039364
vn 0.263901 -0.864008 -0.428774
vn 0.263901 -0.864008 -0.428774
vn 0.263901 -0.864008 -0.428774
vn 0.263901 -0.864008 -0.428774
vn 0.137247 -0.963585 0.229494
vn 0.137247 -0.963585 0.229494
vn 0.137247 -0.963585 0.229494
vn 0.137247 -0.963585 0.229494
vn 0.336983 -0.825657 -0.452474
vn 0.336983 -0.825657 -0.452474
vn 0.336983 -0.825657 -0.452474
vn 0.336983 -0.825657 -0.452474
vn 0.234383 -0.907613 -0.348287
vn 0.234383 -0.907613 -0.348287
vn 0.234383 -0.907613 -0.348287
vn 0.234383 -0.907613 -0.348287
vn -0.029752 -0.748111 0.662907
vn -0.029752 -0.748111 0.662907
vn -0.029752 -0.748111 0.662907
vn -0.029752 -0.748111 0.662907
vn 0.188640 -0.520872 -0.832531
vn 0.188640 -0.520872 -0.832531
vn 0.188640 -0.520872 -0.832531
vn 0.188640 -0.520872 -0.832531
vn 0.097101 -0.989921 -0.103091
vn 0.097101 -0.989921 -0.103091
vn 0.097101 -0.989921 -0.103091
vn 0.097101 -0.989921 -0.103091
vn -0.008808 -0.934494 0.355871
vn -0.008808 -0.934494 0.355871
vn -0.008808 -0.934494 0.355871
vn -0.008808 -0.934494 0.355871
vn 0.183519 -0.895535 -0.405386
vn 0.183519 -0.895535 -0.405386
vn 0.183519 -0.895535 -0.405386
vn 0.183519 -0.895535 -0.405386
vn 0.080499 -0.928547 0.362381
vn 0.080499 -0.928547 0.362381
vn 0.080499 -0.928547 0.362381
vn 0.080499 -0.928547 0.362381
vn 0.227793 -0.919364 -0.320751
vn 0.227793 -0.919364 -0.320751
vn 0.227793 -0.919364 -0.320751
vn 0.227793 -0.919364 -0.320751
vn 0.252481 -0.959506 0.124905
vn 0.252481 -0.959506 0.124905
vn 0.252481 -0.959506 0.124905
vn 0.252481 -0.959506 0.124905
vn 0.405665 -0.878002 0.254063
vn 0.405665 -0.878002 0.254063
vn 0.405665 -0.878002 0.254063
vn 0.405665 -0.878002 0.254063
vn -0.130470 -0.938686 -0.319132
vn -0.130470 -0.938686 -0.319132
vn -0.130470 -0.938686 -0.319132
vn -0.130470 -0.938686 -0.319132
vn 0.021198 -0.973878 0.226080
vn 0.021198 -0.973878 0.226080
vn 0.021198 -0.973878 0.226080
vn 0.021198 -0.973878 0.226080
vn 0.268244 -0.947878 -0.171964
vn 0.268244 -0.947878 -0.171964
vn 0.268244 -0.947878 -0.171964
vn 0.268244 -0.947878 -0.171964
vn 0.476742 -0.712879 -0.514316
vn 0.476742 -0.712879 -0.514316
vn 0.476742 -0.712879 -0.514316
vn 0.476742 -0.712879 -0.514316
vn 0.549876 -0.767184 -0.330248
vn 0.549876 -0.767184 -0.330248
vn 0.549876 -0.767184 -0.330248
vn 0.549876 -0.767184 -0.330248
vn 0.502923 -0.864249 -0.011898
vn 0.502923 -0.864249 -0.011898
vn 0.502923 -0.864249 -0.011898
vn 0.502923 -0.864249 -0.011898
vn 0.502424 -0.830958 -0.238913
vn 0.502424 -0.830958 -0.238913
vn 0.502424 -0.830958 -0.238913
vn 0.502424 -0.830958 -0.238913
vn 0.581123 -0.812771 -0.041233
vn 0.581123 -0.812771 -0.041233
vn 0.581123 -0.812771 -0.041233
vn 0.581123 -0.812771 -0.041233
vn 0.539599 -0.841804 0.014114
vn 0.539599 -0.841804 0.014114
vn 0.539599 -0.841804 0.014114
vn 0.539599 -0.841804 0.014114
vn 0.535448 -0.843117 0.049491
vn 0.535448 -0.843117 0.049491
vn 0.535448 -0.843117 0.049491
vn 0.535448 -0.843117 0.049491
vn 0.442630 -0.895989 0.035819
vn 0.442630 -0.895989 0.035819
vn 0.442630 -0.895989 0.035819
vn 0.442630 -0.895989 0.035819
vn 0.435410 -0.892253 0.119593
vn 0.435410 -0.892253 0.119593
vn 0.435410 -0.892253 0.119593
vn 0.435410 -0.892253 0.119593
vn 0.395612 -0.909904 0.124761
vn 0.395612 -0.909904 0.124761
vn 0.395612 -0.909904 0.124761
vn 0.395612 -0.909904 0.124761
vn 0.395210 -0.460284 0.794951
vn 0.395210 -0.460284 0.794951
vn 0.395210 -0.460284 0.794951
vn 0.395210 -0.460284 0.794951
vn 0.242944 -0.967659 0.067928
vn 0.242944 -0.967659 0.067928
vn 0.242944 -0.967659 0.067928
vn 0.242944 -0.967659 0.067928
vn 0.109727 -0.973560 -0.200351
vn 0.109727 -0.973560 -0.200351
vn 0.109727 -0.973560 -0.200351
vn 0.109727 -0.973560 -0.200351
vn 0.417430 -0.857790 0.299913
vn 0.417430 -0.857790 0.299913
vn 0.417430 -0.857790 0.299913
vn 0.417430 -0.857790 0.299913
vn 0.250110 -0.941706 0.225022
vn 0.250110 -0.941706 0.225022
vn 0.250110 -0.941706 0.225022
vn 0.250110 -0.941706 0.225022
vn 0.899252 -0.231696 0.371030
vn 0.899252 -0.231696 0.371030
vn 0.899252 -0.231696 0.371030
vn 0.899252 -0.231696 0.371030
vn 0.823832 -0.120261 0.553930
vn 0.823832 -0.120261 0.553930
vn 0.823832 -0.120261 0.553930
vn 0.823832 -0.120261 0.553930
vn 0.485479 -0.868558 0.099587
vn 0.485479 -0.868558 0.099587
vn 0.485479 -0.868558 0.099587
vn 0.485479 -0.868558 0.099587
vn -0.026247 -0.981944 0.187341
vn -0.026247 -0.981944 0.187341
vn -0.026247 -0.981944 0.187341
vn -0.026247 -0.981944 0.187341
vn 0.241804 -0.942166 0.232065
vn 0.241804 -0.942166 0.232065
vn 0.241804 -0.942166 0.232065
vn 0.241804 -0.942166 0.232065
vn 0.190169 -0.981737 -0.005221
vn 0.190169 -0.981737 -0.005221
vn 0.190169 -0.981737 -0.005221
vn 0.190169 -0.981737 -0.005221
vn -0.364793 -0.897785 0.246796
vn -0.364793 -0.897785 0.246796
vn -0.364793 -0.897785 0.246796
vn -0.364793 -0.897785 0.246796
vn -0.020189 -0.994875 0.099075
vn -0.020189 -0.994875 0.099075
vn -0.020189 -0.994875 0.099075
vn -0.020189 -0.994875 0.099075
vn 0.212737 -0.954807 0.207574
vn 0.212737 -0.954807 0.207574
vn 0.212737 -0.954807 0.207574
vn 0.212737 -0.954807 0.207574
vn 0.347380 -0.874097 0.339531
vn 0.347380 -0.874097 0.339531
vn 0.347380 -0.874097 0.339531
vn 0.347380 -0.874097 0.339531
vn 0.533308 -0.828307 0.171727
vn 0.533308 -0.828307 0.171727
vn 0.533308 -0.828307 0.171727
vn 0.533308 -0.828307 0.171727
vn 0.530542 -0.846310 0.047797
vn 0.530542 -0.846310 0.047797
vn 0.530542 -0.846310 0.047797
vn 0.530542 -0.846310 0.047797
vn 0.524016 -0.846563 0.093480
vn 0.524016 -0.846563 0.093480
vn 0.524016 -0.846563 0.093480
vn 0.524016 -0.846563 0.093480
vn 0.155300 -0.983198 0.095936
vn 0.155300 -0.983198 0.095936
vn 0.155300 -0.983198 0.095936
vn 0.155300 -0.983198 0.095936
vn -0.003976 -0.999938 0.010354
vn -0.003976 -0.999938 0.010354
vn -0.003976 -0.999938 0.010354
vn -0.003976 -0.999938 0.010354
vn -0.029030 -0.999574 0.002972
vn -0.029030 -0.999574 0.002972
vn -0.029030 -0.999574 0.002972
vn -0.029030 -0.999574 0.002972
vn 0.127583 -0.991507 0.025223
vn 0.127583 -0.991507 0.025223
vn 0.127583 -0.991507 0.025223
vn 0.127583 -0.991507 0.025223
vn 0.544292 -0.837370 0.050577
vn 0.544292 -0.837370 0.050577
vn 0.544292 -0.837370 0.050577
vn 0.544292 -0.837370 0.050577
vn 0.489697 -0.868964 0.071402
vn 0.489697 -0.868964 0.071402
vn 0.489697 -0.868964 0.071402
vn 0.489697 -0.868964 0.071402
vn 0.509356 -0.860457 0.013065
vn 0.509356 -0.860457 0.013065
vn 0.509356 -0.860457 0.013065
vn 0.509356 -0.860457 0.013065
vn 0.552523 -0.826234 0.109803
vn 0.552523 -0.826234 0.109803
vn 0.552523 -0.826234 0.109803
vn 0.552523 -0.826234 0.109803
vn 0.088587 -0.992410 0.085294
vn 0.088587 -0.992410 0.085294
vn 0.088587 -0.992410 0.085294
vn 0.088587 -0.992410 0.085294
vn -0.055568 -0.997114 0.051721
vn -0.055568 -0.997114 0.051721
vn -0.055568 -0.997114 0.051721
vn -0.055568 -0.997114 0.051721
vn -0.036966 -0.993780 -0.105044
vn -0.036966 -0.993780 -0.105044
vn -0.036966 -0.993780 -0.105044
vn -0.036966 -0.993780 -0.105044
vn 0.103077 -0.987674 -0.117792
vn 0.103077 -0.987674 -0.117792
vn 0.103077 -0.987674 -0.117792
vn 0.103077 -0.987674 -0.117792
vn 0.560781 -0.822258 -0.097037
vn 0.560781 -0.822258 -0.097037
vn 0.560781 -0.822258 -0.097037
vn 0.560781 -0.822258 -0.097037
vn 0.625442 -0.773159 -0.105109
vn 0.625442 -0.773159 -0.105109
vn 0.625442 -0.773159 -0.105109
vn 0.625442 -0.773159 -0.105109
vn 0.660637 -0.723940 -0.198671
vn 0.660637 -0.723940 -0.198671
vn 0.660637 -0.723940 -0.198671
vn 0.660637 -0.723940 -0.198671
vn 0.553793 -0.783395 -0.282145
vn 0.553793 -0.783395 -0.282145
vn 0.553793 -0.783395 -0.282145
vn 0.553793 -0.783395 -0.282145
vn 0.110946 -0.963220 -0.244742
vn 0.110946 -0.963220 -0.244742
vn 0.110946 -0.963220 -0.244742
vn 0.110946 -0.963220 -0.244742
vn -0.061068 -0.979254 -0.193216
vn -0.061068 -0.979254 -0.193216
vn -0.061068 -0.979254 -0.193216
vn -0.061068 -0.979254 -0.193216
vn 0.193960 -0.973714 0.119415
vn 0.193960 -0.973714 0.119415
vn 0.193960 -0.973714 0.119415
vn 0.193960 -0.973714 0.119415
vn -0.149675 -0.699161 -0.699121
vn -0.149675 -0.699161 -0.699121
vn -0.149675 -0.699161 -0.699121
vn -0.149675 -0.699161 -0.699121
vn 0.272172 -0.778796 0.565154
vn 0.272172 -0.778796 0.565154
vn 0.272172 -0.778796 0.565154
vn 0.272172 -0.778796 0.565154
vn 0.072860 -0.996570 0.039236
vn 0.072860 -0.996570 0.039236
vn 0.072860 -0.996570 0.039236
vn 0.072860 -0.996570 0.039236
vn 0.032250 -0.999399 0.012725
vn 0.032250 -0.999399 0.012725
vn 0.032250 -0.999399 0.012725
vn 0.032250 -0.999399 0.012725
vn -0.117887 -0.730550 -0.672606
vn -0.117887 -0.730550 -0.672606
vn -0.117887 -0.730550 -0.672606
vn -0.117887 -0.730550 -0.672606
vn 0.136359 -0.790341 0.597300
vn 0.136359 -0.790341 0.597300
vn 0.136359 -0.790341 0.597300
vn 0.136359 -0.790341 0.597300
vn 0.015452 -0.997613 0.067305
vn 0.015452 -0.997613 0.067305
vn 0.015452 -0.997613 0.067305
vn 0.015452 -0.997613 0.067305
vn 0.006868 -0.994142 -0.107860
vn 0.006868 -0.994142 -0.107860
vn 0.006868 -0.994142 -0.107860
vn 0.006868 -0.994142 -0.107860
vn 0.013453 -0.994241 -0.106317
vn 0.013453 -0.994241 -0.106317
vn 0.013453 -0.994241 -0.106317
vn 0.013453 -0.994241 -0.106317
vn -0.152278 -0.506873 -0.848464
vn -0.152278 -0.506873 -0.848464
vn -0.152278 -0.506873 -0.848464
vn -0.152278 -0.506873 -0.848464
vn 0.160648 -0.723046 0.671860
vn 0.160648 -0.723046 0.671860
vn 0.160648 -0.723046 0.671860
vn 0.160648 -0.723046 0.671860
vn 0.054260 -0.973591 -0.221758
vn 0.054260 -0.973591 -0.221758
vn 0.054260 -0.973591 -0.221758
vn 0.054260 -0.973591 -0.221758
vn 0.113439 -0.942933 -0.313065
vn 0.113439 -0.942933 -0.313065
vn 0.113439 -0.942933 -0.313065
vn 0.113439 -0.942933 -0.313065
vn -0.086924 -0.902120 0.422639
vn -0.086924 -0.902120 0.422639
vn -0.086924 -0.902120 0.422639
vn -0.086924 -0.902120 0.422639
vn 0.177248 -0.968747 0.173531
vn 0.177248 -0.968747 0.173531
vn 0.177248 -0.968747 0.173531
vn 0.177248 -0.968747 0.173531
vn 0.212592 -0.950600 0.226194
vn 0.212592 -0.950600 0.226194
vn 0.212592 -0.950600 0.226194
vn 0.212592 -0.950600 0.226194
vn 0.225773 -0.958984 0.171392
vn 0.225773 -0.958984 0.171392
vn 0.225773 -0.958984 0.171392
vn 0.225773 -0.958984 0.171392
vn 0.292838 -0.929719 -0.223313
vn 0.292838 -0.929719 -0.223313
vn 0.292838 -0.929719 -0.223313
vn 0.292838 -0.929719 -0.223313
vn 0.378436 -0.755245 -0.535155
vn 0.378436 -0.755245 -0.535155
vn 0.378436 -0.755245 -0.535155
vn 0.378436 -0.755245 -0.535155
vn -0.041563 -0.610048 -0.791273
vn -0.041563 -0.610048 -0.791273
vn -0.041563 -0.610048 -0.791273
vn -0.041563 -0.610048 -0.791273
vn 0.261715 -0.944282 -0.199590
vn 0.261715 -0.944282 -0.199590
vn 0.261715 -0.944282 -0.199590
vn 0.261715 -0.944282 -0.199590
vn 0.284155 -0.947448 -0.146963
vn 0.284155 -0.947448 -0.146963
vn 0.284155 -0.947448 -0.146963
vn 0.284155 -0.947448 -0.146963
vn 0.097053 -0.980614 -0.170228
vn 0.097053 -0.980614 -0.170228
vn 0.097053 -0.980614 -0.170228
vn 0.097053 -0.980614 -0.170228
vn -0.013627 -0.896940 -0.441942
vn -0.013627 -0.896940 -0.441942
vn -0.013627 -0.896940 -0.441942
vn -0.013627 -0.896940 -0.441942
vn -0.018491 -0.913883 -0.405557
vn -0.018491 -0.913883 -0.405557
vn -0.018491 -0.913883 -0.405557
vn -0.018491 -0.913883 -0.405557
vn -0.041214 -0.985025 -0.167411
vn -0.041214 -0.985025 -0.167411
vn -0.041214 -0.985025 -0.167411
vn -0.041214 -0.985025 -0.167411
vn -0.126407 -0.675561 0.726387
vn -0.126407 -0.675561 0.726387
vn -0.126407 -0.675561 0.726387
vn -0.126407 -0.675561 0.726387
vn -0.006276 -0.596050 -0.802922
vn -0.006276 -0.596050 -0.802922
vn -0.006276 -0.596050 -0.802922
vn -0.006276 -0.596050 -0.802922
vn -0.084782 -0.889444 -0.449113
vn -0.084782 -0.889444 -0.449113
vn -0.084782 -0.889444 -0.449113
vn -0.084782 -0.889444 -0.449113
vn 0.368008 0.927989 0.058374
vn 0.368008 0.927989 0.058374
vn 0.368008 0.927989 0.058374
vn 0.368008 0.927989 0.058374
vn 0.675826 0.722516 0.145706
vn 0.675826 0.722516 0.145706
vn 0.675826 0.722516 0.145706
vn 0.675826 0.722516 0.145706
vn 0.118645 0.982110 -0.146228
vn 0.118645 0.982110 -0.146228
vn 0.118645 0.982110 -0.146228
vn 0.118645 0.982110 -0.146228
vn 0.721482 0.685513 -0.097652
vn 0.721482 0.685513 -0.097652
vn 0.721482 0.685513 -0.097652
vn 0.721482 0.685513 -0.097652
vn 0.097071 0.947233 -0.305494
vn 0.097071 0.947233 -0.305494
vn 0.097071 0.947233 -0.305494
vn 0.097071 0.947233 -0.305494
vn 0.253082 -0.809318 0.530051
vn 0.253082 -0.809318 0.530051
vn 0.253082 -0.809318 0.530051
vn 0.253082 -0.809318 0.530051
vn 0.908538 -0.406986 0.094449
vn 0.908538 -0.406986 0.094449
vn 0.908538 -0.406986 0.094449
vn 0.908538 -0.406986 0.094449
vn 0.028128 -0.990803 -0.132359
vn 0.028128 -0.990803 -0.132359
vn 0.028128 -0.990803 -0.132359
vn 0.028128 -0.990803 -0.132359
vn 0.179438 -0.972688 -0.147239
vn 0.179438 -0.972688 -0.147239
vn 0.179438 -0.972688 -0.147239
vn 0.179438 -0.972688 -0.147239
vn 0.075286 -0.983825 -0.162544
vn 0.075286 -0.983825 -0.162544
vn 0.075286 -0.983825 -0.162544
vn 0.075286 -0.983825 -0.162544
vn 0.196239 -0.978392 -0.065110
vn 0.196239 -0.978392 -0.065110
vn 0.196239 -0.978392 -0.065110
vn 0.196239 -0.978392 -0.065110
vn 0.039155 -0.997193 -0.063827
vn 0.039155 -0.997193 -0.063827
vn 0.039155 -0.997193 -0.063827
vn 0.039155 -0.997193 -0.063827
vn 0.307594 -0.937679 -0.161692
vn 0.307594 -0.937679 -0.161692
vn 0.307594 -0.937679 -0.161692
vn 0.307594 -0.937679 -0.161692
vn 0.991999 0.057224 -0.112537
vn 0.991999 0.057224 -0.112537
vn 0.991999 0.057224 -0.112537
vn 0.991999 0.057224 -0.112537
vn 0.941132 -0.179032 -0.286737
vn 0.941132 -0.179032 -0.286737
vn 0.941132 -0.179032 -0.286737
vn 0.941132 -0.179032 -0.286737
vn 0.714086 -0.403075 -0.572374
vn 0.714086 -0.403075 -0.572374
vn 0.714086 -0.403075 -0.572374
vn 0.714086 -0.403075 -0.572374
vn 0.149655 -0.964363 -0.218192
vn 0.149655 -0.964363 -0.218192
vn 0.149655 -0.964363 -0.218192
vn 0.149655 -0.964363 -0.218192
vn 0.206147 0.650404 -0.731080
vn 0.206147 0.650404 -0.731080
vn 0.206147 0.650404 -0.731080
vn 0.206147 0.650404 -0.731080
vn 0.829477 -0.397265 -0.392617
vn 0.829477 -0.397265 -0.392617
vn 0.829477 -0.397265 -0.392617
vn 0.829477 -0.397265 -0.392617
vn 0.142593 0.957694 -0.249980
vn 0.142593 0.957694 -0.249980
vn 0.142593 0.957694 -0.249980
vn 0.142593 0.957694 -0.249980
vn 0.752694 0.600719 -0.269422
vn 0.752694 0.600719 -0.269422
vn 0.752694 0.600719 -0.269422
vn 0.752694 0.600719 -0.269422
vn 0.931126 -0.152455 -0.331304
vn 0.931126 -0.152455 -0.331304
vn 0.931126 -0.152455 -0.331304
vn 0.931126 -0.152455 -0.331304
vn 0.532421 -0.703245 -0.471141
vn 0.532421 -0.703245 -0.471141
vn 0.532421 -0.703245 -0.471141
vn 0.532421 -0.703245 -0.471141
vn 0.316024 -0.944851 -0.085939
vn 0.316024 -0.944851 -0.085939
vn 0.316024 -0.944851 -0.085939
vn 0.316024 -0.944851 -0.085939
vn 0.186311 -0.981636 -0.040969
vn 0.186311 -0.981636 -0.040969
vn 0.186311 -0.981636 -0.040969
vn 0.186311 -0.981636 -0.040969
vn 0.042938 -0.998226 -0.041256
vn 0.042938 -0.998226 -0.041256
vn 0.042938 -0.998226 -0.041256
vn 0.042938 -0.998226 -0.041256
vn 0.259195 0.065895 -0.963574
vn 0.259195 0.065895 -0.963574
vn 0.259195 0.065895 -0.963574
vn 0.259195 0.065895 -0.963574
vn 0.200332 -0.965480 -0.166478
vn 0.200332 -0.965480 -0.166478
vn 0.200332 -0.965480 -0.166478
vn 0.200332 -0.965480 -0.166478
vn 0.126696 -0.975740 -0.178549
vn 0.126696 -0.975740 -0.178549
vn 0.126696 -0.975740 -0.178549
vn 0.126696 -0.975740 -0.178549
vn 0.036738 -0.979715 -0.197001
vn 0.036738 -0.979715 -0.197001
vn 0.036738 -0.979715 -0.197001
vn 0.036738 -0.979715 -0.197001
vn 0.983539 0.091573 -0.155771
vn 0.983539 0.091573 -0.155771
vn 0.983539 0.091573 -0.155771
vn 0.983539 0.091573 -0.155771
vn 0.992419 0.091008 -0.082598
vn 0.992419 0.091008 -0.082598
vn 0.992419 0.091008 -0.082598
vn 0.992419 0.091008 -0.082598
vn 0.194942 -0.829509 -0.523367
vn 0.194942 -0.829509 -0.523367
vn 0.194942 -0.829509 -0.523367
vn 0.194942 -0.829509 -0.523367
vn 0.069000 -0.877573 -0.474452
vn 0.069000 -0.877573 -0.474452
vn 0.069000 -0.877573 -0.474452
vn 0.069000 -0.877573 -0.474452
vn 0.035103 -0.886402 -0.461584
vn 0.035103 -0.886402 -0.461584
vn 0.035103 -0.886402 -0.461584
vn 0.035103 -0.886402 -0.461584
vn 0.986092 0.010359 -0.165876
vn 0.986092 0.010359 -0.165876
vn 0.986092 0.010359 -0.165876
vn 0.986092 0.010359 -0.165876
vn 0.968574 -0.031424 -0.246734
vn 0.968574 -0.031424 -0.246734
vn 0.968574 -0.031424 -0.246734
vn 0.968574 -0.031424 -0.246734
vn 0.884238 -0.170906 -0.434642
vn 0.884238 -0.170906 -0.434642
vn 0.884238 -0.170906 -0.434642
vn 0.884238 -0.170906 -0.434642
vn 0.794808 -0.180403 -0.579427
vn 0.794808 -0.180403 -0.579427
vn 0.794808 -0.180403 -0.579427
vn 0.794808 -0.180403 -0.579427
vn 0.735198 -0.319682 -0.597735
vn 0.735198 -0.319682 -0.597735
vn 0.735198 -0.319682 -0.597735
vn 0.735198 -0.319682 -0.597735
vn 0.904817 0.188349 -0.381877
vn 0.904817 0.188349 -0.381877
vn 0.904817 0.188349 -0.381877
vn 0.904817 0.188349 -0.381877
vn 0.924116 0.134238 -0.357757
vn 0.924116 0.134238 -0.357757
vn 0.924116 0.134238 -0.357757
vn 0.924116 0.134238 -0.357757
vn 0.706221 -0.032446 -0.707247
vn 0.706221 -0.032446 -0.707247
vn 0.706221 -0.032446 -0.707247
vn 0.706221 -0.032446 -0.707247
vn 0.539961 0.072431 -0.838568
vn 0.539961 0.072431 -0.838568
vn 0.539961 0.072431 -0.838568
vn 0.539961 0.072431 -0.838568
vn 0.987113 0.049021 -0.152334
vn 0.987113 0.049021 -0.152334
vn 0.987113 0.049021 -0.152334
vn 0.987113 0.049021 -0.152334
vn 0.985004 0.080048 -0.152837
vn 0.985004 0.080048 -0.152837
vn 0.985004 0.080048 -0.152837
vn 0.985004 0.080048 -0.152837
vn 0.716242 0.684907 -0.133787
vn 0.716242 0.684907 -0.133787
vn 0.716242 0.684907 -0.133787
vn 0.716242 0.684907 -0.133787
vn 0.126257 0.969358 -0.210721
vn 0.126257 0.969358 -0.210721
vn 0.126257 0.969358 -0.210721
vn 0.126257 0.969358 -0.210721
vn 0.162213 -0.944745 0.284859
vn 0.162213 -0.944745 0.284859
vn 0.162213 -0.944745 0.284859
vn 0.162213 -0.944745 0.284859
vn 0.988957 0.121119 -0.085411
vn 0.988957 0.121119 -0.085411
vn 0.988957 0.121119 -0.085411
vn 0.988957 0.121119 -0.085411
vn 0.703909 0.710015 0.019786
vn 0.703909 0.710015 0.019786
vn 0.703909 0.710015 0.019786
vn 0.703909 0.710015 0.019786
vn 0.181421 0.983090 0.024906
vn 0.181421 0.983090 0.024906
vn 0.181421 0.983090 0.024906
vn 0.181421 0.983090 0.024906
vn 0.991675 0.056234 -0.115835
vn 0.991675 0.056234 -0.115835
vn 0.991675 0.056234 -0.115835
vn 0.991675 0.056234 -0.115835
vn 0.331428 -0.942803 -0.035758
vn 0.331428 -0.942803 -0.035758
vn 0.331428 -0.942803 -0.035758
vn 0.331428 -0.942803 -0.035758
vn 0.995641 -0.052224 -0.077281
vn 0.995641 -0.052224 -0.077281
vn 0.995641 -0.052224 -0.077281
vn 0.995641 -0.052224 -0.077281
vn 0.995186 0.052088 -0.083011
vn 0.995186 0.052088 -0.083011
vn 0.995186 0.052088 -0.083011
vn 0.995186 0.052088 -0.083011
vn 0.643318 0.743551 0.182410
vn 0.643318 0.743551 0.182410
vn 0.643318 0.743551 0.182410
vn 0.643318 0.743551 0.182410
vn 0.261014 0.948973 0.176977
vn 0.261014 0.948973 0.176977
vn 0.261014 0.948973 0.176977
vn 0.261014 0.948973 0.176977
vn 0.521107 -0.851345 0.060491
vn 0.521107 -0.851345 0.060491
vn 0.521107 -0.851345 0.060491
vn 0.521107 -0.851345 0.060491
vn 0.272015 -0.945290 0.180095
vn 0.272015 -0.945290 0.180095
vn 0.272015 -0.945290 0.180095
vn 0.272015 -0.945290 0.180095
vn 0.120372 -0.970670 0.208112
vn 0.120372 -0.970670 0.208112
vn 0.120372 -0.970670 0.208112
vn 0.120372 -0.970670 0.208112
vn 0.893215 0.214505 -0.395164
vn 0.893215 0.214505 -0.395164
vn 0.893215 0.214505 -0.395164
vn 0.893215 0.214505 -0.395164
vn 0.869406 0.120265 -0.479239
vn 0.869406 0.120265 -0.479239
vn 0.869406 0.120265 -0.479239
vn 0.869406 0.120265 -0.479239
vn 0.852314 0.307789 -0.422880
vn 0.852314 0.307789 -0.422880
vn 0.852314 0.307789 -0.422880
vn 0.852314 0.307789 -0.422880
vn 0.182358 0.771835 -0.609111
vn 0.182358 0.771835 -0.609111
vn 0.182358 0.771835 -0.609111
vn 0.182358 0.771835 -0.609111
vn 0.823341 0.387296 -0.414864
vn 0.823341 0.387296 -0.414864
vn 0.823341 0.387296 -0.414864
vn 0.823341 0.387296 -0.414864
vn 0.130739 0.950847 -0.280708
vn 0.130739 0.950847 -0.280708
vn 0.130739 0.950847 -0.280708
vn 0.130739 0.950847 -0.280708
vn 0.741919 0.648924 0.168684
vn 0.741919 0.648924 0.168684
vn 0.741919 0.648924 0.168684
vn 0.741919 0.648924 0.168684
vn 0.497940 0.436370 -0.749424
vn 0.497940 0.436370 -0.749424
vn 0.497940 0.436370 -0.749424
vn 0.497940 0.436370 -0.749424
vn 0.509619 0.115837 -0.852567
vn 0.509619 0.115837 -0.852567
vn 0.509619 0.115837 -0.852567
vn 0.509619 0.115837 -0.852567
vn 0.976370 0.031187 -0.213844
vn 0.976370 0.031187 -0.213844
vn 0.976370 0.031187 -0.213844
vn 0.976370 0.031187 -0.213844
vn 0.858943 0.133856 -0.494268
vn 0.858943 0.133856 -0.494268
vn 0.858943 0.133856 -0.494268
vn 0.858943 0.133856 -0.494268
vn 0.793230 -0.386523 -0.470516
vn 0.793230 -0.386523 -0.470516
vn 0.793230 -0.386523 -0.470516
vn 0.793230 -0.386523 -0.470516
vn 0.789271 0.238748 -0.565730
vn 0.789271 0.238748 -0.565730
vn 0.789271 0.238748 -0.565730
vn 0.789271 0.238748 -0.565730
vn 0.595710 0.435978 -0.674576
vn 0.595710 0.435978 -0.674576
vn 0.595710 0.435978 -0.674576
vn 0.595710 0.435978 -0.674576
vn 0.389298 0.255147 -0.885069
vn 0.389298 0.255147 -0.885069
vn 0.389298 0.255147 -0.885069
vn 0.389298 0.255147 -0.885069
vn 0.951180 -0.215366 -0.221074
vn 0.951180 -0.215366 -0.221074
vn 0.951180 -0.215366 -0.221074
vn 0.951180 -0.215366 -0.221074
vn 0.955118 -0.288301 -0.068061
vn 0.955118 -0.288301 -0.068061
vn 0.955118 -0.288301 -0.068061
vn 0.955118 -0.288301 -0.068061
vn 0.576871 0.301196 -0.759276
vn 0.576871 0.301196 -0.759276
vn 0.576871 0.301196 -0.759276
vn 0.576871 0.301196 -0.759276
vn -0.849879 0.446023 -0.280656
vn -0.849879 0.446023 -0.280656
vn -0.849879 0.446023 -0.280656
vn -0.849879 0.446023 -0.280656
vn -0.925827 -0.093141 -0.366291
vn -0.925827 -0.093141 -0.366291
vn -0.925827 -0.093141 -0.366291
vn -0.925827 -0.093141 -0.366291
vn -0.959451 -0.281633 -0.011689
vn -0.959451 -0.281633 -0.011689
vn -0.959451 -0.281633 -0.011689
vn -0.959451 -0.281633 -0.011689
vn -0.061971 -0.444400 0.893682
vn -0.061971 -0.444400 0.893682
vn -0.061971 -0.444400 0.893682
vn -0.061971 -0.444400 0.893682
vn -0.179989 -0.348623 0.919819
vn -0.179989 -0.348623 0.919819
vn -0.179989 -0.348623 0.919819
vn -0.179989 -0.348623 0.919819
vn -0.775643 0.569712 0.271673
vn -0.775643 0.569712 0.271673
vn -0.775643 0.569712 0.271673
vn -0.775643 0.569712 0.271673
vn 0.896771 0.419240 -0.141564
vn 0.896771 0.419240 -0.141564
vn 0.896771 0.419240 -0.141564
vn 0.896771 0.419240 -0.141564
vn 0.914398 0.397952 -0.074242
vn 0.914398 0.397952 -0.074242
vn 0.914398 0.397952 -0.074242
vn 0.914398 0.397952 -0.074242
vn 0.930502 0.364377 -0.037360
vn 0.930502 0.364377 -0.037360
vn 0.930502 0.364377 -0.037360
vn 0.930502 0.364377 -0.037360
vn 0.925105 0.379301 0.017638
vn 0.925105 0.379301 0.017638
vn 0.925105 0.379301 0.017638
vn 0.925105 0.379301 0.017638
vn 0.907444 0.377117 0.185277
vn 0.907444 0.377117 0.185277
vn 0.907444 0.377117 0.185277
vn 0.907444 0.377117 0.185277
vn 0.659721 0.730614 -0.175990
vn 0.659721 0.730614 -0.175990
vn 0.659721 0.730614 -0.175990
vn 0.659721 0.730614 -0.175990
vn 0.987694 -0.156352 -0.003905
vn 0.987694 -0.156352 -0.003905
vn 0.987694 -0.156352 -0.003905
vn 0.987694 -0.156352 -0.003905
vn -0.921359 -0.387895 0.025204
vn -0.921359 -0.387895 0.025204
vn -0.921359 -0.387895 0.025204
vn -0.921359 -0.387895 0.025204
vn 0.344988 0.579938 -0.738008
vn 0.344988 0.579938 -0.738008
vn 0.344988 0.579938 -0.738008
vn 0.344988 0.579938 -0.738008
vn -0.291305 0.886019 0.360709
vn -0.291305 0.886019 0.360709
vn -0.291305 0.886019 0.360709
vn -0.291305 0.886019 0.360709
vn 0.883027 -0.349653 -0.313058
vn 0.883027 -0.349653 -0.313058
vn 0.883027 -0.349653 -0.313058
vn 0.883027 -0.349653 -0.313058
vn 0.954809 -0.211761 -0.208562
vn 0.954809 -0.211761 -0.208562
vn 0.954809 -0.211761 -0.208562
vn 0.954809 -0.211761 -0.208562
vn 0.963097 -0.050215 -0.264429
vn 0.963097 -0.050215 -0.264429
vn 0.963097 -0.050215 -0.264429
vn 0.963097 -0.050215 -0.264429
vn 0.754445 0.648196 0.103224
vn 0.754445 0.648196 0.103224
vn 0.754445 0.648196 0.103224
vn 0.754445 0.648196 0.103224
vn 0.695110 0.092135 -0.712975
vn 0.695110 0.092135 -0.712975
vn 0.695110 0.092135 -0.712975
vn 0.695110 0.092135 -0.712975
vn -0.937867 -0.335096 -0.090085
vn -0.937867 -0.335096 -0.090085
vn -0.937867 -0.335096 -0.090085
vn -0.937867 -0.335096 -0.090085
vn 0.111518 0.561913 -0.819644
vn 0.111518 0.561913 -0.819644
vn 0.111518 0.561913 -0.819644
vn 0.111518 0.561913 -0.819644
vn 0.913177 0.401720 -0.068772
vn 0.913177 0.401720 -0.068772
vn 0.913177 0.401720 -0.068772
vn 0.913177 0.401720 -0.068772
vn 0.597024 -0.061129 -0.799891
vn 0.597024 -0.061129 -0.799891
vn 0.597024 -0.061129 -0.799891
vn 0.597024 -0.061129 -0.799891
vn 0.944866 -0.324996 -0.040082
vn 0.944866 -0.324996 -0.040082
vn 0.944866 -0.324996 -0.040082
vn 0.944866 -0.324996 -0.040082
vn -0.074268 0.163454 0.983752
vn -0.074268 0.163454 0.983752
vn -0.074268 0.163454 0.983752
vn -0.074268 0.163454 0.983752
vn 0.863351 0.055964 -0.501491
vn 0.863351 0.055964 -0.501491
vn 0.863351 0.055964 -0.501491
vn 0.863351 0.055964 -0.501491
vn 0.149430 -0.962412 -0.226791
vn 0.149430 -0.962412 -0.226791
vn 0.149430 -0.962412 -0.226791
vn 0.149430 -0.962412 -0.226791
vn 0.087051 -0.969206 -0.230351
vn 0.087051 -0.969206 -0.230351
vn 0.087051 -0.969206 -0.230351
vn 0.087051 -0.969206 -0.230351
vn 0.022789 -0.973413 -0.227923
vn 0.022789 -0.973413 -0.227923
vn 0.022789 -0.973413 -0.227923
vn 0.022789 -0.973413 -0.227923
vn 0.918080 0.198431 -0.343152
vn 0.918080 0.198431 -0.343152
vn 0.918080 0.198431 -0.343152
vn 0.918080 0.198431 -0.343152
vn 0.250019 -0.953699 -0.167180
vn 0.250019 -0.953699 -0.167180
vn 0.250019 -0.953699 -0.167180
vn 0.250019 -0.953699 -0.167180
vn 0.162961 -0.967794 -0.191882
vn 0.162961 -0.967794 -0.191882
vn 0.162961 -0.967794 -0.191882
vn 0.162961 -0.967794 -0.191882
vn 0.033873 -0.983315 -0.178730
vn 0.033873 -0.983315 -0.178730
vn 0.033873 -0.983315 -0.178730
vn 0.033873 -0.983315 -0.178730
vn 0.916679 0.157656 -0.367212
vn 0.916679 0.157656 -0.367212
vn 0.916679 0.157656 -0.367212
vn 0.916679 0.157656 -0.367212
vn 0.226237 0.065350 -0.971878
vn 0.226237 0.065350 -0.971878
vn 0.226237 0.065350 -0.971878
vn 0.226237 0.065350 -0.971878
vn 0.760022 -0.056547 -0.647433
vn 0.760022 -0.056547 -0.647433
vn 0.760022 -0.056547 -0.647433
vn 0.760022 -0.056547 -0.647433
vn 0.321409 -0.892413 -0.316695
vn 0.321409 -0.892413 -0.316695
vn 0.321409 -0.892413 -0.316695
vn 0.321409 -0.892413 -0.316695
vn 0.222903 -0.974334 -0.031408
vn 0.222903 -0.974334 -0.031408
vn 0.222903 -0.974334 -0.031408
vn 0.222903 -0.974334 -0.031408
vn 0.700758 0.115639 -0.703964
vn 0.700758 0.115639 -0.703964
vn 0.700758 0.115639 -0.703964
vn 0.700758 0.115639 -0.703964
vn 0.834179 0.184393 -0.519755
vn 0.834179 0.184393 -0.519755
vn 0.834179 0.184393 -0.519755
vn 0.834179 0.184393 -0.519755
vn 0.728087 0.541371 -0.420483
vn 0.728087 0.541371 -0.420483
vn 0.728087 0.541371 -0.420483
vn 0.728087 0.541371 -0.420483
vn 0.933508 0.212148 0.289061
vn 0.933508 0.212148 0.289061
vn 0.933508 0.212148 0.289061
vn 0.933508 0.212148 0.289061
vn 0.952708 0.292327 -0.083015
vn 0.952708 0.292327 -0.083015
vn 0.952708 0.292327 -0.083015
vn 0.952708 0.292327 -0.083015
vn 0.829848 0.071916 -0.553336
vn 0.829848 0.071916 -0.553336
vn 0.829848 0.071916 -0.553336
vn 0.829848 0.071916 -0.553336
vn 0.715421 -0.050980 -0.696831
vn 0.715421 -0.050980 -0.696831
vn 0.715421 -0.050980 -0.696831
vn 0.715421 -0.050980 -0.696831
vn 0.718902 -0.201139 -0.665375
vn 0.718902 -0.201139 -0.665375
vn 0.718902 -0.201139 -0.665375
vn 0.718902 -0.201139 -0.665375
vn 0.846577 0.124607 -0.517475
vn 0.846577 0.124607 -0.517475
vn 0.846577 0.124607 -0.517475
vn 0.846577 0.124607 -0.517475
vn 0.588937 -0.029232 -0.807650
vn 0.588937 -0.029232 -0.807650
vn 0.588937 -0.029232 -0.807650
vn 0.588937 -0.029232 -0.807650
vn 0.167084 -0.059673 -0.984135
vn 0.167084 -0.059673 -0.984135
vn 0.167084 -0.059673 -0.984135
vn 0.167084 -0.059673 -0.984135
vn 0.673100 0.123248 -0.729210
vn 0.673100 0.123248 -0.729210
vn 0.673100 0.123248 -0.729210
vn 0.673100 0.123248 -0.729210
vn 0.612641 -0.326484 -0.719777
vn 0.612641 -0.326484 -0.719777
vn 0.612641 -0.326484 -0.719777
vn 0.612641 -0.326484 -0.719777
vn 0.871197 -0.416372 -0.260098
vn 0.871197 -0.416372 -0.260098
vn 0.871197 -0.416372 -0.260098
vn 0.871197 -0.416372 -0.260098
vn 0.904401 -0.366063 0.219217
vn 0.904401 -0.366063 0.219217
vn 0.904401 -0.366063 0.219217
vn 0.904401 -0.366063 0.219217
vn 0.678850 -0.212234 -0.702937
vn 0.678850 -0.212234 -0.702937
vn 0.678850 -0.212234 -0.702937
vn 0.678850 -0.212234 -0.702937
vn 0.570280 0.242292 -0.784905
vn 0.570280 0.242292 -0.784905
vn 0.570280 0.242292 -0.784905
vn 0.570280 0.242292 -0.784905
vn 0.422160 0.442679 -0.791085
vn 0.422160 0.442679 -0.791085
vn 0.422160 0.442679 -0.791085
vn 0.422160 0.442679 -0.791085
vn 0.506876 0.471758 -0.721471
vn 0.506876 0.471758 -0.721471
vn 0.506876 0.471758 -0.721471
vn 0.506876 0.471758 -0.721471
vn 0.609503 0.178791 -0.772360
vn 0.609503 0.178791 -0.772360
vn 0.609503 0.178791 -0.772360
vn 0.609503 0.178791 -0.772360
vn 0.517546 0.355684 -0.778226
vn 0.517546 0.355684 -0.778226
vn 0.517546 0.355684 -0.778226
vn 0.517546 0.355684 -0.778226
vn -0.575757 0.614903 0.538886
vn -0.575757 0.614903 0.538886
vn -0.575757 0.614903 0.538886
vn -0.575757 0.614903 0.538886
vn -0.509839 -0.659870 0.551938
vn -0.509839 -0.659870 0.551938
vn -0.509839 -0.659870 0.551938
vn -0.509839 -0.659870 0.551938
vn 0.986826 0.063585 -0.148768
vn 0.986826 0.063585 -0.148768
vn 0.986826 0.063585 -0.148768
vn 0.986826 0.063585 -0.148768
vn 0.918574 0.304457 -0.252048
vn 0.918574 0.304457 -0.252048
vn 0.918574 0.304457 -0.252048
vn 0.918574 0.304457 -0.252048
vn 0.583997 0.714982 -0.384380
vn 0.583997 0.714982 -0.384380
vn 0.583997 0.714982 -0.384380
vn 0.583997 0.714982 -0.384380
vn 0.881444 0.289846 -0.372888
vn 0.881444 0.289846 -0.372888
vn 0.881444 0.289846 -0.372888
vn 0.881444 0.289846 -0.372888
vn 0.089472 0.872752 -0.479895
vn 0.089472 0.872752 -0.479895
vn 0.089472 0.872752 -0.479895
vn 0.089472 0.872752 -0.479895
vn 0.699624 -0.413335 -0.582822
vn 0.699624 -0.413335 -0.582822
vn 0.699624 -0.413335 -0.582822
vn 0.699624 -0.413335 -0.582822
vn 0.799602 -0.283161 -0.529582
vn 0.799602 -0.283161 -0.529582
vn 0.799602 -0.283161 -0.529582
vn 0.799602 -0.283161 -0.529582
vn 0.975543 -0.087615 -0.201594
vn 0.975543 -0.087615 -0.201594
vn 0.975543 -0.087615 -0.201594
vn 0.975543 -0.087615 -0.201594
vn 0.979783 0.081903 -0.182530
vn 0.979783 0.081903 -0.182530
vn 0.979783 0.081903 -0.182530
vn 0.979783 0.081903 -0.182530
vn 0.924341 0.047647 -0.378581
vn 0.924341 0.047647 -0.378581
vn 0.924341 0.047647 -0.378581
vn 0.924341 0.047647 -0.378581
vn 0.995495 0.015219 -0.093581
vn 0.995495 0.015219 -0.093581
vn 0.995495 0.015219 -0.093581
vn 0.995495 0.015219 -0.093581
vn 0.988062 -0.141603 -0.060688
vn 0.988062 -0.141603 -0.060688
vn 0.988062 -0.141603 -0.060688
vn 0.988062 -0.141603 -0.060688
vn 0.959933 0.044906 -0.276609
vn 0.959933 0.044906 -0.276609
vn 0.959933 0.044906 -0.276609
vn 0.959933 0.044906 -0.276609
vn 0.220598 -0.180422 -0.958532
vn 0.220598 -0.180422 -0.958532
vn 0.220598 -0.180422 -0.958532
vn 0.220598 -0.180422 -0.958532
vn 0.561040 -0.213321 -0.799830
vn 0.561040 -0.213321 -0.799830
vn 0.561040 -0.213321 -0.799830
vn 0.561040 -0.213321 -0.799830
vn 0.763605 -0.199164 -0.614199
vn 0.763605 -0.199164 -0.614199
vn 0.763605 -0.199164 -0.614199
vn 0.763605 -0.199164 -0.614199
vn 0.793547 -0.207706 -0.571962
vn 0.793547 -0.207706 -0.571962
vn 0.793547 -0.207706 -0.571962
vn 0.793547 -0.207706 -0.571962
vn 0.960607 0.144068 -0.237654
vn 0.960607 0.144068 -0.237654
vn 0.960607 0.144068 -0.237654
vn 0.960607 0.144068 -0.237654
vn 0.929687 -0.033308 -0.366842
vn 0.929687 -0.033308 -0.366842
vn 0.929687 -0.033308 -0.366842
vn 0.929687 -0.033308 -0.366842
vn 0.835522 0.474888 -0.276376
vn 0.835522 0.474888 -0.276376
vn 0.835522 0.474888 -0.276376
vn 0.835522 0.474888 -0.276376
vn 0.963578 -0.262482 0.051185
vn 0.963578 -0.262482 0.051185
vn 0.963578 -0.262482 0.051185
vn 0.963578 -0.262482 0.051185
vn 0.770248 0.526140 -0.360409
vn 0.770248 0.526140 -0.360409
vn 0.770248 0.526140 -0.360409
vn 0.770248 0.526140 -0.360409
vn 0.732205 0.553047 -0.397512
vn 0.732205 0.553047 -0.397512
vn 0.732205 0.553047 -0.397512
vn 0.732205 0.553047 -0.397512
vn 0.144169 0.954909 -0.259546
vn 0.144169 0.954909 -0.259546
vn 0.144169 0.954909 -0.259546
vn 0.144169 0.954909 -0.259546
vn 0.730310 -0.132112 -0.670219
vn 0.730310 -0.132112 -0.670219
vn 0.730310 -0.132112 -0.670219
vn 0.730310 -0.132112 -0.670219
vn 0.709830 0.303100 -0.635824
vn 0.709830 0.303100 -0.635824
vn 0.709830 0.303100 -0.635824
vn 0.709830 0.303100 -0.635824
vn 0.319246 0.676895 -0.663246
vn 0.319246 0.676895 -0.663246
vn 0.319246 0.676895 -0.663246
vn 0.319246 0.676895 -0.663246
vn 0.244328 0.812080 -0.529934
vn 0.244328 0.812080 -0.529934
vn 0.244328 0.812080 -0.529934
vn 0.244328 0.812080 -0.529934
vn 0.247131 0.917921 -0.310400
vn 0.247131 0.917921 -0.310400
vn 0.247131 0.917921 -0.310400
vn 0.247131 0.917921 -0.310400
vn 0.290935 0.923149 -0.251304
vn 0.290935 0.923149 -0.251304
vn 0.290935 0.923149 -0.251304
vn 0.290935 0.923149 -0.251304
vn 0.324696 0.899209 -0.293250
vn 0.324696 0.899209 -0.293250
vn 0.324696 0.899209 -0.293250
vn 0.324696 0.899209 -0.293250
vn 0.400188 0.872844 -0.279271
vn 0.400188 0.872844 -0.279271
vn 0.400188 0.872844 -0.279271
vn 0.400188 0.872844 -0.279271
vn 0.924037 0.166027 -0.344370
vn 0.924037 0.166027 -0.344370
vn 0.924037 0.166027 -0.344370
vn 0.924037 0.166027 -0.344370
vn 0.838599 0.377315 -0.392920
vn 0.838599 0.377315 -0.392920
vn 0.838599 0.377315 -0.392920
vn 0.838599 0.377315 -0.392920
vn 0.984557 0.142448 0.101763
vn 0.984557 0.142448 0.101763
vn 0.984557 0.142448 0.101763
vn 0.984557 0.142448 0.101763
vn 0.999235 -0.026054 0.029149
vn 0.999235 -0.026054 0.029149
vn 0.999235 -0.026054 0.029149
vn 0.999235 -0.026054 0.029149
vn 0.387604 0.111278 -0.915085
vn 0.387604 0.111278 -0.915085
vn 0.387604 0.111278 -0.915085
vn 0.387604 0.111278 -0.915085
vn 0.330627 -0.724749 -0.604504
vn 0.330627 -0.724749 -0.604504
vn 0.330627 -0.724749 -0.604504
vn 0.330627 -0.724749 -0.604504
vn 0.338820 -0.865516 -0.368894
vn 0.338820 -0.865516 -0.368894
vn 0.338820 -0.865516 -0.368894
vn 0.338820 -0.865516 -0.368894
vn 0.352308 -0.890045 -0.289307
vn 0.352308 -0.890045 -0.289307
vn 0.352308 -0.890045 -0.289307
vn 0.352308 -0.890045 -0.289307
vn 0.437334 -0.874515 -0.209671
vn 0.437334 -0.874515 -0.209671
vn 0.437334 -0.874515 -0.209671
vn 0.437334 -0.874515 -0.209671
vn 0.493643 -0.840627 -0.222852
vn 0.493643 -0.840627 -0.222852
vn 0.493643 -0.840627 -0.222852
vn 0.493643 -0.840627 -0.222852
vn 0.548234 -0.810274 -0.207113
vn 0.548234 -0.810274 -0.207113
vn 0.548234 -0.810274 -0.207113
vn 0.548234 -0.810274 -0.207113
vn 0.611458 -0.771380 -0.176327
vn 0.611458 -0.771380 -0.176327
vn 0.611458 -0.771380 -0.176327
vn 0.611458 -0.771380 -0.176327
vn 0.963306 -0.078932 -0.256536
vn 0.963306 -0.078932 -0.256536
vn 0.963306 -0.078932 -0.256536
vn 0.963306 -0.078932 -0.256536
vn 0.996145 0.017312 -0.085992
vn 0.996145 0.017312 -0.085992
vn 0.996145 0.017312 -0.085992
vn 0.996145 0.017312 -0.085992
vn 0.966004 0.036918 -0.255877
vn 0.966004 0.036918 -0.255877
vn 0.966004 0.036918 -0.255877
vn 0.966004 0.036918 -0.255877
vn 0.671971 -0.736564 -0.076997
vn 0.671971 -0.736564 -0.076997
vn 0.671971 -0.736564 -0.076997
vn 0.671971 -0.736564 -0.076997
vn 0.891901 -0.261972 -0.368624
vn 0.891901 -0.261972 -0.368624
vn 0.891901 -0.261972 -0.368624
vn 0.891901 -0.261972 -0.368624
vn 0.931152 0.358085 -0.068783
vn 0.931152 0.358085 -0.068783
vn 0.931152 0.358085 -0.068783
vn 0.931152 0.358085 -0.068783
vn 0.908642 0.274046 0.315070
vn 0.908642 0.274046 0.315070
vn 0.908642 0.274046 0.315070
vn 0.908642 0.274046 0.315070
vn 0.660603 0.519568 -0.541898
vn 0.660603 0.519568 -0.541898
vn 0.660603 0.519568 -0.541898
vn 0.660603 0.519568 -0.541898
vn 0.216721 0.539589 -0.813557
vn 0.216721 0.539589 -0.813557
vn 0.216721 0.539589 -0.813557
vn 0.216721 0.539589 -0.813557
vn -0.881682 -0.447116 -0.150744
vn -0.881682 -0.447116 -0.150744
vn -0.881682 -0.447116 -0.150744
vn -0.881682 -0.447116 -0.150744
vn 0.737035 0.661484 -0.138631
vn 0.737035 0.661484 -0.138631
vn 0.737035 0.661484 -0.138631
vn 0.737035 0.661484 -0.138631
vn 0.884137 0.434441 -0.171938
vn 0.884137 0.434441 -0.171938
vn 0.884137 0.434441 -0.171938
vn 0.884137 0.434441 -0.171938
vn 0.914806 0.308366 -0.260845
vn 0.914806 0.308366 -0.260845
vn 0.914806 0.308366 -0.260845
vn 0.914806 0.308366 -0.260845
vn 0.275595 0.948819 -0.154239
vn 0.275595 0.948819 -0.154239
vn 0.275595 0.948819 -0.154239
vn 0.275595 0.948819 -0.154239
vn 0.490106 0.861691 -0.131470
vn 0.490106 0.861691 -0.131470
vn 0.490106 0.861691 -0.131470
vn 0.490106 0.861691 -0.131470
vn 0.802537 0.577179 -0.150994
vn 0.802537 0.577179 -0.150994
vn 0.802537 0.577179 -0.150994
vn 0.802537 0.577179 -0.150994
vn 0.892033 0.451861 -0.009998
vn 0.892033 0.451861 -0.009998
vn 0.892033 0.451861 -0.009998
vn 0.892033 0.451861 -0.009998
vn 0.994793 0.081954 0.060579
vn 0.994793 0.081954 0.060579
vn 0.994793 0.081954 0.060579
vn 0.994793 0.081954 0.060579
vn 0.983315 -0.181012 -0.018055
vn 0.983315 -0.181012 -0.018055
vn 0.983315 -0.181012 -0.018055
vn 0.983315 -0.181012 -0.018055
vn 0.767325 -0.480408 -0.424758
vn 0.767325 -0.480408 -0.424758
vn 0.767325 -0.480408 -0.424758
vn 0.767325 -0.480408 -0.424758
vn 0.684816 -0.517705 -0.512843
vn 0.684816 -0.517705 -0.512843
vn 0.684816 -0.517705 -0.512843
vn 0.684816 -0.517705 -0.512843
vn 0.724043 -0.388928 -0.569647
vn 0.724043 -0.388928 -0.569647
vn 0.724043 -0.388928 -0.569647
vn 0.724043 -0.388928 -0.569647
vn 0.697420 -0.005725 -0.716640
vn 0.697420 -0.005725 -0.716640
vn 0.697420 -0.005725 -0.716640
vn 0.697420 -0.005725 -0.716640
vn 0.391870 -0.142388 -0.908936
vn 0.391870 -0.142388 -0.908936
vn 0.391870 -0.142388 -0.908936
vn 0.391870 -0.142388 -0.908936
vn 0.183408 0.130842 -0.974291
vn 0.183408 0.130842 -0.974291
vn 0.183408 0.130842 -0.974291
vn 0.183408 0.130842 -0.974291
vn 0.047886 0.258626 -0.964790
vn 0.047886 0.258626 -0.964790
vn 0.047886 0.258626 -0.964790
vn 0.047886 0.258626 -0.964790
vn 0.132348 0.674781 -0.726054
vn 0.132348 0.674781 -0.726054
vn 0.132348 0.674781 -0.726054
vn 0.132348 0.674781 -0.726054
vn 0.259220 0.896143 -0.360185
vn 0.259220 0.896143 -0.360185
vn 0.259220 0.896143 -0.360185
vn 0.259220 0.896143 -0.360185
vn 0.966605 -0.048328 -0.251673
vn 0.966605 -0.048328 -0.251673
vn 0.966605 -0.048328 -0.251673
vn 0.966605 -0.048328 -0.251673
vn 0.790386 -0.488087 -0.370218
vn 0.790386 -0.488087 -0.370218
vn 0.790386 -0.488087 -0.370218
vn 0.790386 -0.488087 -0.370218
vn 0.739696 0.159950 -0.653656
vn 0.739696 0.159950 -0.653656
vn 0.739696 0.159950 -0.653656
vn 0.739696 0.159950 -0.653656
vn 0.919471 0.379121 -0.104119
vn 0.919471 0.379121 -0.104119
vn 0.919471 0.379121 -0.104119
vn 0.919471 0.379121 -0.104119
vn 0.782678 0.361507 -0.506683
vn 0.782678 0.361507 -0.506683
vn 0.782678 0.361507 -0.506683
vn 0.782678 0.361507 -0.506683
vn 0.834388 0.484189 -0.263358
vn 0.834388 0.484189 -0.263358
vn 0.834388 0.484189 -0.263358
vn 0.834388 0.484189 -0.263358
vn 0.801761 0.498535 -0.329608
vn 0.801761 0.498535 -0.329608
vn 0.801761 0.498535 -0.329608
vn 0.801761 0.498535 -0.329608
vn 0.771770 0.324781 -0.546706
vn 0.771770 0.324781 -0.546706
vn 0.771770 0.324781 -0.546706
vn 0.771770 0.324781 -0.546706
vn 0.874875 -0.128951 -0.466868
vn 0.874875 -0.128951 -0.466868
vn 0.874875 -0.128951 -0.466868
vn 0.874875 -0.128951 -0.466868
vn 0.884904 -0.032919 -0.464609
vn 0.884904 -0.032919 -0.464609
vn 0.884904 -0.032919 -0.464609
vn 0.884904 -0.032919 -0.464609
vn 0.964947 0.065110 -0.254240
vn 0.964947 0.065110 -0.254240
vn 0.964947 0.065110 -0.254240
vn 0.964947 0.065110 -0.254240
vn 0.900985 0.171328 -0.398588
vn 0.900985 0.171328 -0.398588
vn 0.900985 0.171328 -0.398588
vn 0.900985 0.171328 -0.398588
vn 0.957879 -0.029466 -0.285656
vn 0.957879 -0.029466 -0.285656
vn 0.957879 -0.029466 -0.285656
vn 0.957879 -0.029466 -0.285656
vn 0.932621 -0.161858 -0.322520
vn 0.932621 -0.161858 -0.322520
vn 0.932621 -0.161858 -0.322520
vn 0.932621 -0.161858 -0.322520
vn 0.934108 -0.221522 -0.279948
vn 0.934108 -0.221522 -0.279948
vn 0.934108 -0.221522 -0.279948
vn 0.934108 -0.221522 -0.279948
vn 0.925770 -0.075937 -0.370383
vn 0.925770 -0.075937 -0.370383
vn 0.925770 -0.075937 -0.370383
vn 0.925770 -0.075937 -0.370383
vn 0.927249 -0.147384 -0.344220
vn 0.927249 -0.147384 -0.344220
vn 0.927249 -0.147384 -0.344220
vn 0.927249 -0.147384 -0.344220
vn 0.965180 -0.070692 -0.251855
vn 0.965180 -0.070692 -0.251855
vn 0.965180 -0.070692 -0.251855
vn 0.965180 -0.070692 -0.251855
vn 0.905055 -0.293068 -0.308199
vn 0.905055 -0.293068 -0.308199
vn 0.905055 -0.293068 -0.308199
vn 0.905055 -0.293068 -0.308199
vn 0.845799 -0.064577 -0.529578
vn 0.845799 -0.064577 -0.529578
vn 0.845799 -0.064577 -0.529578
vn 0.845799 -0.064577 -0.529578
vn 0.834369 -0.136972 -0.533917
vn 0.834369 -0.136972 -0.533917
vn 0.834369 -0.136972 -0.533917
vn 0.834369 -0.136972 -0.533917
vn 0.832858 -0.162251 -0.529171
vn 0.832858 -0.162251 -0.529171
vn 0.832858 -0.162251 -0.529171
vn 0.832858 -0.162251 -0.529171
vn 0.681710 -0.507535 -0.526954
vn 0.681710 -0.507535 -0.526954
vn 0.681710 -0.507535 -0.526954
vn 0.681710 -0.507535 -0.526954
vn 0.772810 -0.235753 -0.589224
vn 0.772810 -0.235753 -0.589224
vn 0.772810 -0.235753 -0.589224
vn 0.772810 -0.235753 -0.589224
vn 0.839801 -0.103221 -0.532992
vn 0.839801 -0.103221 -0.532992
vn 0.839801 -0.103221 -0.532992
vn 0.839801 -0.103221 -0.532992
vn 0.817431 -0.166008 -0.551587
vn 0.817431 -0.166008 -0.551587
vn 0.817431 -0.166008 -0.551587
vn 0.817431 -0.166008 -0.551587
vn 0.563688 0.818331 0.112207
vn 0.563688 0.818331 0.112207
vn 0.563688 0.818331 0.112207
vn 0.563688 0.818331 0.112207
vn 0.449043 0.859728 0.243366
vn 0.449043 0.859728 0.243366
vn 0.449043 0.859728 0.243366
vn 0.449043 0.859728 0.243366
vn 0.408733 0.910109 0.068109
vn 0.408733 0.910109 0.068109
vn 0.408733 0.910109 0.068109
vn 0.408733 0.910109 0.068109
vn 0.359412 0.927165 -0.105776
vn 0.359412 0.927165 -0.105776
vn 0.359412 0.927165 -0.105776
vn 0.359412 0.927165 -0.105776
vn 0.274916 0.942128 -0.191876
vn 0.274916 0.942128 -0.191876
vn 0.274916 0.942128 -0.191876
vn 0.274916 0.942128 -0.191876
vn 0.213885 0.944883 -0.247891
vn 0.213885 0.944883 -0.247891
vn 0.213885 0.944883 -0.247891
vn 0.213885 0.944883 -0.247891
vn 0.207275 0.938071 -0.277597
vn 0.207275 0.938071 -0.277597
vn 0.207275 0.938071 -0.277597
vn 0.207275 0.938071 -0.277597
vn 0.214305 0.940779 -0.262694
vn 0.214305 0.940779 -0.262694
vn 0.214305 0.940779 -0.262694
vn 0.214305 0.940779 -0.262694
vn 0.221235 0.926546 -0.304250
vn 0.221235 0.926546 -0.304250
vn 0.221235 0.926546 -0.304250
vn 0.221235 0.926546 -0.304250
vn 0.267522 0.825712 -0.496620
vn 0.267522 0.825712 -0.496620
vn 0.267522 0.825712 -0.496620
vn 0.267522 0.825712 -0.496620
vn 0.325136 0.694382 -0.641966
vn 0.325136 0.694382 -0.641966
vn 0.325136 0.694382 -0.641966
vn 0.325136 0.694382 -0.641966
vn 0.405095 0.581992 -0.705113
vn 0.405095 0.581992 -0.705113
vn 0.405095 0.581992 -0.705113
vn 0.405095 0.581992 -0.705113
vn 0.687990 -0.041829 -0.724513
vn 0.687990 -0.041829 -0.724513
vn 0.687990 -0.041829 -0.724513
vn 0.687990 -0.041829 -0.724513
vn 0.535613 0.074514 -0.841170
vn 0.535613 0.074514 -0.841170
vn 0.535613 0.074514 -0.841170
vn 0.535613 0.074514 -0.841170
vn 0.886783 0.118266 -0.446798
vn 0.886783 0.118266 -0.446798
vn 0.886783 0.118266 -0.446798
vn 0.886783 0.118266 -0.446798
vn 0.825705 -0.167782 -0.538572
vn 0.825705 -0.167782 -0.538572
vn 0.825705 -0.167782 -0.538572
vn 0.825705 -0.167782 -0.538572
vn 0.906148 0.147517 -0.396402
vn 0.906148 0.147517 -0.396402
vn 0.906148 0.147517 -0.396402
vn 0.906148 0.147517 -0.396402
vn 0.870090 -0.052227 -0.490118
vn 0.870090 -0.052227 -0.490118
vn 0.870090 -0.052227 -0.490118
vn 0.870090 -0.052227 -0.490118
vn 0.427474 -0.401574 -0.809941
vn 0.427474 -0.401574 -0.809941
vn 0.427474 -0.401574 -0.809941
vn 0.427474 -0.401574 -0.809941
vn 0.334101 -0.790191 -0.513784
vn 0.334101 -0.790191 -0.513784
vn 0.334101 -0.790191 -0.513784
vn 0.334101 -0.790191 -0.513784
vn 0.436294 0.465919 -0.769784
vn 0.436294 0.465919 -0.769784
vn 0.436294 0.465919 -0.769784
vn 0.436294 0.465919 -0.769784
vn 0.909384 0.218732 -0.353804
vn 0.909384 0.218732 -0.353804
vn 0.909384 0.218732 -0.353804
vn 0.909384 0.218732 -0.353804
vn 0.853094 0.363343 -0.374449
vn 0.853094 0.363343 -0.374449
vn 0.853094 0.363343 -0.374449
vn 0.853094 0.363343 -0.374449
vn 0.987015 -0.047531 -0.153434
vn 0.987015 -0.047531 -0.153434
vn 0.987015 -0.047531 -0.153434
vn 0.987015 -0.047531 -0.153434
vn 0.870487 -0.472080 -0.139258
vn 0.870487 -0.472080 -0.139258
vn 0.870487 -0.472080 -0.139258
vn 0.870487 -0.472080 -0.139258
vn 0.987696 -0.155075 -0.020196
vn 0.987696 -0.155075 -0.020196
vn 0.987696 -0.155075 -0.020196
vn 0.987696 -0.155075 -0.020196
vn 0.662894 -0.670444 0.333281
vn 0.662894 -0.670444 0.333281
vn 0.662894 -0.670444 0.333281
vn 0.662894 -0.670444 0.333281
vn 0.206210 -0.871269 0.445385
vn 0.206210 -0.871269 0.445385
vn 0.206210 -0.871269 0.445385
vn 0.206210 -0.871269 0.445385
vn 0.995255 -0.097295 0.000573
vn 0.995255 -0.097295 0.000573
vn 0.995255 -0.097295 0.000573
vn 0.995255 -0.097295 0.000573
vn 0.902662 0.407080 0.139599
vn 0.902662 0.407080 0.139599
vn 0.902662 0.407080 0.139599
vn 0.902662 0.407080 0.139599
vn 0.617481 0.742642 0.259231
vn 0.617481 0.742642 0.259231
vn 0.617481 0.742642 0.259231
vn 0.617481 0.742642 0.259231
vn 0.521197 0.835644 0.173357
vn 0.521197 0.835644 0.173357
vn 0.521197 0.835644 0.173357
vn 0.521197 0.835644 0.173357
vn 0.312941 0.945958 0.085036
vn 0.312941 0.945958 0.085036
vn 0.312941 0.945958 0.085036
vn 0.312941 0.945958 0.085036
vn 0.575677 -0.809143 0.117827
vn 0.575677 -0.809143 0.117827
vn 0.575677 -0.809143 0.117827
vn 0.575677 -0.809143 0.117827
vn 0.989317 0.106692 -0.099345
vn 0.989317 0.106692 -0.099345
vn 0.989317 0.106692 -0.099345
vn 0.989317 0.106692 -0.099345
vn 0.992241 -0.048808 0.114350
vn 0.992241 -0.048808 0.114350
vn 0.992241 -0.048808 0.114350
vn 0.992241 -0.048808 0.114350
vn 0.446331 -0.845467 0.293213
vn 0.446331 -0.845467 0.293213
vn 0.446331 -0.845467 0.293213
vn 0.446331 -0.845467 0.293213
vn 0.738607 -0.519831 0.429226
vn 0.738607 -0.519831 0.429226
vn 0.738607 -0.519831 0.429226
vn 0.738607 -0.519831 0.429226
vn 0.997312 -0.022652 -0.069677
vn 0.997312 -0.022652 -0.069677
vn 0.997312 -0.022652 -0.069677
vn 0.997312 -0.022652 -0.069677
vn 0.987153 -0.039233 0.154887
vn 0.987153 -0.039233 0.154887
vn 0.987153 -0.039233 0.154887
vn 0.987153 -0.039233 0.154887
vn 0.805895 -0.345730 0.480629
vn 0.805895 -0.345730 0.480629
vn 0.805895 -0.345730 0.480629
vn 0.805895 -0.345730 0.480629
vn 0.627328 -0.689932 0.361182
vn 0.627328 -0.689932 0.361182
vn 0.627328 -0.689932 0.361182
vn 0.627328 -0.689932 0.361182
vn 0.419317 -0.669412 -0.613238
vn 0.419317 -0.669412 -0.613238
vn 0.419317 -0.669412 -0.613238
vn 0.419317 -0.669412 -0.613238
vn 0.736646 -0.053756 -0.674138
vn 0.736646 -0.053756 -0.674138
vn 0.736646 -0.053756 -0.674138
vn 0.736646 -0.053756 -0.674138
vn 0.463550 -0.507932 -0.726035
vn 0.463550 -0.507932 -0.726035
vn 0.463550 -0.507932 -0.726035
vn 0.463550 -0.507932 -0.726035
vn 0.088613 -0.357542 -0.929684
vn 0.088613 -0.357542 -0.929684
vn 0.088613 -0.357542 -0.929684
vn 0.088613 -0.357542 -0.929684
vn 0.272964 0.926130 0.260333
vn 0.272964 0.926130 0.260333
vn 0.272964 0.926130 0.260333
vn 0.272964 0.926130 0.260333
vn 0.526026 0.814622 0.244312
vn 0.526026 0.814622 0.244312
vn 0.526026 0.814622 0.244312
vn 0.526026 0.814622 0.244312
vn 0.482627 0.848530 0.216954
vn 0.482627 0.848530 0.216954
vn 0.482627 0.848530 0.216954
vn 0.482627 0.848530 0.216954
vn 0.544948 0.790821 0.278629
vn 0.544948 0.790821 0.278629
vn 0.544948 0.790821 0.278629
vn 0.544948 0.790821 0.278629
vn 0.608073 0.789236 0.085754
vn 0.608073 0.789236 0.085754
vn 0.608073 0.789236 0.085754
vn 0.608073 0.789236 0.085754
vn 0.783993 0.427070 -0.450518
vn 0.783993 0.427070 -0.450518
vn 0.783993 0.427070 -0.450518
vn 0.783993 0.427070 -0.450518
vn 0.086615 0.992456 0.086765
vn 0.086615 0.992456 0.086765
vn 0.086615 0.992456 0.086765
vn 0.086615 0.992456 0.086765
vn 0.514139 0.846553 0.137875
vn 0.514139 0.846553 0.137875
vn 0.514139 0.846553 0.137875
vn 0.514139 0.846553 0.137875
vn 0.510425 0.858882 0.042281
vn 0.510425 0.858882 0.042281
vn 0.510425 0.858882 0.042281
vn 0.510425 0.858882 0.042281
vn 0.604825 0.710824 0.359048
vn 0.604825 0.710824 0.359048
vn 0.604825 0.710824 0.359048
vn 0.604825 0.710824 0.359048
vn 0.610055 0.738854 0.286229
vn 0.610055 0.738854 0.286229
vn 0.610055 0.738854 0.286229
vn 0.610055 0.738854 0.286229
vn 0.611378 0.767542 0.192601
vn 0.611378 0.767542 0.192601
vn 0.611378 0.767542 0.192601
vn 0.611378 0.767542 0.192601
vn 0.616167 0.779029 0.115983
vn 0.616167 0.779029 0.115983
vn 0.616167 0.779029 0.115983
vn 0.616167 0.779029 0.115983
vn 0.602876 0.796361 0.048472
vn 0.602876 0.796361 0.048472
vn 0.602876 0.796361 0.048472
vn 0.602876 0.796361 0.048472
vn 0.648992 0.705492 0.284763
vn 0.648992 0.705492 0.284763
vn 0.648992 0.705492 0.284763
vn 0.648992 0.705492 0.284763
vn 0.629247 0.754000 0.188500
vn 0.629247 0.754000 0.188500
vn 0.629247 0.754000 0.188500
vn 0.629247 0.754000 0.188500
vn 0.615514 0.781365 0.103009
vn 0.615514 0.781365 0.103009
vn 0.615514 0.781365 0.103009
vn 0.615514 0.781365 0.103009
vn 0.674810 0.737938 0.008924
vn 0.674810 0.737938 0.008924
vn 0.674810 0.737938 0.008924
vn 0.674810 0.737938 0.008924
vn 0.745271 0.606696 -0.276570
vn 0.745271 0.606696 -0.276570
vn 0.745271 0.606696 -0.276570
vn 0.745271 0.606696 -0.276570
vn 0.228882 0.551445 -0.802198
vn 0.228882 0.551445 -0.802198
vn 0.228882 0.551445 -0.802198
vn 0.228882 0.551445 -0.802198
vn 0.505279 0.862813 -0.015733
vn 0.505279 0.862813 -0.015733
vn 0.505279 0.862813 -0.015733
vn 0.505279 0.862813 -0.015733
vn 0.162943 0.635330 -0.754855
vn 0.162943 0.635330 -0.754855
vn 0.162943 0.635330 -0.754855
vn 0.162943 0.635330 -0.754855
vn 0.460658 0.421750 -0.780974
vn 0.460658 0.421750 -0.780974
vn 0.460658 0.421750 -0.780974
vn 0.460658 0.421750 -0.780974
vn 0.000684 0.825544 0.564337
vn 0.000684 0.825544 0.564337
vn 0.000684 0.825544 0.564337
vn 0.000684 0.825544 0.564337
vn 0.510622 0.657425 0.554129
vn 0.510622 0.657425 0.554129
vn 0.510622 0.657425 0.554129
vn 0.510622 0.657425 0.554129
vn 0.700136 0.713528 -0.026214
vn 0.700136 0.713528 -0.026214
vn 0.700136 0.713528 -0.026214
vn 0.700136 0.713528 -0.026214
vn 0.647448 0.750253 -0.133912
vn 0.647448 0.750253 -0.133912
vn 0.647448 0.750253 -0.133912
vn 0.647448 0.750253 -0.133912
vn 0.568489 0.814785 0.113778
vn 0.568489 0.814785 0.113778
vn 0.568489 0.814785 0.113778
vn 0.568489 0.814785 0.113778
vn 0.428736 0.888600 0.163018
vn 0.428736 0.888600 0.163018
vn 0.428736 0.888600 0.163018
vn 0.428736 0.888600 0.163018
vn 0.273473 0.940631 0.201064
vn 0.273473 0.940631 0.201064
vn 0.273473 0.940631 0.201064
vn 0.273473 0.940631 0.201064
vn 0.326760 0.934433 0.141645
vn 0.326760 0.934433 0.141645
vn 0.326760 0.934433 0.141645
vn 0.326760 0.934433 0.141645
vn 0.651716 0.757365 0.040792
vn 0.651716 0.757365 0.040792
vn 0.651716 0.757365 0.040792
vn 0.651716 0.757365 0.040792
vn 0.676821 0.735675 -0.026382
vn 0.676821 0.735675 -0.026382
vn 0.676821 0.735675 -0.026382
vn 0.676821 0.735675 -0.026382
vn 0.601640 0.795952 0.067007
vn 0.601640 0.795952 0.067007
vn 0.601640 0.795952 0.067007
vn 0.601640 0.795952 0.067007
vn 0.670787 0.693731 -0.262263
vn 0.670787 0.693731 -0.262263
vn 0.670787 0.693731 -0.262263
vn 0.670787 0.693731 -0.262263
vn 0.668392 0.740725 -0.067661
vn 0.668392 0.740725 -0.067661
vn 0.668392 0.740725 -0.067661
vn 0.668392 0.740725 -0.067661
vn 0.497047 0.520181 -0.694519
vn 0.497047 0.520181 -0.694519
vn 0.497047 0.520181 -0.694519
vn 0.497047 0.520181 -0.694519
vn 0.089776 0.979525 0.180196
vn 0.089776 0.979525 0.180196
vn 0.089776 0.979525 0.180196
vn 0.089776 0.979525 0.180196
vn 0.388593 0.890189 0.237823
vn 0.388593 0.890189 0.237823
vn 0.388593 0.890189 0.237823
vn 0.388593 0.890189 0.237823
vn 0.420339 0.895098 0.148708
vn 0.420339 0.895098 0.148708
vn 0.420339 0.895098 0.148708
vn 0.420339 0.895098 0.148708
vn 0.403266 0.913977 0.044964
vn 0.403266 0.913977 0.044964
vn 0.403266 0.913977 0.044964
vn 0.403266 0.913977 0.044964
vn 0.379053 0.924597 -0.037936
vn 0.379053 0.924597 -0.037936
vn 0.379053 0.924597 -0.037936
vn 0.379053 0.924597 -0.037936
vn -0.715079 0.597095 0.363511
vn -0.715079 0.597095 0.363511
vn -0.715079 0.597095 0.363511
vn -0.715079 0.597095 0.363511
vn 0.563028 0.816489 0.127850
vn 0.563028 0.816489 0.127850
vn 0.563028 0.816489 0.127850
vn 0.563028 0.816489 0.127850
vn 0.561933 0.825837 0.047171
vn 0.561933 0.825837 0.047171
vn 0.561933 0.825837 0.047171
vn 0.561933 0.825837 0.047171
vn 0.532454 0.846165 0.022323
vn 0.532454 0.846165 0.022323
vn 0.532454 0.846165 0.022323
vn 0.532454 0.846165 0.022323
vn 0.559021 0.708522 0.430689
vn 0.559021 0.708522 0.430689
vn 0.559021 0.708522 0.430689
vn 0.559021 0.708522 0.430689
vn 0.703094 0.683096 -0.197582
vn 0.703094 0.683096 -0.197582
vn 0.703094 0.683096 -0.197582
vn 0.703094 0.683096 -0.197582
vn 0.665035 0.722984 -0.187145
vn 0.665035 0.722984 -0.187145
vn 0.665035 0.722984 -0.187145
vn 0.665035 0.722984 -0.187145
vn 0.408921 0.910392 0.063014
vn 0.408921 0.910392 0.063014
vn 0.408921 0.910392 0.063014
vn 0.408921 0.910392 0.063014
vn 0.515494 0.854055 0.069688
vn 0.515494 0.854055 0.069688
vn 0.515494 0.854055 0.069688
vn 0.515494 0.854055 0.069688
vn 0.564521 0.822595 0.068209
vn 0.564521 0.822595 0.068209
vn 0.564521 0.822595 0.068209
vn 0.564521 0.822595 0.068209
vn 0.611606 0.788084 0.069726
vn 0.611606 0.788084 0.069726
vn 0.611606 0.788084 0.069726
vn 0.611606 0.788084 0.069726
vn 0.639957 0.766506 0.054062
vn 0.639957 0.766506 0.054062
vn 0.639957 0.766506 0.054062
vn 0.639957 0.766506 0.054062
vn 0.659102 0.750547 0.047578
vn 0.659102 0.750547 0.047578
vn 0.659102 0.750547 0.047578
vn 0.659102 0.750547 0.047578
vn 0.723703 0.689657 0.025029
vn 0.723703 0.689657 0.025029
vn 0.723703 0.689657 0.025029
vn 0.723703 0.689657 0.025029
vn 0.387142 0.921992 0.007178
vn 0.387142 0.921992 0.007178
vn 0.387142 0.921992 0.007178
vn 0.387142 0.921992 0.007178
vn 0.506147 0.862057 0.025923
vn 0.506147 0.862057 0.025923
vn 0.506147 0.862057 0.025923
vn 0.506147 0.862057 0.025923
vn 0.554012 0.831870 0.032594
vn 0.554012 0.831870 0.032594
vn 0.554012 0.831870 0.032594
vn 0.554012 0.831870 0.032594
vn 0.596069 0.801140 0.053630
vn 0.596069 0.801140 0.053630
vn 0.596069 0.801140 0.053630
vn 0.596069 0.801140 0.053630
vn 0.652894 0.756381 0.040213
vn 0.652894 0.756381 0.040213
vn 0.652894 0.756381 0.040213
vn 0.652894 0.756381 0.040213
vn 0.695445 0.718390 0.016511
vn 0.695445 0.718390 0.016511
vn 0.695445 0.718390 0.016511
vn 0.695445 0.718390 0.016511
vn 0.725488 0.684596 -0.070687
vn 0.725488 0.684596 -0.070687
vn 0.725488 0.684596 -0.070687
vn 0.725488 0.684596 -0.070687
vn 0.802466 0.465499 -0.373307
vn 0.802466 0.465499 -0.373307
vn 0.802466 0.465499 -0.373307
vn 0.802466 0.465499 -0.373307
vn 0.383143 0.917367 -0.107889
vn 0.383143 0.917367 -0.107889
vn 0.383143 0.917367 -0.107889
vn 0.383143 0.917367 -0.107889
vn 0.491838 0.868366 -0.063526
vn 0.491838 0.868366 -0.063526
vn 0.491838 0.868366 -0.063526
vn 0.491838 0.868366 -0.063526
vn 0.496338 0.867734 -0.026204
vn 0.496338 0.867734 -0.026204
vn 0.496338 0.867734 -0.026204
vn 0.496338 0.867734 -0.026204
vn 0.634777 0.772291 -0.024976
vn 0.634777 0.772291 -0.024976
vn 0.634777 0.772291 -0.024976
vn 0.634777 0.772291 -0.024976
vn 0.702984 0.706626 -0.080581
vn 0.702984 0.706626 -0.080581
vn 0.702984 0.706626 -0.080581
vn 0.702984 0.706626 -0.080581
vn 0.671122 0.739286 -0.055248
vn 0.671122 0.739286 -0.055248
vn 0.671122 0.739286 -0.055248
vn 0.671122 0.739286 -0.055248
vn 0.749599 0.499773 -0.433968
vn 0.749599 0.499773 -0.433968
vn 0.749599 0.499773 -0.433968
vn 0.749599 0.499773 -0.433968
vn 0.547751 0.805531 0.226028
vn 0.547751 0.805531 0.226028
vn 0.547751 0.805531 0.226028
vn 0.547751 0.805531 0.226028
vn 0.503925 0.827640 0.247126
vn 0.503925 0.827640 0.247126
vn 0.503925 0.827640 0.247126
vn 0.503925 0.827640 0.247126
vn 0.362952 0.889545 0.277445
vn 0.362952 0.889545 0.277445
vn 0.362952 0.889545 0.277445
vn 0.362952 0.889545 0.277445
vn 0.530942 0.794321 0.295220
vn 0.530942 0.794321 0.295220
vn 0.530942 0.794321 0.295220
vn 0.530942 0.794321 0.295220
vn 0.470763 0.826719 0.308086
vn 0.470763 0.826719 0.308086
vn 0.470763 0.826719 0.308086
vn 0.470763 0.826719 0.308086
vn 0.314890 0.886118 0.340059
vn 0.314890 0.886118 0.340059
vn 0.314890 0.886118 0.340059
vn 0.314890 0.886118 0.340059
vn 0.543488 0.751825 0.373337
vn 0.543488 0.751825 0.373337
vn 0.543488 0.751825 0.373337
vn 0.543488 0.751825 0.373337
vn 0.445730 0.803128 0.395360
vn 0.445730 0.803128 0.395360
vn 0.445730 0.803128 0.395360
vn 0.445730 0.803128 0.395360
vn 0.256250 0.869693 0.421865
vn 0.256250 0.869693 0.421865
vn 0.256250 0.869693 0.421865
vn 0.256250 0.869693 0.421865
vn 0.504094 0.678358 0.534527
vn 0.504094 0.678358 0.534527
vn 0.504094 0.678358 0.534527
vn 0.504094 0.678358 0.534527
vn 0.293317 0.778484 0.554913
vn 0.293317 0.778484 0.554913
vn 0.293317 0.778484 0.554913
vn 0.293317 0.778484 0.554913
vn 0.344365 0.875833 0.338127
vn 0.344365 0.875833 0.338127
vn 0.344365 0.875833 0.338127
vn 0.344365 0.875833 0.338127
vn 0.483373 0.825424 0.291593
vn 0.483373 0.825424 0.291593
vn 0.483373 0.825424 0.291593
vn 0.483373 0.825424 0.291593
vn 0.537114 0.799866 0.267812
vn 0.537114 0.799866 0.267812
vn 0.537114 0.799866 0.267812
vn 0.537114 0.799866 0.267812
vn 0.606269 0.750518 0.262985
vn 0.606269 0.750518 0.262985
vn 0.606269 0.750518 0.262985
vn 0.606269 0.750518 0.262985
vn 0.633588 0.720632 0.281524
vn 0.633588 0.720632 0.281524
vn 0.633588 0.720632 0.281524
vn 0.633588 0.720632 0.281524
vn 0.548278 0.787939 0.280254
vn 0.548278 0.787939 0.280254
vn 0.548278 0.787939 0.280254
vn 0.548278 0.787939 0.280254
vn 0.460939 0.846614 0.266046
vn 0.460939 0.846614 0.266046
vn 0.460939 0.846614 0.266046
vn 0.460939 0.846614 0.266046
vn 0.395280 0.894438 0.209127
vn 0.395280 0.894438 0.209127
vn 0.395280 0.894438 0.209127
vn 0.395280 0.894438 0.209127
vn 0.515336 0.838557 0.176777
vn 0.515336 0.838557 0.176777
vn 0.515336 0.838557 0.176777
vn 0.515336 0.838557 0.176777
vn 0.556526 0.812552 0.173312
vn 0.556526 0.812552 0.173312
vn 0.556526 0.812552 0.173312
vn 0.556526 0.812552 0.173312
vn 0.615293 0.771881 0.160048
vn 0.615293 0.771881 0.160048
vn 0.615293 0.771881 0.160048
vn 0.615293 0.771881 0.160048
vn 0.616197 0.768999 0.170122
vn 0.616197 0.768999 0.170122
vn 0.616197 0.768999 0.170122
vn 0.616197 0.768999 0.170122
vn 0.568393 0.791247 0.225518
vn 0.568393 0.791247 0.225518
vn 0.568393 0.791247 0.225518
vn 0.568393 0.791247 0.225518
vn 0.587259 0.751796 0.299882
vn 0.587259 0.751796 0.299882
vn 0.587259 0.751796 0.299882
vn 0.587259 0.751796 0.299882
vn 0.540353 0.792637 0.282392
vn 0.540353 0.792637 0.282392
vn 0.540353 0.792637 0.282392
vn 0.540353 0.792637 0.282392
vn 0.313420 0.886216 0.341159
vn 0.313420 0.886216 0.341159
vn 0.313420 0.886216 0.341159
vn 0.313420 0.886216 0.341159
vn 0.307291 0.941622 0.137550
vn 0.307291 0.941622 0.137550
vn 0.307291 0.941622 0.137550
vn 0.307291 0.941622 0.137550
vn 0.385145 0.899267 0.207323
vn 0.385145 0.899267 0.207323
vn 0.385145 0.899267 0.207323
vn 0.385145 0.899267 0.207323
vn 0.478252 0.796546 0.369851
vn 0.478252 0.796546 0.369851
vn 0.478252 0.796546 0.369851
vn 0.478252 0.796546 0.369851
vn 0.445978 0.799737 0.401901
vn 0.445978 0.799737 0.401901
vn 0.445978 0.799737 0.401901
vn 0.445978 0.799737 0.401901
vn 0.543642 0.636124 0.547540
vn 0.543642 0.636124 0.547540
vn 0.543642 0.636124 0.547540
vn 0.543642 0.636124 0.547540
vn 0.234471 0.778350 0.582404
vn 0.234471 0.778350 0.582404
vn 0.234471 0.778350 0.582404
vn 0.234471 0.778350 0.582404
vn 0.585886 0.725169 0.361756
vn 0.585886 0.725169 0.361756
vn 0.585886 0.725169 0.361756
vn 0.585886 0.725169 0.361756
vn 0.306889 0.672282 0.673688
vn 0.306889 0.672282 0.673688
vn 0.306889 0.672282 0.673688
vn 0.306889 0.672282 0.673688
vn -0.070165 0.995464 0.064248
vn -0.070165 0.995464 0.064248
vn -0.070165 0.995464 0.064248
vn -0.070165 0.995464 0.064248
vn 0.934950 -0.111137 -0.336924
vn 0.934950 -0.111137 -0.336924
vn 0.934950 -0.111137 -0.336924
vn 0.934950 -0.111137 -0.336924
vn 0.543528 0.005718 0.839371
vn 0.543528 0.005718 0.839371
vn 0.543528 0.005718 0.839371
vn 0.543528 0.005718 0.839371
vn -0.412376 -0.381347 0.827357
vn -0.412376 -0.381347 0.827357
vn -0.412376 -0.381347 0.827357
vn -0.412376 -0.381347 0.827357
vn 0.896173 -0.013927 0.443487
vn 0.896173 -0.013927 0.443487
vn 0.896173 -0.013927 0.443487
vn 0.896173 -0.013927 0.443487
vn 0.869562 -0.028489 0.493002
vn 0.869562 -0.028489 0.493002
vn 0.869562 -0.028489 0.493002
vn 0.869562 -0.028489 0.493002
vn 0.776215 -0.017297 0.630231
vn 0.776215 -0.017297 0.630231
vn 0.776215 -0.017297 0.630231
vn 0.776215 -0.017297 0.630231
vn 0.571280 -0.025028 0.820374
vn 0.571280 -0.025028 0.820374
vn 0.571280 -0.025028 0.820374
vn 0.571280 -0.025028 0.820374
vn 0.959353 0.005907 -0.282147
vn 0.959353 0.005907 -0.282147
vn 0.959353 0.005907 -0.282147
vn 0.959353 0.005907 -0.282147
vn 0.666571 -0.019642 0.745183
vn 0.666571 -0.019642 0.745183
vn 0.666571 -0.019642 0.745183
vn 0.666571 -0.019642 0.745183
vn 0.399628 -0.060721 0.914664
vn 0.399628 -0.060721 0.914664
vn 0.399628 -0.060721 0.914664
vn 0.399628 -0.060721 0.914664
vn 0.781977 -0.034087 0.622374
vn 0.781977 -0.034087 0.622374
vn 0.781977 -0.034087 0.622374
vn 0.781977 -0.034087 0.622374
vn 0.855028 -0.280105 -0.436428
vn 0.855028 -0.280105 -0.436428
vn 0.855028 -0.280105 -0.436428
vn 0.855028 -0.280105 -0.436428
vn 0.974869 0.115873 0.190274
vn 0.974869 0.115873 0.190274
vn 0.974869 0.115873 0.190274
vn 0.974869 0.115873 0.190274
vn 0.534463 -0.003782 -0.845184
vn 0.534463 -0.003782 -0.845184
vn 0.534463 -0.003782 -0.845184
vn 0.534463 -0.003782 -0.845184
vn 0.923230 -0.036153 0.382544
vn 0.923230 -0.036153 0.382544
vn 0.923230 -0.036153 0.382544
vn 0.923230 -0.036153 0.382544
vn 0.397683 -0.916077 -0.051492
vn 0.397683 -0.916077 -0.051492
vn 0.397683 -0.916077 -0.051492
vn 0.397683 -0.916077 -0.051492
vn 0.189728 -0.981080 0.038531
vn 0.189728 -0.981080 0.038531
vn 0.189728 -0.981080 0.038531
vn 0.189728 -0.981080 0.038531
vn -0.200955 -0.802639 0.561594
vn -0.200955 -0.802639 0.561594
vn -0.200955 -0.802639 0.561594
vn -0.200955 -0.802639 0.561594
vn 0.115603 -0.985959 -0.120505
vn 0.115603 -0.985959 -0.120505
vn 0.115603 -0.985959 -0.120505
vn 0.115603 -0.985959 -0.120505
vn 0.178852 -0.981674 0.065790
vn 0.178852 -0.981674 0.065790
vn 0.178852 -0.981674 0.065790
vn 0.178852 -0.981674 0.065790
vn 0.098855 -0.951778 0.290425
vn 0.098855 -0.951778 0.290425
vn 0.098855 -0.951778 0.290425
vn 0.098855 -0.951778 0.290425
vn -0.124945 -0.987150 0.099620
vn -0.124945 -0.987150 0.099620
vn -0.124945 -0.987150 0.099620
vn -0.124945 -0.987150 0.099620
vn 0.279306 -0.959871 -0.025219
vn 0.279306 -0.959871 -0.025219
vn 0.279306 -0.959871 -0.025219
vn 0.279306 -0.959871 -0.025219
vn 0.264994 -0.957855 0.110866
vn 0.264994 -0.957855 0.110866
vn 0.264994 -0.957855 0.110866
vn 0.264994 -0.957855 0.110866
vn 0.013157 -0.763695 0.645443
vn 0.013157 -0.763695 0.645443
vn 0.013157 -0.763695 0.645443
vn 0.013157 -0.763695 0.645443
vn 0.515186 -0.818178 -0.255281
vn 0.515186 -0.818178 -0.255281
vn 0.515186 -0.818178 -0.255281
vn 0.515186 -0.818178 -0.255281
vn 0.254856 -0.960935 -0.107948
vn 0.254856 -0.960935 -0.107948
vn 0.254856 -0.960935 -0.107948
vn 0.254856 -0.960935 -0.107948
vn 0.506026 -0.831708 -0.228474
vn 0.506026 -0.831708 -0.228474
vn 0.506026 -0.831708 -0.228474
vn 0.506026 -0.831708 -0.228474
vn 0.272233 -0.959270 -0.075434
vn 0.272233 -0.959270 -0.075434
vn 0.272233 -0.959270 -0.075434
vn 0.272233 -0.959270 -0.075434
vn 0.916454 0.104909 -0.386143
vn 0.916454 0.104909 -0.386143
vn 0.916454 0.104909 -0.386143
vn 0.916454 0.104909 -0.386143
vn 0.433732 0.897745 -0.077008
vn 0.433732 0.897745 -0.077008
vn 0.433732 0.897745 -0.077008
vn 0.433732 0.897745 -0.077008
vn 0.047938 0.991818 -0.118318
vn 0.047938 0.991818 -0.118318
vn 0.047938 0.991818 -0.118318
vn 0.047938 0.991818 -0.118318
vn 0.073569 0.948089 0.309377
vn 0.073569 0.948089 0.309377
vn 0.073569 0.948089 0.309377
vn 0.073569 0.948089 0.309377
vn 0.443098 0.892354 0.085837
vn 0.443098 0.892354 0.085837
vn 0.443098 0.892354 0.085837
vn 0.443098 0.892354 0.085837
vn 0.087021 0.983687 0.157437
vn 0.087021 0.983687 0.157437
vn 0.087021 0.983687 0.157437
vn 0.087021 0.983687 0.157437
vn 0.117899 0.979820 0.161406
vn 0.117899 0.979820 0.161406
vn 0.117899 0.979820 0.161406
vn 0.117899 0.979820 0.161406
vn -0.166075 0.936903 0.307622
vn -0.166075 0.936903 0.307622
vn -0.166075 0.936903 0.307622
vn -0.166075 0.936903 0.307622
vn -0.167279 0.970573 0.173223
vn -0.167279 0.970573 0.173223
vn -0.167279 0.970573 0.173223
vn -0.167279 0.970573 0.173223
vn 0.225341 0.972576 -0.057599
vn 0.225341 0.972576 -0.057599
vn 0.225341 0.972576 -0.057599
vn 0.225341 0.972576 -0.057599
vn -0.107441 0.984748 0.136849
vn -0.107441 0.984748 0.136849
vn -0.107441 0.984748 0.136849
vn -0.107441 0.984748 0.136849
vn 0.291813 0.950591 -0.105933
vn 0.291813 0.950591 -0.105933
vn 0.291813 0.950591 -0.105933
vn 0.291813 0.950591 -0.105933
vn 0.005031 0.993733 -0.111669
vn 0.005031 0.993733 -0.111669
vn 0.005031 0.993733 -0.111669
vn 0.005031 0.993733 -0.111669
vn 0.211706 0.965567 0.151197
vn 0.211706 0.965567 0.151197
vn 0.211706 0.965567 0.151197
vn 0.211706 0.965567 0.151197
vn 0.175273 0.981429 -0.077955
vn 0.175273 0.981429 -0.077955
vn 0.175273 0.981429 -0.077955
vn 0.175273 0.981429 -0.077955
vn -0.215384 0.969700 -0.115290
vn -0.215384 0.969700 -0.115290
vn -0.215384 0.969700 -0.115290
vn -0.215384 0.969700 -0.115290
vn 0.645075 -0.605339 -0.466308
vn 0.645075 -0.605339 -0.466308
vn 0.645075 -0.605339 -0.466308
vn 0.645075 -0.605339 -0.466308
vn 0.362583 -0.923332 -0.126461
vn 0.362583 -0.923332 -0.126461
vn 0.362583 -0.923332 -0.126461
vn 0.362583 -0.923332 -0.126461
vn 0.425521 -0.903016 -0.059118
vn 0.425521 -0.903016 -0.059118
vn 0.425521 -0.903016 -0.059118
vn 0.425521 -0.903016 -0.059118
vn 0.308658 -0.898432 0.312331
vn 0.308658 -0.898432 0.312331
vn 0.308658 -0.898432 0.312331
vn 0.308658 -0.898432 0.312331
vn 0.385945 -0.914531 -0.121159
vn 0.385945 -0.914531 -0.121159
vn 0.385945 -0.914531 -0.121159
vn 0.385945 -0.914531 -0.121159
vn 0.300017 -0.953386 -0.032332
vn 0.300017 -0.953386 -0.032332
vn 0.300017 -0.953386 -0.032332
vn 0.300017 -0.953386 -0.032332
vn 0.235502 -0.926965 0.292019
vn 0.235502 -0.926965 0.292019
vn 0.235502 -0.926965 0.292019
vn 0.235502 -0.926965 0.292019
vn 0.348876 -0.937114 0.010126
vn 0.348876 -0.937114 0.010126
vn 0.348876 -0.937114 0.010126
vn 0.348876 -0.937114 0.010126
vn 0.383869 -0.923240 -0.016518
vn 0.383869 -0.923240 -0.016518
vn 0.383869 -0.923240 -0.016518
vn 0.383869 -0.923240 -0.016518
vn 0.293790 -0.955667 0.019680
vn 0.293790 -0.955667 0.019680
vn 0.293790 -0.955667 0.019680
vn 0.293790 -0.955667 0.019680
vn 0.126514 -0.982346 0.137803
vn 0.126514 -0.982346 0.137803
vn 0.126514 -0.982346 0.137803
vn 0.126514 -0.982346 0.137803
vn 0.429893 -0.896148 -0.110053
vn 0.429893 -0.896148 -0.110053
vn 0.429893 -0.896148 -0.110053
vn 0.429893 -0.896148 -0.110053
vn 0.185505 -0.926020 -0.328747
vn 0.185505 -0.926020 -0.328747
vn 0.185505 -0.926020 -0.328747
vn 0.185505 -0.926020 -0.328747
vn 0.514708 -0.622063 -0.590011
vn 0.514708 -0.622063 -0.590011
vn 0.514708 -0.622063 -0.590011
vn 0.514708 -0.622063 -0.590011
vn -0.074485 -0.982330 0.171695
vn -0.074485 -0.982330 0.171695
vn -0.074485 -0.982330 0.171695
vn -0.074485 -0.982330 0.171695
vn -0.966284 0.064419 0.249289
vn -0.966284 0.064419 0.249289
vn -0.966284 0.064419 0.249289
vn -0.966284 0.064419 0.249289
vn 0.508942 0.799142 0.319921
vn 0.508942 0.799142 0.319921
vn 0.508942 0.799142 0.319921
vn 0.508942 0.799142 0.319921
vn 0.820222 -0.023310 0.571570
vn 0.820222 -0.023310 0.571570
vn 0.820222 -0.023310 0.571570
vn 0.820222 -0.023310 0.571570
vn -0.093040 -0.985589 -0.141271
vn -0.093040 -0.985589 -0.141271
vn -0.093040 -0.985589 -0.141271
vn -0.093040 -0.985589 -0.141271
vn 0.000000 -0.986987 -0.160798
vn 0.000000 -0.986987 -0.160798
vn 0.000000 -0.986987 -0.160798
vn 0.000000 -0.986987 -0.160798
vn -0.997616 0.038950 -0.056968
vn -0.997616 0.038950 -0.056968
vn -0.997616 0.038950 -0.056968
vn -0.997616 0.038950 -0.056968
vn 0.062867 0.810449 0.582426
vn 0.062867 0.810449 0.582426
vn 0.062867 0.810449 0.582426
vn 0.062867 0.810449 0.582426
vn 0.570095 0.812705 -0.120429
vn 0.570095 0.812705 -0.120429
vn 0.570095 0.812705 -0.120429
vn 0.596996 0.748755 0.288030
vn 0.596996 0.748755 0.288030
vn 0.596996 0.748755 0.288030
vn 0.596996 0.748755 0.288030
vn 0.562865 0.763391 0.316886
vn 0.562865 0.763391 0.316886
vn 0.562865 0.763391 0.316886
vn 0.562865 0.763391 0.316886
vn 0.488410 0.833303 0.258963
vn 0.488410 0.833303 0.258963
vn 0.488410 0.833303 0.258963
vn 0.488410 0.833303 0.258963
vn -0.037129 0.976024 0.214475
vn -0.037129 0.976024 0.214475
vn -0.037129 0.976024 0.214475
vn -0.037129 0.976024 0.214475
vn 0.988231 -0.006096 0.152849
vn 0.988231 -0.006096 0.152849
vn 0.988231 -0.006096 0.152849
vn 0.988231 -0.006096 0.152849
vn 0.153841 -0.987363 0.038040
vn 0.153841 -0.987363 0.038040
vn 0.153841 -0.987363 0.038040
vn 0.153841 -0.987363 0.038040
vn 0.273187 -0.961765 0.019434
vn 0.273187 -0.961765 0.019434
vn 0.273187 -0.961765 0.019434
vn 0.273187 -0.961765 0.019434
vn 0.321262 -0.943540 0.080762
vn 0.321262 -0.943540 0.080762
vn 0.321262 -0.943540 0.080762
vn 0.321262 -0.943540 0.080762
vn 0.166548 -0.984287 -0.058655
vn 0.166548 -0.984287 -0.058655
vn 0.166548 -0.984287 -0.058655
vn 0.166548 -0.984287 -0.058655
vn 0.998897 0.016499 0.043965
vn 0.998897 0.016499 0.043965
vn 0.998897 0.016499 0.043965
vn 0.998897 0.016499 0.043965
vn 0.022521 0.995239 -0.094831
vn 0.022521 0.995239 -0.094831
vn 0.022521 0.995239 -0.094831
vn 0.022521 0.995239 -0.094831
vn 0.352266 0.918453 0.179866
vn 0.352266 0.918453 0.179866
vn 0.352266 0.918453 0.179866
vn 0.352266 0.918453 0.179866
vn 0.608430 0.737787 0.292375
vn 0.608430 0.737787 0.292375
vn 0.608430 0.737787 0.292375
vn 0.608430 0.737787 0.292375
vn 0.529018 0.805736 0.266326
vn 0.529018 0.805736 0.266326
vn 0.529018 0.805736 0.266326
vn 0.529018 0.805736 0.266326
vn 0.283302 -0.958916 -0.014852
vn 0.283302 -0.958916 -0.014852
vn 0.283302 -0.958916 -0.014852
vn 0.283302 -0.958916 -0.014852
vn 0.310564 -0.948853 0.056821
vn 0.310564 -0.948853 0.056821
vn 0.310564 -0.948853 0.056821
vn 0.310564 -0.948853 0.056821
vn 0.648378 0.730800 0.213394
vn 0.648378 0.730800 0.213394
vn 0.648378 0.730800 0.213394
vn 0.648378 0.730800 0.213394
vn 0.586575 0.799028 0.132224
vn 0.586575 0.799028 0.132224
vn 0.586575 0.799028 0.132224
vn 0.586575 0.799028 0.132224
vn 0.618026 0.779241 0.104053
vn 0.618026 0.779241 0.104053
vn 0.618026 0.779241 0.104053
vn 0.618026 0.779241 0.104053
vn -0.074358 0.991792 0.104018
vn -0.074358 0.991792 0.104018
vn -0.074358 0.991792 0.104018
vn -0.074358 0.991792 0.104018
vn 0.999134 -0.007712 -0.040878
vn 0.999134 -0.007712 -0.040878
vn 0.999134 -0.007712 -0.040878
vn 0.999134 -0.007712 -0.040878
vn 0.092942 -0.981359 -0.168218
vn 0.092942 -0.981359 -0.168218
vn 0.092942 -0.981359 -0.168218
vn 0.092942 -0.981359 -0.168218
vn 0.348746 -0.935985 -0.048038
vn 0.348746 -0.935985 -0.048038
vn 0.348746 -0.935985 -0.048038
vn 0.348746 -0.935985 -0.048038
vn 0.307324 -0.947628 -0.086908
vn 0.307324 -0.947628 -0.086908
vn 0.307324 -0.947628 -0.086908
vn 0.307324 -0.947628 -0.086908
vn 0.289675 -0.948191 -0.130474
vn 0.289675 -0.948191 -0.130474
vn 0.289675 -0.948191 -0.130474
vn 0.289675 -0.948191 -0.130474
vn 0.995962 0.006812 -0.089517
vn 0.995962 0.006812 -0.089517
vn 0.995962 0.006812 -0.089517
vn 0.995962 0.006812 -0.089517
vn 0.213846 0.976809 0.010672
vn 0.213846 0.976809 0.010672
vn 0.213846 0.976809 0.010672
vn 0.213846 0.976809 0.010672
vn 0.509446 0.841909 0.177915
vn 0.509446 0.841909 0.177915
vn 0.509446 0.841909 0.177915
vn 0.509446 0.841909 0.177915
vn 0.576275 0.795546 0.187119
vn 0.576275 0.795546 0.187119
vn 0.576275 0.795546 0.187119
vn 0.576275 0.795546 0.187119
vn 0.560438 0.813698 0.154288
vn 0.560438 0.813698 0.154288
vn 0.560438 0.813698 0.154288
vn 0.560438 0.813698 0.154288
vn 0.442064 -0.886229 -0.138483
vn 0.442064 -0.886229 -0.138483
vn 0.442064 -0.886229 -0.138483
vn 0.442064 -0.886229 -0.138483
vn 0.347695 -0.937536 -0.011599
vn 0.347695 -0.937536 -0.011599
vn 0.347695 -0.937536 -0.011599
vn 0.347695 -0.937536 -0.011599
vn 0.647584 0.761230 0.034103
vn 0.647584 0.761230 0.034103
vn 0.647584 0.761230 0.034103
vn 0.647584 0.761230 0.034103
vn 0.715132 0.698985 -0.002520
vn 0.715132 0.698985 -0.002520
vn 0.715132 0.698985 -0.002520
vn 0.715132 0.698985 -0.002520
vn 0.344985 0.910482 0.228054
vn 0.344985 0.910482 0.228054
vn 0.344985 0.910482 0.228054
vn 0.344985 0.910482 0.228054
vn -0.972361 -0.042850 -0.229516
vn -0.972361 -0.042850 -0.229516
vn -0.972361 -0.042850 -0.229516
vn -0.972361 -0.042850 -0.229516
vn 0.455431 -0.890245 -0.006828
vn 0.455431 -0.890245 -0.006828
vn 0.455431 -0.890245 -0.006828
vn 0.455431 -0.890245 -0.006828
vn 0.371272 -0.928117 -0.027481
vn 0.371272 -0.928117 -0.027481
vn 0.371272 -0.928117 -0.027481
vn 0.371272 -0.928117 -0.027481
vn 0.368642 -0.929224 -0.025412
vn 0.368642 -0.929224 -0.025412
vn 0.368642 -0.929224 -0.025412
vn 0.368642 -0.929224 -0.025412
vn 0.287989 -0.952480 0.099213
vn 0.287989 -0.952480 0.099213
vn 0.287989 -0.952480 0.099213
vn 0.287989 -0.952480 0.099213
vn 0.803322 -0.046311 0.593742
vn 0.803322 -0.046311 0.593742
vn 0.803322 -0.046311 0.593742
vn 0.803322 -0.046311 0.593742
vn 0.153476 0.979528 0.130267
vn 0.153476 0.979528 0.130267
vn 0.153476 0.979528 0.130267
vn 0.153476 0.979528 0.130267
vn 0.754881 0.650937 -0.080228
vn 0.754881 0.650937 -0.080228
vn 0.754881 0.650937 -0.080228
vn 0.754881 0.650937 -0.080228
vn 0.649612 0.759038 -0.043196
vn 0.649612 0.759038 -0.043196
vn 0.649612 0.759038 -0.043196
vn 0.649612 0.759038 -0.043196
vn 0.663370 0.748289 0.001786
vn 0.663370 0.748289 0.001786
vn 0.663370 0.748289 0.001786
vn 0.663370 0.748289 0.001786
vn 0.606870 0.792019 0.066449
vn 0.606870 0.792019 0.066449
vn 0.606870 0.792019 0.066449
vn 0.606870 0.792019 0.066449
vn 0.353323 -0.935487 0.005212
vn 0.353323 -0.935487 0.005212
vn 0.353323 -0.935487 0.005212
vn 0.353323 -0.935487 0.005212
vn 0.398105 -0.917340 -0.000325
vn 0.398105 -0.917340 -0.000325
vn 0.398105 -0.917340 -0.000325
vn 0.398105 -0.917340 -0.000325
vn 0.380692 0.865419 0.325767
vn 0.380692 0.865419 0.325767
vn 0.380692 0.865419 0.325767
vn 0.380692 0.865419 0.325767
vn 0.052728 0.948138 0.313455
vn 0.052728 0.948138 0.313455
vn 0.052728 0.948138 0.313455
vn 0.052728 0.948138 0.313455
vn 0.942927 0.031207 -0.331534
vn 0.942927 0.031207 -0.331534
vn 0.942927 0.031207 -0.331534
vn 0.942927 0.031207 -0.331534
vn 0.225983 -0.967751 -0.111308
vn 0.225983 -0.967751 -0.111308
vn 0.225983 -0.967751 -0.111308
vn 0.225983 -0.967751 -0.111308
vn 0.351769 -0.925602 -0.139715
vn 0.351769 -0.925602 -0.139715
vn 0.351769 -0.925602 -0.139715
vn 0.351769 -0.925602 -0.139715
vn 0.334418 -0.942266 -0.017290
vn 0.334418 -0.942266 -0.017290
vn 0.334418 -0.942266 -0.017290
vn 0.334418 -0.942266 -0.017290
vn -0.019113 -0.995498 0.092831
vn -0.019113 -0.995498 0.092831
vn -0.019113 -0.995498 0.092831
vn -0.019113 -0.995498 0.092831
vn -0.038675 -0.029363 0.998820
vn -0.038675 -0.029363 0.998820
vn -0.038675 -0.029363 0.998820
vn -0.038675 -0.029363 0.998820
vn -0.026964 0.969729 0.242692
vn -0.026964 0.969729 0.242692
vn -0.026964 0.969729 0.242692
vn -0.026964 0.969729 0.242692
vn 0.390800 0.858989 0.330777
vn 0.390800 0.858989 0.330777
vn 0.390800 0.858989 0.330777
vn 0.390800 0.858989 0.330777
vn 0.523834 0.774285 0.355079
vn 0.523834 0.774285 0.355079
vn 0.523834 0.774285 0.355079
vn 0.523834 0.774285 0.355079
vn 0.354690 -0.934622 -0.026000
vn 0.354690 -0.934622 -0.026000
vn 0.354690 -0.934622 -0.026000
vn 0.354690 -0.934622 -0.026000
vn 0.414073 -0.904056 -0.105958
vn 0.414073 -0.904056 -0.105958
vn 0.414073 -0.904056 -0.105958
vn 0.414073 -0.904056 -0.105958
vn 0.558567 0.767716 0.314032
vn 0.558567 0.767716 0.314032
vn 0.558567 0.767716 0.314032
vn 0.558567 0.767716 0.314032
vn 0.381405 0.922829 0.054012
vn 0.381405 0.922829 0.054012
vn 0.381405 0.922829 0.054012
vn 0.381405 0.922829 0.054012
vn 0.305145 0.951277 -0.044259
vn 0.305145 0.951277 -0.044259
vn 0.305145 0.951277 -0.044259
vn 0.305145 0.951277 -0.044259
vn 0.805771 -0.000162 -0.592228
vn 0.805771 -0.000162 -0.592228
vn 0.805771 -0.000162 -0.592228
vn 0.805771 -0.000162 -0.592228
vn 0.166509 -0.969312 0.180858
vn 0.166509 -0.969312 0.180858
vn 0.166509 -0.969312 0.180858
vn 0.166509 -0.969312 0.180858
vn 0.157458 -0.967247 0.199099
vn 0.157458 -0.967247 0.199099
vn 0.157458 -0.967247 0.199099
vn 0.157458 -0.967247 0.199099
vn -0.010655 -0.913473 0.406761
vn -0.010655 -0.913473 0.406761
vn -0.010655 -0.913473 0.406761
vn -0.010655 -0.913473 0.406761
vn -0.428205 0.000217 0.903682
vn -0.428205 0.000217 0.903682
vn -0.428205 0.000217 0.903682
vn -0.428205 0.000217 0.903682
vn -0.067755 0.970776 0.230225
vn -0.067755 0.970776 0.230225
vn -0.067755 0.970776 0.230225
vn -0.067755 0.970776 0.230225
vn 0.324764 0.928746 0.178770
vn 0.324764 0.928746 0.178770
vn 0.324764 0.928746 0.178770
vn 0.324764 0.928746 0.178770
vn 0.403142 0.903323 0.146574
vn 0.403142 0.903323 0.146574
vn 0.403142 0.903323 0.146574
vn 0.403142 0.903323 0.146574
vn 0.545148 0.786644 0.289834
vn 0.545148 0.786644 0.289834
vn 0.545148 0.786644 0.289834
vn 0.545148 0.786644 0.289834
vn 0.583506 0.734141 0.347215
vn 0.583506 0.734141 0.347215
vn 0.583506 0.734141 0.347215
vn 0.583506 0.734141 0.347215
vn 0.603890 0.717292 0.347576
vn 0.603890 0.717292 0.347576
vn 0.603890 0.717292 0.347576
vn 0.603890 0.717292 0.347576
vn 0.388046 0.904204 0.178426
vn 0.388046 0.904204 0.178426
vn 0.388046 0.904204 0.178426
vn 0.388046 0.904204 0.178426
vn 0.408818 0.851799 0.327576
vn 0.408818 0.851799 0.327576
vn 0.408818 0.851799 0.327576
vn 0.408818 0.851799 0.327576
vn 0.286765 0.935880 0.204682
vn 0.286765 0.935880 0.204682
vn 0.286765 0.935880 0.204682
vn 0.286765 0.935880 0.204682
vn 0.352822 0.890953 0.285865
vn 0.352822 0.890953 0.285865
vn 0.352822 0.890953 0.285865
vn 0.352822 0.890953 0.285865
vn 0.213877 -0.480539 -0.850494
vn 0.213877 -0.480539 -0.850494
vn 0.213877 -0.480539 -0.850494
vn 0.213877 -0.480539 -0.850494
vn 0.305539 -0.914588 0.264904
vn 0.305539 -0.914588 0.264904
vn 0.305539 -0.914588 0.264904
vn 0.305539 -0.914588 0.264904
vn 0.166386 -0.905905 0.389425
vn 0.166386 -0.905905 0.389425
vn 0.166386 -0.905905 0.389425
vn 0.166386 -0.905905 0.389425
vn 0.184871 -0.935444 0.301275
vn 0.184871 -0.935444 0.301275
vn 0.184871 -0.935444 0.301275
vn 0.184871 -0.935444 0.301275
vn -0.052260 -0.831219 0.553483
vn -0.052260 -0.831219 0.553483
vn -0.052260 -0.831219 0.553483
vn -0.052260 -0.831219 0.553483
vn -0.313574 0.095286 0.944771
vn -0.313574 0.095286 0.944771
vn -0.313574 0.095286 0.944771
vn -0.313574 0.095286 0.944771
vn 0.122376 0.947728 0.294678
vn 0.122376 0.947728 0.294678
vn 0.122376 0.947728 0.294678
vn 0.122376 0.947728 0.294678
vn 0.251111 0.944979 0.209660
vn 0.251111 0.944979 0.209660
vn 0.251111 0.944979 0.209660
vn 0.251111 0.944979 0.209660
vn 0.389613 0.885018 0.254844
vn 0.389613 0.885018 0.254844
vn 0.389613 0.885018 0.254844
vn 0.389613 0.885018 0.254844
vn 0.436219 0.790688 0.429564
vn 0.436219 0.790688 0.429564
vn 0.436219 0.790688 0.429564
vn 0.436219 0.790688 0.429564
vn 0.512489 0.806026 0.296103
vn 0.512489 0.806026 0.296103
vn 0.512489 0.806026 0.296103
vn 0.512489 0.806026 0.296103
vn 0.634823 0.691728 0.344256
vn 0.634823 0.691728 0.344256
vn 0.634823 0.691728 0.344256
vn 0.634823 0.691728 0.344256
vn 0.536165 0.766371 0.353838
vn 0.536165 0.766371 0.353838
vn 0.536165 0.766371 0.353838
vn 0.536165 0.766371 0.353838
vn 0.563555 0.748768 0.348930
vn 0.563555 0.748768 0.348930
vn 0.563555 0.748768 0.348930
vn 0.563555 0.748768 0.348930
vn 0.285566 0.858586 0.425772
vn 0.285566 0.858586 0.425772
vn 0.285566 0.858586 0.425772
vn 0.285566 0.858586 0.425772
vn 0.453464 0.817239 0.355657
vn 0.453464 0.817239 0.355657
vn 0.453464 0.817239 0.355657
vn 0.453464 0.817239 0.355657
vn 0.539806 0.775025 0.328552
vn 0.539806 0.775025 0.328552
vn 0.539806 0.775025 0.328552
vn 0.539806 0.775025 0.328552
vn 0.609572 0.722871 0.325392
vn 0.609572 0.722871 0.325392
vn 0.609572 0.722871 0.325392
vn 0.609572 0.722871 0.325392
vn 0.644829 0.693286 0.321792
vn 0.644829 0.693286 0.321792
vn 0.644829 0.693286 0.321792
vn 0.644829 0.693286 0.321792
vn 0.266674 0.836729 0.478299
vn 0.266674 0.836729 0.478299
vn 0.266674 0.836729 0.478299
vn 0.266674 0.836729 0.478299
vn 0.446339 0.780626 0.437497
vn 0.446339 0.780626 0.437497
vn 0.446339 0.780626 0.437497
vn 0.446339 0.780626 0.437497
vn 0.542009 0.736432 0.404839
vn 0.542009 0.736432 0.404839
vn 0.542009 0.736432 0.404839
vn 0.542009 0.736432 0.404839
vn 0.591650 0.701241 0.397758
vn 0.591650 0.701241 0.397758
vn 0.591650 0.701241 0.397758
vn 0.591650 0.701241 0.397758
vn 0.623500 0.681502 0.383149
vn 0.623500 0.681502 0.383149
vn 0.623500 0.681502 0.383149
vn 0.623500 0.681502 0.383149
vn 0.312296 0.902374 0.296971
vn 0.312296 0.902374 0.296971
vn 0.312296 0.902374 0.296971
vn 0.312296 0.902374 0.296971
vn -0.042058 0.997821 -0.050846
vn -0.042058 0.997821 -0.050846
vn -0.042058 0.997821 -0.050846
vn -0.042058 0.997821 -0.050846
vn 0.988663 -0.021675 0.148577
vn 0.988663 -0.021675 0.148577
vn 0.988663 -0.021675 0.148577
vn 0.988663 -0.021675 0.148577
vn 0.241765 -0.967758 -0.070674
vn 0.241765 -0.967758 -0.070674
vn 0.241765 -0.967758 -0.070674
vn 0.241765 -0.967758 -0.070674
vn 0.574012 0.722819 0.384764
vn 0.574012 0.722819 0.384764
vn 0.574012 0.722819 0.384764
vn 0.574012 0.722819 0.384764
vn 0.374282 0.870371 0.319948
vn 0.374282 0.870371 0.319948
vn 0.374282 0.870371 0.319948
vn 0.374282 0.870371 0.319948
vn 0.385732 0.908029 0.163384
vn 0.385732 0.908029 0.163384
vn 0.385732 0.908029 0.163384
vn 0.385732 0.908029 0.163384
vn 0.991122 0.122847 0.050860
vn 0.991122 0.122847 0.050860
vn 0.991122 0.122847 0.050860
vn 0.991122 0.122847 0.050860
vn 0.032023 -0.987553 -0.153994
vn 0.032023 -0.987553 -0.153994
vn 0.032023 -0.987553 -0.153994
vn 0.032023 -0.987553 -0.153994
vn -0.945350 -0.063524 0.319811
vn -0.945350 -0.063524 0.319811
vn -0.945350 -0.063524 0.319811
vn -0.945350 -0.063524 0.319811
vn 0.351503 0.928689 -0.118245
vn 0.351503 0.928689 -0.118245
vn 0.351503 0.928689 -0.118245
vn 0.351503 0.928689 -0.118245
vn 0.409280 0.884426 0.224233
vn 0.409280 0.884426 0.224233
vn 0.409280 0.884426 0.224233
vn 0.409280 0.884426 0.224233
vn 0.404878 0.860777 0.308441
vn 0.404878 0.860777 0.308441
vn 0.404878 0.860777 0.308441
vn 0.404878 0.860777 0.308441
vn 0.351478 0.851493 0.389131
vn 0.351478 0.851493 0.389131
vn 0.351478 0.851493 0.389131
vn 0.351478 0.851493 0.389131
vn 0.470304 0.726559 0.500926
vn 0.470304 0.726559 0.500926
vn 0.470304 0.726559 0.500926
vn 0.470304 0.726559 0.500926
vn 0.235731 -0.968471 0.080591
vn 0.235731 -0.968471 0.080591
vn 0.235731 -0.968471 0.080591
vn 0.235731 -0.968471 0.080591
vn -0.124230 -0.888939 0.440856
vn -0.124230 -0.888939 0.440856
vn -0.124230 -0.888939 0.440856
vn -0.124230 -0.888939 0.440856
vn -0.045046 -0.814791 0.578003
vn -0.045046 -0.814791 0.578003
vn -0.045046 -0.814791 0.578003
vn -0.045046 -0.814791 0.578003
vn 0.326468 0.922813 -0.204535
vn 0.326468 0.922813 -0.204535
vn 0.326468 0.922813 -0.204535
vn 0.326468 0.922813 -0.204535
vn 0.621739 -0.000046 0.783224
vn 0.621739 -0.000046 0.783224
vn 0.621739 -0.000046 0.783224
vn 0.621739 -0.000046 0.783224
vn -0.042525 -0.944701 0.325164
vn -0.042525 -0.944701 0.325164
vn -0.042525 -0.944701 0.325164
vn -0.042525 -0.944701 0.325164
vn 0.203917 0.975809 0.078839
vn 0.203917 0.975809 0.078839
vn 0.203917 0.975809 0.078839
vn 0.203917 0.975809 0.078839
vn 0.428166 0.902961 0.036549
vn 0.428166 0.902961 0.036549
vn 0.428166 0.902961 0.036549
vn 0.428166 0.902961 0.036549
vn 0.996667 0.026200 -0.077258
vn 0.996667 0.026200 -0.077258
vn 0.996667 0.026200 -0.077258
vn 0.996667 0.026200 -0.077258
vn 0.024774 -0.999642 0.010143
vn 0.024774 -0.999642 0.010143
vn 0.024774 -0.999642 0.010143
vn 0.024774 -0.999642 0.010143
vn 0.243912 0.965467 0.091545
vn 0.243912 0.965467 0.091545
vn 0.243912 0.965467 0.091545
vn 0.243912 0.965467 0.091545
vn 0.013486 0.999608 0.024529
vn 0.013486 0.999608 0.024529
vn 0.013486 0.999608 0.024529
vn 0.013486 0.999608 0.024529
vn 0.226466 -0.007862 0.973987
vn 0.226466 -0.007862 0.973987
vn 0.226466 -0.007862 0.973987
vn 0.226466 -0.007862 0.973987
vn 0.164700 -0.979114 0.119204
vn 0.164700 -0.979114 0.119204
vn 0.164700 -0.979114 0.119204
vn 0.164700 -0.979114 0.119204
vn -0.017634 -0.997655 -0.066136
vn -0.017634 -0.997655 -0.066136
vn -0.017634 -0.997655 -0.066136
vn -0.017634 -0.997655 -0.066136
vn -0.756766 -0.039005 0.652522
vn -0.756766 -0.039005 0.652522
vn -0.756766 -0.039005 0.652522
vn -0.756766 -0.039005 0.652522
vn 0.218833 0.944731 0.244122
vn 0.218833 0.944731 0.244122
vn 0.218833 0.944731 0.244122
vn 0.218833 0.944731 0.244122
vn 0.229300 0.969302 0.088747
vn 0.229300 0.969302 0.088747
vn 0.229300 0.969302 0.088747
vn 0.229300 0.969302 0.088747
vn 0.275021 0.880444 0.386241
vn 0.275021 0.880444 0.386241
vn 0.275021 0.880444 0.386241
vn 0.275021 0.880444 0.386241
vn 0.446035 0.839516 0.310268
vn 0.446035 0.839516 0.310268
vn 0.446035 0.839516 0.310268
vn 0.446035 0.839516 0.310268
vn 0.413652 0.660115 0.627009
vn 0.413652 0.660115 0.627009
vn 0.413652 0.660115 0.627009
vn 0.413652 0.660115 0.627009
vn 0.275299 0.841160 0.465469
vn 0.275299 0.841160 0.465469
vn 0.275299 0.841160 0.465469
vn 0.275299 0.841160 0.465469
vn 0.185132 0.801834 0.568144
vn 0.185132 0.801834 0.568144
vn 0.185132 0.801834 0.568144
vn 0.185132 0.801834 0.568144
vn 0.235955 0.763145 0.601611
vn 0.235955 0.763145 0.601611
vn 0.235955 0.763145 0.601611
vn 0.235955 0.763145 0.601611
vn 0.202557 0.689104 0.695777
vn 0.202557 0.689104 0.695777
vn 0.202557 0.689104 0.695777
vn 0.202557 0.689104 0.695777
vn -0.308240 -0.731272 -0.608464
vn -0.308240 -0.731272 -0.608464
vn -0.308240 -0.731272 -0.608464
vn -0.308240 -0.731272 -0.608464
vn 0.405932 0.908993 -0.094609
vn 0.405932 0.908993 -0.094609
vn 0.405932 0.908993 -0.094609
vn 0.405932 0.908993 -0.094609
vn 0.766603 0.442446 -0.465361
vn 0.766603 0.442446 -0.465361
vn 0.766603 0.442446 -0.465361
vn 0.766603 0.442446 -0.465361
vn 0.627947 0.748881 -0.211801
vn 0.627947 0.748881 -0.211801
vn 0.627947 0.748881 -0.211801
vn 0.627947 0.748881 -0.211801
vn 0.564153 0.825352 -0.022947
vn 0.564153 0.825352 -0.022947
vn 0.564153 0.825352 -0.022947
vn 0.564153 0.825352 -0.022947
vn 0.355776 0.731225 -0.582009
vn 0.355776 0.731225 -0.582009
vn 0.355776 0.731225 -0.582009
vn 0.355776 0.731225 -0.582009
vn 0.480139 0.547514 -0.685342
vn 0.480139 0.547514 -0.685342
vn 0.480139 0.547514 -0.685342
vn 0.480139 0.547514 -0.685342
vn 0.333448 0.713425 -0.616309
vn 0.333448 0.713425 -0.616309
vn 0.333448 0.713425 -0.616309
vn 0.333448 0.713425 -0.616309
vn 0.533239 0.686007 -0.495026
vn 0.533239 0.686007 -0.495026
vn 0.533239 0.686007 -0.495026
vn 0.533239 0.686007 -0.495026
vn 0.415815 0.870290 -0.263996
vn 0.415815 0.870290 -0.263996
vn 0.415815 0.870290 -0.263996
vn 0.415815 0.870290 -0.263996
vn 0.428448 0.748930 -0.505505
vn 0.428448 0.748930 -0.505505
vn 0.428448 0.748930 -0.505505
vn 0.428448 0.748930 -0.505505
vn 0.223524 -0.973602 0.046222
vn 0.223524 -0.973602 0.046222
vn 0.223524 -0.973602 0.046222
vn 0.223524 -0.973602 0.046222
vn 0.637767 -0.511406 -0.575949
vn 0.637767 -0.511406 -0.575949
vn 0.637767 -0.511406 -0.575949
vn 0.637767 -0.511406 -0.575949
vn 0.007465 -0.915260 0.402794
vn 0.007465 -0.915260 0.402794
vn 0.007465 -0.915260 0.402794
vn 0.007465 -0.915260 0.402794
vn -0.020297 -0.930750 0.365092
vn -0.020297 -0.930750 0.365092
vn -0.020297 -0.930750 0.365092
vn -0.020297 -0.930750 0.365092
vn 0.189486 -0.589626 0.785134
vn 0.189486 -0.589626 0.785134
vn 0.189486 -0.589626 0.785134
vn 0.189486 -0.589626 0.785134
vn -0.010415 -0.936063 0.351677
vn -0.010415 -0.936063 0.351677
vn -0.010415 -0.936063 0.351677
vn -0.010415 -0.936063 0.351677
vn 0.093693 -0.884788 0.456477
vn 0.093693 -0.884788 0.456477
vn 0.093693 -0.884788 0.456477
vn 0.093693 -0.884788 0.456477
vn 0.440328 -0.744934 0.501183
vn 0.440328 -0.744934 0.501183
vn 0.440328 -0.744934 0.501183
vn 0.440328 -0.744934 0.501183
vn 0.515879 -0.800475 0.305138
vn 0.515879 -0.800475 0.305138
vn 0.515879 -0.800475 0.305138
vn 0.515879 -0.800475 0.305138
vn 0.427647 -0.876750 -0.220062
vn 0.427647 -0.876750 -0.220062
vn 0.427647 -0.876750 -0.220062
vn 0.427647 -0.876750 -0.220062
vn 0.600137 -0.746729 -0.286759
vn 0.600137 -0.746729 -0.286759
vn 0.600137 -0.746729 -0.286759
vn 0.600137 -0.746729 -0.286759
vn 0.138325 -0.942676 -0.303690
vn 0.138325 -0.942676 -0.303690
vn 0.138325 -0.942676 -0.303690
vn 0.138325 -0.942676 -0.303690
vn 0.125922 -0.966294 -0.224542
vn 0.125922 -0.966294 -0.224542
vn 0.125922 -0.966294 -0.224542
vn 0.125922 -0.966294 -0.224542
vn -0.062691 -0.977969 -0.199117
vn -0.062691 -0.977969 -0.199117
vn -0.062691 -0.977969 -0.199117
vn -0.062691 -0.977969 -0.199117
vn 0.308578 -0.778365 -0.546743
vn 0.308578 -0.778365 -0.546743
vn 0.308578 -0.778365 -0.546743
vn 0.308578 -0.778365 -0.546743
vn 0.246837 -0.765559 -0.594130
vn 0.246837 -0.765559 -0.594130
vn 0.246837 -0.765559 -0.594130
vn 0.246837 -0.765559 -0.594130
vn 0.220410 -0.631899 -0.743050
vn 0.220410 -0.631899 -0.743050
vn 0.220410 -0.631899 -0.743050
vn 0.220410 -0.631899 -0.743050
vn 0.277588 -0.417890 -0.865051
vn 0.277588 -0.417890 -0.865051
vn 0.277588 -0.417890 -0.865051
vn 0.277588 -0.417890 -0.865051
vn 0.260112 -0.760855 -0.594509
vn 0.260112 -0.760855 -0.594509
vn 0.260112 -0.760855 -0.594509
vn 0.260112 -0.760855 -0.594509
vn 0.347727 -0.646918 -0.678662
vn 0.347727 -0.646918 -0.678662
vn 0.347727 -0.646918 -0.678662
vn 0.347727 -0.646918 -0.678662
vn 0.000000 -0.986987 -0.160798
vn 0.000000 -0.986987 -0.160798
vn 0.000000 -0.986987 -0.160798
vn 0.000000 -0.986987 -0.160798
vn 0.093039 -0.985589 -0.141272
vn 0.093039 -0.985589 -0.141272
vn 0.093039 -0.985589 -0.141272
vn 0.093039 -0.985589 -0.141272
vn -0.625416 -0.197624 -0.754850
vn -0.625416 -0.197624 -0.754850
vn -0.625416 -0.197624 -0.754850
vn -0.625416 -0.197624 -0.754850
vn -0.251353 -0.707329 -0.660688
vn -0.251353 -0.707329 -0.660688
vn -0.251353 -0.707329 -0.660688
vn -0.251353 -0.707329 -0.660688
vn 0.374929 0.758338 0.533246
vn 0.374929 0.758338 0.533246
vn 0.374929 0.758338 0.533246
vn 0.374929 0.758338 0.533246
vn 0.893271 0.100006 0.438254
vn 0.893271 0.100006 0.438254
vn 0.893271 0.100006 0.438254
vn 0.893271 0.100006 0.438254
vn 0.878194 -0.173853 0.445590
vn 0.878194 -0.173853 0.445590
vn 0.878194 -0.173853 0.445590
vn 0.878194 -0.173853 0.445590
vn 0.228324 -0.785366 0.575385
vn 0.228324 -0.785366 0.575385
vn 0.228324 -0.785366 0.575385
vn 0.228324 -0.785366 0.575385
vn -0.974242 0.218199 0.056937
vn -0.974242 0.218199 0.056937
vn -0.974242 0.218199 0.056937
vn -0.974242 0.218199 0.056937
vn -0.889419 0.434517 -0.141874
vn -0.889419 0.434517 -0.141874
vn -0.889419 0.434517 -0.141874
vn -0.889419 0.434517 -0.141874
vn -0.980182 0.063260 -0.187727
vn -0.980182 0.063260 -0.187727
vn -0.980182 0.063260 -0.187727
vn -0.980182 0.063260 -0.187727
vn -0.598289 -0.634625 -0.489185
vn -0.598289 -0.634625 -0.489185
vn -0.598289 -0.634625 -0.489185
vn -0.598289 -0.634625 -0.489185
vn 0.017484 -0.574682 -0.818190
vn 0.017484 -0.574682 -0.818190
vn 0.017484 -0.574682 -0.818190
vn 0.017484 -0.574682 -0.818190
vn 0.358879 -0.679575 -0.639831
vn 0.358879 -0.679575 -0.639831
vn 0.358879 -0.679575 -0.639831
vn 0.358879 -0.679575 -0.639831
vn 0.226582 -0.449429 -0.864103
vn 0.226582 -0.449429 -0.864103
vn 0.226582 -0.449429 -0.864103
vn 0.226582 -0.449429 -0.864103
vn 0.240117 -0.459620 -0.855040
vn 0.240117 -0.459620 -0.855040
vn 0.240117 -0.459620 -0.855040
vn 0.240117 -0.459620 -0.855040
vn 0.346729 -0.831407 -0.434215
vn 0.346729 -0.831407 -0.434215
vn 0.346729 -0.831407 -0.434215
vn 0.346729 -0.831407 -0.434215
vn 0.182989 -0.924095 -0.335504
vn 0.182989 -0.924095 -0.335504
vn 0.182989 -0.924095 -0.335504
vn 0.182989 -0.924095 -0.335504
vn 0.069598 -0.958852 -0.275242
vn 0.069598 -0.958852 -0.275242
vn 0.069598 -0.958852 -0.275242
vn 0.069598 -0.958852 -0.275242
vn 0.005085 -0.971540 -0.236819
vn 0.005085 -0.971540 -0.236819
vn 0.005085 -0.971540 -0.236819
vn 0.005085 -0.971540 -0.236819
vn 0.346838 -0.937469 -0.029257
vn 0.346838 -0.937469 -0.029257
vn 0.346838 -0.937469 -0.029257
vn 0.346838 -0.937469 -0.029257
vn 0.445938 -0.889567 -0.099048
vn 0.445938 -0.889567 -0.099048
vn 0.445938 -0.889567 -0.099048
vn 0.445938 -0.889567 -0.099048
vn -0.467281 -0.401521 0.787673
vn -0.467281 -0.401521 0.787673
vn -0.467281 -0.401521 0.787673
vn -0.467281 -0.401521 0.787673
vn 0.335937 -0.941818 0.011190
vn 0.335937 -0.941818 0.011190
vn 0.335937 -0.941818 0.011190
vn 0.335937 -0.941818 0.011190
vn 0.681744 -0.476400 0.555218
vn 0.681744 -0.476400 0.555218
vn 0.681744 -0.476400 0.555218
vn 0.681744 -0.476400 0.555218
vn -0.264792 0.524341 0.809291
vn -0.264792 0.524341 0.809291
vn -0.264792 0.524341 0.809291
vn -0.264792 0.524341 0.809291
vn -0.318428 0.831941 0.454398
vn -0.318428 0.831941 0.454398
vn -0.318428 0.831941 0.454398
vn -0.318428 0.831941 0.454398
vn 0.397551 -0.208224 0.893642
vn 0.397551 -0.208224 0.893642
vn 0.397551 -0.208224 0.893642
vn 0.397551 -0.208224 0.893642
vn 0.216743 -0.792855 0.569564
vn 0.216743 -0.792855 0.569564
vn 0.216743 -0.792855 0.569564
vn 0.216743 -0.792855 0.569564
vn 0.453649 -0.889229 0.058943
vn 0.453649 -0.889229 0.058943
vn 0.453649 -0.889229 0.058943
vn 0.453649 -0.889229 0.058943
vn 0.929698 -0.142573 -0.339611
vn 0.929698 -0.142573 -0.339611
vn 0.929698 -0.142573 -0.339611
vn 0.929698 -0.142573 -0.339611
vn 0.907520 0.387700 -0.161542
vn 0.907520 0.387700 -0.161542
vn 0.907520 0.387700 -0.161542
vn 0.907520 0.387700 -0.161542
vn 0.699070 0.713732 0.043445
vn 0.699070 0.713732 0.043445
vn 0.699070 0.713732 0.043445
vn 0.699070 0.713732 0.043445
vn 0.573017 0.817982 0.050572
vn 0.573017 0.817982 0.050572
vn 0.573017 0.817982 0.050572
vn 0.573017 0.817982 0.050572
vn 0.381921 0.920639 0.080997
vn 0.381921 0.920639 0.080997
vn 0.381921 0.920639 0.080997
vn 0.381921 0.920639 0.080997
vn 0.655595 0.559532 0.507070
vn 0.655595 0.559532 0.507070
vn 0.655595 0.559532 0.507070
vn 0.655595 0.559532 0.507070
vn 0.243441 -0.731295 0.637137
vn 0.243441 -0.731295 0.637137
vn 0.243441 -0.731295 0.637137
vn 0.243441 -0.731295 0.637137
vn 0.117042 -0.841650 0.527187
vn 0.117042 -0.841650 0.527187
vn 0.117042 -0.841650 0.527187
vn 0.117042 -0.841650 0.527187
vn -0.136539 -0.905365 0.402084
vn -0.136539 -0.905365 0.402084
vn -0.136539 -0.905365 0.402084
vn -0.136539 -0.905365 0.402084
vn 0.158821 0.592131 0.790036
vn 0.158821 0.592131 0.790036
vn 0.158821 0.592131 0.790036
vn 0.158821 0.592131 0.790036
vn -0.608321 -0.655158 0.448012
vn -0.608321 -0.655158 0.448012
vn -0.608321 -0.655158 0.448012
vn -0.608321 -0.655158 0.448012
vn -0.730720 -0.615361 -0.295602
vn -0.730720 -0.615361 -0.295602
vn -0.730720 -0.615361 -0.295602
vn -0.730720 -0.615361 -0.295602
vn 0.854291 0.451842 0.256952
vn 0.854291 0.451842 0.256952
vn 0.854291 0.451842 0.256952
vn 0.854291 0.451842 0.256952
vn -0.303036 0.218432 0.927608
vn -0.303036 0.218432 0.927608
vn -0.303036 0.218432 0.927608
vn -0.303036 0.218432 0.927608
vn -0.267780 -0.298139 0.916192
vn -0.267780 -0.298139 0.916192
vn -0.267780 -0.298139 0.916192
vn -0.267780 -0.298139 0.916192
vn 0.168557 -0.984820 -0.041441
vn 0.168557 -0.984820 -0.041441
vn 0.168557 -0.984820 -0.041441
vn 0.168557 -0.984820 -0.041441
vn 0.787815 0.506180 0.350898
vn 0.787815 0.506180 0.350898
vn 0.787815 0.506180 0.350898
vn 0.787815 0.506180 0.350898
vn 0.645860 0.731238 0.219443
vn 0.645860 0.731238 0.219443
vn 0.645860 0.731238 0.219443
vn 0.645860 0.731238 0.219443
vn 0.902614 0.411730 0.125566
vn 0.902614 0.411730 0.125566
vn 0.902614 0.411730 0.125566
vn 0.902614 0.411730 0.125566
vn -0.040806 0.493085 -0.869024
vn -0.040806 0.493085 -0.869024
vn -0.040806 0.493085 -0.869024
vn -0.040806 0.493085 -0.869024
vn 0.108154 0.269988 -0.956770
vn 0.108154 0.269988 -0.956770
vn 0.108154 0.269988 -0.956770
vn 0.108154 0.269988 -0.956770
vn 0.304690 0.024881 -0.952127
vn 0.304690 0.024881 -0.952127
vn 0.304690 0.024881 -0.952127
vn 0.304690 0.024881 -0.952127
vn 0.567385 0.154141 -0.808897
vn 0.567385 0.154141 -0.808897
vn 0.567385 0.154141 -0.808897
vn 0.567385 0.154141 -0.808897
vn 0.530016 0.380025 -0.758066
vn 0.530016 0.380025 -0.758066
vn 0.530016 0.380025 -0.758066
vn 0.530016 0.380025 -0.758066
vn 0.451999 0.418332 -0.787842
vn 0.451999 0.418332 -0.787842
vn 0.451999 0.418332 -0.787842
vn 0.451999 0.418332 -0.787842
vn 0.066613 0.570160 -0.818829
vn 0.066613 0.570160 -0.818829
vn 0.066613 0.570160 -0.818829
vn 0.066613 0.570160 -0.818829
vn 0.524132 0.044288 -0.850485
vn 0.524132 0.044288 -0.850485
vn 0.524132 0.044288 -0.850485
vn 0.524132 0.044288 -0.850485
vn 0.422374 0.280466 -0.861939
vn 0.422374 0.280466 -0.861939
vn 0.422374 0.280466 -0.861939
vn 0.422374 0.280466 -0.861939
vn 0.455915 0.246245 -0.855281
vn 0.455915 0.246245 -0.855281
vn 0.455915 0.246245 -0.855281
vn 0.455915 0.246245 -0.855281
vn 0.463355 0.326586 -0.823799
vn 0.463355 0.326586 -0.823799
vn 0.463355 0.326586 -0.823799
vn 0.463355 0.326586 -0.823799
vn 0.086993 0.490265 -0.867221
vn 0.086993 0.490265 -0.867221
vn 0.086993 0.490265 -0.867221
vn 0.086993 0.490265 -0.867221
vn 0.279740 0.377877 -0.882584
vn 0.279740 0.377877 -0.882584
vn 0.279740 0.377877 -0.882584
vn 0.279740 0.377877 -0.882584
vn 0.202507 0.428516 -0.880548
vn 0.202507 0.428516 -0.880548
vn 0.202507 0.428516 -0.880548
vn 0.202507 0.428516 -0.880548
vn 0.241688 0.323478 -0.914849
vn 0.241688 0.323478 -0.914849
vn 0.241688 0.323478 -0.914849
vn 0.241688 0.323478 -0.914849
vn 0.160098 0.342767 -0.925678
vn 0.160098 0.342767 -0.925678
vn 0.160098 0.342767 -0.925678
vn 0.160098 0.342767 -0.925678
vn 0.392746 0.232377 -0.889804
vn 0.392746 0.232377 -0.889804
vn 0.392746 0.232377 -0.889804
vn 0.392746 0.232377 -0.889804
vn 0.983719 0.132665 -0.121234
vn 0.983719 0.132665 -0.121234
vn 0.983719 0.132665 -0.121234
vn 0.983719 0.132665 -0.121234
vn 0.956737 -0.279457 -0.080980
vn 0.956737 -0.279457 -0.080980
vn 0.956737 -0.279457 -0.080980
vn 0.956737 -0.279457 -0.080980
vn 0.391595 -0.911028 -0.129158
vn 0.391595 -0.911028 -0.129158
vn 0.391595 -0.911028 -0.129158
vn 0.391595 -0.911028 -0.129158
vn -0.382614 -0.915760 -0.122432
vn -0.382614 -0.915760 -0.122432
vn -0.382614 -0.915760 -0.122432
vn -0.382614 -0.915760 -0.122432
vn -0.965366 -0.245934 -0.087087
vn -0.965366 -0.245934 -0.087087
vn -0.965366 -0.245934 -0.087087
vn -0.965366 -0.245934 -0.087087
vn -0.990051 0.105270 -0.093362
vn -0.990051 0.105270 -0.093362
vn -0.990051 0.105270 -0.093362
vn -0.990051 0.105270 -0.093362
vn -0.922698 0.362963 -0.129951
vn -0.922698 0.362963 -0.129951
vn -0.922698 0.362963 -0.129951
vn -0.922698 0.362963 -0.129951
vn 0.082525 -0.996007 0.034043
vn 0.082525 -0.996007 0.034043
vn 0.082525 -0.996007 0.034043
vn 0.082525 -0.996007 0.034043
vn 0.279054 -0.730635 0.623138
vn 0.279054 -0.730635 0.623138
vn 0.279054 -0.730635 0.623138
vn 0.279054 -0.730635 0.623138
vn -0.386636 -0.879684 -0.276889
vn -0.386636 -0.879684 -0.276889
vn -0.386636 -0.879684 -0.276889
vn -0.386636 -0.879684 -0.276889
vn -0.039856 -0.863138 -0.503393
vn -0.039856 -0.863138 -0.503393
vn -0.039856 -0.863138 -0.503393
vn -0.039856 -0.863138 -0.503393
vn 0.040920 -0.858991 -0.510352
vn 0.040920 -0.858991 -0.510352
vn 0.040920 -0.858991 -0.510352
vn 0.040920 -0.858991 -0.510352
vn 0.417608 -0.842503 -0.340284
vn 0.417608 -0.842503 -0.340284
vn 0.417608 -0.842503 -0.340284
vn 0.417608 -0.842503 -0.340284
vn 0.448862 0.303294 -0.840557
vn 0.448862 0.303294 -0.840557
vn 0.448862 0.303294 -0.840557
vn 0.448862 0.303294 -0.840557
vn 0.560844 0.199418 -0.803546
vn 0.560844 0.199418 -0.803546
vn 0.560844 0.199418 -0.803546
vn 0.560844 0.199418 -0.803546
vn 0.679044 0.017846 -0.733881
vn 0.679044 0.017846 -0.733881
vn 0.679044 0.017846 -0.733881
vn 0.679044 0.017846 -0.733881
vn 0.913180 -0.022972 -0.406908
vn 0.913180 -0.022972 -0.406908
vn 0.913180 -0.022972 -0.406908
vn 0.913180 -0.022972 -0.406908
vn 0.776976 -0.083674 -0.623945
vn 0.776976 -0.083674 -0.623945
vn 0.776976 -0.083674 -0.623945
vn 0.776976 -0.083674 -0.623945
vn 0.600361 -0.585440 -0.544818
vn 0.600361 -0.585440 -0.544818
vn 0.600361 -0.585440 -0.544818
vn 0.600361 -0.585440 -0.544818
vn 0.727307 0.026275 -0.685809
vn 0.727307 0.026275 -0.685809
vn 0.727307 0.026275 -0.685809
vn 0.727307 0.026275 -0.685809
vn 0.253550 -0.959040 -0.126313
vn 0.253550 -0.959040 -0.126313
vn 0.253550 -0.959040 -0.126313
vn 0.253550 -0.959040 -0.126313
vn 0.231045 -0.965126 -0.123081
vn 0.231045 -0.965126 -0.123081
vn 0.231045 -0.965126 -0.123081
vn 0.231045 -0.965126 -0.123081
vn 0.376672 -0.910152 -0.172457
vn 0.376672 -0.910152 -0.172457
vn 0.376672 -0.910152 -0.172457
vn 0.376672 -0.910152 -0.172457
vn 0.387691 -0.894087 -0.224284
vn 0.387691 -0.894087 -0.224284
vn 0.387691 -0.894087 -0.224284
vn 0.387691 -0.894087 -0.224284
vn 0.386213 -0.877656 -0.283830
vn 0.386213 -0.877656 -0.283830
vn 0.386213 -0.877656 -0.283830
vn 0.386213 -0.877656 -0.283830
vn 0.346175 -0.924073 -0.162024
vn 0.346175 -0.924073 -0.162024
vn 0.346175 -0.924073 -0.162024
vn 0.346175 -0.924073 -0.162024
vn 0.779928 -0.243912 -0.576385
vn 0.779928 -0.243912 -0.576385
vn 0.779928 -0.243912 -0.576385
vn 0.779928 -0.243912 -0.576385
vn 0.672371 -0.610597 -0.418436
vn 0.672371 -0.610597 -0.418436
vn 0.672371 -0.610597 -0.418436
vn 0.672371 -0.610597 -0.418436
vn 0.726618 0.020394 -0.686739
vn 0.726618 0.020394 -0.686739
vn 0.726618 0.020394 -0.686739
vn 0.726618 0.020394 -0.686739
vn 0.777326 0.020486 -0.628764
vn 0.777326 0.020486 -0.628764
vn 0.777326 0.020486 -0.628764
vn 0.777326 0.020486 -0.628764
vn 0.878456 0.149423 -0.453859
vn 0.878456 0.149423 -0.453859
vn 0.878456 0.149423 -0.453859
vn 0.878456 0.149423 -0.453859
vn 0.458608 -0.816181 -0.351465
vn 0.458608 -0.816181 -0.351465
vn 0.458608 -0.816181 -0.351465
vn 0.458608 -0.816181 -0.351465
vn 0.723554 -0.337987 -0.601860
vn 0.723554 -0.337987 -0.601860
vn 0.723554 -0.337987 -0.601860
vn 0.723554 -0.337987 -0.601860
vn 0.648479 -0.381298 -0.658853
vn 0.648479 -0.381298 -0.658853
vn 0.648479 -0.381298 -0.658853
vn 0.648479 -0.381298 -0.658853
vn 0.593493 -0.592953 -0.544217
vn 0.593493 -0.592953 -0.544217
vn 0.593493 -0.592953 -0.544217
vn 0.593493 -0.592953 -0.544217
vn 0.440651 -0.876822 -0.192380
vn 0.440651 -0.876822 -0.192380
vn 0.440651 -0.876822 -0.192380
vn 0.440651 -0.876822 -0.192380
vn 0.716683 -0.515425 -0.469790
vn 0.716683 -0.515425 -0.469790
vn 0.716683 -0.515425 -0.469790
vn 0.716683 -0.515425 -0.469790
vn 0.554317 -0.284949 -0.782008
vn 0.554317 -0.284949 -0.782008
vn 0.554317 -0.284949 -0.782008
vn 0.554317 -0.284949 -0.782008
vn 0.320383 -0.120245 -0.939625
vn 0.320383 -0.120245 -0.939625
vn 0.320383 -0.120245 -0.939625
vn 0.320383 -0.120245 -0.939625
vn 0.618441 -0.491953 -0.612791
vn 0.618441 -0.491953 -0.612791
vn 0.618441 -0.491953 -0.612791
vn 0.618441 -0.491953 -0.612791
vn 0.603712 -0.332434 -0.724582
vn 0.603712 -0.332434 -0.724582
vn 0.603712 -0.332434 -0.724582
vn 0.603712 -0.332434 -0.724582
vn -0.080069 -0.878323 0.471314
vn -0.080069 -0.878323 0.471314
vn -0.080069 -0.878323 0.471314
vn -0.080069 -0.878323 0.471314
vn 0.468687 -0.875742 -0.115794
vn 0.468687 -0.875742 -0.115794
vn 0.468687 -0.875742 -0.115794
vn 0.468687 -0.875742 -0.115794
vn -0.740825 -0.663128 -0.106953
vn -0.740825 -0.663128 -0.106953
vn -0.740825 -0.663128 -0.106953
vn -0.740825 -0.663128 -0.106953
vn -0.737939 -0.661741 -0.132455
vn -0.737939 -0.661741 -0.132455
vn -0.737939 -0.661741 -0.132455
vn -0.737939 -0.661741 -0.132455
vn -0.748506 -0.645234 -0.153010
vn -0.748506 -0.645234 -0.153010
vn -0.748506 -0.645234 -0.153010
vn -0.748506 -0.645234 -0.153010
vn -0.761327 -0.631981 -0.144846
vn -0.761327 -0.631981 -0.144846
vn -0.761327 -0.631981 -0.144846
vn -0.761327 -0.631981 -0.144846
vn -0.755912 -0.647056 -0.099576
vn -0.755912 -0.647056 -0.099576
vn -0.755912 -0.647056 -0.099576
vn -0.755912 -0.647056 -0.099576
vn -0.728057 -0.685046 -0.025394
vn -0.728057 -0.685046 -0.025394
vn -0.728057 -0.685046 -0.025394
vn -0.728057 -0.685046 -0.025394
vn -0.714250 -0.698465 0.044657
vn -0.714250 -0.698465 0.044657
vn -0.714250 -0.698465 0.044657
vn -0.714250 -0.698465 0.044657
vn -0.756350 -0.648966 0.082326
vn -0.756350 -0.648966 0.082326
vn -0.756350 -0.648966 0.082326
vn -0.756350 -0.648966 0.082326
vn -0.747890 -0.663408 0.023458
vn -0.747890 -0.663408 0.023458
vn -0.747890 -0.663408 0.023458
vn -0.747890 -0.663408 0.023458
vn -0.813833 -0.581058 -0.006902
vn -0.813833 -0.581058 -0.006902
vn -0.813833 -0.581058 -0.006902
vn -0.813833 -0.581058 -0.006902
vn -0.813946 -0.580686 -0.017209
vn -0.813946 -0.580686 -0.017209
vn -0.813946 -0.580686 -0.017209
vn -0.813946 -0.580686 -0.017209
vn -0.814592 -0.576866 -0.060543
vn -0.814592 -0.576866 -0.060543
vn -0.814592 -0.576866 -0.060543
vn -0.814592 -0.576866 -0.060543
vn -0.786589 -0.614097 -0.064523
vn -0.786589 -0.614097 -0.064523
vn -0.786589 -0.614097 -0.064523
vn -0.786589 -0.614097 -0.064523
vn -0.732822 -0.675798 -0.079176
vn -0.732822 -0.675798 -0.079176
vn -0.732822 -0.675798 -0.079176
vn -0.732822 -0.675798 -0.079176
vn -0.705709 -0.702815 -0.089594
vn -0.705709 -0.702815 -0.089594
vn -0.705709 -0.702815 -0.089594
vn -0.705709 -0.702815 -0.089594
vn -0.563077 -0.822584 0.079375
vn -0.563077 -0.822584 0.079375
vn -0.563077 -0.822584 0.079375
vn -0.563077 -0.822584 0.079375
vn -0.713573 -0.692846 -0.103818
vn -0.713573 -0.692846 -0.103818
vn -0.713573 -0.692846 -0.103818
vn -0.713573 -0.692846 -0.103818
vn -0.389749 -0.917218 0.082507
vn -0.389749 -0.917218 0.082507
vn -0.389749 -0.917218 0.082507
vn -0.389749 -0.917218 0.082507
vn -0.683498 -0.627869 -0.372306
vn -0.683498 -0.627869 -0.372306
vn -0.683498 -0.627869 -0.372306
vn -0.683498 -0.627869 -0.372306
vn 0.351530 -0.614868 0.705949
vn 0.351530 -0.614868 0.705949
vn 0.351530 -0.614868 0.705949
vn 0.351530 -0.614868 0.705949
vn 0.411840 -0.386497 -0.825232
vn 0.411840 -0.386497 -0.825232
vn 0.411840 -0.386497 -0.825232
vn 0.411840 -0.386497 -0.825232
vn -0.726040 -0.681460 -0.092078
vn -0.726040 -0.681460 -0.092078
vn -0.726040 -0.681460 -0.092078
vn -0.726040 -0.681460 -0.092078
vn 0.000001 -0.991921 0.126856
vn 0.000001 -0.991921 0.126856
vn 0.000001 -0.991921 0.126856
vn 0.000001 -0.991921 0.126856
vn -0.015911 -0.992598 0.120403
vn -0.015911 -0.992598 0.120403
vn -0.015911 -0.992598 0.120403
vn -0.015911 -0.992598 0.120403
vn 0.030175 -0.987014 0.157774
vn 0.030175 -0.987014 0.157774
vn 0.030175 -0.987014 0.157774
vn 0.030175 -0.987014 0.157774
vn 0.000000 -0.987251 0.159168
vn 0.000000 -0.987251 0.159168
vn 0.000000 -0.987251 0.159168
vn 0.000000 -0.987251 0.159168
vn 0.000000 -0.987252 0.159168
vn 0.000000 -0.987252 0.159168
vn 0.000000 -0.987252 0.159168
vn 0.000000 -0.987252 0.159168
vn -0.030176 -0.987014 0.157774
vn -0.030176 -0.987014 0.157774
vn -0.030176 -0.987014 0.157774
vn -0.030176 -0.987014 0.157774
vn -0.017314 -0.985706 0.167582
vn -0.017314 -0.985706 0.167582
vn -0.017314 -0.985706 0.167582
vn -0.017314 -0.985706 0.167582
vn 0.274319 -0.697841 -0.661640
vn 0.274319 -0.697841 -0.661640
vn 0.274319 -0.697841 -0.661640
vn 0.274319 -0.697841 -0.661640
vn 0.000000 -0.989533 0.144305
vn 0.000000 -0.989533 0.144305
vn 0.000000 -0.989533 0.144305
vn 0.000000 -0.989533 0.144305
vn 0.000000 -0.989533 0.144306
vn 0.000000 -0.989533 0.144306
vn 0.000000 -0.989533 0.144306
vn 0.000000 -0.989533 0.144306
vn 0.017315 -0.985706 0.167582
vn 0.017315 -0.985706 0.167582
vn 0.017315 -0.985706 0.167582
vn 0.017315 -0.985706 0.167582
vn 0.121850 0.378693 0.917466
vn 0.121850 0.378693 0.917466
vn 0.121850 0.378693 0.917466
vn 0.121850 0.378693 0.917466
vn 0.179039 -0.568690 0.802831
vn 0.179039 -0.568690 0.802831
vn 0.179039 -0.568690 0.802831
vn 0.179039 -0.568690 0.802831
vn -0.592271 -0.779778 -0.202882
vn -0.592271 -0.779778 -0.202882
vn -0.592271 -0.779778 -0.202882
vn -0.592271 -0.779778 -0.202882
vn 0.598306 -0.373683 0.708796
vn 0.598306 -0.373683 0.708796
vn 0.598306 -0.373683 0.708796
vn 0.598306 -0.373683 0.708796
vn -0.785752 -0.618454 0.010446
vn -0.785752 -0.618454 0.010446
vn -0.785752 -0.618454 0.010446
vn -0.785752 -0.618454 0.010446
vn -0.741080 -0.669347 0.052671
vn -0.741080 -0.669347 0.052671
vn -0.741080 -0.669347 0.052671
vn -0.741080 -0.669347 0.052671
vn -0.630279 -0.750770 0.197718
vn -0.630279 -0.750770 0.197718
vn -0.630279 -0.750770 0.197718
vn -0.630279 -0.750770 0.197718
vn -0.466960 -0.803444 0.369359
vn -0.466960 -0.803444 0.369359
vn -0.466960 -0.803444 0.369359
vn -0.466960 -0.803444 0.369359
vn -0.521876 -0.790830 0.319738
vn -0.521876 -0.790830 0.319738
vn -0.521876 -0.790830 0.319738
vn -0.521876 -0.790830 0.319738
vn 0.377002 -0.825340 -0.420337
vn 0.377002 -0.825340 -0.420337
vn 0.377002 -0.825340 -0.420337
vn 0.377002 -0.825340 -0.420337
vn 0.504629 0.699993 0.505331
vn 0.504629 0.699993 0.505331
vn 0.504629 0.699993 0.505331
vn 0.504629 0.699993 0.505331
vn 0.260343 -0.274959 0.925537
vn 0.260343 -0.274959 0.925537
vn 0.260343 -0.274959 0.925537
vn 0.260343 -0.274959 0.925537
vn 0.081341 -0.739634 0.668076
vn 0.081341 -0.739634 0.668076
vn 0.081341 -0.739634 0.668076
vn 0.081341 -0.739634 0.668076
vn 0.407824 0.895696 0.177226
vn 0.407824 0.895696 0.177226
vn 0.407824 0.895696 0.177226
vn 0.407824 0.895696 0.177226
vn 0.364234 0.916939 0.162961
vn 0.364234 0.916939 0.162961
vn 0.364234 0.916939 0.162961
vn 0.364234 0.916939 0.162961
vn 0.235708 0.958676 0.159319
vn 0.235708 0.958676 0.159319
vn 0.235708 0.958676 0.159319
vn 0.235708 0.958676 0.159319
vn -0.802620 0.588507 0.097266
vn -0.802620 0.588507 0.097266
vn -0.802620 0.588507 0.097266
vn -0.802620 0.588507 0.097266
vn -0.396263 -0.862760 0.314040
vn -0.396263 -0.862760 0.314040
vn -0.396263 -0.862760 0.314040
vn -0.396263 -0.862760 0.314040
vn -0.136549 -0.727020 0.672902
vn -0.136549 -0.727020 0.672902
vn -0.136549 -0.727020 0.672902
vn -0.136549 -0.727020 0.672902
vn -0.658012 -0.750867 0.056744
vn -0.658012 -0.750867 0.056744
vn -0.658012 -0.750867 0.056744
vn -0.658012 -0.750867 0.056744
vn -0.607398 -0.794376 0.005905
vn -0.607398 -0.794376 0.005905
vn -0.607398 -0.794376 0.005905
vn -0.607398 -0.794376 0.005905
vn -0.640376 -0.756318 0.133797
vn -0.640376 -0.756318 0.133797
vn -0.640376 -0.756318 0.133797
vn -0.640376 -0.756318 0.133797
vn -0.300074 -0.819282 0.488602
vn -0.300074 -0.819282 0.488602
vn -0.300074 -0.819282 0.488602
vn -0.300074 -0.819282 0.488602
vn -0.360912 -0.839518 0.406142
vn -0.360912 -0.839518 0.406142
vn -0.360912 -0.839518 0.406142
vn -0.360912 -0.839518 0.406142
vn 0.278248 -0.878124 0.389199
vn 0.278248 -0.878124 0.389199
vn 0.278248 -0.878124 0.389199
vn 0.278248 -0.878124 0.389199
vn -0.327672 -0.861319 0.388279
vn -0.327672 -0.861319 0.388279
vn -0.327672 -0.861319 0.388279
vn -0.327672 -0.861319 0.388279
vn -0.360446 -0.921560 -0.144242
vn -0.360446 -0.921560 -0.144242
vn -0.360446 -0.921560 -0.144242
vn -0.360446 -0.921560 -0.144242
vn -0.502446 -0.864310 -0.022732
vn -0.502446 -0.864310 -0.022732
vn -0.502446 -0.864310 -0.022732
vn -0.502446 -0.864310 -0.022732
vn -0.448878 -0.842938 0.296587
vn -0.448878 -0.842938 0.296587
vn -0.448878 -0.842938 0.296587
vn -0.448878 -0.842938 0.296587
vn -0.401667 -0.843781 0.355944
vn -0.401667 -0.843781 0.355944
vn -0.401667 -0.843781 0.355944
vn -0.401667 -0.843781 0.355944
vn -0.108135 -0.672888 0.731798
vn -0.108135 -0.672888 0.731798
vn -0.108135 -0.672888 0.731798
vn -0.108135 -0.672888 0.731798
vn -0.050598 -0.951352 0.303922
vn -0.050598 -0.951352 0.303922
vn -0.050598 -0.951352 0.303922
vn -0.050598 -0.951352 0.303922
vn 0.168360 -0.964051 0.205572
vn 0.168360 -0.964051 0.205572
vn 0.168360 -0.964051 0.205572
vn 0.168360 -0.964051 0.205572
vn 0.329746 -0.921038 0.207260
vn 0.329746 -0.921038 0.207260
vn 0.329746 -0.921038 0.207260
vn 0.329746 -0.921038 0.207260
vn -0.484791 -0.690632 0.536661
vn -0.484791 -0.690632 0.536661
vn -0.484791 -0.690632 0.536661
vn -0.484791 -0.690632 0.536661
vn 0.094431 -0.766901 -0.634780
vn 0.094431 -0.766901 -0.634780
vn 0.094431 -0.766901 -0.634780
vn 0.094431 -0.766901 -0.634780
vn 0.314575 -0.582703 -0.749333
vn 0.314575 -0.582703 -0.749333
vn 0.314575 -0.582703 -0.749333
vn 0.314575 -0.582703 -0.749333
vn 0.409872 -0.566069 -0.715242
vn 0.409872 -0.566069 -0.715242
vn 0.409872 -0.566069 -0.715242
vn 0.409872 -0.566069 -0.715242
vn 0.370614 -0.640328 -0.672774
vn 0.370614 -0.640328 -0.672774
vn 0.370614 -0.640328 -0.672774
vn 0.370614 -0.640328 -0.672774
vn -0.962680 -0.009145 0.270487
vn -0.962680 -0.009145 0.270487
vn -0.962680 -0.009145 0.270487
vn -0.962680 -0.009145 0.270487
vn -0.796683 -0.604323 -0.009545
vn -0.796683 -0.604323 -0.009545
vn -0.796683 -0.604323 -0.009545
vn -0.796683 -0.604323 -0.009545
vn -0.794457 -0.603534 -0.067719
vn -0.794457 -0.603534 -0.067719
vn -0.794457 -0.603534 -0.067719
vn -0.794457 -0.603534 -0.067719
vn -0.619155 -0.771530 0.146249
vn -0.619155 -0.771530 0.146249
vn -0.619155 -0.771530 0.146249
vn -0.619155 -0.771530 0.146249
vn -0.777437 -0.597851 -0.195358
vn -0.777437 -0.597851 -0.195358
vn -0.777437 -0.597851 -0.195358
vn -0.777437 -0.597851 -0.195358
vn -0.613346 -0.787862 -0.055499
vn -0.613346 -0.787862 -0.055499
vn -0.613346 -0.787862 -0.055499
vn -0.613346 -0.787862 -0.055499
vn -0.599347 -0.799576 0.038244
vn -0.599347 -0.799576 0.038244
vn -0.599347 -0.799576 0.038244
vn -0.599347 -0.799576 0.038244
vn -0.526260 -0.841084 0.125010
vn -0.526260 -0.841084 0.125010
vn -0.526260 -0.841084 0.125010
vn -0.526260 -0.841084 0.125010
vn -0.100150 -0.979946 -0.172266
vn -0.100150 -0.979946 -0.172266
vn -0.100150 -0.979946 -0.172266
vn -0.100150 -0.979946 -0.172266
vn 0.101121 -0.861810 0.497050
vn 0.101121 -0.861810 0.497050
vn 0.101121 -0.861810 0.497050
vn 0.101121 -0.861810 0.497050
vn 0.388288 -0.801823 0.454216
vn 0.388288 -0.801823 0.454216
vn 0.388288 -0.801823 0.454216
vn 0.388288 -0.801823 0.454216
vn 0.066614 -0.988692 0.134350
vn 0.066614 -0.988692 0.134350
vn 0.066614 -0.988692 0.134350
vn 0.066614 -0.988692 0.134350
vn 0.336343 -0.036303 0.941040
vn 0.336343 -0.036303 0.941040
vn 0.336343 -0.036303 0.941040
vn 0.336343 -0.036303 0.941040
vn 0.285952 0.943688 -0.166388
vn 0.285952 0.943688 -0.166388
vn 0.285952 0.943688 -0.166388
vn 0.285952 0.943688 -0.166388
vn 0.328855 0.939891 0.091978
vn 0.328855 0.939891 0.091978
vn 0.328855 0.939891 0.091978
vn 0.328855 0.939891 0.091978
vn 0.373765 0.870958 0.318954
vn 0.373765 0.870958 0.318954
vn 0.373765 0.870958 0.318954
vn 0.373765 0.870958 0.318954
vn 0.547760 0.681608 0.485149
vn 0.547760 0.681608 0.485149
vn 0.547760 0.681608 0.485149
vn 0.547760 0.681608 0.485149
vn 0.521699 0.646468 0.556695
vn 0.521699 0.646468 0.556695
vn 0.521699 0.646468 0.556695
vn 0.521699 0.646468 0.556695
vn 0.299382 0.808730 0.506288
vn 0.299382 0.808730 0.506288
vn 0.299382 0.808730 0.506288
vn 0.299382 0.808730 0.506288
vn -0.203513 -0.922246 0.328701
vn -0.203513 -0.922246 0.328701
vn -0.203513 -0.922246 0.328701
vn -0.203513 -0.922246 0.328701
vn 0.152191 -0.749959 0.643738
vn 0.152191 -0.749959 0.643738
vn 0.152191 -0.749959 0.643738
vn 0.152191 -0.749959 0.643738
vn 0.134548 -0.895788 0.423629
vn 0.134548 -0.895788 0.423629
vn 0.134548 -0.895788 0.423629
vn 0.134548 -0.895788 0.423629
vn 0.449686 0.414526 0.791170
vn 0.449686 0.414526 0.791170
vn 0.449686 0.414526 0.791170
vn 0.449686 0.414526 0.791170
vn 0.607305 0.762160 0.224261
vn 0.607305 0.762160 0.224261
vn 0.607305 0.762160 0.224261
vn 0.607305 0.762160 0.224261
vn 0.641613 0.745363 0.181016
vn 0.641613 0.745363 0.181016
vn 0.641613 0.745363 0.181016
vn 0.641613 0.745363 0.181016
vn 0.809327 0.581824 0.080442
vn 0.809327 0.581824 0.080442
vn 0.809327 0.581824 0.080442
vn 0.809327 0.581824 0.080442
vn 0.841720 0.504934 0.191181
vn 0.841720 0.504934 0.191181
vn 0.841720 0.504934 0.191181
vn 0.841720 0.504934 0.191181
vn 0.817881 0.574099 0.038480
vn 0.817881 0.574099 0.038480
vn 0.817881 0.574099 0.038480
vn 0.817881 0.574099 0.038480
vn 0.932448 0.359412 -0.036926
vn 0.932448 0.359412 -0.036926
vn 0.932448 0.359412 -0.036926
vn 0.932448 0.359412 -0.036926
vn 0.940455 0.335452 0.054917
vn 0.940455 0.335452 0.054917
vn 0.940455 0.335452 0.054917
vn 0.940455 0.335452 0.054917
vn 0.535043 -0.823902 -0.186853
vn 0.535043 -0.823902 -0.186853
vn 0.535043 -0.823902 -0.186853
vn 0.535043 -0.823902 -0.186853
vn 0.901809 0.431375 -0.025603
vn 0.901809 0.431375 -0.025603
vn 0.901809 0.431375 -0.025603
vn 0.901809 0.431375 -0.025603
vn 0.527528 -0.787036 -0.319825
vn 0.527528 -0.787036 -0.319825
vn 0.527528 -0.787036 -0.319825
vn 0.527528 -0.787036 -0.319825
vn 0.485134 -0.816548 -0.312881
vn 0.485134 -0.816548 -0.312881
vn 0.485134 -0.816548 -0.312881
vn 0.485134 -0.816548 -0.312881
vn -0.648896 -0.756328 -0.083074
vn -0.648896 -0.756328 -0.083074
vn -0.648896 -0.756328 -0.083074
vn -0.648896 -0.756328 -0.083074
vn 0.796208 0.604962 0.008584
vn 0.796208 0.604962 0.008584
vn 0.796208 0.604962 0.008584
vn 0.796208 0.604962 0.008584
vn 0.928872 0.368540 -0.037091
vn 0.928872 0.368540 -0.037091
vn 0.928872 0.368540 -0.037091
vn 0.928872 0.368540 -0.037091
vn 0.710728 0.694350 0.112887
vn 0.710728 0.694350 0.112887
vn 0.710728 0.694350 0.112887
vn 0.710728 0.694350 0.112887
vn 0.901789 0.430521 -0.037792
vn 0.901789 0.430521 -0.037792
vn 0.901789 0.430521 -0.037792
vn 0.901789 0.430521 -0.037792
vn 0.668494 0.726694 0.158213
vn 0.668494 0.726694 0.158213
vn 0.668494 0.726694 0.158213
vn 0.668494 0.726694 0.158213
vn 0.690484 0.713542 0.118705
vn 0.690484 0.713542 0.118705
vn 0.690484 0.713542 0.118705
vn 0.690484 0.713542 0.118705
vn -0.674291 -0.738455 0.004045
vn -0.674291 -0.738455 0.004045
vn -0.674291 -0.738455 0.004045
vn -0.674291 -0.738455 0.004045
vn -0.672207 -0.740347 0.004878
vn -0.672207 -0.740347 0.004878
vn -0.672207 -0.740347 0.004878
vn -0.672207 -0.740347 0.004878
vn -0.642094 -0.765936 -0.032522
vn -0.642094 -0.765936 -0.032522
vn -0.642094 -0.765936 -0.032522
vn -0.642094 -0.765936 -0.032522
vn -0.682625 -0.721632 -0.115202
vn -0.682625 -0.721632 -0.115202
vn -0.682625 -0.721632 -0.115202
vn -0.682625 -0.721632 -0.115202
vn -0.717399 -0.680442 -0.149459
vn -0.717399 -0.680442 -0.149459
vn -0.717399 -0.680442 -0.149459
vn -0.717399 -0.680442 -0.149459
vn -0.743890 -0.646539 -0.169159
vn -0.743890 -0.646539 -0.169159
vn -0.743890 -0.646539 -0.169159
vn -0.743890 -0.646539 -0.169159
vn -0.035845 0.905109 0.423665
vn -0.035845 0.905109 0.423665
vn -0.035845 0.905109 0.423665
vn -0.035845 0.905109 0.423665
vn 0.332169 0.891468 0.308136
vn 0.332169 0.891468 0.308136
vn 0.332169 0.891468 0.308136
vn 0.332169 0.891468 0.308136
vn 0.517961 0.814492 0.261381
vn 0.517961 0.814492 0.261381
vn 0.517961 0.814492 0.261381
vn 0.517961 0.814492 0.261381
vn 0.457639 0.468328 0.755802
vn 0.457639 0.468328 0.755802
vn 0.457639 0.468328 0.755802
vn 0.457639 0.468328 0.755802
vn -0.561053 -0.641118 0.523629
vn -0.561053 -0.641118 0.523629
vn -0.561053 -0.641118 0.523629
vn -0.561053 -0.641118 0.523629
vn -0.669092 -0.669801 -0.321997
vn -0.669092 -0.669801 -0.321997
vn -0.669092 -0.669801 -0.321997
vn -0.669092 -0.669801 -0.321997
vn -0.792982 0.045521 0.607542
vn -0.792982 0.045521 0.607542
vn -0.792982 0.045521 0.607542
vn -0.792982 0.045521 0.607542
vn 0.822952 -0.027143 -0.567462
vn 0.822952 -0.027143 -0.567462
vn 0.822952 -0.027143 -0.567462
vn 0.822952 -0.027143 -0.567462
vn 0.771602 -0.069131 -0.632338
vn 0.771602 -0.069131 -0.632338
vn 0.771602 -0.069131 -0.632338
vn 0.771602 -0.069131 -0.632338
vn -0.917716 -0.267159 0.293978
vn -0.917716 -0.267159 0.293978
vn -0.917716 -0.267159 0.293978
vn -0.917716 -0.267159 0.293978
vn 0.281365 0.144365 -0.948679
vn 0.281365 0.144365 -0.948679
vn 0.281365 0.144365 -0.948679
vn 0.281365 0.144365 -0.948679
vn 0.223772 -0.002245 -0.974639
vn 0.223772 -0.002245 -0.974639
vn 0.223772 -0.002245 -0.974639
vn 0.223772 -0.002245 -0.974639
vn 0.915437 0.401453 0.028479
vn 0.915437 0.401453 0.028479
vn 0.915437 0.401453 0.028479
vn 0.915437 0.401453 0.028479
vn 0.968736 0.146661 -0.200104
vn 0.968736 0.146661 -0.200104
vn 0.968736 0.146661 -0.200104
vn 0.968736 0.146661 -0.200104
vn 0.466224 0.837810 -0.284095
vn 0.466224 0.837810 -0.284095
vn 0.466224 0.837810 -0.284095
vn 0.466224 0.837810 -0.284095
vn 0.382931 0.917552 0.107059
vn 0.382931 0.917552 0.107059
vn 0.382931 0.917552 0.107059
vn 0.382931 0.917552 0.107059
vn 0.243156 -0.952028 0.185790
vn 0.243156 -0.952028 0.185790
vn 0.243156 -0.952028 0.185790
vn 0.243156 -0.952028 0.185790
vn 0.517711 -0.855528 0.006899
vn 0.517711 -0.855528 0.006899
vn 0.517711 -0.855528 0.006899
vn 0.517711 -0.855528 0.006899
vn -0.501768 -0.855707 -0.126469
vn -0.501768 -0.855707 -0.126469
vn -0.501768 -0.855707 -0.126469
vn -0.501768 -0.855707 -0.126469
vn 0.875355 0.434715 0.211606
vn 0.875355 0.434715 0.211606
vn 0.875355 0.434715 0.211606
vn 0.875355 0.434715 0.211606
vn 0.981832 0.189560 -0.008559
vn 0.981832 0.189560 -0.008559
vn 0.981832 0.189560 -0.008559
vn 0.981832 0.189560 -0.008559
vn 0.879169 0.462934 0.112933
vn 0.879169 0.462934 0.112933
vn 0.879169 0.462934 0.112933
vn 0.879169 0.462934 0.112933
vn 0.823435 0.551727 0.132484
vn 0.823435 0.551727 0.132484
vn 0.823435 0.551727 0.132484
vn 0.823435 0.551727 0.132484
vn 0.917703 0.388973 0.080756
vn 0.917703 0.388973 0.080756
vn 0.917703 0.388973 0.080756
vn 0.917703 0.388973 0.080756
vn 0.447477 -0.859838 -0.245852
vn 0.447477 -0.859838 -0.245852
vn 0.447477 -0.859838 -0.245852
vn 0.447477 -0.859838 -0.245852
vn 0.397429 -0.089718 -0.913236
vn 0.397429 -0.089718 -0.913236
vn 0.397429 -0.089718 -0.913236
vn 0.397429 -0.089718 -0.913236
vn 0.610844 -0.665752 -0.428537
vn 0.610844 -0.665752 -0.428537
vn 0.610844 -0.665752 -0.428537
vn 0.610844 -0.665752 -0.428537
vn 0.390391 -0.846719 -0.361472
vn 0.390391 -0.846719 -0.361472
vn 0.390391 -0.846719 -0.361472
vn 0.390391 -0.846719 -0.361472
vn 0.964181 0.186826 -0.188286
vn 0.964181 0.186826 -0.188286
vn 0.964181 0.186826 -0.188286
vn 0.964181 0.186826 -0.188286
vn 0.942635 0.203190 -0.264862
vn 0.942635 0.203190 -0.264862
vn 0.942635 0.203190 -0.264862
vn 0.942635 0.203190 -0.264862
vn 0.971220 0.111415 -0.210518
vn 0.971220 0.111415 -0.210518
vn 0.971220 0.111415 -0.210518
vn 0.971220 0.111415 -0.210518
vn -0.835758 -0.037399 0.547822
vn -0.835758 -0.037399 0.547822
vn -0.835758 -0.037399 0.547822
vn -0.835758 -0.037399 0.547822
vn 0.921197 0.318513 -0.223486
vn 0.921197 0.318513 -0.223486
vn 0.921197 0.318513 -0.223486
vn 0.921197 0.318513 -0.223486
vn 0.942218 0.135997 -0.306155
vn 0.942218 0.135997 -0.306155
vn 0.942218 0.135997 -0.306155
vn 0.942218 0.135997 -0.306155
vn 0.942962 0.119589 -0.310679
vn 0.942962 0.119589 -0.310679
vn 0.942962 0.119589 -0.310679
vn 0.942962 0.119589 -0.310679
vn 0.918515 0.144729 -0.367946
vn 0.918515 0.144729 -0.367946
vn 0.918515 0.144729 -0.367946
vn 0.918515 0.144729 -0.367946
vn 0.891977 0.204730 -0.403068
vn 0.891977 0.204730 -0.403068
vn 0.891977 0.204730 -0.403068
vn 0.891977 0.204730 -0.403068
vn -0.952931 -0.077072 0.293228
vn -0.952931 -0.077072 0.293228
vn -0.952931 -0.077072 0.293228
vn -0.952931 -0.077072 0.293228
vn -0.953004 -0.090402 0.289154
vn -0.953004 -0.090402 0.289154
vn -0.953004 -0.090402 0.289154
vn -0.953004 -0.090402 0.289154
vn -0.935497 0.030668 0.352001
vn -0.935497 0.030668 0.352001
vn -0.935497 0.030668 0.352001
vn -0.935497 0.030668 0.352001
vn -0.897906 -0.127871 0.421205
vn -0.897906 -0.127871 0.421205
vn -0.897906 -0.127871 0.421205
vn -0.897906 -0.127871 0.421205
vn -0.910752 -0.162289 0.379728
vn -0.910752 -0.162289 0.379728
vn -0.910752 -0.162289 0.379728
vn -0.910752 -0.162289 0.379728
vn -0.912424 -0.164378 0.374784
vn -0.912424 -0.164378 0.374784
vn -0.912424 -0.164378 0.374784
vn -0.912424 -0.164378 0.374784
vn -0.911674 0.006648 0.410861
vn -0.911674 0.006648 0.410861
vn -0.911674 0.006648 0.410861
vn -0.911674 0.006648 0.410861
vn -0.868510 -0.220103 0.444124
vn -0.868510 -0.220103 0.444124
vn -0.868510 -0.220103 0.444124
vn -0.868510 -0.220103 0.444124
vn -0.785197 -0.158602 0.598591
vn -0.785197 -0.158602 0.598591
vn -0.785197 -0.158602 0.598591
vn -0.785197 -0.158602 0.598591
vn -0.843768 -0.143584 0.517145
vn -0.843768 -0.143584 0.517145
vn -0.843768 -0.143584 0.517145
vn -0.843768 -0.143584 0.517145
vn -0.710554 -0.700718 0.064089
vn -0.710554 -0.700718 0.064089
vn -0.710554 -0.700718 0.064089
vn -0.710554 -0.700718 0.064089
vn -0.903477 -0.261495 0.339632
vn -0.903477 -0.261495 0.339632
vn -0.903477 -0.261495 0.339632
vn -0.903477 -0.261495 0.339632
vn -0.941052 -0.078058 0.329132
vn -0.941052 -0.078058 0.329132
vn -0.941052 -0.078058 0.329132
vn -0.941052 -0.078058 0.329132
vn -0.936493 -0.036271 0.348807
vn -0.936493 -0.036271 0.348807
vn -0.936493 -0.036271 0.348807
vn -0.936493 -0.036271 0.348807
vn -0.923994 -0.235757 0.301088
vn -0.923994 -0.235757 0.301088
vn -0.923994 -0.235757 0.301088
vn -0.923994 -0.235757 0.301088
vn -0.964953 -0.088625 0.247004
vn -0.964953 -0.088625 0.247004
vn -0.964953 -0.088625 0.247004
vn -0.964953 -0.088625 0.247004
vn 0.943822 0.199023 -0.263799
vn 0.943822 0.199023 -0.263799
vn 0.943822 0.199023 -0.263799
vn 0.943822 0.199023 -0.263799
vn 0.752535 -0.363649 -0.549045
vn 0.752535 -0.363649 -0.549045
vn 0.752535 -0.363649 -0.549045
vn 0.752535 -0.363649 -0.549045
vn -0.704548 -0.706845 0.063102
vn -0.704548 -0.706845 0.063102
vn -0.704548 -0.706845 0.063102
vn -0.704548 -0.706845 0.063102
vn -0.907468 -0.298162 0.295974
vn -0.907468 -0.298162 0.295974
vn -0.907468 -0.298162 0.295974
vn -0.907468 -0.298162 0.295974
vn -0.913324 -0.047598 0.404441
vn -0.913324 -0.047598 0.404441
vn -0.913324 -0.047598 0.404441
vn -0.913324 -0.047598 0.404441
vn -0.912018 -0.130527 0.388825
vn -0.912018 -0.130527 0.388825
vn -0.912018 -0.130527 0.388825
vn -0.912018 -0.130527 0.388825
vn -0.912732 -0.109305 0.393665
vn -0.912732 -0.109305 0.393665
vn -0.912732 -0.109305 0.393665
vn -0.912732 -0.109305 0.393665
vn 0.085181 -0.682203 -0.726184
vn 0.085181 -0.682203 -0.726184
vn 0.085181 -0.682203 -0.726184
vn 0.085181 -0.682203 -0.726184
vn 0.171345 -0.641291 -0.747922
vn 0.171345 -0.641291 -0.747922
vn 0.171345 -0.641291 -0.747922
vn 0.171345 -0.641291 -0.747922
vn 0.355901 -0.457368 -0.814953
vn 0.355901 -0.457368 -0.814953
vn 0.355901 -0.457368 -0.814953
vn 0.355901 -0.457368 -0.814953
vn 0.604763 0.352003 -0.714392
vn 0.604763 0.352003 -0.714392
vn 0.604763 0.352003 -0.714392
vn 0.604763 0.352003 -0.714392
vn 0.445047 0.500003 -0.742920
vn 0.445047 0.500003 -0.742920
vn 0.445047 0.500003 -0.742920
vn 0.445047 0.500003 -0.742920
vn 0.159851 0.610940 -0.775371
vn 0.159851 0.610940 -0.775371
vn 0.159851 0.610940 -0.775371
vn 0.159851 0.610940 -0.775371
vn 0.569488 0.403554 -0.716119
vn 0.569488 0.403554 -0.716119
vn 0.569488 0.403554 -0.716119
vn 0.569488 0.403554 -0.716119
vn 0.553264 0.337306 -0.761658
vn 0.553264 0.337306 -0.761658
vn 0.553264 0.337306 -0.761658
vn 0.553264 0.337306 -0.761658
vn 0.949503 0.307916 0.060266
vn 0.949503 0.307916 0.060266
vn 0.949503 0.307916 0.060266
vn 0.949503 0.307916 0.060266
vn 0.601270 -0.798772 -0.020912
vn 0.601270 -0.798772 -0.020912
vn 0.601270 -0.798772 -0.020912
vn 0.601270 -0.798772 -0.020912
vn -0.459387 -0.866260 0.196360
vn -0.459387 -0.866260 0.196360
vn -0.459387 -0.866260 0.196360
vn -0.459387 -0.866260 0.196360
vn -0.595346 -0.789951 0.146766
vn -0.595346 -0.789951 0.146766
vn -0.595346 -0.789951 0.146766
vn -0.595346 -0.789951 0.146766
vn -0.578193 -0.814661 0.044951
vn -0.578193 -0.814661 0.044951
vn -0.578193 -0.814661 0.044951
vn -0.578193 -0.814661 0.044951
vn -0.561135 -0.807545 -0.181655
vn -0.561135 -0.807545 -0.181655
vn -0.561135 -0.807545 -0.181655
vn -0.561135 -0.807545 -0.181655
vn -0.545450 -0.835766 -0.063083
vn -0.545450 -0.835766 -0.063083
vn -0.545450 -0.835766 -0.063083
vn -0.545450 -0.835766 -0.063083
vn -0.604520 -0.773943 -0.188597
vn -0.604520 -0.773943 -0.188597
vn -0.604520 -0.773943 -0.188597
vn -0.604520 -0.773943 -0.188597
vn 0.347565 0.009516 0.937608
vn 0.347565 0.009516 0.937608
vn 0.347565 0.009516 0.937608
vn 0.347565 0.009516 0.937608
vn 0.338962 -0.282285 0.897452
vn 0.338962 -0.282285 0.897452
vn 0.338962 -0.282285 0.897452
vn 0.338962 -0.282285 0.897452
vn 0.506526 0.015365 -0.862087
vn 0.506526 0.015365 -0.862087
vn 0.506526 0.015365 -0.862087
vn 0.506526 0.015365 -0.862087
vn 0.357200 -0.856442 -0.372712
vn 0.357200 -0.856442 -0.372712
vn 0.357200 -0.856442 -0.372712
vn 0.357200 -0.856442 -0.372712
vn 0.467104 -0.624685 -0.625766
vn 0.467104 -0.624685 -0.625766
vn 0.467104 -0.624685 -0.625766
vn 0.467104 -0.624685 -0.625766
vn 0.871954 0.057833 -0.486160
vn 0.871954 0.057833 -0.486160
vn 0.871954 0.057833 -0.486160
vn 0.871954 0.057833 -0.486160
vn 0.267373 -0.853169 -0.447900
vn 0.267373 -0.853169 -0.447900
vn 0.267373 -0.853169 -0.447900
vn 0.267373 -0.853169 -0.447900
vn 0.090984 -0.904752 -0.416109
vn 0.090984 -0.904752 -0.416109
vn 0.090984 -0.904752 -0.416109
vn 0.090984 -0.904752 -0.416109
vn -0.010259 -0.920929 -0.389595
vn -0.010259 -0.920929 -0.389595
vn -0.010259 -0.920929 -0.389595
vn -0.010259 -0.920929 -0.389595
vn 0.336242 -0.756979 -0.560290
vn 0.336242 -0.756979 -0.560290
vn 0.336242 -0.756979 -0.560290
vn 0.336242 -0.756979 -0.560290
vn 0.507309 -0.823381 -0.254327
vn 0.507309 -0.823381 -0.254327
vn 0.507309 -0.823381 -0.254327
vn 0.507309 -0.823381 -0.254327
vn 0.277707 -0.941237 -0.192228
vn 0.277707 -0.941237 -0.192228
vn 0.277707 -0.941237 -0.192228
vn 0.277707 -0.941237 -0.192228
vn 0.008785 -0.999523 -0.029627
vn 0.008785 -0.999523 -0.029627
vn 0.008785 -0.999523 -0.029627
vn 0.008785 -0.999523 -0.029627
vn 0.765774 -0.573182 -0.291639
vn 0.765774 -0.573182 -0.291639
vn 0.765774 -0.573182 -0.291639
vn 0.765774 -0.573182 -0.291639
vn 0.261223 0.119326 -0.957875
vn 0.261223 0.119326 -0.957875
vn 0.261223 0.119326 -0.957875
vn 0.261223 0.119326 -0.957875
vn 0.881133 0.379796 -0.281707
vn 0.881133 0.379796 -0.281707
vn 0.881133 0.379796 -0.281707
vn 0.881133 0.379796 -0.281707
vn 0.771934 0.170016 -0.612545
vn 0.771934 0.170016 -0.612545
vn 0.771934 0.170016 -0.612545
vn 0.771934 0.170016 -0.612545
vn 0.510208 0.198575 -0.836813
vn 0.510208 0.198575 -0.836813
vn 0.510208 0.198575 -0.836813
vn 0.510208 0.198575 -0.836813
vn 0.745405 0.525944 -0.409578
vn 0.745405 0.525944 -0.409578
vn 0.745405 0.525944 -0.409578
vn 0.745405 0.525944 -0.409578
vn 0.136644 -0.985728 -0.098326
vn 0.136644 -0.985728 -0.098326
vn 0.136644 -0.985728 -0.098326
vn 0.136644 -0.985728 -0.098326
vn 0.358169 -0.909384 -0.211508
vn 0.358169 -0.909384 -0.211508
vn 0.358169 -0.909384 -0.211508
vn 0.358169 -0.909384 -0.211508
vn 0.838457 0.298329 -0.456060
vn 0.838457 0.298329 -0.456060
vn 0.838457 0.298329 -0.456060
vn 0.838457 0.298329 -0.456060
vn 0.818605 0.530279 -0.220658
vn 0.818605 0.530279 -0.220658
vn 0.818605 0.530279 -0.220658
vn 0.818605 0.530279 -0.220658
vn 0.688905 0.724848 -0.002563
vn 0.688905 0.724848 -0.002563
vn 0.688905 0.724848 -0.002563
vn 0.688905 0.724848 -0.002563
vn 0.047138 -0.974250 -0.220488
vn 0.047138 -0.974250 -0.220488
vn 0.047138 -0.974250 -0.220488
vn 0.047138 -0.974250 -0.220488
vn 0.592271 -0.795801 0.126160
vn 0.592271 -0.795801 0.126160
vn 0.592271 -0.795801 0.126160
vn 0.592271 -0.795801 0.126160
vn 0.427087 0.167965 -0.888473
vn 0.427087 0.167965 -0.888473
vn 0.427087 0.167965 -0.888473
vn 0.427087 0.167965 -0.888473
vn 0.748748 -0.630959 -0.203144
vn 0.748748 -0.630959 -0.203144
vn 0.748748 -0.630959 -0.203144
vn 0.748748 -0.630959 -0.203144
vn 0.608386 0.787124 -0.101500
vn 0.608386 0.787124 -0.101500
vn 0.608386 0.787124 -0.101500
vn 0.608386 0.787124 -0.101500
vn 0.556379 0.830192 -0.034972
vn 0.556379 0.830192 -0.034972
vn 0.556379 0.830192 -0.034972
vn 0.556379 0.830192 -0.034972
vn 0.170987 -0.974119 -0.147839
vn 0.170987 -0.974119 -0.147839
vn 0.170987 -0.974119 -0.147839
vn 0.170987 -0.974119 -0.147839
vn 0.404411 -0.910826 -0.082753
vn 0.404411 -0.910826 -0.082753
vn 0.404411 -0.910826 -0.082753
vn 0.404411 -0.910826 -0.082753
vn 0.391289 -0.913647 -0.110191
vn 0.391289 -0.913647 -0.110191
vn 0.391289 -0.913647 -0.110191
vn 0.391289 -0.913647 -0.110191
vn 0.204379 -0.971058 -0.123592
vn 0.204379 -0.971058 -0.123592
vn 0.204379 -0.971058 -0.123592
vn 0.204379 -0.971058 -0.123592
vn 0.217457 -0.974942 -0.046913
vn 0.217457 -0.974942 -0.046913
vn 0.217457 -0.974942 -0.046913
vn 0.217457 -0.974942 -0.046913
vn 0.331634 -0.913466 -0.235795
vn 0.331634 -0.913466 -0.235795
vn 0.331634 -0.913466 -0.235795
vn 0.331634 -0.913466 -0.235795
vn 0.212384 -0.885872 -0.412461
vn 0.212384 -0.885872 -0.412461
vn 0.212384 -0.885872 -0.412461
vn 0.212384 -0.885872 -0.412461
vn 0.828722 0.323669 -0.456573
vn 0.828722 0.323669 -0.456573
vn 0.828722 0.323669 -0.456573
vn 0.828722 0.323669 -0.456573
vn 0.796903 0.254776 -0.547754
vn 0.796903 0.254776 -0.547754
vn 0.796903 0.254776 -0.547754
vn 0.796903 0.254776 -0.547754
vn 0.518046 0.321490 -0.792636
vn 0.518046 0.321490 -0.792636
vn 0.518046 0.321490 -0.792636
vn 0.518046 0.321490 -0.792636
vn -0.765953 0.458645 -0.450511
vn -0.765953 0.458645 -0.450511
vn -0.765953 0.458645 -0.450511
vn -0.765953 0.458645 -0.450511
vn -0.042832 -0.882582 0.468204
vn -0.042832 -0.882582 0.468204
vn -0.042832 -0.882582 0.468204
vn -0.042832 -0.882582 0.468204
vn -0.877303 -0.383728 0.288259
vn -0.877303 -0.383728 0.288259
vn -0.877303 -0.383728 0.288259
vn -0.877303 -0.383728 0.288259
vn -0.739851 -0.406199 0.536306
vn -0.739851 -0.406199 0.536306
vn -0.739851 -0.406199 0.536306
vn -0.739851 -0.406199 0.536306
vn -0.954986 -0.204221 0.215165
vn -0.954986 -0.204221 0.215165
vn -0.954986 -0.204221 0.215165
vn -0.954986 -0.204221 0.215165
vn -0.951063 0.089826 0.295653
vn -0.951063 0.089826 0.295653
vn -0.951063 0.089826 0.295653
vn -0.951063 0.089826 0.295653
vn -0.932835 0.120616 0.339516
vn -0.932835 0.120616 0.339516
vn -0.932835 0.120616 0.339516
vn -0.932835 0.120616 0.339516
vn -0.920915 0.141148 0.363309
vn -0.920915 0.141148 0.363309
vn -0.920915 0.141148 0.363309
vn -0.920915 0.141148 0.363309
vn -0.921189 0.182155 0.343848
vn -0.921189 0.182155 0.343848
vn -0.921189 0.182155 0.343848
vn -0.921189 0.182155 0.343848
vn -0.867762 0.260421 0.423285
vn -0.867762 0.260421 0.423285
vn -0.867762 0.260421 0.423285
vn -0.867762 0.260421 0.423285
vn -0.863692 0.023566 0.503469
vn -0.863692 0.023566 0.503469
vn -0.863692 0.023566 0.503469
vn -0.863692 0.023566 0.503469
vn -0.711934 -0.187966 0.676623
vn -0.711934 -0.187966 0.676623
vn -0.711934 -0.187966 0.676623
vn -0.711934 -0.187966 0.676623
vn -0.716365 -0.256412 0.648902
vn -0.716365 -0.256412 0.648902
vn -0.716365 -0.256412 0.648902
vn -0.716365 -0.256412 0.648902
vn -0.612660 0.174358 0.770874
vn -0.612660 0.174358 0.770874
vn -0.612660 0.174358 0.770874
vn -0.612660 0.174358 0.770874
vn -0.607991 0.367185 0.703933
vn -0.607991 0.367185 0.703933
vn -0.607991 0.367185 0.703933
vn -0.607991 0.367185 0.703933
vn -0.621583 0.251295 0.741947
vn -0.621583 0.251295 0.741947
vn -0.621583 0.251295 0.741947
vn -0.621583 0.251295 0.741947
vn 0.951461 0.210491 -0.224533
vn 0.951461 0.210491 -0.224533
vn 0.951461 0.210491 -0.224533
vn 0.951461 0.210491 -0.224533
vn 0.888351 0.416261 -0.193803
vn 0.888351 0.416261 -0.193803
vn 0.888351 0.416261 -0.193803
vn 0.888351 0.416261 -0.193803
vn 0.231879 -0.589652 0.773656
vn 0.231879 -0.589652 0.773656
vn 0.231879 -0.589652 0.773656
vn 0.231879 -0.589652 0.773656
vn 0.306951 0.308176 0.900449
vn 0.306951 0.308176 0.900449
vn 0.306951 0.308176 0.900449
vn 0.306951 0.308176 0.900449
vn 0.985191 0.038864 -0.166999
vn 0.985191 0.038864 -0.166999
vn 0.985191 0.038864 -0.166999
vn 0.985191 0.038864 -0.166999
vn 0.887399 0.448304 -0.107460
vn 0.887399 0.448304 -0.107460
vn 0.887399 0.448304 -0.107460
vn 0.887399 0.448304 -0.107460
vn 0.883513 0.460043 -0.088122
vn 0.883513 0.460043 -0.088122
vn 0.883513 0.460043 -0.088122
vn 0.883513 0.460043 -0.088122
vn 0.887816 0.459206 -0.030216
vn 0.887816 0.459206 -0.030216
vn 0.887816 0.459206 -0.030216
vn 0.887816 0.459206 -0.030216
vn 0.233908 0.778689 0.582177
vn 0.233908 0.778689 0.582177
vn 0.233908 0.778689 0.582177
vn 0.233908 0.778689 0.582177
vn 0.932974 0.323966 -0.156864
vn 0.932974 0.323966 -0.156864
vn 0.932974 0.323966 -0.156864
vn 0.932974 0.323966 -0.156864
vn 0.958462 0.113877 -0.261500
vn 0.958462 0.113877 -0.261500
vn 0.958462 0.113877 -0.261500
vn 0.958462 0.113877 -0.261500
vn 0.900471 0.418635 -0.117885
vn 0.900471 0.418635 -0.117885
vn 0.900471 0.418635 -0.117885
vn 0.900471 0.418635 -0.117885
vn 0.934656 0.354726 -0.024229
vn 0.934656 0.354726 -0.024229
vn 0.934656 0.354726 -0.024229
vn 0.934656 0.354726 -0.024229
vn 0.943266 0.158059 -0.292004
vn 0.943266 0.158059 -0.292004
vn 0.943266 0.158059 -0.292004
vn 0.943266 0.158059 -0.292004
vn 0.981605 0.132721 -0.137246
vn 0.981605 0.132721 -0.137246
vn 0.981605 0.132721 -0.137246
vn 0.981605 0.132721 -0.137246
vn 0.956591 0.243745 -0.159757
vn 0.956591 0.243745 -0.159757
vn 0.956591 0.243745 -0.159757
vn 0.956591 0.243745 -0.159757
vn 0.941193 0.301962 -0.151574
vn 0.941193 0.301962 -0.151574
vn 0.941193 0.301962 -0.151574
vn 0.941193 0.301962 -0.151574
vn 0.965065 0.179835 -0.190550
vn 0.965065 0.179835 -0.190550
vn 0.965065 0.179835 -0.190550
vn 0.965065 0.179835 -0.190550
vn 0.945629 0.174510 -0.274466
vn 0.945629 0.174510 -0.274466
vn 0.945629 0.174510 -0.274466
vn 0.945629 0.174510 -0.274466
vn 0.964257 0.225534 -0.139077
vn 0.964257 0.225534 -0.139077
vn 0.964257 0.225534 -0.139077
vn 0.964257 0.225534 -0.139077
vn 0.941986 0.317586 -0.108634
vn 0.941986 0.317586 -0.108634
vn 0.941986 0.317586 -0.108634
vn 0.941986 0.317586 -0.108634
vn 0.907281 0.403722 -0.117682
vn 0.907281 0.403722 -0.117682
vn 0.907281 0.403722 -0.117682
vn 0.907281 0.403722 -0.117682
vn 0.892929 0.448829 -0.035080
vn 0.892929 0.448829 -0.035080
vn 0.892929 0.448829 -0.035080
vn 0.892929 0.448829 -0.035080
vn 0.985305 0.048372 -0.163813
vn 0.985305 0.048372 -0.163813
vn 0.985305 0.048372 -0.163813
vn 0.985305 0.048372 -0.163813
vn 0.946533 0.296031 -0.128226
vn 0.946533 0.296031 -0.128226
vn 0.946533 0.296031 -0.128226
vn 0.946533 0.296031 -0.128226
vn 0.945819 0.284110 -0.157187
vn 0.945819 0.284110 -0.157187
vn 0.945819 0.284110 -0.157187
vn 0.945819 0.284110 -0.157187
vn 0.926152 -0.258480 -0.274646
vn 0.926152 -0.258480 -0.274646
vn 0.926152 -0.258480 -0.274646
vn 0.926152 -0.258480 -0.274646
vn 0.467109 -0.736636 0.489057
vn 0.467109 -0.736636 0.489057
vn 0.467109 -0.736636 0.489057
vn 0.467109 -0.736636 0.489057
vn 0.392158 0.797276 0.458871
vn 0.392158 0.797276 0.458871
vn 0.392158 0.797276 0.458871
vn 0.392158 0.797276 0.458871
vn 0.519428 0.241946 0.819547
vn 0.519428 0.241946 0.819547
vn 0.519428 0.241946 0.819547
vn 0.519428 0.241946 0.819547
vn 0.552888 0.121641 0.824329
vn 0.552888 0.121641 0.824329
vn 0.552888 0.121641 0.824329
vn 0.552888 0.121641 0.824329
vn 0.312311 -0.718896 0.621007
vn 0.312311 -0.718896 0.621007
vn 0.312311 -0.718896 0.621007
vn 0.312311 -0.718896 0.621007
vn 0.936255 -0.324596 -0.134400
vn 0.936255 -0.324596 -0.134400
vn 0.936255 -0.324596 -0.134400
vn 0.936255 -0.324596 -0.134400
vn 0.843193 -0.324834 -0.428380
vn 0.843193 -0.324834 -0.428380
vn 0.843193 -0.324834 -0.428380
vn 0.843193 -0.324834 -0.428380
vn -0.679643 -0.565714 0.466962
vn -0.679643 -0.565714 0.466962
vn -0.679643 -0.565714 0.466962
vn -0.679643 -0.565714 0.466962
vn -0.891278 -0.134520 0.433045
vn -0.891278 -0.134520 0.433045
vn -0.891278 -0.134520 0.433045
vn -0.891278 -0.134520 0.433045
vn 0.053866 -0.941747 0.331980
vn 0.053866 -0.941747 0.331980
vn 0.053866 -0.941747 0.331980
vn 0.053866 -0.941747 0.331980
vn -0.570898 -0.240143 0.785116
vn -0.570898 -0.240143 0.785116
vn -0.570898 -0.240143 0.785116
vn -0.570898 -0.240143 0.785116
vn 0.450673 0.337047 0.826615
vn 0.450673 0.337047 0.826615
vn 0.450673 0.337047 0.826615
vn 0.450673 0.337047 0.826615
vn 0.388176 0.426991 0.816699
vn 0.388176 0.426991 0.816699
vn 0.388176 0.426991 0.816699
vn 0.388176 0.426991 0.816699
vn -0.782223 0.030991 0.622227
vn -0.782223 0.030991 0.622227
vn -0.782223 0.030991 0.622227
vn -0.782223 0.030991 0.622227
vn -0.870427 -0.277853 0.406392
vn -0.870427 -0.277853 0.406392
vn -0.870427 -0.277853 0.406392
vn -0.870427 -0.277853 0.406392
vn -0.743124 -0.357900 0.565398
vn -0.743124 -0.357900 0.565398
vn -0.743124 -0.357900 0.565398
vn -0.743124 -0.357900 0.565398
vn -0.775875 -0.100090 0.622896
vn -0.775875 -0.100090 0.622896
vn -0.775875 -0.100090 0.622896
vn -0.775875 -0.100090 0.622896
vn -0.935629 -0.126626 0.329490
vn -0.935629 -0.126626 0.329490
vn -0.935629 -0.126626 0.329490
vn -0.935629 -0.126626 0.329490
vn -0.537450 -0.843296 -0.000433
vn -0.537450 -0.843296 -0.000433
vn -0.537450 -0.843296 -0.000433
vn -0.537450 -0.843296 -0.000433
vn -0.695496 -0.715652 -0.064253
vn -0.695496 -0.715652 -0.064253
vn -0.695496 -0.715652 -0.064253
vn -0.695496 -0.715652 -0.064253
vn -0.476097 -0.868340 0.138984
vn -0.476097 -0.868340 0.138984
vn -0.476097 -0.868340 0.138984
vn -0.476097 -0.868340 0.138984
vn -0.910109 0.021427 0.413815
vn -0.910109 0.021427 0.413815
vn -0.910109 0.021427 0.413815
vn -0.910109 0.021427 0.413815
vn -0.902291 -0.188475 0.387747
vn -0.902291 -0.188475 0.387747
vn -0.902291 -0.188475 0.387747
vn -0.902291 -0.188475 0.387747
vn -0.782339 0.024629 0.622365
vn -0.782339 0.024629 0.622365
vn -0.782339 0.024629 0.622365
vn -0.782339 0.024629 0.622365
vn -0.766731 -0.316757 0.558381
vn -0.766731 -0.316757 0.558381
vn -0.766731 -0.316757 0.558381
vn -0.766731 -0.316757 0.558381
vn -0.793145 -0.303297 0.528141
vn -0.793145 -0.303297 0.528141
vn -0.793145 -0.303297 0.528141
vn -0.793145 -0.303297 0.528141
vn -0.964533 -0.085199 0.249836
vn -0.964533 -0.085199 0.249836
vn -0.964533 -0.085199 0.249836
vn -0.964533 -0.085199 0.249836
vn -0.941790 -0.135466 0.307703
vn -0.941790 -0.135466 0.307703
vn -0.941790 -0.135466 0.307703
vn -0.941790 -0.135466 0.307703
vn -0.707559 -0.118041 0.696726
vn -0.707559 -0.118041 0.696726
vn -0.707559 -0.118041 0.696726
vn -0.707559 -0.118041 0.696726
vn -0.911422 -0.052681 0.408086
vn -0.911422 -0.052681 0.408086
vn -0.911422 -0.052681 0.408086
vn -0.911422 -0.052681 0.408086
vn -0.895464 -0.200451 0.397446
vn -0.895464 -0.200451 0.397446
vn -0.895464 -0.200451 0.397446
vn -0.895464 -0.200451 0.397446
vn -0.780079 -0.226240 0.583345
vn -0.780079 -0.226240 0.583345
vn -0.780079 -0.226240 0.583345
vn -0.780079 -0.226240 0.583345
vn -0.770335 -0.318533 0.552377
vn -0.770335 -0.318533 0.552377
vn -0.770335 -0.318533 0.552377
vn -0.770335 -0.318533 0.552377
vn -0.792670 -0.251812 0.555216
vn -0.792670 -0.251812 0.555216
vn -0.792670 -0.251812 0.555216
vn -0.792670 -0.251812 0.555216
vn -0.846363 -0.241335 0.474791
vn -0.846363 -0.241335 0.474791
vn -0.846363 -0.241335 0.474791
vn -0.846363 -0.241335 0.474791
vn -0.905874 -0.151800 0.395410
vn -0.905874 -0.151800 0.395410
vn -0.905874 -0.151800 0.395410
vn -0.905874 -0.151800 0.395410
vn -0.783559 -0.188440 0.592052
vn -0.783559 -0.188440 0.592052
vn -0.783559 -0.188440 0.592052
vn -0.783559 -0.188440 0.592052
vn -0.815868 -0.294447 0.497655
vn -0.815868 -0.294447 0.497655
vn -0.815868 -0.294447 0.497655
vn -0.815868 -0.294447 0.497655
vn -0.874876 -0.395300 -0.279875
vn -0.874876 -0.395300 -0.279875
vn -0.874876 -0.395300 -0.279875
vn -0.874876 -0.395300 -0.279875
vn -0.260129 0.328021 -0.908149
vn -0.260129 0.328021 -0.908149
vn -0.260129 0.328021 -0.908149
vn -0.260129 0.328021 -0.908149
vn -0.890070 -0.205315 -0.406966
vn -0.890070 -0.205315 -0.406966
vn -0.890070 -0.205315 -0.406966
vn -0.890070 -0.205315 -0.406966
vn -0.193820 0.036160 -0.980371
vn -0.193820 0.036160 -0.980371
vn -0.193820 0.036160 -0.980371
vn -0.193820 0.036160 -0.980371
vn -0.883955 -0.266041 -0.384506
vn -0.883955 -0.266041 -0.384506
vn -0.883955 -0.266041 -0.384506
vn -0.883955 -0.266041 -0.384506
vn -0.916576 -0.338262 -0.213228
vn -0.916576 -0.338262 -0.213228
vn -0.916576 -0.338262 -0.213228
vn -0.916576 -0.338262 -0.213228
vn -0.909076 -0.400254 -0.115660
vn -0.909076 -0.400254 -0.115660
vn -0.909076 -0.400254 -0.115660
vn -0.909076 -0.400254 -0.115660
vn 0.616196 0.343631 -0.708675
vn 0.616196 0.343631 -0.708675
vn 0.616196 0.343631 -0.708675
vn 0.616196 0.343631 -0.708675
vn 0.676256 0.175838 -0.715373
vn 0.676256 0.175838 -0.715373
vn 0.676256 0.175838 -0.715373
vn 0.676256 0.175838 -0.715373
vn 0.710205 0.260542 -0.654008
vn 0.710205 0.260542 -0.654008
vn 0.710205 0.260542 -0.654008
vn 0.710205 0.260542 -0.654008
vn 0.738177 0.018623 -0.674350
vn 0.738177 0.018623 -0.674350
vn 0.738177 0.018623 -0.674350
vn 0.738177 0.018623 -0.674350
vn 0.565672 0.332186 -0.754763
vn 0.565672 0.332186 -0.754763
vn 0.565672 0.332186 -0.754763
vn 0.565672 0.332186 -0.754763
vn 0.687735 0.496820 -0.529331
vn 0.687735 0.496820 -0.529331
vn 0.687735 0.496820 -0.529331
vn 0.687735 0.496820 -0.529331
vn 0.551748 0.341210 -0.761019
vn 0.551748 0.341210 -0.761019
vn 0.551748 0.341210 -0.761019
vn 0.551748 0.341210 -0.761019
vn 0.693855 0.514633 -0.503704
vn 0.693855 0.514633 -0.503704
vn 0.693855 0.514633 -0.503704
vn 0.693855 0.514633 -0.503704
vn 0.582273 0.465690 -0.666401
vn 0.582273 0.465690 -0.666401
vn 0.582273 0.465690 -0.666401
vn 0.582273 0.465690 -0.666401
vn 0.644215 -0.390460 -0.657669
vn 0.644215 -0.390460 -0.657669
vn 0.644215 -0.390460 -0.657669
vn 0.644215 -0.390460 -0.657669
vn 0.632728 -0.488195 -0.601099
vn 0.632728 -0.488195 -0.601099
vn 0.632728 -0.488195 -0.601099
vn 0.632728 -0.488195 -0.601099
vn 0.646935 -0.586330 -0.487538
vn 0.646935 -0.586330 -0.487538
vn 0.646935 -0.586330 -0.487538
vn 0.646935 -0.586330 -0.487538
vn -0.301102 0.407114 -0.862320
vn -0.301102 0.407114 -0.862320
vn -0.301102 0.407114 -0.862320
vn -0.301102 0.407114 -0.862320
vn -0.599037 -0.737587 -0.311642
vn -0.599037 -0.737587 -0.311642
vn -0.599037 -0.737587 -0.311642
vn -0.599037 -0.737587 -0.311642
vn -0.736137 -0.605993 -0.301455
vn -0.736137 -0.605993 -0.301455
vn -0.736137 -0.605993 -0.301455
vn -0.736137 -0.605993 -0.301455
vn -0.890165 -0.425488 -0.162991
vn -0.890165 -0.425488 -0.162991
vn -0.890165 -0.425488 -0.162991
vn -0.890165 -0.425488 -0.162991
vn 0.865864 0.275888 -0.417330
vn 0.865864 0.275888 -0.417330
vn 0.865864 0.275888 -0.417330
vn 0.865864 0.275888 -0.417330
vn 0.501140 -0.265418 -0.823658
vn 0.501140 -0.265418 -0.823658
vn 0.501140 -0.265418 -0.823658
vn 0.501140 -0.265418 -0.823658
vn 0.984218 -0.148124 0.096823
vn 0.984218 -0.148124 0.096823
vn 0.984218 -0.148124 0.096823
vn 0.984218 -0.148124 0.096823
vn -0.093967 0.935300 -0.341151
vn -0.093967 0.935300 -0.341151
vn -0.093967 0.935300 -0.341151
vn -0.093967 0.935300 -0.341151
vn 0.894198 0.303925 -0.328694
vn 0.894198 0.303925 -0.328694
vn 0.894198 0.303925 -0.328694
vn 0.894198 0.303925 -0.328694
vn 0.783516 0.560256 0.268729
vn 0.783516 0.560256 0.268729
vn 0.783516 0.560256 0.268729
vn 0.783516 0.560256 0.268729
vn 0.935397 -0.090190 0.341905
vn 0.935397 -0.090190 0.341905
vn 0.935397 -0.090190 0.341905
vn 0.935397 -0.090190 0.341905
vn 0.986588 -0.053838 -0.154098
vn 0.986588 -0.053838 -0.154098
vn 0.986588 -0.053838 -0.154098
vn 0.986588 -0.053838 -0.154098
vn 0.994171 0.053550 -0.093575
vn 0.994171 0.053550 -0.093575
vn 0.994171 0.053550 -0.093575
vn 0.994171 0.053550 -0.093575
vn 0.816480 0.432342 -0.382676
vn 0.816480 0.432342 -0.382676
vn 0.816480 0.432342 -0.382676
vn 0.816480 0.432342 -0.382676
vn 0.918880 0.180934 -0.350603
vn 0.918880 0.180934 -0.350603
vn 0.918880 0.180934 -0.350603
vn 0.918880 0.180934 -0.350603
vn 0.495340 0.732486 -0.467015
vn 0.495340 0.732486 -0.467015
vn 0.495340 0.732486 -0.467015
vn 0.495340 0.732486 -0.467015
vn 0.899513 0.214784 -0.380452
vn 0.899513 0.214784 -0.380452
vn 0.899513 0.214784 -0.380452
vn 0.899513 0.214784 -0.380452
vn 0.960723 -0.277468 -0.004829
vn 0.960723 -0.277468 -0.004829
vn 0.960723 -0.277468 -0.004829
vn 0.960723 -0.277468 -0.004829
vn -0.396589 0.847616 -0.352512
vn -0.396589 0.847616 -0.352512
vn -0.396589 0.847616 -0.352512
vn -0.396589 0.847616 -0.352512
vn 0.487175 -0.749471 -0.448278
vn 0.487175 -0.749471 -0.448278
vn 0.487175 -0.749471 -0.448278
vn 0.487175 -0.749471 -0.448278
vn 0.485842 -0.321164 -0.812903
vn 0.485842 -0.321164 -0.812903
vn 0.485842 -0.321164 -0.812903
vn 0.485842 -0.321164 -0.812903
vn 0.963865 0.248872 -0.095005
vn 0.963865 0.248872 -0.095005
vn 0.963865 0.248872 -0.095005
vn 0.963865 0.248872 -0.095005
vn 0.962748 0.259920 -0.074556
vn 0.962748 0.259920 -0.074556
vn 0.962748 0.259920 -0.074556
vn 0.962748 0.259920 -0.074556
vn 0.959173 0.195339 -0.204523
vn 0.959173 0.195339 -0.204523
vn 0.959173 0.195339 -0.204523
vn 0.959173 0.195339 -0.204523
vn 0.910215 0.400425 -0.105678
vn 0.910215 0.400425 -0.105678
vn 0.910215 0.400425 -0.105678
vn 0.910215 0.400425 -0.105678
vn 0.944130 0.309321 -0.113746
vn 0.944130 0.309321 -0.113746
vn 0.944130 0.309321 -0.113746
vn 0.944130 0.309321 -0.113746
vn 0.965939 0.244637 -0.084344
vn 0.965939 0.244637 -0.084344
vn 0.965939 0.244637 -0.084344
vn 0.965939 0.244637 -0.084344
vn 0.951943 0.252091 -0.173936
vn 0.951943 0.252091 -0.173936
vn 0.951943 0.252091 -0.173936
vn 0.951943 0.252091 -0.173936
vn 0.890635 0.310312 -0.332379
vn 0.890635 0.310312 -0.332379
vn 0.890635 0.310312 -0.332379
vn 0.890635 0.310312 -0.332379
vn 0.944169 0.233517 -0.232411
vn 0.944169 0.233517 -0.232411
vn 0.944169 0.233517 -0.232411
vn 0.944169 0.233517 -0.232411
vn 0.953372 0.238961 -0.184335
vn 0.953372 0.238961 -0.184335
vn 0.953372 0.238961 -0.184335
vn 0.953372 0.238961 -0.184335
vn 0.887061 0.314338 -0.338104
vn 0.887061 0.314338 -0.338104
vn 0.887061 0.314338 -0.338104
vn 0.887061 0.314338 -0.338104
vn 0.956661 0.248673 -0.151530
vn 0.956661 0.248673 -0.151530
vn 0.956661 0.248673 -0.151530
vn 0.956661 0.248673 -0.151530
vn 0.896781 0.333444 -0.290858
vn 0.896781 0.333444 -0.290858
vn 0.896781 0.333444 -0.290858
vn 0.896781 0.333444 -0.290858
vn 0.893963 0.319831 -0.313908
vn 0.893963 0.319831 -0.313908
vn 0.893963 0.319831 -0.313908
vn 0.893963 0.319831 -0.313908
vn 0.928340 0.276963 -0.247945
vn 0.928340 0.276963 -0.247945
vn 0.928340 0.276963 -0.247945
vn 0.928340 0.276963 -0.247945
vn 0.900528 0.248988 -0.356446
vn 0.900528 0.248988 -0.356446
vn 0.900528 0.248988 -0.356446
vn 0.900528 0.248988 -0.356446
vn 0.910980 0.074638 -0.405642
vn 0.910980 0.074638 -0.405642
vn 0.910980 0.074638 -0.405642
vn 0.910980 0.074638 -0.405642
vn 0.941645 0.281471 -0.184605
vn 0.941645 0.281471 -0.184605
vn 0.941645 0.281471 -0.184605
vn 0.941645 0.281471 -0.184605
vn 0.945464 0.259820 -0.196447
vn 0.945464 0.259820 -0.196447
vn 0.945464 0.259820 -0.196447
vn 0.945464 0.259820 -0.196447
vn 0.948681 0.284367 -0.138344
vn 0.948681 0.284367 -0.138344
vn 0.948681 0.284367 -0.138344
vn 0.948681 0.284367 -0.138344
vn 0.942291 0.294880 -0.158534
vn 0.942291 0.294880 -0.158534
vn 0.942291 0.294880 -0.158534
vn 0.942291 0.294880 -0.158534
vn 0.949485 0.265177 -0.167809
vn 0.949485 0.265177 -0.167809
vn 0.949485 0.265177 -0.167809
vn 0.949485 0.265177 -0.167809
vn 0.944927 0.303308 -0.122952
vn 0.944927 0.303308 -0.122952
vn 0.944927 0.303308 -0.122952
vn 0.944927 0.303308 -0.122952
vn 0.945646 0.306106 -0.109787
vn 0.945646 0.306106 -0.109787
vn 0.945646 0.306106 -0.109787
vn 0.945646 0.306106 -0.109787
vn 0.960078 0.254483 -0.116136
vn 0.960078 0.254483 -0.116136
vn 0.960078 0.254483 -0.116136
vn 0.960078 0.254483 -0.116136
vn 0.937569 0.322589 -0.130005
vn 0.937569 0.322589 -0.130005
vn 0.937569 0.322589 -0.130005
vn 0.937569 0.322589 -0.130005
vn 0.941184 0.313533 -0.125976
vn 0.941184 0.313533 -0.125976
vn 0.941184 0.313533 -0.125976
vn 0.941184 0.313533 -0.125976
vn 0.955612 0.260819 -0.137036
vn 0.955612 0.260819 -0.137036
vn 0.955612 0.260819 -0.137036
vn 0.955612 0.260819 -0.137036
vn 0.954328 0.253757 -0.157687
vn 0.954328 0.253757 -0.157687
vn 0.954328 0.253757 -0.157687
vn 0.954328 0.253757 -0.157687
vn 0.910227 0.312320 -0.271926
vn 0.910227 0.312320 -0.271926
vn 0.910227 0.312320 -0.271926
vn 0.910227 0.312320 -0.271926
vn 0.895400 0.305024 -0.324376
vn 0.895400 0.305024 -0.324376
vn 0.895400 0.305024 -0.324376
vn 0.895400 0.305024 -0.324376
vn 0.977789 0.170384 -0.122057
vn 0.977789 0.170384 -0.122057
vn 0.977789 0.170384 -0.122057
vn 0.977789 0.170384 -0.122057
vn 0.868894 0.461908 -0.177945
vn 0.868894 0.461908 -0.177945
vn 0.868894 0.461908 -0.177945
vn 0.868894 0.461908 -0.177945
vn 0.892502 0.448336 0.049338
vn 0.892502 0.448336 0.049338
vn 0.892502 0.448336 0.049338
vn 0.892502 0.448336 0.049338
vn 0.904684 0.416881 -0.088076
vn 0.904684 0.416881 -0.088076
vn 0.904684 0.416881 -0.088076
vn 0.904684 0.416881 -0.088076
vn 0.611056 0.714352 -0.341046
vn 0.611056 0.714352 -0.341046
vn 0.611056 0.714352 -0.341046
vn 0.611056 0.714352 -0.341046
vn 0.839018 0.374774 -0.394454
vn 0.839018 0.374774 -0.394454
vn 0.839018 0.374774 -0.394454
vn 0.839018 0.374774 -0.394454
vn 0.882646 -0.432664 0.183679
vn 0.882646 -0.432664 0.183679
vn 0.882646 -0.432664 0.183679
vn 0.882646 -0.432664 0.183679
vn 0.344413 0.935238 -0.081912
vn 0.344413 0.935238 -0.081912
vn 0.344413 0.935238 -0.081912
vn 0.344413 0.935238 -0.081912
vn 0.605052 0.793677 0.063158
vn 0.605052 0.793677 0.063158
vn 0.605052 0.793677 0.063158
vn 0.605052 0.793677 0.063158
vn 0.818746 0.467782 -0.332918
vn 0.818746 0.467782 -0.332918
vn 0.818746 0.467782 -0.332918
vn 0.818746 0.467782 -0.332918
vn 0.885205 0.349163 0.307406
vn 0.885205 0.349163 0.307406
vn 0.885205 0.349163 0.307406
vn 0.885205 0.349163 0.307406
vn 0.856969 -0.405204 0.318456
vn 0.856969 -0.405204 0.318456
vn 0.856969 -0.405204 0.318456
vn 0.856969 -0.405204 0.318456
vn 0.912004 0.281337 -0.298492
vn 0.912004 0.281337 -0.298492
vn 0.912004 0.281337 -0.298492
vn 0.912004 0.281337 -0.298492
vn 0.921310 0.278468 -0.271372
vn 0.921310 0.278468 -0.271372
vn 0.921310 0.278468 -0.271372
vn 0.921310 0.278468 -0.271372
vn 0.227865 0.897905 -0.376622
vn 0.227865 0.897905 -0.376622
vn 0.227865 0.897905 -0.376622
vn 0.227865 0.897905 -0.376622
vn 0.825316 0.444670 -0.348026
vn 0.825316 0.444670 -0.348026
vn 0.825316 0.444670 -0.348026
vn 0.825316 0.444670 -0.348026
vn 0.847531 -0.529176 0.040790
vn 0.847531 -0.529176 0.040790
vn 0.847531 -0.529176 0.040790
vn 0.847531 -0.529176 0.040790
vn 0.902606 0.289636 -0.318456
vn 0.902606 0.289636 -0.318456
vn 0.902606 0.289636 -0.318456
vn 0.902606 0.289636 -0.318456
vn 0.960070 -0.229982 -0.159291
vn 0.960070 -0.229982 -0.159291
vn 0.960070 -0.229982 -0.159291
vn 0.960070 -0.229982 -0.159291
vn -0.626240 0.774159 -0.092204
vn -0.626240 0.774159 -0.092204
vn -0.626240 0.774159 -0.092204
vn -0.626240 0.774159 -0.092204
vn 0.622254 -0.749856 0.224757
vn 0.622254 -0.749856 0.224757
vn 0.622254 -0.749856 0.224757
vn 0.622254 -0.749856 0.224757
vn 0.759240 0.528172 -0.380248
vn 0.759240 0.528172 -0.380248
vn 0.759240 0.528172 -0.380248
vn 0.759240 0.528172 -0.380248
vn 0.851291 0.102572 -0.514570
vn 0.851291 0.102572 -0.514570
vn 0.851291 0.102572 -0.514570
vn 0.851291 0.102572 -0.514570
vn 0.203535 -0.232495 -0.951062
vn 0.203535 -0.232495 -0.951062
vn 0.203535 -0.232495 -0.951062
vn 0.203535 -0.232495 -0.951062
vn 0.023745 0.855258 -0.517659
vn 0.023745 0.855258 -0.517659
vn 0.023745 0.855258 -0.517659
vn 0.023745 0.855258 -0.517659
vn 0.901684 -0.426671 -0.070124
vn 0.901684 -0.426671 -0.070124
vn 0.901684 -0.426671 -0.070124
vn 0.901684 -0.426671 -0.070124
vn 0.837465 -0.435855 -0.329672
vn 0.837465 -0.435855 -0.329672
vn 0.837465 -0.435855 -0.329672
vn 0.837465 -0.435855 -0.329672
vn 0.713702 0.177391 -0.677615
vn 0.713702 0.177391 -0.677615
vn 0.713702 0.177391 -0.677615
vn 0.713702 0.177391 -0.677615
vn 0.852028 0.282771 -0.440556
vn 0.852028 0.282771 -0.440556
vn 0.852028 0.282771 -0.440556
vn 0.852028 0.282771 -0.440556
vn 0.904745 0.308451 -0.293761
vn 0.904745 0.308451 -0.293761
vn 0.904745 0.308451 -0.293761
vn 0.904745 0.308451 -0.293761
vn 0.885977 0.462960 0.026709
vn 0.885977 0.462960 0.026709
vn 0.885977 0.462960 0.026709
vn 0.885977 0.462960 0.026709
vn -0.239154 0.891952 -0.383701
vn -0.239154 0.891952 -0.383701
vn -0.239154 0.891952 -0.383701
vn -0.239154 0.891952 -0.383701
vn -0.693426 -0.210842 -0.688989
vn -0.693426 -0.210842 -0.688989
vn -0.693426 -0.210842 -0.688989
vn -0.693426 -0.210842 -0.688989
vn 0.744716 -0.655758 0.124016
vn 0.744716 -0.655758 0.124016
vn 0.744716 -0.655758 0.124016
vn 0.744716 -0.655758 0.124016
vn 0.478162 0.121226 -0.869865
vn 0.478162 0.121226 -0.869865
vn 0.478162 0.121226 -0.869865
vn 0.478162 0.121226 -0.869865
vn 0.842448 0.376627 -0.385271
vn 0.842448 0.376627 -0.385271
vn 0.842448 0.376627 -0.385271
vn 0.842448 0.376627 -0.385271
vn 0.938465 0.331316 -0.097535
vn 0.938465 0.331316 -0.097535
vn 0.938465 0.331316 -0.097535
vn 0.938465 0.331316 -0.097535
vn 0.825563 0.126100 -0.550041
vn 0.825563 0.126100 -0.550041
vn 0.825563 0.126100 -0.550041
vn 0.825563 0.126100 -0.550041
vn 0.822454 0.457706 -0.337750
vn 0.822454 0.457706 -0.337750
vn 0.822454 0.457706 -0.337750
vn 0.822454 0.457706 -0.337750
vn 0.842376 0.268752 -0.467093
vn 0.842376 0.268752 -0.467093
vn 0.842376 0.268752 -0.467093
vn 0.842376 0.268752 -0.467093
vn 0.937365 0.323252 -0.129827
vn 0.937365 0.323252 -0.129827
vn 0.937365 0.323252 -0.129827
vn 0.937365 0.323252 -0.129827
vn 0.876039 0.314659 -0.365440
vn 0.876039 0.314659 -0.365440
vn 0.876039 0.314659 -0.365440
vn 0.876039 0.314659 -0.365440
vn 0.847255 0.280057 -0.451361
vn 0.847255 0.280057 -0.451361
vn 0.847255 0.280057 -0.451361
vn 0.847255 0.280057 -0.451361
vn 0.763848 0.617190 -0.188714
vn 0.763848 0.617190 -0.188714
vn 0.763848 0.617190 -0.188714
vn 0.763848 0.617190 -0.188714
vn 0.917091 0.312067 -0.248108
vn 0.917091 0.312067 -0.248108
vn 0.917091 0.312067 -0.248108
vn 0.917091 0.312067 -0.248108
vn 0.766267 0.628155 0.135117
vn 0.766267 0.628155 0.135117
vn 0.766267 0.628155 0.135117
vn 0.766267 0.628155 0.135117
vn 0.956882 0.257679 -0.134081
vn 0.956882 0.257679 -0.134081
vn 0.956882 0.257679 -0.134081
vn 0.956882 0.257679 -0.134081
vn 0.935414 0.341673 -0.090890
vn 0.935414 0.341673 -0.090890
vn 0.935414 0.341673 -0.090890
vn 0.935414 0.341673 -0.090890
vn 0.597133 0.263360 -0.757677
vn 0.597133 0.263360 -0.757677
vn 0.597133 0.263360 -0.757677
vn 0.597133 0.263360 -0.757677
vn -0.181139 0.952412 0.245154
vn -0.181139 0.952412 0.245154
vn -0.181139 0.952412 0.245154
vn -0.181139 0.952412 0.245154
vn 0.767764 0.634604 -0.088414
vn 0.767764 0.634604 -0.088414
vn 0.767764 0.634604 -0.088414
vn 0.767764 0.634604 -0.088414
vn 0.966621 0.237350 -0.096486
vn 0.966621 0.237350 -0.096486
vn 0.966621 0.237350 -0.096486
vn 0.966621 0.237350 -0.096486
vn 0.957189 0.265103 -0.116231
vn 0.957189 0.265103 -0.116231
vn 0.957189 0.265103 -0.116231
vn 0.957189 0.265103 -0.116231
vn 0.969871 0.242472 0.023605
vn 0.969871 0.242472 0.023605
vn 0.969871 0.242472 0.023605
vn 0.969871 0.242472 0.023605
vn 0.953066 0.218550 -0.209529
vn 0.953066 0.218550 -0.209529
vn 0.953066 0.218550 -0.209529
vn 0.953066 0.218550 -0.209529
vn 0.918774 0.363965 -0.152922
vn 0.918774 0.363965 -0.152922
vn 0.918774 0.363965 -0.152922
vn 0.918774 0.363965 -0.152922
vn 0.915769 0.376350 -0.140452
vn 0.915769 0.376350 -0.140452
vn 0.915769 0.376350 -0.140452
vn 0.915769 0.376350 -0.140452
vn 0.904750 0.338129 -0.259030
vn 0.904750 0.338129 -0.259030
vn 0.904750 0.338129 -0.259030
vn 0.904750 0.338129 -0.259030
vn 0.914816 0.232895 -0.329957
vn 0.914816 0.232895 -0.329957
vn 0.914816 0.232895 -0.329957
vn 0.914816 0.232895 -0.329957
vn 0.898512 0.276700 -0.340753
vn 0.898512 0.276700 -0.340753
vn 0.898512 0.276700 -0.340753
vn 0.898512 0.276700 -0.340753
vn 0.937482 0.267970 -0.222082
vn 0.937482 0.267970 -0.222082
vn 0.937482 0.267970 -0.222082
vn 0.937482 0.267970 -0.222082
vn 0.927282 0.305532 -0.216328
vn 0.927282 0.305532 -0.216328
vn 0.927282 0.305532 -0.216328
vn 0.927282 0.305532 -0.216328
vn 0.912842 0.157662 -0.376645
vn 0.912842 0.157662 -0.376645
vn 0.912842 0.157662 -0.376645
vn 0.912842 0.157662 -0.376645
vn 0.209007 -0.933273 0.292091
vn 0.209007 -0.933273 0.292091
vn 0.209007 -0.933273 0.292091
vn 0.209007 -0.933273 0.292091
vn -0.659153 -0.748721 0.070244
vn -0.659153 -0.748721 0.070244
vn -0.659153 -0.748721 0.070244
vn -0.659153 -0.748721 0.070244
vn 0.097083 -0.937306 0.334713
vn 0.097083 -0.937306 0.334713
vn 0.097083 -0.937306 0.334713
vn 0.097083 -0.937306 0.334713
vn -0.313839 -0.869481 0.381456
vn -0.313839 -0.869481 0.381456
vn -0.313839 -0.869481 0.381456
vn -0.313839 -0.869481 0.381456
vn -0.455318 -0.853881 0.252137
vn -0.455318 -0.853881 0.252137
vn -0.455318 -0.853881 0.252137
vn -0.455318 -0.853881 0.252137
vn -0.601668 -0.786849 0.137347
vn -0.601668 -0.786849 0.137347
vn -0.601668 -0.786849 0.137347
vn -0.601668 -0.786849 0.137347
vn -0.694169 -0.719133 0.031258
vn -0.694169 -0.719133 0.031258
vn -0.694169 -0.719133 0.031258
vn -0.694169 -0.719133 0.031258
vn -0.752907 -0.656968 -0.039054
vn -0.752907 -0.656968 -0.039054
vn -0.752907 -0.656968 -0.039054
vn -0.752907 -0.656968 -0.039054
vn -0.759361 -0.645309 -0.083346
vn -0.759361 -0.645309 -0.083346
vn -0.759361 -0.645309 -0.083346
vn -0.759361 -0.645309 -0.083346
vn -0.761730 -0.636825 -0.119254
vn -0.761730 -0.636825 -0.119254
vn -0.761730 -0.636825 -0.119254
vn -0.761730 -0.636825 -0.119254
vn -0.755099 -0.640768 -0.138718
vn -0.755099 -0.640768 -0.138718
vn -0.755099 -0.640768 -0.138718
vn -0.755099 -0.640768 -0.138718
vn -0.740416 -0.657499 -0.139564
vn -0.740416 -0.657499 -0.139564
vn -0.740416 -0.657499 -0.139564
vn -0.740416 -0.657499 -0.139564
vn -0.710907 -0.691989 -0.125550
vn -0.710907 -0.691989 -0.125550
vn -0.710907 -0.691989 -0.125550
vn -0.710907 -0.691989 -0.125550
vn -0.686155 -0.722245 -0.086909
vn -0.686155 -0.722245 -0.086909
vn -0.686155 -0.722245 -0.086909
vn -0.686155 -0.722245 -0.086909
vn -0.643639 -0.761428 -0.077175
vn -0.643639 -0.761428 -0.077175
vn -0.643639 -0.761428 -0.077175
vn -0.643639 -0.761428 -0.077175
vn -0.549104 -0.826470 -0.124229
vn -0.549104 -0.826470 -0.124229
vn -0.549104 -0.826470 -0.124229
vn -0.549104 -0.826470 -0.124229
vn -0.546015 -0.814261 -0.197094
vn -0.546015 -0.814261 -0.197094
vn -0.546015 -0.814261 -0.197094
vn -0.546015 -0.814261 -0.197094
vn -0.614916 -0.781652 -0.104393
vn -0.614916 -0.781652 -0.104393
vn -0.614916 -0.781652 -0.104393
vn -0.614916 -0.781652 -0.104393
vn -0.096802 -0.859807 0.501360
vn -0.096802 -0.859807 0.501360
vn -0.096802 -0.859807 0.501360
vn -0.096802 -0.859807 0.501360
vn 0.545655 0.696316 0.466267
vn 0.545655 0.696316 0.466267
vn 0.545655 0.696316 0.466267
vn 0.545655 0.696316 0.466267
vn 0.542405 0.712532 0.445078
vn 0.542405 0.712532 0.445078
vn 0.542405 0.712532 0.445078
vn 0.542405 0.712532 0.445078
vn 0.665882 0.705671 0.242137
vn 0.665882 0.705671 0.242137
vn 0.665882 0.705671 0.242137
vn 0.665882 0.705671 0.242137
vn 0.664661 0.724003 0.184514
vn 0.664661 0.724003 0.184514
vn 0.664661 0.724003 0.184514
vn 0.664661 0.724003 0.184514
vn 0.675651 0.720396 0.156606
vn 0.675651 0.720396 0.156606
vn 0.675651 0.720396 0.156606
vn 0.675651 0.720396 0.156606
vn 0.674314 0.725481 0.137760
vn 0.674314 0.725481 0.137760
vn 0.674314 0.725481 0.137760
vn 0.674314 0.725481 0.137760
vn 0.676772 0.721428 0.146704
vn 0.676772 0.721428 0.146704
vn 0.676772 0.721428 0.146704
vn 0.676772 0.721428 0.146704
vn 0.668797 0.729104 0.145319
vn 0.668797 0.729104 0.145319
vn 0.668797 0.729104 0.145319
vn 0.668797 0.729104 0.145319
vn 0.651715 0.746698 0.133078
vn 0.651715 0.746698 0.133078
vn 0.651715 0.746698 0.133078
vn 0.651715 0.746698 0.133078
vn 0.664970 0.740580 0.096731
vn 0.664970 0.740580 0.096731
vn 0.664970 0.740580 0.096731
vn 0.664970 0.740580 0.096731
vn 0.704331 0.709574 -0.020548
vn 0.704331 0.709574 -0.020548
vn 0.704331 0.709574 -0.020548
vn 0.704331 0.709574 -0.020548
vn 0.360354 0.927747 -0.097114
vn 0.360354 0.927747 -0.097114
vn 0.360354 0.927747 -0.097114
vn 0.360354 0.927747 -0.097114
vn 0.423242 0.901282 0.092501
vn 0.423242 0.901282 0.092501
vn 0.423242 0.901282 0.092501
vn 0.423242 0.901282 0.092501
vn 0.109331 -0.880645 0.460990
vn 0.109331 -0.880645 0.460990
vn 0.109331 -0.880645 0.460990
vn 0.109331 -0.880645 0.460990
vn -0.075802 -0.952682 0.294366
vn -0.075802 -0.952682 0.294366
vn -0.075802 -0.952682 0.294366
vn -0.075802 -0.952682 0.294366
vn 0.170927 -0.903999 0.391880
vn 0.170927 -0.903999 0.391880
vn 0.170927 -0.903999 0.391880
vn 0.170927 -0.903999 0.391880
vn 0.217290 -0.951543 0.217601
vn 0.217290 -0.951543 0.217601
vn 0.217290 -0.951543 0.217601
vn 0.217290 -0.951543 0.217601
vn 0.186526 -0.512437 -0.838222
vn 0.186526 -0.512437 -0.838222
vn 0.186526 -0.512437 -0.838222
vn 0.186526 -0.512437 -0.838222
vn 0.359658 0.887133 0.289207
vn 0.359658 0.887133 0.289207
vn 0.359658 0.887133 0.289207
vn 0.359658 0.887133 0.289207
vn 0.291058 0.933548 0.209220
vn 0.291058 0.933548 0.209220
vn 0.291058 0.933548 0.209220
vn 0.291058 0.933548 0.209220
vn 0.418929 0.840991 0.342394
vn 0.418929 0.840991 0.342394
vn 0.418929 0.840991 0.342394
vn 0.418929 0.840991 0.342394
vn 0.478383 0.786523 0.390553
vn 0.478383 0.786523 0.390553
vn 0.478383 0.786523 0.390553
vn 0.478383 0.786523 0.390553
vn 0.577957 0.672611 0.462126
vn 0.577957 0.672611 0.462126
vn 0.577957 0.672611 0.462126
vn 0.577957 0.672611 0.462126
vn 0.591479 0.701054 0.398342
vn 0.591479 0.701054 0.398342
vn 0.591479 0.701054 0.398342
vn 0.591479 0.701054 0.398342
vn 0.577495 0.731471 0.362560
vn 0.577495 0.731471 0.362560
vn 0.577495 0.731471 0.362560
vn 0.577495 0.731471 0.362560
vn 0.573353 0.749538 0.330847
vn 0.573353 0.749538 0.330847
vn 0.573353 0.749538 0.330847
vn 0.573353 0.749538 0.330847
vn 0.574961 0.765542 0.288731
vn 0.574961 0.765542 0.288731
vn 0.574961 0.765542 0.288731
vn 0.574961 0.765542 0.288731
vn 0.572484 0.777668 0.259799
vn 0.572484 0.777668 0.259799
vn 0.572484 0.777668 0.259799
vn 0.572484 0.777668 0.259799
vn 0.580788 0.786730 0.209143
vn 0.580788 0.786730 0.209143
vn 0.580788 0.786730 0.209143
vn 0.580788 0.786730 0.209143
vn 0.591191 0.789783 0.163511
vn 0.591191 0.789783 0.163511
vn 0.591191 0.789783 0.163511
vn 0.591191 0.789783 0.163511
vn 0.591722 0.796904 0.121695
vn 0.591722 0.796904 0.121695
vn 0.591722 0.796904 0.121695
vn 0.591722 0.796904 0.121695
vn 0.589880 0.804766 0.066276
vn 0.589880 0.804766 0.066276
vn 0.589880 0.804766 0.066276
vn 0.589880 0.804766 0.066276
vn 0.588598 0.807015 0.047743
vn 0.588598 0.807015 0.047743
vn 0.588598 0.807015 0.047743
vn 0.588598 0.807015 0.047743
vn 0.582944 0.811325 0.043916
vn 0.582944 0.811325 0.043916
vn 0.582944 0.811325 0.043916
vn 0.582944 0.811325 0.043916
vn 0.559033 0.826545 0.065614
vn 0.559033 0.826545 0.065614
vn 0.559033 0.826545 0.065614
vn 0.559033 0.826545 0.065614
vn 0.540079 0.841567 0.008898
vn 0.540079 0.841567 0.008898
vn 0.540079 0.841567 0.008898
vn 0.540079 0.841567 0.008898
vn 0.598683 0.786828 -0.149937
vn 0.598683 0.786828 -0.149937
vn 0.598683 0.786828 -0.149937
vn 0.598683 0.786828 -0.149937
vn 0.699392 0.383595 -0.603080
vn 0.699392 0.383595 -0.603080
vn 0.699392 0.383595 -0.603080
vn 0.699392 0.383595 -0.603080
vn 0.473201 0.473685 -0.742768
vn 0.473201 0.473685 -0.742768
vn 0.473201 0.473685 -0.742768
vn 0.473201 0.473685 -0.742768
vn 0.315126 0.677979 -0.664108
vn 0.315126 0.677979 -0.664108
vn 0.315126 0.677979 -0.664108
vn 0.315126 0.677979 -0.664108
vn 0.678925 0.381208 -0.627489
vn 0.678925 0.381208 -0.627489
vn 0.678925 0.381208 -0.627489
vn 0.678925 0.381208 -0.627489
vn 0.780463 0.314534 -0.540321
vn 0.780463 0.314534 -0.540321
vn 0.780463 0.314534 -0.540321
vn 0.780463 0.314534 -0.540321
vn -0.066869 -0.064689 -0.995663
vn -0.066869 -0.064689 -0.995663
vn -0.066869 -0.064689 -0.995663
vn -0.066869 -0.064689 -0.995663
vn 0.884041 0.322420 -0.338405
vn 0.884041 0.322420 -0.338405
vn 0.884041 0.322420 -0.338405
vn 0.884041 0.322420 -0.338405
vn 0.116450 -0.150363 -0.981749
vn 0.116450 -0.150363 -0.981749
vn 0.116450 -0.150363 -0.981749
vn 0.116450 -0.150363 -0.981749
vn 0.322245 -0.287910 -0.901813
vn 0.322245 -0.287910 -0.901813
vn 0.322245 -0.287910 -0.901813
vn 0.322245 -0.287910 -0.901813
vn 0.470010 -0.291067 -0.833289
vn 0.470010 -0.291067 -0.833289
vn 0.470010 -0.291067 -0.833289
vn 0.470010 -0.291067 -0.833289
vn 0.851820 0.147593 -0.502612
vn 0.851820 0.147593 -0.502612
vn 0.851820 0.147593 -0.502612
vn 0.851820 0.147593 -0.502612
vn 0.917580 0.256005 -0.304152
vn 0.917580 0.256005 -0.304152
vn 0.917580 0.256005 -0.304152
vn 0.917580 0.256005 -0.304152
vn 0.874972 0.165886 -0.454870
vn 0.874972 0.165886 -0.454870
vn 0.874972 0.165886 -0.454870
vn 0.874972 0.165886 -0.454870
vn 0.936320 0.267353 -0.227655
vn 0.936320 0.267353 -0.227655
vn 0.936320 0.267353 -0.227655
vn 0.936320 0.267353 -0.227655
vn 0.898141 0.255882 -0.357586
vn 0.898141 0.255882 -0.357586
vn 0.898141 0.255882 -0.357586
vn 0.898141 0.255882 -0.357586
vn 0.807879 0.284258 -0.516265
vn 0.807879 0.284258 -0.516265
vn 0.807879 0.284258 -0.516265
vn 0.807879 0.284258 -0.516265
vn 0.851718 0.223974 -0.473722
vn 0.851718 0.223974 -0.473722
vn 0.851718 0.223974 -0.473722
vn 0.851718 0.223974 -0.473722
vn 0.895444 0.295205 -0.333218
vn 0.895444 0.295205 -0.333218
vn 0.895444 0.295205 -0.333218
vn 0.895444 0.295205 -0.333218
vn 0.930423 0.243207 -0.274161
vn 0.930423 0.243207 -0.274161
vn 0.930423 0.243207 -0.274161
vn 0.930423 0.243207 -0.274161
vn 0.943684 0.205486 -0.259298
vn 0.943684 0.205486 -0.259298
vn 0.943684 0.205486 -0.259298
vn 0.943684 0.205486 -0.259298
vn 0.895967 0.273445 -0.349958
vn 0.895967 0.273445 -0.349958
vn 0.895967 0.273445 -0.349958
vn 0.895967 0.273445 -0.349958
vn 0.844035 0.337346 -0.416896
vn 0.844035 0.337346 -0.416896
vn 0.844035 0.337346 -0.416896
vn 0.844035 0.337346 -0.416896
vn 0.865236 0.364415 -0.344339
vn 0.865236 0.364415 -0.344339
vn 0.865236 0.364415 -0.344339
vn 0.865236 0.364415 -0.344339
vn 0.923526 0.247298 -0.293162
vn 0.923526 0.247298 -0.293162
vn 0.923526 0.247298 -0.293162
vn 0.923526 0.247298 -0.293162
vn 0.895432 0.316654 -0.312942
vn 0.895432 0.316654 -0.312942
vn 0.895432 0.316654 -0.312942
vn 0.895432 0.316654 -0.312942
vn 0.893335 0.356036 -0.274209
vn 0.893335 0.356036 -0.274209
vn 0.893335 0.356036 -0.274209
vn 0.893335 0.356036 -0.274209
vn 0.882582 0.362379 -0.299551
vn 0.882582 0.362379 -0.299551
vn 0.882582 0.362379 -0.299551
vn 0.882582 0.362379 -0.299551
vn 0.907289 0.300244 -0.294415
vn 0.907289 0.300244 -0.294415
vn 0.907289 0.300244 -0.294415
vn 0.907289 0.300244 -0.294415
vn 0.912478 0.317724 -0.257752
vn 0.912478 0.317724 -0.257752
vn 0.912478 0.317724 -0.257752
vn 0.912478 0.317724 -0.257752
vn 0.893653 0.349128 -0.281947
vn 0.893653 0.349128 -0.281947
vn 0.893653 0.349128 -0.281947
vn 0.893653 0.349128 -0.281947
vn 0.881936 0.328745 -0.337809
vn 0.881936 0.328745 -0.337809
vn 0.881936 0.328745 -0.337809
vn 0.881936 0.328745 -0.337809
vn 0.618711 -0.278190 -0.734716
vn 0.618711 -0.278190 -0.734716
vn 0.618711 -0.278190 -0.734716
vn 0.618711 -0.278190 -0.734716
vn -0.050662 0.237043 0.970177
vn -0.050662 0.237043 0.970177
vn -0.050662 0.237043 0.970177
vn -0.050662 0.237043 0.970177
vn -0.545632 0.689615 0.476147
vn -0.545632 0.689615 0.476147
vn -0.545632 0.689615 0.476147
vn -0.545632 0.689615 0.476147
vn 0.004173 -0.985106 -0.171900
vn 0.004173 -0.985106 -0.171900
vn 0.004173 -0.985106 -0.171900
vn 0.004173 -0.985106 -0.171900
vn -0.945345 -0.038946 0.323737
vn -0.945345 -0.038946 0.323737
vn -0.945345 -0.038946 0.323737
vn -0.945345 -0.038946 0.323737
vn -0.956884 0.015069 0.290080
vn -0.956884 0.015069 0.290080
vn -0.956884 0.015069 0.290080
vn -0.956884 0.015069 0.290080
vn -0.943767 0.086095 0.319204
vn -0.943767 0.086095 0.319204
vn -0.943767 0.086095 0.319204
vn -0.943767 0.086095 0.319204
vn -0.901292 0.142327 0.409165
vn -0.901292 0.142327 0.409165
vn -0.901292 0.142327 0.409165
vn -0.901292 0.142327 0.409165
vn -0.821728 0.204815 0.531802
vn -0.821728 0.204815 0.531802
vn -0.821728 0.204815 0.531802
vn -0.821728 0.204815 0.531802
vn -0.709625 0.250411 0.658580
vn -0.709625 0.250411 0.658580
vn -0.709625 0.250411 0.658580
vn -0.709625 0.250411 0.658580
vn -0.716875 0.316385 0.621282
vn -0.716875 0.316385 0.621282
vn -0.716875 0.316385 0.621282
vn -0.716875 0.316385 0.621282
vn -0.688798 0.102274 0.717703
vn -0.688798 0.102274 0.717703
vn -0.688798 0.102274 0.717703
vn -0.688798 0.102274 0.717703
vn -0.500439 -0.165328 0.849840
vn -0.500439 -0.165328 0.849840
vn -0.500439 -0.165328 0.849840
vn -0.500439 -0.165328 0.849840
vn -0.964144 -0.127997 0.232472
vn -0.964144 -0.127997 0.232472
vn -0.964144 -0.127997 0.232472
vn -0.964144 -0.127997 0.232472
vn -0.911835 -0.135302 0.387622
vn -0.911835 -0.135302 0.387622
vn -0.911835 -0.135302 0.387622
vn -0.911835 -0.135302 0.387622
vn -0.965134 0.251221 0.073510
vn -0.965134 0.251221 0.073510
vn -0.965134 0.251221 0.073510
vn -0.965134 0.251221 0.073510
vn -0.949649 -0.015033 0.312955
vn -0.949649 -0.015033 0.312955
vn -0.949649 -0.015033 0.312955
vn -0.949649 -0.015033 0.312955
vn 0.265676 -0.961467 0.070698
vn 0.265676 -0.961467 0.070698
vn 0.265676 -0.961467 0.070698
vn 0.265676 -0.961467 0.070698
vn -0.608254 -0.191659 0.770256
vn -0.608254 -0.191659 0.770256
vn -0.608254 -0.191659 0.770256
vn -0.608254 -0.191659 0.770256
vn 0.234262 -0.971809 0.026629
vn 0.234262 -0.971809 0.026629
vn 0.234262 -0.971809 0.026629
vn 0.234262 -0.971809 0.026629
vn -0.920825 -0.239094 0.308083
vn -0.920825 -0.239094 0.308083
vn -0.920825 -0.239094 0.308083
vn -0.920825 -0.239094 0.308083
vn -0.924449 -0.268609 0.270633
vn -0.924449 -0.268609 0.270633
vn -0.924449 -0.268609 0.270633
vn -0.924449 -0.268609 0.270633
vn -0.891843 -0.322431 0.317260
vn -0.891843 -0.322431 0.317260
vn -0.891843 -0.322431 0.317260
vn -0.891843 -0.322431 0.317260
vn -0.856401 -0.345480 0.383693
vn -0.856401 -0.345480 0.383693
vn -0.856401 -0.345480 0.383693
vn -0.856401 -0.345480 0.383693
vn -0.815965 -0.283123 0.504027
vn -0.815965 -0.283123 0.504027
vn -0.815965 -0.283123 0.504027
vn -0.815965 -0.283123 0.504027
vn -0.765067 -0.108796 0.634694
vn -0.765067 -0.108796 0.634694
vn -0.765067 -0.108796 0.634694
vn -0.765067 -0.108796 0.634694
vn -0.802092 0.154842 0.576778
vn -0.802092 0.154842 0.576778
vn -0.802092 0.154842 0.576778
vn -0.802092 0.154842 0.576778
vn -0.487673 0.153162 0.859486
vn -0.487673 0.153162 0.859486
vn -0.487673 0.153162 0.859486
vn -0.487673 0.153162 0.859486
vn -0.555639 -0.093680 0.826129
vn -0.555639 -0.093680 0.826129
vn -0.555639 -0.093680 0.826129
vn -0.555639 -0.093680 0.826129
vn -0.981609 0.146873 0.121952
vn -0.981609 0.146873 0.121952
vn -0.981609 0.146873 0.121952
vn -0.981609 0.146873 0.121952
vn -0.946732 0.013925 0.321722
vn -0.946732 0.013925 0.321722
vn -0.946732 0.013925 0.321722
vn -0.946732 0.013925 0.321722
vn -0.952159 -0.156187 0.262676
vn -0.952159 -0.156187 0.262676
vn -0.952159 -0.156187 0.262676
vn -0.952159 -0.156187 0.262676
vn -0.909208 -0.238448 0.341296
vn -0.909208 -0.238448 0.341296
vn -0.909208 -0.238448 0.341296
vn -0.909208 -0.238448 0.341296
vn 0.221673 -0.418791 0.880611
vn 0.221673 -0.418791 0.880611
vn 0.221673 -0.418791 0.880611
vn 0.221673 -0.418791 0.880611
vn -0.347001 -0.294618 0.890388
vn -0.347001 -0.294618 0.890388
vn -0.347001 -0.294618 0.890388
vn -0.347001 -0.294618 0.890388
vn 0.306151 -0.607944 0.732582
vn 0.306151 -0.607944 0.732582
vn 0.306151 -0.607944 0.732582
vn 0.306151 -0.607944 0.732582
vn -0.448920 -0.883864 0.131360
vn -0.448920 -0.883864 0.131360
vn -0.448920 -0.883864 0.131360
vn -0.448920 -0.883864 0.131360
vn -0.456545 -0.871212 0.180432
vn -0.456545 -0.871212 0.180432
vn -0.456545 -0.871212 0.180432
vn -0.456545 -0.871212 0.180432
vn -0.444049 -0.869762 0.215254
vn -0.444049 -0.869762 0.215254
vn -0.444049 -0.869762 0.215254
vn -0.444049 -0.869762 0.215254
vn -0.423849 -0.870251 0.251026
vn -0.423849 -0.870251 0.251026
vn -0.423849 -0.870251 0.251026
vn -0.423849 -0.870251 0.251026
vn -0.329158 -0.881504 0.338535
vn -0.329158 -0.881504 0.338535
vn -0.329158 -0.881504 0.338535
vn -0.329158 -0.881504 0.338535
vn -0.370430 -0.868969 0.328137
vn -0.370430 -0.868969 0.328137
vn -0.370430 -0.868969 0.328137
vn -0.370430 -0.868969 0.328137
vn -0.504463 -0.654105 0.563617
vn -0.504463 -0.654105 0.563617
vn -0.504463 -0.654105 0.563617
vn -0.504463 -0.654105 0.563617
vn -0.714009 -0.653866 0.250302
vn -0.714009 -0.653866 0.250302
vn -0.714009 -0.653866 0.250302
vn -0.714009 -0.653866 0.250302
vn -0.512241 -0.787734 0.342175
vn -0.512241 -0.787734 0.342175
vn -0.512241 -0.787734 0.342175
vn -0.512241 -0.787734 0.342175
vn -0.445261 -0.863007 0.238667
vn -0.445261 -0.863007 0.238667
vn -0.445261 -0.863007 0.238667
vn -0.445261 -0.863007 0.238667
vn -0.425696 -0.888656 0.170511
vn -0.425696 -0.888656 0.170511
vn -0.425696 -0.888656 0.170511
vn -0.425696 -0.888656 0.170511
vn -0.143966 -0.987719 0.060707
vn -0.143966 -0.987719 0.060707
vn -0.143966 -0.987719 0.060707
vn -0.143966 -0.987719 0.060707
vn -0.136999 -0.985369 0.101391
vn -0.136999 -0.985369 0.101391
vn -0.136999 -0.985369 0.101391
vn -0.136999 -0.985369 0.101391
vn -0.144414 -0.980565 0.132803
vn -0.144414 -0.980565 0.132803
vn -0.144414 -0.980565 0.132803
vn -0.144414 -0.980565 0.132803
vn -0.121832 -0.973975 0.191130
vn -0.121832 -0.973975 0.191130
vn -0.121832 -0.973975 0.191130
vn -0.121832 -0.973975 0.191130
vn -0.151582 -0.949824 0.273601
vn -0.151582 -0.949824 0.273601
vn -0.151582 -0.949824 0.273601
vn -0.151582 -0.949824 0.273601
vn -0.263887 -0.949182 0.171513
vn -0.263887 -0.949182 0.171513
vn -0.263887 -0.949182 0.171513
vn -0.263887 -0.949182 0.171513
vn -0.469696 -0.659674 0.586699
vn -0.469696 -0.659674 0.586699
vn -0.469696 -0.659674 0.586699
vn -0.469696 -0.659674 0.586699
vn -0.138473 -0.966038 0.218167
vn -0.138473 -0.966038 0.218167
vn -0.138473 -0.966038 0.218167
vn -0.138473 -0.966038 0.218167
vn -0.148349 -0.962780 0.225935
vn -0.148349 -0.962780 0.225935
vn -0.148349 -0.962780 0.225935
vn -0.148349 -0.962780 0.225935
vn -0.161078 -0.969193 0.186331
vn -0.161078 -0.969193 0.186331
vn -0.161078 -0.969193 0.186331
vn -0.161078 -0.969193 0.186331
vn -0.157874 -0.982148 0.102278
vn -0.157874 -0.982148 0.102278
vn -0.157874 -0.982148 0.102278
vn -0.157874 -0.982148 0.102278
vn -0.046164 -0.996790 0.065412
vn -0.046164 -0.996790 0.065412
vn -0.046164 -0.996790 0.065412
vn -0.046164 -0.996790 0.065412
vn -0.053114 -0.995781 0.074830
vn -0.053114 -0.995781 0.074830
vn -0.053114 -0.995781 0.074830
vn -0.053114 -0.995781 0.074830
vn -0.046549 -0.991480 0.121654
vn -0.046549 -0.991480 0.121654
vn -0.046549 -0.991480 0.121654
vn -0.046549 -0.991480 0.121654
vn -0.019926 -0.977595 0.209549
vn -0.019926 -0.977595 0.209549
vn -0.019926 -0.977595 0.209549
vn -0.019926 -0.977595 0.209549
vn -0.036780 -0.986942 0.156824
vn -0.036780 -0.986942 0.156824
vn -0.036780 -0.986942 0.156824
vn -0.036780 -0.986942 0.156824
vn -0.152597 -0.985258 0.077333
vn -0.152597 -0.985258 0.077333
vn -0.152597 -0.985258 0.077333
vn -0.152597 -0.985258 0.077333
vn -0.327864 -0.717868 0.614142
vn -0.327864 -0.717868 0.614142
vn -0.327864 -0.717868 0.614142
vn -0.327864 -0.717868 0.614142
vn 0.107873 -0.974103 0.198713
vn 0.107873 -0.974103 0.198713
vn 0.107873 -0.974103 0.198713
vn 0.107873 -0.974103 0.198713
vn 0.063615 -0.981444 0.180889
vn 0.063615 -0.981444 0.180889
vn 0.063615 -0.981444 0.180889
vn 0.063615 -0.981444 0.180889
vn 0.020006 -0.989848 0.140711
vn 0.020006 -0.989848 0.140711
vn 0.020006 -0.989848 0.140711
vn 0.020006 -0.989848 0.140711
vn -0.026731 -0.997331 0.067949
vn -0.026731 -0.997331 0.067949
vn -0.026731 -0.997331 0.067949
vn -0.026731 -0.997331 0.067949
vn -0.074871 -0.678388 -0.730879
vn -0.074871 -0.678388 -0.730879
vn -0.074871 -0.678388 -0.730879
vn -0.074871 -0.678388 -0.730879
vn -0.219451 -0.882921 -0.415079
vn -0.219451 -0.882921 -0.415079
vn -0.219451 -0.882921 -0.415079
vn -0.219451 -0.882921 -0.415079
vn -0.105281 0.389415 -0.915026
vn -0.105281 0.389415 -0.915026
vn -0.105281 0.389415 -0.915026
vn -0.105209 0.389415 -0.915034
vn -0.105209 0.389415 -0.915034
vn -0.105209 0.389415 -0.915034
vn -0.105209 0.389415 -0.915034
vn -0.105142 0.389429 -0.915036
vn -0.105142 0.389429 -0.915036
vn -0.105142 0.389429 -0.915036
vn -0.105142 0.389429 -0.915036
vn -0.105150 0.389425 -0.915036
vn -0.105150 0.389425 -0.915036
vn -0.105150 0.389425 -0.915036
vn -0.105150 0.389425 -0.915036
vn -0.105109 0.389422 -0.915043
vn -0.105109 0.389422 -0.915043
vn -0.105109 0.389422 -0.915043
vn -0.105109 0.389422 -0.915043
vn 0.105150 0.389420 -0.915038
vn 0.105150 0.389420 -0.915038
vn 0.105150 0.389420 -0.915038
vn 0.105150 0.389420 -0.915038
vn 0.105147 0.389441 -0.915030
vn 0.105147 0.389441 -0.915030
vn 0.105147 0.389441 -0.915030
vn 0.105147 0.389441 -0.915030
vn 0.105206 0.389428 -0.915029
vn 0.105206 0.389428 -0.915029
vn 0.105206 0.389428 -0.915029
vn 0.105206 0.389428 -0.915029
vn 0.105224 0.389393 -0.915041
vn 0.105224 0.389393 -0.915041
vn 0.105224 0.389393 -0.915041
vn 0.105136 0.389411 -0.915044
vn 0.105136 0.389411 -0.915044
vn 0.105136 0.389411 -0.915044
vn 0.105136 0.389411 -0.915044
vn -0.005927 0.963743 -0.266768
vn -0.005927 0.963743 -0.266768
vn -0.005927 0.963743 -0.266768
vn -0.005927 0.963743 -0.266768
vn 0.679611 0.682421 -0.269130
vn 0.679611 0.682421 -0.269130
vn 0.679611 0.682421 -0.269130
vn 0.679611 0.682421 -0.269130
vn 0.985096 -0.063200 -0.159971
vn 0.985096 -0.063200 -0.159971
vn 0.985096 -0.063200 -0.159971
vn 0.985096 -0.063200 -0.159971
vn 0.021962 0.983582 -0.179119
vn 0.021962 0.983582 -0.179119
vn 0.021962 0.983582 -0.179119
vn 0.021962 0.983582 -0.179119
vn -0.243661 0.968182 -0.057027
vn -0.243661 0.968182 -0.057027
vn -0.243661 0.968182 -0.057027
vn -0.243661 0.968182 -0.057027
vn 0.269357 -0.948997 -0.163863
vn 0.269357 -0.948997 -0.163863
vn 0.269357 -0.948997 -0.163863
vn 0.269357 -0.948997 -0.163863
vn 0.367358 -0.915417 -0.164501
vn 0.367358 -0.915417 -0.164501
vn 0.367358 -0.915417 -0.164501
vn 0.367358 -0.915417 -0.164501
vn 0.935511 0.134326 -0.326764
vn 0.935511 0.134326 -0.326764
vn 0.935511 0.134326 -0.326764
vn 0.935511 0.134326 -0.326764
vn 0.965529 -0.098203 -0.241059
vn 0.965529 -0.098203 -0.241059
vn 0.965529 -0.098203 -0.241059
vn 0.965529 -0.098203 -0.241059
vn 0.950543 0.187477 -0.247629
vn 0.950543 0.187477 -0.247629
vn 0.950543 0.187477 -0.247629
vn 0.950543 0.187477 -0.247629
vn 0.152815 -0.039207 0.987477
vn 0.152815 -0.039207 0.987477
vn 0.152815 -0.039207 0.987477
vn 0.152815 -0.039207 0.987477
vn 0.201934 -0.149525 0.967918
vn 0.201934 -0.149525 0.967918
vn 0.201934 -0.149525 0.967918
vn 0.201934 -0.149525 0.967918
vn -0.127268 -0.968884 0.212288
vn -0.127268 -0.968884 0.212288
vn -0.127268 -0.968884 0.212288
vn -0.127268 -0.968884 0.212288
vn 0.047173 -0.697618 -0.714915
vn 0.047173 -0.697618 -0.714915
vn 0.047173 -0.697618 -0.714915
vn 0.047173 -0.697618 -0.714915
vn 0.546361 0.791534 -0.273795
vn 0.546361 0.791534 -0.273795
vn 0.546361 0.791534 -0.273795
vn 0.546361 0.791534 -0.273795
vn -0.000000 0.998978 -0.045209
vn -0.000000 0.998978 -0.045209
vn -0.000000 0.998978 -0.045209
vn -0.000000 0.998978 -0.045209
vn 0.517589 0.345179 -0.782913
vn 0.517589 0.345179 -0.782913
vn 0.517589 0.345179 -0.782913
vn 0.517589 0.345179 -0.782913
vn 0.150086 -0.047263 -0.987543
vn 0.150086 -0.047263 -0.987543
vn 0.150086 -0.047263 -0.987543
vn 0.150086 -0.047263 -0.987543
vn 0.972451 -0.218078 -0.082352
vn 0.972451 -0.218078 -0.082352
vn 0.972451 -0.218078 -0.082352
vn 0.972451 -0.218078 -0.082352
vn 0.934478 -0.303969 -0.185348
vn 0.934478 -0.303969 -0.185348
vn 0.934478 -0.303969 -0.185348
vn 0.934478 -0.303969 -0.185348
vn 0.867534 -0.427761 -0.253782
vn 0.867534 -0.427761 -0.253782
vn 0.867534 -0.427761 -0.253782
vn 0.867534 -0.427761 -0.253782
vn 0.825918 -0.476411 -0.301482
vn 0.825918 -0.476411 -0.301482
vn 0.825918 -0.476411 -0.301482
vn 0.825918 -0.476411 -0.301482
vn 0.780524 -0.537672 -0.318889
vn 0.780524 -0.537672 -0.318889
vn 0.780524 -0.537672 -0.318889
vn 0.780524 -0.537672 -0.318889
vn 0.748547 -0.587001 -0.308394
vn 0.748547 -0.587001 -0.308394
vn 0.748547 -0.587001 -0.308394
vn 0.748547 -0.587001 -0.308394
vn 0.698011 -0.557349 -0.449603
vn 0.698011 -0.557349 -0.449603
vn 0.698011 -0.557349 -0.449603
vn 0.698011 -0.557349 -0.449603
vn 0.663238 -0.472141 -0.580688
vn 0.663238 -0.472141 -0.580688
vn 0.663238 -0.472141 -0.580688
vn 0.663238 -0.472141 -0.580688
vn 0.693992 -0.408552 -0.592841
vn 0.693992 -0.408552 -0.592841
vn 0.693992 -0.408552 -0.592841
vn 0.693992 -0.408552 -0.592841
vn 0.631962 -0.292934 -0.717505
vn 0.631962 -0.292934 -0.717505
vn 0.631962 -0.292934 -0.717505
vn 0.631962 -0.292934 -0.717505
vn 0.458336 -0.234939 -0.857165
vn 0.458336 -0.234939 -0.857165
vn 0.458336 -0.234939 -0.857165
vn 0.458336 -0.234939 -0.857165
vn 0.431678 -0.239855 -0.869554
vn 0.431678 -0.239855 -0.869554
vn 0.431678 -0.239855 -0.869554
vn 0.431678 -0.239855 -0.869554
vn 0.160090 -0.328196 -0.930945
vn 0.160090 -0.328196 -0.930945
vn 0.160090 -0.328196 -0.930945
vn 0.160090 -0.328196 -0.930945
vn 0.129831 -0.380067 -0.915802
vn 0.129831 -0.380067 -0.915802
vn 0.129831 -0.380067 -0.915802
vn 0.129831 -0.380067 -0.915802
vn 0.059492 -0.423087 -0.904134
vn 0.059492 -0.423087 -0.904134
vn 0.059492 -0.423087 -0.904134
vn 0.059492 -0.423087 -0.904134
vn 0.382305 0.867494 0.318270
vn 0.382305 0.867494 0.318270
vn 0.382305 0.867494 0.318270
vn 0.382305 0.867494 0.318270
vn 0.833211 -0.542608 0.106470
vn 0.833211 -0.542608 0.106470
vn 0.833211 -0.542608 0.106470
vn 0.833211 -0.542608 0.106470
vn 0.412206 -0.911051 0.008494
vn 0.412206 -0.911051 0.008494
vn 0.412206 -0.911051 0.008494
vn 0.412206 -0.911051 0.008494
vn 0.207873 -0.977549 -0.034450
vn 0.207873 -0.977549 -0.034450
vn 0.207873 -0.977549 -0.034450
vn 0.207873 -0.977549 -0.034450
vn 0.034228 -0.999112 -0.024580
vn 0.034228 -0.999112 -0.024580
vn 0.034228 -0.999112 -0.024580
vn 0.034228 -0.999112 -0.024580
vn 0.884292 -0.466497 -0.020188
vn 0.884292 -0.466497 -0.020188
vn 0.884292 -0.466497 -0.020188
vn 0.884292 -0.466497 -0.020188
vn 0.479281 -0.877607 0.009836
vn 0.479281 -0.877607 0.009836
vn 0.479281 -0.877607 0.009836
vn 0.479281 -0.877607 0.009836
vn 0.229285 -0.973215 -0.016741
vn 0.229285 -0.973215 -0.016741
vn 0.229285 -0.973215 -0.016741
vn 0.229285 -0.973215 -0.016741
vn 0.024699 -0.999520 -0.018694
vn 0.024699 -0.999520 -0.018694
vn 0.024699 -0.999520 -0.018694
vn 0.024699 -0.999520 -0.018694
vn 0.350869 0.903470 0.246240
vn 0.350869 0.903470 0.246240
vn 0.350869 0.903470 0.246240
vn 0.350869 0.903470 0.246240
vn 0.363061 0.855226 -0.369832
vn 0.363061 0.855226 -0.369832
vn 0.363061 0.855226 -0.369832
vn 0.363061 0.855226 -0.369832
vn -0.743112 0.615459 -0.262667
vn -0.743112 0.615459 -0.262667
vn -0.743112 0.615459 -0.262667
vn -0.743112 0.615459 -0.262667
vn 0.976543 -0.141138 -0.162612
vn 0.976543 -0.141138 -0.162612
vn 0.976543 -0.141138 -0.162612
vn 0.976543 -0.141138 -0.162612
vn 0.983869 -0.083831 -0.158035
vn 0.983869 -0.083831 -0.158035
vn 0.983869 -0.083831 -0.158035
vn 0.983869 -0.083831 -0.158035
vn 0.986791 0.161991 0.001261
vn 0.986791 0.161991 0.001261
vn 0.986791 0.161991 0.001261
vn 0.986791 0.161991 0.001261
vn 0.685807 0.630374 0.363727
vn 0.685807 0.630374 0.363727
vn 0.685807 0.630374 0.363727
vn 0.685807 0.630374 0.363727
vn 0.005923 0.963743 -0.266767
vn 0.005923 0.963743 -0.266767
vn 0.005923 0.963743 -0.266767
vn 0.005923 0.963743 -0.266767
vn -0.679607 0.682424 -0.269132
vn -0.679607 0.682424 -0.269132
vn -0.679607 0.682424 -0.269132
vn -0.679607 0.682424 -0.269132
vn -0.985096 -0.063200 -0.159971
vn -0.985096 -0.063200 -0.159971
vn -0.985096 -0.063200 -0.159971
vn -0.985096 -0.063200 -0.159971
vn -0.021962 0.983582 -0.179119
vn -0.021962 0.983582 -0.179119
vn -0.021962 0.983582 -0.179119
vn -0.021962 0.983582 -0.179119
vn 0.243659 0.968183 -0.057028
vn 0.243659 0.968183 -0.057028
vn 0.243659 0.968183 -0.057028
vn 0.243659 0.968183 -0.057028
vn -0.708484 0.705005 -0.031906
vn -0.708484 0.705005 -0.031906
vn -0.708484 0.705005 -0.031906
vn -0.708484 0.705005 -0.031906
vn -1.000000 -0.000000 0.000000
vn -1.000000 -0.000000 0.000000
vn -1.000000 -0.000000 0.000000
vn -1.000000 -0.000000 0.000000
vn -0.269355 -0.949007 -0.163809
vn -0.269355 -0.949007 -0.163809
vn -0.269355 -0.949007 -0.163809
vn -0.269355 -0.949007 -0.163809
vn -0.367360 -0.915429 -0.164426
vn -0.367360 -0.915429 -0.164426
vn -0.367360 -0.915429 -0.164426
vn -0.367360 -0.915429 -0.164426
vn -0.935551 0.134313 -0.326656
vn -0.935551 0.134313 -0.326656
vn -0.935551 0.134313 -0.326656
vn -0.935551 0.134313 -0.326656
vn -0.965563 -0.097887 -0.241054
vn -0.965563 -0.097887 -0.241054
vn -0.965563 -0.097887 -0.241054
vn -0.965563 -0.097887 -0.241054
vn -0.950527 0.187568 -0.247620
vn -0.950527 0.187568 -0.247620
vn -0.950527 0.187568 -0.247620
vn -0.950527 0.187568 -0.247620
vn 0.127339 -0.968873 0.212297
vn 0.127339 -0.968873 0.212297
vn 0.127339 -0.968873 0.212297
vn 0.127339 -0.968873 0.212297
vn -0.546365 0.791531 -0.273795
vn -0.546365 0.791531 -0.273795
vn -0.546365 0.791531 -0.273795
vn -0.546365 0.791531 -0.273795
vn 0.142775 0.534266 -0.833172
vn 0.142775 0.534266 -0.833172
vn 0.142775 0.534266 -0.833172
vn 0.142775 0.534266 -0.833172
vn 0.479860 0.412910 -0.774106
vn 0.479860 0.412910 -0.774106
vn 0.479860 0.412910 -0.774106
vn 0.479860 0.412910 -0.774106
vn 0.409217 0.417943 -0.811089
vn 0.409217 0.417943 -0.811089
vn 0.409217 0.417943 -0.811089
vn 0.409217 0.417943 -0.811089
vn 0.451651 0.320363 -0.832694
vn 0.451651 0.320363 -0.832694
vn 0.451651 0.320363 -0.832694
vn 0.451651 0.320363 -0.832694
vn 0.506509 0.221837 -0.833209
vn 0.506509 0.221837 -0.833209
vn 0.506509 0.221837 -0.833209
vn 0.506509 0.221837 -0.833209
vn 0.475933 0.101739 -0.873577
vn 0.475933 0.101739 -0.873577
vn 0.475933 0.101739 -0.873577
vn 0.475933 0.101739 -0.873577
vn 0.247266 0.111483 -0.962513
vn 0.247266 0.111483 -0.962513
vn 0.247266 0.111483 -0.962513
vn 0.247266 0.111483 -0.962513
vn 0.172369 0.264464 -0.948866
vn 0.172369 0.264464 -0.948866
vn 0.172369 0.264464 -0.948866
vn 0.172369 0.264464 -0.948866
vn 0.141292 0.432437 -0.890525
vn 0.141292 0.432437 -0.890525
vn 0.141292 0.432437 -0.890525
vn 0.141292 0.432437 -0.890525
vn 0.736060 0.632126 -0.242141
vn 0.736060 0.632126 -0.242141
vn 0.736060 0.632126 -0.242141
vn 0.736060 0.632126 -0.242141
vn 0.674570 0.655897 -0.338754
vn 0.674570 0.655897 -0.338754
vn 0.674570 0.655897 -0.338754
vn 0.674570 0.655897 -0.338754
vn 0.694956 0.629453 -0.347600
vn 0.694956 0.629453 -0.347600
vn 0.694956 0.629453 -0.347600
vn 0.694956 0.629453 -0.347600
vn 0.605448 0.627397 -0.489700
vn 0.605448 0.627397 -0.489700
vn 0.605448 0.627397 -0.489700
vn 0.605448 0.627397 -0.489700
vn 0.596827 0.546710 -0.587287
vn 0.596827 0.546710 -0.587287
vn 0.596827 0.546710 -0.587287
vn 0.596827 0.546710 -0.587287
vn -0.108067 0.924343 0.365940
vn -0.108067 0.924343 0.365940
vn -0.108067 0.924343 0.365940
vn -0.108067 0.924343 0.365940
vn 0.000000 0.938287 -0.345857
vn 0.000000 0.938287 -0.345857
vn 0.000000 0.938287 -0.345857
vn 0.000000 0.938287 -0.345857
vn -0.128563 0.978333 0.162285
vn -0.128563 0.978333 0.162285
vn -0.128563 0.978333 0.162285
vn -0.128563 0.978333 0.162285
vn -0.058231 0.942452 0.329233
vn -0.058231 0.942452 0.329233
vn -0.058231 0.942452 0.329233
vn -0.058231 0.942452 0.329233
vn 0.000000 0.953406 -0.301690
vn 0.000000 0.953406 -0.301690
vn 0.000000 0.953406 -0.301690
vn 0.000000 0.953406 -0.301690
vn -0.061627 0.995823 -0.067366
vn -0.061627 0.995823 -0.067366
vn -0.061627 0.995823 -0.067366
vn -0.061627 0.995823 -0.067366
vn 0.000000 0.981338 -0.192293
vn 0.000000 0.981338 -0.192293
vn 0.000000 0.981338 -0.192293
vn 0.000000 0.981338 -0.192293
vn 0.000000 0.978758 0.205017
vn 0.000000 0.978758 0.205017
vn 0.000000 0.978758 0.205017
vn 0.000000 0.978758 0.205017
vn -0.106633 0.895834 0.431405
vn -0.106633 0.895834 0.431405
vn -0.106633 0.895834 0.431405
vn -0.106633 0.895834 0.431405
vn -0.114356 0.989079 0.092979
vn -0.114356 0.989079 0.092979
vn -0.114356 0.989079 0.092979
vn -0.114356 0.989079 0.092979
vn -0.120771 0.984477 0.127358
vn -0.120771 0.984477 0.127358
vn -0.120771 0.984477 0.127358
vn -0.120771 0.984477 0.127358
vn 0.729243 0.680268 -0.073755
vn 0.729243 0.680268 -0.073755
vn 0.729243 0.680268 -0.073755
vn 0.729243 0.680268 -0.073755
vn 0.726967 0.663040 -0.178598
vn 0.726967 0.663040 -0.178598
vn 0.726967 0.663040 -0.178598
vn 0.726967 0.663040 -0.178598
vn -0.115577 0.958853 0.259311
vn -0.115577 0.958853 0.259311
vn -0.115577 0.958853 0.259311
vn -0.115577 0.958853 0.259311
vn -0.998119 0.002771 0.061239
vn -0.998119 0.002771 0.061239
vn -0.998119 0.002771 0.061239
vn -0.998119 0.002771 0.061239
vn -0.813874 0.059199 0.578018
vn -0.813874 0.059199 0.578018
vn -0.813874 0.059199 0.578018
vn -0.813874 0.059199 0.578018
vn -0.954475 0.013486 0.297987
vn -0.954475 0.013486 0.297987
vn -0.954475 0.013486 0.297987
vn -0.954475 0.013486 0.297987
vn -0.869273 0.022349 0.493827
vn -0.869273 0.022349 0.493827
vn -0.869273 0.022349 0.493827
vn -0.869273 0.022349 0.493827
vn -0.999987 -0.000228 -0.005045
vn -0.999987 -0.000228 -0.005045
vn -0.999987 -0.000228 -0.005045
vn -0.999987 -0.000228 -0.005045
vn -0.999996 0.000131 0.002896
vn -0.999996 0.000131 0.002896
vn -0.999996 0.000131 0.002896
vn -0.999996 0.000131 0.002896
vn -0.856929 0.023303 0.514907
vn -0.856929 0.023303 0.514907
vn -0.856929 0.023303 0.514907
vn -0.856929 0.023303 0.514907
vn -0.870530 0.022249 0.491611
vn -0.870530 0.022249 0.491611
vn -0.870530 0.022249 0.491611
vn -0.870530 0.022249 0.491611
vn -0.748285 0.266406 0.607535
vn -0.748285 0.266406 0.607535
vn -0.748285 0.266406 0.607535
vn -0.748285 0.266406 0.607535
vn -0.999131 -0.005510 -0.041312
vn -0.999131 -0.005510 -0.041312
vn -0.999131 -0.005510 -0.041312
vn -0.999131 -0.005510 -0.041312
vn -0.289880 0.948202 0.129931
vn -0.289880 0.948202 0.129931
vn -0.289880 0.948202 0.129931
vn -0.289880 0.948202 0.129931
vn -0.172286 0.979676 0.102725
vn -0.172286 0.979676 0.102725
vn -0.172286 0.979676 0.102725
vn -0.172286 0.979676 0.102725
vn -0.485089 0.840525 0.241259
vn -0.485089 0.840525 0.241259
vn -0.485089 0.840525 0.241259
vn -0.485089 0.840525 0.241259
vn -0.183309 0.971975 0.147180
vn -0.183309 0.971975 0.147180
vn -0.183309 0.971975 0.147180
vn -0.183309 0.971975 0.147180
vn -0.397289 0.915203 0.067568
vn -0.397289 0.915203 0.067568
vn -0.397289 0.915203 0.067568
vn -0.397289 0.915203 0.067568
vn -0.582061 0.812935 -0.018492
vn -0.582061 0.812935 -0.018492
vn -0.582061 0.812935 -0.018492
vn -0.582061 0.812935 -0.018492
vn -0.130342 0.912760 0.387145
vn -0.130342 0.912760 0.387145
vn -0.130342 0.912760 0.387145
vn -0.130342 0.912760 0.387145
vn -0.121328 0.958443 0.258199
vn -0.121328 0.958443 0.258199
vn -0.121328 0.958443 0.258199
vn -0.121328 0.958443 0.258199
vn -0.650737 0.701831 0.289783
vn -0.650737 0.701831 0.289783
vn -0.650737 0.701831 0.289783
vn -0.650737 0.701831 0.289783
vn -0.645117 0.719981 -0.255835
vn -0.645117 0.719981 -0.255835
vn -0.645117 0.719981 -0.255835
vn -0.645117 0.719981 -0.255835
vn 0.000000 0.979738 0.200284
vn 0.000000 0.979738 0.200284
vn 0.000000 0.979738 0.200284
vn 0.000000 0.979738 0.200284
vn 0.019430 0.981505 0.190450
vn 0.019430 0.981505 0.190450
vn 0.019430 0.981505 0.190450
vn 0.019430 0.981505 0.190450
vn 0.000000 0.982171 0.187990
vn 0.000000 0.982171 0.187990
vn 0.000000 0.982171 0.187990
vn 0.000000 0.982171 0.187990
vn 0.000000 0.991850 0.127411
vn 0.000000 0.991850 0.127411
vn 0.000000 0.991850 0.127411
vn 0.000000 0.991850 0.127411
vn 0.000000 0.987235 0.159270
vn 0.000000 0.987235 0.159270
vn 0.000000 0.987235 0.159270
vn 0.000000 0.987235 0.159270
vn 0.000000 0.998245 0.059221
vn 0.000000 0.998245 0.059221
vn 0.000000 0.998245 0.059221
vn 0.000000 0.998245 0.059221
vn 0.000000 0.966788 0.255579
vn 0.000000 0.966788 0.255579
vn 0.000000 0.966788 0.255579
vn 0.000000 0.966788 0.255579
vn 0.000000 0.969870 0.243622
vn 0.000000 0.969870 0.243622
vn 0.000000 0.969870 0.243622
vn 0.000000 0.969870 0.243622
vn -0.000000 0.998978 -0.045209
vn -0.000000 0.998978 -0.045209
vn -0.000000 0.998978 -0.045209
vn -0.000000 0.998978 -0.045209
vn 0.000000 0.974225 -0.225578
vn 0.000000 0.974225 -0.225578
vn 0.000000 0.974225 -0.225578
vn 0.000000 0.974225 -0.225578
vn -0.255161 0.220584 0.941401
vn -0.255161 0.220584 0.941401
vn -0.255161 0.220584 0.941401
vn -0.255161 0.220584 0.941401
vn -0.548947 0.089942 0.831004
vn -0.548947 0.089942 0.831004
vn -0.548947 0.089942 0.831004
vn -0.548947 0.089942 0.831004
vn -0.425523 0.146446 0.893020
vn -0.425523 0.146446 0.893020
vn -0.425523 0.146446 0.893020
vn -0.425523 0.146446 0.893020
vn 0.025715 0.234461 0.971785
vn 0.025715 0.234461 0.971785
vn 0.025715 0.234461 0.971785
vn 0.025715 0.234461 0.971785
vn -0.079164 0.238218 0.967980
vn -0.079164 0.238218 0.967980
vn -0.079164 0.238218 0.967980
vn -0.079164 0.238218 0.967980
vn 0.130603 0.962511 0.237728
vn 0.130603 0.962511 0.237728
vn 0.130603 0.962511 0.237728
vn 0.130603 0.962511 0.237728
vn 0.012983 0.997708 0.066412
vn 0.012983 0.997708 0.066412
vn 0.012983 0.997708 0.066412
vn 0.012983 0.997708 0.066412
vn 0.018756 0.997474 0.068516
vn 0.018756 0.997474 0.068516
vn 0.018756 0.997474 0.068516
vn -0.318245 0.784384 0.532411
vn -0.318245 0.784384 0.532411
vn -0.318245 0.784384 0.532411
vn -0.318245 0.784384 0.532411
vn 0.069194 0.996583 -0.045101
vn 0.069194 0.996583 -0.045101
vn 0.069194 0.996583 -0.045101
vn 0.069194 0.996583 -0.045101
vn 0.000000 0.000000 0.000000
vn 0.000000 0.000000 0.000000
vn 0.000000 0.000000 0.000000
vn 0.000000 0.000000 0.000000
vn -0.941256 -0.292375 -0.168979
vn -0.941256 -0.292375 -0.168979
vn -0.941256 -0.292375 -0.168979
vn -0.941256 -0.292375 -0.168979
vn 0.931133 -0.212877 0.296099
vn 0.931133 -0.212877 0.296099
vn 0.931133 -0.212877 0.296099
vn 0.931133 -0.212877 0.296099
vn 0.989206 -0.101705 0.105485
vn 0.989206 -0.101705 0.105485
vn 0.989206 -0.101705 0.105485
vn 0.989206 -0.101705 0.105485
vn 0.863748 -0.503408 0.022782
vn 0.863748 -0.503408 0.022782
vn 0.863748 -0.503408 0.022782
vn 0.863748 -0.503408 0.022782
vn 0.150149 -0.987653 0.044696
vn 0.150149 -0.987653 0.044696
vn 0.150149 -0.987653 0.044696
vn 0.150149 -0.987653 0.044696
vn -0.135502 -0.989764 0.044792
vn -0.135502 -0.989764 0.044792
vn -0.135502 -0.989764 0.044792
vn -0.135502 -0.989764 0.044792
vn 0.624945 0.779870 -0.035294
vn 0.624945 0.779870 -0.035294
vn 0.624945 0.779870 -0.035294
vn 0.624945 0.779870 -0.035294
vn -0.054971 -0.883496 0.465202
vn -0.054971 -0.883496 0.465202
vn -0.054971 -0.883496 0.465202
vn -0.054971 -0.883496 0.465202
vn 0.000000 0.000000 0.000000
vn 0.000000 0.000000 0.000000
vn 0.000000 0.000000 0.000000
vn 0.000000 0.000000 0.000000
vn 0.000000 0.000000 0.000000
vn 0.000000 0.000000 0.000000
vn 0.000000 0.000000 0.000000
vn 0.000000 0.000000 0.000000
vn 0.000000 0.000000 0.000000
vn 0.000000 0.000000 0.000000
vn 0.000000 0.000000 0.000000
vn 0.000000 0.000000 0.000000
vn 0.000000 0.000000 0.000000
vn 0.000000 0.000000 0.000000
vn 0.000000 0.000000 0.000000
vn 0.000000 0.000000 0.000000
vn 0.000000 0.000000 0.000000
vn 0.000000 0.000000 0.000000
vn 0.000000 0.000000 0.000000
vn 0.000000 0.000000 0.000000
vn 0.000000 0.000000 0.000000
vn 0.000000 0.000000 0.000000
vn 0.000000 0.000000 0.000000
vn 0.000000 0.000000 0.000000
vn 0.941257 -0.292378 -0.168967
vn 0.941257 -0.292378 -0.168967
vn 0.941257 -0.292378 -0.168967
vn 0.941257 -0.292378 -0.168967
vn -0.931134 -0.212876 0.296097
vn -0.931134 -0.212876 0.296097
vn -0.931134 -0.212876 0.296097
vn -0.931134 -0.212876 0.296097
vn -0.989206 -0.101704 0.105485
vn -0.989206 -0.101704 0.105485
vn -0.989206 -0.101704 0.105485
vn -0.989206 -0.101704 0.105485
vn -0.863760 -0.503388 0.022781
vn -0.863760 -0.503388 0.022781
vn -0.863760 -0.503388 0.022781
vn -0.863760 -0.503388 0.022781
vn -0.150149 -0.987653 0.044696
vn -0.150149 -0.987653 0.044696
vn -0.150149 -0.987653 0.044696
vn -0.150149 -0.987653 0.044696
vn 0.135502 -0.989764 0.044792
vn 0.135502 -0.989764 0.044792
vn 0.135502 -0.989764 0.044792
vn 0.135502 -0.989764 0.044792
vn -0.249320 -0.915237 0.316512
vn -0.249320 -0.915237 0.316512
vn -0.249320 -0.915237 0.316512
vn -0.249320 -0.915237 0.316512
vn -0.878479 -0.467554 0.098324
vn -0.878479 -0.467554 0.098324
vn -0.878479 -0.467554 0.098324
vn -0.878479 -0.467554 0.098324
vn 0.000000 0.000000 0.000000
vn 0.000000 0.000000 0.000000
vn 0.000000 0.000000 0.000000
vn 0.000000 0.000000 0.000000
vn 0.000000 0.000000 0.000000
vn 0.000000 0.000000 0.000000
vn 0.000000 0.000000 0.000000
vn 0.000000 0.000000 0.000000
vn 0.000000 0.000000 0.000000
vn 0.000000 0.000000 0.000000
vn 0.000000 0.000000 0.000000
vn 0.000000 0.000000 0.000000
vn 0.000000 0.000000 0.000000
vn 0.000000 0.000000 0.000000
vn 0.000000 0.000000 0.000000
vn 0.000000 0.000000 0.000000
vn 0.000000 0.000000 0.000000
vn 0.000000 0.000000 0.000000
vn 0.000000 0.000000 0.000000
vn 0.000000 0.000000 0.000000
vn 0.703779 0.709693 -0.032118
vn 0.703779 0.709693 -0.032118
vn 0.703779 0.709693 -0.032118
vn 0.703779 0.709693 -0.032118
vn -0.953300 -0.301717 0.013654
vn -0.953300 -0.301717 0.013654
vn -0.953300 -0.301717 0.013654
vn -0.953300 -0.301717 0.013654
vn 0.995533 0.094323 -0.004269
vn 0.995533 0.094323 -0.004269
vn 0.995533 0.094323 -0.004269
vn 0.995533 0.094323 -0.004269
vn 0.987513 -0.157376 0.007122
vn 0.987513 -0.157376 0.007122
vn 0.987513 -0.157376 0.007122
vn 0.987513 -0.157376 0.007122
vn 0.878468 -0.467574 0.098328
vn 0.878468 -0.467574 0.098328
vn 0.878468 -0.467574 0.098328
vn 0.878468 -0.467574 0.098328
vn 0.249321 -0.915237 0.316512
vn 0.249321 -0.915237 0.316512
vn 0.249321 -0.915237 0.316512
vn 0.249321 -0.915237 0.316512
vn 0.054970 -0.883496 0.465202
vn 0.054970 -0.883496 0.465202
vn 0.054970 -0.883496 0.465202
vn 0.054970 -0.883496 0.465202
vn -0.987513 -0.157377 0.007122
vn -0.987513 -0.157377 0.007122
vn -0.987513 -0.157377 0.007122
vn -0.987513 -0.157377 0.007122
vn -0.995532 0.094324 -0.004269
vn -0.995532 0.094324 -0.004269
vn -0.995532 0.094324 -0.004269
vn -0.995532 0.094324 -0.004269
vn -0.624945 0.779870 -0.035294
vn -0.624945 0.779870 -0.035294
vn -0.624945 0.779870 -0.035294
vn -0.624945 0.779870 -0.035294
vn -0.069194 0.996583 -0.045102
vn -0.069194 0.996583 -0.045102
vn -0.069194 0.996583 -0.045102
vn -0.069194 0.996583 -0.045102
vn 1.000000 -0.000000 0.000000
vn 1.000000 -0.000000 0.000000
vn 1.000000 -0.000000 0.000000
vn 1.000000 -0.000000 0.000000
vn 0.708484 0.705005 -0.031906
vn 0.708484 0.705005 -0.031906
vn 0.708484 0.705005 -0.031906
vn 0.708484 0.705005 -0.031906
vn 0.000000 0.998978 -0.045209
vn 0.000000 0.998978 -0.045209
vn 0.000000 0.998978 -0.045209
vn 0.000000 0.998978 -0.045209
vn -0.703831 0.709642 -0.032116
vn -0.703831 0.709642 -0.032116
vn -0.703831 0.709642 -0.032116
vn -0.703831 0.709642 -0.032116
vn 0.953299 -0.301721 0.013655
vn 0.953299 -0.301721 0.013655
vn 0.953299 -0.301721 0.013655
vn 0.953299 -0.301721 0.013655
vn -0.125734 -0.766511 -0.629803
vn -0.125734 -0.766511 -0.629803
vn -0.125734 -0.766511 -0.629803
vn -0.125734 -0.766511 -0.629803
vn 0.119300 -0.763026 -0.635262
vn 0.119300 -0.763026 -0.635262
vn 0.119300 -0.763026 -0.635262
vn 0.119300 -0.763026 -0.635262
vn -0.260810 0.956415 0.131337
vn -0.260810 0.956415 0.131337
vn -0.260810 0.956415 0.131337
vn -0.260810 0.956415 0.131337
vn -0.186764 0.971272 0.147477
vn -0.186764 0.971272 0.147477
vn -0.186764 0.971272 0.147477
vn -0.186764 0.971272 0.147477
vn 0.186760 0.971283 0.147412
vn 0.186760 0.971283 0.147412
vn 0.186760 0.971283 0.147412
vn 0.186760 0.971283 0.147412
vn 0.262098 0.956132 0.130831
vn 0.262098 0.956132 0.130831
vn 0.262098 0.956132 0.130831
vn 0.262098 0.956132 0.130831
vn -0.318389 0.937700 -0.139096
vn -0.318389 0.937700 -0.139096
vn -0.318389 0.937700 -0.139096
vn -0.318389 0.937700 -0.139096
vn -0.204002 0.968710 -0.141367
vn -0.204002 0.968710 -0.141367
vn -0.204002 0.968710 -0.141367
vn -0.204002 0.968710 -0.141367
vn 0.204002 0.968710 -0.141367
vn 0.204002 0.968710 -0.141367
vn 0.204002 0.968710 -0.141367
vn 0.204002 0.968710 -0.141367
vn 0.321873 0.936535 -0.138923
vn 0.321873 0.936535 -0.138923
vn 0.321873 0.936535 -0.138923
vn 0.321873 0.936535 -0.138923
vn -0.517075 0.853582 -0.063490
vn -0.517075 0.853582 -0.063490
vn -0.517075 0.853582 -0.063490
vn -0.517075 0.853582 -0.063490
vn -0.182502 0.982715 -0.031044
vn -0.182502 0.982715 -0.031044
vn -0.182502 0.982715 -0.031044
vn -0.182502 0.982715 -0.031044
vn 0.182502 0.982715 -0.031044
vn 0.182502 0.982715 -0.031044
vn 0.182502 0.982715 -0.031044
vn 0.182502 0.982715 -0.031044
vn 0.524677 0.848895 -0.063967
vn 0.524677 0.848895 -0.063967
vn 0.524677 0.848895 -0.063967
vn 0.524677 0.848895 -0.063967
vn -0.405274 0.508227 -0.759907
vn -0.405274 0.508227 -0.759907
vn -0.405274 0.508227 -0.759907
vn -0.405274 0.508227 -0.759907
vn -0.242223 0.626625 -0.740722
vn -0.242223 0.626625 -0.740722
vn -0.242223 0.626625 -0.740722
vn -0.242223 0.626625 -0.740722
vn 0.234316 0.633470 -0.737436
vn 0.234316 0.633470 -0.737436
vn 0.234316 0.633470 -0.737436
vn 0.234316 0.633470 -0.737436
vn 0.424292 0.500318 -0.754757
vn 0.424292 0.500318 -0.754757
vn 0.424292 0.500318 -0.754757
vn 0.424292 0.500318 -0.754757
vn -0.233180 0.646300 -0.726583
vn -0.233180 0.646300 -0.726583
vn -0.233180 0.646300 -0.726583
vn -0.499544 0.546881 -0.671846
vn -0.499544 0.546881 -0.671846
vn -0.499544 0.546881 -0.671846
vn -0.499544 0.546881 -0.671846
vn 0.492289 0.522664 -0.696041
vn 0.492289 0.522664 -0.696041
vn 0.492289 0.522664 -0.696041
vn 0.492289 0.522664 -0.696041
vn 0.251409 0.616801 -0.745889
vn 0.251409 0.616801 -0.745889
vn 0.251409 0.616801 -0.745889
vn 0.712609 0.133985 -0.688648
vn 0.712609 0.133985 -0.688648
vn 0.712609 0.133985 -0.688648
vn 0.712609 0.133985 -0.688648
vn 0.756939 0.645950 -0.098951
vn 0.756939 0.645950 -0.098951
vn 0.756939 0.645950 -0.098951
vn 0.756939 0.645950 -0.098951
vn 0.692519 0.709949 -0.128023
vn 0.692519 0.709949 -0.128023
vn 0.692519 0.709949 -0.128023
vn 0.692519 0.709949 -0.128023
vn 0.617261 0.784219 0.063164
vn 0.617261 0.784219 0.063164
vn 0.617261 0.784219 0.063164
vn 0.617261 0.784219 0.063164
vn -0.679478 0.214741 -0.701567
vn -0.679478 0.214741 -0.701567
vn -0.679478 0.214741 -0.701567
vn -0.679478 0.214741 -0.701567
vn -0.731703 0.674648 -0.097270
vn -0.731703 0.674648 -0.097270
vn -0.731703 0.674648 -0.097270
vn -0.731703 0.674648 -0.097270
vn -0.672733 0.728320 -0.130312
vn -0.672733 0.728320 -0.130312
vn -0.672733 0.728320 -0.130312
vn -0.672733 0.728320 -0.130312
vn -0.450423 0.892664 0.016458
vn -0.450423 0.892664 0.016458
vn -0.450423 0.892664 0.016458
vn -0.450423 0.892664 0.016458
vn 0.911551 0.409415 0.038119
vn 0.911551 0.409415 0.038119
vn 0.911551 0.409415 0.038119
vn 0.911551 0.409415 0.038119
vn 0.863322 0.482621 -0.147489
vn 0.863322 0.482621 -0.147489
vn 0.863322 0.482621 -0.147489
vn 0.863322 0.482621 -0.147489
vn 0.975373 0.111113 -0.190530
vn 0.975373 0.111113 -0.190530
vn 0.975373 0.111113 -0.190530
vn 0.975373 0.111113 -0.190530
vn 0.615482 -0.607428 -0.502208
vn 0.615482 -0.607428 -0.502208
vn 0.615482 -0.607428 -0.502208
vn 0.615482 -0.607428 -0.502208
vn -0.972164 0.102217 -0.210831
vn -0.972164 0.102217 -0.210831
vn -0.972164 0.102217 -0.210831
vn 0.972165 0.102213 -0.210828
vn 0.972165 0.102213 -0.210828
vn 0.972165 0.102213 -0.210828
s off
g Turtle GEO Turtle
usemtl lambert2SG
f 150/7/1 151/6/2 152/1160/3 153/1156/4
f 154/1124/5 155/1123/6 156/1/7 157/4/8
f 158/1157/9 159/1162/10 160/1136/11 161/1135/12
f 162/2/13 163/3/14 164/1751/15 165/1246/16
f 166/25/17 165/1246/18 167/1249/19 168/1113/20
f 169/1130/21 154/1124/22 157/4/23 170/5/24
f 171/8/25 151/6/26 150/7/27 172/79/28
f 150/7/29 153/1156/30 173/1159/31 174/56/32
f 172/79/33 150/7/34 174/56/35 175/80/36
f 176/1749/37 171/8/38 172/79/39 177/1750/40
f 178/1333/41 179/1065/42 180/1068/43 181/1331/44
f 182/1064/45 183/1335/46 184/1339/47 185/1337/48
f 186/1340/49 187/1222/50 188/974/51 189/1341/52
f 190/22/53 191/54/54 192/75/55 193/23/56
f 194/1043/57 195/1220/58 196/1219/59 197/1044/60
f 198/1711/61 197/1044/62 196/1219/63 199/1713/64
f 200/9/65 201/1710/66 202/1712/67 203/1218/68
f 203/1218/69 204/1217/70 205/1063/71 200/9/72
f 206/1332/73 207/1203/74 208/1216/75 209/1334/76
f 210/21/77 211/58/78 191/54/79 190/22/80
f 212/20/81 213/1066/82 194/1043/83 214/1045/84
f 215/1709/85 216/1046/86 197/1044/87 198/1711/88
f 217/10/89 218/1708/90 201/1710/91 200/9/92
f 200/9/93 205/1063/94 219/1062/95 217/10/96
f 220/1201/97 221/1199/98 222/1061/99 223/1202/100
f 224/1701/101 225/1698/102 226/1054/103 227/1053/104
f 228/1699/105 229/1700/106 230/1098/107 231/1099/108
f 232/12/109 233/64/110 234/59/111 235/18/112
f 236/13/113 232/12/114 235/18/115 237/19/116
f 236/13/117 237/19/118 238/1047/119 239/1049/120
f 240/1705/121 241/1050/122 242/1048/123 243/1707/124
f 244/14/125 245/1704/126 246/1706/127 247/11/128
f 247/11/129 248/1060/130 249/1058/131 244/14/132
f 250/65/133 251/1057/134 252/1059/135 253/62/136
f 235/18/137 234/59/138 211/58/139 210/21/140
f 237/19/141 212/20/142 214/1045/143 238/1047/144
f 243/1707/145 242/1048/146 216/1046/147 215/1709/148
f 247/11/149 246/1706/150 218/1708/151 217/10/152
f 217/10/153 219/1062/154 248/1060/155 247/11/156
f 253/62/157 252/1059/158 222/1061/159 221/1199/160
f 254/15/161 255/68/162 233/64/163 232/12/164
f 256/16/165 254/15/166 232/12/167 236/13/168
f 256/16/169 236/13/170 239/1049/171 257/1051/172
f 258/1703/173 259/1052/174 241/1050/175 240/1705/176
f 260/17/177 261/1702/178 245/1704/179 244/14/180
f 244/14/181 249/1058/182 262/1056/183 260/17/184
f 263/70/185 264/1055/186 251/1057/187 250/65/188
f 265/1129/189 266/1127/190 255/68/191 254/15/192
f 267/1128/193 265/1129/194 254/15/195 256/16/196
f 267/1128/197 256/16/198 257/1051/199 268/1119/200
f 224/1701/201 227/1053/202 259/1052/203 258/1703/204
f 230/1098/205 229/1700/206 261/1702/207 260/17/208
f 260/17/209 262/1056/210 269/1148/211 230/1098/212
f 270/1152/213 271/1150/214 264/1055/215 263/70/216
f 235/18/217 210/21/218 212/20/219 237/19/220
f 212/20/221 210/21/222 190/22/223 213/1066/224
f 213/1066/225 190/22/226 193/23/227 272/1221/228
f 272/1221/229 193/23/230 273/1236/231 274/1239/232
f 182/1064/233 275/981/234 276/977/235 179/1065/236
f 277/73/237 275/981/238 182/1064/239 185/1337/240
f 278/1723/241 277/73/242 185/1337/243 279/1718/244
f 193/23/245 192/75/246 280/1240/247 273/1236/248
f 281/1260/249 282/1197/250 283/49/251 284/984/252
f 284/984/253 283/49/254 285/1726/255 286/1728/256
f 287/1729/257 288/1727/258 289/971/259 290/1195/260
f 291/52/261 292/51/262 293/1231/263 294/24/264
f 295/1232/265 296/1228/266 297/1227/267 290/1195/268
f 298/1731/269 287/1729/270 290/1195/271 297/1227/272
f 299/1214/273 284/984/274 286/1728/275 300/1730/276
f 301/1198/277 302/1205/278 303/1262/279 304/1261/280
f 305/48/281 306/1226/282 307/1224/283 308/27/284
f 309/1229/285 310/47/286 311/29/287 312/1230/288
f 313/1735/289 314/1733/290 312/1230/291 311/29/292
f 315/1206/293 316/1212/294 317/1732/295 318/1734/296
f 166/25/297 168/1113/298 319/1112/299 170/26/300
f 320/1744/301 321/81/302 322/77/303 323/1742/304
f 174/56/305 324/69/306 325/44/307 175/80/308
f 326/33/309 327/45/310 328/28/311 329/32/312
f 330/34/313 331/46/314 327/45/315 326/33/316
f 331/46/317 330/34/318 332/35/319 333/30/320
f 334/1739/321 335/1737/322 333/30/323 332/35/324
f 336/36/325 337/1215/326 338/1736/327 339/1738/328
f 336/36/329 340/37/330 341/31/331 337/1215/332
f 342/66/333 343/61/334 341/31/335 340/37/336
f 327/45/337 305/48/338 308/27/339 328/28/340
f 310/47/341 331/46/342 333/30/343 311/29/344
f 335/1737/345 313/1735/346 311/29/347 333/30/348
f 337/1215/349 341/31/350 344/1211/351 315/1206/352
f 343/61/353 345/1208/354 344/1211/355 341/31/356
f 346/39/357 326/33/358 329/32/359 347/38/360
f 348/40/361 330/34/362 326/33/363 346/39/364
f 330/34/365 348/40/366 349/41/367 332/35/368
f 350/1741/369 334/1739/370 332/35/371 349/41/372
f 351/42/373 336/36/374 339/1738/375 352/1740/376
f 351/42/377 353/43/378 340/37/379 336/36/380
f 354/71/381 342/66/382 340/37/383 353/43/384
f 355/1114/385 346/39/386 347/38/387 356/1115/388
f 357/1111/389 348/40/390 346/39/391 355/1114/392
f 348/40/393 357/1111/394 358/1110/395 349/41/396
f 359/1743/397 350/1741/398 349/41/399 358/1110/400
f 322/77/401 351/42/402 352/1740/403 323/1742/404
f 322/77/405 325/44/406 353/43/407 351/42/408
f 324/69/409 354/71/410 353/43/411 325/44/412
f 327/45/413 331/46/414 310/47/415 305/48/416
f 310/47/417 309/1229/418 306/1226/419 305/48/420
f 296/1228/421 295/1232/422 292/51/423 360/1225/424
f 283/49/425 282/1197/426 361/983/427 362/50/428
f 363/1725/429 285/1726/430 283/49/431 362/50/432
f 288/1727/433 364/1724/434 365/972/435 289/971/436
f 292/51/437 291/52/438 366/1223/439 360/1225/440
f 367/1330/441 181/1331/442 180/1068/443 368/1256/444
f 365/74/445 189/1341/446 188/974/447 369/973/448
f 370/1243/449 294/1242/450 293/1234/451 371/1237/452
f 366/76/453 192/75/454 191/54/455 307/53/456
f 307/53/457 191/54/458 211/58/459 308/57/460
f 372/1131/461 169/1130/462 170/55/463 319/1116/464
f 270/1152/465 324/69/466 174/56/467 173/1159/468
f 328/60/469 234/59/470 233/64/471 329/63/472
f 342/66/473 250/65/474 253/62/475 343/61/476
f 308/57/477 211/58/478 234/59/479 328/60/480
f 343/61/481 253/62/482 221/1199/483 345/1208/484
f 329/63/485 233/64/486 255/68/487 347/67/488
f 354/71/489 263/70/490 250/65/491 342/66/492
f 347/67/493 255/68/494 266/1127/495 356/1117/496
f 324/69/497 270/1152/498 263/70/499 354/71/500
f 368/1256/501 180/1068/502 373/1067/503 374/1257/504
f 375/978/505 376/976/506 373/1067/507 276/977/508
f 362/72/509 361/979/510 275/981/511 277/73/512
f 278/1723/513 363/1722/514 362/72/515 277/73/516
f 377/1720/517 189/1341/518 365/74/519 364/1721/520
f 291/1241/521 280/1240/522 192/75/523 366/76/524
f 378/1747/525 177/1750/526 172/79/527 379/78/528
f 175/80/529 325/44/530 322/77/531 321/81/532
f 380/1745/533 359/1743/534 358/1110/535 381/1248/536
f 382/1247/537 383/1746/538 380/1745/539 381/1248/540
f 378/1747/541 379/78/542 321/81/543 320/1744/544
f 379/78/545 172/79/546 175/80/547 321/81/548
f 384/1696/549 385/1101/550 386/1103/551 387/1694/552
f 158/1157/553 161/1135/554 388/1102/555 389/1158/556
f 390/1660/557 391/1663/558 392/944/559 393/82/560
f 393/83/561 392/87/562 394/89/563 395/84/564
f 396/85/565 397/88/566 398/165/567 399/86/568
f 395/84/569 394/89/570 397/88/571 396/85/572
f 399/86/573 398/165/574 400/99/575 401/98/576
f 402/945/577 403/1666/578 404/1645/579 405/948/580
f 406/106/581 394/89/582 392/87/583 407/107/584
f 398/165/585 397/88/586 408/100/587 409/166/588
f 397/88/589 394/89/590 406/106/591 408/100/592
f 400/99/593 398/165/594 410/90/595 411/97/596
f 412/105/597 413/288/598 414/287/599 415/110/600
f 416/104/601 412/103/602 415/111/603 417/112/604
f 410/90/605 418/153/606 419/154/607 420/91/608
f 421/102/609 416/104/610 417/112/611 422/158/612
f 411/97/613 410/90/614 420/91/615 423/96/616
f 424/120/617 425/1621/618 426/1622/619 427/1616/620
f 428/118/621 424/117/622 427/123/623 429/124/624
f 420/91/625 419/154/626 430/155/627 431/92/628
f 432/114/629 428/118/630 429/124/631 433/161/632
f 423/96/633 420/91/634 431/92/635 434/95/636
f 435/130/637 436/129/638 437/131/639 438/132/640
f 431/92/641 430/155/642 439/192/643 440/184/644
f 441/126/645 435/130/646 438/132/647 442/164/648
f 434/95/649 431/92/650 440/184/651 443/285/652
f 444/140/653 445/1556/654 446/1558/655 447/1553/656
f 448/138/657 444/137/658 447/141/659 449/142/660
f 450/134/661 448/138/662 449/142/663 451/185/664
f 452/286/665 440/184/666 453/283/667 454/282/668
f 455/1565/669 456/1567/670 457/1566/671 458/1560/672
f 459/1555/673 455/1565/674 458/1560/675 460/145/676
f 461/187/677 459/144/678 460/146/679 462/190/680
f 463/1292/681 464/1291/682 465/284/683 466/196/684
f 467/93/685 468/1551/686 469/1547/687 470/94/688
f 471/1562/689 472/1564/690 473/1563/691 474/168/692
f 475/152/693 471/1562/694 474/168/695 476/167/696
f 477/150/697 475/149/698 476/169/699 478/170/700
f 479/200/701 477/150/702 478/170/703 480/201/704
f 481/180/705 482/1280/706 483/1281/707 467/93/708
f 484/219/709 485/1273/710 486/1274/711 487/228/712
f 488/217/713 484/219/714 487/228/715 489/227/716
f 490/215/717 488/214/718 489/229/719 491/230/720
f 492/176/721 493/270/722 494/269/723 495/239/724
f 496/211/725 490/215/726 491/230/727 497/268/728
f 463/1292/729 466/196/730 492/176/731 498/1285/732
f 467/93/733 470/94/734 499/177/735 481/180/736
f 500/1305/737 501/1304/738 502/1279/739 503/179/740
f 504/1283/741 495/239/742 505/1315/743 506/1311/744
f 503/179/745 507/178/746 508/1307/747 500/1305/748
f 509/265/749 510/264/750 511/278/751 512/1278/752
f 509/265/753 513/1302/754 514/1301/755 515/262/756
f 507/178/757 516/1284/758 517/1309/759 508/1307/760
f 470/94/761 518/1289/762 519/1286/763 499/177/764
f 470/94/765 469/1547/766 520/1290/767 518/1289/768
f 521/1549/769 443/285/770 522/280/771 523/1550/772
f 524/1523/773 434/95/774 443/285/775 521/1549/776
f 525/1522/777 423/96/778 434/95/779 524/1523/780
f 526/1521/781 411/97/782 423/96/783 525/1522/784
f 527/1519/785 400/99/786 411/97/787 526/1521/788
f 401/98/789 400/99/790 527/1519/791 528/1517/792
f 408/100/793 406/106/794 529/109/795 530/101/796
f 418/153/797 409/166/798 408/100/799 530/101/800
f 421/102/801 531/157/802 418/153/803 530/101/804
f 530/101/805 529/109/806 416/104/807 421/102/808
f 529/109/809 532/108/810 412/103/811 416/104/812
f 532/946/813 533/1649/814 413/288/815 412/105/816
f 534/1646/817 535/1648/818 536/122/819 537/289/820
f 405/948/821 404/1645/822 538/1650/823 539/949/824
f 406/106/825 407/107/826 532/108/827 529/109/828
f 540/1647/829 541/1630/830 542/290/831 543/121/832
f 415/110/833 414/287/834 544/1631/835 545/119/836
f 417/112/837 415/111/838 545/116/839 546/115/840
f 422/158/841 417/112/842 546/115/843 547/113/844
f 419/154/845 548/156/846 422/158/847 547/113/848
f 432/114/849 549/160/850 419/154/851 547/113/852
f 547/113/853 546/115/854 428/118/855 432/114/856
f 546/115/857 545/116/858 424/117/859 428/118/860
f 545/119/861 544/1631/862 425/1621/863 424/120/864
f 536/122/865 543/121/866 542/290/867 537/289/868
f 535/1648/869 540/1647/870 543/121/871 536/122/872
f 429/124/873 427/123/874 550/128/875 551/127/876
f 433/161/877 429/124/878 551/127/879 552/125/880
f 430/155/881 553/159/882 433/161/883 552/125/884
f 441/126/885 554/163/886 430/155/887 552/125/888
f 552/125/889 551/127/890 435/130/891 441/126/892
f 551/127/893 550/128/894 436/129/895 435/130/896
f 437/1611/897 555/1612/898 556/1634/899 557/139/900
f 438/132/901 437/131/902 557/136/903 558/135/904
f 442/164/905 438/132/906 558/135/907 559/133/908
f 439/192/909 560/162/910 442/164/911 559/133/912
f 450/134/913 561/193/914 439/192/915 559/133/916
f 559/133/917 558/135/918 448/138/919 450/134/920
f 558/135/921 557/136/922 444/137/923 448/138/924
f 557/139/925 556/1634/926 445/1556/927 444/140/928
f 449/142/929 447/141/930 562/143/931 563/186/932
f 451/185/933 449/142/934 563/186/935 564/189/936
f 563/186/937 562/143/938 459/144/939 461/187/940
f 460/145/941 458/1560/942 565/1561/943 566/151/944
f 462/190/945 460/146/946 566/148/947 567/147/948
f 568/191/949 567/147/950 477/150/951 479/200/952
f 567/147/953 566/148/954 475/149/955 477/150/956
f 566/151/957 565/1561/958 471/1562/959 475/152/960
f 419/154/961 418/153/962 531/157/963 548/156/964
f 430/155/965 419/154/966 549/160/967 553/159/968
f 439/192/969 430/155/970 554/163/971 560/162/972
f 548/156/973 531/157/974 421/102/975 422/158/976
f 553/159/977 549/160/978 432/114/979 433/161/980
f 560/162/981 554/163/982 441/126/983 442/164/984
f 569/194/985 561/193/986 450/134/987 451/185/988
f 398/165/989 409/166/990 418/153/991 410/90/992
f 474/168/993 473/1563/994 570/1587/995 571/175/996
f 476/167/997 474/168/998 571/175/999 572/174/1000
f 478/170/1001 476/169/1002 572/173/1003 573/172/1004
f 480/201/1005 478/170/1006 573/172/1007 574/171/1008
f 575/202/1009 576/205/1010 480/201/1011 574/171/1012
f 577/225/1013 578/224/1014 575/202/1015 574/171/1016
f 574/171/1017 573/172/1018 579/181/1019 577/225/1020
f 573/172/1021 572/173/1022 580/182/1023 579/181/1024
f 572/174/1025 571/175/1026 581/220/1027 580/183/1028
f 571/175/1029 570/1587/1030 582/221/1031 581/220/1032
f 498/1285/1033 492/176/1034 495/239/1035 504/1283/1036
f 499/177/1037 519/1286/1038 516/1284/1039 507/178/1040
f 481/180/1041 499/177/1042 507/178/1043 503/179/1044
f 503/179/1045 502/1279/1046 482/1280/1047 481/180/1048
f 466/196/1049 575/202/1050 493/270/1051 492/176/1052
f 577/225/1053 579/181/1054 583/209/1055 584/226/1056
f 579/181/1057 580/182/1058 585/208/1059 583/209/1060
f 580/183/1061 581/220/1062 586/207/1063 585/206/1064
f 440/184/1065 439/192/1066 587/198/1067 453/283/1068
f 588/203/1069 465/284/1070 453/283/1071 587/198/1072
f 589/195/1073 590/188/1074 461/187/1075 462/190/1076
f 564/189/1077 587/198/1078 569/194/1079 451/185/1080
f 590/188/1081 591/199/1082 587/198/1083 564/189/1084
f 563/186/1085 461/187/1086 590/188/1087 564/189/1088
f 589/195/1089 462/190/1090 567/147/1091 568/191/1092
f 588/203/1093 592/197/1094 589/195/1095 568/191/1096
f 479/200/1097 593/204/1098 588/203/1099 568/191/1100
f 587/198/1101 439/192/1102 561/193/1103 569/194/1104
f 589/195/1105 592/197/1106 591/199/1107 590/188/1108
f 575/202/1109 466/196/1110 465/284/1111 588/203/1112
f 592/197/1113 588/203/1114 587/198/1115 591/199/1116
f 576/205/1117 593/204/1118 479/200/1119 480/201/1120
f 575/202/1121 588/203/1122 593/204/1123 576/205/1124
f 586/207/1125 594/222/1126 595/1597/1127 596/218/1128
f 585/206/1129 586/207/1130 596/218/1131 597/216/1132
f 583/209/1133 585/208/1134 597/213/1135 598/212/1136
f 584/226/1137 583/209/1138 598/212/1139 599/210/1140
f 493/270/1141 600/223/1142 584/226/1143 599/210/1144
f 496/211/1145 601/271/1146 493/270/1147 599/210/1148
f 599/210/1149 598/212/1150 490/215/1151 496/211/1152
f 598/212/1153 597/213/1154 488/214/1155 490/215/1156
f 597/216/1157 596/218/1158 484/219/1159 488/217/1160
f 596/218/1161 595/1597/1162 485/1273/1163 484/219/1164
f 581/220/1165 582/221/1166 594/222/1167 586/207/1168
f 582/221/1169 570/1587/1170 595/1597/1171 594/222/1172
f 493/270/1173 575/202/1174 578/224/1175 600/223/1176
f 600/223/1177 578/224/1178 577/225/1179 584/226/1180
f 487/228/1181 486/1274/1182 602/1596/1183 603/235/1184
f 489/227/1185 487/228/1186 603/235/1187 604/234/1188
f 491/230/1189 489/229/1190 604/233/1191 605/232/1192
f 497/268/1193 491/230/1194 605/232/1195 606/231/1196
f 494/269/1197 607/272/1198 497/268/1199 606/231/1200
f 608/275/1201 609/274/1202 494/269/1203 606/231/1204
f 606/231/1205 605/232/1206 610/238/1207 608/275/1208
f 605/232/1209 604/233/1210 611/237/1211 610/238/1212
f 604/234/1213 603/235/1214 612/257/1215 611/236/1216
f 603/235/1217 602/1596/1218 613/254/1219 612/257/1220
f 614/1312/1221 615/1314/1222 616/1282/1223 617/1287/1224
f 618/1308/1225 619/1310/1226 620/1288/1227 621/1487/1228
f 622/1471/1229 623/1303/1230 624/1306/1231 625/1486/1232
f 626/252/1233 611/236/1234 612/257/1235 627/256/1236
f 610/238/1237 611/237/1238 626/250/1239 628/249/1240
f 608/275/1241 610/238/1242 628/249/1243 629/246/1244
f 630/258/1245 631/240/1246 632/242/1247 633/259/1248
f 634/243/1249 631/241/1250 630/260/1251 635/261/1252
f 636/244/1253 634/243/1254 635/261/1255 637/1295/1256
f 638/1316/1257 505/1315/1258 495/239/1259 494/269/1260
f 639/1276/1261 640/1275/1262 633/259/1263 632/242/1264
f 641/251/1265 642/253/1266 632/242/1267 631/240/1268
f 643/248/1269 641/247/1270 631/241/1271 634/243/1272
f 642/253/1273 644/1601/1274 639/1276/1275 632/242/1276
f 638/1316/1277 645/273/1278 629/246/1279 646/245/1280
f 636/244/1281 647/1298/1282 638/1316/1283 646/245/1284
f 616/1282/1285 615/1314/1286 648/1313/1287 649/1300/1288
f 646/245/1289 643/248/1290 634/243/1291 636/244/1292
f 643/248/1293 646/245/1294 629/246/1295 628/249/1296
f 641/247/1297 643/248/1298 628/249/1299 626/250/1300
f 642/253/1301 641/251/1302 626/252/1303 627/256/1304
f 644/1601/1305 642/253/1306 627/256/1307 650/255/1308
f 602/1596/1309 644/1601/1310 650/255/1311 613/254/1312
f 613/254/1313 650/255/1314 627/256/1315 612/257/1316
f 633/259/1317 640/1275/1318 651/1600/1319 652/267/1320
f 653/266/1321 630/258/1322 633/259/1323 652/267/1324
f 635/261/1325 630/260/1326 653/263/1327 515/262/1328
f 637/1295/1329 635/261/1330 515/262/1331 514/1301/1332
f 515/262/1333 653/263/1334 510/264/1335 509/265/1336
f 653/266/1337 652/267/1338 654/277/1339 510/276/1340
f 652/267/1341 651/1600/1342 655/1277/1343 654/277/1344
f 607/272/1345 601/271/1346 496/211/1347 497/268/1348
f 638/1316/1349 494/269/1350 609/274/1351 645/273/1352
f 494/269/1353 493/270/1354 601/271/1355 607/272/1356
f 645/273/1357 609/274/1358 608/275/1359 629/246/1360
f 647/1298/1361 636/244/1362 637/1295/1363 656/1299/1364
f 510/276/1365 654/277/1366 657/1245/1367 511/1244/1368
f 654/277/1369 655/1277/1370 658/1448/1371 657/1245/1372
f 659/1436/1373 660/1294/1374 661/1293/1375 662/1439/1376
f 661/1293/1377 663/1297/1378 664/279/1379 662/1439/1380
f 512/1278/1381 511/278/1382 665/1440/1383 664/279/1384
f 666/1296/1385 512/1278/1386 664/279/1387 663/1297/1388
f 667/1548/1389 668/281/1390 520/1290/1391 469/1547/1392
f 668/281/1393 454/282/1394 464/1291/1395 520/1290/1396
f 522/280/1397 452/286/1398 454/282/1399 668/281/1400
f 523/1550/1401 522/280/1402 668/281/1403 667/1548/1404
f 467/93/1405 483/1281/1406 669/1552/1407 468/1551/1408
f 454/282/1409 453/283/1410 465/284/1411 464/1291/1412
f 443/285/1413 440/184/1414 452/286/1415 522/280/1416
f 413/288/1417 533/1649/1418 534/1646/1419 537/289/1420
f 544/1631/1421 414/287/1422 542/290/1423 541/1630/1424
f 414/287/1425 413/288/1426 537/289/1427 542/290/1428
f 425/1621/1429 544/1631/1430 670/1632/1431 671/1623/1432
f 556/1634/1433 555/1612/1434 672/1613/1435 673/1633/1436
f 445/1556/1437 556/1634/1438 674/1635/1439 675/1557/1440
f 676/371/1441 677/1356/1442 678/1354/1443 679/925/1444
f 3/2389/1445 2/2390/1446 680/291/1447 681/1006/1448
f 680/291/1449 676/371/1450 679/925/1451 681/1006/1452
f 2/2390/1453 1/2493/1454 676/371/1455 680/291/1456
f 682/908/1457 171/913/1458 683/912/1459 684/868/1460
f 685/1272/1461 528/1541/1462 686/1358/1463 687/1357/1464
f 688/776/1465 689/773/1466 690/915/1467 691/327/1468
f 692/742/1469 688/776/1470 691/327/1471 693/325/1472
f 694/746/1473 692/742/1474 693/325/1475 695/320/1476
f 696/743/1477 694/746/1478 695/320/1479 697/317/1480
f 698/711/1481 696/743/1482 697/317/1483 699/315/1484
f 700/790/1485 698/711/1486 699/315/1487 701/309/1488
f 702/792/1489 700/790/1490 701/309/1491 703/307/1492
f 704/939/1493 702/792/1494 703/307/1495 705/938/1496
f 706/1037/1497 707/941/1498 708/1254/1499 709/1253/1500
f 682/908/1501 710/1252/1502 151/1251/1503 171/913/1504
f 711/1355/1505 712/372/1506 713/370/1507 714/1353/1508
f 715/373/1509 716/374/1510 717/367/1511 718/369/1512
f 719/376/1513 720/375/1514 721/355/1515 722/366/1516
f 723/922/1517 720/375/1518 19/2503/1519 98/3099/1520
f 724/352/1521 725/353/1522 28/2449/1523 5/2393/1524
f 726/350/1525 724/352/1526 5/2393/1527 27/2440/1528
f 727/346/1529 728/348/1530 6/2439/1531 7/2438/1532
f 729/342/1533 730/343/1534 26/2437/1535 8/2394/1536
f 731/340/1537 729/342/1538 8/2394/1539 25/2426/1540
f 732/334/1541 733/335/1542 24/2424/1543 10/2395/1544
f 734/332/1545 732/334/1546 10/2395/1547 23/2415/1548
f 735/360/1549 11/2414/1550 20/2396/1551 736/361/1552
f 22/2413/1553 13/3285/1554 737/1097/1555 738/304/1556
f 117/3316/1557 15/3292/1558 156/1105/1559 155/1125/1560
f 739/1012/1561 740/1351/1562 714/1353/1563 713/370/1564
f 741/365/1565 742/1013/1566 718/369/1567 717/367/1568
f 743/292/1569 744/364/1570 722/366/1571 721/355/1572
f 745/918/1573 743/292/1574 721/355/1575 746/920/1576
f 747/293/1577 748/330/1578 749/354/1579 750/351/1580
f 751/323/1581 747/293/1582 750/351/1583 752/349/1584
f 753/322/1585 754/324/1586 755/347/1587 756/345/1588
f 757/294/1589 758/321/1590 759/344/1591 760/341/1592
f 761/313/1593 757/294/1594 760/341/1595 762/339/1596
f 763/295/1597 764/312/1598 765/336/1599 766/333/1600
f 767/305/1601 763/295/1602 766/333/1603 768/331/1604
f 769/302/1605 770/306/1606 771/363/1607 772/362/1608
f 773/296/1609 774/298/1610 775/300/1611 776/1096/1612
f 152/297/1613 773/296/1614 776/1096/1615 777/1122/1616
f 20/2396/1617 21/2409/1618 778/358/1619 736/361/1620
f 779/1015/1621 780/1014/1622 742/1013/1623 741/365/1624
f 781/1016/1625 782/368/1626 744/364/1627 743/292/1628
f 783/916/1629 781/1016/1630 743/292/1631 745/918/1632
f 784/328/1633 785/329/1634 748/330/1635 747/293/1636
f 786/326/1637 784/328/1638 747/293/1639 751/323/1640
f 695/320/1641 693/325/1642 754/324/1643 753/322/1644
f 787/318/1645 788/319/1646 758/321/1647 757/294/1648
f 789/316/1649 787/318/1650 757/294/1651 761/313/1652
f 790/310/1653 791/311/1654 764/312/1655 763/295/1656
f 792/308/1657 790/310/1658 763/295/1659 767/305/1660
f 705/938/1661 703/307/1662 770/306/1663 769/302/1664
f 774/298/1665 707/941/1666 793/940/1667 794/299/1668
f 708/1254/1669 707/941/1670 774/298/1671 773/296/1672
f 708/1254/1673 773/296/1674 152/297/1675 151/1251/1676
f 794/299/1677 793/940/1678 705/938/1679 769/302/1680
f 795/303/1681 796/301/1682 794/299/1683 769/302/1684
f 796/301/1685 775/300/1686 774/298/1687 794/299/1688
f 776/1096/1689 775/300/1690 796/301/1691 737/1097/1692
f 795/303/1693 738/304/1694 737/1097/1695 796/301/1696
f 21/2409/1697 29/2476/1698 797/356/1699 778/358/1700
f 798/359/1701 795/303/1702 769/302/1703 772/362/1704
f 798/359/1705 799/357/1706 738/304/1707 795/303/1708
f 12/2477/1709 22/2413/1710 738/304/1711 799/357/1712
f 735/360/1713 734/332/1714 23/2415/1715 11/2414/1716
f 770/306/1717 767/305/1718 768/331/1719 771/363/1720
f 703/307/1721 792/308/1722 767/305/1723 770/306/1724
f 703/307/1725 701/309/1726 790/310/1727 792/308/1728
f 701/309/1729 699/315/1730 791/311/1731 790/310/1732
f 764/312/1733 791/311/1734 699/315/1735 800/314/1736
f 765/336/1737 764/312/1738 800/314/1739 801/337/1740
f 24/2424/1741 733/335/1742 802/338/1743 9/2425/1744
f 802/338/1745 731/340/1746 25/2426/1747 9/2425/1748
f 800/314/1749 761/313/1750 762/339/1751 801/337/1752
f 699/315/1753 789/316/1754 761/313/1755 800/314/1756
f 699/315/1757 697/317/1758 787/318/1759 789/316/1760
f 697/317/1761 695/320/1762 788/319/1763 787/318/1764
f 758/321/1765 788/319/1766 695/320/1767 753/322/1768
f 759/344/1769 758/321/1770 753/322/1771 756/345/1772
f 26/2437/1773 730/343/1774 727/346/1775 7/2438/1776
f 728/348/1777 726/350/1778 27/2440/1779 6/2439/1780
f 754/324/1781 751/323/1782 752/349/1783 755/347/1784
f 693/325/1785 786/326/1786 751/323/1787 754/324/1788
f 693/325/1789 691/327/1790 784/328/1791 786/326/1792
f 691/327/1793 690/915/1794 785/329/1795 784/328/1796
f 748/330/1797 785/329/1798 690/915/1799 803/917/1800
f 749/354/1801 748/330/1802 803/917/1803 804/919/1804
f 28/2449/1805 725/353/1806 805/921/1807 4/3098/1808
f 771/363/1809 768/331/1810 734/332/1811 735/360/1812
f 768/331/1813 766/333/1814 732/334/1815 734/332/1816
f 766/333/1817 765/336/1818 733/335/1819 732/334/1820
f 802/338/1821 733/335/1822 765/336/1823 801/337/1824
f 801/337/1825 762/339/1826 731/340/1827 802/338/1828
f 762/339/1829 760/341/1830 729/342/1831 731/340/1832
f 760/341/1833 759/344/1834 730/343/1835 729/342/1836
f 727/346/1837 730/343/1838 759/344/1839 756/345/1840
f 756/345/1841 755/347/1842 728/348/1843 727/346/1844
f 755/347/1845 752/349/1846 726/350/1847 728/348/1848
f 752/349/1849 750/351/1850 724/352/1851 726/350/1852
f 750/351/1853 749/354/1854 725/353/1855 724/352/1856
f 805/921/1857 725/353/1858 749/354/1859 804/919/1860
f 746/920/1861 721/355/1862 720/375/1863 723/922/1864
f 29/2476/1865 12/2477/1866 799/357/1867 797/356/1868
f 778/358/1869 797/356/1870 799/357/1871 798/359/1872
f 736/361/1873 778/358/1874 798/359/1875 772/362/1876
f 735/360/1877 736/361/1878 772/362/1879 771/363/1880
f 782/368/1881 779/1015/1882 741/365/1883 744/364/1884
f 722/366/1885 744/364/1886 741/365/1887 717/367/1888
f 716/374/1889 719/376/1890 722/366/1891 717/367/1892
f 781/1016/1893 806/1018/1894 779/1015/1895 782/368/1896
f 718/369/1897 742/1013/1898 739/1012/1899 713/370/1900
f 712/372/1901 715/373/1902 718/369/1903 713/370/1904
f 1/2493/1905 16/3561/1906 677/1356/1907 676/371/1908
f 126/3564/1909 17/2495/1910 712/372/1911 711/1355/1912
f 17/2495/1913 31/2497/1914 715/373/1915 712/372/1916
f 31/2497/1917 18/2499/1918 716/374/1919 715/373/1920
f 18/2499/1921 30/2501/1922 719/376/1923 716/374/1924
f 30/2501/1925 19/2503/1926 720/375/1927 719/376/1928
f 807/962/1929 32/3149/1930 67/2735/1931 808/591/1932
f 809/958/1933 810/960/1934 811/589/1935 812/587/1936
f 813/550/1937 51/2512/1938 42/2510/1939 814/552/1940
f 815/394/1941 816/549/1942 817/551/1943 818/392/1944
f 55/2519/1945 62/2576/1946 819/562/1947 820/560/1948
f 821/592/1949 66/2727/1950 37/3133/1951 822/952/1952
f 823/610/1953 824/607/1954 825/583/1955 826/582/1956
f 49/2505/1957 875/380/1958 827/408/1959 58/2544/1960
f 827/408/1961 875/380/1962 874/378/1963 828/406/1964
f 829/1862/1965 831/404/1966 832/935/1967 830/1863/1968
f 1986/1977/1969 1985/1976/1970 835/377/1971 836/379/1972
f 1987/4233/1973 1986/1977/1974 836/379/1975 44/2508/1976
f 828/406/1977 874/378/1978 873/464/1979 837/463/1980
f 838/383/1981 839/580/1982 840/600/1983 841/594/1984
f 843/1388/1985 844/524/1986 845/525/1987 842/1387/1988
f 849/1364/1989 846/536/1990 847/539/1991 848/1394/1992
f 850/933/1993 832/935/1994 831/404/1995 851/460/1996
f 852/566/1997 54/2518/1998 56/3527/1999 853/1319/2000
f 856/1390/2001 857/528/2002 854/537/2003 855/1365/2004
f 48/2511/2005 64/2589/2006 858/556/2007 859/554/2008
f 860/456/2009 861/449/2010 862/482/2011 863/480/2012
f 866/1378/2013 867/466/2014 864/523/2015 865/1361/2016
f 869/1393/2017 870/541/2018 871/576/2019 868/1392/2020
f 835/377/2021 872/469/2022 873/464/2023 874/378/2024
f 836/379/2025 835/377/2026 874/378/2027 875/380/2028
f 49/2505/2029 44/2508/2030 836/379/2031 875/380/2032
f 1979/1971/2033 1978/1969/2034 880/1377/2035 881/1401/2036
f 882/461/2037 883/403/2038 884/407/2039 885/462/2040
f 886/409/2041 884/407/2042 883/403/2043 887/405/2044
f 45/2545/2045 886/409/2046 887/405/2047 57/2540/2048
f 888/486/2049 889/385/2050 890/381/2051 891/483/2052
f 892/382/2053 838/383/2054 893/395/2055 894/393/2056
f 895/1317/2057 896/936/2058 897/934/2059 898/1318/2060
f 899/937/2061 896/936/2062 895/1317/2063 876/1941/2064
f 133/3119/2065 899/937/2066 876/1941/2067 39/4195/2068
f 889/385/2069 900/522/2070 901/443/2071 890/381/2072
f 900/522/2073 889/385/2074 902/447/2075 903/446/2076
f 854/537/2077 857/528/2078 904/529/2079 905/538/2080
f 846/536/2081 906/543/2082 907/546/2083 847/539/2084
f 871/576/2085 870/541/2086 908/540/2087 909/445/2088
f 1969/1951/2089 928/1373/2090 912/1368/2091 1970/1953/2092
f 914/1366/2093 1972/1957/2094 1971/1955/2095 917/1371/2096
f 918/1399/2097 919/1362/2098 1976/1965/2099 1975/1963/2100
f 922/1374/2101 1977/1967/2102 1976/1965/2103 919/1362/2104
f 890/381/2105 901/443/2106 924/467/2107 892/382/2108
f 891/483/2109 890/381/2110 892/382/2111 894/393/2112
f 818/392/2113 817/551/2114 925/553/2115 926/481/2116
f 42/2510/2117 48/2511/2118 859/554/2119 814/552/2120
f 40/2728/2121 929/598/2122 930/384/2123 53/2517/2124
f 893/395/2125 838/383/2126 841/594/2127 931/595/2128
f 932/396/2129 933/547/2130 816/549/2131 815/394/2132
f 934/548/2133 52/2516/2134 51/2512/2135 813/550/2136
f 838/383/2137 892/382/2138 924/467/2139 839/580/2140
f 1984/1975/2141 872/469/2142 835/377/2143 1985/1976/2144
f 839/580/2145 936/468/2146 937/442/2147 938/581/2148
f 841/594/2149 840/600/2150 939/605/2151 940/604/2152
f 941/586/2153 942/588/2154 933/547/2155 932/396/2156
f 943/590/2157 33/2738/2158 52/2516/2159 934/548/2160
f 935/1980/2161 834/1982/2162 944/608/2163 826/582/2164
f 930/384/2165 944/608/2166 834/1982/2167 833/1984/2168
f 53/2517/2169 930/384/2170 833/1984/2171 50/4241/2172
f 945/453/2173 946/509/2174 947/487/2175 948/454/2176
f 949/577/2177 950/504/2178 951/506/2179 952/451/2180
f 952/451/2181 951/506/2182 953/510/2183 954/452/2184
f 955/564/2185 41/2577/2186 54/2518/2187 852/566/2188
f 947/487/2189 956/489/2190 957/455/2191 948/454/2192
f 958/558/2193 34/2590/2194 55/2519/2195 820/560/2196
f 959/490/2197 960/488/2198 961/414/2199 962/412/2200
f 963/511/2201 964/507/2202 965/416/2203 966/436/2204
f 964/507/2205 967/505/2206 968/418/2207 965/416/2208
f 969/459/2209 902/447/2210 889/385/2211 888/486/2212
f 970/542/2213 971/534/2214 972/517/2215 973/520/2216
f 855/1365/2217 854/537/2218 846/536/2219 849/1364/2220
f 974/410/2221 975/457/2222 976/387/2223 977/390/2224
f 978/476/2225 976/387/2226 975/457/2227 979/474/2228
f 980/411/2229 981/413/2230 982/398/2231 983/399/2232
f 984/434/2233 985/415/2234 986/388/2235 987/432/2236
f 985/415/2237 988/417/2238 989/402/2239 986/388/2240
f 990/427/2241 974/410/2242 977/390/2243 991/428/2244
f 977/390/2245 976/387/2246 992/386/2247 993/391/2248
f 994/479/2249 992/386/2250 976/387/2251 978/476/2252
f 983/399/2253 982/398/2254 995/397/2255 996/400/2256
f 987/432/2257 986/388/2258 997/389/2259 998/430/2260
f 986/388/2261 989/402/2262 999/401/2263 997/389/2264
f 991/428/2265 977/390/2266 993/391/2267 1000/429/2268
f 926/481/2269 891/483/2270 894/393/2271 818/392/2272
f 818/392/2273 894/393/2274 893/395/2275 815/394/2276
f 815/394/2277 893/395/2278 931/595/2279 932/396/2280
f 932/396/2281 931/595/2282 1001/597/2283 941/586/2284
f 812/587/2285 1002/585/2286 1003/956/2287 809/958/2288
f 1004/437/2289 961/414/2290 960/488/2291 1005/508/2292
f 1006/433/2293 982/398/2294 981/413/2295 1007/435/2296
f 1008/431/2297 995/397/2298 982/398/2299 1006/433/2300
f 1009/1856/2301 1010/423/2302 1011/422/2303 1012/1861/2304
f 1013/1860/2305 1861/1857/2306 1009/1856/2307 1012/1861/2308
f 1014/1391/2309 1015/533/2310 857/528/2311 856/1390/2312
f 1016/512/2313 902/447/2314 969/459/2315 1017/513/2316
f 845/525/2317 844/524/2318 903/446/2319 1018/448/2320
f 962/412/2321 1019/473/2322 1020/492/2323 959/490/2324
f 1021/477/2325 1022/475/2326 980/411/2327 983/399/2328
f 1023/478/2329 1021/477/2330 983/399/2331 996/400/2332
f 1024/1320/2333 125/3526/2334 35/3174/2335 1025/2012/2336
f 1026/579/2337 1027/578/2338 1028/515/2339 1029/502/2340
f 968/418/2341 967/505/2342 1030/503/2343 1031/420/2344
f 989/402/2345 988/417/2346 1032/421/2347 1033/1855/2348
f 999/401/2349 989/402/2350 1033/1855/2351 1034/1854/2352
f 1035/1395/2353 1973/1959/2354 1972/1957/2355 914/1366/2356
f 851/460/2357 831/404/2358 883/403/2359 882/461/2360
f 887/405/2361 883/403/2362 831/404/2363 829/1862/2364
f 57/2540/2365 887/405/2366 829/1862/2367 38/4073/2368
f 917/1371/2369 1971/1955/2370 1970/1953/2371 912/1368/2372
f 885/462/2373 884/407/2374 828/406/2375 837/463/2376
f 827/408/2377 828/406/2378 884/407/2379 886/409/2380
f 58/2544/2381 827/408/2382 886/409/2383 45/2545/2384
f 1026/579/2385 1029/502/2386 950/504/2387 949/577/2388
f 1037/419/2389 1038/987/2390 46/3171/2391 61/2557/2392
f 1039/955/2393 1040/1525/2394 1041/1535/2395 1042/957/2396
f 1043/924/2397 1040/923/2398 1039/950/2399 1044/953/2400
f 60/2762/2401 1043/924/2402 1044/953/2403 105/3132/2404
f 990/427/2405 1045/439/2406 1046/440/2407 974/410/2408
f 1047/458/2409 975/457/2410 974/410/2411 1046/440/2412
f 980/411/2413 1022/475/2414 1019/473/2415 962/412/2416
f 961/414/2417 981/413/2418 980/411/2419 962/412/2420
f 1007/435/2421 981/413/2422 961/414/2423 1004/437/2424
f 965/416/2425 985/415/2426 984/434/2427 966/436/2428
f 968/418/2429 988/417/2430 985/415/2431 965/416/2432
f 988/417/2433 968/418/2434 1031/420/2435 1032/421/2436
f 970/542/2437 973/520/2438 1048/568/2439 1049/573/2440
f 1050/444/2441 1051/450/2442 1052/567/2443 1037/419/2444
f 1050/444/2445 1037/419/2446 61/2557/2447 36/2585/2448
f 1053/424/2449 1054/501/2450 1055/500/2451 1056/425/2452
f 1030/503/2453 1054/501/2454 1053/424/2455 1031/420/2456
f 1010/423/2457 1032/421/2458 1031/420/2459 1053/424/2460
f 1033/1855/2461 1032/421/2462 1010/423/2463 1009/1856/2464
f 1055/500/2465 1057/499/2466 1058/438/2467 1056/425/2468
f 1011/422/2469 1056/425/2470 1058/438/2471 1059/426/2472
f 1011/422/2473 1059/426/2474 1060/1858/2475 1012/1861/2476
f 1011/422/2477 1010/423/2478 1053/424/2479 1056/425/2480
f 1059/426/2481 1058/438/2482 1045/439/2483 990/427/2484
f 1059/426/2485 990/427/2486 991/428/2487 1060/1858/2488
f 1862/1859/2489 1060/1858/2490 991/428/2491 1000/429/2492
f 998/430/2493 1008/431/2494 1006/433/2495 987/432/2496
f 987/432/2497 1006/433/2498 1007/435/2499 984/434/2500
f 984/434/2501 1007/435/2502 1004/437/2503 966/436/2504
f 966/436/2505 1004/437/2506 1005/508/2507 963/511/2508
f 954/452/2509 953/510/2510 946/509/2511 945/453/2512
f 62/2576/2513 41/2577/2514 955/564/2515 819/562/2516
f 1061/498/2517 1045/439/2518 1058/438/2519 1057/499/2520
f 1062/497/2521 1046/440/2522 1045/439/2523 1061/498/2524
f 1063/496/2525 1047/458/2526 1046/440/2527 1062/497/2528
f 901/443/2529 867/466/2530 1064/465/2531 924/467/2532
f 1969/1951/2533 1968/1949/2534 1066/1383/2535 928/1373/2536
f 1966/441/2537 937/442/2538 936/468/2539 1068/4506/2540
f 1067/4505/2541 936/468/2542 1064/465/2543 1069/1379/2544
f 900/522/2545 864/523/2546 867/466/2547 901/443/2548
f 1050/444/2549 36/2585/2550 63/3110/2551 1070/930/2552
f 1070/930/2553 909/445/2554 1051/450/2555 1050/444/2556
f 909/445/2557 908/540/2558 1071/569/2559 1051/450/2560
f 1071/569/2561 908/540/2562 907/546/2563 1072/545/2564
f 1073/530/2565 1018/448/2566 1016/512/2567 1074/521/2568
f 903/446/2569 902/447/2570 1016/512/2571 1018/448/2572
f 1075/485/2573 1076/484/2574 862/482/2575 861/449/2576
f 1017/513/2577 969/459/2578 1077/495/2579 1078/514/2580
f 1075/485/2581 861/449/2582 956/489/2583 1079/491/2584
f 957/455/2585 956/489/2586 861/449/2587 860/456/2588
f 64/2589/2589 34/2590/2590 958/558/2591 858/556/2592
f 1051/450/2593 1071/569/2594 1080/572/2595 1052/567/2596
f 1081/1322/2597 949/577/2598 952/451/2599 1082/565/2600
f 1082/565/2601 952/451/2602 954/452/2603 1083/563/2604
f 1083/563/2605 954/452/2606 945/453/2607 1084/561/2608
f 1084/561/2609 945/453/2610 948/454/2611 1085/559/2612
f 1085/559/2613 948/454/2614 957/455/2615 1086/557/2616
f 1086/557/2617 957/455/2618 860/456/2619 1087/555/2620
f 1087/555/2621 860/456/2622 863/480/2623 925/553/2624
f 972/517/2625 1074/521/2626 1016/512/2627 1088/518/2628
f 1089/472/2629 979/474/2630 975/457/2631 1047/458/2632
f 1090/494/2633 1089/472/2634 1047/458/2635 1063/496/2636
f 969/459/2637 888/486/2638 1091/493/2639 1077/495/2640
f 1978/1969/2641 1977/1967/2642 922/1374/2643 880/1377/2644
f 897/934/2645 921/1962/2646 920/1964/2647 898/1318/2648
f 851/460/2649 1036/1958/2650 1092/1960/2651 850/933/2652
f 1036/1958/2653 851/460/2654 882/461/2655 915/1956/2656
f 915/1956/2657 882/461/2658 885/462/2659 916/1954/2660
f 916/1954/2661 885/462/2662 837/463/2663 913/1952/2664
f 873/464/2665 927/1950/2666 913/1952/2667 837/463/2668
f 872/469/2669 1065/1948/2670 927/1950/2671 873/464/2672
f 1069/1379/2673 1064/465/2674 867/466/2675 866/1378/2676
f 839/580/2677 924/467/2678 1064/465/2679 936/468/2680
f 1968/1949/2681 1967/1947/2682 1094/470/2683 1066/1383/2684
f 1984/1975/2685 1093/1974/2686 1065/1948/2687 872/469/2688
f 1094/470/2689 1967/1947/2690 1966/1946/2691 1068/471/2692
f 888/486/2693 1075/485/2694 1079/491/2695 1091/493/2696
f 1090/494/2697 1020/492/2698 1019/473/2699 1089/472/2700
f 1089/472/2701 1019/473/2702 1022/475/2703 979/474/2704
f 979/474/2705 1022/475/2706 1021/477/2707 978/476/2708
f 978/476/2709 1021/477/2710 1023/478/2711 994/479/2712
f 925/553/2713 863/480/2714 862/482/2715 926/481/2716
f 926/481/2717 862/482/2718 1076/484/2719 891/483/2720
f 891/483/2721 1076/484/2722 1075/485/2723 888/486/2724
f 1005/508/2725 960/488/2726 947/487/2727 946/509/2728
f 956/489/2729 947/487/2730 960/488/2731 959/490/2732
f 1020/492/2733 1079/491/2734 956/489/2735 959/490/2736
f 1091/493/2737 1079/491/2738 1020/492/2739 1090/494/2740
f 1091/493/2741 1090/494/2742 1063/496/2743 1077/495/2744
f 1077/495/2745 1063/496/2746 1062/497/2747 1078/514/2748
f 1078/514/2749 1062/497/2750 1061/498/2751 1088/518/2752
f 1088/518/2753 1061/498/2754 1057/499/2755 1095/519/2756
f 1096/516/2757 1095/519/2758 1057/499/2759 1055/500/2760
f 1054/501/2761 1028/515/2762 1096/516/2763 1055/500/2764
f 1029/502/2765 1028/515/2766 1054/501/2767 1030/503/2768
f 967/505/2769 950/504/2770 1029/502/2771 1030/503/2772
f 951/506/2773 950/504/2774 967/505/2775 964/507/2776
f 953/510/2777 951/506/2778 964/507/2779 963/511/2780
f 1005/508/2781 946/509/2782 953/510/2783 963/511/2784
f 1097/532/2785 845/525/2786 1018/448/2787 1073/530/2788
f 1088/518/2789 1016/512/2790 1017/513/2791 1078/514/2792
f 1101/986/2793 1098/575/2794 1099/571/2795 1100/985/2796
f 1027/578/2797 1099/571/2798 1102/570/2799 1028/515/2800
f 1100/985/2801 1099/571/2802 1027/578/2803 1103/1325/2804
f 1048/568/2805 1096/516/2806 1028/515/2807 1102/570/2808
f 973/520/2809 1095/519/2810 1096/516/2811 1048/568/2812
f 972/517/2813 1088/518/2814 1095/519/2815 973/520/2816
f 1104/535/2817 905/538/2818 904/529/2819 1105/527/2820
f 1104/535/2821 1105/527/2822 1106/526/2823 971/534/2824
f 1107/531/2825 1073/530/2826 1074/521/2827 1106/526/2828
f 972/517/2829 971/534/2830 1106/526/2831 1074/521/2832
f 864/523/2833 900/522/2834 903/446/2835 844/524/2836
f 865/1361/2837 864/523/2838 844/524/2839 843/1388/2840
f 842/1387/2841 845/525/2842 1097/532/2843 1108/1389/2844
f 1106/526/2845 1105/527/2846 904/529/2847 1107/531/2848
f 857/528/2849 1015/533/2850 1107/531/2851 904/529/2852
f 1015/533/2853 1097/532/2854 1073/530/2855 1107/531/2856
f 1108/1389/2857 1097/532/2858 1015/533/2859 1014/1391/2860
f 1109/544/2861 1104/535/2862 971/534/2863 970/542/2864
f 906/543/2865 905/538/2866 1104/535/2867 1109/544/2868
f 846/536/2869 854/537/2870 905/538/2871 906/543/2872
f 848/1394/2873 847/539/2874 870/541/2875 869/1393/2876
f 847/539/2877 907/546/2878 908/540/2879 870/541/2880
f 970/542/2881 1049/573/2882 1072/545/2883 1109/544/2884
f 906/543/2885 1109/544/2886 1072/545/2887 907/546/2888
f 810/960/2889 807/962/2890 808/591/2891 811/589/2892
f 942/588/2893 943/590/2894 934/548/2895 933/547/2896
f 933/547/2897 934/548/2898 813/550/2899 816/549/2900
f 816/549/2901 813/550/2902 814/552/2903 817/551/2904
f 859/554/2905 925/553/2906 817/551/2907 814/552/2908
f 858/556/2909 1087/555/2910 925/553/2911 859/554/2912
f 958/558/2913 1086/557/2914 1087/555/2915 858/556/2916
f 1086/557/2917 958/558/2918 820/560/2919 1085/559/2920
f 819/562/2921 1084/561/2922 1085/559/2923 820/560/2924
f 955/564/2925 1083/563/2926 1084/561/2927 819/562/2928
f 1083/563/2929 955/564/2930 852/566/2931 1082/565/2932
f 1082/565/2933 852/566/2934 853/1319/2935 1081/1322/2936
f 1052/567/2937 1080/572/2938 1098/575/2939 1101/986/2940
f 1038/987/2941 1037/419/2942 1052/567/2943 1101/986/2944
f 1049/573/2945 1048/568/2946 1102/570/2947 1110/574/2948
f 1049/573/2949 1080/572/2950 1071/569/2951 1072/545/2952
f 1110/574/2953 1102/570/2954 1099/571/2955 1098/575/2956
f 1080/572/2957 1049/573/2958 1110/574/2959 1098/575/2960
f 1111/932/2961 871/576/2962 909/445/2963 1070/930/2964
f 868/1392/2965 871/576/2966 1111/932/2967 1112/4163/2968
f 1113/1324/2969 1114/1323/2970 1024/1320/2971 1025/2012/2972
f 1115/1321/2973 1026/579/2974 949/577/2975 1081/1322/2976
f 1103/1325/2977 1027/578/2978 1026/579/2979 1115/1321/2980
f 839/580/2981 938/581/2982 825/601/2983 840/600/2984
f 935/1980/2985 826/582/2986 825/583/2987 938/1978/2988
f 1116/584/2989 1117/954/2990 1003/956/2991 1002/585/2992
f 1118/599/2993 929/598/2994 821/592/2995 1116/593/2996
f 929/598/2997 40/2728/2998 66/2727/2999 821/592/3000
f 1118/596/3001 1116/584/3002 1002/585/3003 1001/597/3004
f 941/586/3005 1001/597/3006 1002/585/3007 812/587/3008
f 811/589/3009 942/588/3010 941/586/3011 812/587/3012
f 808/591/3013 943/590/3014 942/588/3015 811/589/3016
f 67/2735/3017 33/2738/3018 943/590/3019 808/591/3020
f 821/592/3021 822/952/3022 1117/951/3023 1116/593/3024
f 841/594/3025 940/604/3026 1001/597/3027 931/595/3028
f 1119/603/3029 1118/596/3030 1001/597/3031 940/604/3032
f 944/608/3033 930/384/3034 929/598/3035 1120/609/3036
f 929/598/3037 1118/599/3038 1119/606/3039 1120/609/3040
f 840/600/3041 825/601/3042 824/602/3043 939/605/3044
f 824/602/3045 1119/603/3046 940/604/3047 939/605/3048
f 1120/609/3049 1119/606/3050 824/607/3051 823/610/3052
f 944/608/3053 1120/609/3054 823/610/3055 826/582/3056
f 1121/1009/3057 1122/1542/3058 1123/1545/3059 1124/1007/3060
f 1125/613/3061 1126/611/3062 1127/612/3063 1040/923/3064
f 1128/1146/3065 1129/1145/3066 1125/613/3067 1040/923/3068
f 121/3335/3069 1130/1142/3070 1043/924/3071 60/2762/3072
f 1131/825/3073 1132/1768/3074 1133/1766/3075 1134/672/3076
f 1135/705/3077 1136/704/3078 1137/701/3079 1138/646/3080
f 1139/808/3081 1140/832/3082 1141/831/3083 1142/805/3084
f 1143/738/3085 1144/737/3086 1145/733/3087 1146/653/3088
f 1147/770/3089 1148/769/3090 1149/767/3091 1150/766/3092
f 1151/1655/3093 1152/639/3094 1153/2030/3095 1154/1656/3096
f 1155/674/3097 1156/897/3098 1157/895/3099 1158/876/3100
f 1159/648/3101 1160/615/3102 1161/617/3103 1162/649/3104
f 1163/616/3105 1164/622/3106 1165/624/3107 1166/618/3108
f 1167/1777/3109 1168/1778/3110 1169/838/3111 1170/846/3112
f 1171/1781/3113 1172/1782/3114 1173/644/3115 1174/839/3116
f 1175/651/3117 1176/645/3118 1177/1784/3119 1178/1786/3120
f 1179/619/3121 1180/652/3122 1181/1788/3123 1182/1790/3124
f 1183/626/3125 1184/620/3126 1185/1792/3127 1186/1794/3128
f 1174/839/3129 1173/644/3130 1187/702/3131 1188/703/3132
f 1189/734/3133 1190/736/3134 1176/645/3135 1175/651/3136
f 1149/767/3137 1148/769/3138 1180/652/3139 1179/619/3140
f 1191/629/3141 1192/630/3142 1193/621/3143 1194/768/3144
f 1195/631/3145 1196/638/3146 1197/1021/3147 1198/1023/3148
f 1199/614/3149 71/2763/3150 69/3078/3151 1200/902/3152
f 1201/623/3153 1202/632/3154 1203/633/3155 1204/625/3156
f 93/2094/3157 71/2763/3158 1199/614/3159 1205/2095/3160
f 1199/614/3161 1200/902/3162 1206/1537/3163 1207/2038/3164
f 3141/2792/3165 3184/4013/3166 3948/4307/3167 3173/4306/3168
f 1212/1773/3169 1213/1181/3170 1214/842/3171 1215/1775/3172
f 1193/621/3173 1192/630/3174 1216/1022/3175 1217/664/3176
f 1218/713/3177 1219/747/3178 1220/748/3179 1221/715/3180
f 1222/730/3181 1143/738/3182 1146/653/3183 1223/666/3184
f 1224/698/3185 1135/705/3186 1138/646/3187 1225/668/3188
f 1226/806/3189 1141/831/3190 1227/855/3191 1228/847/3192
f 1229/812/3193 1230/811/3194 1231/794/3195 1232/670/3196
f 1191/629/3197 1194/768/3198 1184/620/3199 1183/626/3200
f 1233/635/3201 1234/637/3202 1235/628/3203 1236/627/3204
f 1237/1798/3205 1233/635/3206 1236/627/3207 1238/1796/3208
f 1152/639/3209 1239/636/3210 1240/2031/3211 1153/2030/3212
f 1234/637/3213 1196/638/3214 1195/631/3215 1235/628/3216
f 1205/2095/3217 1199/614/3218 1207/2038/3219 1243/2096/3220
f 70/2847/3221 75/2818/3222 1244/898/3223 1245/676/3224
f 1246/863/3225 1131/825/3226 1134/672/3227 1247/862/3228
f 80/2810/3229 77/2769/3230 1160/615/3231 1159/648/3232
f 1164/622/3233 1163/616/3234 72/2768/3235 78/2778/3236
f 1202/632/3237 1201/623/3238 73/2777/3239 79/2789/3240
f 74/2093/3241 3138/2791/3242 3135/2765/3243 93/2094/3244
f 1161/617/3245 1248/1791/3246 1249/1789/3247 1162/649/3248
f 1250/1795/3249 1251/1793/3250 1166/618/3251 1165/624/3252
f 1203/633/3253 1252/1799/3254 1253/1797/3255 1204/625/3256
f 1257/826/3257 1258/1772/3258 1259/1774/3259 1260/845/3260
f 2021/2033/3261 1240/2031/3262 1239/636/3263 1261/634/3264
f 1262/1800/3265 2022/2035/3266 2021/2033/3267 1261/634/3268
f 1163/616/3269 1160/615/3270 77/2769/3271 72/2768/3272
f 1160/615/3273 1163/616/3274 1166/618/3275 1161/617/3276
f 1251/1793/3277 1248/1791/3278 1161/617/3279 1166/618/3280
f 1184/620/3281 1179/619/3282 1182/1790/3283 1185/1792/3284
f 1194/768/3285 1149/767/3286 1179/619/3287 1184/620/3288
f 1263/764/3289 1264/765/3290 1194/768/3291 1193/621/3292
f 1263/764/3293 1193/621/3294 1217/664/3295 1265/761/3296
f 1201/623/3297 1164/622/3298 78/2778/3299 73/2777/3300
f 1164/622/3301 1201/623/3302 1204/625/3303 1165/624/3304
f 1253/1797/3305 1250/1795/3306 1165/624/3307 1204/625/3308
f 1236/627/3309 1183/626/3310 1186/1794/3311 1238/1796/3312
f 1235/628/3313 1191/629/3314 1183/626/3315 1236/627/3316
f 1235/628/3317 1195/631/3318 1192/630/3319 1191/629/3320
f 1192/630/3321 1195/631/3322 1198/1023/3323 1216/1022/3324
f 1153/2030/3325 1241/2032/3326 1266/1657/3327 1154/1656/3328
f 1208/2098/3329 1202/632/3330 79/2789/3331 74/2093/3332
f 1202/632/3333 1208/2098/3334 1211/2097/3335 1203/633/3336
f 1211/2097/3337 1254/1801/3338 1252/1799/3339 1203/633/3340
f 1262/1800/3341 1261/634/3342 1233/635/3343 1237/1798/3344
f 1261/634/3345 1239/636/3346 1234/637/3347 1233/635/3348
f 1239/636/3349 1152/639/3350 1196/638/3351 1234/637/3352
f 1196/638/3353 1152/639/3354 1151/1655/3355 1197/1021/3356
f 1267/650/3357 1268/1787/3358 1269/1785/3359 1270/642/3360
f 1271/641/3361 1272/647/3362 1267/650/3363 1270/642/3364
f 81/2801/3365 85/2809/3366 1272/647/3367 1271/641/3368
f 1273/1780/3369 1274/836/3370 1275/643/3371 1276/1783/3372
f 1277/834/3373 1278/640/3374 1275/643/3375 1274/836/3376
f 82/3000/3377 84/2800/3378 1278/640/3379 1277/834/3380
f 1279/1779/3381 1280/1776/3382 1281/843/3383 1282/835/3384
f 1283/841/3385 1284/833/3386 1282/835/3387 1281/843/3388
f 83/3009/3389 94/2999/3390 1284/833/3391 1283/841/3392
f 1285/1184/3393 1286/840/3394 1214/842/3395 1213/1181/3396
f 95/3010/3397 1286/840/3398 1285/1184/3399 122/3384/3400
f 84/2800/3401 81/2801/3402 1271/641/3403 1278/640/3404
f 1278/640/3405 1271/641/3406 1270/642/3407 1275/643/3408
f 1270/642/3409 1269/1785/3410 1276/1783/3411 1275/643/3412
f 1173/644/3413 1172/1782/3414 1177/1784/3415 1176/645/3416
f 1187/702/3417 1173/644/3418 1176/645/3419 1190/736/3420
f 1138/646/3421 1137/701/3422 1287/700/3423 1288/686/3424
f 1138/646/3425 1288/686/3426 1289/687/3427 1225/668/3428
f 85/2809/3429 80/2810/3430 1159/648/3431 1272/647/3432
f 1272/647/3433 1159/648/3434 1162/649/3435 1267/650/3436
f 1162/649/3437 1249/1789/3438 1268/1787/3439 1267/650/3440
f 1180/652/3441 1175/651/3442 1178/1786/3443 1181/1788/3444
f 1148/769/3445 1189/734/3446 1175/651/3447 1180/652/3448
f 1146/653/3449 1145/733/3450 1290/732/3451 1291/712/3452
f 1146/653/3453 1291/712/3454 1292/714/3455 1223/666/3456
f 1188/703/3457 1293/706/3458 1294/787/3459 1295/793/3460
f 1296/786/3461 1294/787/3462 1293/706/3463 1297/699/3464
f 1298/823/3465 1229/812/3466 1232/670/3467 1299/821/3468
f 1300/827/3469 1301/809/3470 1229/812/3471 1298/823/3472
f 1302/1771/3473 1258/1772/3474 1257/826/3475 1303/828/3476
f 1131/825/3477 1246/863/3478 1304/865/3479 1212/1773/3480
f 1305/1178/3481 1306/893/3482 1285/1184/3483 1307/1180/3484
f 87/3070/3485 1308/900/3486 1244/898/3487 75/2818/3488
f 1309/844/3489 1301/809/3490 1257/826/3491 1260/845/3492
f 1310/1185/3493 1311/896/3494 1308/900/3495 1312/899/3496
f 1244/898/3497 1156/897/3498 1155/674/3499 1245/676/3500
f 1313/759/3501 1314/665/3502 1315/657/3503 1316/757/3504
f 1317/667/3505 1318/717/3506 1319/716/3507 1320/659/3508
f 1321/669/3509 1322/689/3510 1323/688/3511 1324/658/3512
f 1325/784/3513 1326/697/3514 1327/695/3515 1328/781/3516
f 1329/671/3517 1330/796/3518 1331/795/3519 1332/654/3520
f 1333/673/3521 1334/1764/3522 1335/1762/3523 1336/655/3524
f 1337/656/3525 1338/675/3526 1339/878/3527 1340/877/3528
f 1341/718/3529 1342/750/3530 1343/749/3531 1344/719/3532
f 1345/819/3533 1329/671/3534 1332/654/3535 1346/817/3536
f 1347/861/3537 1333/673/3538 1336/655/3539 1348/859/3540
f 1349/1171/3541 1338/675/3542 1337/656/3543 1350/1172/3544
f 1314/665/3545 1351/1025/3546 1352/1024/3547 1315/657/3548
f 1353/696/3549 1321/669/3550 1324/658/3551 1354/694/3552
f 1355/728/3553 1317/667/3554 1320/659/3555 1356/726/3556
f 1357/801/3557 1358/803/3558 1359/850/3559 1360/849/3560
f 1316/755/3561 1315/661/3562 1361/772/3563 1362/771/3564
f 1320/663/3565 1319/720/3566 1363/740/3567 1364/677/3568
f 1324/662/3569 1323/690/3570 1365/708/3571 1366/678/3572
f 1328/779/3573 1327/691/3574 1367/789/3575 1368/788/3576
f 1332/660/3577 1331/797/3578 1369/798/3579 1370/867/3580
f 1336/871/3581 1335/1759/3582 1371/1758/3583 1372/911/3584
f 1373/995/3585 1337/682/3586 1340/879/3587 1374/967/3588
f 1344/721/3589 1343/751/3590 1375/752/3591 1376/741/3592
f 1346/815/3593 1332/660/3594 1370/867/3595 1377/866/3596
f 1378/872/3597 1372/911/3598 1379/1192/3599 1380/1189/3600
f 1315/661/3601 1352/1031/3602 1381/1030/3603 1361/772/3604
f 1354/692/3605 1324/662/3606 1366/678/3607 1382/693/3608
f 1356/723/3609 1320/663/3610 1364/677/3611 1383/724/3612
f 1384/1039/3613 1357/800/3614 1360/853/3615 1385/1040/3616
f 1217/664/3617 1216/1022/3618 1351/1025/3619 1314/665/3620
f 1265/761/3621 1217/664/3622 1314/665/3623 1313/759/3624
f 1221/715/3625 1220/748/3626 1342/750/3627 1341/718/3628
f 1223/666/3629 1292/714/3630 1318/717/3631 1317/667/3632
f 1222/730/3633 1223/666/3634 1317/667/3635 1355/728/3636
f 1225/668/3637 1289/687/3638 1322/689/3639 1321/669/3640
f 1224/698/3641 1225/668/3642 1321/669/3643 1353/696/3644
f 1325/784/3645 1296/786/3646 1297/699/3647 1326/697/3648
f 1358/803/3649 1226/806/3650 1228/847/3651 1359/850/3652
f 1232/670/3653 1231/794/3654 1330/796/3655 1329/671/3656
f 1299/821/3657 1232/670/3658 1329/671/3659 1345/819/3660
f 1134/672/3661 1133/1766/3662 1334/1764/3663 1333/673/3664
f 1247/862/3665 1134/672/3666 1333/673/3667 1347/861/3668
f 1338/675/3669 1155/674/3670 1158/876/3671 1339/878/3672
f 1245/676/3673 1155/674/3674 1338/675/3675 1349/1171/3676
f 1386/1170/3677 70/2847/3678 1245/676/3679 1349/1171/3680
f 1387/1269/3681 395/679/3682 1388/909/3683 1389/1271/3684
f 1361/772/3685 1381/1030/3686 1390/1017/3687 689/773/3688
f 1391/774/3689 689/773/3690 688/776/3691 1392/753/3692
f 1376/741/3693 1375/752/3694 1393/775/3695 692/742/3696
f 1364/677/3697 1363/740/3698 1394/739/3699 1395/745/3700
f 1383/724/3701 1364/677/3702 1395/745/3703 1396/744/3704
f 1366/678/3705 1365/708/3706 1397/707/3707 1398/710/3708
f 1382/693/3709 1366/678/3710 1398/710/3711 1399/709/3712
f 1400/791/3713 700/790/3714 702/792/3715 1401/777/3716
f 1370/867/3717 1369/798/3718 1402/1250/3719 684/868/3720
f 1403/869/3721 684/868/3722 683/912/3723 1404/813/3724
f 1388/909/3725 395/679/3726 396/680/3727 399/681/3728
f 1388/909/3729 399/681/3730 401/901/3731 1405/910/3732
f 1406/1350/3733 686/1358/3734 1122/1542/3735 1121/1009/3736
f 1407/1169/3737 1350/1168/3738 1337/682/3739 1373/995/3740
f 70/2847/3741 1386/1170/3742 1408/1173/3743 88/683/3744
f 115/684/3745 111/1164/3746 1409/1163/3747 1410/685/3748
f 1410/685/3749 1409/1163/3750 1411/1069/3751 1412/914/3752
f 113/1092/3753 3347/1081/3754 3445/929/3755 108/1000/3756
f 109/926/3757 3443/927/3758 3343/1077/3759 132/1071/3760
f 3141/2792/3761 3173/4306/3762 3135/2765/3763 3138/2791/3764
f 1243/2096/3765 2024/2040/3766 1254/1801/3767 1211/2097/3768
f 2024/2040/3769 2023/2037/3770 1254/1801/3771
f 1188/703/3772 1187/702/3773 1137/701/3774 1136/704/3775
f 1288/686/3776 1287/700/3777 1190/736/3778 1419/735/3779
f 1289/687/3780 1288/686/3781 1419/735/3782 1420/731/3783
f 1322/689/3784 1289/687/3785 1420/731/3786 1421/729/3787
f 1323/688/3788 1322/689/3789 1421/729/3790 1422/727/3791
f 1365/708/3792 1323/690/3793 1422/722/3794 1423/725/3795
f 1398/710/3796 1397/707/3797 696/743/3798 698/711/3799
f 1367/789/3800 1382/693/3801 1399/709/3802 700/790/3803
f 1327/691/3804 1354/692/3805 1382/693/3806 1367/789/3807
f 1326/697/3808 1353/696/3809 1354/694/3810 1327/695/3811
f 1297/699/3812 1224/698/3813 1353/696/3814 1326/697/3815
f 1293/706/3816 1135/705/3817 1224/698/3818 1297/699/3819
f 1287/700/3820 1137/701/3821 1187/702/3822 1190/736/3823
f 1188/703/3824 1136/704/3825 1135/705/3826 1293/706/3827
f 1397/707/3828 1365/708/3829 1423/725/3830 696/743/3831
f 700/790/3832 1399/709/3833 1398/710/3834 698/711/3835
f 1144/737/3836 1190/736/3837 1189/734/3838 1145/733/3839
f 1291/712/3840 1290/732/3841 1148/769/3842 1218/713/3843
f 1292/714/3844 1291/712/3845 1218/713/3846 1221/715/3847
f 1318/717/3848 1292/714/3849 1221/715/3850 1341/718/3851
f 1319/716/3852 1318/717/3853 1341/718/3854 1344/719/3855
f 1363/740/3856 1319/720/3857 1344/721/3858 1376/741/3859
f 1395/745/3860 1394/739/3861 692/742/3862 694/746/3863
f 1423/725/3864 1383/724/3865 1396/744/3866 696/743/3867
f 1422/722/3868 1356/723/3869 1383/724/3870 1423/725/3871
f 1421/729/3872 1355/728/3873 1356/726/3874 1422/727/3875
f 1420/731/3876 1222/730/3877 1355/728/3878 1421/729/3879
f 1419/735/3880 1143/738/3881 1222/730/3882 1420/731/3883
f 1290/732/3884 1145/733/3885 1189/734/3886 1148/769/3887
f 1419/735/3888 1190/736/3889 1144/737/3890 1143/738/3891
f 1394/739/3892 1363/740/3893 1376/741/3894 692/742/3895
f 696/743/3896 1396/744/3897 1395/745/3898 694/746/3899
f 1219/747/3900 1147/770/3901 1150/766/3902 1424/763/3903
f 1220/748/3904 1219/747/3905 1424/763/3906 1425/762/3907
f 1342/750/3908 1220/748/3909 1425/762/3910 1426/760/3911
f 1343/749/3912 1342/750/3913 1426/760/3914 1427/758/3915
f 1375/752/3916 1343/751/3917 1427/754/3918 1428/756/3919
f 1392/753/3920 1393/775/3921 1375/752/3922 1428/756/3923
f 1428/756/3924 1362/771/3925 1391/774/3926 1392/753/3927
f 1427/754/3928 1316/755/3929 1362/771/3930 1428/756/3931
f 1426/760/3932 1313/759/3933 1316/757/3934 1427/758/3935
f 1425/762/3936 1265/761/3937 1313/759/3938 1426/760/3939
f 1424/763/3940 1263/764/3941 1265/761/3942 1425/762/3943
f 1424/763/3944 1150/766/3945 1264/765/3946 1263/764/3947
f 1264/765/3948 1150/766/3949 1149/767/3950 1194/768/3951
f 1218/713/3952 1148/769/3953 1147/770/3954 1219/747/3955
f 1362/771/3956 1361/772/3957 689/773/3958 1391/774/3959
f 692/742/3960 1393/775/3961 1392/753/3962 688/776/3963
f 1429/848/3964 1430/858/3965 1431/830/3966 1432/785/3967
f 1433/851/3968 1429/848/3969 1432/785/3970 1434/783/3971
f 1435/852/3972 1433/851/3973 1434/783/3974 1436/782/3975
f 1437/942/3976 1435/854/3977 1436/778/3978 1438/780/3979
f 1401/777/3980 1439/943/3981 1437/942/3982 1438/780/3983
f 1438/780/3984 1368/788/3985 1400/791/3986 1401/777/3987
f 1436/778/3988 1328/779/3989 1368/788/3990 1438/780/3991
f 1434/783/3992 1325/784/3993 1328/781/3994 1436/782/3995
f 1434/783/3996 1432/785/3997 1296/786/3998 1325/784/3999
f 1432/785/4000 1431/830/4001 1294/787/4002 1296/786/4003
f 1440/829/4004 1295/793/4005 1294/787/4006 1431/830/4007
f 1368/788/4008 1367/789/4009 700/790/4010 1400/791/4011
f 704/939/4012 1439/943/4013 1401/777/4014 702/792/4015
f 1440/829/4016 1441/837/4017 1188/703/4018 1295/793/4019
f 1230/811/4020 1142/805/4021 1442/807/4022 1231/794/4023
f 1330/796/4024 1231/794/4025 1442/807/4026 1443/804/4027
f 1331/795/4028 1330/796/4029 1443/804/4030 1444/802/4031
f 1369/798/4032 1331/797/4033 1444/799/4034 1445/1038/4035
f 1402/1250/4036 1369/798/4037 1445/1038/4038 706/1037/4039
f 1444/799/4040 1357/800/4041 1384/1039/4042 1445/1038/4043
f 1443/804/4044 1358/803/4045 1357/801/4046 1444/802/4047
f 1442/807/4048 1226/806/4049 1358/803/4050 1443/804/4051
f 1142/805/4052 1141/831/4053 1226/806/4054 1442/807/4055
f 1139/808/4056 1142/805/4057 1230/811/4058 1446/810/4059
f 1309/844/4060 1139/808/4061 1446/810/4062 1301/809/4063
f 1447/856/4064 1441/837/4065 1440/829/4066 1448/857/4067
f 1447/856/4068 1140/832/4069 1139/808/4070 1309/844/4071
f 1301/809/4072 1446/810/4073 1230/811/4074 1229/812/4075
f 1449/1769/4076 1302/1771/4077 1303/828/4078 1450/824/4079
f 1451/1767/4080 1449/1769/4081 1450/824/4082 1452/822/4083
f 1453/1765/4084 1451/1767/4085 1452/822/4086 1454/820/4087
f 1455/1763/4088 1453/1765/4089 1454/820/4090 1456/818/4091
f 1457/1761/4092 1455/1760/4093 1456/814/4094 1458/816/4095
f 1404/813/4096 1459/1756/4097 1457/1761/4098 1458/816/4099
f 1458/816/4100 1377/866/4101 1403/869/4102 1404/813/4103
f 1456/814/4104 1346/815/4105 1377/866/4106 1458/816/4107
f 1454/820/4108 1345/819/4109 1346/817/4110 1456/818/4111
f 1452/822/4112 1299/821/4113 1345/819/4114 1454/820/4115
f 1450/824/4116 1298/823/4117 1299/821/4118 1452/822/4119
f 1303/828/4120 1300/827/4121 1298/823/4122 1450/824/4123
f 1131/825/4124 1212/1773/4125 1460/1770/4126 1132/1768/4127
f 1257/826/4128 1301/809/4129 1300/827/4130 1303/828/4131
f 1170/846/4132 1169/838/4133 1441/837/4134 1447/856/4135
f 1430/858/4136 1448/857/4137 1440/829/4138 1431/830/4139
f 1447/856/4140 1227/855/4141 1141/831/4142 1140/832/4143
f 94/2999/4144 82/3000/4145 1277/834/4146 1284/833/4147
f 1282/835/4148 1284/833/4149 1277/834/4150 1274/836/4151
f 1273/1780/4152 1279/1779/4153 1282/835/4154 1274/836/4155
f 1169/838/4156 1168/1778/4157 1171/1781/4158 1174/839/4159
f 1441/837/4160 1169/838/4161 1174/839/4162 1188/703/4163
f 83/3009/4164 1283/841/4165 1286/840/4166 95/3010/4167
f 1214/842/4168 1286/840/4169 1283/841/4170 1281/843/4171
f 1215/1775/4172 1214/842/4173 1281/843/4174 1280/1776/4175
f 1260/845/4176 1259/1774/4177 1167/1777/4178 1170/846/4179
f 1309/844/4180 1260/845/4181 1170/846/4182 1447/856/4183
f 1228/847/4184 1227/855/4185 1430/858/4186 1429/848/4187
f 1359/850/4188 1228/847/4189 1429/848/4190 1433/851/4191
f 1360/849/4192 1359/850/4193 1433/851/4194 1435/852/4195
f 1385/1040/4196 1360/853/4197 1435/854/4198 1437/942/4199
f 1227/855/4200 1447/856/4201 1448/857/4202 1430/858/4203
f 1461/1179/4204 1307/1180/4205 1462/1182/4206 1463/864/4207
f 1464/1176/4208 1461/1179/4209 1463/864/4210 1465/873/4211
f 1466/875/4212 1467/1174/4213 1468/874/4214 1469/860/4215
f 1469/1187/4216 1348/870/4217 1378/872/4218 1380/1189/4219
f 1468/874/4220 1347/861/4221 1348/859/4222 1469/860/4223
f 1465/873/4224 1247/862/4225 1347/861/4226 1468/874/4227
f 1463/864/4228 1246/863/4229 1247/862/4230 1465/873/4231
f 1462/1182/4232 1304/865/4233 1246/863/4234 1463/864/4235
f 1470/890/4236 1471/1183/4237 1306/893/4238 1472/892/4239
f 1212/1773/4240 1304/865/4241 1462/1182/4242 1213/1181/4243
f 1377/866/4244 1370/867/4245 684/868/4246 1403/869/4247
f 1348/870/4248 1336/871/4249 1372/911/4250 1378/872/4251
f 1373/995/4252 1374/967/4253 1473/970/4254 1474/966/4255
f 1467/1174/4256 1464/1176/4257 1465/873/4258 1468/874/4259
f 1475/881/4260 1476/880/4261 1467/1174/4262 1466/875/4263
f 1473/970/4264 1475/882/4265 1466/1186/4266 1477/1188/4267
f 1158/876/4268 1157/895/4269 1470/890/4270 1478/889/4271
f 1339/878/4272 1158/876/4273 1478/889/4274 1479/887/4275
f 1340/877/4276 1339/878/4277 1479/887/4278 1480/885/4279
f 1374/967/4280 1340/879/4281 1480/883/4282 1481/968/4283
f 1482/891/4284 1472/892/4285 1483/1177/4286 1484/1175/4287
f 1485/888/4288 1482/891/4289 1484/1175/4290 1476/880/4291
f 1486/886/4292 1485/888/4293 1476/880/4294 1475/881/4295
f 1487/969/4296 1486/884/4297 1475/882/4298 1473/970/4299
f 1481/968/4300 1480/883/4301 1486/884/4302 1487/969/4303
f 1480/885/4304 1479/887/4305 1485/888/4306 1486/886/4307
f 1479/887/4308 1478/889/4309 1482/891/4310 1485/888/4311
f 1478/889/4312 1470/890/4313 1472/892/4314 1482/891/4315
f 1157/895/4316 1488/894/4317 1471/1183/4318 1470/890/4319
f 1472/892/4320 1306/893/4321 1305/1178/4322 1483/1177/4323
f 1311/896/4324 1310/1185/4325 1471/1183/4326 1488/894/4327
f 1156/897/4328 1311/896/4329 1488/894/4330 1157/895/4331
f 1308/900/4332 1311/896/4333 1156/897/4334 1244/898/4335
f 86/3385/4336 1310/1185/4337 1312/899/4338 96/3069/4339
f 96/3069/4340 1312/899/4341 1308/900/4342 87/3070/4343
f 1405/910/4344 401/901/4345 528/1541/4346 685/1272/4347
f 1489/905/4348 59/3080/4349 106/3146/4350 1490/963/4351
f 1042/957/4352 1041/1535/4353 1491/1534/4354 1492/959/4355
f 1491/1534/4356 1493/906/4357 1494/961/4358 1492/959/4359
f 1493/906/4360 1489/905/4361 1490/963/4362 1494/961/4363
f 97/3079/4364 1495/904/4365 1496/907/4366 68/3074/4367
f 1200/902/4368 1496/903/4369 1497/1538/4370 1206/1537/4371
f 1200/902/4372 69/3078/4373 68/3077/4374 1496/903/4375
f 1497/1533/4376 1496/907/4377 1493/906/4378 1491/1534/4379
f 97/3079/4380 59/3080/4381 1489/905/4382 1495/904/4383
f 1495/904/4384 1489/905/4385 1493/906/4386 1496/907/4387
f 682/908/4388 684/868/4389 1402/1250/4390 710/1252/4391
f 1389/1271/4392 1388/909/4393 1405/910/4394 685/1272/4395
f 1372/911/4396 1371/1758/4397 1498/1757/4398 1499/1755/4399
f 1379/1192/4400 1372/911/4401 1499/1755/4402 1500/1193/4403
f 1501/1108/4404 1373/995/4405 1474/966/4406 1502/1106/4407
f 1459/1756/4408 1404/813/4409 683/912/4410 1503/1754/4411
f 1503/1754/4412 683/912/4413 171/913/4414 176/1752/4415
f 1500/1193/4416 1499/1755/4417 163/1753/4418 162/965/4419
f 1412/914/4420 1411/1069/4421 1504/1104/4422 1505/994/4423
f 689/773/4424 1390/1017/4425 783/916/4426 690/915/4427
f 690/915/4428 783/916/4429 745/918/4430 803/917/4431
f 803/917/4432 745/918/4433 746/920/4434 804/919/4435
f 804/919/4436 746/920/4437 723/922/4438 805/921/4439
f 805/921/4440 723/922/4441 98/3099/4442 4/3098/4443
f 678/1354/4444 1506/1352/4445 1507/1010/4446 679/925/4447
f 1508/1004/4448 1509/1144/4449 1510/1143/4450 1511/1141/4451
f 110/3194/4452 1508/1004/4453 1511/1141/4454 99/3334/4455
f 1130/1142/4456 1128/1146/4457 1040/923/4458 1043/924/4459
f 1124/1007/4460 1123/1545/4461 1509/1147/4462 1508/1005/4463
f 1507/1010/4464 1512/1008/4465 681/1006/4466 679/925/4467
f 3444/928/4468 3445/929/4469 3347/1081/4470 3345/1078/4471
f 3443/927/4472 3444/928/4473 3345/1078/4474 3343/1077/4475
f 1417/1089/4476 113/1092/4477 108/1000/4478 1515/1090/4479
f 1513/1852/4480 109/997/4481 132/1083/4482 1413/1853/4483
f 148/3282/4484 100/996/4485 1516/998/4486 1517/1342/4487
f 1516/998/4488 1518/999/4489 1519/1343/4490 1517/1342/4491
f 1518/999/4492 1520/1002/4493 1521/1344/4494 1519/1343/4495
f 1520/1002/4496 101/1001/4497 102/3283/4498 1521/1344/4499
f 100/3104/4500 3446/3105/4501 3443/927/4502 109/926/4503
f 3443/927/4504 3446/3105/4505 3448/3106/4506 3444/928/4507
f 3444/928/4508 3448/3106/4509 3450/3107/4510 3445/929/4511
f 108/1000/4512 3445/929/4513 3450/3107/4514 101/1001/4515
f 910/1925/4516 911/931/4517 47/3109/4518 149/4161/4519
f 1112/4163/4520 1111/932/4521 910/1925/4522 1525/4461/4523
f 1070/930/4524 63/3110/4525 47/3109/4526 911/931/4527
f 1070/930/4528 911/931/4529 910/1925/4530 1111/932/4531
f 850/933/4532 1092/1960/4533 921/1962/4534 897/934/4535
f 832/935/4536 850/933/4537 897/934/4538 896/936/4539
f 830/1863/4540 832/935/4541 896/936/4542 899/937/4543
f 134/4074/4544 830/1863/4545 899/937/4546 133/3119/4547
f 704/939/4548 705/938/4549 793/940/4550 1526/1042/4551
f 704/939/4552 1526/1042/4553 1527/1041/4554 1439/943/4555
f 793/940/4556 707/941/4557 706/1037/4558 1526/1042/4559
f 1527/1041/4560 1385/1040/4561 1437/942/4562 1439/943/4563
f 532/946/4564 539/949/4565 538/1650/4566 533/1649/4567
f 407/947/4568 392/944/4569 402/945/4570 405/948/4571
f 392/944/4572 391/1663/4573 403/1666/4574 402/945/4575
f 532/946/4576 407/947/4577 405/948/4578 539/949/4579
f 105/3132/4580 1044/953/4581 822/952/4582 37/3133/4583
f 1039/950/4584 1117/951/4585 822/952/4586 1044/953/4587
f 1117/954/4588 1039/955/4589 1042/957/4590 1003/956/4591
f 1003/956/4592 1042/957/4593 1492/959/4594 809/958/4595
f 1494/961/4596 810/960/4597 809/958/4598 1492/959/4599
f 1490/963/4600 807/962/4601 810/960/4602 1494/961/4603
f 106/3146/4604 32/3149/4605 807/962/4606 1490/963/4607
f 165/964/4608 166/1107/4609 1500/1193/4610 162/965/4611
f 1474/966/4612 1528/1191/4613 1529/1190/4614 1502/1106/4615
f 1473/970/4616 1477/1188/4617 1528/1191/4618 1474/966/4619
f 1374/967/4620 1481/968/4621 1487/969/4622 1473/970/4623
f 369/1194/4624 290/1195/4625 289/971/4626 365/972/4627
f 188/974/4628 1530/1238/4629 1531/1235/4630 369/973/4631
f 187/1222/4632 274/1239/4633 1530/1238/4634 188/974/4635
f 1532/1196/4636 1533/1258/4637 376/1255/4638 1534/982/4639
f 375/978/4640 1535/980/4641 1534/975/4642 376/976/4643
f 276/977/4644 275/981/4645 1535/980/4646 375/978/4647
f 361/979/4648 1534/975/4649 1535/980/4650 275/981/4651
f 282/1197/4652 1532/1196/4653 1534/982/4654 361/983/4655
f 281/1260/4656 284/984/4657 299/1214/4658 1536/1259/4659
f 1537/1263/4660 1538/1328/4661 1533/1258/4662 1532/1196/4663
f 1539/2026/4664 107/3173/4665 43/3170/4666 1540/2027/4667
f 65/3449/4668 1541/2024/4669 1540/2027/4670 43/3170/4671
f 123/3450/4672 46/3171/4673 1038/987/4674 1542/2022/4675
f 1100/985/4676 1543/2018/4677 1544/2020/4678 1101/986/4679
f 1545/2016/4680 1543/2018/4681 1100/985/4682 1103/1325/4683
f 1025/2012/4684 1546/2014/4685 1547/1326/4686 1113/1324/4687
f 1025/2012/4688 35/3174/4689 107/3173/4690 1539/2026/4691
f 1101/986/4692 1544/2020/4693 1542/2022/4694 1038/987/4695
f 2013/2013/4696 2012/2029/4697 1548/989/4698 1549/990/4699
f 2020/2028/4700 1550/988/4701 1548/989/4702 2012/2029/4703
f 2020/2028/4704 2019/2025/4705 1551/1988/4706 1550/988/4707
f 2016/2019/4708 2015/2017/4709 1552/992/4710 1553/993/4711
f 2018/2023/4712 2017/2021/4713 1554/1990/4714 1555/1989/4715
f 2017/2021/4716 2016/2019/4717 1553/993/4718 1554/1990/4719
f 1555/1989/4720 1551/1988/4721 2019/2025/4722 2018/2023/4723
f 2015/2017/4724 2014/2015/4725 1556/991/4726 1552/992/4727
f 2014/2015/4728 2013/2013/4729 1549/990/4730 1556/991/4731
f 1550/988/4732 1551/1988/4733 1999/4177/4734 1998/4180/4735
f 1548/989/4736 1550/988/4737 1998/4180/4738 1997/4175/4739
f 1549/990/4740 1548/989/4741 1997/4175/4742 1996/4174/4743
f 1556/991/4744 1549/990/4745 1996/4174/4746 1995/4172/4747
f 1552/992/4748 1556/991/4749 1995/4172/4750 1994/4173/4751
f 1553/993/4752 1552/992/4753 1994/4173/4754 2002/4171/4755
f 2002/4171/4756 2001/4176/4757 1554/1990/4758 1553/993/4759
f 1504/1104/4760 112/3291/4761 114/3184/4762 1505/994/4763
f 1407/1169/4764 1373/995/4765 1501/1108/4766 1564/1165/4767
f 1513/1852/4768 1516/998/4769 100/996/4770 109/997/4771
f 1514/1851/4772 1518/999/4773 1516/998/4774 1513/1852/4775
f 1515/1090/4776 1520/1002/4777 1518/999/4778 1514/1851/4779
f 108/1000/4780 101/1001/4781 1520/1002/4782 1515/1090/4783
f 3/3193/4784 681/1003/4785 1508/1004/4786 110/3194/4787
f 1512/1008/4788 1124/1007/4789 1508/1005/4790 681/1006/4791
f 1507/1010/4792 1121/1009/4793 1124/1007/4794 1512/1008/4795
f 1506/1352/4796 1406/1350/4797 1121/1009/4798 1507/1010/4799
f 739/1012/4800 1565/1011/4801 1566/1349/4802 740/1351/4803
f 1567/1360/4804 1568/1359/4805 1566/1349/4806 1565/1011/4807
f 1567/1360/4808 1565/1011/4809 739/1012/4810 1569/1345/4811
f 1569/1345/4812 739/1012/4813 742/1013/4814 780/1014/4815
f 806/1018/4816 1569/1345/4817 780/1014/4818 779/1015/4819
f 781/1016/4820 1570/1264/4821 1571/1032/4822 806/1018/4823
f 783/916/4824 1390/1017/4825 1570/1264/4826 781/1016/4827
f 1390/1017/4828 1381/1030/4829 1572/1265/4830 1570/1264/4831
f 1573/1346/4832 1569/1345/4833 806/1018/4834 1571/1032/4835
f 1574/1028/4836 390/1654/4837 393/1019/4838 1575/1029/4839
f 1387/1269/4840 1575/1035/4841 393/1020/4842 395/679/4843
f 1574/1028/4844 1197/1021/4845 1151/1655/4846 390/1654/4847
f 1198/1023/4848 1197/1021/4849 1574/1028/4850 1576/1027/4851
f 1216/1022/4852 1198/1023/4853 1576/1027/4854 1351/1025/4855
f 1577/1270/4856 1389/1271/4857 1578/1348/4858 1579/1347/4859
f 1352/1024/4860 1351/1025/4861 1576/1027/4862 1580/1026/4863
f 1580/1026/4864 1576/1027/4865 1574/1028/4866 1575/1029/4867
f 1381/1030/4868 1352/1031/4869 1580/1034/4870 1572/1265/4871
f 1570/1264/4872 1581/1266/4873 1573/1346/4874 1571/1032/4875
f 1580/1034/4876 1582/1033/4877 1583/1267/4878 1572/1265/4879
f 1573/1346/4880 1581/1266/4881 1577/1270/4882 1579/1347/4883
f 1583/1267/4884 1582/1033/4885 1584/1036/4886 1585/1268/4887
f 1585/1268/4888 1584/1036/4889 1575/1035/4890 1387/1269/4891
f 1582/1033/4892 1580/1034/4893 1575/1035/4894 1584/1036/4895
f 1384/1039/4896 1526/1042/4897 706/1037/4898 1445/1038/4899
f 1384/1039/4900 1385/1040/4901 1527/1041/4902 1526/1042/4903
f 214/1045/4904 194/1043/4905 197/1044/4906 216/1046/4907
f 238/1047/4908 214/1045/4909 216/1046/4910 242/1048/4911
f 239/1049/4912 238/1047/4913 242/1048/4914 241/1050/4915
f 257/1051/4916 239/1049/4917 241/1050/4918 259/1052/4919
f 268/1119/4920 257/1051/4921 259/1052/4922 227/1053/4923
f 226/1054/4924 1586/1120/4925 268/1119/4926 227/1053/4927
f 225/1698/4928 1587/1697/4929 1586/1120/4930 226/1054/4931
f 228/1699/4932 231/1099/4933 385/1101/4934 384/1696/4935
f 1588/1151/4936 1589/1100/4937 1590/1149/4938 1591/1154/4939
f 264/1055/4940 271/1150/4941 269/1148/4942 262/1056/4943
f 251/1057/4944 264/1055/4945 262/1056/4946 249/1058/4947
f 252/1059/4948 251/1057/4949 249/1058/4950 248/1060/4951
f 222/1061/4952 252/1059/4953 248/1060/4954 219/1062/4955
f 223/1202/4956 222/1061/4957 219/1062/4958 205/1063/4959
f 208/1216/4960 223/1202/4961 205/1063/4962 204/1217/4963
f 183/1335/4964 182/1064/4965 179/1065/4966 178/1333/4967
f 213/1066/4968 272/1221/4969 195/1220/4970 194/1043/4971
f 179/1065/4972 276/977/4973 373/1067/4974 180/1068/4975
f 280/1240/4976 370/1243/4977 371/1237/4978 273/1236/4979
f 1411/1069/4980 1409/1163/4981 170/1109/4982 157/1070/4983
f 1504/1104/4984 1411/1069/4985 157/1070/4986 156/1105/4987
f 1592/1153/4988 1593/1155/4989 1591/1154/4990 1590/1149/4991
f 132/1071/4992 3343/1077/4993 3340/1072/4994 115/1073/4995
f 3347/1081/4996 3435/1074/4997 3342/1075/4998 3345/1078/4999
f 3340/1076/5000 3343/1077/5001 3345/1078/5002 3342/1079/5003
f 114/1091/5004 3435/1080/5005 3347/1081/5006 113/1092/5007
f 1410/1082/5008 1413/1853/5009 132/1083/5010 115/1084/5011
f 1415/1850/5012 1412/1085/5013 1505/1086/5014 1417/1089/5015
f 1412/1087/5016 1415/1850/5017 1413/1853/5018 1410/1088/5019
f 1415/1850/5020 1417/1089/5021 1515/1090/5022 1514/1851/5023
f 114/1091/5024 113/1092/5025 1417/1089/5026 1505/1093/5027
f 1595/3267/5028 2079/4497/5029 4024/4495/5030 89/1094/5031
f 1596/3268/5032 1595/3267/5033 89/1094/5034 90/1095/5035
f 148/3282/5036 1517/1342/5037 1957/1935/5038 129/4189/5039
f 102/3283/5040 131/4193/5041 1959/1936/5042 1521/1344/5043
f 116/3329/5044 777/1122/5045 776/1096/5046 120/3284/5047
f 120/3284/5048 776/1096/5049 737/1097/5050 13/3285/5051
f 230/1098/5052 269/1148/5053 1589/1100/5054 231/1099/5055
f 385/1101/5056 231/1099/5057 1589/1100/5058 1588/1151/5059
f 386/1103/5060 385/1101/5061 1588/1151/5062 388/1102/5063
f 161/1135/5064 1599/1126/5065 386/1103/5066 388/1102/5067
f 1599/1126/5068 1600/1692/5069 387/1694/5070 386/1103/5071
f 112/3291/5072 1504/1104/5073 156/1105/5074 15/3292/5075
f 1502/1106/5076 1529/1190/5077 1500/1193/5078 166/1107/5079
f 170/1109/5080 1501/1108/5081 1502/1106/5082 166/1107/5083
f 1501/1108/5084 170/1109/5085 1409/1163/5086 1564/1165/5087
f 357/1111/5088 167/1249/5089 381/1248/5090 358/1110/5091
f 168/1113/5092 167/1249/5093 357/1111/5094 355/1114/5095
f 319/1112/5096 168/1113/5097 355/1114/5098 356/1115/5099
f 266/1127/5100 372/1131/5101 319/1116/5102 356/1117/5103
f 1601/1133/5104 1602/1695/5105 1603/1693/5106 1604/1691/5107
f 154/1124/5108 169/1130/5109 1605/1134/5110 1606/1139/5111
f 1607/1118/5112 1608/1686/5113 1609/1688/5114 160/1136/5115
f 1586/1120/5116 1601/1133/5117 267/1128/5118 268/1119/5119
f 1586/1120/5120 1587/1697/5121 1602/1695/5122 1601/1133/5123
f 116/3329/5124 1607/1137/5125 160/1121/5126 777/1122/5127
f 1606/1139/5128 1610/1140/5129 155/1123/5130 154/1124/5131
f 1610/1138/5132 14/3331/5133 117/3316/5134 155/1125/5135
f 161/1135/5136 1611/1690/5137 1600/1692/5138 1599/1126/5139
f 265/1129/5140 1612/1132/5141 372/1131/5142 266/1127/5143
f 267/1128/5144 1601/1133/5145 1612/1132/5146 265/1129/5147
f 1612/1132/5148 1605/1134/5149 169/1130/5150 372/1131/5151
f 1605/1134/5152 1612/1132/5153 1601/1133/5154 1604/1691/5155
f 1606/1139/5156 1605/1134/5157 1604/1691/5158 1613/1689/5159
f 1611/1690/5160 161/1135/5161 160/1136/5162 1609/1688/5163
f 1607/1137/5164 116/3329/5165 128/3899/5166 1608/1684/5167
f 1614/1685/5168 119/3898/5169 14/3331/5170 1610/1138/5171
f 1606/1139/5172 1613/1689/5173 1614/1687/5174 1610/1140/5175
f 99/3334/5176 1511/1141/5177 1130/1142/5178 121/3335/5179
f 1511/1141/5180 1510/1143/5181 1128/1146/5182 1130/1142/5183
f 1510/1143/5184 1509/1144/5185 1129/1145/5186 1128/1146/5187
f 1123/1545/5188 1615/1544/5189 1129/1540/5190 1509/1147/5191
f 661/1293/5192 1616/1473/5193 1617/1501/5194 663/1297/5195
f 271/1150/5196 1590/1149/5197 1589/1100/5198 269/1148/5199
f 270/1152/5200 1592/1153/5201 1590/1149/5202 271/1150/5203
f 1591/1154/5204 389/1158/5205 388/1102/5206 1588/1151/5207
f 270/1152/5208 173/1159/5209 1593/1155/5210 1592/1153/5211
f 152/1160/5212 159/1162/5213 158/1157/5214 153/1156/5215
f 1591/1154/5216 1593/1155/5217 173/1159/5218 389/1158/5219
f 153/1156/5220 158/1157/5221 389/1158/5222 173/1159/5223
f 152/1160/5224 777/1161/5225 160/1136/5226 159/1162/5227
f 1564/1165/5228 1409/1163/5229 111/1164/5230 118/1166/5231
f 88/3365/5232 1407/1169/5233 1564/1165/5234 118/1166/5235
f 1408/1167/5236 1350/1168/5237 1407/1169/5238 88/3365/5239
f 1386/1170/5240 1349/1171/5241 1350/1172/5242 1408/1173/5243
f 1467/1174/5244 1476/880/5245 1484/1175/5246 1464/1176/5247
f 1484/1175/5248 1483/1177/5249 1461/1179/5250 1464/1176/5251
f 1483/1177/5252 1305/1178/5253 1307/1180/5254 1461/1179/5255
f 1307/1180/5256 1285/1184/5257 1213/1181/5258 1462/1182/5259
f 1310/1185/5260 1285/1184/5261 1306/893/5262 1471/1183/5263
f 122/3384/5264 1285/1184/5265 1310/1185/5266 86/3385/5267
f 1380/1189/5268 1477/1188/5269 1466/1186/5270 1469/1187/5271
f 1528/1191/5272 1477/1188/5273 1380/1189/5274 1379/1192/5275
f 1529/1190/5276 1528/1191/5277 1379/1192/5278 1500/1193/5279
f 369/1194/5280 1531/1233/5281 295/1232/5282 290/1195/5283
f 312/1230/5284 314/1733/5285 298/1731/5286 297/1227/5287
f 316/1212/5288 299/1214/5289 300/1730/5290 317/1732/5291
f 1536/1259/5292 1618/1213/5293 301/1198/5294 304/1261/5295
f 281/1260/5296 1537/1263/5297 1532/1196/5298 282/1197/5299
f 1619/1210/5300 301/1198/5301 1618/1213/5302 1620/1207/5303
f 1621/1204/5304 1622/1200/5305 303/1262/5306 302/1205/5307
f 1622/1200/5308 1623/1329/5309 1538/1328/5310 303/1262/5311
f 206/1332/5312 1623/1329/5313 1622/1200/5314 207/1203/5315
f 302/1205/5316 301/1198/5317 1619/1210/5318 1624/1209/5319
f 220/1201/5320 1621/1204/5321 345/1208/5322 221/1199/5323
f 207/1203/5324 1622/1200/5325 1621/1204/5326 220/1201/5327
f 220/1201/5328 223/1202/5329 208/1216/5330 207/1203/5331
f 315/1206/5332 344/1211/5333 1619/1210/5334 1620/1207/5335
f 345/1208/5336 1621/1204/5337 302/1205/5338 1624/1209/5339
f 316/1212/5340 315/1206/5341 1620/1207/5342 1618/1213/5343
f 345/1208/5344 1624/1209/5345 1619/1210/5346 344/1211/5347
f 316/1212/5348 1618/1213/5349 1536/1259/5350 299/1214/5351
f 337/1215/5352 315/1206/5353 318/1734/5354 338/1736/5355
f 204/1217/5356 1625/1336/5357 209/1334/5358 208/1216/5359
f 1626/1338/5360 1625/1336/5361 204/1217/5362 203/1218/5363
f 203/1218/5364 202/1712/5365 1627/1714/5366 1626/1338/5367
f 199/1713/5368 196/1219/5369 186/1340/5370 1628/1715/5371
f 196/1219/5372 195/1220/5373 187/1222/5374 186/1340/5375
f 195/1220/5376 272/1221/5377 274/1239/5378 187/1222/5379
f 306/1226/5380 360/1225/5381 366/1223/5382 307/1224/5383
f 309/1229/5384 296/1228/5385 360/1225/5386 306/1226/5387
f 297/1227/5388 296/1228/5389 309/1229/5390 312/1230/5391
f 293/1231/5392 292/51/5393 295/1232/5394 1531/1233/5395
f 371/1237/5396 293/1234/5397 1531/1235/5398 1530/1238/5399
f 273/1236/5400 371/1237/5401 1530/1238/5402 274/1239/5403
f 280/1240/5404 291/1241/5405 294/1242/5406 370/1243/5407
f 1035/1395/5408 1629/1400/5409 1974/1961/5410 1973/1959/5411
f 1974/1961/5412 1629/1400/5413 918/1399/5414 1975/1963/5415
f 620/1288/5416 1630/1499/5417 1631/1484/5418 621/1487/5419
f 65/3449/5420 123/3450/5421 1542/2022/5422 1541/2024/5423
f 1980/1973/5424 1979/1971/5425 881/1401/5426 1964/1945/5427
f 511/1244/5428 657/1245/5429 1632/1446/5430 665/1434/5431
f 657/1245/5432 658/1448/5433 1633/1447/5434 1632/1446/5435
f 382/1247/5436 165/1246/5437 164/1751/5438 383/1746/5439
f 165/1246/5440 382/1247/5441 381/1248/5442 167/1249/5443
f 709/1253/5444 710/1252/5445 1402/1250/5446 706/1037/5447
f 151/1251/5448 710/1252/5449 709/1253/5450 708/1254/5451
f 189/1341/5452 377/1720/5453 1634/1719/5454 1635/1717/5455
f 1533/1258/5456 374/1257/5457 373/1067/5458 376/1255/5459
f 374/1257/5460 1636/1327/5461 367/1330/5462 368/1256/5463
f 374/1257/5464 1533/1258/5465 1538/1328/5466 1636/1327/5467
f 1536/1259/5468 304/1261/5469 1537/1263/5470 281/1260/5471
f 304/1261/5472 303/1262/5473 1538/1328/5474 1537/1263/5475
f 1570/1264/5476 1572/1265/5477 1583/1267/5478 1581/1266/5479
f 1577/1270/5480 1581/1266/5481 1583/1267/5482 1585/1268/5483
f 1585/1268/5484 1387/1269/5485 1389/1271/5486 1577/1270/5487
f 1389/1271/5488 685/1272/5489 687/1357/5490 1578/1348/5491
f 485/1273/5492 595/1597/5493 602/1596/5494 486/1274/5495
f 644/1601/5496 651/1600/5497 640/1275/5498 639/1276/5499
f 655/1277/5500 651/1600/5501 1637/1579/5502 658/1448/5503
f 513/1302/5504 509/265/5505 512/1278/5506 666/1296/5507
f 623/1303/5508 622/1471/5509 1638/1582/5510 1639/1573/5511
f 1640/1591/5512 502/1279/5513 501/1304/5514 1641/1592/5515
f 1642/1590/5516 482/1280/5517 502/1279/5518 1640/1591/5519
f 1643/1583/5520 483/1281/5521 482/1280/5522 1642/1590/5523
f 1644/1584/5524 669/1552/5525 483/1281/5526 1643/1583/5527
f 1645/1500/5528 617/1287/5529 616/1282/5530 1646/1497/5531
f 1647/1496/5532 1646/1497/5533 616/1282/5534 649/1300/5535
f 620/1288/5536 617/1287/5537 1645/1500/5538 1630/1499/5539
f 516/1284/5540 504/1283/5541 506/1311/5542 517/1309/5543
f 519/1286/5544 498/1285/5545 504/1283/5546 516/1284/5547
f 518/1289/5548 463/1292/5549 498/1285/5550 519/1286/5551
f 619/1310/5552 614/1312/5553 617/1287/5554 620/1288/5555
f 518/1289/5556 520/1290/5557 464/1291/5558 463/1292/5559
f 1648/1474/5560 1616/1473/5561 661/1293/5562 660/1294/5563
f 1648/1474/5564 660/1294/5565 659/1436/5566 1649/1475/5567
f 624/1306/5568 618/1308/5569 621/1487/5570 625/1486/5571
f 514/1301/5572 648/1313/5573 656/1299/5574 637/1295/5575
f 666/1296/5576 1647/1496/5577 649/1300/5578 513/1302/5579
f 1617/1501/5580 1647/1496/5581 666/1296/5582 663/1297/5583
f 638/1316/5584 647/1298/5585 656/1299/5586 648/1313/5587
f 649/1300/5588 648/1313/5589 514/1301/5590 513/1302/5591
f 501/1304/5592 623/1303/5593 1639/1573/5594 1641/1592/5595
f 623/1303/5596 501/1304/5597 500/1305/5598 624/1306/5599
f 500/1305/5600 508/1307/5601 618/1308/5602 624/1306/5603
f 508/1307/5604 517/1309/5605 619/1310/5606 618/1308/5607
f 517/1309/5608 506/1311/5609 614/1312/5610 619/1310/5611
f 506/1311/5612 505/1315/5613 615/1314/5614 614/1312/5615
f 648/1313/5616 615/1314/5617 505/1315/5618 638/1316/5619
f 876/1941/5620 895/1317/5621 878/1970/5622 877/1972/5623
f 895/1317/5624 898/1318/5625 879/1968/5626 878/1970/5627
f 898/1318/5628 920/1964/5629 923/1966/5630 879/1968/5631
f 1115/1321/5632 1113/1324/5633 1547/1326/5634 1103/1325/5635
f 1114/1323/5636 1081/1322/5637 853/1319/5638 1024/1320/5639
f 853/1319/5640 56/3527/5641 125/3526/5642 1024/1320/5643
f 1115/1321/5644 1081/1322/5645 1114/1323/5646 1113/1324/5647
f 1103/1325/5648 1547/1326/5649 1546/2014/5650 1545/2016/5651
f 1636/1327/5652 1538/1328/5653 1623/1329/5654 367/1330/5655
f 1623/1329/5656 206/1332/5657 181/1331/5658 367/1330/5659
f 209/1334/5660 178/1333/5661 181/1331/5662 206/1332/5663
f 1625/1336/5664 183/1335/5665 178/1333/5666 209/1334/5667
f 184/1339/5668 183/1335/5669 1625/1336/5670 1626/1338/5671
f 279/1718/5672 185/1337/5673 184/1339/5674 1650/1716/5675
f 1626/1338/5676 1627/1714/5677 1650/1716/5678 184/1339/5679
f 1628/1715/5680 186/1340/5681 189/1341/5682 1635/1717/5683
f 1958/1937/5684 1957/1935/5685 1517/1342/5686 1519/1343/5687
f 1519/1343/5688 1521/1344/5689 1959/1936/5690 1958/1937/5691
f 1579/1347/5692 1567/1360/5693 1569/1345/5694 1573/1346/5695
f 687/1357/5696 1567/1360/5697 1579/1347/5698 1578/1348/5699
f 1568/1359/5700 686/1358/5701 1406/1350/5702 1566/1349/5703
f 740/1351/5704 1566/1349/5705 1406/1350/5706 1506/1352/5707
f 714/1353/5708 740/1351/5709 1506/1352/5710 678/1354/5711
f 677/1356/5712 711/1355/5713 714/1353/5714 678/1354/5715
f 16/3561/5716 126/3564/5717 711/1355/5718 677/1356/5719
f 687/1357/5720 686/1358/5721 1568/1359/5722 1567/1360/5723
f 843/1388/5724 1651/1413/5725 1652/1411/5726 865/1361/5727
f 848/1394/5728 1653/1427/5729 1654/1425/5730 849/1364/5731
f 855/1365/5732 1655/1423/5733 1656/1421/5734 856/1390/5735
f 865/1361/5736 1652/1411/5737 1657/1409/5738 866/1378/5739
f 880/1377/5740 1658/1376/5741 1659/1402/5742 881/1401/5743
f 917/1371/5744 1661/1370/5745 1662/1367/5746 914/1366/5747
f 918/1399/5748 1663/1398/5749 1664/1363/5750 919/1362/5751
f 919/1362/5752 1664/1363/5753 1665/1375/5754 922/1374/5755
f 1660/1369/5756 912/1368/5757 928/1373/5758 1666/1372/5759
f 849/1364/5760 1654/1425/5761 1655/1423/5762 855/1365/5763
f 1108/1389/5764 1667/1417/5765 1668/1415/5766 842/1387/5767
f 914/1366/5768 1662/1367/5769 1669/1396/5770 1035/1395/5771
f 912/1368/5772 1660/1369/5773 1661/1370/5774 917/1371/5775
f 1066/1383/5776 1670/1382/5777 1666/1372/5778 928/1373/5779
f 1067/4505/5780 1671/1405/5781 1672/1384/5782 1068/4506/5783
f 1069/1379/5784 1673/1407/5785 1671/1405/5786 1067/4505/5787
f 922/1374/5788 1665/1375/5789 1658/1376/5790 880/1377/5791
f 866/1378/5792 1657/1409/5793 1673/1407/5794 1069/1379/5795
f 1094/1380/5796 1674/1381/5797 1670/1382/5798 1066/1383/5799
f 1068/4506/5800 1672/1384/5801 1674/1385/5802 1094/1386/5803
f 1112/4163/5804 1675/4162/5805 1676/1431/5806 868/1392/5807
f 842/1387/5808 1668/1415/5809 1651/1413/5810 843/1388/5811
f 1014/1391/5812 1677/1419/5813 1667/1417/5814 1108/1389/5815
f 856/1390/5816 1656/1421/5817 1677/1419/5818 1014/1391/5819
f 1676/1431/5820 1678/1429/5821 869/1393/5822 868/1392/5823
f 869/1393/5824 1678/1429/5825 1653/1427/5826 848/1394/5827
f 3872/4403/5828 4011/4402/5829 3998/1889/5830 144/1940/5831
f 1035/1395/5832 1669/1396/5833 1680/1397/5834 1629/1400/5835
f 1680/1397/5836 1663/1398/5837 918/1399/5838 1629/1400/5839
f 881/1401/5840 1659/1402/5841 1965/1944/5842 1964/1945/5843
f 1671/1405/5844 1864/1404/5845 1863/1403/5846 1672/1384/5847
f 1673/1407/5848 1865/1406/5849 1864/1404/5850 1671/1405/5851
f 1657/1409/5852 1866/1408/5853 1865/1406/5854 1673/1407/5855
f 1652/1411/5856 1867/1410/5857 1866/1408/5858 1657/1409/5859
f 1651/1413/5860 1868/1412/5861 1867/1410/5862 1652/1411/5863
f 1668/1415/5864 1869/1414/5865 1868/1412/5866 1651/1413/5867
f 1667/1417/5868 1870/1416/5869 1869/1414/5870 1668/1415/5871
f 1677/1419/5872 1871/1418/5873 1870/1416/5874 1667/1417/5875
f 1656/1421/5876 1872/1420/5877 1871/1418/5878 1677/1419/5879
f 1655/1423/5880 1873/1422/5881 1872/1420/5882 1656/1421/5883
f 1654/1425/5884 1874/1424/5885 1873/1422/5886 1655/1423/5887
f 1653/1427/5888 1875/1426/5889 1874/1424/5890 1654/1425/5891
f 1678/1429/5892 1876/1428/5893 1875/1426/5894 1653/1427/5895
f 1877/1430/5896 1876/1428/5897 1678/1429/5898 1676/1431/5899
f 1675/4162/5900 1878/1433/5901 1877/1430/5902 1676/1431/5903
f 1679/4460/5904 1879/1432/5905 1878/1433/5906 1675/4162/5907
f 1681/1452/5908 1682/1454/5909 1683/1445/5910 1684/1451/5911
f 1632/1446/5912 1685/1453/5913 1686/1450/5914 665/1434/5915
f 659/1436/5916 1684/1435/5917 1683/1476/5918 1649/1475/5919
f 1684/1435/5920 659/1436/5921 662/1439/5922 1686/1441/5923
f 1687/1460/5924 1688/1462/5925 1689/1437/5926 1690/1438/5927
f 1688/1462/5928 1691/1463/5929 1692/1449/5930 1689/1437/5931
f 1693/1455/5932 1694/1456/5933 1695/1443/5934 1696/1444/5935
f 1697/1458/5936 1687/1460/5937 1690/1438/5938 1698/1442/5939
f 662/1439/5940 664/279/5941 665/1440/5942 1686/1441/5943
f 1694/1456/5944 1697/1458/5945 1698/1442/5946 1695/1443/5947
f 1682/1454/5948 1693/1455/5949 1696/1444/5950 1683/1445/5951
f 1699/1459/5952 1700/1575/5953 1701/1580/5954 1702/1461/5955
f 1700/1575/5956 1699/1459/5957 1703/1457/5958 1704/1577/5959
f 1685/1453/5960 1632/1446/5961 1633/1447/5962 1705/1578/5963
f 1633/1447/5964 658/1448/5965 1637/1579/5966 1705/1578/5967
f 1691/1463/5968 1706/1469/5969 1707/1470/5970 1692/1449/5971
f 1638/1582/5972 622/1471/5973 1708/1472/5974 1709/1464/5975
f 1686/1450/5976 1685/1453/5977 1681/1452/5978 1684/1451/5979
f 1682/1454/5980 1681/1452/5981 1685/1453/5982 1705/1578/5983
f 1693/1455/5984 1682/1454/5985 1705/1578/5986 1704/1577/5987
f 1694/1456/5988 1693/1455/5989 1704/1577/5990 1703/1457/5991
f 1697/1458/5992 1694/1456/5993 1703/1457/5994 1699/1459/5995
f 1687/1460/5996 1697/1458/5997 1699/1459/5998 1702/1461/5999
f 1688/1462/6000 1687/1460/6001 1702/1461/6002 1701/1580/6003
f 1691/1463/6004 1688/1462/6005 1701/1580/6006 1709/1464/6007
f 1706/1469/6008 1691/1463/6009 1709/1464/6010 1708/1472/6011
f 1706/1469/6012 1708/1472/6013 1710/1485/6014 1711/1489/6015
f 1712/1494/6016 1713/1495/6017 1690/1466/6018 1689/1465/6019
f 1712/1494/6020 1689/1465/6021 1692/1467/6022 1714/1483/6023
f 1698/1477/6024 1690/1466/6025 1713/1495/6026 1715/1498/6027
f 1692/1467/6028 1707/1468/6029 1716/1482/6030 1714/1483/6031
f 1707/1468/6032 1717/1488/6033 1718/1491/6034 1716/1482/6035
f 1706/1469/6036 1711/1489/6037 1717/1488/6038 1707/1470/6039
f 622/1471/6040 625/1486/6041 1710/1485/6042 1708/1472/6043
f 1719/1481/6044 1720/1502/6045 1648/1474/6046 1649/1475/6047
f 1720/1502/6048 1617/1501/6049 1616/1473/6050 1648/1474/6051
f 1649/1475/6052 1683/1476/6053 1696/1478/6054 1719/1481/6055
f 1719/1481/6056 1721/1480/6057 1722/1505/6058 1720/1502/6059
f 1698/1477/6060 1715/1498/6061 1721/1480/6062 1695/1479/6063
f 1696/1478/6064 1695/1479/6065 1721/1480/6066 1719/1481/6067
f 1723/1493/6068 1724/1503/6069 1712/1494/6070 1714/1483/6071
f 1725/1510/6072 1631/1484/6073 1630/1499/6074 1726/1512/6075
f 1727/1492/6076 1716/1482/6077 1718/1491/6078 1728/1490/6079
f 1716/1482/6080 1727/1492/6081 1723/1493/6082 1714/1483/6083
f 1729/1508/6084 621/1487/6085 1631/1484/6086 1725/1510/6087
f 1711/1489/6088 1710/1485/6089 1729/1508/6090 1728/1490/6091
f 1710/1485/6092 625/1486/6093 621/1487/6094 1729/1508/6095
f 1717/1488/6096 1711/1489/6097 1728/1490/6098 1718/1491/6099
f 1727/1492/6100 1728/1490/6101 1729/1508/6102 1730/1507/6103
f 1730/1507/6104 1731/1509/6105 1723/1493/6106 1727/1492/6107
f 1731/1509/6108 1732/1511/6109 1724/1503/6110 1723/1493/6111
f 1712/1494/6112 1724/1503/6113 1733/1504/6114 1713/1495/6115
f 1733/1504/6116 1734/1506/6117 1715/1498/6118 1713/1495/6119
f 1617/1501/6120 1735/1516/6121 1646/1497/6122 1647/1496/6123
f 1645/1500/6124 1646/1497/6125 1735/1516/6126 1736/1515/6127
f 1721/1480/6128 1715/1498/6129 1734/1506/6130 1722/1505/6131
f 1630/1499/6132 1645/1500/6133 1736/1515/6134 1726/1512/6135
f 1735/1516/6136 1617/1501/6137 1720/1502/6138 1722/1505/6139
f 1732/1511/6140 1737/1514/6141 1733/1504/6142 1724/1503/6143
f 1737/1514/6144 1738/1513/6145 1734/1506/6146 1733/1504/6147
f 1722/1505/6148 1734/1506/6149 1738/1513/6150 1735/1516/6151
f 1731/1509/6152 1730/1507/6153 1729/1508/6154 1725/1510/6155
f 1732/1511/6156 1731/1509/6157 1725/1510/6158 1726/1512/6159
f 1737/1514/6160 1732/1511/6161 1726/1512/6162 1736/1515/6163
f 1738/1513/6164 1737/1514/6165 1736/1515/6166 1735/1516/6167
f 1739/1546/6168 528/1517/6169 527/1519/6170 1740/1518/6171
f 1741/1810/6172 1742/1807/6173 1740/1518/6174 1743/1520/6175
f 1740/1518/6176 527/1519/6177 526/1521/6178 1743/1520/6179
f 1744/1823/6180 1741/1810/6181 1743/1520/6182 1745/1811/6183
f 1745/1811/6184 1743/1520/6185 526/1521/6186 525/1522/6187
f 1746/1813/6188 1745/1811/6189 525/1522/6190 524/1523/6191
f 1747/1814/6192 1746/1813/6193 524/1523/6194 521/1549/6195
f 1748/1527/6196 1749/1804/6197 1750/1536/6198 1751/1528/6199
f 1127/1524/6200 1751/1532/6201 1041/1535/6202 1040/1525/6203
f 1126/1526/6204 1748/1527/6205 1751/1528/6206 1127/1529/6207
f 1739/1543/6208 1748/1530/6209 1126/1531/6210 1125/1539/6211
f 1749/1804/6212 1255/2036/6213 1256/2039/6214 1750/1536/6215
f 1241/2032/6216 1242/2034/6217 1752/1803/6218 1266/1657/6219
f 1207/2038/6220 1206/1537/6221 1750/1536/6222 1256/2039/6223
f 1751/1532/6224 1497/1533/6225 1491/1534/6226 1041/1535/6227
f 1750/1536/6228 1206/1537/6229 1497/1538/6230 1751/1528/6231
f 1615/1544/6232 1739/1543/6233 1125/1539/6234 1129/1540/6235
f 1122/1542/6236 686/1358/6237 528/1541/6238 1739/1543/6239
f 1122/1542/6240 1739/1543/6241 1615/1544/6242 1123/1545/6243
f 1742/1807/6244 1748/1806/6245 1739/1546/6246 1740/1518/6247
f 1753/1815/6248 667/1548/6249 469/1547/6250 468/1551/6251
f 1753/1815/6252 1754/1816/6253 523/1550/6254 667/1548/6255
f 1754/1816/6256 1747/1814/6257 521/1549/6258 523/1550/6259
f 669/1552/6260 1644/1584/6261 1755/1835/6262 1756/1817/6263
f 468/1551/6264 669/1552/6265 1756/1817/6266 1753/1815/6267
f 562/1554/6268 447/1553/6269 446/1558/6270 1757/1568/6271
f 562/1554/6272 1757/1568/6273 455/1565/6274 459/1555/6275
f 675/1557/6276 1758/1572/6277 1759/1571/6278 1760/1559/6279
f 1760/1559/6280 446/1558/6281 445/1556/6282 675/1557/6283
f 1760/1559/6284 1761/1569/6285 1757/1568/6286 446/1558/6287
f 1759/1571/6288 1762/1570/6289 1761/1569/6290 1760/1559/6291
f 565/1561/6292 458/1560/6293 457/1566/6294 1763/1588/6295
f 565/1561/6296 1763/1588/6297 472/1564/6298 471/1562/6299
f 473/1563/6300 472/1564/6301 1763/1588/6302 570/1587/6303
f 1757/1568/6304 1764/1589/6305 456/1567/6306 455/1565/6307
f 457/1566/6308 456/1567/6309 1764/1589/6310 1763/1588/6311
f 1757/1568/6312 1761/1569/6313 1762/1570/6314 1764/1589/6315
f 674/1635/6316 1765/1636/6317 1758/1572/6318 675/1557/6319
f 1762/1570/6320 1759/1571/6321 1766/1637/6322 1764/1589/6323
f 1766/1637/6324 1759/1571/6325 1758/1572/6326 1765/1636/6327
f 1767/1576/6328 1637/1579/6329 651/1600/6330 1768/1599/6331
f 1768/1599/6332 1769/1581/6333 1770/1574/6334 1767/1576/6335
f 1769/1581/6336 1641/1592/6337 1639/1573/6338 1638/1582/6339
f 1770/1574/6340 1769/1581/6341 1701/1580/6342 1700/1575/6343
f 1704/1577/6344 1767/1576/6345 1770/1574/6346 1700/1575/6347
f 1767/1576/6348 1704/1577/6349 1705/1578/6350 1637/1579/6351
f 1701/1580/6352 1769/1581/6353 1638/1582/6354 1709/1464/6355
f 1771/1586/6356 1644/1584/6357 1643/1583/6358 1772/1585/6359
f 1773/1593/6360 1772/1585/6361 1643/1583/6362 1642/1590/6363
f 1774/1605/6364 1775/1607/6365 1772/1585/6366 1773/1593/6367
f 1771/1586/6368 1776/1836/6369 1755/1835/6370 1644/1584/6371
f 1777/1606/6372 595/1597/6373 570/1587/6374 1778/1608/6375
f 1775/1607/6376 1779/1609/6377 1771/1586/6378 1772/1585/6379
f 1779/1609/6380 1780/1829/6381 1776/1836/6382 1771/1586/6383
f 570/1587/6384 1763/1588/6385 1781/1610/6386 1778/1608/6387
f 1764/1589/6388 1782/1830/6389 1781/1610/6390 1763/1588/6391
f 1783/1831/6392 1782/1830/6393 1764/1589/6394 1766/1637/6395
f 1784/1594/6396 1640/1591/6397 1641/1592/6398 1785/1595/6399
f 1773/1593/6400 1642/1590/6401 1640/1591/6402 1784/1594/6403
f 1785/1595/6404 1641/1592/6405 1769/1581/6406 1768/1599/6407
f 1786/1602/6408 1787/1603/6409 1784/1594/6410 1785/1595/6411
f 1787/1603/6412 1774/1605/6413 1773/1593/6414 1784/1594/6415
f 1768/1599/6416 1788/1598/6417 1786/1602/6418 1785/1595/6419
f 644/1601/6420 602/1596/6421 1789/1604/6422 1788/1598/6423
f 602/1596/6424 595/1597/6425 1777/1606/6426 1789/1604/6427
f 1788/1598/6428 1768/1599/6429 651/1600/6430 644/1601/6431
f 1787/1603/6432 1786/1602/6433 1788/1598/6434 1789/1604/6435
f 1774/1605/6436 1787/1603/6437 1789/1604/6438 1777/1606/6439
f 1775/1607/6440 1774/1605/6441 1777/1606/6442 1778/1608/6443
f 1779/1609/6444 1775/1607/6445 1778/1608/6446 1781/1610/6447
f 1780/1829/6448 1779/1609/6449 1781/1610/6450 1782/1830/6451
f 673/1633/6452 672/1613/6453 1790/1615/6454 1791/1638/6455
f 672/1613/6456 1792/1619/6457 1793/1614/6458 1790/1615/6459
f 436/1618/6460 1794/1620/6461 555/1612/6462 437/1611/6463
f 555/1612/6464 1794/1620/6465 1792/1619/6466 672/1613/6467
f 1795/1625/6468 1796/1639/6469 1793/1614/6470 1792/1619/6471
f 1793/1614/6472 1796/1639/6473 1791/1638/6474 1790/1615/6475
f 550/1617/6476 427/1616/6477 426/1622/6478 1797/1626/6479
f 550/1617/6480 1797/1626/6481 1794/1620/6482 436/1618/6483
f 1795/1625/6484 1792/1619/6485 1794/1620/6486 1797/1626/6487
f 670/1632/6488 1798/1644/6489 1799/1629/6490 671/1623/6491
f 426/1622/6492 425/1621/6493 671/1623/6494 1800/1624/6495
f 1797/1626/6496 426/1622/6497 1800/1624/6498 1801/1627/6499
f 671/1623/6500 1799/1629/6501 1802/1628/6502 1800/1624/6503
f 1801/1627/6504 1800/1624/6505 1802/1628/6506 1803/1641/6507
f 1797/1626/6508 1804/1640/6509 1796/1639/6510 1795/1625/6511
f 1802/1628/6512 1805/1643/6513 1806/1642/6514 1803/1641/6515
f 1803/1641/6516 1804/1640/6517 1797/1626/6518 1801/1627/6519
f 1798/1644/6520 1805/1643/6521 1802/1628/6522 1799/1629/6523
f 1807/1652/6524 544/1631/6525 541/1630/6526 540/1647/6527
f 544/1631/6528 1807/1652/6529 1798/1644/6530 670/1632/6531
f 1791/1638/6532 1808/1833/6533 556/1634/6534 673/1633/6535
f 556/1634/6536 1808/1833/6537 1765/1636/6538 674/1635/6539
f 1765/1636/6540 1808/1833/6541 1783/1831/6542 1766/1637/6543
f 1808/1833/6544 1791/1638/6545 1796/1639/6546 1809/1832/6547
f 1809/1832/6548 1796/1639/6549 1804/1640/6550 1810/1680/6551
f 1806/1642/6552 1810/1680/6553 1804/1640/6554 1803/1641/6555
f 1810/1680/6556 1806/1642/6557 1805/1643/6558 1811/1681/6559
f 1805/1643/6560 1798/1644/6561 1807/1652/6562 1811/1681/6563
f 1807/1652/6564 1812/1677/6565 1813/1683/6566 1811/1681/6567
f 404/1645/6568 1814/1662/6569 1815/1651/6570 538/1650/6571
f 404/1645/6572 403/1666/6573 1816/1665/6574 1814/1662/6575
f 534/1646/6576 533/1649/6577 1817/1653/6578 535/1648/6579
f 1817/1653/6580 1807/1652/6581 540/1647/6582 535/1648/6583
f 533/1649/6584 538/1650/6585 1815/1651/6586 1817/1653/6587
f 1818/1670/6588 1817/1653/6589 1815/1651/6590 1814/1662/6591
f 1817/1653/6592 1819/1661/6593 1812/1677/6594 1807/1652/6595
f 1818/1670/6596 1820/1672/6597 1819/1661/6598 1817/1653/6599
f 1821/1659/6600 390/1654/6601 1151/1655/6602 1154/1656/6603
f 1822/1658/6604 1266/1657/6605 1752/1803/6606 1823/1802/6607
f 1154/1656/6608 1266/1657/6609 1822/1658/6610 1821/1659/6611
f 1824/1669/6612 1825/1676/6613 1826/1679/6614 1827/1678/6615
f 1828/1675/6616 1829/1809/6617 1830/1822/6618 1831/1812/6619
f 1832/1808/6620 1829/1809/6621 1828/1675/6622 1833/1674/6623
f 1822/1668/6624 1823/1805/6625 1832/1808/6626 1833/1674/6627
f 1831/1812/6628 1826/1679/6629 1825/1676/6630 1828/1675/6631
f 390/1660/6632 1821/1667/6633 1834/1664/6634 391/1663/6635
f 1824/1669/6636 1819/1661/6637 1820/1672/6638 1835/1671/6639
f 1827/1678/6640 1812/1677/6641 1819/1661/6642 1824/1669/6643
f 1834/1664/6644 1818/1670/6645 1814/1662/6646 1816/1665/6647
f 391/1663/6648 1834/1664/6649 1816/1665/6650 403/1666/6651
f 1821/1667/6652 1822/1668/6653 1833/1674/6654 1834/1664/6655
f 1833/1674/6656 1836/1673/6657 1835/1671/6658 1834/1664/6659
f 1835/1671/6660 1836/1673/6661 1825/1676/6662 1824/1669/6663
f 1818/1670/6664 1834/1664/6665 1835/1671/6666 1820/1672/6667
f 1836/1673/6668 1833/1674/6669 1828/1675/6670 1825/1676/6671
f 1827/1678/6672 1826/1679/6673 1837/1819/6674 1838/1682/6675
f 1838/1682/6676 1813/1683/6677 1812/1677/6678 1827/1678/6679
f 1839/1820/6680 1837/1819/6681 1826/1679/6682 1831/1812/6683
f 1840/1834/6684 1809/1832/6685 1810/1680/6686 1811/1681/6687
f 1811/1681/6688 1813/1683/6689 1841/1837/6690 1840/1834/6691
f 1838/1682/6692 1837/1819/6693 1842/1840/6694 1843/1841/6695
f 1838/1682/6696 1843/1841/6697 1841/1837/6698 1813/1683/6699
f 1844/1821/6700 1756/1817/6701 1755/1835/6702 1845/1838/6703
f 1608/1684/6704 128/3899/6705 119/3898/6706 1614/1685/6707
f 1609/1688/6708 1608/1686/6709 1614/1687/6710 1613/1689/6711
f 1604/1691/6712 1611/1690/6713 1609/1688/6714 1613/1689/6715
f 1600/1692/6716 1611/1690/6717 1604/1691/6718 1603/1693/6719
f 387/1694/6720 1600/1692/6721 1603/1693/6722 1602/1695/6723
f 1587/1697/6724 384/1696/6725 387/1694/6726 1602/1695/6727
f 225/1698/6728 228/1699/6729 384/1696/6730 1587/1697/6731
f 225/1698/6732 224/1701/6733 229/1700/6734 228/1699/6735
f 261/1702/6736 229/1700/6737 224/1701/6738 258/1703/6739
f 245/1704/6740 261/1702/6741 258/1703/6742 240/1705/6743
f 246/1706/6744 245/1704/6745 240/1705/6746 243/1707/6747
f 218/1708/6748 246/1706/6749 243/1707/6750 215/1709/6751
f 201/1710/6752 218/1708/6753 215/1709/6754 198/1711/6755
f 202/1712/6756 201/1710/6757 198/1711/6758 199/1713/6759
f 1627/1714/6760 202/1712/6761 199/1713/6762 1628/1715/6763
f 1650/1716/6764 1627/1714/6765 1628/1715/6766 1635/1717/6767
f 1634/1719/6768 279/1718/6769 1650/1716/6770 1635/1717/6771
f 377/1720/6772 278/1723/6773 279/1718/6774 1634/1719/6775
f 377/1720/6776 364/1721/6777 363/1722/6778 278/1723/6779
f 364/1724/6780 288/1727/6781 285/1726/6782 363/1725/6783
f 286/1728/6784 285/1726/6785 288/1727/6786 287/1729/6787
f 300/1730/6788 286/1728/6789 287/1729/6790 298/1731/6791
f 317/1732/6792 300/1730/6793 298/1731/6794 314/1733/6795
f 318/1734/6796 317/1732/6797 314/1733/6798 313/1735/6799
f 338/1736/6800 318/1734/6801 313/1735/6802 335/1737/6803
f 339/1738/6804 338/1736/6805 335/1737/6806 334/1739/6807
f 352/1740/6808 339/1738/6809 334/1739/6810 350/1741/6811
f 323/1742/6812 352/1740/6813 350/1741/6814 359/1743/6815
f 380/1745/6816 320/1744/6817 323/1742/6818 359/1743/6819
f 383/1746/6820 378/1747/6821 320/1744/6822 380/1745/6823
f 383/1746/6824 164/1751/6825 177/1750/6826 378/1747/6827
f 163/1748/6828 176/1749/6829 177/1750/6830 164/1751/6831
f 1499/1755/6832 1503/1754/6833 176/1752/6834 163/1753/6835
f 1498/1757/6836 1459/1756/6837 1503/1754/6838 1499/1755/6839
f 1457/1761/6840 1459/1756/6841 1498/1757/6842 1371/1758/6843
f 1371/1758/6844 1335/1759/6845 1455/1760/6846 1457/1761/6847
f 1335/1762/6848 1334/1764/6849 1453/1765/6850 1455/1763/6851
f 1334/1764/6852 1133/1766/6853 1451/1767/6854 1453/1765/6855
f 1133/1766/6856 1132/1768/6857 1449/1769/6858 1451/1767/6859
f 1132/1768/6860 1460/1770/6861 1302/1771/6862 1449/1769/6863
f 1460/1770/6864 1212/1773/6865 1258/1772/6866 1302/1771/6867
f 1259/1774/6868 1258/1772/6869 1212/1773/6870 1215/1775/6871
f 1167/1777/6872 1259/1774/6873 1215/1775/6874 1280/1776/6875
f 1280/1776/6876 1279/1779/6877 1168/1778/6878 1167/1777/6879
f 1171/1781/6880 1168/1778/6881 1279/1779/6882 1273/1780/6883
f 1273/1780/6884 1276/1783/6885 1172/1782/6886 1171/1781/6887
f 1177/1784/6888 1172/1782/6889 1276/1783/6890 1269/1785/6891
f 1178/1786/6892 1177/1784/6893 1269/1785/6894 1268/1787/6895
f 1181/1788/6896 1178/1786/6897 1268/1787/6898 1249/1789/6899
f 1182/1790/6900 1181/1788/6901 1249/1789/6902 1248/1791/6903
f 1185/1792/6904 1182/1790/6905 1248/1791/6906 1251/1793/6907
f 1186/1794/6908 1185/1792/6909 1251/1793/6910 1250/1795/6911
f 1238/1796/6912 1186/1794/6913 1250/1795/6914 1253/1797/6915
f 1252/1799/6916 1237/1798/6917 1238/1796/6918 1253/1797/6919
f 1254/1801/6920 1262/1800/6921 1237/1798/6922 1252/1799/6923
f 2023/2037/6924 2022/2035/6925 1262/1800/6926 1254/1801/6927
f 1752/1803/6928 1242/2034/6929 1255/2036/6930 1749/1804/6931
f 1823/1802/6932 1752/1803/6933 1749/1804/6934 1748/1527/6935
f 1832/1808/6936 1823/1805/6937 1748/1806/6938 1742/1807/6939
f 1742/1807/6940 1741/1810/6941 1829/1809/6942 1832/1808/6943
f 1830/1822/6944 1829/1809/6945 1741/1810/6946 1744/1823/6947
f 1746/1813/6948 1846/1826/6949 1744/1823/6950 1745/1811/6951
f 1831/1812/6952 1830/1822/6953 1847/1825/6954 1839/1820/6955
f 1747/1814/6956 1848/1824/6957 1846/1826/6958 1746/1813/6959
f 1848/1824/6960 1747/1814/6961 1754/1816/6962 1849/1818/6963
f 1753/1815/6964 1756/1817/6965 1849/1818/6966 1754/1816/6967
f 1849/1818/6968 1756/1817/6969 1844/1821/6970 1850/1828/6971
f 1839/1820/6972 1847/1825/6973 1851/1827/6974 1852/1845/6975
f 1851/1827/6976 1848/1824/6977 1849/1818/6978 1850/1828/6979
f 1842/1840/6980 1837/1819/6981 1839/1820/6982 1852/1845/6983
f 1853/1842/6984 1850/1828/6985 1844/1821/6986 1845/1838/6987
f 1846/1826/6988 1847/1825/6989 1830/1822/6990 1744/1823/6991
f 1848/1824/6992 1851/1827/6993 1847/1825/6994 1846/1826/6995
f 1852/1845/6996 1851/1827/6997 1850/1828/6998 1853/1842/6999
f 1780/1829/7000 1854/1847/7001 1855/1839/7002 1776/1836/7003
f 1854/1847/7004 1780/1829/7005 1782/1830/7006 1783/1831/7007
f 1808/1833/7008 1856/1848/7009 1854/1847/7010 1783/1831/7011
f 1809/1832/7012 1840/1834/7013 1856/1848/7014 1808/1833/7015
f 1840/1834/7016 1841/1837/7017 1857/1849/7018 1856/1848/7019
f 1855/1839/7020 1845/1838/7021 1755/1835/7022 1776/1836/7023
f 1854/1847/7024 1858/1846/7025 1859/1843/7026 1855/1839/7027
f 1857/1849/7028 1841/1837/7029 1843/1841/7030 1860/1844/7031
f 1859/1843/7032 1858/1846/7033 1857/1849/7034 1860/1844/7035
f 1859/1843/7036 1853/1842/7037 1845/1838/7038 1855/1839/7039
f 1842/1840/7040 1852/1845/7041 1860/1844/7042 1843/1841/7043
f 1853/1842/7044 1859/1843/7045 1860/1844/7046 1852/1845/7047
f 1858/1846/7048 1854/1847/7049 1856/1848/7050 1857/1849/7051
f 1415/1850/7052 1514/1851/7053 1513/1852/7054 1413/1853/7055
f 1034/1854/7056 1033/1855/7057 1009/1856/7058 1861/1857/7059
f 1060/1858/7060 1862/1859/7061 1013/1860/7062 1012/1861/7063
f 38/4073/7064 829/1862/7065 830/1863/7066 134/4074/7067
f 1882/1877/7068 1881/1888/7069 1869/1875/7070 1870/1864/7071
f 1883/1878/7072 1882/1877/7073 1870/1864/7074 1871/1865/7075
f 1884/1879/7076 1883/1878/7077 1871/1865/7078 1872/1866/7079
f 1885/1880/7080 1884/1879/7081 1872/1866/7082 1873/1867/7083
f 1886/1881/7084 1885/1880/7085 1873/1867/7086 1874/1868/7087
f 1887/1882/7088 1886/1881/7089 1874/1868/7090 1875/1869/7091
f 1888/1883/7092 1887/1882/7093 1875/1869/7094 1876/1870/7095
f 1889/1884/7096 1888/1883/7097 1876/1870/7098 1877/1871/7099
f 1890/1890/7100 1889/1884/7101 1877/1871/7102 1878/1876/7103
f 1892/1885/7104 1891/4381/7105 1865/4380/7106 1866/1872/7107
f 1893/1886/7108 1892/1885/7109 1866/1872/7110 1867/1873/7111
f 1894/1887/7112 1893/1886/7113 1867/1873/7114 1868/1874/7115
f 1881/1888/7116 1894/1887/7117 1868/1874/7118 1869/1875/7119
f 144/1940/7120 3998/1889/7121 3996/4432/7122 1942/4384/7123
f 1896/4115/7124 1890/1890/7125 1878/1876/7126 1879/4116/7127
f 3890/1926/7128 3916/4433/7129 3996/4432/7130 3998/1889/7131
f 1898/1892/7132 1897/1902/7133 1881/1888/7134 1882/1877/7135
f 1899/1893/7136 1898/1892/7137 1882/1877/7138 1883/1878/7139
f 1900/1894/7140 1899/1893/7141 1883/1878/7142 1884/1879/7143
f 1901/1895/7144 1900/1894/7145 1884/1879/7146 1885/1880/7147
f 1902/1896/7148 1901/1895/7149 1885/1880/7150 1886/1881/7151
f 1903/1897/7152 1902/1896/7153 1886/1881/7154 1887/1882/7155
f 1904/1898/7156 1903/1897/7157 1887/1882/7158 1888/1883/7159
f 1905/1909/7160 1904/1898/7161 1888/1883/7162 1889/1884/7163
f 1906/1920/7164 1905/1909/7165 1889/1884/7166 1890/1890/7167
f 1908/1899/7168 1907/4382/7169 1891/4381/7170 1892/1885/7171
f 1909/1900/7172 1908/1899/7173 1892/1885/7174 1893/1886/7175
f 1910/1901/7176 1909/1900/7177 1893/1886/7178 1894/1887/7179
f 1897/1902/7180 1910/1901/7181 1894/1887/7182 1881/1888/7183
f 3890/1926/7184 3998/1889/7185 4011/4402/7186 3825/4388/7187
f 1912/4110/7188 1906/1920/7189 1890/1890/7190 1896/4115/7191
f 1963/1929/7192 3609/1891/7193 3809/4092/7194 1961/4113/7195
f 1914/1903/7196 1913/1913/7197 1897/1902/7198 1898/1892/7199
f 1915/1904/7200 1914/1903/7201 1898/1892/7202 1899/1893/7203
f 1916/1905/7204 1915/1904/7205 1899/1893/7206 1900/1894/7207
f 1917/1906/7208 1916/1905/7209 1900/1894/7210 1901/1895/7211
f 1918/1907/7212 1917/1906/7213 1901/1895/7214 1902/1896/7215
f 1919/1908/7216 1918/1907/7217 1902/1896/7218 1903/1897/7219
f 1905/1909/7220 1919/1908/7221 1903/1897/7222 1904/1898/7223
f 1921/1910/7224 1920/4383/7225 1907/4382/7226 1908/1899/7227
f 1922/1911/7228 1921/1910/7229 1908/1899/7230 1909/1900/7231
f 1923/1912/7232 1922/1911/7233 1909/1900/7234 1910/1901/7235
f 1913/1913/7236 1923/1912/7237 1910/1901/7238 1897/1902/7239
f 1925/1914/7240 1924/1924/7241 1913/1913/7242 1914/1903/7243
f 1926/1915/7244 1925/1914/7245 1914/1903/7246 1915/1904/7247
f 1927/1916/7248 1926/1915/7249 1915/1904/7250 1916/1905/7251
f 1928/1917/7252 1927/1916/7253 1916/1905/7254 1917/1906/7255
f 1929/1918/7256 1928/1917/7257 1917/1906/7258 1918/1907/7259
f 1930/1919/7260 1929/1918/7261 1918/1907/7262 1919/1908/7263
f 1906/1920/7264 1930/1919/7265 1919/1908/7266 1905/1909/7267
f 1932/1921/7268 1931/4385/7269 1920/4383/7270 1921/1910/7271
f 1933/1922/7272 1932/1921/7273 1921/1910/7274 1922/1911/7275
f 1934/1923/7276 1933/1922/7277 1922/1911/7278 1923/1912/7279
f 1924/1924/7280 1934/1923/7281 1923/1912/7282 1913/1913/7283
f 1936/4093/7284 1935/4096/7285 1924/1924/7286 1925/1914/7287
f 1937/4089/7288 1936/4093/7289 1925/1914/7290 1926/1915/7291
f 1938/2001/7292 1937/4089/7293 1926/1915/7294 1927/1916/7295
f 1939/1996/7296 1938/2001/7297 1927/1916/7298 1928/1917/7299
f 1940/1994/7300 1939/1996/7301 1928/1917/7302 1929/1918/7303
f 1941/1942/7304 1940/1994/7305 1929/1918/7306 1930/1919/7307
f 1912/4110/7308 1941/1942/7309 1930/1919/7310 1906/1920/7311
f 1943/1938/7312 1942/4384/7313 1931/4385/7314 1932/1921/7315
f 1944/1933/7316 1943/1938/7317 1932/1921/7318 1933/1922/7319
f 1945/1931/7320 1944/1933/7321 1933/1922/7322 1934/1923/7323
f 1935/4096/7324 1945/1931/7325 1934/1923/7326 1924/1924/7327
f 137/4095/7328 3865/4159/7329 3875/4158/7330 147/1932/7331
f 147/1932/7332 3875/4158/7333 3874/4156/7334 146/1934/7335
f 146/1934/7336 3874/4156/7337 3873/4154/7338 145/1939/7339
f 145/1939/7340 3873/4154/7341 3872/4403/7342 144/1940/7343
f 136/4109/7344 3842/4151/7345 3871/4150/7346 143/1943/7347
f 143/1943/7348 3871/4150/7349 3870/4148/7350 142/1995/7351
f 142/1995/7352 3870/4148/7353 3869/4146/7354 141/1997/7355
f 141/1997/7356 3869/4146/7357 3868/4144/7358 140/2002/7359
f 140/2002/7360 3868/4144/7361 3867/4142/7362 139/4090/7363
f 139/4090/7364 3867/4142/7365 3866/4140/7366 138/4094/7367
f 138/4094/7368 3866/4140/7369 3865/4159/7370 137/4095/7371
f 135/4114/7372 3826/4112/7373 3842/4151/7374 136/4109/7375
f 1961/4113/7376 3809/4092/7377 3826/4112/7378 135/4114/7379
f 3890/1926/7380 3825/4388/7381 3917/4271/7382 1948/1928/7383
f 149/4161/7384 4022/4462/7385 1525/4461/7386 910/1925/7387
f 3140/2003/7388 2005/1927/7389 1948/1928/7390 3917/4271/7391
f 1948/1928/7392 1949/4185/7393 3916/4433/7394 3890/1926/7395
f 2005/1927/7396 2007/1998/7397 1949/4185/7398 1948/1928/7399
f 1963/1929/7400 1961/4113/7401 1879/4116/7402 1679/1930/7403
f 1935/4096/7404 137/4095/7405 147/1932/7406 1945/1931/7407
f 1945/1931/7408 147/1932/7409 146/1934/7410 1944/1933/7411
f 1944/1933/7412 146/1934/7413 145/1939/7414 1943/1938/7415
f 130/4192/7416 129/4189/7417 1957/1935/7418 1958/1937/7419
f 1959/1936/7420 131/4193/7421 130/4192/7422 1958/1937/7423
f 1943/1938/7424 145/1939/7425 144/1940/7426 1942/4384/7427
f 876/1941/7428 877/1972/7429 1960/4230/7430 39/4195/7431
f 136/4109/7432 143/1943/7433 1941/1942/7434 1912/4110/7435
f 1941/1942/7436 143/1943/7437 142/1995/7438 1940/1994/7439
f 1964/1945/7440 1965/1944/7441 127/4196/7442 124/4198/7443
f 124/4198/7444 1981/4227/7445 1980/1973/7446 1964/1945/7447
f 1967/1947/7448 1093/1974/7449 937/1979/7450 1966/1946/7451
f 1065/1948/7452 1093/1974/7453 1967/1947/7454 1968/1949/7455
f 927/1950/7456 1065/1948/7457 1968/1949/7458 1969/1951/7459
f 927/1950/7460 1969/1951/7461 1970/1953/7462 913/1952/7463
f 1971/1955/7464 916/1954/7465 913/1952/7466 1970/1953/7467
f 1972/1957/7468 915/1956/7469 916/1954/7470 1971/1955/7471
f 1973/1959/7472 1036/1958/7473 915/1956/7474 1972/1957/7475
f 1974/1961/7476 1092/1960/7477 1036/1958/7478 1973/1959/7479
f 1092/1960/7480 1974/1961/7481 1975/1963/7482 921/1962/7483
f 1976/1965/7484 920/1964/7485 921/1962/7486 1975/1963/7487
f 1977/1967/7488 923/1966/7489 920/1964/7490 1976/1965/7491
f 879/1968/7492 923/1966/7493 1977/1967/7494 1978/1969/7495
f 878/1970/7496 879/1968/7497 1978/1969/7498 1979/1971/7499
f 877/1972/7500 878/1970/7501 1979/1971/7502 1980/1973/7503
f 1981/4227/7504 1960/4230/7505 877/1972/7506 1980/1973/7507
f 1983/4390/7508 1982/2054/7509 1670/2053/7510 1674/1986/7511
f 1988/1981/7512 937/1979/7513 1093/1974/7514 1984/1975/7515
f 1988/1981/7516 1984/1975/7517 1985/1976/7518 1989/1983/7519
f 1990/1985/7520 1989/1983/7521 1985/1976/7522 1986/1977/7523
f 1991/4242/7524 1990/1985/7525 1986/1977/7526 1987/4233/7527
f 935/1980/7528 938/1978/7529 937/1979/7530 1988/1981/7531
f 935/1980/7532 1988/1981/7533 1989/1983/7534 834/1982/7535
f 833/1984/7536 834/1982/7537 1989/1983/7538 1990/1985/7539
f 50/4241/7540 833/1984/7541 1990/1985/7542 1991/4242/7543
f 1863/4389/7544 1983/4390/7545 1674/1986/7546 1672/1987/7547
f 2000/4178/7548 1999/4177/7549 1551/1988/7550 1555/1989/7551
f 2001/4176/7552 2000/4178/7553 1555/1989/7554 1554/1990/7555
f 1911/4182/7556 1993/1991/7557 1992/2011/7558 3935/4181/7559
f 1947/4184/7560 2004/1993/7561 1993/1991/7562 1911/4182/7563
f 1956/4264/7564 3489/4263/7565 2003/1992/7566 1946/4183/7567
f 1946/4183/7568 2003/1992/7569 2004/1993/7570 1947/4184/7571
f 1940/1994/7572 142/1995/7573 141/1997/7574 1939/1996/7575
f 1939/1996/7576 141/1997/7577 140/2002/7578 1938/2001/7579
f 1949/4185/7580 2007/1998/7581 2008/1999/7582 1950/4186/7583
f 1950/4186/7584 2008/1999/7585 2009/2000/7586 1951/4187/7587
f 1951/4187/7588 2009/2000/7589 2010/4254/7590 1952/4253/7591
f 1938/2001/7592 140/2002/7593 139/4090/7594 1937/4089/7595
f 3927/4272/7596 3988/2004/7597 3140/2003/7598 3917/4271/7599
f 3928/4273/7600 1557/2005/7601 3988/2004/7602 3927/4272/7603
f 3929/4274/7604 1558/2006/7605 1557/2005/7606 3928/4273/7607
f 3930/4275/7608 1559/2007/7609 1558/2006/7610 3929/4274/7611
f 3931/4277/7612 1560/2009/7613 1559/2007/7614 3930/4275/7615
f 3932/4276/7616 1561/2008/7617 1560/2009/7618 3931/4277/7619
f 3933/4278/7620 1562/2852/7621 1561/2010/7622 3932/4279/7623
f 3935/4181/7624 1992/2011/7625 1563/2764/7626 3934/4266/7627
f 1025/2012/7628 1539/2026/7629 2012/2029/7630 2013/2013/7631
f 1546/2014/7632 1025/2012/7633 2013/2013/7634 2014/2015/7635
f 1545/2016/7636 1546/2014/7637 2014/2015/7638 2015/2017/7639
f 1543/2018/7640 1545/2016/7641 2015/2017/7642 2016/2019/7643
f 1544/2020/7644 1543/2018/7645 2016/2019/7646 2017/2021/7647
f 1542/2022/7648 1544/2020/7649 2017/2021/7650 2018/2023/7651
f 2019/2025/7652 1541/2024/7653 1542/2022/7654 2018/2023/7655
f 1540/2027/7656 1541/2024/7657 2019/2025/7658 2020/2028/7659
f 1539/2026/7660 1540/2027/7661 2020/2028/7662 2012/2029/7663
f 1241/2032/7664 1153/2030/7665 1240/2031/7666 2021/2033/7667
f 1241/2032/7668 2021/2033/7669 2022/2035/7670 1242/2034/7671
f 1242/2034/7672 2022/2035/7673 2023/2037/7674 1255/2036/7675
f 1255/2036/7676 2023/2037/7677 2024/2040/7678 1256/2039/7679
f 1243/2096/7680 1207/2038/7681 1256/2039/7682 2024/2040/7683
f 2026/2087/7684 2025/2090/7685 1659/2052/7686 1658/2046/7687
f 2028/2056/7688 2027/2055/7689 1662/2042/7690 1661/2043/7691
f 2030/2059/7692 2029/2084/7693 1664/2041/7694 1663/2048/7695
f 2029/2084/7696 2031/2088/7697 1665/2047/7698 1664/2041/7699
f 2033/2058/7700 2032/2057/7701 1660/2044/7702 1666/2045/7703
f 2027/2055/7704 2034/2061/7705 1669/2050/7706 1662/2042/7707
f 2032/2057/7708 2028/2056/7709 1661/2043/7710 1660/2044/7711
f 2035/2062/7712 2033/2058/7713 1666/2045/7714 1670/2053/7715
f 2031/2088/7716 2026/2087/7717 1658/2046/7718 1665/2047/7719
f 2036/2060/7720 2030/2059/7721 1663/2048/7722 1680/2049/7723
f 2034/2061/7724 2036/2060/7725 1680/2049/7726 1669/2050/7727
f 2038/2089/7728 2037/4366/7729 127/4320/7730 1965/2051/7731
f 2025/2090/7732 2038/2089/7733 1965/2051/7734 1659/2052/7735
f 2039/2063/7736 2035/2062/7737 1670/2053/7738 1982/2054/7739
f 2041/2065/7740 2040/2064/7741 2027/2055/7742 2028/2056/7743
f 2043/2068/7744 2042/2083/7745 2029/2084/7746 2030/2059/7747
f 2045/2067/7748 2044/2066/7749 2032/2057/7750 2033/2058/7751
f 2040/2064/7752 2046/2070/7753 2034/2061/7754 2027/2055/7755
f 2044/2066/7756 2041/2065/7757 2028/2056/7758 2032/2057/7759
f 2047/2072/7760 2045/2067/7761 2033/2058/7762 2035/2062/7763
f 2048/2069/7764 2043/2068/7765 2030/2059/7766 2036/2060/7767
f 2046/2070/7768 2048/2069/7769 2036/2060/7770 2034/2061/7771
f 2049/4392/7772 2050/2073/7773 2039/2063/7774 1982/4391/7775
f 2050/2073/7776 2047/2072/7777 2035/2062/7778 2039/2063/7779
f 2052/2075/7780 2051/2074/7781 2040/2064/7782 2041/2065/7783
f 2054/2078/7784 2053/2085/7785 2042/2083/7786 2043/2068/7787
f 2056/2077/7788 2055/2076/7789 2044/2066/7790 2045/2067/7791
f 2051/2074/7792 2057/2080/7793 2046/2070/7794 2040/2064/7795
f 2055/2076/7796 2052/2075/7797 2041/2065/7798 2044/2066/7799
f 2058/2081/7800 2056/2077/7801 2045/2067/7802 2047/2072/7803
f 2059/2079/7804 2054/2078/7805 2043/2068/7806 2048/2069/7807
f 2057/2080/7808 2059/2079/7809 2048/2069/7810 2046/2070/7811
f 2060/2071/7812 2061/2082/7813 2050/2073/7814 2049/4392/7815
f 2061/2082/7816 2058/2081/7817 2047/2072/7818 2050/2073/7819
f 2063/4345/7820 2062/4342/7821 2051/2074/7822 2052/2075/7823
f 2074/2086/7824 2053/2085/7825 2054/2078/7826 2065/4351/7827
f 2067/4349/7828 2066/4346/7829 2055/2076/7830 2056/2077/7831
f 2062/4342/7832 2068/4354/7833 2057/2080/7834 2051/2074/7835
f 2066/4346/7836 2063/4345/7837 2052/2075/7838 2055/2076/7839
f 2069/4357/7840 2067/4349/7841 2056/2077/7842 2058/2081/7843
f 2070/4353/7844 2065/4351/7845 2054/2078/7846 2059/2079/7847
f 2068/4354/7848 2070/4353/7849 2059/2079/7850 2057/2080/7851
f 2071/4416/7852 2072/4358/7853 2061/2082/7854 2060/4393/7855
f 2072/4358/7856 2069/4357/7857 2058/2081/7858 2061/2082/7859
f 2074/2086/7860 2073/2091/7861 2025/2090/7862 2026/2087/7863
f 2042/2083/7864 2053/2085/7865 2031/2088/7866 2029/2084/7867
f 2053/2085/7868 2074/2086/7869 2026/2087/7870 2031/2088/7871
f 2075/2092/7872 2064/4372/7873 2037/4366/7874 2038/2089/7875
f 2073/2091/7876 2075/2092/7877 2038/2089/7878 2025/2090/7879
f 2076/4370/7880 2073/2091/7881 2074/2086/7882 2065/4351/7883
f 2077/4373/7884 2075/2092/7885 2073/2091/7886 2076/4370/7887
f 2064/4372/7888 2075/2092/7889 2077/4373/7890
f 1205/2095/7891 1208/2098/7892 74/2093/7893 93/2094/7894
f 1205/2095/7895 1243/2096/7896 1211/2097/7897 1208/2098/7898
f 2080/2105/7899 2083/3353/7900 2082/3357/7901 2081/2104/7902
f 2084/3313/7903 2087/2103/7904 2086/2099/7905 2085/3314/7906
f 2088/3356/7907 2091/3327/7908 2090/3326/7909 2089/3358/7910
f 2092/2100/7911 2095/3453/7912 2094/3963/7913 2093/2101/7914
f 2096/2124/7915 2098/3305/7916 2097/3301/7917 2095/3453/7918
f 2099/3322/7919 2100/2102/7920 2087/2103/7921 2084/3313/7922
f 2101/2106/7923 2102/2179/7924 2080/2105/7925 2081/2104/7926
f 2080/2105/7927 2104/2153/7928 2103/3354/7929 2083/3353/7930
f 2102/2179/7931 2105/2178/7932 2104/2153/7933 2080/2105/7934
f 2106/3965/7935 2107/3964/7936 2102/2179/7937 2101/2106/7938
f 2108/3541/7939 2111/3539/7940 2110/3260/7941 2109/3259/7942
f 2112/2121/7943 2115/3544/7944 2114/3546/7945 2113/3543/7946
f 2116/3423/7947 2119/3547/7948 2118/3160/7949 2117/3425/7950
f 2120/2120/7951 2123/2122/7952 2122/2173/7953 2121/2151/7954
f 2124/3258/7955 2127/3237/7956 2126/3422/7957 2125/3424/7958
f 2128/3924/7959 2129/3926/7960 2126/3422/7961 2127/3237/7962
f 2130/2107/7963 2133/3421/7964 2132/3927/7965 2131/3925/7966
f 2133/3421/7967 2130/2107/7968 2135/3256/7969 2134/3420/7970
f 2136/3538/7971 2139/3540/7972 2138/3406/7973 2137/3405/7974
f 2140/2119/7975 2120/2120/7976 2121/2151/7977 2141/2157/7978
f 2142/2118/7979 2144/3239/7980 2124/3258/7981 2143/3257/7982
f 2145/3922/7983 2128/3924/7984 2127/3237/7985 2146/3238/7986
f 2147/2108/7987 2130/2107/7988 2131/3925/7989 2148/3923/7990
f 2130/2107/7991 2147/2108/7992 2149/3254/7993 2135/3256/7994
f 2150/3404/7995 2153/3407/7996 2152/3255/7997 2151/3401/7998
f 2154/3914/7999 2157/3246/8000 2156/3247/8001 2155/3912/8002
f 2158/3913/8003 2161/3288/8004 2160/3287/8005 2159/3915/8006
f 2162/2110/8007 2165/2116/8008 2164/2156/8009 2163/2161/8010
f 2166/2111/8011 2167/2117/8012 2165/2116/8013 2162/2110/8014
f 2166/2111/8015 2169/3243/8016 2168/3241/8017 2167/2117/8018
f 2170/3918/8019 2173/3920/8020 2172/3240/8021 2171/3242/8022
f 2174/2112/8023 2177/2109/8024 2176/3921/8025 2175/3919/8026
f 2177/2109/8027 2174/2112/8028 2179/3250/8029 2178/3252/8030
f 2180/2163/8031 2183/2159/8032 2182/3253/8033 2181/3251/8034
f 2165/2116/8035 2140/2119/8036 2141/2157/8037 2164/2156/8038
f 2167/2117/8039 2168/3241/8040 2144/3239/8041 2142/2118/8042
f 2173/3920/8043 2145/3922/8044 2146/3238/8045 2172/3240/8046
f 2177/2109/8047 2147/2108/8048 2148/3923/8049 2176/3921/8050
f 2147/2108/8051 2177/2109/8052 2178/3252/8053 2149/3254/8054
f 2183/2159/8055 2151/3401/8056 2152/3255/8057 2182/3253/8058
f 2184/2113/8059 2162/2110/8060 2163/2161/8061 2185/2165/8062
f 2186/2114/8063 2166/2111/8064 2162/2110/8065 2184/2113/8066
f 2186/2114/8067 2187/3245/8068 2169/3243/8069 2166/2111/8070
f 2188/3916/8071 2170/3918/8072 2171/3242/8073 2189/3244/8074
f 2190/2115/8075 2174/2112/8076 2175/3919/8077 2191/3917/8078
f 2174/2112/8079 2190/2115/8080 2192/3248/8081 2179/3250/8082
f 2193/2168/8083 2180/2163/8084 2181/3251/8085 2194/3249/8086
f 2195/3320/8087 2184/2113/8088 2185/2165/8089 2196/3318/8090
f 2197/3319/8091 2186/2114/8092 2184/2113/8093 2195/3320/8094
f 2197/3319/8095 2198/3309/8096 2187/3245/8097 2186/2114/8098
f 2154/3914/8099 2188/3916/8100 2189/3244/8101 2157/3246/8102
f 2160/3287/8103 2190/2115/8104 2191/3917/8105 2159/3915/8106
f 2190/2115/8107 2160/3287/8108 2199/3343/8109 2192/3248/8110
f 2200/3349/8111 2193/2168/8112 2194/3249/8113 2201/3345/8114
f 2165/2116/8115 2167/2117/8116 2142/2118/8117 2140/2119/8118
f 2142/2118/8119 2143/3257/8120 2120/2120/8121 2140/2119/8122
f 2143/3257/8123 2202/3427/8124 2123/2122/8125 2120/2120/8126
f 2202/3427/8127 2204/3426/8128 2203/3442/8129 2123/2122/8130
f 2112/2121/8131 2109/3259/8132 2206/3261/8133 2205/3164/8134
f 2207/2169/8135 2115/3544/8136 2112/2121/8137 2205/3164/8138
f 2208/3935/8139 2209/3933/8140 2115/3544/8141 2207/2169/8142
f 2123/2122/8143 2203/3442/8144 2210/3445/8145 2122/2173/8146
f 2211/3466/8147 2214/3169/8148 2213/2148/8149 2212/3398/8150
f 2214/3169/8151 2216/3943/8152 2215/3941/8153 2213/2148/8154
f 2217/3942/8155 2220/3397/8156 2219/3158/8157 2218/3940/8158
f 2221/2149/8159 2224/2123/8160 2223/3436/8161 2222/3439/8162
f 2225/3438/8163 2220/3397/8164 2227/3432/8165 2226/3435/8166
f 2228/3944/8167 2227/3432/8168 2220/3397/8169 2217/3942/8170
f 2229/3416/8171 2230/3945/8172 2216/3943/8173 2214/3169/8174
f 2231/3400/8175 2234/3467/8176 2233/3469/8177 2232/3408/8178
f 2235/2146/8179 2238/2127/8180 2237/3428/8181 2236/3430/8182
f 2239/3434/8183 2242/3433/8184 2241/2129/8185 2240/2145/8186
f 2243/3948/8187 2241/2129/8188 2242/3433/8189 2244/3946/8190
f 2245/3410/8191 2248/3949/8192 2247/3947/8193 2246/3415/8194
f 2096/2124/8195 2100/2125/8196 2249/3302/8197 2098/3305/8198
f 2250/3959/8199 2253/3957/8200 2252/2174/8201 2251/2177/8202
f 2104/2153/8203 2105/2178/8204 2255/2175/8205 2254/2166/8206
f 2256/2132/8207 2259/2131/8208 2258/2126/8209 2257/2143/8210
f 2260/2133/8211 2256/2132/8212 2257/2143/8213 2261/2144/8214
f 2261/2144/8215 2263/2128/8216 2262/2134/8217 2260/2133/8218
f 2264/3952/8219 2262/2134/8220 2263/2128/8221 2265/3950/8222
f 2266/2135/8223 2269/3953/8224 2268/3951/8225 2267/3419/8226
f 2266/2135/8227 2267/3419/8228 2271/2130/8229 2270/2136/8230
f 2272/2162/8231 2270/2136/8232 2271/2130/8233 2273/2158/8234
f 2257/2143/8235 2258/2126/8236 2238/2127/8237 2235/2146/8238
f 2240/2145/8239 2241/2129/8240 2263/2128/8241 2261/2144/8242
f 2265/3950/8243 2263/2128/8244 2241/2129/8245 2243/3948/8246
f 2267/3419/8247 2245/3410/8248 2274/3412/8249 2271/2130/8250
f 2273/2158/8251 2271/2130/8252 2274/3412/8253 2275/3411/8254
f 2276/2138/8255 2277/2137/8256 2259/2131/8257 2256/2132/8258
f 2278/2139/8259 2276/2138/8260 2256/2132/8261 2260/2133/8262
f 2260/2133/8263 2262/2134/8264 2279/2140/8265 2278/2139/8266
f 2280/3954/8267 2279/2140/8268 2262/2134/8269 2264/3952/8270
f 2281/2141/8271 2282/3955/8272 2269/3953/8273 2266/2135/8274
f 2281/2141/8275 2266/2135/8276 2270/2136/8277 2283/2142/8278
f 2284/2167/8279 2283/2142/8280 2270/2136/8281 2272/2162/8282
f 2285/3304/8283 2286/3303/8284 2277/2137/8285 2276/2138/8286
f 2287/3300/8287 2285/3304/8288 2276/2138/8289 2278/2139/8290
f 2278/2139/8291 2279/2140/8292 2288/3299/8293 2287/3300/8294
f 2289/3956/8295 2288/3299/8296 2279/2140/8297 2280/3954/8298
f 2252/2174/8299 2253/3957/8300 2282/3955/8301 2281/2141/8302
f 2252/2174/8303 2281/2141/8304 2283/2142/8305 2255/2175/8306
f 2254/2166/8307 2255/2175/8308 2283/2142/8309 2284/2167/8310
f 2257/2143/8311 2235/2146/8312 2240/2145/8313 2261/2144/8314
f 2240/2145/8315 2235/2146/8316 2236/3430/8317 2239/3434/8318
f 2226/3435/8319 2290/3431/8320 2222/3439/8321 2225/3438/8322
f 2213/2148/8323 2292/2147/8324 2291/3167/8325 2212/3398/8326
f 2293/3939/8327 2292/2147/8328 2213/2148/8329 2215/3941/8330
f 2218/3940/8331 2219/3158/8332 2295/3157/8333 2294/3938/8334
f 2222/3439/8335 2290/3431/8336 2296/3429/8337 2221/2149/8338
f 2297/3537/8339 2298/3463/8340 2110/3260/8341 2111/3539/8342
f 2295/2171/8343 2299/3159/8344 2118/3160/8345 2119/3547/8346
f 2300/3446/8347 2301/3444/8348 2223/3441/8349 2224/3447/8350
f 2296/2172/8351 2237/2150/8352 2121/2151/8353 2122/2173/8354
f 2237/2150/8355 2238/2154/8356 2141/2157/8357 2121/2151/8358
f 2302/3321/8359 2249/3307/8360 2100/2152/8361 2099/3322/8362
f 2200/3349/8363 2103/3354/8364 2104/2153/8365 2254/2166/8366
f 2258/2155/8367 2259/2160/8368 2163/2161/8369 2164/2156/8370
f 2272/2162/8371 2273/2158/8372 2183/2159/8373 2180/2163/8374
f 2238/2154/8375 2258/2155/8376 2164/2156/8377 2141/2157/8378
f 2273/2158/8379 2275/3411/8380 2151/3401/8381 2183/2159/8382
f 2259/2160/8383 2277/2164/8384 2185/2165/8385 2163/2161/8386
f 2284/2167/8387 2272/2162/8388 2180/2163/8389 2193/2168/8390
f 2277/2164/8391 2286/3306/8392 2196/3318/8393 2185/2165/8394
f 2254/2166/8395 2284/2167/8396 2193/2168/8397 2200/3349/8398
f 2298/3463/8399 2304/3464/8400 2303/3462/8401 2110/3260/8402
f 2305/3162/8403 2206/3261/8404 2303/3462/8405 2306/3161/8406
f 2292/2170/8407 2207/2169/8408 2205/3164/8409 2291/3163/8410
f 2208/3935/8411 2207/2169/8412 2292/2170/8413 2293/3936/8414
f 2307/3934/8415 2294/3937/8416 2295/2171/8417 2119/3547/8418
f 2221/3448/8419 2296/2172/8420 2122/2173/8421 2210/3445/8422
f 2308/3961/8423 2309/2176/8424 2102/2179/8425 2107/3964/8426
f 2105/2178/8427 2251/2177/8428 2252/2174/8429 2255/2175/8430
f 2310/3958/8431 2311/3454/8432 2288/3299/8433 2289/3956/8434
f 2312/3455/8435 2311/3454/8436 2310/3958/8437 2313/3960/8438
f 2308/3961/8439 2250/3959/8440 2251/2177/8441 2309/2176/8442
f 2309/2176/8443 2251/2177/8444 2105/2178/8445 2102/2179/8446
f 2314/3911/8447 2317/3909/8448 2316/3290/8449 2315/3289/8450
f 2088/3356/8451 2319/3355/8452 2318/3348/8453 2091/3327/8454
f 2320/3872/8455 2323/2180/8456 2322/3126/8457 2321/3876/8458
f 2323/2181/8459 2325/2182/8460 2324/2187/8461 2322/2185/8462
f 2326/2183/8463 2329/2184/8464 2328/2262/8465 2327/2186/8466
f 2325/2182/8467 2326/2183/8468 2327/2186/8469 2324/2187/8470
f 2329/2184/8471 2331/2195/8472 2330/2196/8473 2328/2262/8474
f 2332/3127/8475 2335/3130/8476 2334/3857/8477 2333/3877/8478
f 2336/2202/8479 2337/2205/8480 2322/2185/8481 2324/2187/8482
f 2328/2262/8483 2339/2264/8484 2338/2197/8485 2327/2186/8486
f 2327/2186/8487 2338/2197/8488 2336/2202/8489 2324/2187/8490
f 2330/2196/8491 2341/2194/8492 2340/2263/8493 2328/2262/8494
f 2342/2201/8495 2345/2206/8496 2344/2385/8497 2343/2388/8498
f 2346/2199/8499 2347/2208/8500 2345/2207/8501 2342/2200/8502
f 2340/2263/8503 2350/2188/8504 2349/2246/8505 2348/2245/8506
f 2351/2251/8507 2352/2250/8508 2347/2208/8509 2346/2199/8510
f 2341/2194/8511 2353/2193/8512 2350/2188/8513 2340/2263/8514
f 2354/2215/8515 2357/3828/8516 2356/3834/8517 2355/3833/8518
f 2358/2211/8519 2359/2219/8520 2357/2218/8521 2354/2212/8522
f 2350/2188/8523 2361/2189/8524 2360/2248/8525 2349/2246/8526
f 2362/2255/8527 2363/2254/8528 2359/2219/8529 2358/2211/8530
f 2353/2193/8531 2364/2192/8532 2361/2189/8533 2350/2188/8534
f 2365/2222/8535 2368/2226/8536 2367/2225/8537 2366/2223/8538
f 2361/2189/8539 2370/2384/8540 2369/2247/8541 2360/2248/8542
f 2371/2259/8543 2372/2258/8544 2368/2226/8545 2365/2222/8546
f 2364/2192/8547 2373/2191/8548 2370/2384/8549 2361/2189/8550
f 2374/2233/8551 2377/3764/8552 2376/3768/8553 2375/3767/8554
f 2378/2229/8555 2379/2235/8556 2377/2234/8557 2374/2230/8558
f 2380/2261/8559 2381/2283/8560 2379/2235/8561 2378/2229/8562
f 2382/2383/8563 2384/2377/8564 2383/2381/8565 2370/2384/8566
f 2385/3775/8567 2388/3770/8568 2387/3776/8569 2386/3777/8570
f 2389/3766/8571 2390/2238/8572 2388/3770/8573 2385/3775/8574
f 2391/2286/8575 2392/2288/8576 2390/2239/8577 2389/2236/8578
f 2393/3497/8579 2396/2295/8580 2395/2294/8581 2394/2380/8582
f 2397/2379/8583 2400/2190/8584 2399/3758/8585 2398/3762/8586
f 2401/3772/8587 2404/2266/8588 2403/3773/8589 2402/3774/8590
f 2405/2244/8591 2406/2265/8592 2404/2266/8593 2401/3772/8594
f 2407/2240/8595 2408/2269/8596 2406/2268/8597 2405/2241/8598
f 2409/2301/8599 2410/2300/8600 2408/2269/8601 2407/2240/8602
f 2411/2278/8603 2397/2379/8604 2413/3488/8605 2412/3487/8606
f 2414/2316/8607 2417/2326/8608 2416/3480/8609 2415/3479/8610
f 2418/2314/8611 2419/2325/8612 2417/2326/8613 2414/2316/8614
f 2420/2310/8615 2421/2328/8616 2419/2327/8617 2418/2311/8618
f 2422/2279/8619 2425/2274/8620 2424/2365/8621 2423/2368/8622
f 2426/2363/8623 2427/2362/8624 2421/2328/8625 2420/2310/8626
f 2393/3497/8627 2428/3493/8628 2422/2279/8629 2396/2295/8630
f 2397/2379/8631 2411/2278/8632 2429/2276/8633 2400/2190/8634
f 2430/3511/8635 2433/2277/8636 2432/3486/8637 2431/3510/8638
f 2434/3491/8639 2436/3517/8640 2435/3520/8641 2425/2274/8642
f 2433/2277/8643 2430/3511/8644 2438/3513/8645 2437/2275/8646
f 2439/3485/8647 2442/3484/8648 2441/2376/8649 2440/2358/8650
f 2439/3485/8651 2445/2357/8652 2444/3508/8653 2443/3507/8654
f 2437/2275/8655 2438/3513/8656 2447/3515/8657 2446/3490/8658
f 2400/2190/8659 2429/2276/8660 2449/3492/8661 2448/3496/8662
f 2400/2190/8663 2448/3496/8664 2450/3498/8665 2399/3758/8666
f 2451/3761/8667 2453/3760/8668 2452/2382/8669 2373/2191/8670
f 2454/3735/8671 2451/3761/8672 2373/2191/8673 2364/2192/8674
f 2455/3734/8675 2454/3735/8676 2364/2192/8677 2353/2193/8678
f 2456/3732/8679 2455/3734/8680 2353/2193/8681 2341/2194/8682
f 2457/3731/8683 2456/3732/8684 2341/2194/8685 2330/2196/8686
f 2331/2195/8687 2458/3730/8688 2457/3731/8689 2330/2196/8690
f 2338/2197/8691 2460/2198/8692 2459/2203/8693 2336/2202/8694
f 2348/2245/8695 2460/2198/8696 2338/2197/8697 2339/2264/8698
f 2351/2251/8699 2460/2198/8700 2348/2245/8701 2461/2252/8702
f 2460/2198/8703 2351/2251/8704 2346/2199/8705 2459/2203/8706
f 2459/2203/8707 2346/2199/8708 2342/2200/8709 2462/2204/8710
f 2462/3128/8711 2342/2201/8712 2343/2388/8713 2463/3861/8714
f 2464/3858/8715 2467/2387/8716 2466/2216/8717 2465/3859/8718
f 2335/3130/8719 2469/3129/8720 2468/3862/8721 2334/3857/8722
f 2336/2202/8723 2459/2203/8724 2462/2204/8725 2337/2205/8726
f 2470/3860/8727 2473/2217/8728 2472/2386/8729 2471/3842/8730
f 2345/2206/8731 2475/2214/8732 2474/3843/8733 2344/2385/8734
f 2347/2208/8735 2476/2210/8736 2475/2213/8737 2345/2207/8738
f 2352/2250/8739 2477/2209/8740 2476/2210/8741 2347/2208/8742
f 2349/2246/8743 2477/2209/8744 2352/2250/8745 2478/2249/8746
f 2362/2255/8747 2477/2209/8748 2349/2246/8749 2479/2256/8750
f 2477/2209/8751 2362/2255/8752 2358/2211/8753 2476/2210/8754
f 2476/2210/8755 2358/2211/8756 2354/2212/8757 2475/2213/8758
f 2475/2214/8759 2354/2215/8760 2355/3833/8761 2474/3843/8762
f 2466/2216/8763 2467/2387/8764 2472/2386/8765 2473/2217/8766
f 2465/3859/8767 2466/2216/8768 2473/2217/8769 2470/3860/8770
f 2359/2219/8771 2481/2221/8772 2480/2224/8773 2357/2218/8774
f 2363/2254/8775 2482/2220/8776 2481/2221/8777 2359/2219/8778
f 2360/2248/8779 2482/2220/8780 2363/2254/8781 2483/2253/8782
f 2371/2259/8783 2482/2220/8784 2360/2248/8785 2484/2260/8786
f 2482/2220/8787 2371/2259/8788 2365/2222/8789 2481/2221/8790
f 2481/2221/8791 2365/2222/8792 2366/2223/8793 2480/2224/8794
f 2367/3823/8795 2487/2232/8796 2486/3846/8797 2485/3824/8798
f 2368/2226/8799 2488/2228/8800 2487/2231/8801 2367/2225/8802
f 2372/2258/8803 2489/2227/8804 2488/2228/8805 2368/2226/8806
f 2369/2247/8807 2489/2227/8808 2372/2258/8809 2490/2257/8810
f 2380/2261/8811 2489/2227/8812 2369/2247/8813 2491/2291/8814
f 2489/2227/8815 2380/2261/8816 2378/2229/8817 2488/2228/8818
f 2488/2228/8819 2378/2229/8820 2374/2230/8821 2487/2231/8822
f 2487/2232/8823 2374/2233/8824 2375/3767/8825 2486/3846/8826
f 2379/2235/8827 2493/2284/8828 2492/2237/8829 2377/2234/8830
f 2381/2283/8831 2494/2285/8832 2493/2284/8833 2379/2235/8834
f 2493/2284/8835 2391/2286/8836 2389/2236/8837 2492/2237/8838
f 2390/2238/8839 2496/2243/8840 2495/3771/8841 2388/3770/8842
f 2392/2288/8843 2497/2287/8844 2496/2242/8845 2390/2239/8846
f 2498/2289/8847 2409/2301/8848 2407/2240/8849 2497/2287/8850
f 2497/2287/8851 2407/2240/8852 2405/2241/8853 2496/2242/8854
f 2496/2243/8855 2405/2244/8856 2401/3772/8857 2495/3771/8858
f 2349/2246/8859 2478/2249/8860 2461/2252/8861 2348/2245/8862
f 2360/2248/8863 2483/2253/8864 2479/2256/8865 2349/2246/8866
f 2369/2247/8867 2490/2257/8868 2484/2260/8869 2360/2248/8870
f 2478/2249/8871 2352/2250/8872 2351/2251/8873 2461/2252/8874
f 2483/2253/8875 2363/2254/8876 2362/2255/8877 2479/2256/8878
f 2490/2257/8879 2372/2258/8880 2371/2259/8881 2484/2260/8882
f 2499/2290/8883 2381/2283/8884 2380/2261/8885 2491/2291/8886
f 2328/2262/8887 2340/2263/8888 2348/2245/8889 2339/2264/8890
f 2404/2266/8891 2501/2273/8892 2500/3799/8893 2403/3773/8894
f 2406/2265/8895 2502/2272/8896 2501/2273/8897 2404/2266/8898
f 2408/2269/8899 2503/2271/8900 2502/2267/8901 2406/2268/8902
f 2410/2300/8903 2504/2270/8904 2503/2271/8905 2408/2269/8906
f 2505/2302/8907 2504/2270/8908 2410/2300/8909 2506/2303/8910
f 2507/2323/8911 2504/2270/8912 2505/2302/8913 2508/2324/8914
f 2504/2270/8915 2507/2323/8916 2509/2280/8917 2503/2271/8918
f 2503/2271/8919 2509/2280/8920 2510/2281/8921 2502/2267/8922
f 2502/2272/8923 2510/2282/8924 2511/2317/8925 2501/2273/8926
f 2501/2273/8927 2511/2317/8928 2512/2319/8929 2500/3799/8930
f 2428/3493/8931 2434/3491/8932 2425/2274/8933 2422/2279/8934
f 2429/2276/8935 2437/2275/8936 2446/3490/8937 2449/3492/8938
f 2411/2278/8939 2433/2277/8940 2437/2275/8941 2429/2276/8942
f 2433/2277/8943 2411/2278/8944 2412/3487/8945 2432/3486/8946
f 2396/2295/8947 2422/2279/8948 2423/2368/8949 2505/2302/8950
f 2507/2323/8951 2514/2322/8952 2513/2307/8953 2509/2280/8954
f 2509/2280/8955 2513/2307/8956 2515/2306/8957 2510/2281/8958
f 2510/2282/8959 2515/2305/8960 2516/2318/8961 2511/2317/8962
f 2370/2384/8963 2383/2381/8964 2517/2298/8965 2369/2247/8966
f 2518/2299/8967 2517/2298/8968 2383/2381/8969 2395/2294/8970
f 2519/2292/8971 2392/2288/8972 2391/2286/8973 2520/2293/8974
f 2494/2285/8975 2381/2283/8976 2499/2290/8977 2517/2298/8978
f 2520/2293/8979 2494/2285/8980 2517/2298/8981 2521/2297/8982
f 2493/2284/8983 2494/2285/8984 2520/2293/8985 2391/2286/8986
f 2519/2292/8987 2498/2289/8988 2497/2287/8989 2392/2288/8990
f 2518/2299/8991 2498/2289/8992 2519/2292/8993 2522/2296/8994
f 2409/2301/8995 2498/2289/8996 2518/2299/8997 2523/2304/8998
f 2517/2298/8999 2499/2290/9000 2491/2291/9001 2369/2247/9002
f 2519/2292/9003 2520/2293/9004 2521/2297/9005 2522/2296/9006
f 2505/2302/9007 2518/2299/9008 2395/2294/9009 2396/2295/9010
f 2522/2296/9011 2521/2297/9012 2517/2298/9013 2518/2299/9014
f 2506/2303/9015 2410/2300/9016 2409/2301/9017 2523/2304/9018
f 2505/2302/9019 2506/2303/9020 2523/2304/9021 2518/2299/9022
f 2516/2318/9023 2526/2315/9024 2525/3809/9025 2524/2320/9026
f 2515/2305/9027 2527/2313/9028 2526/2315/9029 2516/2318/9030
f 2513/2307/9031 2528/2309/9032 2527/2312/9033 2515/2306/9034
f 2514/2322/9035 2529/2308/9036 2528/2309/9037 2513/2307/9038
f 2423/2368/9039 2529/2308/9040 2514/2322/9041 2530/2321/9042
f 2426/2363/9043 2529/2308/9044 2423/2368/9045 2531/2367/9046
f 2529/2308/9047 2426/2363/9048 2420/2310/9049 2528/2309/9050
f 2528/2309/9051 2420/2310/9052 2418/2311/9053 2527/2312/9054
f 2527/2313/9055 2418/2314/9056 2414/2316/9057 2526/2315/9058
f 2526/2315/9059 2414/2316/9060 2415/3479/9061 2525/3809/9062
f 2511/2317/9063 2516/2318/9064 2524/2320/9065 2512/2319/9066
f 2512/2319/9067 2524/2320/9068 2525/3809/9069 2500/3799/9070
f 2423/2368/9071 2530/2321/9072 2508/2324/9073 2505/2302/9074
f 2530/2321/9075 2514/2322/9076 2507/2323/9077 2508/2324/9078
f 2417/2326/9079 2533/2333/9080 2532/3808/9081 2416/3480/9082
f 2419/2325/9083 2534/2332/9084 2533/2333/9085 2417/2326/9086
f 2421/2328/9087 2535/2330/9088 2534/2331/9089 2419/2327/9090
f 2427/2362/9091 2536/2329/9092 2535/2330/9093 2421/2328/9094
f 2424/2365/9095 2536/2329/9096 2427/2362/9097 2537/2366/9098
f 2538/2371/9099 2536/2329/9100 2424/2365/9101 2539/2372/9102
f 2536/2329/9103 2538/2371/9104 2540/2336/9105 2535/2330/9106
f 2535/2330/9107 2540/2336/9108 2541/2335/9109 2534/2331/9110
f 2534/2332/9111 2541/2334/9112 2542/2350/9113 2533/2333/9114
f 2533/2333/9115 2542/2350/9116 2543/2349/9117 2532/3808/9118
f 2544/3518/9119 2547/3495/9120 2546/3489/9121 2545/3521/9122
f 2548/3514/9123 2551/3698/9124 2550/3494/9125 2549/3516/9126
f 2552/3684/9127 2555/3699/9128 2554/3512/9129 2553/3509/9130
f 2556/2346/9131 2557/2351/9132 2542/2350/9133 2541/2334/9134
f 2540/2336/9135 2558/2344/9136 2556/2343/9137 2541/2335/9138
f 2538/2371/9139 2559/2370/9140 2558/2344/9141 2540/2336/9142
f 2560/2354/9143 2563/2353/9144 2562/2339/9145 2561/2337/9146
f 2564/2340/9147 2565/2356/9148 2560/2355/9149 2561/2338/9150
f 2566/2373/9151 2567/3501/9152 2565/2356/9153 2564/2340/9154
f 2568/2364/9155 2424/2365/9156 2425/2274/9157 2435/3520/9158
f 2569/3481/9159 2562/2339/9160 2563/2353/9161 2570/3482/9162
f 2571/2347/9163 2561/2337/9164 2562/2339/9165 2572/2348/9166
f 2573/2345/9167 2564/2340/9168 2561/2338/9169 2571/2342/9170
f 2572/2348/9171 2562/2339/9172 2569/3481/9173 2574/3810/9174
f 2568/2364/9175 2576/2341/9176 2559/2370/9177 2575/2369/9178
f 2566/2373/9179 2576/2341/9180 2568/2364/9181 2577/3505/9182
f 2546/3489/9183 2579/3506/9184 2578/3519/9185 2545/3521/9186
f 2576/2341/9187 2566/2373/9188 2564/2340/9189 2573/2345/9190
f 2573/2345/9191 2558/2344/9192 2559/2370/9193 2576/2341/9194
f 2571/2342/9195 2556/2343/9196 2558/2344/9197 2573/2345/9198
f 2572/2348/9199 2557/2351/9200 2556/2346/9201 2571/2347/9202
f 2574/3810/9203 2580/2352/9204 2557/2351/9205 2572/2348/9206
f 2532/3808/9207 2543/2349/9208 2580/2352/9209 2574/3810/9210
f 2543/2349/9211 2542/2350/9212 2557/2351/9213 2580/2352/9214
f 2563/2353/9215 2582/2361/9216 2581/3811/9217 2570/3482/9218
f 2583/2360/9219 2582/2361/9220 2563/2353/9221 2560/2354/9222
f 2565/2356/9223 2445/2357/9224 2583/2359/9225 2560/2355/9226
f 2567/3501/9227 2444/3508/9228 2445/2357/9229 2565/2356/9230
f 2445/2357/9231 2439/3485/9232 2440/2358/9233 2583/2359/9234
f 2583/2360/9235 2440/2374/9236 2584/2375/9237 2582/2361/9238
f 2582/2361/9239 2584/2375/9240 2585/3483/9241 2581/3811/9242
f 2537/2366/9243 2427/2362/9244 2426/2363/9245 2531/2367/9246
f 2568/2364/9247 2575/2369/9248 2539/2372/9249 2424/2365/9250
f 2424/2365/9251 2537/2366/9252 2531/2367/9253 2423/2368/9254
f 2575/2369/9255 2559/2370/9256 2538/2371/9257 2539/2372/9258
f 2577/3505/9259 2586/3504/9260 2567/3501/9261 2566/2373/9262
f 2440/2374/9263 2441/3451/9264 2587/3452/9265 2584/2375/9266
f 2584/2375/9267 2587/3452/9268 2588/3662/9269 2585/3483/9270
f 2589/3649/9271 2592/3652/9272 2591/3499/9273 2590/3500/9274
f 2591/3499/9275 2592/3652/9276 2594/3655/9277 2593/3502/9278
f 2442/3484/9279 2594/3655/9280 2595/3654/9281 2441/2376/9282
f 2596/3503/9283 2593/3502/9284 2594/3655/9285 2442/3484/9286
f 2597/3759/9287 2399/3758/9288 2450/3498/9289 2598/2378/9290
f 2598/2378/9291 2450/3498/9292 2394/2380/9293 2384/2377/9294
f 2452/2382/9295 2598/2378/9296 2384/2377/9297 2382/2383/9298
f 2453/3760/9299 2597/3759/9300 2598/2378/9301 2452/2382/9302
f 2397/2379/9303 2398/3762/9304 2599/3763/9305 2413/3488/9306
f 2384/2377/9307 2394/2380/9308 2395/2294/9309 2383/2381/9310
f 2373/2191/9311 2452/2382/9312 2382/2383/9313 2370/2384/9314
f 2343/2388/9315 2467/2387/9316 2464/3858/9317 2463/3861/9318
f 2474/3843/9319 2471/3842/9320 2472/2386/9321 2344/2385/9322
f 2344/2385/9323 2472/2386/9324 2467/2387/9325 2343/2388/9326
f 2355/3833/9327 2601/3835/9328 2600/3844/9329 2474/3843/9330
f 2486/3846/9331 2603/3845/9332 2602/3825/9333 2485/3824/9334
f 2375/3767/9335 2605/3780/9336 2604/3847/9337 2486/3846/9338
f 2606/2494/9339 2609/3103/9340 2608/3559/9341 2607/3562/9342
f 3/2389/9343 2611/3197/9344 2610/2391/9345 2/2390/9346
f 2610/2391/9347 2611/3197/9348 2609/3103/9349 2606/2494/9350
f 2/2390/9351 2610/2391/9352 2606/2494/9353 1/2493/9354
f 2612/3085/9355 2614/3040/9356 2613/3090/9357 2101/2392/9358
f 2615/3478/9359 2617/3565/9360 2616/3568/9361 2458/3072/9362
f 2618/2942/9363 2621/2445/9364 2620/3092/9365 2619/2940/9366
f 2622/2908/9367 2623/2443/9368 2621/2445/9369 2618/2942/9370
f 2624/2912/9371 2625/2433/9372 2623/2443/9373 2622/2908/9374
f 2626/2911/9375 2627/2431/9376 2625/2433/9377 2624/2912/9378
f 2628/2877/9379 2629/2429/9380 2627/2431/9381 2626/2911/9382
f 2630/2876/9383 2631/2420/9384 2629/2429/9385 2628/2877/9386
f 2632/2957/9387 2633/2418/9388 2631/2420/9389 2630/2876/9390
f 2634/3122/9391 2635/3121/9392 2633/2418/9393 2632/2957/9394
f 2636/3232/9395 2639/3459/9396 2638/3458/9397 2637/2402/9398
f 2612/3085/9399 2101/2392/9400 2081/3457/9401 2640/3460/9402
f 2641/3563/9403 2644/3560/9404 2643/2491/9405 2642/2496/9406
f 2645/2498/9407 2648/2492/9408 2647/2488/9409 2646/2500/9410
f 2649/2502/9411 2652/2489/9412 2651/2475/9413 2650/2474/9414
f 2653/3100/9415 98/3099/9416 19/2503/9417 2650/2474/9418
f 2654/2471/9419 5/2393/9420 28/2449/9421 2655/2473/9422
f 2656/2469/9423 27/2440/9424 5/2393/9425 2654/2471/9426
f 2657/2465/9427 7/2438/9428 6/2439/9429 2658/2467/9430
f 2659/2461/9431 8/2394/9432 26/2437/9433 2660/2463/9434
f 2661/2459/9435 25/2426/9436 8/2394/9437 2659/2461/9438
f 2662/2453/9439 10/2395/9440 24/2424/9441 2663/2455/9442
f 2664/2451/9443 23/2415/9444 10/2395/9445 2662/2453/9446
f 2665/2482/9447 2666/2485/9448 20/2396/9449 11/2414/9450
f 22/2413/9451 2668/2412/9452 2667/2408/9453 13/3285/9454
f 117/3316/9455 2085/3315/9456 2086/3293/9457 15/3292/9458
f 2669/3205/9459 2643/2491/9460 2644/3560/9461 2670/3558/9462
f 2671/2486/9463 2647/2488/9464 2648/2492/9465 2672/3204/9466
f 2673/2397/9467 2651/2475/9468 2652/2489/9469 2674/2487/9470
f 2675/3094/9471 2676/3096/9472 2651/2475/9473 2673/2397/9474
f 2677/2398/9475 2680/2470/9476 2679/2472/9477 2678/2448/9478
f 2681/2442/9479 2682/2468/9480 2680/2470/9481 2677/2398/9482
f 2683/2435/9483 2686/2464/9484 2685/2466/9485 2684/2441/9486
f 2687/2399/9487 2690/2460/9488 2689/2462/9489 2688/2436/9490
f 2691/2428/9491 2692/2458/9492 2690/2460/9493 2687/2399/9494
f 2693/2400/9495 2696/2452/9496 2695/2454/9497 2694/2423/9498
f 2697/2417/9499 2698/2450/9500 2696/2452/9501 2693/2400/9502
f 2699/2410/9503 2702/2484/9504 2701/2483/9505 2700/2416/9506
f 2703/2404/9507 2706/3286/9508 2705/2406/9509 2704/2401/9510
f 2082/2403/9511 2707/3311/9512 2706/3286/9513 2703/2404/9514
f 20/2396/9515 2666/2485/9516 2708/2481/9517 21/2409/9518
f 2709/3206/9519 2671/2486/9520 2672/3204/9521 2710/3207/9522
f 2711/3209/9523 2673/2397/9524 2674/2487/9525 2712/2490/9526
f 2713/3208/9527 2675/3094/9528 2673/2397/9529 2711/3209/9530
f 2714/2446/9531 2677/2398/9532 2678/2448/9533 2715/2447/9534
f 2716/2444/9535 2681/2442/9536 2677/2398/9537 2714/2446/9538
f 2625/2433/9539 2683/2435/9540 2684/2441/9541 2623/2443/9542
f 2717/2432/9543 2687/2399/9544 2688/2436/9545 2718/2434/9546
f 2719/2430/9547 2691/2428/9548 2687/2399/9549 2717/2432/9550
f 2720/2421/9551 2693/2400/9552 2694/2423/9553 2721/2422/9554
f 2722/2419/9555 2697/2417/9556 2693/2400/9557 2720/2421/9558
f 2635/3121/9559 2699/2410/9560 2700/2416/9561 2633/2418/9562
f 2704/2401/9563 2724/2405/9564 2723/3123/9565 2637/2402/9566
f 2638/3458/9567 2703/2404/9568 2704/2401/9569 2637/2402/9570
f 2638/3458/9571 2081/3457/9572 2082/2403/9573 2703/2404/9574
f 2724/2405/9575 2699/2410/9576 2635/3121/9577 2723/3123/9578
f 2725/2411/9579 2699/2410/9580 2724/2405/9581 2726/2407/9582
f 2726/2407/9583 2724/2405/9584 2704/2401/9585 2705/2406/9586
f 2706/3286/9587 2667/2408/9588 2726/2407/9589 2705/2406/9590
f 2725/2411/9591 2726/2407/9592 2667/2408/9593 2668/2412/9594
f 21/2409/9595 2708/2481/9596 2727/2479/9597 29/2476/9598
f 2728/2480/9599 2702/2484/9600 2699/2410/9601 2725/2411/9602
f 2728/2480/9603 2725/2411/9604 2668/2412/9605 2729/2478/9606
f 12/2477/9607 2729/2478/9608 2668/2412/9609 22/2413/9610
f 2665/2482/9611 11/2414/9612 23/2415/9613 2664/2451/9614
f 2700/2416/9615 2701/2483/9616 2698/2450/9617 2697/2417/9618
f 2633/2418/9619 2700/2416/9620 2697/2417/9621 2722/2419/9622
f 2633/2418/9623 2722/2419/9624 2720/2421/9625 2631/2420/9626
f 2631/2420/9627 2720/2421/9628 2721/2422/9629 2629/2429/9630
f 2694/2423/9631 2730/2427/9632 2629/2429/9633 2721/2422/9634
f 2695/2454/9635 2731/2456/9636 2730/2427/9637 2694/2423/9638
f 24/2424/9639 9/2425/9640 2732/2457/9641 2663/2455/9642
f 2732/2457/9643 9/2425/9644 25/2426/9645 2661/2459/9646
f 2730/2427/9647 2731/2456/9648 2692/2458/9649 2691/2428/9650
f 2629/2429/9651 2730/2427/9652 2691/2428/9653 2719/2430/9654
f 2629/2429/9655 2719/2430/9656 2717/2432/9657 2627/2431/9658
f 2627/2431/9659 2717/2432/9660 2718/2434/9661 2625/2433/9662
f 2688/2436/9663 2683/2435/9664 2625/2433/9665 2718/2434/9666
f 2689/2462/9667 2686/2464/9668 2683/2435/9669 2688/2436/9670
f 26/2437/9671 7/2438/9672 2657/2465/9673 2660/2463/9674
f 2658/2467/9675 6/2439/9676 27/2440/9677 2656/2469/9678
f 2684/2441/9679 2685/2466/9680 2682/2468/9681 2681/2442/9682
f 2623/2443/9683 2684/2441/9684 2681/2442/9685 2716/2444/9686
f 2623/2443/9687 2716/2444/9688 2714/2446/9689 2621/2445/9690
f 2621/2445/9691 2714/2446/9692 2715/2447/9693 2620/3092/9694
f 2678/2448/9695 2733/3093/9696 2620/3092/9697 2715/2447/9698
f 2679/2472/9699 2734/3095/9700 2733/3093/9701 2678/2448/9702
f 28/2449/9703 4/3098/9704 2735/3097/9705 2655/2473/9706
f 2701/2483/9707 2665/2482/9708 2664/2451/9709 2698/2450/9710
f 2698/2450/9711 2664/2451/9712 2662/2453/9713 2696/2452/9714
f 2696/2452/9715 2662/2453/9716 2663/2455/9717 2695/2454/9718
f 2732/2457/9719 2731/2456/9720 2695/2454/9721 2663/2455/9722
f 2731/2456/9723 2732/2457/9724 2661/2459/9725 2692/2458/9726
f 2692/2458/9727 2661/2459/9728 2659/2461/9729 2690/2460/9730
f 2690/2460/9731 2659/2461/9732 2660/2463/9733 2689/2462/9734
f 2657/2465/9735 2686/2464/9736 2689/2462/9737 2660/2463/9738
f 2686/2464/9739 2657/2465/9740 2658/2467/9741 2685/2466/9742
f 2685/2466/9743 2658/2467/9744 2656/2469/9745 2682/2468/9746
f 2682/2468/9747 2656/2469/9748 2654/2471/9749 2680/2470/9750
f 2680/2470/9751 2654/2471/9752 2655/2473/9753 2679/2472/9754
f 2735/3097/9755 2734/3095/9756 2679/2472/9757 2655/2473/9758
f 2676/3096/9759 2653/3100/9760 2650/2474/9761 2651/2475/9762
f 29/2476/9763 2727/2479/9764 2729/2478/9765 12/2477/9766
f 2708/2481/9767 2728/2480/9768 2729/2478/9769 2727/2479/9770
f 2666/2485/9771 2702/2484/9772 2728/2480/9773 2708/2481/9774
f 2665/2482/9775 2701/2483/9776 2702/2484/9777 2666/2485/9778
f 2712/2490/9779 2674/2487/9780 2671/2486/9781 2709/3206/9782
f 2652/2489/9783 2647/2488/9784 2671/2486/9785 2674/2487/9786
f 2646/2500/9787 2647/2488/9788 2652/2489/9789 2649/2502/9790
f 2711/3209/9791 2712/2490/9792 2709/3206/9793 2736/3211/9794
f 2648/2492/9795 2643/2491/9796 2669/3205/9797 2672/3204/9798
f 2642/2496/9799 2643/2491/9800 2648/2492/9801 2645/2498/9802
f 1/2493/9803 2606/2494/9804 2607/3562/9805 16/3561/9806
f 126/3564/9807 2641/3563/9808 2642/2496/9809 17/2495/9810
f 17/2495/9811 2642/2496/9812 2645/2498/9813 31/2497/9814
f 31/2497/9815 2645/2498/9816 2646/2500/9817 18/2499/9818
f 18/2499/9819 2646/2500/9820 2649/2502/9821 30/2501/9822
f 30/2501/9823 2649/2502/9824 2650/2474/9825 19/2503/9826
f 2737/3148/9827 2738/2736/9828 67/2735/9829 32/3149/9830
f 2739/3143/9831 2742/2731/9832 2741/2733/9833 2740/3145/9834
f 2743/2693/9835 2744/2694/9836 42/2510/9837 51/2512/9838
f 2745/2529/9839 2748/2527/9840 2747/2695/9841 2746/2692/9842
f 55/2519/9843 2750/2702/9844 2749/2704/9845 62/2576/9846
f 2751/2726/9847 2752/3136/9848 37/3133/9849 66/2727/9850
f 2753/2757/9851 2756/2756/9852 2755/2725/9853 2754/2753/9854
f 49/2505/9855 58/2544/9856 2757/2547/9857 2805/2506/9858
f 2757/2547/9859 2758/2543/9860 2804/2504/9861 2805/2506/9862
f 2759/4076/9863 2760/4075/9864 2762/3118/9865 2761/2538/9866
f 3912/4234/9867 2766/2507/9868 2765/2515/9869 3911/4232/9870
f 1987/4233/9871 44/2508/9872 2766/2507/9873 3912/4234/9874
f 2758/2543/9875 2767/2604/9876 2803/2605/9877 2804/2504/9878
f 2768/2513/9879 2771/2740/9880 2770/2747/9881 2769/2606/9882
f 2773/3597/9883 2772/3596/9884 2775/2671/9885 2774/2669/9886
f 2779/3572/9887 2778/3603/9888 2777/2684/9889 2776/2680/9890
f 2780/3116/9891 2781/2601/9892 2761/2538/9893 2762/3118/9894
f 2782/2709/9895 2783/3524/9896 56/3527/9897 54/2518/9898
f 2786/3599/9899 2785/3573/9900 2784/2683/9901 2787/2673/9902
f 48/2511/9903 2789/2696/9904 2788/2698/9905 64/2589/9906
f 2790/2597/9907 2793/2620/9908 2792/2622/9909 2791/2588/9910
f 2796/3587/9911 2795/3569/9912 2794/2670/9913 2797/2584/9914
f 2799/3602/9915 2798/3601/9916 2801/2720/9917 2800/2685/9918
f 2765/2515/9919 2804/2504/9920 2803/2605/9921 2802/2609/9922
f 2766/2507/9923 2805/2506/9924 2804/2504/9925 2765/2515/9926
f 49/2505/9927 2805/2506/9928 2766/2507/9929 44/2508/9930
f 3906/4225/9931 2811/3611/9932 2810/3584/9933 3905/4223/9934
f 2812/2602/9935 2815/2603/9936 2814/2542/9937 2813/2539/9938
f 2816/2546/9939 2817/2541/9940 2813/2539/9941 2814/2542/9942
f 45/2545/9943 57/2540/9944 2817/2541/9945 2816/2546/9946
f 2818/2624/9947 2821/2623/9948 2820/2509/9949 2819/2520/9950
f 2822/2514/9951 2824/2528/9952 2823/2530/9953 2768/2513/9954
f 2825/3522/9955 2828/3523/9956 2827/3115/9957 2826/3117/9958
f 2829/3120/9959 2806/4194/9960 2825/3522/9961 2826/3117/9962
f 133/3119/9963 39/4195/9964 2806/4194/9965 2829/3120/9966
f 2819/2520/9967 2820/2509/9968 2831/2583/9969 2830/2668/9970
f 2830/2668/9971 2833/2667/9972 2832/2587/9973 2819/2520/9974
f 2784/2683/9975 2835/2682/9976 2834/2674/9977 2787/2673/9978
f 2776/2680/9979 2777/2684/9980 2837/2687/9981 2836/2681/9982
f 2801/2720/9983 2839/2719/9984 2838/2686/9985 2800/2685/9986
f 3896/4206/9987 3897/4207/9988 2842/3576/9989 2858/3580/9990
f 2844/3574/9991 2847/3577/9992 3898/4209/9993 3899/4211/9994
f 2848/3609/9995 3902/4217/9996 3903/4219/9997 2849/3570/9998
f 2852/3583/9999 2849/3570/10000 3903/4219/10001 3904/4221/10002
f 2820/2509/10003 2822/2514/10004 2854/2608/10005 2831/2583/10006
f 2821/2623/10007 2824/2528/10008 2822/2514/10009 2820/2509/10010
f 2748/2527/10011 2856/2621/10012 2855/2697/10013 2747/2695/10014
f 42/2510/10015 2744/2694/10016 2789/2696/10017 48/2511/10018
f 40/2728/10019 53/2517/10020 2860/2744/10021 2859/2745/10022
f 2823/2530/10023 2861/2741/10024 2771/2740/10025 2768/2513/10026
f 2862/2531/10027 2745/2529/10028 2746/2692/10029 2863/2690/10030
f 2864/2691/10031 2743/2693/10032 51/2512/10033 52/2516/10034
f 2768/2513/10035 2769/2606/10036 2854/2608/10037 2822/2514/10038
f 3910/4231/10039 3911/4232/10040 2765/2515/10041 2802/2609/10042
f 2769/2606/10043 2868/2724/10044 2867/2582/10045 2866/4507/10046
f 2771/2740/10047 2870/2751/10048 2869/2750/10049 2770/2747/10050
f 2871/2732/10051 2862/2531/10052 2863/2690/10053 2872/2734/10054
f 2873/2737/10055 2864/2691/10056 52/2516/10057 33/2738/10058
f 2865/4237/10059 2756/2756/10060 2874/2755/10061 2764/4240/10062
f 2860/2744/10063 2763/4244/10064 2764/4240/10065 2874/2755/10066
f 53/2517/10067 50/4241/10068 2763/4244/10069 2860/2744/10070
f 2875/2594/10071 2878/2595/10072 2877/2628/10073 2876/2651/10074
f 2879/2721/10075 2882/2592/10076 2881/2647/10077 2880/2645/10078
f 2882/2592/10079 2884/2593/10080 2883/2650/10081 2881/2647/10082
f 2885/2707/10083 2782/2709/10084 54/2518/10085 41/2577/10086
f 2877/2628/10087 2878/2595/10088 2887/2596/10089 2886/2630/10090
f 2888/2701/10091 2750/2702/10092 55/2519/10093 34/2590/10094
f 2889/2629/10095 2892/2549/10096 2891/2551/10097 2890/2627/10098
f 2893/2649/10099 2896/2574/10100 2895/2553/10101 2894/2646/10102
f 2894/2646/10103 2895/2553/10104 2898/2556/10105 2897/2644/10106
f 2899/2600/10107 2818/2624/10108 2819/2520/10109 2832/2587/10110
f 2900/2688/10111 2903/2660/10112 2902/2663/10113 2901/2666/10114
f 2785/3573/10115 2779/3572/10116 2776/2680/10117 2784/2683/10118
f 2904/2548/10119 2907/2526/10120 2906/2521/10121 2905/2598/10122
f 2908/2616/10123 2909/2614/10124 2905/2598/10125 2906/2521/10126
f 2910/2550/10127 2913/2535/10128 2912/2532/10129 2911/2552/10130
f 2914/2572/10131 2917/2570/10132 2916/2523/10133 2915/2554/10134
f 2915/2554/10135 2916/2523/10136 2919/2537/10137 2918/2555/10138
f 2920/2565/10139 2921/2567/10140 2907/2526/10141 2904/2548/10142
f 2907/2526/10143 2923/2525/10144 2922/2522/10145 2906/2521/10146
f 2924/2617/10147 2908/2616/10148 2906/2521/10149 2922/2522/10150
f 2913/2535/10151 2926/2534/10152 2925/2533/10153 2912/2532/10154
f 2917/2570/10155 2928/2568/10156 2927/2524/10157 2916/2523/10158
f 2916/2523/10159 2927/2524/10160 2929/2536/10161 2919/2537/10162
f 2921/2567/10163 2930/2566/10164 2923/2525/10165 2907/2526/10166
f 2856/2621/10167 2748/2527/10168 2824/2528/10169 2821/2623/10170
f 2748/2527/10171 2745/2529/10172 2823/2530/10173 2824/2528/10174
f 2745/2529/10175 2862/2531/10176 2861/2741/10177 2823/2530/10178
f 2862/2531/10179 2871/2732/10180 2931/2742/10181 2861/2741/10182
f 2742/2731/10183 2739/3143/10184 2933/3140/10185 2932/2730/10186
f 2934/2575/10187 2935/2648/10188 2890/2627/10189 2891/2551/10190
f 2936/2571/10191 2937/2573/10192 2911/2552/10193 2912/2532/10194
f 2938/2569/10195 2936/2571/10196 2912/2532/10197 2925/2533/10198
f 2939/4067/10199 2942/4070/10200 2941/2561/10201 2940/2559/10202
f 2943/4071/10203 2942/4070/10204 2939/4067/10205 3791/4066/10206
f 2944/3600/10207 2786/3599/10208 2787/2673/10209 2945/2677/10210
f 2946/2655/10211 2947/2654/10212 2899/2600/10213 2832/2587/10214
f 2775/2671/10215 2948/2652/10216 2833/2667/10217 2774/2669/10218
f 2892/2549/10219 2889/2629/10220 2950/2631/10221 2949/2613/10222
f 2951/2619/10223 2913/2535/10224 2910/2550/10225 2952/2615/10226
f 2953/2618/10227 2926/2534/10228 2913/2535/10229 2951/2619/10230
f 2954/3525/10231 2955/4281/10232 35/3174/10233 125/3526/10234
f 2956/2722/10235 2959/2643/10236 2958/2657/10237 2957/2723/10238
f 2898/2556/10239 2961/2558/10240 2960/2642/10241 2897/2644/10242
f 2919/2537/10243 2963/4068/10244 2962/2560/10245 2918/2555/10246
f 2929/2536/10247 2964/4065/10248 2963/4068/10249 2919/2537/10250
f 2965/3605/10251 2844/3574/10252 3899/4211/10253 3900/4213/10254
f 2781/2601/10255 2812/2602/10256 2813/2539/10257 2761/2538/10258
f 2817/2541/10259 2759/4076/10260 2761/2538/10261 2813/2539/10262
f 57/2540/10263 38/4073/10264 2759/4076/10265 2817/2541/10266
f 2847/3577/10267 2842/3576/10268 3897/4207/10269 3898/4209/10270
f 2815/2603/10271 2767/2604/10272 2758/2543/10273 2814/2542/10274
f 2757/2547/10275 2816/2546/10276 2814/2542/10277 2758/2543/10278
f 58/2544/10279 45/2545/10280 2816/2546/10281 2757/2547/10282
f 2956/2722/10283 2879/2721/10284 2880/2645/10285 2959/2643/10286
f 2967/2711/10287 61/2557/10288 46/3171/10289 2968/3176/10290
f 2969/3139/10291 2972/3141/10292 2971/3743/10293 2970/3737/10294
f 2973/3101/10295 2974/3135/10296 2969/3134/10297 2970/3102/10298
f 60/2762/10299 105/3132/10300 2974/3135/10301 2973/3101/10302
f 2920/2565/10303 2904/2548/10304 2976/2580/10305 2975/2579/10306
f 2977/2599/10307 2976/2580/10308 2904/2548/10309 2905/2598/10310
f 2910/2550/10311 2892/2549/10312 2949/2613/10313 2952/2615/10314
f 2891/2551/10315 2892/2549/10316 2910/2550/10317 2911/2552/10318
f 2937/2573/10319 2934/2575/10320 2891/2551/10321 2911/2552/10322
f 2895/2553/10323 2896/2574/10324 2914/2572/10325 2915/2554/10326
f 2898/2556/10327 2895/2553/10328 2915/2554/10329 2918/2555/10330
f 2918/2555/10331 2962/2560/10332 2961/2558/10333 2898/2556/10334
f 2900/2688/10335 2979/2718/10336 2978/2658/10337 2903/2660/10338
f 2980/2586/10339 2967/2711/10340 2982/2710/10341 2981/2591/10342
f 2980/2586/10343 36/2585/10344 61/2557/10345 2967/2711/10346
f 2983/2563/10347 2986/2562/10348 2985/2640/10349 2984/2641/10350
f 2960/2642/10351 2961/2558/10352 2983/2563/10353 2984/2641/10354
f 2940/2559/10355 2983/2563/10356 2961/2558/10357 2962/2560/10358
f 2963/4068/10359 2939/4067/10360 2940/2559/10361 2962/2560/10362
f 2985/2640/10363 2986/2562/10364 2988/2578/10365 2987/2639/10366
f 2941/2561/10367 2989/2564/10368 2988/2578/10369 2986/2562/10370
f 2941/2561/10371 2942/4070/10372 2990/4069/10373 2989/2564/10374
f 2941/2561/10375 2986/2562/10376 2983/2563/10377 2940/2559/10378
f 2989/2564/10379 2920/2565/10380 2975/2579/10381 2988/2578/10382
f 2989/2564/10383 2990/4069/10384 2921/2567/10385 2920/2565/10386
f 3792/4072/10387 2930/2566/10388 2921/2567/10389 2990/4069/10390
f 2928/2568/10391 2917/2570/10392 2936/2571/10393 2938/2569/10394
f 2917/2570/10395 2914/2572/10396 2937/2573/10397 2936/2571/10398
f 2914/2572/10399 2896/2574/10400 2934/2575/10401 2937/2573/10402
f 2896/2574/10403 2893/2649/10404 2935/2648/10405 2934/2575/10406
f 2884/2593/10407 2875/2594/10408 2876/2651/10409 2883/2650/10410
f 62/2576/10411 2749/2704/10412 2885/2707/10413 41/2577/10414
f 2991/2638/10415 2987/2639/10416 2988/2578/10417 2975/2579/10418
f 2992/2637/10419 2991/2638/10420 2975/2579/10421 2976/2580/10422
f 2993/2636/10423 2992/2637/10424 2976/2580/10425 2977/2599/10426
f 2831/2583/10427 2854/2608/10428 2994/2607/10429 2797/2584/10430
f 3896/4206/10431 2858/3580/10432 2996/3590/10433 3895/4203/10434
f 3893/2581/10435 2998/3593/10436 2866/4507/10437 2867/2582/10438
f 2997/3582/10439 2999/3588/10440 2994/2607/10441 2866/4507/10442
f 2830/2668/10443 2831/2583/10444 2797/2584/10445 2794/2670/10446
f 2980/2586/10447 3000/3111/10448 63/3110/10449 36/2585/10450
f 3000/3111/10451 2980/2586/10452 2981/2591/10453 2839/2719/10454
f 2839/2719/10455 2981/2591/10456 3001/2713/10457 2838/2686/10458
f 3001/2713/10459 3002/2712/10460 2837/2687/10461 2838/2686/10462
f 3003/2676/10463 3004/2664/10464 2946/2655/10465 2948/2652/10466
f 2833/2667/10467 2948/2652/10468 2946/2655/10469 2832/2587/10470
f 3005/2625/10471 2791/2588/10472 2792/2622/10473 3006/2626/10474
f 2947/2654/10475 3008/2653/10476 3007/2635/10477 2899/2600/10478
f 3005/2625/10479 3009/2632/10480 2886/2630/10481 2791/2588/10482
f 2887/2596/10483 2790/2597/10484 2791/2588/10485 2886/2630/10486
f 64/2589/10487 2788/2698/10488 2888/2701/10489 34/2590/10490
f 2981/2591/10491 2982/2710/10492 3010/2715/10493 3001/2713/10494
f 3011/3531/10495 3012/2708/10496 2882/2592/10497 2879/2721/10498
f 3012/2708/10499 3013/2706/10500 2884/2593/10501 2882/2592/10502
f 3013/2706/10503 3014/2705/10504 2875/2594/10505 2884/2593/10506
f 3014/2705/10507 3015/2703/10508 2878/2595/10509 2875/2594/10510
f 3015/2703/10511 3016/2700/10512 2887/2596/10513 2878/2595/10514
f 3016/2700/10515 3017/2699/10516 2790/2597/10517 2887/2596/10518
f 3017/2699/10519 2855/2697/10520 2793/2620/10521 2790/2597/10522
f 2902/2663/10523 3018/2662/10524 2946/2655/10525 3004/2664/10526
f 3019/2612/10527 2977/2599/10528 2905/2598/10529 2909/2614/10530
f 3020/2634/10531 2993/2636/10532 2977/2599/10533 3019/2612/10534
f 2899/2600/10535 3007/2635/10536 3021/2633/10537 2818/2624/10538
f 3905/4223/10539 2810/3584/10540 2852/3583/10541 3904/4221/10542
f 2827/3115/10543 2828/3523/10544 2850/4220/10545 2851/4218/10546
f 2781/2601/10547 2780/3116/10548 3022/4215/10549 2966/4214/10550
f 2966/4214/10551 2845/4212/10552 2812/2602/10553 2781/2601/10554
f 2845/4212/10555 2846/4210/10556 2815/2603/10557 2812/2602/10558
f 2846/4210/10559 2843/4208/10560 2767/2604/10561 2815/2603/10562
f 2803/2605/10563 2767/2604/10564 2843/4208/10565 2857/4205/10566
f 2802/2609/10567 2803/2605/10568 2857/4205/10569 2995/4204/10570
f 2999/3588/10571 2796/3587/10572 2797/2584/10573 2994/2607/10574
f 2769/2606/10575 2866/4507/10576 2994/2607/10577 2854/2608/10578
f 3895/4203/10579 2996/3590/10580 3024/2610/10581 3894/4201/10582
f 3910/4231/10583 2802/2609/10584 2995/4204/10585 3023/4202/10586
f 3024/2610/10587 2998/2611/10588 3893/4200/10589 3894/4201/10590
f 2818/2624/10591 3021/2633/10592 3009/2632/10593 3005/2625/10594
f 3020/2634/10595 3019/2612/10596 2949/2613/10597 2950/2631/10598
f 3019/2612/10599 2909/2614/10600 2952/2615/10601 2949/2613/10602
f 2909/2614/10603 2908/2616/10604 2951/2619/10605 2952/2615/10606
f 2908/2616/10607 2924/2617/10608 2953/2618/10609 2951/2619/10610
f 2855/2697/10611 2856/2621/10612 2792/2622/10613 2793/2620/10614
f 2856/2621/10615 2821/2623/10616 3006/2626/10617 2792/2622/10618
f 2821/2623/10619 2818/2624/10620 3005/2625/10621 3006/2626/10622
f 2935/2648/10623 2876/2651/10624 2877/2628/10625 2890/2627/10626
f 2886/2630/10627 2889/2629/10628 2890/2627/10629 2877/2628/10630
f 2950/2631/10631 2889/2629/10632 2886/2630/10633 3009/2632/10634
f 3021/2633/10635 3020/2634/10636 2950/2631/10637 3009/2632/10638
f 3021/2633/10639 3007/2635/10640 2993/2636/10641 3020/2634/10642
f 3007/2635/10643 3008/2653/10644 2992/2637/10645 2993/2636/10646
f 3008/2653/10647 3018/2662/10648 2991/2638/10649 2992/2637/10650
f 3018/2662/10651 3025/2661/10652 2987/2639/10653 2991/2638/10654
f 3026/2659/10655 2985/2640/10656 2987/2639/10657 3025/2661/10658
f 2984/2641/10659 2985/2640/10660 3026/2659/10661 2958/2657/10662
f 2959/2643/10663 2960/2642/10664 2984/2641/10665 2958/2657/10666
f 2897/2644/10667 2960/2642/10668 2959/2643/10669 2880/2645/10670
f 2881/2647/10671 2894/2646/10672 2897/2644/10673 2880/2645/10674
f 2883/2650/10675 2893/2649/10676 2894/2646/10677 2881/2647/10678
f 2935/2648/10679 2893/2649/10680 2883/2650/10681 2876/2651/10682
f 3027/2678/10683 3003/2676/10684 2948/2652/10685 2775/2671/10686
f 3018/2662/10687 3008/2653/10688 2947/2654/10689 2946/2655/10690
f 3031/3175/10691 3030/3172/10692 3029/2656/10693 3028/2716/10694
f 2957/2723/10695 2958/2657/10696 3032/2714/10697 3029/2656/10698
f 3030/3172/10699 3033/3532/10700 2957/2723/10701 3029/2656/10702
f 2978/2658/10703 3032/2714/10704 2958/2657/10705 3026/2659/10706
f 2903/2660/10707 2978/2658/10708 3026/2659/10709 3025/2661/10710
f 2902/2663/10711 2903/2660/10712 3025/2661/10713 3018/2662/10714
f 3034/2679/10715 3035/2672/10716 2834/2674/10717 2835/2682/10718
f 3034/2679/10719 2901/2666/10720 3036/2665/10721 3035/2672/10722
f 3037/2675/10723 3036/2665/10724 3004/2664/10725 3003/2676/10726
f 2902/2663/10727 3004/2664/10728 3036/2665/10729 2901/2666/10730
f 2794/2670/10731 2774/2669/10732 2833/2667/10733 2830/2668/10734
f 2795/3569/10735 2773/3597/10736 2774/2669/10737 2794/2670/10738
f 2772/3596/10739 3038/3598/10740 3027/2678/10741 2775/2671/10742
f 3036/2665/10743 3037/2675/10744 2834/2674/10745 3035/2672/10746
f 2787/2673/10747 2834/2674/10748 3037/2675/10749 2945/2677/10750
f 2945/2677/10751 3037/2675/10752 3003/2676/10753 3027/2678/10754
f 3038/3598/10755 2944/3600/10756 2945/2677/10757 3027/2678/10758
f 3039/2689/10759 2900/2688/10760 2901/2666/10761 3034/2679/10762
f 2836/2681/10763 3039/2689/10764 3034/2679/10765 2835/2682/10766
f 2776/2680/10767 2836/2681/10768 2835/2682/10769 2784/2683/10770
f 2778/3603/10771 2799/3602/10772 2800/2685/10773 2777/2684/10774
f 2777/2684/10775 2800/2685/10776 2838/2686/10777 2837/2687/10778
f 2900/2688/10779 3039/2689/10780 3002/2712/10781 2979/2718/10782
f 2836/2681/10783 2837/2687/10784 3002/2712/10785 3039/2689/10786
f 2740/3145/10787 2741/2733/10788 2738/2736/10789 2737/3148/10790
f 2872/2734/10791 2863/2690/10792 2864/2691/10793 2873/2737/10794
f 2863/2690/10795 2746/2692/10796 2743/2693/10797 2864/2691/10798
f 2746/2692/10799 2747/2695/10800 2744/2694/10801 2743/2693/10802
f 2789/2696/10803 2744/2694/10804 2747/2695/10805 2855/2697/10806
f 2788/2698/10807 2789/2696/10808 2855/2697/10809 3017/2699/10810
f 2888/2701/10811 2788/2698/10812 3017/2699/10813 3016/2700/10814
f 3016/2700/10815 3015/2703/10816 2750/2702/10817 2888/2701/10818
f 2749/2704/10819 2750/2702/10820 3015/2703/10821 3014/2705/10822
f 2885/2707/10823 2749/2704/10824 3014/2705/10825 3013/2706/10826
f 3013/2706/10827 3012/2708/10828 2782/2709/10829 2885/2707/10830
f 3012/2708/10831 3011/3531/10832 2783/3524/10833 2782/2709/10834
f 2982/2710/10835 3031/3175/10836 3028/2716/10837 3010/2715/10838
f 2968/3176/10839 3031/3175/10840 2982/2710/10841 2967/2711/10842
f 2979/2718/10843 3040/2717/10844 3032/2714/10845 2978/2658/10846
f 2979/2718/10847 3002/2712/10848 3001/2713/10849 3010/2715/10850
f 3040/2717/10851 3028/2716/10852 3029/2656/10853 3032/2714/10854
f 3010/2715/10855 3028/2716/10856 3040/2717/10857 2979/2718/10858
f 3041/3112/10859 3000/3111/10860 2839/2719/10861 2801/2720/10862
f 2798/3601/10863 3042/3604/10864 3041/3112/10865 2801/2720/10866
f 3043/3529/10867 2955/4281/10868 2954/3525/10869 3044/3530/10870
f 3045/3528/10871 3011/3531/10872 2879/2721/10873 2956/2722/10874
f 3033/3532/10875 3045/3528/10876 2956/2722/10877 2957/2723/10878
f 2769/2606/10879 2770/2747/10880 2755/2748/10881 2868/2724/10882
f 2865/4237/10883 2868/4236/10884 2755/2725/10885 2756/2756/10886
f 3046/2729/10887 2932/2730/10888 2933/3140/10889 3047/3138/10890
f 3048/2746/10891 3046/2739/10892 2751/2726/10893 2859/2745/10894
f 2859/2745/10895 2751/2726/10896 66/2727/10897 40/2728/10898
f 3048/2743/10899 2931/2742/10900 2932/2730/10901 3046/2729/10902
f 2871/2732/10903 2742/2731/10904 2932/2730/10905 2931/2742/10906
f 2741/2733/10907 2742/2731/10908 2871/2732/10909 2872/2734/10910
f 2738/2736/10911 2741/2733/10912 2872/2734/10913 2873/2737/10914
f 67/2735/10915 2738/2736/10916 2873/2737/10917 33/2738/10918
f 2751/2726/10919 3046/2739/10920 3047/3137/10921 2752/3136/10922
f 2771/2740/10923 2861/2741/10924 2931/2742/10925 2870/2751/10926
f 3049/2752/10927 2870/2751/10928 2931/2742/10929 3048/2743/10930
f 2874/2755/10931 3050/2758/10932 2859/2745/10933 2860/2744/10934
f 2859/2745/10935 3050/2758/10936 3049/2754/10937 3048/2746/10938
f 2770/2747/10939 2869/2750/10940 2754/2749/10941 2755/2748/10942
f 2754/2749/10943 2869/2750/10944 2870/2751/10945 3049/2752/10946
f 3050/2758/10947 2753/2757/10948 2754/2753/10949 3049/2754/10950
f 2874/2755/10951 2756/2756/10952 2753/2757/10953 3050/2758/10954
f 3051/3202/10955 3054/3200/10956 3053/3753/10957 3052/3752/10958
f 3055/2761/10959 2970/3102/10960 3057/2759/10961 3056/2760/10962
f 3058/3339/10963 2970/3102/10964 3055/2761/10965 3059/3340/10966
f 121/3335/10967 60/2762/10968 2973/3101/10969 3060/3337/10970
f 3061/2992/10971 3064/2838/10972 3063/3980/10973 3062/3982/10974
f 3065/2872/10975 3068/2808/10976 3067/2870/10977 3066/2873/10978
f 3069/2975/10979 3072/2974/10980 3071/2973/10981 3070/2998/10982
f 3073/2904/10983 3076/2817/10984 3075/2902/10985 3074/2905/10986
f 3077/2938/10987 3080/2935/10988 3079/2934/10989 3078/2900/10990
f 3081/3866/10991 3084/3868/10992 3083/4299/10993 3082/2799/10994
f 3085/2840/10995 3088/3047/10996 3087/3063/10997 3086/3067/10998
f 3089/2812/10999 3092/2813/11000 3091/2773/11001 3090/2770/11002
f 3093/2771/11003 3096/2772/11004 3095/2782/11005 3094/2779/11006
f 3097/3990/11007 3100/3017/11008 3099/3008/11009 3098/3992/11010
f 3101/3994/11011 3104/3007/11012 3103/2807/11013 3102/3996/11014
f 3105/2816/11015 3108/4000/11016 3107/3998/11017 3106/2806/11018
f 3109/2775/11019 3112/4004/11020 3111/4002/11021 3110/2815/11022
f 3113/2784/11023 3116/4008/11024 3115/4006/11025 3114/2774/11026
f 3104/3007/11027 3118/3006/11028 3117/2869/11029 3103/2807/11030
f 3119/2901/11031 3105/2816/11032 3106/2806/11033 3120/2906/11034
f 3079/2934/11035 3109/2775/11036 3110/2815/11037 3078/2900/11038
f 3121/2786/11039 3124/2933/11040 3123/2776/11041 3122/2787/11042
f 3125/2788/11043 3128/3217/11044 3127/3215/11045 3126/2798/11046
f 3129/2766/11047 3130/3075/11048 69/3078/11049 71/2763/11050
f 3131/2780/11051 3134/2781/11052 3133/2793/11053 3132/2790/11054
f 93/2094/11055 3135/2765/11056 3129/2766/11057 71/2763/11058
f 3129/2766/11059 3137/4309/11060 3136/3749/11061 3130/3075/11062
f 3934/4266/11063 1563/2764/11064 76/2767/11065 3490/4267/11066
f 3142/3037/11067 3145/3987/11068 3144/3014/11069 3143/3381/11070
f 3123/2776/11071 3147/2830/11072 3146/3216/11073 3122/2787/11074
f 3148/2936/11075 3151/2881/11076 3150/2915/11077 3149/2937/11078
f 3152/2898/11079 3153/2832/11080 3076/2817/11081 3073/2904/11082
f 3154/2867/11083 3155/2834/11084 3068/2808/11085 3065/2872/11086
f 3156/2972/11087 3158/3020/11088 3157/3027/11089 3071/2973/11090
f 3159/2977/11091 3162/2836/11092 3161/2960/11093 3160/2978/11094
f 3121/2786/11095 3113/2784/11096 3114/2774/11097 3124/2933/11098
f 3163/2795/11099 3166/2783/11100 3165/2785/11101 3164/2797/11102
f 3167/4012/11103 3168/4010/11104 3166/2783/11105 3163/2795/11106
f 3082/2799/11107 3083/4299/11108 3170/4298/11109 3169/2796/11110
f 3164/2797/11111 3165/2785/11112 3125/2788/11113 3126/2798/11114
f 3135/2765/11115 3173/4306/11116 3137/4309/11117 3129/2766/11118
f 70/2847/11119 3175/2841/11120 3174/3066/11121 75/2818/11122
f 3176/3036/11123 3177/3034/11124 3064/2838/11125 3061/2992/11126
f 80/2810/11127 3089/2812/11128 3090/2770/11129 77/2769/11130
f 3094/2779/11131 78/2778/11132 72/2768/11133 3093/2771/11134
f 3132/2790/11135 79/2789/11136 73/2777/11137 3131/2780/11138
f 3490/4267/11139 76/2767/11140 1209/2851/11141 3491/4268/11142
f 3091/2773/11143 3092/2813/11144 3179/4001/11145 3178/4003/11146
f 3180/4007/11147 3095/2782/11148 3096/2772/11149 3181/4005/11150
f 3133/2793/11151 3134/2781/11152 3183/4009/11153 3182/4011/11154
f 3187/2993/11155 3190/3018/11156 3189/3988/11157 3188/3986/11158
f 3945/4301/11159 3191/2794/11160 3169/2796/11161 3170/4298/11162
f 3192/4014/11163 3191/2794/11164 3945/4301/11165 3946/4303/11166
f 3093/2771/11167 72/2768/11168 77/2769/11169 3090/2770/11170
f 3090/2770/11171 3091/2773/11172 3096/2772/11173 3093/2771/11174
f 3181/4005/11175 3096/2772/11176 3091/2773/11177 3178/4003/11178
f 3114/2774/11179 3115/4006/11180 3112/4004/11181 3109/2775/11182
f 3124/2933/11183 3114/2774/11184 3109/2775/11185 3079/2934/11186
f 3193/2931/11187 3123/2776/11188 3124/2933/11189 3194/2932/11190
f 3193/2931/11191 3195/2929/11192 3147/2830/11193 3123/2776/11194
f 3131/2780/11195 73/2777/11196 78/2778/11197 3094/2779/11198
f 3094/2779/11199 3095/2782/11200 3134/2781/11201 3131/2780/11202
f 3183/4009/11203 3134/2781/11204 3095/2782/11205 3180/4007/11206
f 3166/2783/11207 3168/4010/11208 3116/4008/11209 3113/2784/11210
f 3165/2785/11211 3166/2783/11212 3113/2784/11213 3121/2786/11214
f 3165/2785/11215 3121/2786/11216 3122/2787/11217 3125/2788/11218
f 3122/2787/11219 3146/3216/11220 3128/3217/11221 3125/2788/11222
f 3083/4299/11223 3084/3868/11224 3196/3871/11225 3171/4300/11226
f 3138/2791/11227 74/2093/11228 79/2789/11229 3132/2790/11230
f 3132/2790/11231 3133/2793/11232 3141/2792/11233 3138/2791/11234
f 3141/2792/11235 3133/2793/11236 3182/4011/11237 3184/4013/11238
f 3192/4014/11239 3167/4012/11240 3163/2795/11241 3191/2794/11242
f 3191/2794/11243 3163/2795/11244 3164/2797/11245 3169/2796/11246
f 3169/2796/11247 3164/2797/11248 3126/2798/11249 3082/2799/11250
f 3126/2798/11251 3127/3215/11252 3081/3866/11253 3082/2799/11254
f 3197/2814/11255 3200/2804/11256 3199/3997/11257 3198/3999/11258
f 3201/2803/11259 3200/2804/11260 3197/2814/11261 3202/2811/11262
f 81/2801/11263 3201/2803/11264 3202/2811/11265 85/2809/11266
f 3203/3993/11267 3206/3995/11268 3205/2805/11269 3204/3003/11270
f 3207/3001/11271 3204/3003/11272 3205/2805/11273 3208/2802/11274
f 82/3000/11275 3207/3001/11276 3208/2802/11277 84/2800/11278
f 3209/3991/11279 3212/3004/11280 3211/3013/11281 3210/3989/11282
f 3213/3011/11283 3211/3013/11284 3212/3004/11285 3214/3002/11286
f 83/3009/11287 3213/3011/11288 3214/3002/11289 94/2999/11290
f 3215/3387/11291 3143/3381/11292 3144/3014/11293 3216/3012/11294
f 95/3010/11295 122/3384/11296 3215/3387/11297 3216/3012/11298
f 84/2800/11299 3208/2802/11300 3201/2803/11301 81/2801/11302
f 3208/2802/11303 3205/2805/11304 3200/2804/11305 3201/2803/11306
f 3200/2804/11307 3205/2805/11308 3206/3995/11309 3199/3997/11310
f 3103/2807/11311 3106/2806/11312 3107/3998/11313 3102/3996/11314
f 3117/2869/11315 3120/2906/11316 3106/2806/11317 3103/2807/11318
f 3068/2808/11319 3218/2853/11320 3217/2868/11321 3067/2870/11322
f 3068/2808/11323 3155/2834/11324 3219/2854/11325 3218/2853/11326
f 85/2809/11327 3202/2811/11328 3089/2812/11329 80/2810/11330
f 3202/2811/11331 3197/2814/11332 3092/2813/11333 3089/2812/11334
f 3092/2813/11335 3197/2814/11336 3198/3999/11337 3179/4001/11338
f 3110/2815/11339 3111/4002/11340 3108/4000/11341 3105/2816/11342
f 3078/2900/11343 3110/2815/11344 3105/2816/11345 3119/2901/11346
f 3076/2817/11347 3221/2880/11348 3220/2899/11349 3075/2902/11350
f 3076/2817/11351 3153/2832/11352 3222/2882/11353 3221/2880/11354
f 3118/3006/11355 3225/2959/11356 3224/2955/11357 3223/2871/11358
f 3226/2954/11359 3227/2866/11360 3223/2871/11361 3224/2955/11362
f 3228/2991/11363 3229/2989/11364 3162/2836/11365 3159/2977/11366
f 3230/2995/11367 3228/2991/11368 3159/2977/11369 3231/2976/11370
f 3232/3985/11371 3233/2994/11372 3187/2993/11373 3188/3986/11374
f 3061/2992/11375 3142/3037/11376 3234/3038/11377 3176/3036/11378
f 3235/3379/11379 3237/3378/11380 3215/3387/11381 3236/3383/11382
f 87/3070/11383 75/2818/11384 3174/3066/11385 3238/3065/11386
f 3239/3015/11387 3190/3018/11388 3187/2993/11389 3231/2976/11390
f 3240/3386/11391 3242/3071/11392 3238/3065/11393 3241/3068/11394
f 3174/3066/11395 3175/2841/11396 3085/2840/11397 3086/3067/11398
f 3243/2927/11399 3246/2925/11400 3245/2822/11401 3244/2829/11402
f 3247/2831/11403 3250/2824/11404 3249/2883/11405 3248/2886/11406
f 3251/2833/11407 3254/2823/11408 3253/2855/11409 3252/2856/11410
f 3255/2952/11411 3258/2950/11412 3257/2862/11413 3256/2864/11414
f 3259/2835/11415 3262/2819/11416 3261/2961/11417 3260/2962/11418
f 3263/2837/11419 3266/2820/11420 3265/3976/11421 3264/3978/11422
f 3267/2821/11423 3270/3048/11424 3269/3049/11425 3268/2839/11426
f 3271/2885/11427 3274/2884/11428 3273/2916/11429 3272/2917/11430
f 3275/2987/11431 3276/2985/11432 3262/2819/11433 3259/2835/11434
f 3277/3032/11435 3278/3031/11436 3266/2820/11437 3263/2837/11438
f 3279/3371/11439 3280/3370/11440 3267/2821/11441 3268/2839/11442
f 3244/2829/11443 3245/2822/11444 3282/3218/11445 3281/3219/11446
f 3283/2865/11447 3284/2863/11448 3254/2823/11449 3251/2833/11450
f 3285/2896/11451 3286/2894/11452 3250/2824/11453 3247/2831/11454
f 3287/2968/11455 3290/3021/11456 3289/3024/11457 3288/2970/11458
f 3246/2923/11459 3292/2922/11460 3291/2941/11461 3245/2826/11462
f 3250/2828/11463 3294/2842/11464 3293/2910/11465 3249/2888/11466
f 3254/2827/11467 3296/2843/11468 3295/2875/11469 3253/2857/11470
f 3258/2948/11471 3298/2947/11472 3297/2859/11473 3257/2858/11474
f 3262/2825/11475 3300/3041/11476 3299/2964/11477 3261/2963/11478
f 3266/3044/11479 3302/3088/11480 3301/3972/11481 3265/3975/11482
f 3303/3185/11483 3304/3153/11484 3270/3050/11485 3267/2846/11486
f 3274/2887/11487 3306/2909/11488 3305/2919/11489 3273/2918/11490
f 3276/2983/11491 3307/2982/11492 3300/3041/11493 3262/2825/11494
f 3308/3043/11495 3310/3390/11496 3309/3394/11497 3302/3088/11498
f 3245/2826/11499 3291/2941/11500 3311/3224/11501 3282/3225/11502
f 3284/2861/11503 3312/2860/11504 3296/2843/11505 3254/2827/11506
f 3286/2892/11507 3313/2891/11508 3294/2842/11509 3250/2828/11510
f 3314/3233/11511 3315/3236/11512 3290/3026/11513 3287/2966/11514
f 3147/2830/11515 3244/2829/11516 3281/3219/11517 3146/3216/11518
f 3195/2929/11519 3243/2927/11520 3244/2829/11521 3147/2830/11522
f 3151/2881/11523 3271/2885/11524 3272/2917/11525 3150/2915/11526
f 3153/2832/11527 3247/2831/11528 3248/2886/11529 3222/2882/11530
f 3152/2898/11531 3285/2896/11532 3247/2831/11533 3153/2832/11534
f 3155/2834/11535 3251/2833/11536 3252/2856/11537 3219/2854/11538
f 3154/2867/11539 3283/2865/11540 3251/2833/11541 3155/2834/11542
f 3255/2952/11543 3256/2864/11544 3227/2866/11545 3226/2954/11546
f 3288/2970/11547 3289/3024/11548 3158/3020/11549 3156/2972/11550
f 3162/2836/11551 3259/2835/11552 3260/2962/11553 3161/2960/11554
f 3229/2989/11555 3275/2987/11556 3259/2835/11557 3162/2836/11558
f 3064/2838/11559 3263/2837/11560 3264/3978/11561 3063/3980/11562
f 3177/3034/11563 3277/3032/11564 3263/2837/11565 3064/2838/11566
f 3268/2839/11567 3269/3049/11568 3088/3047/11569 3085/2840/11570
f 3175/2841/11571 3279/3371/11572 3268/2839/11573 3085/2840/11574
f 3316/3368/11575 3279/3371/11576 3175/2841/11577 70/2847/11578
f 3317/3477/11579 3319/3476/11580 3318/3087/11581 2325/3213/11582
f 3291/2941/11583 2619/2940/11584 3320/3210/11585 3311/3224/11586
f 3321/2939/11587 3322/2943/11588 2618/2942/11589 2619/2940/11590
f 3306/2909/11591 2622/2908/11592 3323/2944/11593 3305/2919/11594
f 3294/2842/11595 3325/2913/11596 3324/2907/11597 3293/2910/11598
f 3313/2891/11599 3326/2914/11600 3325/2913/11601 3294/2842/11602
f 3296/2843/11603 3328/2878/11604 3327/2874/11605 3295/2875/11606
f 3312/2860/11607 3329/2879/11608 3328/2878/11609 3296/2843/11610
f 3330/2956/11611 3331/2958/11612 2632/2957/11613 2630/2876/11614
f 3300/3041/11615 2614/3040/11616 3332/3456/11617 3299/2964/11618
f 3333/3039/11619 3334/3089/11620 2613/3090/11621 2614/3040/11622
f 3318/3087/11623 2329/2845/11624 2326/2844/11625 2325/3213/11626
f 3318/3087/11627 3335/3086/11628 2331/3073/11629 2329/2845/11630
f 3336/3555/11631 3051/3202/11632 3052/3752/11633 2616/3568/11634
f 3337/3366/11635 3303/3185/11636 3267/2846/11637 3280/3367/11638
f 70/2847/11639 88/2848/11640 3338/3369/11641 3316/3368/11642
f 115/2849/11643 3340/2850/11644 3339/3361/11645 111/3360/11646
f 3340/2850/11647 3342/3091/11648 3341/3263/11649 3339/3361/11650
f 4053/3192/11651 4054/4502/11652 4056/4501/11653 3526/3274/11654
f 4052/3191/11655 4053/3192/11656 3526/3274/11657 3527/3273/11658
f 3491/4268/11659 1209/2851/11660 2078/4375/11661 3493/4374/11662
f 3492/4377/11663 1210/4376/11664 1562/2852/11665 3933/4278/11666
f 3948/4307/11667 3184/4013/11668 3947/4305/11669
f 3118/3006/11670 3066/2873/11671 3067/2870/11672 3117/2869/11673
f 3218/2853/11674 3349/2903/11675 3120/2906/11676 3217/2868/11677
f 3219/2854/11678 3350/2897/11679 3349/2903/11680 3218/2853/11681
f 3252/2856/11682 3351/2895/11683 3350/2897/11684 3219/2854/11685
f 3253/2855/11686 3352/2893/11687 3351/2895/11688 3252/2856/11689
f 3295/2875/11690 3353/2890/11691 3352/2889/11692 3253/2857/11693
f 3328/2878/11694 2628/2877/11695 2626/2911/11696 3327/2874/11697
f 3297/2859/11698 2630/2876/11699 3329/2879/11700 3312/2860/11701
f 3257/2858/11702 3297/2859/11703 3312/2860/11704 3284/2861/11705
f 3256/2864/11706 3257/2862/11707 3284/2863/11708 3283/2865/11709
f 3227/2866/11710 3256/2864/11711 3283/2865/11712 3154/2867/11713
f 3223/2871/11714 3227/2866/11715 3154/2867/11716 3065/2872/11717
f 3217/2868/11718 3120/2906/11719 3117/2869/11720 3067/2870/11721
f 3118/3006/11722 3223/2871/11723 3065/2872/11724 3066/2873/11725
f 3327/2874/11726 2626/2911/11727 3353/2890/11728 3295/2875/11729
f 2630/2876/11730 2628/2877/11731 3328/2878/11732 3329/2879/11733
f 3074/2905/11734 3075/2902/11735 3119/2901/11736 3120/2906/11737
f 3221/2880/11738 3148/2936/11739 3078/2900/11740 3220/2899/11741
f 3222/2882/11742 3151/2881/11743 3148/2936/11744 3221/2880/11745
f 3248/2886/11746 3271/2885/11747 3151/2881/11748 3222/2882/11749
f 3249/2883/11750 3274/2884/11751 3271/2885/11752 3248/2886/11753
f 3293/2910/11754 3306/2909/11755 3274/2887/11756 3249/2888/11757
f 3325/2913/11758 2624/2912/11759 2622/2908/11760 3324/2907/11761
f 3353/2890/11762 2626/2911/11763 3326/2914/11764 3313/2891/11765
f 3352/2889/11766 3353/2890/11767 3313/2891/11768 3286/2892/11769
f 3351/2895/11770 3352/2893/11771 3286/2894/11772 3285/2896/11773
f 3350/2897/11774 3351/2895/11775 3285/2896/11776 3152/2898/11777
f 3349/2903/11778 3350/2897/11779 3152/2898/11780 3073/2904/11781
f 3220/2899/11782 3078/2900/11783 3119/2901/11784 3075/2902/11785
f 3349/2903/11786 3073/2904/11787 3074/2905/11788 3120/2906/11789
f 3324/2907/11790 2622/2908/11791 3306/2909/11792 3293/2910/11793
f 2626/2911/11794 2624/2912/11795 3325/2913/11796 3326/2914/11797
f 3149/2937/11798 3354/2930/11799 3080/2935/11800 3077/2938/11801
f 3150/2915/11802 3355/2928/11803 3354/2930/11804 3149/2937/11805
f 3272/2917/11806 3356/2926/11807 3355/2928/11808 3150/2915/11809
f 3273/2916/11810 3357/2924/11811 3356/2926/11812 3272/2917/11813
f 3305/2919/11814 3358/2921/11815 3357/2920/11816 3273/2918/11817
f 3322/2943/11818 3358/2921/11819 3305/2919/11820 3323/2944/11821
f 3358/2921/11822 3322/2943/11823 3321/2939/11824 3292/2922/11825
f 3357/2920/11826 3358/2921/11827 3292/2922/11828 3246/2923/11829
f 3356/2926/11830 3357/2924/11831 3246/2925/11832 3243/2927/11833
f 3355/2928/11834 3356/2926/11835 3243/2927/11836 3195/2929/11837
f 3354/2930/11838 3355/2928/11839 3195/2929/11840 3193/2931/11841
f 3354/2930/11842 3193/2931/11843 3194/2932/11844 3080/2935/11845
f 3194/2932/11846 3124/2933/11847 3079/2934/11848 3080/2935/11849
f 3148/2936/11850 3149/2937/11851 3077/2938/11852 3078/2900/11853
f 3292/2922/11854 3321/2939/11855 2619/2940/11856 3291/2941/11857
f 2622/2908/11858 2618/2942/11859 3322/2943/11860 3323/2944/11861
f 3359/3019/11862 3362/2953/11863 3361/2996/11864 3360/3028/11865
f 3363/3023/11866 3364/2951/11867 3362/2953/11868 3359/3019/11869
f 3365/3022/11870 3366/2949/11871 3364/2951/11872 3363/3023/11873
f 3367/3125/11874 3368/2946/11875 3366/2945/11876 3365/3025/11877
f 3331/2958/11878 3368/2946/11879 3367/3125/11880 3369/3124/11881
f 3368/2946/11882 3331/2958/11883 3330/2956/11884 3298/2947/11885
f 3366/2945/11886 3368/2946/11887 3298/2947/11888 3258/2948/11889
f 3364/2951/11890 3366/2949/11891 3258/2950/11892 3255/2952/11893
f 3364/2951/11894 3255/2952/11895 3226/2954/11896 3362/2953/11897
f 3362/2953/11898 3226/2954/11899 3224/2955/11900 3361/2996/11901
f 3370/2997/11902 3361/2996/11903 3224/2955/11904 3225/2959/11905
f 3298/2947/11906 3330/2956/11907 2630/2876/11908 3297/2859/11909
f 2634/3122/11910 2632/2957/11911 3331/2958/11912 3369/3124/11913
f 3370/2997/11914 3225/2959/11915 3118/3006/11916 3371/3005/11917
f 3160/2978/11918 3161/2960/11919 3372/2971/11920 3072/2974/11921
f 3260/2962/11922 3373/2969/11923 3372/2971/11924 3161/2960/11925
f 3261/2961/11926 3374/2967/11927 3373/2969/11928 3260/2962/11929
f 3299/2964/11930 3375/3231/11931 3374/2965/11932 3261/2963/11933
f 3332/3456/11934 2636/3232/11935 3375/3231/11936 3299/2964/11937
f 3374/2965/11938 3375/3231/11939 3314/3233/11940 3287/2966/11941
f 3373/2969/11942 3374/2967/11943 3287/2968/11944 3288/2970/11945
f 3372/2971/11946 3373/2969/11947 3288/2970/11948 3156/2972/11949
f 3072/2974/11950 3372/2971/11951 3156/2972/11952 3071/2973/11953
f 3069/2975/11954 3376/2979/11955 3160/2978/11956 3072/2974/11957
f 3239/3015/11958 3231/2976/11959 3376/2979/11960 3069/2975/11961
f 3377/3016/11962 3378/3029/11963 3370/2997/11964 3371/3005/11965
f 3377/3016/11966 3239/3015/11967 3069/2975/11968 3070/2998/11969
f 3231/2976/11970 3159/2977/11971 3160/2978/11972 3376/2979/11973
f 3379/3983/11974 3380/2990/11975 3233/2994/11976 3232/3985/11977
f 3381/3981/11978 3382/2988/11979 3380/2990/11980 3379/3983/11981
f 3383/3979/11982 3384/2986/11983 3382/2988/11984 3381/3981/11985
f 3385/3977/11986 3386/2984/11987 3384/2986/11988 3383/3979/11989
f 3387/3973/11990 3388/2981/11991 3386/2980/11992 3385/3974/11993
f 3334/3089/11994 3388/2981/11995 3387/3973/11996 3389/3971/11997
f 3388/2981/11998 3334/3089/11999 3333/3039/12000 3307/2982/12001
f 3386/2980/12002 3388/2981/12003 3307/2982/12004 3276/2983/12005
f 3384/2986/12006 3386/2984/12007 3276/2985/12008 3275/2987/12009
f 3382/2988/12010 3384/2986/12011 3275/2987/12012 3229/2989/12013
f 3380/2990/12014 3382/2988/12015 3229/2989/12016 3228/2991/12017
f 3233/2994/12018 3380/2990/12019 3228/2991/12020 3230/2995/12021
f 3061/2992/12022 3062/3982/12023 3390/3984/12024 3142/3037/12025
f 3187/2993/12026 3233/2994/12027 3230/2995/12028 3231/2976/12029
f 3100/3017/12030 3377/3016/12031 3371/3005/12032 3099/3008/12033
f 3360/3028/12034 3361/2996/12035 3370/2997/12036 3378/3029/12037
f 3377/3016/12038 3070/2998/12039 3071/2973/12040 3157/3027/12041
f 94/2999/12042 3214/3002/12043 3207/3001/12044 82/3000/12045
f 3212/3004/12046 3204/3003/12047 3207/3001/12048 3214/3002/12049
f 3203/3993/12050 3204/3003/12051 3212/3004/12052 3209/3991/12053
f 3099/3008/12054 3104/3007/12055 3101/3994/12056 3098/3992/12057
f 3371/3005/12058 3118/3006/12059 3104/3007/12060 3099/3008/12061
f 83/3009/12062 95/3010/12063 3216/3012/12064 3213/3011/12065
f 3144/3014/12066 3211/3013/12067 3213/3011/12068 3216/3012/12069
f 3145/3987/12070 3210/3989/12071 3211/3013/12072 3144/3014/12073
f 3190/3018/12074 3100/3017/12075 3097/3990/12076 3189/3988/12077
f 3239/3015/12078 3377/3016/12079 3100/3017/12080 3190/3018/12081
f 3158/3020/12082 3359/3019/12083 3360/3028/12084 3157/3027/12085
f 3289/3024/12086 3363/3023/12087 3359/3019/12088 3158/3020/12089
f 3290/3021/12090 3365/3022/12091 3363/3023/12092 3289/3024/12093
f 3315/3236/12094 3367/3125/12095 3365/3025/12096 3290/3026/12097
f 3157/3027/12098 3360/3028/12099 3378/3029/12100 3377/3016/12101
f 3391/3377/12102 3393/3035/12103 3392/3380/12104 3237/3378/12105
f 3394/3375/12106 3395/3033/12107 3393/3035/12108 3391/3377/12109
f 3396/3046/12110 3399/3030/12111 3398/3045/12112 3397/3372/12113
f 3399/3388/12114 3310/3390/12115 3308/3043/12116 3278/3042/12117
f 3398/3045/12118 3399/3030/12119 3278/3031/12120 3277/3032/12121
f 3395/3033/12122 3398/3045/12123 3277/3032/12124 3177/3034/12125
f 3393/3035/12126 3395/3033/12127 3177/3034/12128 3176/3036/12129
f 3392/3380/12130 3393/3035/12131 3176/3036/12132 3234/3038/12133
f 3400/3062/12134 3402/3061/12135 3236/3383/12136 3401/3382/12137
f 3142/3037/12138 3143/3381/12139 3392/3380/12140 3234/3038/12141
f 3307/2982/12142 3333/3039/12143 2614/3040/12144 3300/3041/12145
f 3278/3042/12146 3308/3043/12147 3302/3088/12148 3266/3044/12149
f 3303/3185/12150 3404/3152/12151 3403/3154/12152 3304/3153/12153
f 3397/3372/12154 3398/3045/12155 3395/3033/12156 3394/3375/12157
f 3405/3051/12158 3396/3046/12159 3397/3372/12160 3406/3373/12161
f 3403/3154/12162 3407/3391/12163 3396/3389/12164 3405/3052/12165
f 3088/3047/12166 3408/3059/12167 3400/3062/12168 3087/3063/12169
f 3269/3049/12170 3409/3057/12171 3408/3059/12172 3088/3047/12173
f 3270/3048/12174 3410/3055/12175 3409/3057/12176 3269/3049/12177
f 3304/3153/12178 3411/3156/12179 3410/3054/12180 3270/3050/12181
f 3412/3060/12182 3414/3374/12183 3413/3376/12184 3402/3061/12185
f 3415/3058/12186 3406/3373/12187 3414/3374/12188 3412/3060/12189
f 3416/3056/12190 3405/3051/12191 3406/3373/12192 3415/3058/12193
f 3417/3155/12194 3403/3154/12195 3405/3052/12196 3416/3053/12197
f 3411/3156/12198 3417/3155/12199 3416/3053/12200 3410/3054/12201
f 3410/3055/12202 3416/3056/12203 3415/3058/12204 3409/3057/12205
f 3409/3057/12206 3415/3058/12207 3412/3060/12208 3408/3059/12209
f 3408/3059/12210 3412/3060/12211 3402/3061/12212 3400/3062/12213
f 3087/3063/12214 3400/3062/12215 3401/3382/12216 3418/3064/12217
f 3402/3061/12218 3413/3376/12219 3235/3379/12220 3236/3383/12221
f 3241/3068/12222 3418/3064/12223 3401/3382/12224 3240/3386/12225
f 3086/3067/12226 3087/3063/12227 3418/3064/12228 3241/3068/12229
f 3238/3065/12230 3174/3066/12231 3086/3067/12232 3241/3068/12233
f 86/3385/12234 96/3069/12235 3242/3071/12236 3240/3386/12237
f 96/3069/12238 87/3070/12239 3238/3065/12240 3242/3071/12241
f 3335/3086/12242 2615/3478/12243 2458/3072/12244 2331/3073/12245
f 3419/3084/12246 3420/3147/12247 106/3146/12248 59/3080/12249
f 2972/3141/12250 3422/3142/12251 3421/3744/12252 2971/3743/12253
f 3421/3744/12254 3422/3142/12255 3424/3144/12256 3423/3083/12257
f 3423/3083/12258 3424/3144/12259 3420/3147/12260 3419/3084/12261
f 97/3079/12262 68/3074/12263 3426/3082/12264 3425/3081/12265
f 3130/3075/12266 3136/3749/12267 3427/3748/12268 3426/3076/12269
f 3130/3075/12270 3426/3076/12271 68/3077/12272 69/3078/12273
f 3427/3745/12274 3421/3744/12275 3423/3083/12276 3426/3082/12277
f 97/3079/12278 3425/3081/12279 3419/3084/12280 59/3080/12281
f 3425/3081/12282 3426/3082/12283 3423/3083/12284 3419/3084/12285
f 2612/3085/12286 2640/3460/12287 3332/3456/12288 2614/3040/12289
f 3319/3476/12290 2615/3478/12291 3335/3086/12292 3318/3087/12293
f 3302/3088/12294 3429/3968/12295 3428/3970/12296 3301/3972/12297
f 3309/3394/12298 3430/3393/12299 3429/3968/12300 3302/3088/12301
f 3431/3297/12302 3432/3296/12303 3404/3152/12304 3303/3185/12305
f 3389/3971/12306 3433/3969/12307 2613/3090/12308 3334/3089/12309
f 3433/3969/12310 2106/3967/12311 2101/2392/12312 2613/3090/12313
f 3430/3393/12314 2092/3151/12315 2093/3966/12316 3429/3968/12317
f 3342/3091/12318 3435/3183/12319 3434/3294/12320 3341/3263/12321
f 2619/2940/12322 2620/3092/12323 2713/3208/12324 3320/3210/12325
f 2620/3092/12326 2733/3093/12327 2675/3094/12328 2713/3208/12329
f 2733/3093/12330 2734/3095/12331 2676/3096/12332 2675/3094/12333
f 2734/3095/12334 2735/3097/12335 2653/3100/12336 2676/3096/12337
f 2735/3097/12338 4/3098/12339 98/3099/12340 2653/3100/12341
f 2608/3559/12342 2609/3103/12343 3437/3201/12344 3436/3557/12345
f 3438/3195/12346 3441/3336/12347 3440/3338/12348 3439/3341/12349
f 110/3194/12350 99/3334/12351 3441/3336/12352 3438/3195/12353
f 3060/3337/12354 2973/3101/12355 2970/3102/12356 3058/3339/12357
f 3054/3200/12358 3438/3198/12359 3439/3342/12360 3053/3753/12361
f 3437/3201/12362 2609/3103/12363 2611/3197/12364 3442/3199/12365
f 4051/3190/12366 4052/3189/12367 3527/3277/12368 3528/3279/12369
f 4050/3187/12370 4051/3190/12371 3528/3279/12372 4055/3108/12373
f 4045/4486/12374 91/4476/12375 103/3188/12376 3348/3186/12377
f 91/4476/12378 92/4478/12379 104/3272/12380 103/3188/12381
f 148/3282/12382 3447/3548/12383 3446/3105/12384 100/3104/12385
f 3446/3105/12386 3447/3548/12387 3449/3549/12388 3448/3106/12389
f 3448/3106/12390 3449/3549/12391 3451/3550/12392 3450/3107/12393
f 3450/3107/12394 3451/3550/12395 102/3283/12396 101/1001/12397
f 4059/3271/12398 4023/3266/12399 1416/4492/12400 1418/4491/12401
f 4057/3281/12402 4059/3271/12403 1418/4491/12404 3344/4489/12405
f 4055/3108/12406 4057/3281/12407 3344/4489/12408 3346/4487/12409
f 4050/3187/12410 4055/3108/12411 3346/4487/12412 3348/3186/12413
f 2840/3113/12414 149/4161/12415 47/3109/12416 2841/3114/12417
f 3042/3604/12418 3455/4458/12419 2840/3113/12420 3041/3112/12421
f 3000/3111/12422 2841/3114/12423 47/3109/12424 63/3110/12425
f 3000/3111/12426 3041/3112/12427 2840/3113/12428 2841/3114/12429
f 2780/3116/12430 2827/3115/12431 2851/4218/12432 3022/4215/12433
f 2762/3118/12434 2826/3117/12435 2827/3115/12436 2780/3116/12437
f 2760/4075/12438 2829/3120/12439 2826/3117/12440 2762/3118/12441
f 134/4074/12442 133/3119/12443 2829/3120/12444 2760/4075/12445
f 2634/3122/12446 3456/3234/12447 2723/3123/12448 2635/3121/12449
f 2634/3122/12450 3369/3124/12451 3457/3235/12452 3456/3234/12453
f 2723/3123/12454 3456/3234/12455 2636/3232/12456 2637/2402/12457
f 3457/3235/12458 3369/3124/12459 3367/3125/12460 3315/3236/12461
f 2462/3128/12462 2463/3861/12463 2468/3862/12464 2469/3129/12465
f 2337/3131/12466 2335/3130/12467 2332/3127/12468 2322/3126/12469
f 2322/3126/12470 2332/3127/12471 2333/3877/12472 2321/3876/12473
f 2462/3128/12474 2469/3129/12475 2335/3130/12476 2337/3131/12477
f 105/3132/12478 37/3133/12479 2752/3136/12480 2974/3135/12481
f 2969/3134/12482 2974/3135/12483 2752/3136/12484 3047/3137/12485
f 3047/3138/12486 2933/3140/12487 2972/3141/12488 2969/3139/12489
f 2933/3140/12490 2739/3143/12491 3422/3142/12492 2972/3141/12493
f 3424/3144/12494 3422/3142/12495 2739/3143/12496 2740/3145/12497
f 3420/3147/12498 3424/3144/12499 2740/3145/12500 2737/3148/12501
f 106/3146/12502 3420/3147/12503 2737/3148/12504 32/3149/12505
f 2095/3150/12506 2092/3151/12507 3430/3393/12508 2096/3295/12509
f 3404/3152/12510 3432/3296/12511 3459/3392/12512 3458/3395/12513
f 3403/3154/12514 3404/3152/12515 3458/3395/12516 3407/3391/12517
f 3304/3153/12518 3403/3154/12519 3417/3155/12520 3411/3156/12521
f 2299/3396/12522 2295/3157/12523 2219/3158/12524 2220/3397/12525
f 2118/3160/12526 2299/3159/12527 3461/3440/12528 3460/3443/12529
f 2117/3425/12530 2118/3160/12531 3460/3443/12532 2204/3426/12533
f 3462/3399/12534 3464/3168/12535 2306/3461/12536 3463/3465/12537
f 2305/3162/12538 2306/3161/12539 3464/3166/12540 3465/3165/12541
f 2206/3261/12542 2305/3162/12543 3465/3165/12544 2205/3164/12545
f 2291/3163/12546 2205/3164/12547 3465/3165/12548 3464/3166/12549
f 2212/3398/12550 2291/3167/12551 3464/3168/12552 3462/3399/12553
f 2211/3466/12554 3466/3417/12555 2229/3416/12556 2214/3169/12557
f 3467/3468/12558 3462/3399/12559 3463/3465/12560 3468/3535/12561
f 3469/4294/12562 3470/4297/12563 43/3170/12564 107/3173/12565
f 65/3449/12566 43/3170/12567 3470/4297/12568 3471/4293/12569
f 123/3450/12570 3472/4291/12571 2968/3176/12572 46/3171/12573
f 3030/3172/12574 3031/3175/12575 3474/4289/12576 3473/4287/12577
f 3475/4285/12578 3033/3532/12579 3030/3172/12580 3473/4287/12581
f 2955/4281/12582 3043/3529/12583 3477/3533/12584 3476/4283/12585
f 2955/4281/12586 3469/4294/12587 107/3173/12588 35/3174/12589
f 3031/3175/12590 2968/3176/12591 3472/4291/12592 3474/4289/12593
f 3937/4280/12594 3479/3179/12595 3478/3178/12596 3936/4295/12597
f 3944/4296/12598 3936/4295/12599 3478/3178/12600 3480/3177/12601
f 3944/4296/12602 3480/3177/12603 3481/4247/12604 3943/4292/12605
f 3940/4286/12606 3483/3182/12607 3482/3181/12608 3939/4284/12609
f 3942/4290/12610 3485/4251/12611 3484/4250/12612 3941/4288/12613
f 3941/4288/12614 3484/4250/12615 3483/3182/12616 3940/4286/12617
f 3485/4251/12618 3942/4290/12619 3943/4292/12620 3481/4247/12621
f 3939/4284/12622 3482/3181/12623 3486/3180/12624 3938/4282/12625
f 3938/4282/12626 3486/3180/12627 3479/3179/12628 3937/4280/12629
f 3480/3177/12630 3922/4169/12631 3923/4248/12632 3481/4247/12633
f 3478/3178/12634 3921/4165/12635 3922/4169/12636 3480/3177/12637
f 3479/3179/12638 3920/4168/12639 3921/4165/12640 3478/3178/12641
f 3486/3180/12642 3919/4166/12643 3920/4168/12644 3479/3179/12645
f 3482/3181/12646 3918/4167/12647 3919/4166/12648 3486/3180/12649
f 3483/3182/12650 3926/4164/12651 3918/4167/12652 3482/3181/12653
f 3926/4164/12654 3483/3182/12655 3484/4250/12656 3925/4249/12657
f 3434/3294/12658 3435/3183/12659 114/3184/12660 112/3291/12661
f 3337/3366/12662 3494/3363/12663 3431/3297/12664 3303/3185/12665
f 3348/3186/12666 103/3188/12667 4051/3190/12668 4050/3187/12669
f 103/3188/12670 104/3272/12671 4052/3189/12672 4051/3190/12673
f 104/3272/12674 1522/4064/12675 4053/3192/12676 4052/3191/12677
f 1522/4064/12678 1523/4503/12679 4054/4502/12680 4053/3192/12681
f 3/3193/12682 110/3194/12683 3438/3195/12684 2611/3196/12685
f 3442/3199/12686 2611/3197/12687 3438/3198/12688 3054/3200/12689
f 3437/3201/12690 3442/3199/12691 3054/3200/12692 3051/3202/12693
f 3436/3557/12694 3437/3201/12695 3051/3202/12696 3336/3555/12697
f 2669/3205/12698 2670/3558/12699 3496/3556/12700 3495/3203/12701
f 3497/3566/12702 3495/3203/12703 3496/3556/12704 3498/3567/12705
f 3497/3566/12706 3499/3552/12707 2669/3205/12708 3495/3203/12709
f 3499/3552/12710 2710/3207/12711 2672/3204/12712 2669/3205/12713
f 2736/3211/12714 2709/3206/12715 2710/3207/12716 3499/3552/12717
f 2711/3209/12718 2736/3211/12719 3501/3226/12720 3500/3470/12721
f 2713/3208/12722 2711/3209/12723 3500/3470/12724 3320/3210/12725
f 3320/3210/12726 3500/3470/12727 3502/3471/12728 3311/3224/12729
f 3503/3551/12730 3501/3226/12731 2736/3211/12732 3499/3552/12733
f 3504/3222/12734 3505/3221/12735 2323/3212/12736 2320/3867/12737
f 3317/3477/12738 2325/3213/12739 2323/3214/12740 3505/3229/12741
f 3504/3222/12742 2320/3867/12743 3081/3866/12744 3127/3215/12745
f 3128/3217/12746 3506/3223/12747 3504/3222/12748 3127/3215/12749
f 3146/3216/12750 3281/3219/12751 3506/3223/12752 3128/3217/12753
f 3507/3475/12754 3509/3554/12755 3508/3553/12756 3319/3476/12757
f 3282/3218/12758 3510/3220/12759 3506/3223/12760 3281/3219/12761
f 3510/3220/12762 3505/3221/12763 3504/3222/12764 3506/3223/12765
f 3311/3224/12766 3502/3471/12767 3510/3230/12768 3282/3225/12769
f 3500/3470/12770 3501/3226/12771 3503/3551/12772 3511/3473/12773
f 3510/3230/12774 3502/3471/12775 3513/3472/12776 3512/3227/12777
f 3503/3551/12778 3509/3554/12779 3507/3475/12780 3511/3473/12781
f 3513/3472/12782 3515/3474/12783 3514/3228/12784 3512/3227/12785
f 3515/3474/12786 3317/3477/12787 3505/3229/12788 3514/3228/12789
f 3512/3227/12790 3514/3228/12791 3505/3229/12792 3510/3230/12793
f 3314/3233/12794 3375/3231/12795 2636/3232/12796 3456/3234/12797
f 3314/3233/12798 3456/3234/12799 3457/3235/12800 3315/3236/12801
f 2144/3239/12802 2146/3238/12803 2127/3237/12804 2124/3258/12805
f 2168/3241/12806 2172/3240/12807 2146/3238/12808 2144/3239/12809
f 2169/3243/12810 2171/3242/12811 2172/3240/12812 2168/3241/12813
f 2187/3245/12814 2189/3244/12815 2171/3242/12816 2169/3243/12817
f 2198/3309/12818 2157/3246/12819 2189/3244/12820 2187/3245/12821
f 2156/3247/12822 2157/3246/12823 2198/3309/12824 3516/3310/12825
f 2155/3912/12826 2156/3247/12827 3516/3310/12828 3517/3910/12829
f 2158/3913/12830 2314/3911/12831 2315/3289/12832 2161/3288/12833
f 3518/3347/12834 3521/3351/12835 3520/3346/12836 3519/3344/12837
f 2194/3249/12838 2192/3248/12839 2199/3343/12840 2201/3345/12841
f 2181/3251/12842 2179/3250/12843 2192/3248/12844 2194/3249/12845
f 2182/3253/12846 2178/3252/12847 2179/3250/12848 2181/3251/12849
f 2152/3255/12850 2149/3254/12851 2178/3252/12852 2182/3253/12853
f 2153/3407/12854 2135/3256/12855 2149/3254/12856 2152/3255/12857
f 2138/3406/12858 2134/3420/12859 2135/3256/12860 2153/3407/12861
f 2113/3543/12862 2108/3541/12863 2109/3259/12864 2112/2121/12865
f 2143/3257/12866 2124/3258/12867 2125/3424/12868 2202/3427/12869
f 2109/3259/12870 2110/3260/12871 2303/3462/12872 2206/3261/12873
f 2210/3445/12874 2203/3442/12875 2301/3444/12876 2300/3446/12877
f 3341/3263/12878 2087/3262/12879 2100/3298/12880 3339/3361/12881
f 3434/3294/12882 2086/3293/12883 2087/3262/12884 3341/3263/12885
f 3522/3350/12886 3520/3346/12887 3521/3351/12888 3523/3352/12889
f 1597/3270/12890 1596/3269/12891 90/3264/12892 1594/3265/12893
f 4059/3271/12894 1597/3270/12895 1594/3265/12896 4023/3266/12897
f 1598/3275/12898 4058/4499/12899 2079/4497/12900 1595/3267/12901
f 3524/3276/12902 1598/3275/12903 1595/3267/12904 1596/3268/12905
f 3525/3280/12906 3524/3278/12907 1596/3269/12908 1597/3270/12909
f 4057/3281/12910 3525/3280/12911 1597/3270/12912 4059/3271/12913
f 3526/3274/12914 4056/4501/12915 4058/4499/12916 1598/3275/12917
f 92/4478/12918 1414/4481/12919 1522/4064/12920 104/3272/12921
f 3527/3273/12922 3526/3274/12923 1598/3275/12924 3524/3276/12925
f 3528/3279/12926 3527/3277/12927 3524/3278/12928 3525/3280/12929
f 4055/3108/12930 3528/3279/12931 3525/3280/12932 4057/3281/12933
f 148/3282/12934 129/4189/12935 3887/4188/12936 3447/3548/12937
f 102/3283/12938 3451/3550/12939 3889/4190/12940 131/4193/12941
f 116/3329/12942 120/3284/12943 2706/3286/12944 2707/3311/12945
f 120/3284/12946 13/3285/12947 2667/2408/12948 2706/3286/12949
f 2160/3287/12950 2161/3288/12951 3519/3344/12952 2199/3343/12953
f 2315/3289/12954 3518/3347/12955 3519/3344/12956 2161/3288/12957
f 2316/3290/12958 2318/3348/12959 3518/3347/12960 2315/3289/12961
f 2091/3327/12962 2318/3348/12963 2316/3290/12964 3529/3317/12965
f 3529/3317/12966 2316/3290/12967 2317/3909/12968 3530/3907/12969
f 112/3291/12970 15/3292/12971 2086/3293/12972 3434/3294/12973
f 3432/3296/12974 2096/3295/12975 3430/3393/12976 3459/3392/12977
f 2100/3298/12978 2096/3295/12979 3432/3296/12980 3431/3297/12981
f 3431/3297/12982 3494/3363/12983 3339/3361/12984 2100/3298/12985
f 2287/3300/12986 2288/3299/12987 2311/3454/12988 2097/3301/12989
f 2098/3305/12990 2285/3304/12991 2287/3300/12992 2097/3301/12993
f 2249/3302/12994 2286/3303/12995 2285/3304/12996 2098/3305/12997
f 2196/3318/12998 2286/3306/12999 2249/3307/13000 2302/3321/13001
f 3531/3323/13002 3534/3904/13003 3533/3906/13004 3532/3908/13005
f 2084/3313/13006 3536/3332/13007 3535/3325/13008 2099/3322/13009
f 3537/3308/13010 2090/3326/13011 3539/3903/13012 3538/3901/13013
f 3516/3310/13014 2198/3309/13015 2197/3319/13016 3531/3323/13017
f 3516/3310/13018 3531/3323/13019 3532/3908/13020 3517/3910/13021
f 116/3329/13022 2707/3311/13023 2090/3312/13024 3537/3328/13025
f 3536/3332/13026 2084/3313/13027 2085/3314/13028 3540/3333/13029
f 3540/3330/13030 2085/3315/13031 117/3316/13032 14/3331/13033
f 2091/3327/13034 3529/3317/13035 3530/3907/13036 3541/3905/13037
f 2195/3320/13038 2196/3318/13039 2302/3321/13040 3542/3324/13041
f 2197/3319/13042 2195/3320/13043 3542/3324/13044 3531/3323/13045
f 3542/3324/13046 2302/3321/13047 2099/3322/13048 3535/3325/13049
f 3535/3325/13050 3534/3904/13051 3531/3323/13052 3542/3324/13053
f 3536/3332/13054 3543/3902/13055 3534/3904/13056 3535/3325/13057
f 3541/3905/13058 3539/3903/13059 2090/3326/13060 2091/3327/13061
f 3537/3328/13062 3538/3896/13063 128/3899/13064 116/3329/13065
f 3544/3897/13066 3540/3330/13067 14/3331/13068 119/3898/13069
f 3536/3332/13070 3540/3333/13071 3544/3900/13072 3543/3902/13073
f 99/3334/13074 121/3335/13075 3060/3337/13076 3441/3336/13077
f 3441/3336/13078 3060/3337/13079 3058/3339/13080 3440/3338/13081
f 3440/3338/13082 3058/3339/13083 3059/3340/13084 3439/3341/13085
f 3053/3753/13086 3439/3342/13087 3059/3750/13088 3545/3754/13089
f 2591/3499/13090 2593/3502/13091 3547/3715/13092 3546/3687/13093
f 2201/3345/13094 2199/3343/13095 3519/3344/13096 3520/3346/13097
f 2200/3349/13098 2201/3345/13099 3520/3346/13100 3522/3350/13101
f 3521/3351/13102 3518/3347/13103 2318/3348/13104 2319/3355/13105
f 2200/3349/13106 3522/3350/13107 3523/3352/13108 2103/3354/13109
f 2082/3357/13110 2083/3353/13111 2088/3356/13112 2089/3358/13113
f 3521/3351/13114 2319/3355/13115 2103/3354/13116 3523/3352/13117
f 2083/3353/13118 2103/3354/13119 2319/3355/13120 2088/3356/13121
f 2082/3357/13122 2089/3358/13123 2090/3326/13124 2707/3359/13125
f 3494/3363/13126 118/3362/13127 111/3360/13128 3339/3361/13129
f 88/3365/13130 118/3362/13131 3494/3363/13132 3337/3366/13133
f 3338/3364/13134 88/3365/13135 3337/3366/13136 3280/3367/13137
f 3316/3368/13138 3338/3369/13139 3280/3370/13140 3279/3371/13141
f 3397/3372/13142 3394/3375/13143 3414/3374/13144 3406/3373/13145
f 3414/3374/13146 3394/3375/13147 3391/3377/13148 3413/3376/13149
f 3413/3376/13150 3391/3377/13151 3237/3378/13152 3235/3379/13153
f 3237/3378/13154 3392/3380/13155 3143/3381/13156 3215/3387/13157
f 3240/3386/13158 3401/3382/13159 3236/3383/13160 3215/3387/13161
f 122/3384/13162 86/3385/13163 3240/3386/13164 3215/3387/13165
f 3310/3390/13166 3399/3388/13167 3396/3389/13168 3407/3391/13169
f 3458/3395/13170 3309/3394/13171 3310/3390/13172 3407/3391/13173
f 3459/3392/13174 3430/3393/13175 3309/3394/13176 3458/3395/13177
f 2299/3396/13178 2220/3397/13179 2225/3438/13180 3461/3437/13181
f 2242/3433/13182 2227/3432/13183 2228/3944/13184 2244/3946/13185
f 2246/3415/13186 2247/3947/13187 2230/3945/13188 2229/3416/13189
f 3466/3417/13190 2234/3467/13191 2231/3400/13192 3548/3418/13193
f 2211/3466/13194 2212/3398/13195 3462/3399/13196 3467/3468/13197
f 3549/3413/13198 3550/3409/13199 3548/3418/13200 2231/3400/13201
f 3551/3402/13202 2232/3408/13203 2233/3469/13204 3552/3403/13205
f 3552/3403/13206 2233/3469/13207 3468/3535/13208 3553/3536/13209
f 2136/3538/13210 2137/3405/13211 3552/3403/13212 3553/3536/13213
f 2232/3408/13214 3554/3414/13215 3549/3413/13216 2231/3400/13217
f 2150/3404/13218 2151/3401/13219 2275/3411/13220 3551/3402/13221
f 2137/3405/13222 2150/3404/13223 3551/3402/13224 3552/3403/13225
f 2150/3404/13226 2137/3405/13227 2138/3406/13228 2153/3407/13229
f 2245/3410/13230 3550/3409/13231 3549/3413/13232 2274/3412/13233
f 2275/3411/13234 3554/3414/13235 2232/3408/13236 3551/3402/13237
f 2246/3415/13238 3548/3418/13239 3550/3409/13240 2245/3410/13241
f 2275/3411/13242 2274/3412/13243 3549/3413/13244 3554/3414/13245
f 2246/3415/13246 2229/3416/13247 3466/3417/13248 3548/3418/13249
f 2267/3419/13250 2268/3951/13251 2248/3949/13252 2245/3410/13253
f 2134/3420/13254 2138/3406/13255 2139/3540/13256 3555/3542/13257
f 3556/3545/13258 2133/3421/13259 2134/3420/13260 3555/3542/13261
f 2133/3421/13262 3556/3545/13263 3557/3929/13264 2132/3927/13265
f 2129/3926/13266 3558/3928/13267 2116/3423/13268 2126/3422/13269
f 2126/3422/13270 2116/3423/13271 2117/3425/13272 2125/3424/13273
f 2125/3424/13274 2117/3425/13275 2204/3426/13276 2202/3427/13277
f 2236/3430/13278 2237/3428/13279 2296/3429/13280 2290/3431/13281
f 2239/3434/13282 2236/3430/13283 2290/3431/13284 2226/3435/13285
f 2227/3432/13286 2242/3433/13287 2239/3434/13288 2226/3435/13289
f 2223/3436/13290 3461/3437/13291 2225/3438/13292 2222/3439/13293
f 2301/3444/13294 3460/3443/13295 3461/3440/13296 2223/3441/13297
f 2203/3442/13298 2204/3426/13299 3460/3443/13300 2301/3444/13301
f 2210/3445/13302 2300/3446/13303 2224/3447/13304 2221/3448/13305
f 2965/3605/13306 3900/4213/13307 3901/4216/13308 3559/3608/13309
f 3901/4216/13310 3902/4217/13311 2848/3609/13312 3559/3608/13313
f 2550/3494/13314 2551/3698/13315 3561/3696/13316 3560/3712/13317
f 65/3449/13318 3471/4293/13319 3472/4291/13320 123/3450/13321
f 3907/4228/13322 3891/4199/13323 2811/3611/13324 3906/4225/13325
f 2441/3451/13326 2595/3647/13327 3562/3660/13328 2587/3452/13329
f 2587/3452/13330 3562/3660/13331 3563/3661/13332 2588/3662/13333
f 2312/3455/13334 2313/3960/13335 2094/3963/13336 2095/3453/13337
f 2095/3453/13338 2097/3301/13339 2311/3454/13340 2312/3455/13341
f 2639/3459/13342 2636/3232/13343 3332/3456/13344 2640/3460/13345
f 2081/3457/13346 2638/3458/13347 2639/3459/13348 2640/3460/13349
f 2119/3547/13350 3565/3930/13351 3564/3932/13352 2307/3934/13353
f 3463/3465/13354 2306/3461/13355 2303/3462/13356 2304/3464/13357
f 2304/3464/13358 2298/3463/13359 2297/3537/13360 3566/3534/13361
f 2304/3464/13362 3566/3534/13363 3468/3535/13364 3463/3465/13365
f 3466/3417/13366 2211/3466/13367 3467/3468/13368 2234/3467/13369
f 2234/3467/13370 3467/3468/13371 3468/3535/13372 2233/3469/13373
f 3500/3470/13374 3511/3473/13375 3513/3472/13376 3502/3471/13377
f 3507/3475/13378 3515/3474/13379 3513/3472/13380 3511/3473/13381
f 3515/3474/13382 3507/3475/13383 3319/3476/13384 3317/3477/13385
f 3319/3476/13386 3508/3553/13387 2617/3565/13388 2615/3478/13389
f 2415/3479/13390 2416/3480/13391 2532/3808/13392 2525/3809/13393
f 2574/3810/13394 2569/3481/13395 2570/3482/13396 2581/3811/13397
f 2585/3483/13398 2588/3662/13399 3567/3788/13400 2581/3811/13401
f 2443/3507/13402 2596/3503/13403 2442/3484/13404 2439/3485/13405
f 2553/3509/13406 3569/3784/13407 3568/3793/13408 2552/3684/13409
f 3570/3802/13410 3571/3804/13411 2431/3510/13412 2432/3486/13413
f 3572/3803/13414 3570/3802/13415 2432/3486/13416 2412/3487/13417
f 3573/3795/13418 3572/3803/13419 2412/3487/13420 2413/3488/13421
f 3574/3796/13422 3573/3795/13423 2413/3488/13424 2599/3763/13425
f 3575/3713/13426 3576/3709/13427 2546/3489/13428 2547/3495/13429
f 3577/3708/13430 2579/3506/13431 2546/3489/13432 3576/3709/13433
f 2550/3494/13434 3560/3712/13435 3575/3713/13436 2547/3495/13437
f 2446/3490/13438 2447/3515/13439 2436/3517/13440 2434/3491/13441
f 2449/3492/13442 2446/3490/13443 2434/3491/13444 2428/3493/13445
f 2448/3496/13446 2449/3492/13447 2428/3493/13448 2393/3497/13449
f 2549/3516/13450 2550/3494/13451 2547/3495/13452 2544/3518/13453
f 2448/3496/13454 2393/3497/13455 2394/2380/13456 2450/3498/13457
f 3578/3686/13458 2590/3500/13459 2591/3499/13460 3546/3687/13461
f 3578/3686/13462 3579/3688/13463 2589/3649/13464 2590/3500/13465
f 2554/3512/13466 2555/3699/13467 2551/3698/13468 2548/3514/13469
f 2444/3508/13470 2567/3501/13471 2586/3504/13472 2578/3519/13473
f 2596/3503/13474 2443/3507/13475 2579/3506/13476 3577/3708/13477
f 3547/3715/13478 2593/3502/13479 2596/3503/13480 3577/3708/13481
f 2568/2364/13482 2578/3519/13483 2586/3504/13484 2577/3505/13485
f 2579/3506/13486 2443/3507/13487 2444/3508/13488 2578/3519/13489
f 2431/3510/13490 3571/3804/13491 3569/3784/13492 2553/3509/13493
f 2553/3509/13494 2554/3512/13495 2430/3511/13496 2431/3510/13497
f 2430/3511/13498 2554/3512/13499 2548/3514/13500 2438/3513/13501
f 2438/3513/13502 2548/3514/13503 2549/3516/13504 2447/3515/13505
f 2447/3515/13506 2549/3516/13507 2544/3518/13508 2436/3517/13509
f 2436/3517/13510 2544/3518/13511 2545/3521/13512 2435/3520/13513
f 2578/3519/13514 2568/2364/13515 2435/3520/13516 2545/3521/13517
f 2806/4194/13518 2807/4229/13519 2808/4226/13520 2825/3522/13521
f 2825/3522/13522 2808/4226/13523 2809/4224/13524 2828/3523/13525
f 2828/3523/13526 2809/4224/13527 2853/4222/13528 2850/4220/13529
f 3045/3528/13530 3033/3532/13531 3477/3533/13532 3043/3529/13533
f 3044/3530/13534 2954/3525/13535 2783/3524/13536 3011/3531/13537
f 2783/3524/13538 2954/3525/13539 125/3526/13540 56/3527/13541
f 3045/3528/13542 3043/3529/13543 3044/3530/13544 3011/3531/13545
f 3033/3532/13546 3475/4285/13547 3476/4283/13548 3477/3533/13549
f 3566/3534/13550 2297/3537/13551 3553/3536/13552 3468/3535/13553
f 3553/3536/13554 2297/3537/13555 2111/3539/13556 2136/3538/13557
f 2139/3540/13558 2136/3538/13559 2111/3539/13560 2108/3541/13561
f 3555/3542/13562 2139/3540/13563 2108/3541/13564 2113/3543/13565
f 2114/3546/13566 3556/3545/13567 3555/3542/13568 2113/3543/13569
f 2209/3933/13570 3580/3931/13571 2114/3546/13572 2115/3544/13573
f 3556/3545/13574 2114/3546/13575 3580/3931/13576 3557/3929/13577
f 3558/3928/13578 3565/3930/13579 2119/3547/13580 2116/3423/13581
f 3888/4191/13582 3449/3549/13583 3447/3548/13584 3887/4188/13585
f 3449/3549/13586 3888/4191/13587 3889/4190/13588 3451/3550/13589
f 3509/3554/13590 3503/3551/13591 3499/3552/13592 3497/3566/13593
f 2617/3565/13594 3508/3553/13595 3509/3554/13596 3497/3566/13597
f 3498/3567/13598 3496/3556/13599 3336/3555/13600 2616/3568/13601
f 2670/3558/13602 3436/3557/13603 3336/3555/13604 3496/3556/13605
f 2644/3560/13606 2608/3559/13607 3436/3557/13608 2670/3558/13609
f 2607/3562/13610 2608/3559/13611 2644/3560/13612 2641/3563/13613
f 16/3561/13614 2607/3562/13615 2641/3563/13616 126/3564/13617
f 2617/3565/13618 3497/3566/13619 3498/3567/13620 2616/3568/13621
f 2773/3597/13622 2795/3569/13623 3582/3621/13624 3581/3623/13625
f 2778/3603/13626 2779/3572/13627 3584/3635/13628 3583/3637/13629
f 2785/3573/13630 2786/3599/13631 3586/3631/13632 3585/3633/13633
f 2795/3569/13634 2796/3587/13635 3587/3619/13636 3582/3621/13637
f 2810/3584/13638 2811/3611/13639 3589/3612/13640 3588/3585/13641
f 2847/3577/13642 2844/3574/13643 3592/3575/13644 3591/3578/13645
f 2848/3609/13646 2849/3570/13647 3594/3571/13648 3593/3610/13649
f 2849/3570/13650 2852/3583/13651 3595/3586/13652 3594/3571/13653
f 3590/3579/13654 3596/3581/13655 2858/3580/13656 2842/3576/13657
f 2779/3572/13658 2785/3573/13659 3585/3633/13660 3584/3635/13661
f 3038/3598/13662 2772/3596/13663 3598/3625/13664 3597/3627/13665
f 2844/3574/13666 2965/3605/13667 3599/3606/13668 3592/3575/13669
f 2842/3576/13670 2847/3577/13671 3591/3578/13672 3590/3579/13673
f 2996/3590/13674 2858/3580/13675 3596/3581/13676 3600/3591/13677
f 2997/3582/13678 2998/3593/13679 3602/3613/13680 3601/3615/13681
f 2999/3588/13682 2997/3582/13683 3601/3615/13684 3603/3617/13685
f 2852/3583/13686 2810/3584/13687 3588/3585/13688 3595/3586/13689
f 2796/3587/13690 2999/3588/13691 3603/3617/13692 3587/3619/13693
f 3024/3589/13694 2996/3590/13695 3600/3591/13696 3604/3592/13697
f 2998/3593/13698 3024/3594/13699 3604/3595/13700 3602/3613/13701
f 3042/3604/13702 2798/3601/13703 3606/3641/13704 3605/3644/13705
f 2772/3596/13706 2773/3597/13707 3581/3623/13708 3598/3625/13709
f 2944/3600/13710 3038/3598/13711 3597/3627/13712 3607/3629/13713
f 2786/3599/13714 2944/3600/13715 3607/3629/13716 3586/3631/13717
f 3606/3641/13718 2798/3601/13719 2799/3602/13720 3608/3639/13721
f 2799/3602/13722 2778/3603/13723 3583/3637/13724 3608/3639/13725
f 3609/3643/13726 3455/4458/13727 3042/3604/13728 3605/3644/13729
f 2965/3605/13730 3559/3608/13731 3610/3607/13732 3599/3606/13733
f 3610/3607/13734 3559/3608/13735 2848/3609/13736 3593/3610/13737
f 2811/3611/13738 3891/4199/13739 3892/4197/13740 3589/3612/13741
f 3601/3615/13742 3602/3613/13743 3793/3614/13744 3794/3616/13745
f 3603/3617/13746 3601/3615/13747 3794/3616/13748 3795/3618/13749
f 3587/3619/13750 3603/3617/13751 3795/3618/13752 3796/3620/13753
f 3582/3621/13754 3587/3619/13755 3796/3620/13756 3797/3622/13757
f 3581/3623/13758 3582/3621/13759 3797/3622/13760 3798/3624/13761
f 3598/3625/13762 3581/3623/13763 3798/3624/13764 3799/3626/13765
f 3597/3627/13766 3598/3625/13767 3799/3626/13768 3800/3628/13769
f 3607/3629/13770 3597/3627/13771 3800/3628/13772 3801/3630/13773
f 3586/3631/13774 3607/3629/13775 3801/3630/13776 3802/3632/13777
f 3585/3633/13778 3586/3631/13779 3802/3632/13780 3803/3634/13781
f 3584/3635/13782 3585/3633/13783 3803/3634/13784 3804/3636/13785
f 3583/3637/13786 3584/3635/13787 3804/3636/13788 3805/3638/13789
f 3608/3639/13790 3583/3637/13791 3805/3638/13792 3806/3640/13793
f 3807/3642/13794 3606/3641/13795 3608/3639/13796 3806/3640/13797
f 3605/3644/13798 3606/3641/13799 3807/3642/13800 3808/3645/13801
f 3609/3643/13802 3605/3644/13803 3808/3645/13804 3809/3646/13805
f 3611/3667/13806 3614/3665/13807 3613/3658/13808 3612/3668/13809
f 3562/3660/13810 2595/3647/13811 3616/3664/13812 3615/3666/13813
f 2589/3649/13814 3579/3688/13815 3613/3689/13816 3614/3648/13817
f 3614/3648/13818 3616/3653/13819 2592/3652/13820 2589/3649/13821
f 3617/3675/13822 3620/3651/13823 3619/3650/13824 3618/3676/13825
f 3618/3676/13826 3619/3650/13827 3622/3663/13828 3621/3677/13829
f 3623/3669/13830 3626/3659/13831 3625/3656/13832 3624/3671/13833
f 3627/3673/13834 3628/3657/13835 3620/3651/13836 3617/3675/13837
f 2592/3652/13838 3616/3653/13839 2595/3654/13840 2594/3655/13841
f 3624/3671/13842 3625/3656/13843 3628/3657/13844 3627/3673/13845
f 3612/3668/13846 3613/3658/13847 3626/3659/13848 3623/3669/13849
f 3629/3672/13850 3632/3674/13851 3631/3791/13852 3630/3785/13853
f 3630/3785/13854 3634/3790/13855 3633/3670/13856 3629/3672/13857
f 3615/3666/13858 3635/3789/13859 3563/3661/13860 3562/3660/13861
f 3563/3661/13862 3635/3789/13863 3567/3788/13864 2588/3662/13865
f 3621/3677/13866 3622/3663/13867 3637/3683/13868 3636/3682/13869
f 3568/3793/13870 3639/3792/13871 3638/3685/13872 2552/3684/13873
f 3616/3664/13874 3614/3665/13875 3611/3667/13876 3615/3666/13877
f 3612/3668/13878 3635/3789/13879 3615/3666/13880 3611/3667/13881
f 3623/3669/13882 3634/3790/13883 3635/3789/13884 3612/3668/13885
f 3624/3671/13886 3633/3670/13887 3634/3790/13888 3623/3669/13889
f 3627/3673/13890 3629/3672/13891 3633/3670/13892 3624/3671/13893
f 3617/3675/13894 3632/3674/13895 3629/3672/13896 3627/3673/13897
f 3618/3676/13898 3631/3791/13899 3632/3674/13900 3617/3675/13901
f 3621/3677/13902 3639/3792/13903 3631/3791/13904 3618/3676/13905
f 3636/3682/13906 3638/3685/13907 3639/3792/13908 3621/3677/13909
f 3636/3682/13910 3641/3702/13911 3640/3697/13912 3638/3685/13913
f 3642/3706/13914 3619/3678/13915 3620/3679/13916 3643/3707/13917
f 3642/3706/13918 3644/3695/13919 3622/3680/13920 3619/3678/13921
f 3628/3690/13922 3645/3711/13923 3643/3707/13924 3620/3679/13925
f 3622/3680/13926 3644/3695/13927 3646/3694/13928 3637/3681/13929
f 3637/3681/13930 3646/3694/13931 3648/3701/13932 3647/3700/13933
f 3636/3682/13934 3637/3683/13935 3647/3700/13936 3641/3702/13937
f 2552/3684/13938 3638/3685/13939 3640/3697/13940 2555/3699/13941
f 3649/3692/13942 3579/3688/13943 3578/3686/13944 3650/3714/13945
f 3650/3714/13946 3578/3686/13947 3546/3687/13948 3547/3715/13949
f 3579/3688/13950 3649/3692/13951 3626/3691/13952 3613/3689/13953
f 3649/3692/13954 3650/3714/13955 3652/3718/13956 3651/3710/13957
f 3628/3690/13958 3625/3693/13959 3651/3710/13960 3645/3711/13961
f 3626/3691/13962 3649/3692/13963 3651/3710/13964 3625/3693/13965
f 3653/3705/13966 3644/3695/13967 3642/3706/13968 3654/3716/13969
f 3655/3722/13970 3656/3724/13971 3560/3712/13972 3561/3696/13973
f 3657/3704/13974 3658/3703/13975 3648/3701/13976 3646/3694/13977
f 3646/3694/13978 3644/3695/13979 3653/3705/13980 3657/3704/13981
f 3659/3720/13982 3655/3722/13983 3561/3696/13984 2551/3698/13985
f 3641/3702/13986 3658/3703/13987 3659/3720/13988 3640/3697/13989
f 3640/3697/13990 3659/3720/13991 2551/3698/13992 2555/3699/13993
f 3647/3700/13994 3648/3701/13995 3658/3703/13996 3641/3702/13997
f 3657/3704/13998 3660/3721/13999 3659/3720/14000 3658/3703/14001
f 3660/3721/14002 3657/3704/14003 3653/3705/14004 3661/3723/14005
f 3661/3723/14006 3653/3705/14007 3654/3716/14008 3662/3725/14009
f 3642/3706/14010 3643/3707/14011 3663/3717/14012 3654/3716/14013
f 3663/3717/14014 3643/3707/14015 3645/3711/14016 3664/3719/14017
f 3547/3715/14018 3577/3708/14019 3576/3709/14020 3665/3727/14021
f 3575/3713/14022 3666/3728/14023 3665/3727/14024 3576/3709/14025
f 3651/3710/14026 3652/3718/14027 3664/3719/14028 3645/3711/14029
f 3560/3712/14030 3656/3724/14031 3666/3728/14032 3575/3713/14033
f 3665/3727/14034 3652/3718/14035 3650/3714/14036 3547/3715/14037
f 3662/3725/14038 3654/3716/14039 3663/3717/14040 3667/3729/14041
f 3667/3729/14042 3663/3717/14043 3664/3719/14044 3668/3726/14045
f 3652/3718/14046 3665/3727/14047 3668/3726/14048 3664/3719/14049
f 3661/3723/14050 3655/3722/14051 3659/3720/14052 3660/3721/14053
f 3662/3725/14054 3656/3724/14055 3655/3722/14056 3661/3723/14057
f 3667/3729/14058 3666/3728/14059 3656/3724/14060 3662/3725/14061
f 3668/3726/14062 3665/3727/14063 3666/3728/14064 3667/3729/14065
f 3669/3757/14066 3670/3756/14067 2457/3731/14068 2458/3730/14069
f 3671/4023/14070 3673/3733/14071 3670/3756/14072 3672/4021/14073
f 3670/3756/14074 3673/3733/14075 2456/3732/14076 2457/3731/14077
f 3674/4036/14078 3675/4025/14079 3673/3733/14080 3671/4023/14081
f 3675/4025/14082 2455/3734/14083 2456/3732/14084 3673/3733/14085
f 3676/4027/14086 2454/3735/14087 2455/3734/14088 3675/4025/14089
f 3677/4028/14090 2451/3761/14091 2454/3735/14092 3676/4027/14093
f 3678/4016/14094 3681/3747/14095 3680/3746/14096 3679/4017/14097
f 3057/3736/14098 2970/3737/14099 2971/3743/14100 3681/3742/14101
f 3056/3738/14102 3057/3739/14103 3681/3747/14104 3678/4016/14105
f 3669/3755/14106 3055/3751/14107 3056/3740/14108 3678/3741/14109
f 3679/4017/14110 3680/3746/14111 3186/4308/14112 3185/4304/14113
f 3171/4300/14114 3196/3871/14115 3682/4018/14116 3172/4302/14117
f 3137/4309/14118 3186/4308/14119 3680/3746/14120 3136/3749/14121
f 3681/3742/14122 2971/3743/14123 3421/3744/14124 3427/3745/14125
f 3680/3746/14126 3681/3747/14127 3427/3748/14128 3136/3749/14129
f 3545/3754/14130 3059/3750/14131 3055/3751/14132 3669/3755/14133
f 3052/3752/14134 3669/3755/14135 2458/3072/14136 2616/3568/14137
f 3052/3752/14138 3053/3753/14139 3545/3754/14140 3669/3755/14141
f 3672/4021/14142 3670/3756/14143 3669/3757/14144 3678/4019/14145
f 3683/4029/14146 2398/3762/14147 2399/3758/14148 2597/3759/14149
f 3683/4029/14150 2597/3759/14151 2453/3760/14152 3684/4030/14153
f 3684/4030/14154 2453/3760/14155 2451/3761/14156 3677/4028/14157
f 2599/3763/14158 3686/4031/14159 3685/4050/14160 3574/3796/14161
f 2398/3762/14162 3683/4029/14163 3686/4031/14164 2599/3763/14165
f 2492/3765/14166 3687/3778/14167 2376/3768/14168 2377/3764/14169
f 2492/3765/14170 2389/3766/14171 2385/3775/14172 3687/3778/14173
f 2605/3780/14174 3690/3769/14175 3689/3783/14176 3688/3782/14177
f 3690/3769/14178 2605/3780/14179 2375/3767/14180 2376/3768/14181
f 3690/3769/14182 2376/3768/14183 3687/3778/14184 3691/3779/14185
f 3689/3783/14186 3690/3769/14187 3691/3779/14188 3692/3781/14189
f 2495/3771/14190 3693/3800/14191 2387/3776/14192 2388/3770/14193
f 2495/3771/14194 2401/3772/14195 2402/3774/14196 3693/3800/14197
f 2403/3773/14198 2500/3799/14199 3693/3800/14200 2402/3774/14201
f 3687/3778/14202 2385/3775/14203 2386/3777/14204 3694/3801/14205
f 2387/3776/14206 3693/3800/14207 3694/3801/14208 2386/3777/14209
f 3687/3778/14210 3694/3801/14211 3692/3781/14212 3691/3779/14213
f 2604/3847/14214 2605/3780/14215 3688/3782/14216 3695/3848/14217
f 3692/3781/14218 3694/3801/14219 3696/3849/14220 3689/3783/14221
f 3696/3849/14222 3695/3848/14223 3688/3782/14224 3689/3783/14225
f 3697/3787/14226 3698/3812/14227 2581/3811/14228 3567/3788/14229
f 3698/3812/14230 3697/3787/14231 3700/3786/14232 3699/3794/14233
f 3699/3794/14234 3568/3793/14235 3569/3784/14236 3571/3804/14237
f 3700/3786/14238 3630/3785/14239 3631/3791/14240 3699/3794/14241
f 3634/3790/14242 3630/3785/14243 3700/3786/14244 3697/3787/14245
f 3697/3787/14246 3567/3788/14247 3635/3789/14248 3634/3790/14249
f 3631/3791/14250 3639/3792/14251 3568/3793/14252 3699/3794/14253
f 3701/3798/14254 3702/3797/14255 3573/3795/14256 3574/3796/14257
f 3703/3806/14258 3572/3803/14259 3573/3795/14260 3702/3797/14261
f 3704/3818/14262 3703/3806/14263 3702/3797/14264 3705/3820/14265
f 3701/3798/14266 3574/3796/14267 3685/4050/14268 3706/4049/14269
f 3707/3817/14270 3708/3819/14271 2500/3799/14272 2525/3809/14273
f 3705/3820/14274 3702/3797/14275 3701/3798/14276 3709/3822/14277
f 3709/3822/14278 3701/3798/14279 3706/4049/14280 3710/4044/14281
f 2500/3799/14282 3708/3819/14283 3711/3821/14284 3693/3800/14285
f 3694/3801/14286 3693/3800/14287 3711/3821/14288 3712/4043/14289
f 3713/4045/14290 3696/3849/14291 3694/3801/14292 3712/4043/14293
f 3714/3805/14294 3715/3807/14295 3571/3804/14296 3570/3802/14297
f 3703/3806/14298 3714/3805/14299 3570/3802/14300 3572/3803/14301
f 3715/3807/14302 3698/3812/14303 3699/3794/14304 3571/3804/14305
f 3716/3814/14306 3715/3807/14307 3714/3805/14308 3717/3816/14309
f 3717/3816/14310 3714/3805/14311 3703/3806/14312 3704/3818/14313
f 3698/3812/14314 3715/3807/14315 3716/3814/14316 3718/3813/14317
f 2574/3810/14318 3718/3813/14319 3719/3815/14320 2532/3808/14321
f 2532/3808/14322 3719/3815/14323 3707/3817/14324 2525/3809/14325
f 3718/3813/14326 2574/3810/14327 2581/3811/14328 3698/3812/14329
f 3717/3816/14330 3719/3815/14331 3718/3813/14332 3716/3814/14333
f 3704/3818/14334 3707/3817/14335 3719/3815/14336 3717/3816/14337
f 3705/3820/14338 3708/3819/14339 3707/3817/14340 3704/3818/14341
f 3709/3822/14342 3711/3821/14343 3708/3819/14344 3705/3820/14345
f 3710/4044/14346 3712/4043/14347 3711/3821/14348 3709/3822/14349
f 2603/3845/14350 3721/3850/14351 3720/3827/14352 2602/3825/14353
f 2602/3825/14354 3720/3827/14355 3723/3826/14356 3722/3832/14357
f 2366/3830/14358 2367/3823/14359 2485/3824/14360 3724/3831/14361
f 2485/3824/14362 2602/3825/14363 3722/3832/14364 3724/3831/14365
f 3725/3837/14366 3722/3832/14367 3723/3826/14368 3726/3851/14369
f 3723/3826/14370 3720/3827/14371 3721/3850/14372 3726/3851/14373
f 2480/3829/14374 3727/3839/14375 2356/3834/14376 2357/3828/14377
f 2480/3829/14378 2366/3830/14379 3724/3831/14380 3727/3839/14381
f 3725/3837/14382 3727/3839/14383 3724/3831/14384 3722/3832/14385
f 2600/3844/14386 2601/3835/14387 3729/3840/14388 3728/3856/14389
f 2356/3834/14390 3730/3836/14391 2601/3835/14392 2355/3833/14393
f 3727/3839/14394 3731/3838/14395 3730/3836/14396 2356/3834/14397
f 2601/3835/14398 3730/3836/14399 3732/3841/14400 3729/3840/14401
f 3731/3838/14402 3733/3852/14403 3732/3841/14404 3730/3836/14405
f 3727/3839/14406 3725/3837/14407 3726/3851/14408 3734/3853/14409
f 3732/3841/14410 3733/3852/14411 3736/3854/14412 3735/3855/14413
f 3733/3852/14414 3731/3838/14415 3727/3839/14416 3734/3853/14417
f 3728/3856/14418 3729/3840/14419 3732/3841/14420 3735/3855/14421
f 3737/3864/14422 2470/3860/14423 2471/3842/14424 2474/3843/14425
f 2474/3843/14426 2600/3844/14427 3728/3856/14428 3737/3864/14429
f 3721/3850/14430 2603/3845/14431 2486/3846/14432 3738/4047/14433
f 2486/3846/14434 2604/3847/14435 3695/3848/14436 3738/4047/14437
f 3695/3848/14438 3696/3849/14439 3713/4045/14440 3738/4047/14441
f 3738/4047/14442 3739/4046/14443 3726/3851/14444 3721/3850/14445
f 3739/4046/14446 3740/3892/14447 3734/3853/14448 3726/3851/14449
f 3736/3854/14450 3733/3852/14451 3734/3853/14452 3740/3892/14453
f 3740/3892/14454 3741/3893/14455 3735/3855/14456 3736/3854/14457
f 3735/3855/14458 3741/3893/14459 3737/3864/14460 3728/3856/14461
f 3737/3864/14462 3741/3893/14463 3743/3895/14464 3742/3890/14465
f 2334/3857/14466 2468/3862/14467 3745/3863/14468 3744/3875/14469
f 2334/3857/14470 3744/3875/14471 3746/3878/14472 2333/3877/14473
f 2464/3858/14474 2465/3859/14475 3747/3865/14476 2463/3861/14477
f 3747/3865/14478 2465/3859/14479 2470/3860/14480 3737/3864/14481
f 2463/3861/14482 3747/3865/14483 3745/3863/14484 2468/3862/14485
f 3748/3882/14486 3744/3875/14487 3745/3863/14488 3747/3865/14489
f 3747/3865/14490 3737/3864/14491 3742/3890/14492 3749/3874/14493
f 3748/3882/14494 3747/3865/14495 3749/3874/14496 3750/3883/14497
f 3751/3869/14498 3084/3868/14499 3081/3866/14500 2320/3867/14501
f 3752/3870/14502 3753/4015/14503 3682/4018/14504 3196/3871/14505
f 3084/3868/14506 3751/3869/14507 3752/3870/14508 3196/3871/14509
f 3754/3873/14510 3757/3889/14511 3756/3891/14512 3755/3886/14513
f 3758/3887/14514 3761/4026/14515 3760/4037/14516 3759/4024/14517
f 3762/4022/14518 3763/3888/14519 3758/3887/14520 3759/4024/14521
f 3752/3880/14522 3763/3888/14523 3762/4022/14524 3753/4020/14525
f 3761/4026/14526 3758/3887/14527 3755/3886/14528 3756/3891/14529
f 2320/3872/14530 2321/3876/14531 3764/3884/14532 3751/3879/14533
f 3754/3873/14534 3765/3881/14535 3750/3883/14536 3749/3874/14537
f 3757/3889/14538 3754/3873/14539 3749/3874/14540 3742/3890/14541
f 3764/3884/14542 3746/3878/14543 3744/3875/14544 3748/3882/14545
f 2321/3876/14546 2333/3877/14547 3746/3878/14548 3764/3884/14549
f 3751/3879/14550 3764/3884/14551 3763/3888/14552 3752/3880/14553
f 3763/3888/14554 3764/3884/14555 3765/3881/14556 3766/3885/14557
f 3765/3881/14558 3754/3873/14559 3755/3886/14560 3766/3885/14561
f 3748/3882/14562 3750/3883/14563 3765/3881/14564 3764/3884/14565
f 3766/3885/14566 3755/3886/14567 3758/3887/14568 3763/3888/14569
f 3757/3889/14570 3768/3894/14571 3767/4034/14572 3756/3891/14573
f 3768/3894/14574 3757/3889/14575 3742/3890/14576 3743/3895/14577
f 3769/4033/14578 3761/4026/14579 3756/3891/14580 3767/4034/14581
f 3770/4048/14582 3741/3893/14583 3740/3892/14584 3739/4046/14585
f 3741/3893/14586 3770/4048/14587 3771/4051/14588 3743/3895/14589
f 3768/3894/14590 3773/4055/14591 3772/4054/14592 3767/4034/14593
f 3768/3894/14594 3743/3895/14595 3771/4051/14596 3773/4055/14597
f 3774/4035/14598 3775/4053/14599 3685/4050/14600 3686/4031/14601
f 3538/3896/14602 3544/3897/14603 119/3898/14604 128/3899/14605
f 3539/3903/14606 3543/3902/14607 3544/3900/14608 3538/3901/14609
f 3534/3904/14610 3543/3902/14611 3539/3903/14612 3541/3905/14613
f 3530/3907/14614 3533/3906/14615 3534/3904/14616 3541/3905/14617
f 2317/3909/14618 3532/3908/14619 3533/3906/14620 3530/3907/14621
f 3517/3910/14622 3532/3908/14623 2317/3909/14624 2314/3911/14625
f 2155/3912/14626 3517/3910/14627 2314/3911/14628 2158/3913/14629
f 2155/3912/14630 2158/3913/14631 2159/3915/14632 2154/3914/14633
f 2191/3917/14634 2188/3916/14635 2154/3914/14636 2159/3915/14637
f 2175/3919/14638 2170/3918/14639 2188/3916/14640 2191/3917/14641
f 2176/3921/14642 2173/3920/14643 2170/3918/14644 2175/3919/14645
f 2148/3923/14646 2145/3922/14647 2173/3920/14648 2176/3921/14649
f 2131/3925/14650 2128/3924/14651 2145/3922/14652 2148/3923/14653
f 2132/3927/14654 2129/3926/14655 2128/3924/14656 2131/3925/14657
f 3557/3929/14658 3558/3928/14659 2129/3926/14660 2132/3927/14661
f 3580/3931/14662 3565/3930/14663 3558/3928/14664 3557/3929/14665
f 3564/3932/14666 3565/3930/14667 3580/3931/14668 2209/3933/14669
f 2307/3934/14670 3564/3932/14671 2209/3933/14672 2208/3935/14673
f 2307/3934/14674 2208/3935/14675 2293/3936/14676 2294/3937/14677
f 2294/3938/14678 2293/3939/14679 2215/3941/14680 2218/3940/14681
f 2216/3943/14682 2217/3942/14683 2218/3940/14684 2215/3941/14685
f 2230/3945/14686 2228/3944/14687 2217/3942/14688 2216/3943/14689
f 2247/3947/14690 2244/3946/14691 2228/3944/14692 2230/3945/14693
f 2248/3949/14694 2243/3948/14695 2244/3946/14696 2247/3947/14697
f 2268/3951/14698 2265/3950/14699 2243/3948/14700 2248/3949/14701
f 2269/3953/14702 2264/3952/14703 2265/3950/14704 2268/3951/14705
f 2282/3955/14706 2280/3954/14707 2264/3952/14708 2269/3953/14709
f 2253/3957/14710 2289/3956/14711 2280/3954/14712 2282/3955/14713
f 2310/3958/14714 2289/3956/14715 2253/3957/14716 2250/3959/14717
f 2313/3960/14718 2310/3958/14719 2250/3959/14720 2308/3961/14721
f 2313/3960/14722 2308/3961/14723 2107/3964/14724 2094/3963/14725
f 2093/3962/14726 2094/3963/14727 2107/3964/14728 2106/3965/14729
f 3429/3968/14730 2093/3966/14731 2106/3967/14732 3433/3969/14733
f 3428/3970/14734 3429/3968/14735 3433/3969/14736 3389/3971/14737
f 3387/3973/14738 3301/3972/14739 3428/3970/14740 3389/3971/14741
f 3301/3972/14742 3387/3973/14743 3385/3974/14744 3265/3975/14745
f 3265/3976/14746 3385/3977/14747 3383/3979/14748 3264/3978/14749
f 3264/3978/14750 3383/3979/14751 3381/3981/14752 3063/3980/14753
f 3063/3980/14754 3381/3981/14755 3379/3983/14756 3062/3982/14757
f 3062/3982/14758 3379/3983/14759 3232/3985/14760 3390/3984/14761
f 3390/3984/14762 3232/3985/14763 3188/3986/14764 3142/3037/14765
f 3189/3988/14766 3145/3987/14767 3142/3037/14768 3188/3986/14769
f 3097/3990/14770 3210/3989/14771 3145/3987/14772 3189/3988/14773
f 3210/3989/14774 3097/3990/14775 3098/3992/14776 3209/3991/14777
f 3101/3994/14778 3203/3993/14779 3209/3991/14780 3098/3992/14781
f 3203/3993/14782 3101/3994/14783 3102/3996/14784 3206/3995/14785
f 3107/3998/14786 3199/3997/14787 3206/3995/14788 3102/3996/14789
f 3108/4000/14790 3198/3999/14791 3199/3997/14792 3107/3998/14793
f 3111/4002/14794 3179/4001/14795 3198/3999/14796 3108/4000/14797
f 3112/4004/14798 3178/4003/14799 3179/4001/14800 3111/4002/14801
f 3115/4006/14802 3181/4005/14803 3178/4003/14804 3112/4004/14805
f 3116/4008/14806 3180/4007/14807 3181/4005/14808 3115/4006/14809
f 3168/4010/14810 3183/4009/14811 3180/4007/14812 3116/4008/14813
f 3182/4011/14814 3183/4009/14815 3168/4010/14816 3167/4012/14817
f 3184/4013/14818 3182/4011/14819 3167/4012/14820 3192/4014/14821
f 3947/4305/14822 3184/4013/14823 3192/4014/14824 3946/4303/14825
f 3682/4018/14826 3679/4017/14827 3185/4304/14828 3172/4302/14829
f 3753/4015/14830 3678/4016/14831 3679/4017/14832 3682/4018/14833
f 3762/4022/14834 3672/4021/14835 3678/4019/14836 3753/4020/14837
f 3672/4021/14838 3762/4022/14839 3759/4024/14840 3671/4023/14841
f 3760/4037/14842 3674/4036/14843 3671/4023/14844 3759/4024/14845
f 3676/4027/14846 3675/4025/14847 3674/4036/14848 3776/4039/14849
f 3761/4026/14850 3769/4033/14851 3777/4040/14852 3760/4037/14853
f 3677/4028/14854 3676/4027/14855 3776/4039/14856 3778/4038/14857
f 3778/4038/14858 3779/4032/14859 3684/4030/14860 3677/4028/14861
f 3683/4029/14862 3684/4030/14863 3779/4032/14864 3686/4031/14865
f 3779/4032/14866 3780/4042/14867 3774/4035/14868 3686/4031/14869
f 3769/4033/14870 3782/4057/14871 3781/4041/14872 3777/4040/14873
f 3781/4041/14874 3780/4042/14875 3779/4032/14876 3778/4038/14877
f 3772/4054/14878 3782/4057/14879 3769/4033/14880 3767/4034/14881
f 3783/4056/14882 3775/4053/14883 3774/4035/14884 3780/4042/14885
f 3776/4039/14886 3674/4036/14887 3760/4037/14888 3777/4040/14889
f 3778/4038/14890 3776/4039/14891 3777/4040/14892 3781/4041/14893
f 3782/4057/14894 3783/4056/14895 3780/4042/14896 3781/4041/14897
f 3710/4044/14898 3706/4049/14899 3785/4052/14900 3784/4063/14901
f 3784/4063/14902 3713/4045/14903 3712/4043/14904 3710/4044/14905
f 3738/4047/14906 3713/4045/14907 3784/4063/14908 3786/4062/14909
f 3739/4046/14910 3738/4047/14911 3786/4062/14912 3770/4048/14913
f 3770/4048/14914 3786/4062/14915 3787/4061/14916 3771/4051/14917
f 3785/4052/14918 3706/4049/14919 3685/4050/14920 3775/4053/14921
f 3784/4063/14922 3785/4052/14923 3789/4059/14924 3788/4060/14925
f 3787/4061/14926 3790/4058/14927 3773/4055/14928 3771/4051/14929
f 3789/4059/14930 3790/4058/14931 3787/4061/14932 3788/4060/14933
f 3789/4059/14934 3785/4052/14935 3775/4053/14936 3783/4056/14937
f 3772/4054/14938 3773/4055/14939 3790/4058/14940 3782/4057/14941
f 3783/4056/14942 3782/4057/14943 3790/4058/14944 3789/4059/14945
f 3788/4060/14946 3787/4061/14947 3786/4062/14948 3784/4063/14949
f 1414/4481/14950 4049/4480/14951 1523/4503/14952 1522/4064/14953
f 2964/4065/14954 3791/4066/14955 2939/4067/14956 2963/4068/14957
f 2990/4069/14958 2942/4070/14959 2943/4071/14960 3792/4072/14961
f 38/4073/14962 134/4074/14963 2760/4075/14964 2759/4076/14965
f 3799/4088/14966 3811/4108/14967 3812/4097/14968 3800/4077/14969
f 3800/4077/14970 3812/4097/14971 3813/4098/14972 3801/4078/14973
f 3801/4078/14974 3813/4098/14975 3814/4099/14976 3802/4079/14977
f 3802/4079/14978 3814/4099/14979 3815/4100/14980 3803/4080/14981
f 3803/4080/14982 3815/4100/14983 3816/4101/14984 3804/4081/14985
f 3804/4081/14986 3816/4101/14987 3817/4102/14988 3805/4082/14989
f 3805/4082/14990 3817/4102/14991 3818/4103/14992 3806/4083/14993
f 3806/4083/14994 3818/4103/14995 3819/4104/14996 3807/4084/14997
f 3807/4084/14998 3819/4104/14999 3820/4111/15000 3808/4091/15001
f 3795/4396/15002 3821/4397/15003 3822/4105/15004 3796/4085/15005
f 3796/4085/15006 3822/4105/15007 3823/4106/15008 3797/4086/15009
f 3797/4086/15010 3823/4106/15011 3824/4107/15012 3798/4087/15013
f 3798/4087/15014 3824/4107/15015 3811/4108/15016 3799/4088/15017
f 1937/4089/15018 139/4090/15019 138/4094/15020 1936/4093/15021
f 3808/4091/15022 3820/4111/15023 3826/4112/15024 3809/4092/15025
f 1936/4093/15026 138/4094/15027 137/4095/15028 1935/4096/15029
f 3811/4108/15030 3827/4127/15031 3828/4117/15032 3812/4097/15033
f 3812/4097/15034 3828/4117/15035 3829/4118/15036 3813/4098/15037
f 3813/4098/15038 3829/4118/15039 3830/4119/15040 3814/4099/15041
f 3814/4099/15042 3830/4119/15043 3831/4120/15044 3815/4100/15045
f 3815/4100/15046 3831/4120/15047 3832/4121/15048 3816/4101/15049
f 3816/4101/15050 3832/4121/15051 3833/4122/15052 3817/4102/15053
f 3817/4102/15054 3833/4122/15055 3834/4123/15056 3818/4103/15057
f 3818/4103/15058 3834/4123/15059 3835/4134/15060 3819/4104/15061
f 3819/4104/15062 3835/4134/15063 3836/4152/15064 3820/4111/15065
f 3821/4397/15066 3837/4398/15067 3838/4124/15068 3822/4105/15069
f 3822/4105/15070 3838/4124/15071 3839/4125/15072 3823/4106/15073
f 3823/4106/15074 3839/4125/15075 3840/4126/15076 3824/4107/15077
f 3824/4107/15078 3840/4126/15079 3827/4127/15080 3811/4108/15081
f 135/4114/15082 136/4109/15083 1912/4110/15084 1896/4115/15085
f 3820/4111/15086 3836/4152/15087 3842/4151/15088 3826/4112/15089
f 1961/4113/15090 135/4114/15091 1896/4115/15092 1879/4116/15093
f 3827/4127/15094 3843/4138/15095 3844/4128/15096 3828/4117/15097
f 3828/4117/15098 3844/4128/15099 3845/4129/15100 3829/4118/15101
f 3829/4118/15102 3845/4129/15103 3846/4130/15104 3830/4119/15105
f 3830/4119/15106 3846/4130/15107 3847/4131/15108 3831/4120/15109
f 3831/4120/15110 3847/4131/15111 3848/4132/15112 3832/4121/15113
f 3832/4121/15114 3848/4132/15115 3849/4133/15116 3833/4122/15117
f 3833/4122/15118 3849/4133/15119 3835/4134/15120 3834/4123/15121
f 3837/4398/15122 3850/4399/15123 3851/4135/15124 3838/4124/15125
f 3838/4124/15126 3851/4135/15127 3852/4136/15128 3839/4125/15129
f 3839/4125/15130 3852/4136/15131 3853/4137/15132 3840/4126/15133
f 3840/4126/15134 3853/4137/15135 3843/4138/15136 3827/4127/15137
f 3843/4138/15138 3854/4160/15139 3855/4139/15140 3844/4128/15141
f 3844/4128/15142 3855/4139/15143 3856/4141/15144 3845/4129/15145
f 3845/4129/15146 3856/4141/15147 3857/4143/15148 3846/4130/15149
f 3846/4130/15150 3857/4143/15151 3858/4145/15152 3847/4131/15153
f 3847/4131/15154 3858/4145/15155 3859/4147/15156 3848/4132/15157
f 3848/4132/15158 3859/4147/15159 3860/4149/15160 3849/4133/15161
f 3849/4133/15162 3860/4149/15163 3836/4152/15164 3835/4134/15165
f 3850/4399/15166 3861/4400/15167 3862/4153/15168 3851/4135/15169
f 3851/4135/15170 3862/4153/15171 3863/4155/15172 3852/4136/15173
f 3852/4136/15174 3863/4155/15175 3864/4157/15176 3853/4137/15177
f 3853/4137/15178 3864/4157/15179 3854/4160/15180 3843/4138/15181
f 3854/4160/15182 3865/4159/15183 3866/4140/15184 3855/4139/15185
f 3855/4139/15186 3866/4140/15187 3867/4142/15188 3856/4141/15189
f 3856/4141/15190 3867/4142/15191 3868/4144/15192 3857/4143/15193
f 3857/4143/15194 3868/4144/15195 3869/4146/15196 3858/4145/15197
f 3858/4145/15198 3869/4146/15199 3870/4148/15200 3859/4147/15201
f 3859/4147/15202 3870/4148/15203 3871/4150/15204 3860/4149/15205
f 3860/4149/15206 3871/4150/15207 3842/4151/15208 3836/4152/15209
f 3861/4400/15210 3872/4403/15211 3873/4154/15212 3862/4153/15213
f 3862/4153/15214 3873/4154/15215 3874/4156/15216 3863/4155/15217
f 3863/4155/15218 3874/4156/15219 3875/4158/15220 3864/4157/15221
f 3864/4157/15222 3875/4158/15223 3865/4159/15224 3854/4160/15225
f 149/4161/15226 2840/3113/15227 3455/4458/15228 4022/4462/15229
f 1675/4162/15230 1112/4163/15231 1525/4461/15232 1679/4460/15233
f 3924/4252/15234 1880/4170/15235 3925/4249/15236
f 3926/4164/15237 3925/4249/15238 1880/4170/15239 3918/4167/15240
f 3921/4165/15241 3920/4168/15242 1880/4170/15243 3922/4169/15244
f 3919/4166/15245 3918/4167/15246 1880/4170/15247 3920/4168/15248
f 3922/4169/15249 1880/4170/15250 3924/4252/15251 3923/4248/15252
f 2002/4171/15253 1994/4173/15254 1895/4179/15255 2001/4176/15256
f 1995/4172/15257 1996/4174/15258 1895/4179/15259 1994/4173/15260
f 1996/4174/15261 1997/4175/15262 1998/4180/15263 1895/4179/15264
f 2001/4176/15265 1895/4179/15266 2000/4178/15267
f 1999/4177/15268 2000/4178/15269 1895/4179/15270 1998/4180/15271
f 3883/4449/15272 3935/4181/15273 3934/4266/15274 3882/4265/15275
f 3884/4447/15276 1911/4182/15277 3935/4181/15278 3883/4449/15279
f 3886/4445/15280 1947/4184/15281 1911/4182/15282 3884/4447/15283
f 4017/4441/15284 1956/4264/15285 1946/4183/15286 3885/4442/15287
f 3885/4442/15288 1946/4183/15289 1947/4184/15290 3886/4445/15291
f 3916/4433/15292 1949/4185/15293 1950/4186/15294 3997/4434/15295
f 3997/4434/15296 1950/4186/15297 1951/4187/15298 4012/4430/15299
f 4012/4430/15300 1951/4187/15301 1952/4253/15302 4021/4428/15303
f 4021/4428/15304 1952/4253/15305 1953/4255/15306 4020/4426/15307
f 4020/4426/15308 1953/4255/15309 1954/4257/15310 4019/4424/15311
f 130/4192/15312 3888/4191/15313 3887/4188/15314 129/4189/15315
f 3889/4190/15316 3888/4191/15317 130/4192/15318 131/4193/15319
f 4019/4424/15320 1954/4257/15321 1955/4260/15322 4018/4422/15323
f 2806/4194/15324 39/4195/15325 1960/4230/15326 2807/4229/15327
f 4018/4421/15328 1955/4261/15329 1956/4264/15330 4017/4441/15331
f 4003/4417/15332 3882/4265/15333 1962/4269/15334 4016/4418/15335
f 3891/4199/15336 124/4198/15337 127/4196/15338 3892/4197/15339
f 124/4198/15340 3891/4199/15341 3907/4228/15342 1981/4227/15343
f 3894/4201/15344 3893/4200/15345 2867/4235/15346 3023/4202/15347
f 2995/4204/15348 3895/4203/15349 3894/4201/15350 3023/4202/15351
f 2857/4205/15352 3896/4206/15353 3895/4203/15354 2995/4204/15355
f 2857/4205/15356 2843/4208/15357 3897/4207/15358 3896/4206/15359
f 3898/4209/15360 3897/4207/15361 2843/4208/15362 2846/4210/15363
f 3899/4211/15364 3898/4209/15365 2846/4210/15366 2845/4212/15367
f 3900/4213/15368 3899/4211/15369 2845/4212/15370 2966/4214/15371
f 3901/4216/15372 3900/4213/15373 2966/4214/15374 3022/4215/15375
f 3022/4215/15376 2851/4218/15377 3902/4217/15378 3901/4216/15379
f 3903/4219/15380 3902/4217/15381 2851/4218/15382 2850/4220/15383
f 3904/4221/15384 3903/4219/15385 2850/4220/15386 2853/4222/15387
f 2809/4224/15388 3905/4223/15389 3904/4221/15390 2853/4222/15391
f 2808/4226/15392 3906/4225/15393 3905/4223/15394 2809/4224/15395
f 2807/4229/15396 3907/4228/15397 3906/4225/15398 2808/4226/15399
f 1981/4227/15400 3907/4228/15401 2807/4229/15402 1960/4230/15403
f 3600/4323/15404 3908/4413/15405 3909/4409/15406 3604/4245/15407
f 3913/4238/15408 3910/4231/15409 3023/4202/15410 2867/4235/15411
f 3913/4238/15412 3914/4239/15413 3911/4232/15414 3910/4231/15415
f 3915/4243/15416 3912/4234/15417 3911/4232/15418 3914/4239/15419
f 1991/4242/15420 1987/4233/15421 3912/4234/15422 3915/4243/15423
f 2865/4237/15424 3913/4238/15425 2867/4235/15426 2868/4236/15427
f 2865/4237/15428 2764/4240/15429 3914/4239/15430 3913/4238/15431
f 2763/4244/15432 3915/4243/15433 3914/4239/15434 2764/4240/15435
f 50/4241/15436 1991/4242/15437 3915/4243/15438 2763/4244/15439
f 3604/4245/15440 3909/4409/15441 3793/4411/15442 3602/4246/15443
f 3924/4252/15444 3485/4251/15445 3481/4247/15446 3923/4248/15447
f 3925/4249/15448 3484/4250/15449 3485/4251/15450 3924/4252/15451
f 1952/4253/15452 2010/4254/15453 2011/4256/15454 1953/4255/15455
f 1953/4255/15456 2011/4256/15457 3487/4258/15458 1954/4257/15459
f 1954/4257/15460 3487/4258/15461 3488/4259/15462 1955/4260/15463
f 1955/4261/15464 3488/4262/15465 3489/4263/15466 1956/4264/15467
f 3882/4265/15468 3934/4266/15469 3490/4267/15470 1962/4269/15471
f 1962/4269/15472 3490/4267/15473 3491/4268/15474 2006/4270/15475
f 2006/4270/15476 3491/4268/15477 3493/4374/15478 3810/4386/15479
f 3139/4387/15480 3492/4377/15481 3933/4278/15482 3881/4451/15483
f 3810/4386/15484 3493/4374/15485 3492/4377/15486 3139/4387/15487
f 4016/4418/15488 1962/4269/15489 2006/4270/15490 4015/4414/15491
f 4015/4414/15492 2006/4270/15493 3810/4386/15494 4013/4408/15495
f 3841/4404/15496 3927/4272/15497 3917/4271/15498 3825/4388/15499
f 3876/4405/15500 3928/4273/15501 3927/4272/15502 3841/4404/15503
f 3877/4436/15504 3929/4274/15505 3928/4273/15506 3876/4405/15507
f 3878/4438/15508 3930/4275/15509 3929/4274/15510 3877/4436/15511
f 3879/4456/15512 3931/4277/15513 3930/4275/15514 3878/4438/15515
f 3880/4455/15516 3932/4276/15517 3931/4277/15518 3879/4456/15519
f 3881/4451/15520 3933/4278/15521 3932/4279/15522 3880/4452/15523
f 2955/4281/15524 3937/4280/15525 3936/4295/15526 3469/4294/15527
f 3476/4283/15528 3938/4282/15529 3937/4280/15530 2955/4281/15531
f 3475/4285/15532 3939/4284/15533 3938/4282/15534 3476/4283/15535
f 3473/4287/15536 3940/4286/15537 3939/4284/15538 3475/4285/15539
f 3474/4289/15540 3941/4288/15541 3940/4286/15542 3473/4287/15543
f 3472/4291/15544 3942/4290/15545 3941/4288/15546 3474/4289/15547
f 3943/4292/15548 3942/4290/15549 3472/4291/15550 3471/4293/15551
f 3470/4297/15552 3944/4296/15553 3943/4292/15554 3471/4293/15555
f 3469/4294/15556 3936/4295/15557 3944/4296/15558 3470/4297/15559
f 3171/4300/15560 3945/4301/15561 3170/4298/15562 3083/4299/15563
f 3171/4300/15564 3172/4302/15565 3946/4303/15566 3945/4301/15567
f 3172/4302/15568 3185/4304/15569 3947/4305/15570 3946/4303/15571
f 3185/4304/15572 3186/4308/15573 3948/4307/15574 3947/4305/15575
f 3173/4306/15576 3948/4307/15577 3186/4308/15578 3137/4309/15579
f 3589/4322/15580 3949/4368/15581 3950/4362/15582 3588/4315/15583
f 3592/4311/15584 3951/4324/15585 3952/4325/15586 3591/4312/15587
f 3594/4310/15588 3953/4361/15589 3954/4328/15590 3593/4317/15591
f 3595/4316/15592 3955/4365/15593 3953/4361/15594 3594/4310/15595
f 3590/4313/15596 3956/4326/15597 3957/4327/15598 3596/4314/15599
f 3599/4319/15600 3958/4330/15601 3951/4324/15602 3592/4311/15603
f 3591/4312/15604 3952/4325/15605 3956/4326/15606 3590/4313/15607
f 3596/4314/15608 3957/4327/15609 3959/4331/15610 3600/4323/15611
f 3588/4315/15612 3950/4362/15613 3955/4365/15614 3595/4316/15615
f 3593/4317/15616 3954/4328/15617 3960/4329/15618 3610/4318/15619
f 3610/4318/15620 3960/4329/15621 3958/4330/15622 3599/4319/15623
f 127/4320/15624 2037/4366/15625 3961/4367/15626 3892/4321/15627
f 3892/4321/15628 3961/4367/15629 3949/4368/15630 3589/4322/15631
f 3600/4323/15632 3959/4331/15633 3962/4332/15634 3908/4413/15635
f 3951/4324/15636 3963/4333/15637 3964/4334/15638 3952/4325/15639
f 3953/4361/15640 3965/4360/15641 3966/4337/15642 3954/4328/15643
f 3956/4326/15644 3967/4335/15645 3968/4336/15646 3957/4327/15647
f 3958/4330/15648 3969/4339/15649 3963/4333/15650 3951/4324/15651
f 3952/4325/15652 3964/4334/15653 3967/4335/15654 3956/4326/15655
f 3957/4327/15656 3968/4336/15657 3970/4340/15658 3959/4331/15659
f 3954/4328/15660 3966/4337/15661 3971/4338/15662 3960/4329/15663
f 3960/4329/15664 3971/4338/15665 3969/4339/15666 3958/4330/15667
f 3962/4332/15668 3973/4341/15669 3972/4415/15670 3908/4413/15671
f 3959/4331/15672 3970/4340/15673 3973/4341/15674 3962/4332/15675
f 3963/4333/15676 3974/4343/15677 3975/4344/15678 3964/4334/15679
f 3965/4360/15680 3976/4364/15681 3977/4350/15682 3966/4337/15683
f 3967/4335/15684 3978/4347/15685 3979/4348/15686 3968/4336/15687
f 3969/4339/15688 3980/4355/15689 3974/4343/15690 3963/4333/15691
f 3964/4334/15692 3975/4344/15693 3978/4347/15694 3967/4335/15695
f 3968/4336/15696 3979/4348/15697 3981/4356/15698 3970/4340/15699
f 3966/4337/15700 3977/4350/15701 3982/4352/15702 3971/4338/15703
f 3971/4338/15704 3982/4352/15705 3980/4355/15706 3969/4339/15707
f 3973/4341/15708 3984/4359/15709 3983/4419/15710 3972/4415/15711
f 3970/4340/15712 3981/4356/15713 3984/4359/15714 3973/4341/15715
f 3974/4343/15716 2062/4342/15717 2063/4345/15718 3975/4344/15719
f 3977/4350/15720 3976/4364/15721 3986/4363/15722 2065/4351/15723
f 3978/4347/15724 2066/4346/15725 2067/4349/15726 3979/4348/15727
f 3980/4355/15728 2068/4354/15729 2062/4342/15730 3974/4343/15731
f 3975/4344/15732 2063/4345/15733 2066/4346/15734 3978/4347/15735
f 3979/4348/15736 2067/4349/15737 2069/4357/15738 3981/4356/15739
f 3977/4350/15740 2065/4351/15741 2070/4353/15742 3982/4352/15743
f 3982/4352/15744 2070/4353/15745 2068/4354/15746 3980/4355/15747
f 3984/4359/15748 2072/4358/15749 2071/4416/15750 3983/4419/15751
f 3981/4356/15752 2069/4357/15753 2072/4358/15754 3984/4359/15755
f 3949/4368/15756 3985/4369/15757 3986/4363/15758 3950/4362/15759
f 3955/4365/15760 3976/4364/15761 3965/4360/15762 3953/4361/15763
f 3950/4362/15764 3986/4363/15765 3976/4364/15766 3955/4365/15767
f 2037/4366/15768 2064/4372/15769 3987/4371/15770 3961/4367/15771
f 3961/4367/15772 3987/4371/15773 3985/4369/15774 3949/4368/15775
f 3986/4363/15776 3985/4369/15777 2076/4370/15778 2065/4351/15779
f 3985/4369/15780 3987/4371/15781 2077/4373/15782 2076/4370/15783
f 3987/4371/15784 2064/4372/15785 2077/4373/15786
f 3493/4374/15787 2078/4375/15788 1210/4376/15789 3492/4377/15790
f 4014/4410/15791 3139/4387/15792 3881/4451/15793 4004/4450/15794
f 1864/4378/15795 3990/4420/15796 3989/4440/15797 1863/4389/15798
f 1865/4380/15799 3991/4425/15800 3990/4423/15801 1864/4379/15802
f 1891/4381/15803 3992/4427/15804 3991/4425/15805 1865/4380/15806
f 1907/4382/15807 3993/4429/15808 3992/4427/15809 1891/4381/15810
f 1920/4383/15811 3994/4431/15812 3993/4429/15813 1907/4382/15814
f 1931/4385/15815 3995/4435/15816 3994/4431/15817 1920/4383/15818
f 1942/4384/15819 3996/4432/15820 3995/4435/15821 1931/4385/15822
f 4013/4408/15823 3810/4386/15824 3139/4387/15825 4014/4410/15826
f 4010/4401/15827 3841/4404/15828 3825/4388/15829 4011/4402/15830
f 1983/4390/15831 4000/4443/15832 3999/4444/15833 1982/4391/15834
f 1863/4389/15835 3989/4440/15836 4000/4443/15837 1983/4390/15838
f 1982/4391/15839 3999/4444/15840 4001/4446/15841 2049/4392/15842
f 2049/4392/15843 4001/4446/15844 4002/4448/15845 2060/4393/15846
f 2060/4393/15847 4002/4448/15848 4003/4417/15849 2071/4416/15850
f 3793/4411/15851 4004/4450/15852 4005/4453/15853 3794/4394/15854
f 3794/4395/15855 4005/4454/15856 4006/4457/15857 3795/4396/15858
f 3795/4396/15859 4006/4457/15860 4007/4439/15861 3821/4397/15862
f 3821/4397/15863 4007/4439/15864 4008/4437/15865 3837/4398/15866
f 3837/4398/15867 4008/4437/15868 4009/4406/15869 3850/4399/15870
f 3850/4399/15871 4009/4406/15872 4010/4401/15873 3861/4400/15874
f 3861/4400/15875 4010/4401/15876 4011/4402/15877 3872/4403/15878
f 4009/4406/15879 3876/4405/15880 3841/4404/15881 4010/4401/15882
f 4008/4437/15883 3877/4436/15884 3876/4405/15885 4009/4406/15886
f 3908/4407/15887 4013/4408/15888 4014/4410/15889 3909/4409/15890
f 3909/4409/15891 4014/4410/15892 4004/4450/15893 3793/4411/15894
f 3972/4415/15895 4015/4414/15896 4013/4412/15897 3908/4413/15898
f 3983/4419/15899 4016/4418/15900 4015/4414/15901 3972/4415/15902
f 2071/4416/15903 4003/4417/15904 4016/4418/15905 3983/4419/15906
f 3990/4420/15907 4018/4421/15908 4017/4441/15909 3989/4440/15910
f 3991/4425/15911 4019/4424/15912 4018/4422/15913 3990/4423/15914
f 3992/4427/15915 4020/4426/15916 4019/4424/15917 3991/4425/15918
f 3993/4429/15919 4021/4428/15920 4020/4426/15921 3992/4427/15922
f 3994/4431/15923 4012/4430/15924 4021/4428/15925 3993/4429/15926
f 3995/4435/15927 3997/4434/15928 4012/4430/15929 3994/4431/15930
f 3996/4432/15931 3916/4433/15932 3997/4434/15933 3995/4435/15934
f 4007/4439/15935 3878/4438/15936 3877/4436/15937 4008/4437/15938
f 4006/4457/15939 3879/4456/15940 3878/4438/15941 4007/4439/15942
f 4000/4443/15943 3885/4442/15944 3886/4445/15945 3999/4444/15946
f 3989/4440/15947 4017/4441/15948 3885/4442/15949 4000/4443/15950
f 3999/4444/15951 3886/4445/15952 3884/4447/15953 4001/4446/15954
f 4001/4446/15955 3884/4447/15956 3883/4449/15957 4002/4448/15958
f 4002/4448/15959 3883/4449/15960 3882/4265/15961 4003/4417/15962
f 4004/4450/15963 3881/4451/15964 3880/4452/15965 4005/4453/15966
f 4005/4454/15967 3880/4455/15968 3879/4456/15969 4006/4457/15970
f 3609/3643/15971 1963/4459/15972 4022/4462/15973 3455/4458/15974
f 1963/4459/15975 1679/4460/15976 1525/4461/15977 4022/4462/15978
f 4025/4493/15979 4026/4463/15980 4031/4466/15981 4030/4494/15982
f 4026/4463/15983 4027/4464/15984 4032/4467/15985 4031/4466/15986
f 4027/4464/15987 4028/4465/15988 4033/4468/15989 4032/4467/15990
f 4028/4465/15991 4029/4485/15992 4034/4484/15993 4033/4468/15994
f 4030/4494/15995 4031/4466/15996 4036/4469/15997 4035/4490/15998
f 4031/4466/15999 4032/4467/16000 4037/4470/16001 4036/4469/16002
f 4032/4467/16003 4033/4468/16004 4038/4471/16005 4037/4470/16006
f 4033/4468/16007 4034/4484/16008 4039/4483/16009 4038/4471/16010
f 4035/4490/16011 4036/4469/16012 4041/4472/16013 4040/4488/16014
f 4036/4469/16015 4037/4470/16016 4042/4473/16017 4041/4472/16018
f 4037/4470/16019 4038/4471/16020 4043/4474/16021 4042/4473/16022
f 4038/4471/16023 4039/4483/16024 4044/4482/16025 4043/4474/16026
f 4040/4488/16027 4041/4472/16028 4046/4475/16029 4045/4486/16030
f 4041/4472/16031 4042/4473/16032 4047/4477/16033 4046/4475/16034
f 4042/4473/16035 4043/4474/16036 4048/4479/16037 4047/4477/16038
f 4043/4474/16039 4044/4482/16040 4049/4480/16041 4048/4479/16042
f 4045/4486/16043 4046/4475/16044 91/4476/16045
f 4046/4475/16046 4047/4477/16047 92/4478/16048 91/4476/16049
f 4047/4477/16050 4048/4479/16051 1414/4481/16052 92/4478/16053
f 4048/4479/16054 4049/4480/16055 1414/4481/16056
f 1524/4504/16057 1523/4503/16058 4049/4480/16059 4044/4482/16060
f 3452/4500/16061 1524/4504/16062 4044/4482/16063 4039/4483/16064
f 3453/4498/16065 3452/4500/16066 4039/4483/16067 4034/4484/16068
f 3454/4496/16069 3453/4498/16070 4034/4484/16071 4029/4485/16072
f 3348/3186/16073 3346/4487/16074 4040/4488/16075 4045/4486/16076
f 3346/4487/16077 3344/4489/16078 4035/4490/16079 4040/4488/16080
f 3344/4489/16081 1418/4491/16082 4030/4494/16083 4035/4490/16084
f 1418/4491/16085 1416/4492/16086 4025/4493/16087 4030/4494/16088
f 4024/4495/16089 2079/4497/16090 3453/4498/16091 3454/4496/16092
f 2079/4497/16093 4058/4499/16094 3452/4500/16095 3453/4498/16096
f 4058/4499/16097 4056/4501/16098 1524/4504/16099 3452/4500/16100
f 4056/4501/16101 4054/4502/16102 1523/4503/16103 1524/4504/16104
f 1067/4505/16105 1068/4506/16106 936/468/16107
f 2997/3582/16108 2866/4507/16109 2998/3593/16110
