# This file uses centimeters as units for non-parametric coordinates.

mtllib frame_24.mtl
g blendShape1Set skinCluster1Set tweakSet1
v 0.000586 8.348371 -27.924536
v 0.000586 9.322820 -29.654039
v 0.000586 10.823742 -31.792173
v 0.000586 3.535689 -13.243898
v 0.000586 3.203303 -9.989215
v 0.000586 2.668276 -7.169964
v 0.000586 2.441004 -4.099115
v 0.003981 2.809443 -0.779527
v 0.003981 2.669519 5.402015
v -0.000509 3.184724 10.239818
v -0.000509 3.134965 13.237655
v -0.000849 6.802574 24.902836
v -0.000849 7.154502 26.273527
v -0.000862 7.680395 28.657551
v -0.000857 8.055762 30.193235
v 0.000586 7.450493 -26.034492
v 0.000586 6.487786 -23.673880
v 0.000586 6.422776 -21.130745
v 0.000586 5.032657 -18.469421
v -0.000509 3.394642 15.777795
v -0.000509 3.988671 17.971819
v -0.000849 6.902205 25.496786
v 0.002886 2.739357 10.380024
v 0.002886 2.762413 10.013338
v 0.003981 2.615818 -0.543856
v 0.003981 2.637559 -1.007731
v 0.000586 2.905142 -9.758725
v 0.000586 2.927355 -10.244502
v 0.000586 4.424426 19.918900
v 0.000586 6.225426 -20.983122
v 0.000586 6.145848 -21.331814
v 0.002380 23.261314 -34.375340
v 0.000199 23.306854 -35.888538
v 0.000199 22.477978 -43.425762
v 0.006979 19.184954 -48.324154
v 0.000199 15.943182 -49.105293
v 0.000274 13.524179 -34.045376
v 0.000199 13.406490 -45.556644
v 0.000199 13.993574 -47.260426
v 0.000199 12.934184 -35.378674
v 0.000199 21.382120 -46.262688
v 0.000199 23.233604 -40.131104
v -0.000725 18.301815 -48.879135
v 0.000199 12.662932 -41.108238
v 0.000199 12.991160 -43.771770
v -0.001014 16.874676 -49.147572
v 0.000199 14.815917 -48.764408
v 0.000199 22.998789 -41.382111
v 0.000199 12.711162 -42.019054
v 0.000199 12.516918 -37.352692
v 0.000199 23.448402 -38.675770
v 0.000199 23.461605 -36.881248
v 0.000199 12.693946 -36.235367
v 0.000199 20.868425 -47.026340
v 0.000199 22.194431 -44.377598
v 0.000199 20.079609 -47.694355
v 0.000199 13.204762 -44.730629
v 0.000199 12.862680 -43.018688
v 0.000441 23.278994 -32.708775
v 0.003981 13.836340 -33.070869
v 0.000199 16.491156 -49.136803
v 0.000199 21.884825 -45.303329
v 0.000199 15.354589 -49.034496
v 0.000199 22.721552 -42.496052
v -0.010382 17.661283 -49.075989
v 0.000199 13.199589 -34.600403
v -0.009973 23.265171 -34.970909
v 0.000586 23.700251 -31.911909
v 0.000586 24.224758 -31.278587
v 0.000586 12.587689 35.906475
v 0.000586 25.383615 -30.400677
v 0.000586 29.426332 -7.947365
v 0.000586 29.443125 -17.946234
v 0.000586 28.711779 -24.656096
v 0.000586 13.226958 33.130840
v 1.337804 13.186929 -31.238197
v 0.000586 29.218910 -3.463345
v 0.000586 29.575697 -11.908541
v 0.000586 29.226000 -21.529758
v 0.000586 28.661856 0.189014
v 0.000586 26.018536 9.663597
v 0.000586 23.107702 17.169699
v 0.000586 20.246729 22.936394
v 0.000586 24.478388 13.566350
v 0.000586 27.678154 4.139416
v 0.000586 16.220539 29.540779
v 0.000586 14.264851 31.712458
v 0.000602 12.210384 36.131699
v 1.700914 15.666875 -31.088661
v -0.002422 15.666875 -31.088661
g Set blendShape1Set skinCluster1Set tweakSet1
v -0.480691 15.110970 -46.016365
v -0.030458 15.177847 -46.320877
g blendShape1Set skinCluster1Set tweakSet1
v 0.000586 27.933067 -28.175764
v 0.000570 21.607029 20.053209
v 0.000570 18.729921 25.789028
v 0.000586 15.264729 30.607420
v 0.000502 23.373480 -32.335888
v 0.000586 3.982150 -15.894062
v 0.000586 12.140838 -31.865465
v 0.000746 9.646426 35.711536
v 0.000715 8.725068 35.643745
v 0.000627 8.977047 35.975521
g Set blendShape1Set skinCluster1Set tweakSet1
v -0.320163 14.986366 -46.010365
v -0.038781 15.000298 -46.066521
g blendShape1Set skinCluster1Set tweakSet1
v 0.003972 13.881983 -33.701225
v 0.000333 23.155531 -33.413010
v -0.000110 18.776842 -48.608829
v -0.001654 8.450318 34.808666
v 0.000711 10.016461 34.916016
v 0.000586 11.380646 -31.740448
v 0.000586 10.768641 32.844940
v -0.001779 8.040345 30.821932
v -0.001171 8.286947 33.764019
v -0.001695 8.198040 32.500633
v 0.000743 10.702600 33.425041
v -0.000852 7.515151 27.495289
v -0.000867 8.056978 29.395033
v 0.000586 11.153079 33.920254
v -0.000857 7.643312 28.159105
v -0.000850 7.367024 26.993486
v 0.000586 12.618635 -32.584923
v 0.000554 17.262686 28.035614
v 0.002369 17.375187 -49.133934
v 0.000181 15.477794 -47.789772
v 0.000199 19.746311 -47.954140
v 0.000586 6.940319 -24.811413
v 0.000199 15.624721 -47.721745
v -0.000855 7.565730 27.826445
v 0.000641 9.250244 36.079739
v 0.000618 9.172256 36.076595
v 0.000618 9.112041 36.072906
v 0.000700 10.305467 33.952915
v 0.000199 13.623971 -46.560661
v 0.000034 13.514502 -46.073582
v 0.000198 15.249779 -48.159016
v -0.003832 15.796274 -47.857845
v 0.000199 16.663067 -42.800423
v 0.000199 16.674709 -43.435356
v 0.000199 16.647120 -44.079254
v 0.000199 16.506239 -44.840572
v 0.000199 16.280794 -45.530727
v 0.000199 16.033348 -46.339573
v -0.014121 16.034042 -47.460415
v 0.000199 16.946257 -39.836704
v 0.000199 16.836628 -40.549847
v 0.000199 16.713985 -41.397861
v 0.000199 16.659523 -42.154995
v 0.000627 9.405948 36.010838
v 0.000042 14.561204 -48.552792
v -12.807715 4.600184 21.196512
v -9.403085 5.992911 22.384878
v -7.933256 5.252025 21.994844
v -10.369390 2.808408 21.689367
v -2.026775 8.500304 31.085690
v -1.006610 8.533083 29.810194
v -0.848553 8.546844 30.576546
v -1.965245 9.107300 30.925938
v -9.199492 4.068842 25.463184
v -8.170871 4.443139 24.808916
v -4.049046 5.088284 25.997034
v -7.690173 5.214650 27.788128
v -8.459668 8.724151 28.832685
v -8.112755 8.210031 26.828661
v -8.406748 7.819468 27.608032
v -8.389557 8.661937 29.373379
v -6.369992 9.448685 30.841413
v -9.119755 8.071845 32.155514
v -7.237615 8.752747 32.749043
v -4.247810 8.792569 31.654055
v -4.342543 9.826922 31.363241
v -9.925026 7.148924 24.408731
v -11.829705 6.650114 26.142916
v -13.015375 2.089628 28.062654
v -15.501174 3.762692 27.894529
v -13.444942 5.218089 28.831549
v -9.017906 7.673206 25.605738
v -10.118226 7.234778 26.875469
v -15.091296 -0.935150 43.954796
v -15.401987 -0.924366 44.992832
v -16.174309 -1.258361 44.106251
v -15.854805 -1.518932 43.007053
v -14.775579 -0.460311 45.916695
v -14.443634 -0.281624 44.760727
v -13.635603 0.292232 45.713787
v -13.856982 -0.080404 46.925098
v -12.015466 1.410585 46.248516
v -11.505876 1.814944 46.724281
v -11.717607 1.015366 48.083820
v -12.112483 0.822297 48.212540
v -9.693298 3.838248 45.120693
v -8.949321 4.106262 45.539837
v -9.433877 3.472391 46.899948
v -10.249457 3.046035 46.787701
v -10.850588 2.991153 43.836323
v -11.246950 2.398294 45.384865
v -11.757353 1.921295 44.676220
v -11.389792 2.449027 43.092594
v -11.981000 1.846897 42.414650
v -12.278567 1.441157 43.974857
v -12.635912 1.279845 41.518677
v -12.304089 1.591312 41.936459
v -12.655360 1.096985 43.513191
v -12.981819 0.782818 43.119129
v -13.666636 0.105880 42.336506
v -13.310352 0.636666 40.715538
v -15.691367 -1.652197 42.444916
v -15.465816 -1.423504 41.332291
v -14.465125 -0.651062 41.813148
v -14.781811 -0.905016 43.121574
v -8.941403 4.810523 43.386379
v -8.009716 5.673175 43.205406
v -9.778986 4.209979 42.922073
v -10.313453 3.475891 44.563358
v -10.427265 3.664695 42.165432
v -11.591763 2.518580 40.714283
v -11.024895 3.089891 41.448288
v -12.296275 1.890432 39.739090
v -11.953733 2.197294 40.214790
v -12.922050 1.270984 38.864883
v -15.178020 -1.131721 39.912636
v -14.391252 -0.419900 36.757900
v -13.336556 0.842314 37.808178
v -14.071680 -0.107765 40.141785
v -10.465096 4.863836 34.422935
v -10.170906 5.246854 33.253296
v -9.868264 5.587483 33.788101
v -10.025713 5.377131 34.848724
v -10.472947 4.890597 32.750099
v -10.828866 4.460126 33.938164
v -11.159194 4.024250 33.424187
v -10.764471 4.453952 32.227242
v -8.003510 6.166152 40.804089
v -6.564016 6.288420 43.306980
v -6.808818 6.085893 44.341286
v -8.322972 5.503230 42.281059
v -8.968554 5.648519 39.594563
v -9.297407 4.935198 41.317825
v -10.053625 4.356142 40.480961
v -9.774049 5.051316 38.723640
v -11.005827 3.838260 37.270329
v -10.434293 4.414720 37.937065
v -10.683051 3.775923 39.707363
v -11.294350 3.180206 38.943947
v -11.725768 3.135448 36.331966
v -11.384970 3.456453 36.796791
v -11.655338 2.843445 38.451881
v -11.978337 2.543995 37.997948
v -12.527356 1.956106 37.008743
v -12.265107 2.476859 35.369377
v -13.802126 0.395301 33.298737
v -12.897937 1.589614 34.344913
v -13.121676 1.197926 35.992149
v -14.037959 0.010597 34.954254
v -7.406147 7.052311 38.296185
v -5.466989 7.726094 39.208725
v -8.695840 6.401666 37.480358
v -9.610309 5.643170 36.825230
v -10.737164 4.402726 35.771397
v -10.223454 4.961260 36.308807
v -11.467995 3.588405 34.769688
v -11.122495 3.993596 35.281391
v -11.925568 2.981108 33.871456
v -13.534617 0.758263 31.694471
v -12.557611 2.024294 32.815350
v -6.845320 7.749064 35.511951
v -5.090523 8.197740 35.997105
v -8.397915 6.931990 35.056896
v -9.405517 6.090850 35.005581
v -11.646189 3.326216 32.582058
v -13.280421 1.115716 30.051369
v -12.250620 2.441492 31.497137
v -10.770787 2.812132 46.135414
v -10.201294 2.851500 47.611115
v -10.967125 2.320608 47.190941
v -15.365270 -0.610822 47.012676
v -15.606895 -0.668248 46.996323
v -14.105274 -0.966131 48.852814
v -13.574094 -0.312025 49.166676
v -13.316127 0.188224 47.421467
v -9.819208 3.109233 48.202168
v -15.388046 0.938267 44.843792
v -15.533721 0.249422 46.024887
v -14.739981 0.559717 47.129353
v -14.702375 1.362552 45.439049
v -14.144790 0.890760 47.590462
v -14.141219 1.711739 45.884995
v -13.675711 2.041289 46.259914
v -13.349834 1.106579 47.956551
v -12.408194 1.218220 48.023983
v -12.559633 2.559455 47.013119
v -9.844607 3.146479 48.220856
v -11.186105 3.491626 47.157551
v -10.504103 2.378033 48.396946
v -10.026257 2.649354 48.514687
v -11.791417 3.131246 47.082409
v -11.640373 3.739812 45.794174
v -12.631049 3.236248 45.250137
v -13.505903 2.732817 44.564823
v -14.585402 1.962977 43.721878
v -14.027392 2.357369 44.140827
v -15.561329 1.220534 41.079742
v -15.887778 0.468103 40.551956
v -16.162312 -0.093421 41.973400
v -15.788568 0.773200 42.601925
v -9.789243 5.309774 43.485275
v -10.277367 4.521646 45.001308
v -8.910382 4.252579 45.540981
v -8.175328 5.798101 43.379871
v -11.370140 4.336221 44.299072
v -10.989161 5.012529 42.686378
v -12.142498 4.521846 41.728130
v -12.422074 3.897955 43.493324
v -13.143549 3.858825 40.835796
v -13.323398 3.322880 42.765217
v -14.368398 2.863093 39.762108
v -14.442740 2.459499 41.912632
v -13.880572 2.886562 42.280602
v -13.731969 3.386792 40.281441
v -5.398528 9.023764 33.408245
v -11.973795 6.390681 30.759047
v -12.480935 5.968519 30.179300
v -12.981969 5.389519 31.993889
v -12.446638 5.842173 32.521744
v -15.257835 2.618817 29.880518
v -14.022984 4.269113 30.861471
v -8.739385 6.560360 40.851215
v -9.185884 5.902774 42.416470
v -7.290188 6.260930 44.481155
v -7.048849 6.458196 43.447941
v -10.122360 6.330462 39.266834
v -10.545571 5.662955 41.095200
v -11.429715 5.819468 38.027100
v -11.793947 5.165945 39.928993
v -12.449202 5.140266 37.016144
v -12.772838 4.506344 38.951782
v -13.687716 4.097539 35.679680
v -13.991115 3.481025 37.622047
v -13.459262 3.965198 38.230423
v -13.142492 4.601913 36.294361
v -14.579156 2.951130 34.445793
v -14.809813 2.370037 36.224144
v -15.326224 1.531901 33.175167
v -15.419104 1.006176 34.771355
v -15.077251 1.898013 38.053833
v -15.652465 0.440934 36.652962
v -8.099603 7.523650 38.194069
v -5.838599 8.233751 39.303299
v -9.693431 7.034315 37.028481
v -11.069956 6.458884 35.979446
v -12.131906 5.756324 35.050999
v -13.386640 4.695879 33.784004
v -12.815511 5.232038 34.387215
v -14.336335 3.562072 32.667053
v -15.233461 2.035649 31.500771
v -7.845289 8.086907 35.535355
v -5.396263 8.769758 36.013077
v -9.398708 7.579181 34.624500
v -10.787322 6.994196 33.875233
v -11.777887 6.340147 33.138214
v -10.724916 3.941647 46.326958
v -15.392213 -0.626971 47.469929
v -14.612021 -0.851229 49.182148
v -13.835606 -0.246530 49.476482
v -13.049855 0.251282 49.984261
v -12.052486 0.970397 48.373024
v -9.464417 3.653885 46.921661
v -16.434391 -1.119697 43.221546
v -16.381248 -1.204383 44.108166
v -11.664087 1.158310 48.241524
v -9.987673 2.616669 48.459991
v -10.451708 2.350138 48.304546
v -5.058502 8.762436 33.291603
v -15.851966 -0.864201 47.171524
v -16.457970 -1.049153 44.531708
v -15.657021 -0.693992 47.068939
v -15.720213 -0.650691 47.073330
v -13.042347 0.150205 49.971561
v -11.355846 6.831745 29.085400
v -11.645403 6.504557 28.810869
v -11.485663 6.844612 31.290895
v -10.611169 7.478786 31.862478
v -10.261958 7.748955 30.254324
v -11.101150 7.202288 29.609003
v -9.940927 5.350538 31.706041
v -10.211857 4.931376 31.136730
v -9.428137 5.318301 30.076988
v -9.166260 5.706451 30.663532
v -9.792978 4.660419 29.043240
v -10.892699 3.617752 28.019657
v -15.840434 14.534193 -21.397289
v -17.157015 12.968185 -20.211643
v -17.556826 12.489951 -19.165121
v -16.182365 12.803688 -21.191595
v -16.446590 10.896099 -19.567650
v -14.915133 11.174829 -21.418625
v -14.718954 10.796976 -22.291740
v -15.801696 10.326526 -20.887478
v -14.875609 9.443399 -22.981720
v -13.670251 10.500101 -23.501049
v -13.041195 10.266125 -26.354494
v -12.293867 10.862330 -25.226419
v -17.824543 12.604235 -19.096807
v -17.426838 13.081702 -20.144508
v -18.693705 12.365351 -20.082563
v -18.666042 12.245585 -18.554041
v -17.821920 11.279651 -18.772596
v -18.394466 12.136658 -18.625832
v -17.418543 10.005333 -20.272308
v -16.710218 8.999230 -22.037796
v -16.134258 7.637591 -24.109318
v -15.047986 8.183212 -27.295807
v -20.028683 10.178434 -18.050541
v -20.135607 10.426751 -18.247013
v -21.763948 8.316829 -17.993200
v -21.817726 7.850001 -17.639391
v -19.854710 9.779767 -18.343754
v -21.217833 7.817984 -18.097561
v -18.103882 8.558938 -21.368031
v -20.080708 6.461629 -21.200888
v -18.743708 5.343686 -25.060863
v -19.313747 8.647998 -19.426041
v -20.166538 7.598802 -19.238146
v -17.922716 5.336262 -28.428158
v -21.769264 7.674878 -17.874744
v -22.129923 7.505653 -18.129889
v -23.314735 5.270868 -18.039928
v -23.243149 5.165144 -17.638239
v -21.784992 7.111266 -18.081333
v -22.986498 4.891025 -18.010378
v -21.894543 3.857990 -21.065989
v -20.677839 2.917166 -25.048203
v -21.110296 5.756047 -19.109093
v -21.912615 4.820491 -19.056009
v -20.005257 2.309743 -28.397018
v -23.259615 4.491431 -18.105501
v -23.553228 4.747642 -17.706312
v -24.487265 3.545073 -17.708242
v -24.134138 3.076724 -17.935797
v -23.628300 1.535235 -20.689264
v -22.843683 0.007097 -24.675720
v -22.952515 3.503220 -18.938604
v -23.693184 2.522400 -18.780174
v -21.836323 -0.608794 -28.045923
v -24.938805 2.565524 -17.708340
v -24.978298 2.770319 -18.548580
v -25.938038 1.295910 -17.885536
v -25.871973 1.117893 -17.312881
v -24.575562 2.147207 -17.734655
v -25.352398 0.788763 -17.433201
v -24.400164 1.446549 -18.584593
v -24.901968 0.633267 -18.464993
v -23.523207 -2.020489 -26.009743
v -24.548954 -2.227420 -23.526808
v -24.482065 -3.314585 -25.353018
v -26.348431 0.691061 -18.191143
v -26.448895 0.080672 -19.701725
v -27.289999 -1.149332 -18.752581
v -27.380789 -1.312942 -17.635763
v -26.014011 0.778508 -17.317343
v -27.098989 -1.095926 -16.647596
v -25.459023 0.500633 -17.454916
v -26.642498 -1.387498 -16.793760
v -27.983414 -8.542701 -22.273392
v -26.218893 -5.971211 -23.875229
v -26.138037 -4.767664 -22.689810
v -28.000364 -7.611071 -20.791861
v -29.328342 -10.798265 -26.102182
v -27.171734 -7.454951 -29.272789
v -26.098553 -7.831462 -27.919899
v -28.072081 -10.473985 -25.477608
v -27.509766 -1.462960 -17.130991
v -27.984087 -2.521472 -18.203510
v -28.900000 -4.259589 -17.479696
v -28.856258 -4.444914 -16.043671
v -27.286320 -1.482368 -16.563763
v -28.708822 -4.211983 -15.474939
v -26.881464 -1.870140 -16.715452
v -28.343605 -4.616300 -15.596622
v -26.888689 -2.873287 -17.260342
v -27.620214 -4.204010 -16.642040
v -30.972940 -13.045248 -23.910555
v -32.030243 -10.883772 -23.447134
v -30.623842 -8.832735 -25.416862
v -29.972794 -6.459376 -14.961880
v -30.393036 -7.301966 -15.835607
v -30.831583 -8.243449 -15.291647
v -30.621271 -7.939817 -14.144223
v -29.686876 -6.232903 -14.564173
v -30.478916 -7.787081 -13.711932
v -29.296885 -6.453575 -14.777103
v -30.238075 -8.118534 -13.743349
v -29.200468 -9.617936 -19.273010
v -29.146046 -7.718840 -16.685692
v -30.251261 -9.388223 -15.387200
v -30.441210 -11.191073 -17.603390
v -29.446568 -7.447654 -15.045515
v -29.937138 -8.273553 -14.440237
v -29.318407 -10.526980 -20.514877
v -29.675961 -12.637227 -23.176445
v -33.854160 -16.125229 -19.547976
v -34.122852 -14.133680 -19.261896
v -33.105515 -12.639307 -21.378160
v -32.173058 -14.536022 -21.962042
v -30.546009 -12.109535 -18.829506
v -31.633551 -12.495355 -15.770899
v -31.825916 -13.450511 -16.703079
v -30.793171 -14.153006 -21.143059
v -32.362267 -15.370237 -18.674644
v -32.001133 -11.084019 -11.646123
v -32.283554 -10.849425 -11.539457
v -32.529186 -11.497483 -11.443714
v -32.331821 -11.667903 -11.493853
v -31.987532 -11.484802 -12.078215
v -31.785166 -11.064092 -12.257526
v -31.860195 -10.874131 -11.882570
v -30.691666 -13.248677 -20.292488
v -31.921793 -14.492373 -17.808037
v -28.025227 -9.599779 -24.140074
v -29.512512 -11.654013 -22.100691
v -26.113743 -7.056120 -26.088919
v -21.571405 -0.773890 -30.848166
v -23.166630 -2.918885 -27.872967
v -23.286825 -3.838171 -30.459824
v -19.603512 2.677459 -31.384335
v -17.567408 5.874332 -31.385435
v -14.798018 9.527103 -30.148088
v -12.346789 11.758280 -28.150873
v -10.819569 12.978098 -25.865387
v -18.618975 10.196324 -18.960537
v -18.451694 9.496307 -19.788992
v -19.342785 7.754910 -20.503836
v -19.166258 10.800777 -19.015823
v -19.330284 10.933906 -19.438023
v -19.734270 11.070865 -19.436239
v -19.867889 9.874445 -23.677212
v -20.646374 9.554027 -20.315065
v -20.284245 10.380702 -18.655476
v -19.724907 11.234870 -19.326588
v -19.218668 11.379375 -19.013676
v -21.487947 7.852057 -24.251738
v -21.763420 8.054660 -18.932106
v -21.769800 8.160966 -18.489336
v -21.476994 8.306775 -20.147436
v -21.615278 7.481110 -18.845686
v -21.606310 7.528881 -18.577877
v -21.305115 7.234643 -18.532341
v -20.658451 6.822264 -19.447433
v -19.960213 6.898729 -20.406836
v -20.874641 5.569103 -20.111351
v -23.202013 4.815165 -18.178110
v -22.973410 4.498688 -18.557941
v -22.367014 4.120750 -19.270086
v -21.555836 4.738630 -20.076710
v -22.723658 3.264191 -19.924744
v -24.580921 3.733096 -18.356277
v -24.981733 2.836782 -18.512056
v -24.922680 2.824845 -17.941784
v -24.433834 2.377902 -17.970402
v -23.997000 1.943340 -18.913019
v -23.352648 2.452962 -19.788210
v -24.248219 1.157827 -19.511755
v -25.882339 0.669862 -17.668049
v -25.377123 0.316834 -17.772804
v -25.208996 -0.026975 -18.596903
v -27.254995 -1.493369 -17.510645
v -27.041082 -1.416297 -16.987223
v -26.577290 -1.669693 -17.104170
v -26.459095 -2.250900 -17.824625
v -24.738493 0.421945 -19.325441
v -29.132467 -4.740446 -17.516884
v -28.864977 -4.668890 -16.260805
v -28.683973 -4.545259 -15.803636
v -28.309612 -4.814389 -15.916865
v -28.046373 -5.090077 -16.601831
v -27.922285 -5.632848 -17.918112
v -27.478245 -4.430653 -17.503450
v -28.420406 -5.670346 -16.057034
v -28.365080 -6.014063 -16.771215
v -28.438025 -4.837631 -15.480077
v -28.860397 -4.597951 -15.307125
v -28.971527 -4.813594 -15.871900
v -29.410589 -5.384882 -16.825159
v -29.249182 -6.402878 -14.840269
v -28.833860 -6.482620 -15.672682
v -29.603678 -6.075598 -14.674833
v -29.747305 -6.317508 -15.165457
v -25.077513 -0.634450 -20.015705
v -26.441607 -3.062500 -19.200390
v -26.125364 -1.478068 -17.843050
v -25.568750 -0.474207 -18.200838
v -25.567213 -0.970876 -18.955442
v -26.039413 -1.836541 -18.657288
v -26.944302 -3.469785 -17.972782
v -29.862215 -6.324042 -16.273863
v -30.179720 -6.894734 -16.415409
v -29.805397 -6.486723 -15.288753
v -29.606949 -6.326504 -14.847069
v -29.240873 -6.579659 -15.026559
v -29.146708 -7.077893 -15.587002
v -28.777508 -6.743527 -16.366877
v -29.480669 -7.896808 -15.633422
v -31.125145 -8.823501 -15.270432
v -30.706718 -8.260530 -14.142346
v -30.538233 -8.075788 -13.764547
v -30.238770 -8.322029 -13.920724
v -30.189369 -8.789790 -14.360632
v -29.875208 -8.520061 -15.158150
v -30.441963 -9.102271 -13.880875
v -30.510305 -9.477915 -14.389283
v -30.408491 -8.381990 -13.523834
v -30.702118 -8.125056 -13.384780
v -30.963329 -8.524160 -13.679765
v -31.240950 -8.990155 -14.106600
v -32.246731 -13.919763 -15.873777
v -32.057293 -12.986508 -14.920362
v -32.420872 -13.407944 -14.190580
v -32.667488 -14.389020 -15.044355
v -32.939701 -15.985540 -17.354532
v -32.312519 -14.947622 -16.860115
v -32.746563 -15.482367 -15.733126
v -33.282448 -16.366926 -16.401545
v -35.211731 -15.533751 -16.918957
v -34.778095 -14.990554 -18.067944
v -34.368168 -16.657059 -18.423622
v -34.864944 -17.189936 -17.389507
v -31.318886 -9.051348 -12.556932
v -31.318159 -9.121941 -13.196983
v -30.970802 -9.353003 -12.868052
v -30.807373 -9.658331 -13.436435
v -31.985464 -10.197188 -11.801029
v -31.444836 -9.170783 -12.334966
v -31.752600 -9.777870 -12.712139
v -32.151100 -10.461163 -12.228971
v -31.165495 -9.518034 -12.545817
v -31.691988 -10.519309 -11.991064
v -31.293230 -10.305492 -12.852810
v -31.572939 -10.784445 -12.461912
v -31.253428 -10.608841 -14.099896
v -31.862112 -10.062551 -13.494954
v -32.445740 -10.986578 -12.554870
v -31.363310 -9.322196 -12.650981
v -31.567183 -9.569449 -13.035280
v -31.098066 -9.679257 -12.795237
v -32.017796 -10.474487 -14.385972
v -30.854658 -9.931326 -13.951885
v -31.103901 -10.073163 -13.256641
v -31.395010 -10.646454 -13.298191
v -31.913919 -11.497308 -12.992110
v -32.063316 -11.911510 -12.648662
v -31.275902 -9.271143 -13.909266
v -32.648144 -11.552275 -13.204885
v -32.327877 -10.862600 -12.177932
v -32.104313 -10.610399 -11.823820
v -32.480869 -11.098117 -11.912225
v -32.672436 -11.404920 -12.392949
v -31.626724 -10.998498 -12.924380
v -32.681564 -11.621992 -11.730017
v -32.833115 -11.917313 -12.164602
v -33.193741 -13.532957 -10.710445
v -32.986996 -13.326424 -11.059749
v -32.632401 -12.922729 -11.261062
v -32.665909 -12.228226 -10.872670
v -32.431190 -12.352801 -11.575012
v -32.548847 -12.026481 -11.012908
v -32.751270 -11.968711 -11.109419
v -32.267857 -12.105573 -11.911094
v -24.479317 -5.666332 -29.718163
v -24.227695 -4.364343 -27.310709
v -28.768040 -6.105133 -28.019838
v -21.940428 7.860636 -18.920633
v -22.347975 7.547649 -18.502041
v -24.667257 3.734538 -18.706270
v -25.075140 3.042198 -18.668930
v -25.024210 2.724840 -18.877346
v -25.164108 2.840529 -18.810158
v -2.039517 8.353787 -27.997868
v -2.279315 7.401003 -26.005560
v -4.619597 7.721672 -26.098186
v -3.979469 8.598575 -28.013399
v -1.771063 9.261936 -29.565502
v -2.549146 10.509361 -30.684650
v -11.124843 7.689568 22.612120
v -11.587239 8.330829 26.274519
v -13.116406 8.346113 24.769609
v -11.677500 9.820987 -23.320961
v -8.992344 10.612854 -25.767239
v -10.299534 9.096302 -23.682396
v -17.467884 8.822836 -7.559930
v -17.326273 8.867670 -11.063126
v -12.249036 6.404726 -11.964424
v -13.341358 6.608018 -8.839289
v -18.915922 9.452484 -4.158922
v -12.781479 5.671952 -6.048347
v -17.437094 8.771807 -0.784967
v -12.442797 5.348680 -2.072021
v -18.124668 8.998784 2.832312
v -13.136816 5.856963 1.984089
v -16.347733 8.496175 8.155943
v -11.579113 5.440765 6.227552
v -16.474003 8.851401 11.757380
v -12.041343 6.018582 10.320103
v -14.467891 7.880728 14.183019
v -10.701751 5.743389 12.747181
v -14.005692 7.605619 16.141056
v -10.161503 5.811309 14.478517
v -14.700135 8.166403 19.582752
v -9.684042 6.748134 15.888225
v -8.504992 6.031160 18.616234
v -10.815404 6.819991 18.942171
v -11.174102 7.660893 21.759228
v -2.368494 6.930505 -24.821154
v -2.458242 6.410229 -23.686905
v -4.813073 6.624219 -23.712070
v -4.726745 7.097983 -24.770430
v -2.521378 5.980927 -21.097118
v -2.579432 6.113337 -20.917877
v -5.112050 6.453384 -21.325754
v -5.099148 6.320127 -21.486568
v -2.562603 5.905218 -20.755632
v -2.591670 4.737805 -18.436598
v -5.148288 4.972985 -18.412720
v -5.110467 6.237003 -21.150345
v -2.602530 3.872340 -15.901058
v -2.432817 3.124214 -10.061212
v -2.423271 2.852099 -10.333316
v -2.425234 2.825219 -9.860561
v -2.484855 2.298125 -4.068767
v -2.436648 2.571806 -7.114462
v -2.533726 2.689748 -0.568627
v -2.525779 2.517279 -0.791727
v -2.521330 2.500208 -0.348854
v -2.445102 2.941125 10.162483
v -2.438215 2.769156 9.937256
v -2.427244 2.756955 10.341758
v -2.279854 3.010686 13.178815
v -2.079934 3.472825 15.696369
v -3.612101 4.869869 22.691442
v -3.431496 4.522569 21.867462
v -8.568401 7.637454 -23.464045
v -7.641819 8.015001 -24.823294
v -7.748649 6.988597 -20.339859
v -7.741114 7.044020 -20.475445
v -8.182510 5.690817 -17.773321
v -7.776687 6.933233 -20.101305
v -8.596803 4.856346 -15.688649
v -5.287399 4.253754 -15.889663
v -8.695797 3.588956 -9.971940
v -8.681184 3.314204 -10.280231
v -4.959134 2.942040 -10.847254
v -4.969631 3.210304 -10.558334
v -8.703871 3.280590 -9.750119
v -4.963409 2.910506 -10.387506
v -8.701053 2.668931 -3.685888
v -8.824095 2.939139 -6.840420
v -4.864716 2.600860 -7.095123
v -4.853491 2.293154 -3.992903
v -8.523535 2.990015 -0.074043
v -8.534063 2.991982 -0.287273
v -4.793537 2.564116 -1.236927
v -4.800060 2.737168 -1.018917
v -8.507118 2.989828 0.132786
v -4.784672 2.551728 -0.815057
v -7.928494 3.653113 10.121076
v -7.945371 3.644022 9.895689
v -4.618410 2.991526 9.202675
v -4.622795 3.169656 9.440882
v -7.894093 3.663696 10.378416
v -4.596499 2.990198 9.644978
v -7.084806 4.514903 15.044450
v -7.507695 4.456158 13.161756
v -4.393699 3.546042 13.245368
v -4.142770 3.929643 15.662699
v -6.148826 6.189013 19.943174
v -6.708429 5.442701 16.816597
v -5.407908 5.942840 20.245872
v -3.921463 5.819974 22.304874
v -3.862590 5.022662 24.527359
v -1.738924 4.001561 18.084126
v -9.557201 7.499598 -20.133829
v -9.088021 7.501873 -21.147884
v -11.008026 7.432951 -17.760664
v -9.517527 7.149864 -18.593737
v -11.764309 7.095068 -15.001873
v -10.901100 4.605880 -9.756975
v -10.229388 4.481328 -11.545267
v -10.375148 4.148979 -8.316380
v -10.426125 4.224092 0.331935
v -10.103718 3.967556 -1.243443
v -9.881809 3.947889 1.229190
v -9.591967 4.478295 10.273378
v -9.824182 4.514518 8.712928
v -9.354923 4.573373 11.626126
v -9.780598 6.051671 15.642697
v -6.794789 4.801363 16.221653
v -4.718623 5.078640 19.497652
v -5.273863 5.339887 20.201971
v -1.197775 4.420669 20.235163
v -3.681585 4.542718 18.509958
v -2.245689 4.610167 20.750446
v -8.245218 3.294819 6.776950
v -4.733964 2.751610 6.446995
v -2.437582 2.651182 5.800786
v -8.599922 3.964612 -13.371793
v -5.139961 3.677368 -13.493820
v -2.518987 3.331360 -13.307449
v -10.696716 7.760180 -20.037094
v -1.489411 22.609066 -34.122677
v -1.441722 22.717566 -34.757870
v -4.118212 20.438742 -34.082298
v -2.953872 21.573097 -34.064270
v -2.870717 21.746592 -34.739319
v -4.017899 20.724182 -34.765961
v -1.464868 23.254230 -38.718334
v -1.384123 23.076056 -40.145363
v -3.920147 21.528883 -38.756042
v -2.824655 22.666544 -38.732353
v -2.696408 22.617935 -40.236210
v -3.760032 21.484825 -40.221420
v -0.875613 21.824429 -45.274883
v -0.925502 22.075874 -44.389610
v -2.315926 13.777807 -34.782700
v -2.614351 14.224074 -34.249352
v -4.543375 14.195312 -37.213551
v -4.947046 15.070718 -37.456413
v -4.907517 14.811036 -38.091808
v -4.406049 13.801625 -37.743248
v -1.178769 12.885628 -43.006504
v -2.276470 13.101017 -43.054306
v -0.680254 13.423636 -45.563427
v -0.554472 13.504737 -46.078449
v -1.386786 13.484522 -45.596947
v -1.145568 13.551142 -46.089867
v -1.536144 12.560426 -37.814163
v -3.073715 12.959539 -38.179420
v -2.720547 12.994661 -41.254578
v -1.358605 12.726813 -41.168335
v -3.025395 13.333518 -43.133503
v -4.714902 18.183458 -39.083336
v -4.798956 16.354921 -39.251362
v -4.924818 16.350637 -38.177326
v -4.856453 17.965235 -37.905052
v -3.791936 14.418277 -43.466621
v -3.957888 14.446997 -42.998634
v -4.046605 15.281152 -43.163414
v -3.928027 15.239588 -43.581135
v -2.593335 14.971331 -46.433975
v -2.086310 14.908696 -47.075413
v -1.918447 14.466678 -46.922058
v -2.455149 14.496152 -46.333096
v -1.612429 13.646045 -46.133324
v -1.940394 13.564626 -45.622700
v -0.814873 20.688799 -46.910812
v -0.773048 20.031511 -47.564682
v -3.164114 14.966485 -45.525928
v -2.969677 14.435469 -45.371944
v -3.297479 14.414025 -44.697697
v -3.490112 15.024096 -44.867279
v -1.119923 22.535494 -42.562901
v -1.293535 22.784945 -41.479630
v -2.743913 21.968582 -42.941322
v -3.241683 21.328518 -43.025188
v -3.443536 21.351007 -42.357513
v -2.906956 22.041552 -42.350567
v -4.236923 15.334801 -42.630955
v -4.068938 14.468836 -42.700558
v -4.172029 14.542979 -42.456818
v -4.441809 15.510661 -42.125042
v -0.781059 14.271660 -47.786148
v -1.434140 14.449946 -47.477924
v -1.566032 14.809849 -47.698708
v -0.912565 14.646831 -48.347797
v -3.682715 13.296279 -41.324753
v -3.405191 13.320588 -42.221722
v -2.567373 13.006845 -42.163891
v -1.306612 12.769305 -42.104343
v -0.307622 14.006142 -47.255699
v -0.270830 14.344343 -47.577454
v -0.529157 14.353272 -47.550106
v -0.774926 14.389099 -47.523182
v -0.560907 15.307934 -47.603760
v -0.218115 15.297585 -47.719391
v -2.325971 13.449244 -44.856953
v -1.717865 13.325965 -44.790432
v -2.035597 13.210399 -43.874565
v -2.698539 13.370587 -43.914337
v -1.045387 13.046521 -43.792057
v -0.896281 13.228924 -44.741535
v -4.033020 19.420801 -43.168991
v -4.221112 18.009136 -42.846611
v -4.374145 18.310196 -41.669872
v -4.189769 20.042757 -41.825352
v -4.551404 18.359566 -40.384495
v -4.527686 19.962742 -38.873707
v -4.441318 20.059925 -40.298447
v -0.691728 14.036096 -47.244881
v -0.962979 13.681713 -46.574554
v -1.323612 13.785931 -46.624107
v -0.946929 14.115912 -47.255108
v -0.446814 13.641397 -46.565296
v -4.220375 16.608925 -42.706142
v -4.423350 16.815554 -41.728947
v -3.937536 17.436522 -43.913082
v -3.994560 16.334717 -43.537067
v -3.486238 15.637825 -45.129913
v -3.206203 15.544686 -45.642212
v -2.693463 15.477920 -46.416473
v -2.195273 15.416126 -47.112614
v -1.675785 15.368083 -47.790947
v -1.124172 15.230141 -48.459560
v -0.158855 14.574336 -48.594471
v -0.127209 14.824758 -48.732109
v -3.491794 14.749316 -43.499477
v -3.527733 13.682493 -43.272972
v -2.984945 14.541216 -45.045635
v -2.794628 13.672598 -44.932674
v -3.183234 13.672837 -44.030350
v -3.270712 14.662424 -44.202827
v -1.895325 14.858025 -46.701332
v -1.452545 15.169180 -47.147499
v -1.153992 14.281551 -47.299358
v -1.705031 13.977971 -46.682499
v -0.939839 15.274904 -47.451309
v -1.010341 14.403532 -47.385590
v -4.624169 16.828066 -40.536659
v -2.601275 22.420641 -41.693737
v -3.613572 21.417355 -41.543030
v -3.932581 13.720050 -42.271103
v -3.846821 14.943695 -42.606178
v -2.642382 13.344931 -35.555103
v -1.892748 12.913826 -36.559555
v -4.658439 19.766584 -37.457401
v -4.010740 21.435043 -37.232979
v -2.910340 22.469559 -37.108315
v -1.514671 23.112122 -37.025616
v -4.180426 13.602964 -38.538887
v -4.695970 15.527128 -39.977463
v -4.669676 14.593541 -39.739822
v -4.743475 14.767612 -38.865730
v -4.977144 16.245951 -37.550346
v -4.970518 17.295076 -37.021606
v -4.052504 21.155134 -35.837074
v -2.910129 22.035606 -35.844765
v -1.496952 22.859140 -35.911087
v -3.423534 13.227716 -37.123920
v -2.006988 21.571558 -45.175659
v -2.155586 21.216549 -45.059402
v -2.479042 21.247108 -44.283283
v -2.310933 21.720125 -44.427288
v -1.677661 19.290094 -47.132324
v -1.737822 19.227747 -46.975246
v -1.826451 20.168680 -46.632858
v -1.691176 20.376129 -46.760849
v -1.924950 20.993425 -45.828732
v -1.807362 21.096231 -45.983646
v -0.837837 21.327570 -46.179859
v -3.021880 21.229778 -43.470428
v -2.536767 21.862698 -43.582626
v -1.000581 22.306442 -43.504467
v -3.252849 20.877848 -43.793232
v -3.128039 21.044523 -44.341858
v -3.513584 20.686445 -44.191757
v -3.436734 20.589388 -43.965816
v -2.783811 20.676456 -45.976372
v -2.524759 19.905624 -46.747826
v -3.158698 19.413122 -46.476856
v -3.367808 20.146904 -46.041302
v -2.514469 19.006311 -46.921436
v -2.904046 18.809298 -46.679821
v -3.944338 18.188459 -44.084213
v -2.821447 16.571020 -46.433617
v -3.234961 16.519295 -45.755913
v -3.160410 16.964390 -45.732765
v -2.816275 16.998510 -46.350933
v -3.793864 18.243279 -45.365856
v -4.040347 19.024511 -44.677155
v -4.011476 19.045877 -44.713905
v -3.772758 18.319162 -45.357067
v -3.762801 19.816498 -44.401688
v -3.817231 19.827259 -44.371414
v -3.599934 20.336626 -44.216873
v -3.558477 20.406694 -44.224800
v -3.501664 20.239405 -44.289181
v -3.525837 20.210878 -44.297550
v -3.426602 19.883850 -46.009102
v -3.243260 19.215837 -46.357845
v -3.208569 19.159258 -46.245876
v -3.448128 19.711834 -45.958576
v -3.047297 18.697424 -46.545258
v -3.074573 18.675980 -46.440010
v -3.270028 17.835659 -45.937248
v -3.258125 17.940464 -45.897655
v -3.883282 19.046661 -44.517120
v -3.704691 18.190418 -45.158497
v -3.695015 19.829960 -44.107746
v -3.440591 20.497030 -44.210812
v -3.424428 20.488621 -44.011646
v -2.977021 19.170841 -46.266506
v -3.343196 19.774673 -45.923546
v -2.876717 18.745026 -46.472313
v -3.228501 17.776812 -45.770706
v -4.918700 19.150166 -35.983383
v -5.063260 18.600063 -34.967979
v -4.985246 18.100960 -34.200710
v -3.423675 20.591236 -45.149677
v -2.949167 20.986782 -45.091698
v -3.526626 20.238150 -45.187939
v -3.521121 20.392426 -45.174343
v -3.431878 20.354649 -45.191059
v -2.685470 17.770517 -46.292271
v -2.670850 17.689621 -46.372955
v -2.885903 17.710846 -46.245659
v -2.908165 17.821154 -46.155937
v -2.852527 17.755035 -46.123173
v -3.547836 14.413835 -44.036724
v -3.715472 15.110929 -44.294731
v -3.500629 16.923664 -44.836006
v -3.735087 17.398832 -44.793980
v -3.855045 16.149517 -44.016777
v -3.751740 20.325365 -43.965702
v -3.592554 20.369888 -43.741051
v -3.593431 20.083197 -44.258308
v -3.622688 20.154222 -44.210842
v -3.510236 20.152191 -43.929653
v -0.613333 19.608295 -47.945072
v -0.473173 19.070196 -48.361584
v -1.737699 18.542528 -47.277020
v -1.963305 18.122658 -47.491566
v -2.174869 17.598040 -46.982082
v -1.817581 18.513010 -47.123550
v -2.489595 18.356897 -46.958477
v -2.836399 18.199839 -46.626961
v -2.903380 18.185375 -46.498035
v -2.890145 18.219278 -46.388790
v -2.680158 18.221054 -46.398346
v -2.645362 14.655232 -45.642708
v -2.417474 13.751205 -45.649857
v -0.566573 16.546791 -49.040283
v -0.559347 16.974525 -48.969597
v -4.831723 15.395057 -33.505978
v -5.998677 15.398691 -32.478279
v -5.789517 18.308008 -32.630203
v -5.246129 18.035929 -33.499859
v -2.726690 14.469564 -33.074047
v -2.591439 14.460685 -33.680168
v -3.329401 17.653606 -45.931248
v -3.862124 18.102171 -45.300701
v -4.113691 18.946493 -44.594269
v -2.531350 17.095325 -46.778008
v -2.403858 16.608091 -47.124832
v -0.624722 15.992153 -49.005005
v -1.216819 15.974935 -48.550716
v -1.272535 16.619051 -48.549793
v -2.618717 17.595078 -46.511681
v -2.396741 17.618591 -46.742306
v -2.703806 17.401411 -46.467560
v -2.852597 17.559216 -46.331459
v -2.988749 17.381876 -46.148537
v -3.134297 17.582083 -46.105698
v -3.100377 17.763227 -46.085953
v -3.065966 17.876564 -46.054382
v -3.271676 17.431684 -45.837177
v -3.893379 17.900217 -45.212780
v -4.085293 18.847980 -44.541107
v -4.664925 15.678793 -40.949326
v -4.253424 13.786951 -41.350456
v -4.177411 14.780957 -42.097389
v -4.507738 14.711451 -41.253799
v -4.537836 14.681945 -41.129036
v -4.443229 14.575284 -41.841034
v -0.505143 15.285773 -48.871555
v -1.804142 15.973474 -47.850304
v -2.303694 15.982865 -47.139595
v -3.751614 15.988406 -44.394390
v -3.531317 16.633776 -45.032959
v -3.655748 20.556219 -43.100204
v -3.825154 20.646284 -42.430355
v -4.044887 18.625200 -44.303806
v -3.865840 17.714296 -45.088493
v -3.614116 20.440359 -43.540535
v -1.928193 16.550625 -47.884995
v -1.404953 19.668438 -47.426994
v -1.488254 20.506720 -46.751236
v -1.508974 21.192204 -46.001385
v -1.602581 21.654373 -45.207043
v -1.757736 21.892879 -44.400398
v -1.888839 22.079367 -43.564610
v -2.132184 22.285555 -42.706009
v -3.170478 17.198957 -45.726654
v -3.905913 19.831314 -44.177769
v -3.931821 19.806702 -44.038036
v -3.971701 19.621735 -43.725418
v -2.032285 13.836851 -46.163170
v -4.497605 13.950092 -40.529671
v -4.281817 14.795253 -41.650349
v -2.728207 17.122812 -46.250145
v -2.584412 17.233627 -46.560074
v -3.832582 15.183545 -43.926399
v -2.010372 17.145973 -47.875160
v -1.996576 17.862186 -47.613102
v -1.502155 18.133848 -48.200405
v -1.380026 17.344650 -48.443962
v -2.282553 17.444279 -47.136780
v -1.491164 18.310459 -48.072968
v -3.223189 16.065392 -45.735619
v -3.435139 16.035089 -45.344933
v -3.515039 16.351969 -45.197796
v -3.672805 15.822290 -44.710369
v -3.706830 14.437491 -43.690948
v -2.772329 16.031874 -46.439011
v -2.232962 17.025766 -47.390793
v -0.388391 14.607403 -48.544369
v -0.293655 14.322523 -48.255688
v -1.150529 18.998240 -48.016006
v -1.106144 19.397934 -47.798653
v -1.540877 18.795391 -47.797894
v -4.564183 15.520611 -34.970909
v -4.587158 15.461218 -34.241207
v -4.769226 15.595579 -36.011673
v -4.823725 15.423265 -36.786545
v -3.974278 13.994497 -36.603539
v -6.344562 10.256283 -27.603094
v -7.862719 11.768755 -27.908205
v -6.166551 11.662819 -29.299967
v -4.871998 10.895370 -28.978571
v -7.704757 14.762805 -30.801590
v -8.346601 16.794214 -29.853525
v -7.479272 17.281096 -31.106802
v -4.979984 13.853664 -32.024246
v -6.303167 13.339075 -30.854666
v -2.582044 12.891674 -32.424950
v -11.138192 11.508994 27.131096
v -12.737531 11.248647 26.189405
v -13.768617 10.684756 27.325851
v -12.068795 10.819318 28.538782
v -19.699944 12.483793 11.102593
v -18.262575 13.260578 11.417620
v -18.487936 13.624552 9.834921
v -20.086784 12.635503 9.494212
v -15.471826 11.301425 21.191038
v -15.796845 11.438497 20.129694
v -16.773487 10.778983 20.297579
v -16.444160 10.780686 21.336241
v -21.252644 13.605654 2.824553
v -19.674597 14.548070 3.038967
v -19.857719 15.007267 1.504108
v -21.604244 13.779967 1.390904
v -20.234413 15.598179 -3.460341
v -18.937296 16.392839 -1.761715
v -18.107254 17.402744 -5.232754
v -19.982962 15.916619 -5.225990
v -16.887196 16.636698 -20.804945
v -16.459173 18.800524 -19.721828
v -14.932827 19.357271 -21.653786
v -14.957743 18.114750 -22.933645
v -3.068069 13.016284 33.928413
v -2.820497 13.104685 32.306850
v -3.891019 13.085522 32.012661
v -4.493563 12.897651 33.138241
v -3.904903 26.854984 0.048299
v -3.919832 27.440361 -3.859337
v -7.300588 25.412783 -4.089850
v -7.272677 24.856785 -0.151662
v -3.945827 27.693083 -7.889238
v -3.854543 27.861290 -11.756233
v -7.233621 25.875328 -11.696924
v -7.279326 25.692484 -7.957936
v -11.366196 15.324550 20.179867
v -11.666075 16.405045 17.475281
v -13.549984 15.061246 16.937527
v -13.148895 14.126268 19.577124
v -12.058742 17.376993 14.479997
v -12.433694 18.296974 11.159340
v -14.680887 16.614334 10.737132
v -14.159305 15.831108 13.980342
v -15.525130 18.211920 2.623336
v -15.315680 17.363537 7.029441
v -12.808614 19.243546 7.382624
v -13.019900 20.115808 3.096190
v -15.577722 19.412624 -4.967263
v -15.786666 18.762516 -1.286674
v -13.127807 20.798641 -0.904139
v -13.056202 21.376112 -4.684115
v -15.016941 20.319206 -12.156714
v -15.407249 19.846563 -8.609442
v -12.853781 21.775808 -8.338070
v -12.600763 22.122561 -11.858287
v -16.876865 14.778751 10.282005
v -16.764605 13.689388 13.363894
v -18.008656 16.304825 2.012517
v -18.154875 15.023004 6.877382
v -17.541248 18.179319 -12.797892
v -19.870716 15.921988 -14.020008
v -20.967852 15.048971 -11.054309
v -18.301298 17.365465 -8.929507
v -18.800543 16.994539 -16.482567
v -17.482550 18.023859 -18.238844
v -18.565102 15.925115 -19.361481
v -20.052891 15.362303 -17.146809
v -2.912763 24.802540 -30.116205
v -2.439735 23.329147 -31.049604
v -3.871115 27.920078 -16.310698
v -3.840684 27.751802 -19.740938
v -7.126221 25.963964 -17.979141
v -7.238275 25.931570 -15.210506
v -3.233409 26.975586 -28.428440
v -4.814387 22.454103 -30.202200
v -5.597876 24.031954 -28.866899
v -3.751768 27.282810 -24.314157
v 1.900770 13.711482 -30.984385
v 2.274756 14.073311 -30.938370
v -6.985785 25.759298 -22.323559
v -10.147872 12.934685 25.679911
v -7.033290 14.274569 26.718870
v -6.833133 16.585543 24.331079
v -9.528372 15.117687 23.352692
v -21.539082 14.309336 -14.593703
v -23.062874 12.912525 -11.552021
v -21.750416 14.329681 -1.917380
v -21.788729 14.324168 -3.386915
v -23.363972 12.727140 -2.989100
v -24.354086 12.296990 -2.388994
v -23.164433 12.570782 2.366697
v -23.367168 12.333074 1.232408
v -21.683323 11.705360 10.449448
v -21.926699 11.739779 9.166420
v -18.050514 10.348586 20.617212
v -17.138702 10.929753 19.028490
v -18.612007 10.433006 19.359730
v -15.395012 10.903883 23.382732
v -16.111338 10.848278 22.327061
v -17.323122 10.371959 22.357843
v -16.560158 10.485673 23.824516
v -14.036542 21.360558 -17.576805
v -15.674153 19.702045 -17.598295
v -16.712355 18.993713 -15.635492
v -14.576843 20.831173 -15.200748
v -12.121910 22.850649 -17.557892
v -12.338737 22.461626 -15.005606
v -14.869444 20.292753 -19.434959
v -14.125157 20.514532 -21.130569
v -13.256087 20.561182 -23.564140
v -12.138087 21.161058 -24.626179
v -6.252594 25.529510 -27.221203
v -1.537407 12.962008 32.873642
v -1.392834 12.903813 34.283733
v -9.598426 11.940097 28.355663
v -10.362879 11.187187 29.741322
v -10.301516 23.371775 -4.356433
v -10.325675 22.817198 -0.484650
v -10.074287 23.954800 -11.714689
v -10.187561 23.711138 -8.106381
v -9.847470 24.321604 -17.700462
v -9.988608 24.125952 -15.024332
v -9.876094 24.282742 -20.424723
v -10.435666 22.084763 -26.155504
v -8.101766 23.065847 -27.596405
v -12.538641 12.382233 23.732166
v -11.412645 12.681730 24.599827
v -11.191702 14.125451 22.562452
v -12.648558 13.318195 21.878136
v -13.390479 21.708569 -19.701384
v -11.935152 22.974432 -20.055479
v -21.385817 14.574018 -7.219064
v -19.887403 15.802855 -7.139562
v -22.931931 12.867683 -5.681891
v -13.669848 19.267414 -24.170774
v -7.209858 24.065838 3.935171
v -10.275188 22.068993 3.553340
v -10.114594 21.085602 7.743911
v -7.102679 22.978601 8.216431
v -3.823102 24.712318 8.896307
v -3.916397 26.077181 4.105117
v -9.733975 18.922346 15.009526
v -6.864036 20.602573 15.654692
v -6.974207 21.782188 12.132927
v -9.949251 19.992445 11.605774
v -3.638935 22.130941 16.448307
v -3.737802 23.353262 12.911917
v -9.567951 17.747318 18.064497
v -9.456956 16.537016 20.819025
v -6.820215 17.991961 21.668644
v -6.849550 19.354946 18.847067
v -3.609219 19.382162 22.548271
v -3.583161 20.757269 19.605419
v -4.379704 15.428897 28.196251
v -3.797740 17.729340 25.314127
v -18.988146 13.817015 8.257913
v -20.444687 12.880837 8.038232
v -22.228334 11.946210 7.917482
v -20.210745 15.185363 -0.119727
v -21.852907 13.996140 -0.037869
v -23.743656 12.464135 0.486578
v -18.949169 12.254674 13.184209
v -18.653200 11.919607 14.796878
v -17.419567 12.744636 14.791376
v -20.216413 11.127645 15.028907
v -20.782736 11.619638 13.580221
v -14.729632 10.998139 24.458784
v -15.392115 10.617245 25.560287
v -13.986758 11.371729 24.000193
v -14.258473 11.538058 22.891350
v -12.528318 11.795542 25.056362
v -13.061949 11.680481 24.638187
v -9.095256 12.546093 27.325663
v -5.766078 13.323380 29.312551
v -5.315357 13.574447 29.588228
v -7.016889 13.095748 28.443075
v -1.573122 13.976653 31.454193
v -14.355250 12.119213 21.252300
v -3.594394 15.081417 29.190975
v -2.976263 13.934710 30.981867
v -1.785582 14.891992 30.459166
v -25.560299 12.404760 -4.523403
v -23.100315 12.212402 -11.440649
v -23.088505 11.340469 -11.047015
v -25.549009 12.051716 -4.558561
v -24.667768 11.831518 2.290147
v -25.521132 12.008593 1.740389
v -25.505426 11.281686 1.758931
v -24.667768 11.593901 2.301619
v -24.246637 11.424360 10.271764
v -24.886053 11.309327 10.325506
v -24.887493 10.822090 10.321573
v -24.353848 11.097754 9.967873
v -22.604996 10.847016 17.074127
v -24.050629 12.061883 14.206437
v -24.050629 10.587421 14.149284
v -22.622206 9.929528 17.054268
v -17.522139 10.666463 27.022543
v -19.422371 9.809154 23.649908
v -19.422909 9.531715 23.622337
v -17.522139 9.773891 26.997675
v -13.162019 11.324762 30.942831
v -15.355085 9.765990 28.196936
v -15.355877 9.731991 28.219748
v -13.162020 10.153966 30.902544
v -3.825952 12.012184 36.019451
v -3.826110 12.631585 36.029510
v -5.840819 12.310758 34.621822
v -5.862429 11.558043 34.593964
v -25.373804 12.791842 -1.773336
v -24.785095 12.087089 -3.807524
v -24.789593 12.106345 -3.764247
v -25.373804 11.704688 -1.808999
v -15.986363 9.854815 28.372089
v -15.984400 9.540603 28.383497
v -10.779910 11.263160 32.000801
v -10.771678 10.906129 31.964329
v -2.743699 13.401403 37.435314
v -2.707413 12.588185 37.432388
v -21.763128 12.824156 -14.648296
v -21.138340 11.485084 -14.837991
v -24.189091 11.231835 10.735090
v -24.223034 10.900301 10.722911
v -24.833824 11.508884 2.408194
v -24.837402 11.382180 2.405635
v -20.006346 9.473446 23.574629
v -19.993317 9.974468 23.595545
v -21.409422 10.975997 20.313757
v -21.381718 9.981004 20.249386
v -21.354820 10.509587 -11.096334
v -22.953194 11.083737 -6.379824
v -23.753157 11.287802 -0.132246
v -23.411291 10.844146 1.149924
v -22.211458 10.197102 7.965674
v -21.641575 10.422853 8.628144
v -19.831091 10.061860 12.815099
v -19.663261 10.020857 14.638348
v -15.972558 9.192159 23.297459
v -15.195662 8.849578 24.768183
v -12.900784 9.282580 28.281181
v -10.855556 9.734496 29.703337
v -3.470172 11.656130 32.807259
v -5.101254 11.438808 32.433784
v -22.720327 10.955667 -3.636331
v -24.115362 11.900789 -3.012038
v -14.360852 8.829427 26.518250
v -9.989812 10.579092 30.860924
v -8.176744 10.162106 30.414116
v -8.666921 10.953042 31.153589
v -19.470594 10.154585 -14.692654
v -21.446388 10.348079 9.761506
v -23.019194 10.638866 2.131186
v -17.408566 8.795185 21.165510
v -18.328054 9.255996 19.588707
v -0.604033 13.248638 38.200233
v -15.732755 11.038218 -19.682993
v -13.261386 10.129292 -22.385046
v -13.632102 9.925557 -21.133362
v -15.854408 8.788524 -14.633690
v -20.278061 10.164310 -7.914495
v -20.433224 10.082779 -6.268130
v -20.749884 10.291691 -4.243631
v -21.199022 10.187098 -1.169971
v -20.637449 9.927087 0.273590
v -20.583069 9.941955 1.771154
v -19.967606 9.488663 7.092669
v -19.346682 9.526599 8.149026
v -19.466112 9.642835 9.853139
v -17.947926 9.327158 14.254139
v -17.283781 9.172599 15.484329
v -14.105080 8.429893 22.564472
v -13.434936 8.548398 26.102789
v -12.675151 8.631992 26.923536
v -12.423656 10.412901 -23.196693
v -6.980832 9.206627 -25.895924
v -0.771086 11.999497 34.723568
v -0.579668 12.505670 38.186207
v -2.613366 9.878863 31.259880
v -1.304518 9.829988 33.135193
v -2.540551 8.738756 31.334070
v -1.418416 9.121247 32.955223
v -0.839918 9.924555 33.893890
g Set blendShape1Set skinCluster1Set tweakSet1
v 0.412180 15.123177 -46.008591
g blendShape1Set skinCluster1Set tweakSet1
v -1.424743 9.216321 33.955196
v -3.468715 16.471420 -30.925999
v -0.815129 8.147843 33.670868
g Set blendShape1Set skinCluster1Set tweakSet1
v -3.380640 16.265299 -34.770016
g blendShape1Set skinCluster1Set tweakSet1
v -20.649164 13.248467 6.630832
v -22.695473 11.988853 6.612252
v -25.305475 12.116998 7.654207
v -25.305475 10.660256 7.598037
v -22.345882 10.193335 5.876244
v -21.666367 14.428999 -5.018541
v -23.360456 12.702876 -4.137248
v -24.688778 12.318748 -3.378678
v -24.688778 11.964267 -3.373691
v -23.189224 11.279869 -5.043477
v -19.254431 10.699094 17.441116
v -17.713573 11.307444 17.560381
v -18.150537 11.628179 16.205175
v -19.602453 10.966571 16.213894
v -21.808327 10.445950 17.477255
v -21.656408 10.696138 17.028877
v -21.823542 10.254027 17.468161
v -21.655996 10.238548 17.027874
v -19.267698 9.591095 17.923733
v -19.492426 9.867587 15.914464
v -17.168070 8.785494 17.378769
v -16.915510 12.446299 16.248444
v -15.526745 13.464747 16.443642
v -17.609356 10.264420 21.548622
v -19.056442 9.861455 23.119057
v -19.058580 9.695381 23.156490
v -16.935205 8.773678 21.981489
v -15.235558 11.200489 22.135485
v -15.355766 12.402657 19.044014
v -16.643810 12.051995 17.606462
v -13.287958 11.167562 25.736141
v -13.838386 11.086459 25.282888
v -14.196572 10.665360 26.808096
v -14.624512 10.645965 26.290342
v -15.248698 9.837632 28.129099
v -15.142310 9.909273 28.061279
v -15.244534 9.794784 28.153959
v -15.133192 9.857590 28.088167
v -13.292577 9.167185 27.870199
v -13.684192 9.053387 27.460148
v -12.289773 8.741664 27.336226
v -11.994688 11.910529 25.474722
v -7.819637 12.362569 29.551718
v -7.492465 13.009265 28.112535
v -8.205117 12.292453 29.280531
v -8.695575 11.850711 30.691414
v -9.131604 11.663794 30.412954
v -10.549895 10.849654 31.998281
v -10.478670 11.563496 32.012897
v -10.521890 11.348499 31.309465
v -10.637285 10.517785 31.442881
v -4.629888 12.972699 31.592724
v -4.281834 13.629025 30.438637
v -5.495630 12.808094 31.171879
v -6.069076 11.180513 32.354683
v -5.675804 10.789964 31.588205
v -8.083643 11.927654 33.909317
v -8.072450 12.659009 33.940350
v -8.321082 10.983337 31.313498
v -4.855882 12.822857 32.927109
v -5.809536 12.247228 34.137932
v -5.821615 11.496757 34.111389
v -6.093093 11.528488 33.117958
v -5.405454 12.709163 32.625736
v -6.805349 12.547053 30.265253
v -7.867559 12.205669 31.220190
v -6.030163 12.196308 34.385246
v -6.076565 11.460888 34.411209
v -6.437537 11.539379 33.092274
v -3.689358 13.488240 31.063631
v -1.401262 22.594961 -32.707657
v -1.499881 22.542429 -33.418087
v -4.380389 20.557713 -32.504971
v -4.183635 20.312433 -33.348755
v -2.767498 21.687410 -32.651249
v -2.956972 21.520964 -33.349178
v -1.234256 22.822491 -32.259529
v -2.243030 22.783758 -31.713114
v -4.632753 21.408749 -31.022360
v -11.904852 8.847537 27.746695
v -10.094631 9.121044 27.986580
v -7.607252 9.659170 29.343620
v -3.505238 10.712594 32.050911
v -5.445210 9.984295 31.111731
v -10.840342 8.727400 27.129143
v -1.245167 8.229073 30.990509
v -0.903934 8.203475 32.657818
v -6.940454 8.477633 -26.131416
v -6.114576 9.499450 -27.843878
v -2.771024 11.191805 -30.192165
v -5.144600 12.162966 -30.532179
v -4.244171 12.633880 -31.497675
v -2.645766 12.266128 -31.736002
v -4.761368 10.086914 -29.065714
v -0.536076 9.718760 34.893360
v -0.819892 9.207836 34.858086
v -0.543026 8.456185 34.788467
v -0.341943 9.448523 35.702717
v -0.201496 9.341174 36.013748
v -0.388916 9.180855 35.669033
v -0.225374 9.167321 36.009708
v -0.345899 8.831428 35.647358
v -0.205538 9.034727 35.974197
g Set blendShape1Set skinCluster1Set tweakSet1
v 0.242602 14.986366 -46.010365
v 1.040802 15.159907 -45.494534
v 2.335696 15.717582 -44.170212
g blendShape1Set skinCluster1Set tweakSet1
v -0.198753 14.345827 -48.374882
v -15.165678 7.574017 19.524639
v -16.536444 8.633732 18.590862
v -7.556095 10.309800 30.682867
v -6.755505 9.755810 30.023191
v -10.995874 1.773528 48.211376
v -11.057203 1.821067 48.322094
v -15.830254 -0.035354 45.496078
v -16.048418 -0.370758 45.137318
v -15.636465 -0.568268 47.029877
v -15.582022 -0.586139 47.013866
v -15.243062 1.463724 43.230484
v -15.820781 0.407920 44.100067
v -16.149471 -0.244299 43.503357
v -0.171263 18.686838 -48.664211
v -0.055503 18.319288 -48.876709
v -0.155608 17.708084 -49.037270
v -0.549210 17.390020 -48.951210
v -0.894341 17.990669 -48.656029
v -0.825746 17.710352 -48.760159
v -0.881840 18.250387 -48.576363
v -0.839167 18.537518 -48.445457
v -1.169198 18.684019 -48.170078
v -0.318967 18.427620 -48.731358
v -0.405928 18.454615 -48.675854
v -0.258261 18.259804 -48.801926
v -0.268720 17.944510 -48.935070
v -0.506948 18.256449 -48.675236
v -0.506240 18.164600 -48.740067
v -0.474730 18.055355 -48.817196
v -0.402671 17.878553 -48.925552
v -0.473118 18.417025 -48.633209
v 2.569933 15.177652 -29.351770
v 2.773050 14.764021 -29.918161
v 2.814703 14.557405 -30.381704
v 2.838342 14.256714 -30.562544
v 2.804159 14.158497 -30.969667
v 2.726870 14.114981 -31.036980
v 0.003981 13.198408 -31.251911
v -1.305223 11.072450 33.095860
v -8.656820 8.175649 -23.580690
v -7.778408 8.701447 -24.607328
v -9.644396 8.496737 -22.306274
v -8.938557 9.049996 -24.263155
v -9.853233 7.818795 -22.321213
v -14.245317 8.846054 -17.874479
v -12.468206 8.350120 -19.554296
v -17.848932 10.512284 -17.390535
v -12.435736 8.511006 -20.662788
v -18.034939 13.961393 -19.126701
v -17.279812 12.456946 -19.160521
v -20.084299 13.911257 -17.521549
v -13.769640 9.497478 -20.087305
v -12.340606 9.005207 -21.034842
v -12.453554 8.914500 -20.791138
v -19.222927 12.396946 -17.478474
v -14.036864 9.178190 -19.759237
v -17.846085 11.486171 -18.492878
v -17.020519 10.532150 -18.786325
v -16.994276 11.547553 -18.813135
v -16.558743 10.849870 -18.789780
v -9.339325 6.124175 33.313972
v -9.609670 5.711831 32.346420
v -10.724898 4.272429 30.309338
v -11.254035 3.787146 31.460487
v -11.871246 2.972748 30.637159
v -11.466124 3.400898 29.559992
v -12.435821 2.300239 30.000147
v -12.300454 2.638753 29.286606
v -1.705758 15.666872 -31.088652
g Set blendShape1Set skinCluster1Set tweakSet1
v 2.014800 15.263834 -34.718971
v -0.003132 15.263834 -34.718971
v -2.021065 15.263834 -34.718971
v 1.806129 14.687399 -38.510929
g blendShape1Set skinCluster1Set tweakSet1
v -8.499314 5.518730 29.219337
v -8.350961 5.858692 29.651358
v -8.186855 6.936779 32.301239
v -8.829203 6.133770 31.286106
v -8.050841 6.155403 30.171726
v -6.797523 6.485213 29.758028
v -5.521005 7.517517 30.721653
v -3.793009 7.624598 30.352793
v -1.256439 7.643585 27.198597
v -1.178730 7.794003 27.805521
v -3.929380 5.298558 27.350838
v -0.563352 8.040440 28.963781
v -7.113519 5.831263 28.746645
v -6.626092 7.982674 32.854542
v -3.874461 5.513929 28.742771
v -1.027399 7.993877 28.420067
v -7.384079 13.158923 -30.178364
v -32.722172 -13.387910 -11.595508
v -32.714970 -13.567531 -12.077161
v -15.076177 1.879343 41.667431
v -15.329245 1.562058 39.580444
v -14.956236 2.122790 40.334431
v -16.183762 -0.497583 39.915318
v -16.465729 -0.945505 41.404358
v -16.472752 -1.058533 42.581310
v -15.535579 1.016329 38.815800
v -14.046288 -0.182438 43.707909
v -13.342527 0.498036 44.515079
v -12.990752 0.758792 44.941727
v -12.553177 1.052469 45.462044
v -2.254506 14.751460 -46.273235
v -33.110958 -15.709622 -14.562775
v -33.371197 -16.332594 -14.783310
v -32.897621 -12.021507 -11.386144
v -32.979477 -12.330817 -11.823515
v -12.778364 0.455651 47.919621
v -12.722099 0.706846 46.902073
v -16.244970 -0.493469 43.821724
v -33.017605 -12.338008 -12.720102
v -34.752945 -14.852329 -15.976542
v -34.388474 -14.289306 -17.241331
v -32.839443 -11.361201 -19.825409
v -33.823948 -13.011863 -17.692699
v -31.769230 -9.563271 -21.714293
v -30.536518 -7.556460 -23.489729
v -28.842421 -5.185982 -25.362669
v -32.995014 -14.881079 -13.896735
v -32.831261 -14.223508 -13.431379
v -32.382805 -12.620426 -12.235717
v -33.011196 -13.818192 -11.485433
v -33.190739 -14.033915 -11.426044
v -13.213525 0.505544 46.269009
v -3.766137 14.352419 -42.922276
v -3.945543 14.310452 -42.594196
v -1.801080 14.404823 -46.810646
v -2.322548 14.439858 -46.237309
v -2.815542 14.432695 -45.290554
v -3.137314 14.408280 -44.630135
v -4.103218 14.351959 -42.387413
v -0.544725 15.403614 -47.616039
v -0.217799 15.380280 -47.687763
v -2.822358 15.563312 -43.681877
v -2.825514 15.446755 -44.306393
v -2.779796 15.183107 -45.041962
v -1.911014 15.211303 -46.556164
v -1.457946 15.260871 -47.138187
v -0.966155 15.345827 -47.401100
v -3.087598 15.820813 -42.841946
v -3.526449 14.350599 -43.619881
v -3.596478 14.328602 -43.421055
v -2.495116 15.155371 -45.541862
v -3.089701 15.660579 -42.109829
v -4.499902 14.706815 -41.242317
v -4.481408 14.679049 -41.121792
v -4.308769 14.483792 -41.788120
v -3.738628 15.210349 -41.341061
v -0.141746 14.215057 -48.132664
v -0.688071 14.292710 -47.639812
v -3.373789 14.332099 -43.979294
v -1.351126 14.373718 -47.345951
v -0.058411 14.253311 -48.233887
v -2.114637 15.202163 -46.217045
v -33.298599 -12.865434 -11.113380
v -33.499805 -13.369676 -11.667446
v -33.803082 -13.878149 -11.296635
v -33.481365 -13.255882 -10.788463
v -33.053116 -12.337629 -11.272098
v -32.941479 -12.086977 -10.944622
v -34.941837 -15.407486 -12.453456
v -34.964149 -15.493022 -12.972606
v -35.086338 -15.892590 -12.266949
v -35.035545 -15.701481 -11.787533
v -35.464546 -16.233595 -12.924376
v -35.456203 -16.248543 -11.924965
v -33.697563 -13.831078 -12.177003
v -34.046886 -14.310472 -12.097080
v -34.142231 -14.423701 -11.782153
v -33.721859 -13.977856 -11.866224
v -34.493500 -14.931478 -12.244324
v -34.643642 -15.263936 -11.727406
v -34.343365 -14.599002 -12.761261
v -34.199059 -14.252867 -13.385063
v -34.841984 -15.093431 -13.678284
v -34.848152 -15.113485 -13.119378
v -33.951546 -14.197220 -12.412008
v -33.694866 -13.646149 -12.693225
v -33.204166 -12.871880 -12.033267
v -35.860527 -16.900291 -13.615045
v -36.009956 -17.311338 -12.041123
v -35.711781 -16.488640 -15.188896
v -35.473171 -16.218370 -13.923759
v -35.450417 -17.817556 -15.984583
v -35.815609 -18.196735 -14.663192
v -34.580654 -16.128284 -11.877568
v -34.530861 -15.921369 -11.555689
v -34.854691 -16.436407 -11.577878
v -34.225407 -15.502808 -11.512088
v -35.272930 -17.514029 -11.743379
v -35.753891 -18.362366 -13.307137
v -35.283318 -18.215582 -12.754011
v -33.273956 -14.089290 -11.727092
v -32.913494 -13.977732 -11.871773
v -33.726410 -14.611530 -11.642937
v -33.216946 -14.515882 -12.119710
v -34.139889 -16.525259 -12.829102
v -34.025299 -16.081915 -12.780715
v -33.727146 -16.414938 -13.981934
v -33.470074 -16.035442 -13.683863
v -34.264629 -17.476839 -13.416612
v -34.351967 -17.906811 -14.066610
v -33.853550 -17.480995 -14.830651
v -34.159702 -17.078356 -13.936453
v -33.782639 -16.569548 -13.454690
v -33.747658 -16.058701 -13.232284
v -33.958908 -15.672669 -12.373449
v -33.655632 -15.083482 -12.082470
v -33.085888 -14.664135 -12.652869
v -33.387001 -15.423910 -13.191213
v -33.672958 -15.548295 -12.782327
v -33.387283 -15.026122 -12.480358
v -10.293348 14.431193 -27.876163
v -12.116411 13.575671 -28.829327
v -17.156815 11.848339 -31.334539
v -15.149044 14.597433 -29.343409
v -15.125635 10.937401 -31.294439
v -19.693409 8.186028 -32.375507
v -17.869225 6.912689 -32.591827
v -19.981541 3.347296 -33.153843
v -22.271870 -0.429354 -32.966709
v -10.988520 17.472200 -27.401304
v -10.577990 20.442099 -26.863604
v -7.433081 21.207186 -28.743099
v -6.436538 19.261646 -30.992851
v -12.489828 19.941313 -24.889219
v -25.265186 -5.062162 -31.078711
v -23.752899 -3.008352 -32.150166
v -27.326387 -2.965284 -26.625031
v -26.868559 -3.495677 -29.594927
v -26.083162 0.642762 -18.145052
v -25.377106 2.044510 -21.778194
v -26.342447 0.476657 -20.858553
v -26.148420 1.358653 -18.257818
v -26.208611 0.891643 -18.379723
v -26.357485 0.355787 -20.525965
v -27.662523 -2.030243 -18.721380
v -26.380968 0.116938 -20.383411
v -25.288727 1.960016 -21.902334
v -26.170750 0.490575 -20.954477
v -33.474129 -13.051036 -13.522364
v -33.227783 -12.316798 -14.774362
v -34.215702 -13.858480 -15.832278
v -33.971161 -13.879007 -14.043122
v -28.495783 -4.152640 -23.278929
v -30.144709 -6.499290 -21.702236
v -31.248613 -8.544170 -20.122742
v -30.799702 -7.770069 -18.772106
v -29.788696 -5.803197 -20.095940
v -27.084290 -2.030781 -24.403961
v -30.475660 -7.276359 -17.578157
v -29.324919 -5.034455 -18.841341
v -28.058050 -3.193300 -21.547995
v -26.537636 -0.832579 -22.709311
v -27.835291 -2.590699 -20.111803
v -26.323322 -0.201403 -21.285187
v -26.099827 0.263784 -21.465935
v -32.219795 -10.282701 -18.445450
v -32.968250 -11.634185 -16.633722
v -32.413380 -10.758759 -16.308741
v -31.747307 -9.561171 -17.383022
v -32.404217 -10.900160 -15.289074
v -31.464607 -9.243020 -16.331383
v -25.030783 3.599336 -20.217813
v -25.515833 2.418086 -21.960049
v -23.960716 4.704394 -18.752579
v -24.220652 4.518136 -20.570471
v -23.872635 4.773833 -18.504059
v -23.629427 4.996531 -18.786045
v -24.019791 4.341180 -22.621754
v -23.497625 4.942371 -18.803297
v -21.893745 7.438800 -23.359821
v -22.313816 7.297489 -19.955748
v -23.501169 5.436810 -18.411768
v -23.647867 5.147048 -18.885054
v -23.483131 5.382513 -19.731159
v -23.692608 4.955318 -20.618275
v -23.678358 4.667784 -21.023699
v -23.488317 4.772309 -23.513863
v -23.718632 4.718595 -22.498629
v -21.617493 7.086675 -24.220377
v -25.116062 2.062702 -22.205872
v -23.599646 4.074194 -22.720978
v -23.555950 4.234230 -22.815849
v -23.243441 4.446336 -24.089918
v -21.252165 7.243023 -24.904898
v -22.935625 4.752377 -24.882166
v -18.543972 12.488940 -22.717831
v -19.553253 10.310711 -22.979624
v -18.071459 13.862319 -21.852640
v -19.479696 9.771261 -23.373463
v -18.185087 11.511308 -23.325583
v -19.231304 10.068549 -24.151377
v -18.654770 11.214916 -23.789558
v -14.909859 16.320736 -23.028427
v -14.352837 16.887878 -24.110331
v -13.525592 17.824833 -26.172245
v -19.153860 10.536117 -24.923429
v -18.841196 11.362518 -26.073658
v -20.783630 8.328100 -26.761589
v -21.061825 7.663648 -25.654415
v -18.628435 11.728526 -27.443113
v -18.047974 12.041140 -29.283813
v -20.290638 8.691257 -30.074238
v -20.593327 8.603365 -28.206118
v -16.318897 14.810516 -28.027464
v -17.293133 14.457796 -26.248751
v -17.184933 14.001425 -23.036409
v -18.195751 12.056327 -24.253605
v -18.285221 12.295401 -25.372183
v -22.558430 5.614227 -26.981306
v -22.726152 5.239966 -25.845245
v -22.601662 5.473008 -28.338280
v -23.935442 3.243160 -23.846815
v -23.859901 3.225635 -24.653673
v -23.428858 3.879432 -26.794817
v -23.627205 3.554624 -25.762175
v -26.384727 -1.643139 -28.683178
v -26.428974 -1.153732 -26.921072
v -21.910494 4.895704 -32.618477
v -22.441154 5.369250 -30.294542
v -24.215418 0.973501 -32.071709
v -25.485018 -1.531738 -31.058420
v -25.533390 -0.206880 -29.304344
v -24.199907 2.110866 -29.886715
v -24.040089 2.731285 -27.650145
v -25.439186 0.530854 -27.390173
v -26.170799 0.032590 -22.683350
v -26.282707 -0.572706 -24.883377
v -24.859589 2.063849 -23.241566
v -24.669937 2.077653 -24.369549
v -25.382593 1.046573 -24.152018
v -25.407951 0.823069 -25.568680
v -24.431673 2.251446 -25.828947
v -2.541237 17.759850 -46.299091
v -2.989941 17.768425 -45.988506
v -4.370691 14.836025 -40.886665
v -4.494625 14.960097 -40.853127
v -4.301280 14.645078 -41.379757
v -4.098315 14.805608 -41.999908
v -3.764896 14.716203 -42.576279
v -3.786758 14.706964 -42.921856
v -3.642746 14.668101 -43.410954
v -3.570443 14.667049 -43.609226
v -3.432850 14.665934 -43.975586
v -3.156313 14.616561 -44.706657
v -2.827525 14.600189 -45.377422
v -2.292572 14.730323 -46.198608
v -1.767395 14.736339 -46.737698
v -1.292413 14.709256 -47.250755
v -0.729009 14.818942 -47.935902
v -0.507158 14.704347 -48.005379
v -0.259947 14.973285 -48.283154
v 0.385940 18.232721 -48.474567
v -3.768994 15.367156 -42.938126
v -3.621005 15.359790 -43.385036
v -3.461561 15.352319 -43.997673
v -3.238252 15.333727 -44.723267
v -2.935187 15.313363 -45.427589
v -2.466755 15.276953 -46.186665
v -1.950151 15.203725 -46.741478
v -1.490117 15.117992 -47.246227
v -0.953535 15.199942 -47.641026
v -0.690021 15.254499 -47.870098
v -4.344009 15.594177 -40.532425
v -4.234578 15.453558 -41.203056
v -4.045372 15.397769 -41.912201
v -3.948983 15.384214 -42.440399
v -0.385714 18.240610 -48.471294
v -0.279661 15.291611 -48.033695
v -3.638429 15.897320 -42.907585
v -3.469006 15.893959 -43.424610
v -3.271816 15.876751 -44.066200
v -3.005367 15.843750 -44.783398
v -2.698687 15.802094 -45.508072
v -2.294473 15.731205 -46.230457
v -1.871415 15.611526 -46.844986
v -1.568451 15.451287 -47.335133
v -1.141624 15.595283 -47.524288
v -0.769594 15.697104 -47.703953
v -4.444754 16.039318 -40.222198
v -4.326324 15.959340 -41.104931
v -4.030688 15.917920 -41.818752
v -3.826995 15.899308 -42.403721
v -2.103804 15.444057 -33.475742
v -0.412612 15.760941 -47.805897
v -2.964015 16.229364 -42.856392
v -2.849354 16.227591 -43.409466
v -2.663488 16.187723 -44.069828
v -2.445280 16.126808 -44.784805
v -2.171047 16.046846 -45.508862
v -1.821894 15.856096 -46.236584
v -1.388944 15.803290 -47.081463
v -4.119107 16.606930 -39.971928
v -3.858671 16.467976 -40.783615
v -3.378291 16.312571 -41.720589
v -3.125672 16.249548 -42.321438
v -1.999801 16.381411 -42.836399
v -1.932558 16.349871 -43.423809
v -1.815969 16.307762 -44.084984
v -1.654188 16.244162 -44.798550
v -1.463169 16.110733 -45.526875
v -1.242507 15.983451 -46.267654
v -0.879887 15.925290 -47.358139
v -2.138811 16.911541 -39.870861
v -2.197324 16.731333 -40.667484
v -2.121597 16.534740 -41.673180
v -2.064047 16.429132 -42.275375
v -1.089702 16.423504 -42.812157
v -1.081726 16.390921 -43.419140
v -1.003298 16.355625 -44.085983
v -0.875035 16.269417 -44.811077
v -0.758411 16.110352 -45.540283
v -0.722440 16.023657 -46.292702
v -0.481334 16.017168 -47.478485
v -1.189375 16.783123 -39.829002
v -1.143780 16.656502 -40.616005
v -1.099956 16.507071 -41.543018
v -1.101096 16.442326 -42.213146
v -2.517905 15.847680 -33.461658
v -2.103804 15.624310 -33.364124
v 0.000586 17.890539 -32.196911
v -0.741402 17.806505 -32.243462
v -1.333593 17.675962 -32.360725
v -2.582221 17.286894 -32.683025
v -2.901823 16.776375 -32.892696
v -3.043806 16.471096 -33.091599
v -3.113803 16.104021 -33.139877
v -3.104093 15.938441 -33.504810
v -3.018514 15.883631 -33.574631
v -0.058896 9.250816 36.069435
v -0.068657 9.172788 36.067024
v -0.059823 9.112995 36.055698
v 0.000199 14.314237 -47.571129
v 0.000201 15.004121 -48.394512
v 2.144099 13.575689 -38.444038
v 0.000170 14.355867 -48.349762
v -0.099317 15.397366 -47.758373
v -0.100247 15.515995 -47.705830
v -4.643066 14.663005 -40.689598
v -4.498535 14.300057 -40.957310
v -4.356878 14.101952 -41.472992
v -4.116004 14.105174 -42.338726
v -3.710879 14.049700 -43.380688
v -3.435577 14.032662 -44.073681
v -3.046772 14.032585 -45.026070
v -2.655475 14.100113 -45.666668
v -2.226459 14.209988 -46.232689
v -1.876477 14.354403 -46.694290
v -1.306700 14.599547 -47.279346
v -0.939766 14.695659 -47.523151
v -0.644566 14.715181 -47.649693
v -0.403983 14.699625 -47.693031
v -0.185123 14.690679 -47.731064
v 0.000198 14.692734 -47.746117
v -3.046263 15.364757 -40.938690
v -3.645862 14.892214 -40.724464
v -3.939692 13.376834 -40.262558
v -2.855279 12.950051 -40.147629
v -1.412859 12.641000 -40.047821
v 0.000199 12.578528 -39.869022
v -4.058490 13.494684 -39.364780
v -2.947747 12.928425 -39.164421
v -1.449058 12.595378 -38.892349
v 0.000199 12.545529 -38.647419
v -1.336648 13.186929 -31.238197
v -1.899598 13.711481 -30.984375
v -0.488633 18.278343 -48.466709
v -0.443434 18.396194 -48.410080
v -0.405462 18.415237 -48.397392
v -0.329871 18.381130 -48.403549
v -0.292239 18.235844 -48.462585
v -0.316225 18.081308 -48.532768
v -0.384927 18.057230 -48.551197
v -0.455650 18.103775 -48.539055
v -0.484654 18.196550 -48.501930
v -2.273584 14.073305 -30.938305
v -1.899598 13.864361 -30.869114
v -0.000849 15.727303 -28.771807
v 3.046660 14.472928 -38.704479
v -0.721911 15.648463 -28.836321
v -1.333593 15.529276 -28.966322
v -2.568777 15.177654 -29.351763
v -2.771879 14.764022 -29.918152
v -2.813531 14.557405 -30.381704
v -0.254272 18.610924 -48.699818
v -0.457132 18.806404 -48.536633
v -0.645974 18.521654 -48.553036
v -0.695559 18.310482 -48.637753
v -0.685305 18.137121 -48.727936
v -0.615614 17.885500 -48.854652
v -0.472970 17.764141 -48.945301
v -0.239019 17.866810 -48.974392
v -0.136860 18.274010 -48.875015
v -12.590600 21.566992 -22.988201
v -11.506939 22.409237 -23.496590
v -9.881341 23.567657 -24.809067
v -8.557385 24.371775 -25.589207
v -0.280915 15.353774 -47.569561
v -0.566236 15.336087 -47.478374
v -2.469699 15.183107 -45.041962
v -2.515433 15.446755 -44.306393
v -1.363163 15.208063 -46.949371
v -1.600916 15.177545 -46.554943
v -0.962364 15.262634 -47.228554
v -2.512278 15.563312 -43.681877
v -2.777518 15.820813 -42.841946
v -2.185036 15.117094 -45.540474
v -2.779604 15.660579 -42.109829
v -1.804557 15.163886 -46.215656
v -0.000152 15.631564 -47.629108
v -0.122380 15.504360 -47.611877
v -2.736183 15.356169 -41.175571
v -2.469699 13.912699 -44.995903
v -2.515433 13.880973 -44.249626
v -1.282702 14.129483 -46.904797
v -1.600916 14.177142 -46.518673
v -2.512278 13.880473 -43.620865
v -2.777518 13.855008 -42.770676
v -2.185036 13.896961 -45.496239
v -2.779604 13.927552 -42.047001
v -1.804557 14.025685 -46.174393
v -3.046263 14.411781 -40.391098
v -2.736183 14.393206 -40.903465
v -1.567137 13.698789 -44.989006
v -1.612871 13.542615 -44.258564
v -0.981772 14.133776 -47.094570
v -0.961788 14.019916 -46.438984
v -1.609716 13.436896 -43.638744
v -1.874938 13.269495 -42.804806
v -1.282474 13.767025 -45.484898
v -1.877042 13.219900 -42.079193
v -1.093173 13.935070 -46.129326
v -2.143701 13.514543 -40.130661
v -1.833621 13.487598 -40.873863
v 0.000199 13.698789 -44.989006
v 0.000199 13.542615 -44.258564
v 0.000199 14.197807 -47.305805
v 0.000199 14.019916 -46.438984
v 0.000199 13.436896 -43.638744
v 0.000199 13.269495 -42.804806
v 0.000199 13.767025 -45.484898
v 0.000199 13.219900 -42.079193
v 0.000199 13.935070 -46.129326
v 0.000199 13.513504 -40.159302
v 0.000199 13.487598 -40.873863
v -0.333073 14.191387 -47.284050
v -0.668344 14.180717 -47.201008
v -0.205230 14.193588 -47.301250
v 0.000199 14.154027 -46.742573
v 0.000199 14.181899 -47.101139
v 1.900770 13.864361 -30.869114
g Set blendShape1Set skinCluster1Set tweakSet1
v 3.950449 15.320826 -34.740753
g blendShape1Set skinCluster1Set tweakSet1
v 12.899539 4.736625 21.368526
v 9.453562 6.073884 22.486971
v 7.991366 5.316818 22.076494
v 10.473989 2.919033 21.828827
v 1.986829 8.511053 31.099291
v 0.996656 8.534777 29.812332
v 0.847785 8.546937 30.576664
v 1.965804 9.107301 30.925938
v 9.240365 4.166710 25.586575
v 8.216680 4.530100 24.918539
v 4.058120 5.102124 26.014481
v 7.688009 5.296242 27.890999
v 8.423676 8.786138 28.910872
v 8.091579 8.296035 26.937096
v 8.379243 7.908554 27.720352
v 8.330131 8.749756 29.484129
v 6.292686 9.508173 30.916456
v 9.028604 8.168164 32.276943
v 7.131568 8.829006 32.845181
v 4.185496 8.823587 31.693205
v 4.293559 9.850245 31.392748
v 9.943875 7.235545 24.517952
v 11.833718 6.775702 26.301256
v 13.041905 2.227925 28.237007
v 15.511847 3.927292 28.102047
v 13.427915 5.360716 29.011362
v 9.018647 7.768935 25.726437
v 10.106481 7.342120 27.010805
v 14.936988 -0.775770 44.155739
v 15.233629 -0.761765 45.197838
v 16.021233 -1.087479 44.321693
v 15.719249 -1.351348 43.218338
v 14.590022 -0.304451 46.113201
v 14.271684 -0.129214 44.952881
v 13.444941 0.435965 45.895000
v 13.654016 0.065612 47.109196
v 11.806012 1.537022 46.407925
v 11.285838 1.935917 46.876797
v 11.487831 1.138533 48.239105
v 11.882960 0.949656 48.373112
v 9.473504 3.939982 45.248924
v 8.721167 4.200054 45.658058
v 9.194195 3.571268 47.024597
v 10.015669 3.153600 46.923306
v 10.656806 3.105309 43.980221
v 11.038682 2.516581 45.533985
v 11.563556 2.045076 44.832268
v 11.211624 2.568989 43.243813
v 11.818226 1.973215 42.573887
v 12.099177 1.570547 44.137978
v 12.491050 1.413210 41.686798
v 12.150377 1.721108 42.100079
v 12.485731 1.230427 43.681416
v 12.820748 0.919770 43.291786
v 13.523141 0.250195 42.518444
v 13.182969 0.777283 40.892803
v 15.564789 -1.486300 42.654072
v 15.351729 -1.259934 41.538506
v 14.336550 -0.498192 42.005875
v 14.638377 -0.748863 43.318443
v 8.734607 4.904342 43.504627
v 7.796321 5.757069 43.311138
v 9.584656 4.312755 43.051617
v 10.104874 3.584267 44.699966
v 10.248755 3.774436 42.303761
v 11.444669 2.640849 40.868404
v 10.861996 3.206059 41.594719
v 12.168797 2.020283 39.902775
v 11.816681 2.323458 40.373825
v 12.812753 1.407573 39.037064
v 15.079879 -0.971125 40.115093
v 14.327888 -0.267472 36.950054
v 13.245892 0.983401 37.986031
v 13.959765 0.041015 40.329342
v 10.377437 4.974457 34.562389
v 10.094890 5.354414 33.388889
v 9.781521 5.691773 33.919571
v 9.926986 5.483030 34.982224
v 10.407402 5.001419 32.889805
v 10.751925 4.574665 34.082558
v 11.093726 4.142356 33.573078
v 10.710502 4.567929 32.370926
v 7.817003 6.250123 40.909924
v 6.342941 6.356927 43.393322
v 6.576015 6.156937 44.430817
v 8.123689 5.590524 42.391083
v 8.803601 5.742847 39.713463
v 9.116902 5.032934 41.441013
v 9.890356 4.461997 40.614388
v 9.626956 5.154288 38.853443
v 10.890893 3.954478 37.416828
v 10.304403 4.524791 38.075817
v 10.536216 3.888547 39.849323
v 11.163966 3.299405 39.094200
v 11.630748 3.259413 36.488235
v 11.280370 3.576750 36.948437
v 11.535060 2.966530 38.607033
v 11.867267 2.670557 38.157482
v 12.435684 2.088598 37.175758
v 12.189882 2.606654 35.532997
v 13.776484 0.541674 33.483261
v 12.845748 1.726248 34.517159
v 13.051571 1.336840 36.167263
v 13.994211 0.159377 35.141808
v 7.243892 7.130068 38.394192
v 5.285635 7.783166 39.280651
v 8.551220 6.493206 37.595745
v 9.482357 5.744505 36.952965
v 10.636332 4.516166 35.914394
v 10.109575 5.069178 36.444847
v 11.389089 3.709719 34.922619
v 11.032506 4.111183 35.429623
v 11.865077 3.107376 34.030632
v 13.526621 0.901889 31.875536
v 12.521318 2.157399 32.983150
v 6.713007 7.821026 35.602661
v 4.947195 8.251016 36.064251
v 8.280137 7.020509 35.168484
v 9.297207 6.190115 35.130714
v 11.599327 3.449590 32.737591
v 13.290653 1.256741 30.229155
v 12.227566 2.571409 31.660917
v 10.548151 2.925289 46.278069
v 9.958559 2.958507 47.746017
v 10.735555 2.435801 47.336166
v 15.166556 -0.448774 47.216988
v 15.408976 -0.503629 47.203876
v 13.885890 -0.817568 49.040123
v 13.343644 -0.169159 49.346802
v 13.103762 0.328449 47.598263
v 9.565899 3.212129 48.331886
v 15.201915 1.100628 45.048492
v 15.339073 0.413282 46.231480
v 14.527374 0.715056 47.325203
v 14.503873 1.517569 45.634487
v 13.922586 1.039731 47.778282
v 13.933124 1.860748 46.072853
v 13.459167 2.185312 46.441490
v 13.120558 1.247074 48.133682
v 12.176967 1.348710 48.188499
v 12.327673 2.691550 47.179653
v 9.590651 3.249641 48.350910
v 10.942518 3.609081 47.305626
v 10.255852 2.488225 48.535866
v 9.773620 2.754451 48.647182
v 11.552571 3.255150 47.238617
v 11.412329 3.862172 45.948429
v 12.415470 3.369188 45.417732
v 13.304728 2.875120 44.744221
v 14.403522 2.116840 43.915855
v 13.835801 2.505258 44.327271
v 15.422529 1.384984 41.287052
v 15.763998 0.636098 40.763741
v 16.025410 0.077420 42.188786
v 15.634126 0.939980 42.812191
v 9.575698 5.412557 43.614826
v 10.051816 4.629549 45.137321
v 8.680680 4.345949 45.658669
v 7.958233 5.883733 43.487797
v 11.155813 4.455783 44.449783
v 10.789289 5.128122 42.832081
v 11.960491 4.649775 41.889389
v 12.223028 4.028764 43.658218
v 12.980376 3.997481 41.010578
v 13.140069 3.463340 42.942280
v 14.229985 3.014881 39.953449
v 14.279822 2.611948 42.104813
v 13.708278 3.032995 42.465195
v 13.581123 3.531758 40.464184
v 5.281050 9.080445 33.479694
v 11.918757 6.517490 30.918915
v 12.438061 6.100775 30.346039
v 12.920867 5.526998 32.167206
v 12.373763 5.973907 32.687817
v 15.254093 2.780758 30.084675
v 13.988793 4.417784 31.048901
v 8.547969 6.652115 40.966869
v 8.980438 5.999196 42.537998
v 7.053585 6.337063 44.577103
v 6.824015 6.531829 43.540741
v 9.954388 6.437021 39.401154
v 10.360153 5.773915 41.235058
v 11.283565 5.940021 38.179066
v 11.629216 5.290266 40.085697
v 12.323640 5.271749 37.181889
v 12.628058 4.641160 39.121723
v 13.590929 4.242321 35.862194
v 13.874820 3.628925 37.808483
v 13.329764 4.107382 38.409657
v 13.032203 4.740836 36.469490
v 14.510904 3.105525 34.640434
v 14.723915 2.526788 36.421745
v 15.289948 1.694396 33.380020
v 15.367035 1.169573 34.977337
v 14.971839 2.057500 38.254883
v 15.581183 0.606707 36.861938
v 7.933609 7.608748 38.301331
v 5.650553 8.294731 39.380154
v 9.547997 7.136439 37.157215
v 10.944467 6.575726 36.126736
v 12.026142 5.884543 35.212631
v 13.308906 4.837565 33.962620
v 12.724096 5.367589 34.558098
v 14.285444 3.713981 32.858559
v 15.214234 2.197249 31.704494
v 7.708930 8.169462 35.639420
v 5.246620 8.826245 36.084278
v 9.279700 7.678317 34.749470
v 10.684347 7.108157 34.018894
v 11.691573 6.464711 33.295246
v 10.487733 4.054241 46.468903
v 15.187549 -0.464667 47.674561
v 14.386937 -0.697316 49.376202
v 13.600278 -0.100912 49.660076
v 12.802563 0.388496 50.157261
v 11.819270 1.097100 48.532768
v 9.222514 3.753075 47.046703
v 16.291645 -0.945999 43.440540
v 16.227558 -1.031308 44.326374
v 11.430692 1.280890 48.396069
v 9.736120 2.721363 48.591980
v 10.204980 2.459781 48.442776
v 4.945398 8.815508 33.358528
v 15.653746 -0.696983 47.382351
v 16.296955 -0.875303 44.750896
v 15.458379 -0.528846 47.277153
v 15.521060 -0.484876 47.282387
v 12.796297 0.287344 50.144466
v 11.318619 6.952089 29.237122
v 11.615279 6.628013 28.966513
v 11.418760 6.966177 31.444151
v 10.530014 7.590992 32.003937
v 10.199495 7.857553 30.391235
v 11.053020 7.319870 29.757244
v 9.884549 5.455761 31.838690
v 10.167508 5.039538 31.273087
v 9.393981 5.418198 30.202927
v 9.120173 5.803505 30.785885
v 9.779588 4.764300 29.174202
v 10.903913 3.733437 28.165503
v 16.048719 14.497567 -21.910971
v 17.406319 13.028452 -21.046038
v 17.910362 12.538936 -20.004492
v 16.310965 12.782190 -21.680992
v 16.794485 10.899796 -20.380764
v 15.038020 11.105357 -21.997173
v 14.792007 10.826512 -23.071383
v 16.040741 10.381335 -21.685984
v 14.965683 9.580410 -23.655249
v 13.610655 10.508421 -24.233566
v 12.735572 10.254134 -26.943243
v 11.990189 10.891754 -25.941639
v 18.181406 12.673950 -19.947762
v 17.679249 13.163481 -20.989830
v 18.953186 12.594337 -21.023315
v 19.075848 12.378026 -19.449562
v 18.237322 11.365425 -19.635557
v 18.801510 12.248425 -19.508324
v 17.735565 10.200451 -21.125467
v 16.914934 9.280908 -22.810574
v 16.247438 7.872087 -24.692909
v 14.842965 8.174736 -27.784128
v 20.532272 10.532248 -19.098196
v 20.607689 10.793182 -19.306700
v 22.352013 8.906622 -19.115051
v 22.472471 8.446063 -18.753153
v 20.346521 10.142944 -19.372068
v 21.830679 8.366820 -19.161905
v 18.379309 8.924453 -22.211168
v 20.495806 6.963605 -22.080275
v 18.918503 5.607312 -25.720829
v 19.755905 9.037606 -20.376938
v 20.684614 8.080769 -20.205399
v 17.795341 5.372015 -28.994413
v 22.411594 8.276894 -18.978180
v 22.755470 8.154117 -19.254959
v 24.108673 6.224822 -19.159731
v 24.086657 6.127279 -18.748657
v 22.445690 7.731557 -19.166355
v 23.823881 5.811054 -19.084728
v 22.558670 4.540334 -21.992496
v 21.124485 3.317870 -25.858084
v 21.769197 6.490124 -20.027454
v 22.662556 5.605586 -20.017754
v 20.218521 2.543035 -29.112417
v 24.129833 5.425294 -19.194777
v 24.433470 5.728125 -18.834459
v 25.504583 4.597558 -18.902660
v 25.186794 4.079097 -19.083889
v 24.617407 2.378131 -21.762632
v 23.679245 0.677375 -25.671278
v 23.854439 4.358701 -19.967842
v 24.733147 3.442248 -19.870712
v 22.445488 -0.126196 -28.924814
v 26.095507 3.652338 -18.943674
v 26.010815 3.839961 -19.779383
v 27.253609 2.502321 -19.220594
v 27.272663 2.331857 -18.644253
v 25.786154 3.189626 -18.928110
v 26.788363 1.935662 -18.708151
v 25.620863 2.441969 -19.751383
v 26.253418 1.696498 -19.685720
v 24.502354 -1.274126 -27.054678
v 25.808168 -1.298318 -24.691187
v 25.717239 -2.411818 -26.502239
v 27.718882 1.948263 -19.568275
v 27.749163 1.323705 -21.081526
v 28.869190 0.247976 -20.232138
v 29.098551 0.120845 -19.131443
v 27.463169 2.012856 -18.663933
v 28.886482 0.316128 -18.117424
v 26.934855 1.662288 -18.741493
v 28.460596 -0.035608 -18.215601
v 30.238708 -7.015548 -23.812016
v 27.974810 -4.760692 -25.218672
v 27.841602 -3.565198 -24.030598
v 30.276583 -6.065583 -22.341839
v 31.475824 -9.135089 -27.748144
v 28.544329 -6.206797 -30.657768
v 27.681681 -6.692312 -29.209671
v 30.259304 -8.970981 -27.000797
v 29.299543 -0.000142 -18.643158
v 29.815426 -0.997903 -19.764044
v 31.039841 -2.576137 -19.142399
v 31.165995 -2.741895 -17.708897
v 29.137266 -0.038683 -18.054960
v 31.045437 -2.521741 -17.128130
v 28.776505 -0.478514 -18.164587
v 30.727938 -2.972188 -17.211620
v 28.875284 -1.477358 -18.711248
v 29.853191 -2.679436 -18.177841
v 33.599110 -11.116412 -25.727594
v 34.409153 -8.827963 -25.380312
v 32.558903 -7.000840 -27.204872
v 32.645802 -4.572138 -16.743494
v 33.081326 -5.369332 -17.651705
v 33.685230 -6.241327 -17.149836
v 33.552719 -5.947269 -15.988532
v 32.374096 -4.377708 -16.319853
v 33.435692 -5.806420 -15.544851
v 31.997173 -4.649990 -16.491879
v 33.236664 -6.166178 -15.550757
v 31.854242 -7.875631 -20.942686
v 31.821936 -5.954793 -18.371531
v 33.245884 -7.452323 -17.182110
v 33.439209 -9.255177 -19.398142
v 32.244831 -5.620974 -16.770475
v 32.891018 -6.369069 -16.213634
v 31.964827 -8.782386 -22.187078
v 32.342358 -10.865950 -24.868732
v 37.237419 -13.756921 -21.653324
v 37.280273 -11.743969 -21.402895
v 35.884022 -10.418651 -23.415106
v 35.147263 -12.424426 -23.896786
v 33.537403 -10.173465 -20.624924
v 34.959270 -10.371192 -17.687931
v 35.177208 -11.310277 -18.630743
v 33.816189 -12.204737 -22.945337
v 35.754478 -13.180003 -20.638493
v 35.551029 -8.857038 -13.626149
v 35.810993 -8.587417 -13.549051
v 36.143650 -9.198624 -13.475445
v 35.965183 -9.393057 -13.505017
v 35.545147 -9.263644 -14.053037
v 35.275368 -8.874114 -14.213136
v 35.362568 -8.670084 -13.848309
v 33.682625 -11.308183 -22.091343
v 35.294060 -12.350016 -19.735657
v 30.233843 -8.087632 -25.670071
v 32.155476 -9.896859 -23.783625
v 27.791834 -5.882497 -27.404037
v 21.917496 -0.402498 -31.664852
v 24.086721 -2.243157 -28.869213
v 24.073652 -3.190371 -31.445318
v 19.459866 2.736670 -32.011524
v 17.101297 5.756686 -31.957132
v 14.193116 9.372088 -30.733812
v 11.754478 11.873442 -28.790392
v 10.486360 13.069402 -26.288557
v 19.044884 10.443731 -19.926746
v 18.824959 9.798959 -20.720623
v 19.732969 8.193055 -21.400154
v 19.559494 11.089737 -20.025394
v 19.673809 11.259798 -20.462234
v 20.066801 11.432924 -20.488111
v 19.842415 10.348581 -24.717388
v 20.936661 10.077790 -21.389380
v 20.713558 10.784418 -19.725719
v 20.063652 11.584037 -20.379152
v 19.593987 11.653069 -20.033443
v 21.498869 8.390896 -25.289688
v 22.270952 8.674511 -20.041370
v 22.316034 8.768715 -19.604830
v 21.846422 8.917024 -21.236038
v 22.172188 8.095191 -19.923687
v 22.187159 8.135328 -19.658915
v 21.913183 7.815349 -19.579708
v 21.208956 7.364454 -20.417408
v 20.415833 7.389440 -21.309990
v 21.461008 6.238028 -20.997608
v 24.030687 5.746474 -19.271219
v 23.800150 5.388961 -19.616915
v 23.168360 4.921834 -20.254381
v 22.220858 5.450541 -20.998224
v 23.559855 4.055672 -20.922989
v 25.511642 4.774002 -19.561419
v 26.009203 3.908334 -19.744139
v 26.008348 3.908648 -19.169847
v 25.574741 3.403605 -19.141222
v 25.102425 2.886101 -20.030184
v 24.303381 3.300738 -20.839647
v 25.414787 2.108413 -20.657339
v 27.311068 1.879351 -18.998539
v 26.847044 1.461185 -19.049002
v 26.644281 1.077455 -19.851175
v 29.012789 -0.071585 -18.994379
v 28.841719 -0.014401 -18.450514
v 28.406134 -0.329090 -18.518742
v 28.301968 -0.932537 -19.225643
v 26.031622 1.442607 -20.524357
v 31.331507 -3.021100 -19.202877
v 31.183538 -2.965775 -17.925705
v 31.033646 -2.860051 -17.452433
v 30.689569 -3.177992 -17.526644
v 30.399364 -3.497438 -18.181030
v 30.220192 -4.073004 -19.477551
v 29.658552 -2.937208 -19.020262
v 30.904562 -4.010225 -17.678686
v 30.824463 -4.369890 -18.382689
v 30.868959 -3.173896 -17.108364
v 31.270821 -2.877810 -16.979755
v 31.352200 -3.086188 -17.552210
v 31.765524 -3.609495 -18.543762
v 31.937401 -4.606956 -16.550089
v 31.456484 -4.753393 -17.336292
v 32.260849 -4.234237 -16.422104
v 32.385197 -4.463517 -16.923944
v 26.455231 0.423491 -21.249830
v 28.264383 -1.762099 -20.595570
v 27.853447 -0.216259 -19.205227
v 27.111486 0.692117 -19.497398
v 27.105974 0.183228 -20.249451
v 27.738058 -0.598970 -20.007521
v 28.945749 -2.070725 -19.428267
v 32.389656 -4.472785 -18.038408
v 32.762173 -5.000936 -18.209053
v 32.452080 -4.625878 -17.051897
v 32.279461 -4.485328 -16.593023
v 31.933603 -4.786273 -16.734058
v 31.849506 -5.301347 -17.280647
v 31.366308 -5.030624 -18.020546
v 32.277161 -6.071817 -17.357130
v 34.049026 -6.780903 -17.155205
v 33.677246 -6.255114 -15.993755
v 33.525158 -6.086533 -15.601876
v 33.245365 -6.371014 -15.726455
v 33.211700 -6.848818 -16.157238
v 32.790150 -6.633247 -16.920778
v 33.546719 -7.119794 -15.703568
v 33.610764 -7.492673 -16.214550
v 33.459129 -6.402890 -15.348127
v 33.730198 -6.108826 -15.240052
v 34.008614 -6.477481 -15.557780
v 34.298508 -6.912832 -16.007980
v 35.732731 -11.710019 -17.845480
v 35.522491 -10.791940 -16.881744
v 36.005760 -11.152993 -16.190012
v 36.288200 -12.109771 -17.060104
v 36.530533 -13.697513 -19.379635
v 35.829636 -12.737713 -18.829388
v 36.435535 -13.195975 -17.748930
v 37.009911 -14.017883 -18.463818
v 38.759731 -12.960170 -19.173840
v 38.151199 -12.493594 -20.276360
v 37.920891 -14.203066 -20.583136
v 38.579048 -14.653517 -19.601192
v 34.535248 -6.938560 -14.473475
v 34.480457 -7.019240 -15.109962
v 34.198906 -7.286454 -14.747167
v 34.019840 -7.619246 -15.295156
v 35.409855 -7.981198 -13.782514
v 34.696186 -7.037862 -14.264595
v 35.038368 -7.608730 -14.667780
v 35.564171 -8.229767 -14.223631
v 34.443153 -7.420829 -14.445144
v 35.141720 -8.340506 -13.941078
v 34.636986 -8.191878 -14.759854
v 35.011024 -8.626209 -14.396622
v 34.512852 -8.518574 -15.995410
v 35.104946 -7.890735 -15.456304
v 35.888451 -8.720176 -14.574918
v 34.603569 -7.203548 -14.570277
v 34.797722 -7.430093 -14.971813
v 34.372181 -7.593398 -14.685919
v 35.222309 -8.295177 -16.356512
v 34.049717 -7.892920 -15.811522
v 34.381592 -7.991367 -15.143877
v 34.736076 -8.525089 -15.211636
v 35.384296 -9.300240 -14.955003
v 35.617157 -9.687111 -14.626384
v 34.387356 -7.184362 -15.813839
v 36.094982 -9.267263 -15.239409
v 35.793682 -8.605519 -14.188682
v 35.576385 -8.377050 -13.815216
v 36.000141 -8.815947 -13.938498
v 36.180286 -9.104613 -14.434564
v 35.045330 -8.839643 -14.861200
v 36.281483 -9.308015 -13.774933
v 36.425282 -9.589457 -14.221179
v 37.125904 -11.123968 -12.803480
v 36.861694 -10.950440 -13.131338
v 36.441422 -10.597160 -13.298068
v 36.425888 -9.897464 -12.917792
v 36.140793 -10.061756 -13.592800
v 36.271385 -9.714085 -13.046536
v 36.454498 -9.633243 -13.162914
v 35.915707 -9.842207 -13.912002
v 25.575632 -4.825435 -30.820208
v 25.396265 -3.522079 -28.412643
v 30.069447 -4.615418 -29.589838
v 22.460972 8.500802 -20.037500
v 22.930830 8.224771 -19.644003
v 25.563370 4.771813 -19.918957
v 26.060572 4.120001 -19.912840
v 26.030107 3.788855 -20.111197
v 26.161568 3.922958 -20.060369
v 2.040688 8.353787 -27.997868
v 2.280487 7.401003 -26.005560
v 4.620769 7.721672 -26.098186
v 3.980641 8.598575 -28.013399
v 1.772234 9.261936 -29.565502
v 2.550318 10.509361 -30.684650
v 11.149324 7.758368 22.698875
v 11.586921 8.343946 26.291042
v 13.118283 8.364035 24.792208
v 11.510668 9.737305 -24.095678
v 8.957550 10.582472 -25.783321
v 10.294912 9.081394 -23.684996
v 17.469057 8.822836 -7.559930
v 17.327444 8.867670 -11.063126
v 12.250208 6.404726 -11.964424
v 13.342529 6.608018 -8.839289
v 18.917080 9.452484 -4.158922
v 12.782650 5.671952 -6.048347
v 17.438250 8.771807 -0.784967
v 12.443969 5.348680 -2.072021
v 18.125824 8.998784 2.832312
v 13.137987 5.856963 1.984089
v 16.348904 8.496175 8.155943
v 11.580285 5.440765 6.227552
v 16.475176 8.851401 11.757380
v 12.042499 6.018582 10.320103
v 14.469063 7.880728 14.183019
v 10.702922 5.743389 12.747181
v 14.006864 7.605619 16.141056
v 10.162674 5.811309 14.478517
v 14.701294 8.166399 19.582764
v 9.685198 6.748134 15.888225
v 8.522121 6.044102 18.632544
v 10.833790 6.840052 18.967468
v 11.204968 7.729144 21.845287
v 2.369665 6.930505 -24.821154
v 2.459398 6.410229 -23.686905
v 4.814245 6.624219 -23.712070
v 4.727900 7.097983 -24.770430
v 2.522550 5.980927 -21.097118
v 2.580603 6.113337 -20.917877
v 5.113222 6.453384 -21.325754
v 5.100319 6.320127 -21.486568
v 2.563775 5.905218 -20.755632
v 2.592841 4.737805 -18.436598
v 5.149460 4.972985 -18.412720
v 5.111623 6.237003 -21.150345
v 2.603701 3.872340 -15.901058
v 2.433988 3.124214 -10.061212
v 2.424426 2.852099 -10.333316
v 2.426405 2.825219 -9.860561
v 2.486026 2.298125 -4.068767
v 2.437820 2.571806 -7.114462
v 2.534898 2.689748 -0.568627
v 2.526935 2.517279 -0.791727
v 2.522502 2.500208 -0.348854
v 2.446258 2.941125 10.162483
v 2.439387 2.769156 9.937256
v 2.428416 2.756955 10.341758
v 2.281025 3.010686 13.178815
v 2.081106 3.472825 15.696369
v 3.613272 4.869869 22.691442
v 3.432667 4.522569 21.867462
v 8.569573 7.637454 -23.464045
v 7.642990 8.015001 -24.823294
v 7.749821 6.988597 -20.339859
v 7.742285 7.044020 -20.475445
v 8.183666 5.690817 -17.773321
v 7.777858 6.933233 -20.101305
v 8.597974 4.856346 -15.688649
v 5.288571 4.253754 -15.889663
v 8.696968 3.588956 -9.971940
v 8.682356 3.314204 -10.280231
v 4.960306 2.942040 -10.847254
v 4.970802 3.210304 -10.558334
v 8.705026 3.280590 -9.750119
v 4.964580 2.910506 -10.387506
v 8.702224 2.668931 -3.685888
v 8.825266 2.939139 -6.840420
v 4.865887 2.600860 -7.095123
v 4.854663 2.293154 -3.992903
v 8.524706 2.990015 -0.074043
v 8.535234 2.991982 -0.287273
v 4.794709 2.564116 -1.236927
v 4.801232 2.737168 -1.018917
v 8.508289 2.989828 0.132786
v 4.785843 2.551728 -0.815057
v 7.929666 3.653113 10.121076
v 7.946526 3.644022 9.895689
v 4.619582 2.991526 9.202675
v 4.623967 3.169656 9.440882
v 7.895264 3.663696 10.378416
v 4.597671 2.990198 9.644978
v 7.085977 4.514903 15.044450
v 7.508851 4.456158 13.161756
v 4.394870 3.546042 13.245368
v 4.143942 3.929643 15.662699
v 6.164836 6.199528 19.956373
v 6.709600 5.442701 16.816597
v 5.409080 5.942840 20.245872
v 3.922634 5.819974 22.304874
v 3.876655 5.034483 24.542255
v 1.739509 4.001561 18.084126
v 9.558373 7.499598 -20.133829
v 9.089192 7.501873 -21.147884
v 11.009197 7.432951 -17.760664
v 9.518699 7.149864 -18.593737
v 11.765465 7.095068 -15.001873
v 10.902272 4.605880 -9.756975
v 10.230560 4.481328 -11.545267
v 10.376304 4.148979 -8.316380
v 10.427297 4.224092 0.331935
v 10.104890 3.967556 -1.243443
v 9.882964 3.947889 1.229190
v 9.593138 4.478295 10.273378
v 9.825354 4.514518 8.712928
v 9.356094 4.573373 11.626126
v 9.781770 6.051671 15.642697
v 6.795961 4.801363 16.221653
v 4.719779 5.078640 19.497652
v 5.275035 5.339887 20.201971
v 1.198931 4.420669 20.235163
v 3.682756 4.542718 18.509958
v 2.246861 4.610167 20.750446
v 8.246390 3.294819 6.776950
v 4.735135 2.751610 6.446995
v 2.438754 2.651182 5.800786
v 8.601093 3.964612 -13.371793
v 5.141132 3.677368 -13.493820
v 2.520159 3.331360 -13.307449
v 10.697888 7.760180 -20.037094
v 1.489958 22.608984 -34.122696
v 1.442071 22.717552 -34.757874
v 4.118852 20.438688 -34.082420
v 2.954420 21.573017 -34.064320
v 2.871114 21.746592 -34.739319
v 4.018296 20.724115 -34.765968
v 1.465265 23.254230 -38.718334
v 1.384520 23.076056 -40.145363
v 3.920544 21.528883 -38.756042
v 2.825052 22.666544 -38.732353
v 2.696805 22.617935 -40.236210
v 3.760429 21.484825 -40.221420
v 0.875993 21.824429 -45.274883
v 0.925899 22.075874 -44.389610
v 2.316323 13.777807 -34.782696
v 2.615066 14.224070 -34.249348
v 4.543772 14.195312 -37.213551
v 4.947443 15.070718 -37.456413
v 4.907914 14.811036 -38.091808
v 4.406446 13.801625 -37.743248
v 1.179166 12.885628 -43.006504
v 2.276850 13.101017 -43.054306
v 0.680634 13.423636 -45.563431
v 0.554869 13.504737 -46.078449
v 1.387184 13.484521 -45.596947
v 1.145948 13.551142 -46.089867
v 1.536542 12.560426 -37.814163
v 3.074112 12.959539 -38.179420
v 2.720944 12.994661 -41.254578
v 1.359002 12.726813 -41.168335
v 3.025789 13.333518 -43.133503
v 4.715299 18.183458 -39.083336
v 4.799353 16.354921 -39.251362
v 4.925198 16.350637 -38.177326
v 4.856850 17.965235 -37.905052
v 3.792333 14.418277 -43.466621
v 3.958285 14.446997 -42.998634
v 4.047002 15.281152 -43.163414
v 3.928424 15.239588 -43.581135
v 2.593732 14.971331 -46.433975
v 2.086689 14.908696 -47.075413
v 1.918844 14.466678 -46.922058
v 2.455546 14.496152 -46.333096
v 1.612826 13.646045 -46.133324
v 1.940791 13.564626 -45.622700
v 0.815270 20.688799 -46.910812
v 0.773445 20.031511 -47.564682
v 3.164512 14.966485 -45.525928
v 2.970074 14.435469 -45.371944
v 3.297859 14.414025 -44.697697
v 3.490509 15.024096 -44.867279
v 1.120302 22.535494 -42.562901
v 1.293933 22.784945 -41.479630
v 2.744311 21.968582 -42.941322
v 3.242062 21.328518 -43.025188
v 3.443933 21.351007 -42.357513
v 2.907353 22.041552 -42.350567
v 4.237321 15.334801 -42.630955
v 4.069335 14.468836 -42.700558
v 4.172426 14.542979 -42.456818
v 4.442188 15.510661 -42.125042
v 0.781456 14.271660 -47.786148
v 1.434537 14.449946 -47.477924
v 1.566429 14.809849 -47.698708
v 0.912963 14.646831 -48.347797
v 3.683112 13.296279 -41.324753
v 3.405588 13.320588 -42.221722
v 2.567770 13.006845 -42.163891
v 1.306992 12.769305 -42.104343
v 0.307782 14.006124 -47.255707
v 0.272560 14.324895 -47.560150
v 0.533248 14.344873 -47.542027
v 0.775306 14.389097 -47.523182
v 0.561304 15.307934 -47.603760
v 0.218512 15.297585 -47.719391
v 2.326368 13.449244 -44.856953
v 1.718263 13.325965 -44.790432
v 2.035994 13.210399 -43.874565
v 2.698936 13.370587 -43.914337
v 1.045784 13.046521 -43.792057
v 0.896678 13.228924 -44.741535
v 4.033399 19.420801 -43.168991
v 4.221509 18.009136 -42.846611
v 4.374542 18.310196 -41.669872
v 4.190166 20.042757 -41.825352
v 4.551801 18.359566 -40.384495
v 4.528083 19.962742 -38.873707
v 4.441698 20.059925 -40.298447
v 0.692125 14.036096 -47.244881
v 0.963359 13.681713 -46.574554
v 1.324008 13.785933 -46.624111
v 0.947326 14.115911 -47.255108
v 0.447194 13.641397 -46.565292
v 4.220773 16.608925 -42.706142
v 4.423747 16.815554 -41.728947
v 3.937933 17.436522 -43.913082
v 3.994939 16.334717 -43.537067
v 3.486635 15.637825 -45.129913
v 3.206583 15.544686 -45.642212
v 2.693860 15.477920 -46.416473
v 2.195670 15.416126 -47.112614
v 1.676182 15.368083 -47.790947
v 1.124568 15.230141 -48.459557
v 0.157138 14.574833 -48.594959
v 0.127636 14.824759 -48.731686
v 3.492174 14.749316 -43.499477
v 3.528130 13.682493 -43.272972
v 2.985342 14.541216 -45.045635
v 2.795025 13.672598 -44.932674
v 3.183631 13.672837 -44.030350
v 3.271109 14.662424 -44.202827
v 1.895705 14.858025 -46.701332
v 1.452931 15.169189 -47.147499
v 1.154389 14.281551 -47.299358
v 1.705422 13.977971 -46.682499
v 0.940236 15.274904 -47.451309
v 1.010739 14.403532 -47.385590
v 4.624566 16.828066 -40.536659
v 2.601673 22.420641 -41.693737
v 3.613969 21.417355 -41.543030
v 3.932978 13.720050 -42.271103
v 3.847218 14.943695 -42.606178
v 2.642779 13.344931 -35.555103
v 1.893145 12.913826 -36.559555
v 4.658819 19.766584 -37.457401
v 4.011137 21.435043 -37.232979
v 2.910737 22.469559 -37.108315
v 1.515068 23.112122 -37.025616
v 4.180823 13.602964 -38.538887
v 4.696367 15.527128 -39.977463
v 4.670055 14.593541 -39.739822
v 4.743872 14.767612 -38.865730
v 4.977541 16.245951 -37.550346
v 4.970915 17.295076 -37.021606
v 4.052901 21.155134 -35.837074
v 2.910526 22.035606 -35.844765
v 1.497350 22.859140 -35.911087
v 3.423932 13.227716 -37.123920
v 2.007385 21.571558 -45.175659
v 2.155984 21.216549 -45.059402
v 2.479439 21.247108 -44.283283
v 2.311330 21.720125 -44.427288
v 1.678040 19.290094 -47.132324
v 1.738202 19.227747 -46.975246
v 1.826849 20.168680 -46.632858
v 1.691573 20.376129 -46.760849
v 1.925347 20.993425 -45.828732
v 1.807759 21.096231 -45.983646
v 0.838234 21.327570 -46.179859
v 3.022277 21.229778 -43.470428
v 2.537164 21.862698 -43.582626
v 1.000979 22.306442 -43.504467
v 3.253229 20.877848 -43.793232
v 3.128436 21.044523 -44.341858
v 3.513981 20.686445 -44.191757
v 3.437131 20.589388 -43.965816
v 2.784208 20.676456 -45.976372
v 2.525156 19.905624 -46.747826
v 3.159095 19.413122 -46.476856
v 3.368205 20.146904 -46.041302
v 2.514866 19.006311 -46.921436
v 2.904443 18.809298 -46.679821
v 3.944735 18.188459 -44.084213
v 2.821844 16.571020 -46.433617
v 3.235358 16.519295 -45.755913
v 3.160807 16.964390 -45.732765
v 2.816655 16.998510 -46.350933
v 3.794261 18.243279 -45.365856
v 4.040744 19.024511 -44.677155
v 4.011855 19.045877 -44.713905
v 3.773138 18.319162 -45.357067
v 3.763199 19.816498 -44.401688
v 3.817628 19.827259 -44.371414
v 3.600331 20.336626 -44.216873
v 3.558857 20.406694 -44.224800
v 3.502061 20.239405 -44.289181
v 3.526234 20.210878 -44.297550
v 3.426999 19.883850 -46.009102
v 3.243658 19.215837 -46.357845
v 3.208949 19.159258 -46.245876
v 3.448525 19.711834 -45.958576
v 3.047695 18.697424 -46.545258
v 3.074971 18.675980 -46.440010
v 3.270425 17.835659 -45.937248
v 3.258523 17.940464 -45.897655
v 3.883679 19.046661 -44.517120
v 3.705088 18.190418 -45.158497
v 3.695412 19.829960 -44.107746
v 3.440988 20.497030 -44.210812
v 3.424826 20.488621 -44.011646
v 2.977419 19.170841 -46.266506
v 3.343594 19.774673 -45.923546
v 2.877097 18.745026 -46.472313
v 3.228898 17.776812 -45.770706
v 4.919098 19.150166 -35.983383
v 5.063657 18.600063 -34.967979
v 4.986058 18.100960 -34.200710
v 3.424054 20.591236 -45.149677
v 2.949564 20.986782 -45.091698
v 3.527005 20.238150 -45.187939
v 3.521519 20.392426 -45.174343
v 3.432258 20.354649 -45.191059
v 2.685849 17.770517 -46.292271
v 2.671247 17.689621 -46.372955
v 2.886300 17.710846 -46.245659
v 2.908563 17.821154 -46.155937
v 2.852924 17.755035 -46.123173
v 3.548216 14.413835 -44.036724
v 3.715869 15.110929 -44.294731
v 3.501009 16.923664 -44.836006
v 3.735484 17.398832 -44.793980
v 3.855441 16.149515 -44.016777
v 3.752137 20.325365 -43.965702
v 3.592952 20.369888 -43.741051
v 3.593810 20.083197 -44.258308
v 3.623085 20.154222 -44.210842
v 3.510633 20.152191 -43.929653
v 0.614020 19.608137 -47.945309
v 0.473508 19.070330 -48.361752
v 1.738096 18.542528 -47.277020
v 1.963702 18.122658 -47.491566
v 2.175266 17.598040 -46.982082
v 1.817979 18.513010 -47.123550
v 2.489992 18.356897 -46.958477
v 2.836797 18.199839 -46.626961
v 2.903777 18.185375 -46.498035
v 2.890542 18.219278 -46.388790
v 2.680556 18.221054 -46.398346
v 2.645742 14.655232 -45.642708
v 2.417871 13.751205 -45.649857
v 0.566970 16.546789 -49.040279
v 0.559729 16.974524 -48.969601
v 4.832839 15.395049 -33.505970
v 5.823934 15.282399 -32.506767
v 5.780343 18.302757 -32.630199
v 5.247246 18.035942 -33.499855
v 2.727840 14.469571 -33.074059
v 2.592347 14.460685 -33.680168
v 3.329780 17.653606 -45.931248
v 3.862521 18.102171 -45.300701
v 4.114088 18.946493 -44.594269
v 2.531747 17.095325 -46.778008
v 2.404255 16.608091 -47.124832
v 0.625102 15.992152 -49.005005
v 1.217199 15.974935 -48.550716
v 1.272932 16.619051 -48.549793
v 2.619114 17.595078 -46.511681
v 2.397138 17.618591 -46.742306
v 2.704185 17.401411 -46.467560
v 2.852994 17.559216 -46.331459
v 2.989128 17.381876 -46.148537
v 3.134694 17.582083 -46.105698
v 3.100757 17.763227 -46.085953
v 3.066364 17.876564 -46.054382
v 3.272073 17.431684 -45.837177
v 3.893759 17.900217 -45.212780
v 4.085690 18.847980 -44.541107
v 4.665322 15.678793 -40.949326
v 4.253805 13.786951 -41.350456
v 4.177808 14.780957 -42.097389
v 4.508135 14.711451 -41.253799
v 4.538233 14.681945 -41.129036
v 4.443626 14.575284 -41.841034
v 0.505540 15.285775 -48.871552
v 1.804523 15.973474 -47.850304
v 2.304091 15.982865 -47.139595
v 3.752008 15.988405 -44.394390
v 3.531714 16.633776 -45.032963
v 3.656146 20.556219 -43.100204
v 3.825551 20.646284 -42.430355
v 4.045284 18.625200 -44.303806
v 3.866237 17.714296 -45.088493
v 3.614495 20.440359 -43.540535
v 1.928590 16.550625 -47.884995
v 1.405333 19.668438 -47.426994
v 1.488651 20.506720 -46.751236
v 1.509371 21.192204 -46.001385
v 1.602979 21.654373 -45.207043
v 1.758133 21.892879 -44.400398
v 1.889236 22.079367 -43.564610
v 2.132582 22.285555 -42.706009
v 3.170875 17.198957 -45.726654
v 3.906310 19.831314 -44.177769
v 3.932219 19.806702 -44.038036
v 3.972098 19.621735 -43.725418
v 2.032681 13.836853 -46.163170
v 4.498003 13.950092 -40.529671
v 4.282214 14.795253 -41.650349
v 2.728604 17.122812 -46.250145
v 2.584792 17.233627 -46.560074
v 3.832979 15.183545 -43.926399
v 2.010769 17.145973 -47.875160
v 1.996973 17.862186 -47.613102
v 1.502552 18.133848 -48.200405
v 1.380423 17.344650 -48.443962
v 2.282950 17.444279 -47.136780
v 1.491543 18.310459 -48.072968
v 3.223586 16.065392 -45.735619
v 3.435536 16.035089 -45.344933
v 3.515436 16.351969 -45.197796
v 3.673184 15.822290 -44.710369
v 3.707227 14.437491 -43.690948
v 2.772726 16.031874 -46.439011
v 2.233341 17.025766 -47.390793
v 0.388789 14.607403 -48.544369
v 0.294052 14.322523 -48.255688
v 1.150926 18.998240 -48.016006
v 1.106542 19.397934 -47.798653
v 1.541257 18.795391 -47.797894
v 4.564580 15.520609 -34.970909
v 4.587912 15.461205 -34.241192
v 4.769623 15.595579 -36.011673
v 4.824122 15.423265 -36.786545
v 3.974658 13.994497 -36.603539
v 6.342427 10.253435 -27.603540
v 7.806083 11.729259 -27.932709
v 6.167722 11.662817 -29.299974
v 4.873170 10.895370 -28.978571
v 7.614920 14.716862 -30.852905
v 8.270349 16.765394 -29.907661
v 7.393932 17.254213 -31.201874
v 4.981156 13.853673 -32.024269
v 6.285601 13.328053 -30.862938
v 2.583216 12.891676 -32.424953
v 11.139363 11.508994 27.131096
v 12.738702 11.248647 26.189405
v 13.769788 10.684756 27.325851
v 12.069967 10.819318 28.538782
v 19.701115 12.483793 11.102593
v 18.263746 13.260578 11.417620
v 18.489107 13.624552 9.834921
v 20.087955 12.635503 9.494212
v 15.472982 11.301425 21.191038
v 15.798017 11.438497 20.129694
v 16.774658 10.778983 20.297579
v 16.445333 10.780686 21.336241
v 21.253815 13.605654 2.824553
v 19.675770 14.548070 3.038967
v 19.858891 15.007267 1.504108
v 21.605415 13.779967 1.390904
v 20.235584 15.598179 -3.460341
v 18.938467 16.392839 -1.761715
v 18.108425 17.402744 -5.232754
v 19.984135 15.916619 -5.225990
v 16.888384 16.636759 -20.805016
v 16.460346 18.800524 -19.721828
v 14.933998 19.357271 -21.653786
v 14.958849 18.114815 -22.933725
v 3.069241 13.016284 33.928413
v 2.821669 13.104685 32.306850
v 3.892190 13.085522 32.012661
v 4.494735 12.897651 33.138241
v 3.906059 26.854984 0.048299
v 3.921004 27.440361 -3.859337
v 7.301760 25.412783 -4.089850
v 7.273833 24.856785 -0.151662
v 3.946999 27.693083 -7.889238
v 3.855715 27.861290 -11.756233
v 7.234793 25.875328 -11.696924
v 7.280498 25.692484 -7.957936
v 11.367368 15.324550 20.179867
v 11.667247 16.405045 17.475281
v 13.551156 15.061246 16.937527
v 13.150066 14.126268 19.577124
v 12.059914 17.376993 14.479997
v 12.434865 18.296974 11.159340
v 14.682043 16.614334 10.737132
v 14.160476 15.831108 13.980342
v 15.526302 18.211920 2.623336
v 15.316852 17.363537 7.029441
v 12.809786 19.243546 7.382624
v 13.021072 20.115808 3.096190
v 15.578894 19.412624 -4.967263
v 15.787821 18.762516 -1.286674
v 13.128979 20.798641 -0.904139
v 13.057373 21.376112 -4.684115
v 15.018113 20.319206 -12.156714
v 15.408421 19.846563 -8.609442
v 12.854953 21.775808 -8.338070
v 12.601935 22.122561 -11.858287
v 16.878021 14.778751 10.282005
v 16.765760 13.689388 13.363894
v 18.009827 16.304825 2.012517
v 18.156046 15.023004 6.877382
v 17.542419 18.179319 -12.797892
v 19.871889 15.921988 -14.020008
v 20.969007 15.048971 -11.054309
v 18.302471 17.365465 -8.929507
v 18.801714 16.994539 -16.482567
v 17.483721 18.023859 -18.238844
v 18.566273 15.925115 -19.361481
v 20.054045 15.362303 -17.146809
v 2.913934 24.802542 -30.116179
v 2.440907 23.328957 -31.050625
v 3.875199 27.922535 -16.310688
v 3.857965 27.774963 -19.510424
v 7.127392 25.963964 -17.979141
v 7.239447 25.931570 -15.210506
v 3.220491 26.984585 -28.403215
v 4.815559 22.454103 -30.202187
v 5.599047 24.031952 -28.866894
v 3.816725 27.342743 -23.708834
v 3.646259 14.953360 -39.037865
v 0.722502 15.648463 -28.836323
v 6.988436 25.755219 -22.323513
v 10.149043 12.934685 25.679911
v 7.034462 14.274569 26.718870
v 6.834305 16.585543 24.331079
v 9.529543 15.117687 23.352692
v 21.540253 14.309336 -14.593703
v 23.064045 12.912525 -11.552021
v 21.751587 14.329681 -1.917380
v 21.789900 14.324168 -3.386915
v 23.365143 12.727140 -2.989100
v 24.355257 12.296990 -2.388994
v 23.165588 12.570782 2.366697
v 23.368324 12.333074 1.232408
v 21.684492 11.705360 10.449448
v 21.927870 11.739779 9.166420
v 18.051685 10.348586 20.617212
v 17.139874 10.929753 19.028490
v 18.613178 10.433006 19.359730
v 15.396183 10.903883 23.382732
v 16.112509 10.848278 22.327061
v 17.324293 10.371959 22.357843
v 16.561314 10.485673 23.824516
v 14.037714 21.360558 -17.576805
v 15.675324 19.702045 -17.598295
v 16.713528 18.993713 -15.635492
v 14.577999 20.831173 -15.200748
v 12.123081 22.850649 -17.557892
v 12.339909 22.461626 -15.005606
v 14.870616 20.292753 -19.434959
v 14.126328 20.514532 -21.130569
v 13.257259 20.561182 -23.564140
v 12.139258 21.161058 -24.626179
v 6.253935 25.528994 -27.221306
v 1.538562 12.962008 32.873642
v 1.394006 12.903813 34.283733
v 9.599598 11.940097 28.355663
v 10.364050 11.187187 29.741322
v 10.302688 23.371775 -4.356433
v 10.326846 22.817198 -0.484650
v 10.075459 23.954800 -11.714689
v 10.188717 23.711138 -8.106381
v 9.848642 24.321604 -17.700462
v 9.989779 24.125952 -15.024332
v 9.877265 24.282742 -20.424723
v 10.436838 22.084763 -26.155504
v 8.102938 23.065842 -27.596395
v 12.539812 12.382233 23.732166
v 11.413801 12.681730 24.599827
v 11.192873 14.125451 22.562452
v 12.649730 13.318195 21.878136
v 13.391650 21.708569 -19.701384
v 11.936310 22.974432 -20.055481
v 21.386990 14.574018 -7.219064
v 19.888575 15.802855 -7.139562
v 22.933104 12.867683 -5.681891
v 13.644872 19.293213 -24.260201
v 7.211030 24.065838 3.935171
v 10.276344 22.068993 3.553340
v 10.115766 21.085602 7.743911
v 7.103851 22.978601 8.216431
v 3.824274 24.712318 8.896307
v 3.917568 26.077181 4.105117
v 9.735146 18.922346 15.009526
v 6.865208 20.602573 15.654692
v 6.975363 21.782188 12.132927
v 9.950422 19.992445 11.605774
v 3.640106 22.130941 16.448307
v 3.738974 23.353262 12.911917
v 9.569106 17.747318 18.064497
v 9.458128 16.537016 20.819025
v 6.821386 17.991961 21.668644
v 6.850722 19.354946 18.847067
v 3.610391 19.382162 22.548271
v 3.584332 20.757269 19.605419
v 4.380875 15.428897 28.196251
v 3.798896 17.729340 25.314127
v 18.989302 13.817015 8.257913
v 20.445843 12.880837 8.038232
v 22.229506 11.946210 7.917482
v 20.211916 15.185363 -0.119727
v 21.854080 13.996140 -0.037869
v 23.744827 12.464135 0.486578
v 18.950340 12.254674 13.184209
v 18.654371 11.919607 14.796878
v 17.420738 12.744636 14.791376
v 20.217585 11.127645 15.028907
v 20.783890 11.619638 13.580221
v 14.730804 10.998139 24.458784
v 15.393286 10.617245 25.560287
v 13.987929 11.371729 24.000193
v 14.259644 11.538058 22.891350
v 12.529474 11.795542 25.056362
v 13.063120 11.680481 24.638187
v 9.096427 12.546093 27.325663
v 5.767250 13.323380 29.312551
v 5.316513 13.574447 29.588228
v 7.018060 13.095748 28.443075
v 1.574294 13.976653 31.454193
v 14.356422 12.119213 21.252300
v 3.644713 15.179031 29.264513
v 2.977434 13.934710 30.981867
v 1.803581 14.937122 30.495884
v 25.561455 12.404760 -4.523403
v 23.101486 12.212402 -11.440649
v 23.089676 11.340469 -11.047015
v 25.550182 12.051716 -4.558561
v 24.668924 11.831518 2.290147
v 25.522303 12.008593 1.740389
v 25.506582 11.281686 1.758931
v 24.668924 11.593901 2.301619
v 24.247808 11.424360 10.271764
v 24.887224 11.309327 10.325506
v 24.888664 10.822090 10.321573
v 24.355019 11.097754 9.967873
v 22.606169 10.847016 17.074127
v 24.051785 12.061883 14.206437
v 24.051800 10.587421 14.149284
v 22.623377 9.929528 17.054268
v 17.523312 10.666463 27.022543
v 19.423544 9.809154 23.649908
v 19.424082 9.531715 23.622337
v 17.523312 9.773894 26.997677
v 13.163191 11.324762 30.942831
v 15.356256 9.765990 28.196936
v 15.357048 9.731997 28.219751
v 13.163191 10.153971 30.902546
v 3.827123 12.012184 36.019451
v 3.827282 12.631585 36.029510
v 5.841990 12.310758 34.621822
v 5.863600 11.558043 34.593964
v 25.374960 12.791842 -1.773336
v 24.786268 12.087089 -3.807524
v 24.790764 12.106345 -3.764247
v 25.374960 11.704688 -1.808999
v 15.987535 9.854815 28.372089
v 15.985572 9.540603 28.383497
v 10.781082 11.263160 32.000801
v 10.772850 10.906130 31.964329
v 2.744855 13.401403 37.435314
v 2.708585 12.588185 37.432388
v 21.764299 12.824156 -14.648296
v 21.139511 11.485084 -14.837991
v 24.190247 11.231835 10.735090
v 24.224188 10.900301 10.722911
v 24.834982 11.508884 2.408194
v 24.838575 11.382180 2.405635
v 20.007517 9.473446 23.574629
v 19.994488 9.974468 23.595545
v 21.410578 10.975997 20.313757
v 21.382874 9.981004 20.249386
v 21.355991 10.509587 -11.096334
v 22.954365 11.083737 -6.379824
v 23.754328 11.287802 -0.132246
v 23.412462 10.844146 1.149924
v 22.212614 10.197102 7.965674
v 21.642746 10.422853 8.628144
v 19.832264 10.061860 12.815099
v 19.664434 10.020857 14.638348
v 15.973730 9.192162 23.297464
v 15.196839 8.853502 24.773130
v 12.898440 9.292094 28.293175
v 10.851505 9.742612 29.713564
v 3.471343 11.656130 32.807259
v 5.102425 11.438809 32.433784
v 22.721500 10.955667 -3.636331
v 24.116535 11.900789 -3.012038
v 14.360966 8.836597 26.527290
v 9.990664 10.579440 30.861357
v 8.172950 10.166999 30.420282
v 8.668076 10.953048 31.153591
v 19.471748 10.154585 -14.692654
v 21.447559 10.348079 9.761506
v 23.020350 10.638866 2.131186
v 17.409719 8.795185 21.165510
v 18.329210 9.255996 19.588707
v 0.605204 13.248638 38.200233
v 15.875772 10.960808 -19.967508
v 13.288408 10.028415 -22.904942
v 13.676760 9.717993 -21.581745
v 15.855580 8.788524 -14.633690
v 20.279232 10.164310 -7.914495
v 20.434397 10.082779 -6.268130
v 20.751057 10.291691 -4.243631
v 21.200193 10.187098 -1.169971
v 20.638605 9.927087 0.273590
v 20.584240 9.941955 1.771154
v 19.968777 9.488663 7.092669
v 19.347853 9.526599 8.149026
v 19.467270 9.642835 9.853139
v 17.949097 9.327158 14.254139
v 17.284952 9.172599 15.484329
v 14.108925 8.441812 22.579515
v 13.435516 8.554295 26.110224
v 12.675083 8.638503 26.931742
v 12.295218 10.299592 -23.988113
v 6.977455 9.201626 -25.895599
v 0.772257 11.999497 34.723568
v 0.580824 12.505670 38.186207
v 2.615340 9.878863 31.259880
v 1.306262 9.829988 33.135193
v 2.541400 8.738756 31.334070
v 1.419120 9.121247 32.955223
v 0.841237 9.924555 33.893890
g Set blendShape1Set skinCluster1Set tweakSet1
v -3.164535 15.677091 -38.722439
g blendShape1Set skinCluster1Set tweakSet1
v 1.426061 9.216321 33.955196
g Set blendShape1Set skinCluster1Set tweakSet1
v -2.409694 15.717582 -44.170212
g blendShape1Set skinCluster1Set tweakSet1
v 0.814967 8.147843 33.670868
g Set blendShape1Set skinCluster1Set tweakSet1
v -1.123788 15.166013 -45.498653
g blendShape1Set skinCluster1Set tweakSet1
v 20.650335 13.248467 6.630832
v 22.696629 11.988853 6.612252
v 25.306646 12.116998 7.654207
v 25.306646 10.660256 7.598037
v 22.347055 10.193335 5.876244
v 21.667538 14.428999 -5.018541
v 23.361628 12.702876 -4.137248
v 24.689949 12.318748 -3.378678
v 24.689949 11.964267 -3.373691
v 23.190395 11.279869 -5.043477
v 19.255604 10.699094 17.441116
v 17.714745 11.307444 17.560381
v 18.151709 11.628179 16.205175
v 19.603609 10.966571 16.213894
v 21.809498 10.445950 17.477255
v 21.657564 10.696138 17.028877
v 21.824697 10.254027 17.468161
v 21.657167 10.238548 17.027874
v 19.268869 9.591095 17.923733
v 19.493597 9.867587 15.914464
v 17.169241 8.785494 17.378769
v 16.916681 12.446299 16.248444
v 15.527901 13.464747 16.443642
v 17.610525 10.264420 21.548622
v 19.057615 9.861455 23.119057
v 19.059752 9.695381 23.156490
v 16.936377 8.773679 21.981493
v 15.236729 11.200489 22.135485
v 15.356937 12.402657 19.044014
v 16.644983 12.051995 17.606462
v 13.289130 11.167562 25.736141
v 13.839557 11.086459 25.282888
v 14.197728 10.665360 26.808096
v 14.625683 10.645965 26.290342
v 15.249869 9.837632 28.129099
v 15.143482 9.909273 28.061279
v 15.245705 9.794790 28.153961
v 15.134347 9.857598 28.088173
v 13.290421 9.177855 27.883656
v 13.682622 9.064033 27.473572
v 12.289083 8.749199 27.345716
v 11.995860 11.910529 25.474722
v 7.820809 12.362569 29.551718
v 7.493637 13.009265 28.112535
v 8.206289 12.292453 29.280531
v 8.696747 11.850711 30.691414
v 9.132776 11.663794 30.412954
v 10.551067 10.849654 31.998281
v 10.479841 11.563496 32.012897
v 10.523061 11.348499 31.309465
v 10.638456 10.517785 31.442881
v 4.631059 12.972699 31.592724
v 4.283005 13.629025 30.438637
v 5.496802 12.808094 31.171879
v 6.070232 11.180514 32.354683
v 5.675648 10.790690 31.589121
v 8.084814 11.927654 33.909317
v 8.073621 12.659009 33.940350
v 8.322254 10.983338 31.313498
v 4.857037 12.822857 32.927109
v 5.810707 12.247228 34.137932
v 5.822771 11.496757 34.111389
v 6.094248 11.528488 33.117958
v 5.406626 12.709163 32.625736
v 6.806505 12.547053 30.265253
v 7.868731 12.205669 31.220190
v 6.031318 12.196308 34.385246
v 6.077720 11.460888 34.411209
v 6.438693 11.539379 33.092274
v 3.690530 13.488240 31.063631
v 1.402358 22.594883 -32.707649
v 1.500730 22.542429 -33.418087
v 4.381560 20.558060 -32.504684
v 4.184645 20.313351 -33.348259
v 2.768592 21.687382 -32.651245
v 2.957822 21.520964 -33.349178
v 1.235428 22.822392 -32.259521
v 2.244201 22.783802 -31.713081
v 4.633909 21.408487 -31.023308
v 11.902611 8.858636 27.760677
v 10.083838 9.149211 28.022053
v 7.588772 9.682046 29.372480
v 3.506410 10.712594 32.050911
v 5.438398 9.989209 31.117817
v 10.835983 8.748792 27.156088
v 1.246047 8.229073 30.990509
v 0.904109 8.203475 32.657818
v 6.941626 8.477633 -26.131416
v 6.115732 9.499450 -27.843878
v 2.772195 11.191805 -30.192167
v 5.145771 12.162966 -30.532188
v 4.245342 12.633880 -31.497677
v 2.646937 12.266126 -31.735991
v 4.762540 10.086914 -29.065714
v 0.537497 9.718760 34.893360
v 0.821313 9.207836 34.858086
v 0.542508 8.456185 34.788467
v 0.343312 9.448523 35.702717
v 0.202681 9.341174 36.013748
v 0.390285 9.180855 35.669033
v 0.226559 9.167321 36.009708
v 0.347236 8.831428 35.647358
v 0.206724 9.034727 35.974197
g Set blendShape1Set skinCluster1Set tweakSet1
v 3.090554 15.677091 -38.722439
v 3.306641 16.265299 -34.770016
g blendShape1Set skinCluster1Set tweakSet1
v 3.562200 15.790553 -30.966402
v 0.199160 14.344522 -48.375500
v 15.166833 7.574017 19.524639
v 16.537615 8.633732 18.590862
v 7.556468 10.310506 30.683733
v 6.742190 9.768953 30.039778
v 10.756451 1.888984 48.356937
v 10.815784 1.937164 48.468464
v 15.645663 0.131707 45.706707
v 15.872156 -0.201336 45.350922
v 15.437016 -0.403344 47.237812
v 15.382999 -0.421791 47.221077
v 15.072960 1.624630 43.433342
v 15.650167 0.574956 44.310665
v 15.993704 -0.073695 43.718452
v 0.171668 18.686838 -48.664204
v 0.055234 18.319456 -48.876423
v 0.155151 17.707733 -49.034885
v 0.550258 17.391922 -48.952942
v 0.894780 17.990597 -48.656086
v 0.826059 17.710060 -48.760452
v 0.882224 18.250378 -48.576370
v 0.839569 18.537508 -48.445473
v 1.169578 18.684019 -48.170078
v 0.319631 18.427582 -48.731361
v 0.407014 18.455175 -48.677044
v 0.258915 18.259689 -48.801941
v 0.268564 17.944418 -48.934464
v 0.510655 18.252785 -48.678776
v 0.507760 18.164680 -48.740749
v 0.475339 18.055361 -48.817257
v 0.402760 17.878780 -48.925587
v 0.472648 18.424038 -48.633274
v -2.837186 14.256714 -30.562544
v -2.802988 14.158497 -30.969667
v -2.725699 14.114977 -31.036945
v 1.480850 14.839952 -33.702435
v 2.104201 15.444057 -33.475742
v 2.518302 15.847680 -33.461658
v 2.104201 15.624308 -33.364120
v 1.306394 11.072450 33.095860
v 8.657991 8.175649 -23.580690
v 7.779568 8.701434 -24.607323
v 9.645634 8.495964 -22.305952
v 8.937002 9.046033 -24.263086
v 9.854389 7.818795 -22.321213
v 14.246488 8.846054 -17.874479
v 12.469362 8.350120 -19.554296
v 17.850088 10.512284 -17.390535
v 12.436908 8.511006 -20.662788
v 18.201336 13.947948 -19.433424
v 17.435623 12.416679 -19.434250
v 20.085646 13.911400 -17.521690
v 13.770817 9.497478 -20.087305
v 12.351930 9.008128 -21.037159
v 12.455493 8.914721 -20.791265
v 19.224098 12.396946 -17.478474
v 14.038036 9.178190 -19.759237
v 17.847540 11.486256 -18.493017
v 17.021961 10.532193 -18.786436
v 17.109138 11.503463 -18.989779
v 16.621389 10.820932 -18.879524
v 9.253307 6.222855 33.438374
v 9.540936 5.813472 32.474556
v 10.698528 4.386132 30.452681
v 11.217332 3.906412 31.610842
v 11.854132 3.098669 30.795904
v 11.458939 3.522571 29.713385
v 12.434286 2.432235 30.166553
v 12.304881 2.769344 29.451241
g Set blendShape1Set skinCluster1Set tweakSet1
v -0.003132 14.687399 -38.510929
v -1.812410 14.687399 -38.510929
v 1.534859 14.191777 -42.137459
v -0.003132 14.191777 -42.137459
v -1.541123 14.191777 -42.137459
g blendShape1Set skinCluster1Set tweakSet1
v 8.474632 5.608819 29.332914
v 8.316926 5.947156 29.762886
v 8.105937 7.023252 32.410252
v 8.770297 6.227180 31.403862
v 8.006735 6.240628 30.279169
v 6.755626 6.557113 29.848696
v 5.455446 7.575727 30.795080
v 3.750574 7.652866 30.388458
v 1.255408 7.644758 27.200079
v 1.174352 7.796196 27.808292
v 3.932350 5.316895 27.373953
v 0.556371 8.041394 28.965008
v 7.092053 5.906623 28.841671
v 6.526900 8.052466 32.942539
v 3.867990 5.532729 28.766476
v 1.020864 7.995881 28.422606
v 7.301728 13.110081 -30.218180
v 36.555367 -11.053104 -13.637868
v 36.523449 -11.240129 -14.115683
v 14.922606 2.038565 41.868153
v 15.206916 1.724130 39.784752
v 14.817936 2.280819 40.533638
v 16.078707 -0.326347 40.131187
v 16.345459 -0.771354 41.623917
v 16.337931 -0.884386 42.800865
v 15.429247 1.180676 39.022980
v 13.887445 -0.034175 43.894829
v 13.165749 0.638734 44.692463
v 12.805564 0.895710 45.114346
v 12.357971 1.184689 45.628742
v 2.254903 14.751460 -46.273235
v 36.938515 -13.357040 -16.619677
v 37.251804 -13.946396 -16.862494
v 36.578392 -9.672045 -13.452579
v 36.654888 -9.976034 -13.894626
v 12.556572 0.590117 48.089157
v 12.511268 0.840774 47.070927
v 16.087587 -0.321860 44.038086
v 36.605431 -9.993190 -14.790504
v 38.313705 -12.325901 -18.193100
v 37.759460 -11.833156 -19.417721
v 35.610729 -9.162016 -21.847128
v 36.997952 -10.643286 -19.815866
v 34.147327 -7.533961 -23.630451
v 32.496368 -5.714597 -25.284004
v 30.290356 -3.628768 -26.971718
v 36.785709 -12.538499 -15.948749
v 36.587429 -11.898775 -15.472078
v 36.061600 -10.344190 -14.244306
v 36.905300 -11.442363 -13.555315
v 37.115364 -11.633148 -13.513190
v 13.013229 0.644745 46.444511
v 3.766535 14.352419 -42.922276
v 3.945940 14.310452 -42.594196
v 1.801478 14.404820 -46.810646
v 2.322945 14.439858 -46.237309
v 2.815938 14.432694 -45.290558
v 3.137693 14.408280 -44.630131
v 4.103615 14.351959 -42.387413
v 0.545105 15.403614 -47.616039
v 0.218196 15.380280 -47.687763
v 2.822755 15.563312 -43.681877
v 2.825911 15.446755 -44.306393
v 2.780176 15.183107 -45.041962
v 1.911394 15.211303 -46.556164
v 1.458343 15.260871 -47.138187
v 0.966552 15.345827 -47.401100
v 3.087995 15.820813 -42.841946
v 3.526849 14.350594 -43.619881
v 3.596875 14.328602 -43.421055
v 2.495514 15.155371 -45.541862
v 3.090099 15.660579 -42.109829
v 4.500299 14.706815 -41.242317
v 4.481805 14.679049 -41.121792
v 4.309171 14.483785 -41.788120
v 3.739025 15.210349 -41.341061
v 0.142120 14.215061 -48.132668
v 0.688469 14.292710 -47.639812
v 3.374184 14.332104 -43.979290
v 1.351523 14.373718 -47.345951
v 0.058456 14.254867 -48.232742
v 2.115035 15.202163 -46.217045
v 37.106430 -10.455260 -13.217546
v 37.313732 -10.939727 -13.786798
v 37.713120 -11.400500 -13.445910
v 37.367550 -10.814646 -12.910821
v 36.782566 -9.964587 -13.353245
v 36.673206 -9.724302 -13.017346
v 38.915211 -12.795506 -14.704003
v 38.897015 -12.886118 -15.222453
v 39.136864 -13.255798 -14.530828
v 39.109833 -13.064615 -14.049518
v 39.488441 -13.557946 -15.221227
v 39.580120 -13.557428 -14.225873
v 37.516682 -11.381348 -14.311612
v 37.929371 -11.812322 -14.264869
v 38.068565 -11.907661 -13.960524
v 37.589520 -11.518857 -14.004198
v 38.433544 -12.375442 -14.453268
v 38.674080 -12.678169 -13.952496
v 38.193012 -12.072695 -14.954055
v 37.946041 -11.757426 -15.561816
v 38.657185 -12.516405 -15.914098
v 38.720612 -12.526370 -15.358496
v 37.790180 -11.716957 -14.569215
v 37.440243 -11.206678 -14.825748
v 36.923733 -10.488495 -14.123445
v 39.895149 -14.181502 -15.945179
v 40.248493 -14.544962 -14.392251
v 39.542515 -13.817230 -17.498158
v 39.397057 -13.558124 -16.216591
v 39.373188 -15.180730 -18.258783
v 39.910603 -15.490120 -16.978626
v 38.705299 -13.545997 -14.092170
v 38.661827 -13.341605 -13.767772
v 39.043808 -13.812764 -13.819964
v 38.312172 -12.963524 -13.695715
v 39.575386 -14.832658 -14.021901
v 40.003212 -15.640068 -15.622399
v 39.574402 -15.543878 -15.025782
v 37.174904 -11.682706 -13.820791
v 36.790890 -11.619120 -13.929382
v 37.695187 -12.143323 -13.779914
v 37.133465 -12.119468 -14.204074
v 38.226463 -14.010151 -14.993581
v 38.062599 -13.583728 -14.935828
v 37.692104 -13.970804 -16.100128
v 37.420040 -13.621324 -15.779504
v 38.411129 -14.948322 -15.586781
v 38.487534 -15.374611 -16.240566
v 37.867249 -15.026521 -16.953001
v 38.206680 -14.574535 -16.095217
v 37.817947 -14.108674 -15.580388
v 37.741291 -13.602553 -15.357658
v 37.985809 -13.179258 -14.525633
v 37.641228 -12.627563 -14.208328
v 36.970314 -12.291568 -14.720962
v 37.309834 -13.016839 -15.283499
v 37.647816 -13.098042 -14.904567
v 37.330082 -12.610480 -14.577802
v 9.728405 14.916785 -28.154516
v 11.352173 13.992107 -29.434875
v 16.271940 11.828564 -32.237495
v 14.390675 14.834376 -30.124537
v 14.324812 10.826891 -31.991953
v 18.924673 8.217583 -33.248466
v 17.186089 6.788464 -33.252785
v 19.593540 3.362294 -33.822147
v 22.347029 -0.045126 -33.829453
v 10.605336 18.114742 -27.155575
v 10.579072 20.442123 -26.863543
v 7.434253 21.207180 -28.743092
v 6.437709 19.261652 -30.992847
v 12.455311 19.960264 -24.978340
v 26.133663 -4.152665 -32.251232
v 24.252958 -2.347921 -33.171513
v 28.332956 -1.678570 -28.061377
v 27.653202 -2.349055 -30.947910
v 27.465933 1.866786 -19.494204
v 26.186815 3.072382 -23.034859
v 27.462463 1.674054 -22.219257
v 27.415985 2.581902 -19.613079
v 27.530512 2.123857 -19.740591
v 27.530191 1.564159 -21.890417
v 29.372437 -0.567165 -20.244070
v 27.603558 1.335054 -21.751728
v 26.098269 2.974758 -23.149281
v 27.279522 1.662280 -22.296589
v 37.066532 -10.657228 -15.631237
v 36.608650 -9.979858 -16.855505
v 37.673061 -11.404218 -18.000137
v 37.609715 -11.425586 -16.195467
v 30.010653 -2.621818 -24.864328
v 32.147736 -4.692471 -23.467913
v 33.658360 -6.569185 -21.996290
v 33.251305 -5.833026 -20.611418
v 31.864544 -4.025607 -21.834856
v 28.189939 -0.748710 -25.831602
v 32.987617 -5.361623 -19.393940
v 31.428452 -3.307007 -20.540257
v 29.628929 -1.709013 -23.097864
v 27.650618 0.377079 -24.083420
v 29.479435 -1.120250 -21.646700
v 27.496618 0.994424 -22.642813
v 27.187862 1.418290 -22.798143
v 34.998901 -8.147009 -20.416475
v 36.084606 -9.365332 -18.682608
v 35.459263 -8.560178 -18.307686
v 34.546677 -7.471943 -19.315426
v 35.568062 -8.684752 -17.291643
v 34.331581 -7.173367 -18.242504
v 25.794754 4.622446 -21.459688
v 26.257681 3.455356 -23.232605
v 24.743532 5.680820 -19.916773
v 24.849064 5.447270 -21.749294
v 24.672184 5.752712 -19.662336
v 24.379299 5.944773 -19.925779
v 24.479635 5.175319 -23.771582
v 24.252066 5.877121 -19.928043
v 22.014727 8.043645 -24.421242
v 22.768034 7.992858 -21.076651
v 24.241964 6.394684 -19.554636
v 24.372610 6.095097 -20.031185
v 24.105059 6.283873 -20.866264
v 24.273550 5.835160 -21.757278
v 24.251568 5.527376 -22.151495
v 23.828028 5.521041 -24.621862
v 24.151758 5.526561 -23.628876
v 21.692816 7.634918 -25.233747
v 25.883888 3.047968 -23.435274
v 24.083828 4.860399 -23.823864
v 24.014324 5.013069 -23.917913
v 23.571207 5.152199 -25.166870
v 21.256670 7.732117 -25.887190
v 23.164373 5.401383 -25.935598
v 18.526068 12.853903 -23.734573
v 19.574232 10.784219 -24.020008
v 18.128481 14.098733 -22.772165
v 19.496010 10.235932 -24.377472
v 18.139706 11.895250 -24.324865
v 19.171423 10.494160 -25.158123
v 18.573771 11.619534 -24.816557
v 14.917419 16.325106 -23.392418
v 14.289937 16.973572 -24.340271
v 13.243139 18.192299 -26.281340
v 19.000530 10.915615 -25.954546
v 18.535295 11.649939 -27.125441
v 20.560102 8.689973 -27.767185
v 20.972773 8.105590 -26.641720
v 18.168247 11.916680 -28.487976
v 17.381247 12.110871 -30.279747
v 19.712437 8.847938 -31.022493
v 20.209526 8.869400 -29.194700
v 15.680669 15.064376 -28.910236
v 16.842098 14.735528 -27.225359
v 17.116566 14.229789 -23.924417
v 18.035376 12.411596 -25.278143
v 17.996754 12.600019 -26.428223
v 22.509367 6.153774 -28.010365
v 22.817905 5.836295 -26.886013
v 22.445906 5.965786 -29.363880
v 24.417274 4.041129 -24.971527
v 24.277754 4.001342 -25.773405
v 23.589003 4.560740 -27.879173
v 23.915232 4.282189 -26.864492
v 27.011927 -0.561708 -29.999754
v 27.159174 -0.031006 -28.257345
v 21.410658 5.117039 -33.534241
v 22.116247 5.746821 -31.293159
v 24.186970 1.626772 -33.156239
v 25.876280 -0.624358 -32.270916
v 25.917246 0.733950 -30.539116
v 24.258320 2.820241 -31.001326
v 24.254051 3.480212 -28.775829
v 25.916033 1.486575 -28.629082
v 27.164581 1.177369 -24.017004
v 27.137190 0.561188 -26.218740
v 25.532640 2.996789 -24.444681
v 25.242298 2.968730 -25.554607
v 26.098614 2.044803 -25.400545
v 26.020029 1.803816 -26.814003
v 24.861370 3.088927 -26.993031
v 2.541634 17.759850 -46.299091
v 2.990338 17.768425 -45.988506
v 4.371089 14.836025 -40.886665
v 4.495005 14.960097 -40.853127
v 4.301661 14.645075 -41.379761
v 4.098711 14.805610 -41.999908
v 3.765294 14.716201 -42.576279
v 3.787155 14.706964 -42.921856
v 3.643145 14.668099 -43.410950
v 3.570823 14.667042 -43.609226
v 3.433246 14.665933 -43.975590
v 3.156692 14.616563 -44.706657
v 2.827921 14.600188 -45.377422
v 2.292970 14.730323 -46.198608
v 1.767774 14.736338 -46.737698
v 1.292809 14.709255 -47.250755
v 0.729406 14.818942 -47.935902
v 0.507554 14.704349 -48.005379
v 0.260344 14.973285 -48.283154
v 3.046660 15.425903 -39.252071
v 3.769392 15.367155 -42.938122
v 3.621385 15.359789 -43.385036
v 3.461941 15.352319 -43.997673
v 3.238648 15.333727 -44.723267
v 2.935585 15.313365 -45.427589
v 2.467153 15.276953 -46.186665
v 1.950548 15.203725 -46.741478
v 1.490515 15.117990 -47.246227
v 0.953913 15.199945 -47.641029
v 0.690416 15.254500 -47.870098
v 4.344387 15.594179 -40.532429
v 4.234975 15.453558 -41.203056
v 4.045751 15.397769 -41.912201
v 3.949379 15.384214 -42.440403
v 1.189772 18.391891 -36.070377
v 0.280059 15.291611 -48.033695
v 3.638826 15.897320 -42.907585
v 3.469403 15.893959 -43.424610
v 3.272196 15.876751 -44.066200
v 3.005764 15.843750 -44.783398
v 2.699067 15.802094 -45.508072
v 2.294870 15.731207 -46.230457
v 1.871812 15.611526 -46.844986
v 1.568831 15.451287 -47.335133
v 1.142021 15.595283 -47.524288
v 0.769992 15.697104 -47.703953
v 4.445133 16.039318 -40.222198
v 4.326721 15.959340 -41.104931
v 4.031085 15.917920 -41.818752
v 3.827374 15.899308 -42.403721
v 2.139208 18.110415 -36.097359
v 0.413009 15.760941 -47.805897
v 2.964394 16.229364 -42.856392
v 2.849751 16.227591 -43.409466
v 2.663885 16.187723 -44.069828
v 2.445659 16.126808 -44.784805
v 2.171445 16.046846 -45.508862
v 1.822273 15.856091 -46.236584
v 1.389341 15.803289 -47.081459
v 4.119504 16.606930 -39.971928
v 3.859068 16.467976 -40.783615
v 3.378688 16.312571 -41.720589
v 3.126069 16.249548 -42.321438
v 2.000198 16.381411 -42.836399
v 1.932937 16.349871 -43.423809
v 1.816366 16.307762 -44.084984
v 1.654586 16.244162 -44.798550
v 1.463566 16.110733 -45.526875
v 1.242904 15.983451 -46.267654
v 0.880284 15.925290 -47.358139
v 2.139208 16.911541 -39.870861
v 2.197704 16.731333 -40.667484
v 2.121994 16.534740 -41.673180
v 2.064427 16.429132 -42.275375
v 1.090099 16.423504 -42.812157
v 1.082123 16.390921 -43.419140
v 1.003696 16.355625 -44.085983
v 0.875414 16.269417 -44.811077
v 0.758808 16.110352 -45.540283
v 0.722837 16.023657 -46.292702
v 0.481731 16.017168 -47.478485
v 1.189772 16.783123 -39.829002
v 1.144177 16.656502 -40.616005
v 1.100354 16.507071 -41.543018
v 1.101475 16.442326 -42.213146
v 4.119504 17.277962 -36.179302
v 4.445133 16.100464 -38.535580
v 4.511904 15.669250 -38.877449
v 4.432880 14.804066 -39.744747
v 4.495005 15.021244 -39.166527
v 4.371089 14.897172 -39.200047
v 0.000199 13.574651 -38.472679
v -2.143701 13.575689 -38.444038
v -3.046263 14.472928 -38.704479
v -3.645862 14.953360 -39.037865
v -3.046263 15.425903 -39.252071
v 0.060087 9.250816 36.069435
v 0.069848 9.172788 36.067024
v 0.061014 9.112995 36.055698
v 0.000199 18.555025 -36.078079
v 0.099714 15.397366 -47.758373
v 0.100644 15.515995 -47.705830
v 4.643463 14.663005 -40.689598
v 4.498914 14.300057 -40.957310
v 4.357275 14.101952 -41.472992
v 4.116402 14.105174 -42.338726
v 3.711276 14.049700 -43.380688
v 3.435974 14.032662 -44.073681
v 3.047169 14.032585 -45.026070
v 2.655871 14.100113 -45.666668
v 2.226843 14.209990 -46.232689
v 1.876868 14.354396 -46.694290
v 1.307092 14.599539 -47.279346
v 0.940145 14.695659 -47.523151
v 0.644961 14.715181 -47.649696
v 0.404416 14.699569 -47.693085
v 0.185503 14.690677 -47.731030
v 3.046660 15.364757 -40.938690
v 3.646259 14.892214 -40.724464
v 3.940072 13.376834 -40.262558
v 2.855676 12.950051 -40.147629
v 1.413256 12.641000 -40.047821
v 4.058887 13.494684 -39.364780
v 2.948144 12.928425 -39.164421
v 1.449455 12.595378 -38.892349
v -1.189375 18.391891 -36.070377
v 0.742574 17.806505 -32.243462
v 0.494383 18.278000 -48.467327
v 0.448427 18.399561 -48.408993
v 0.410575 18.416300 -48.397324
v 0.328788 18.380232 -48.403622
v 0.286758 18.234198 -48.462479
v 0.316048 18.081219 -48.532593
v 0.384638 18.057064 -48.551044
v 0.456009 18.103764 -48.538906
v 0.488229 18.197859 -48.501575
v 1.334764 17.675962 -32.360725
v 2.583339 17.286894 -32.683025
v 2.902657 16.776371 -32.892693
v 3.044388 16.471094 -33.091599
v 3.114255 16.104015 -33.139874
v 3.104490 15.938434 -33.504807
v 3.018911 15.883631 -33.574631
v -0.001014 14.851220 -33.718700
v -1.480471 14.839952 -33.702435
v 0.254333 18.611305 -48.699726
v 0.458188 18.807667 -48.535793
v 0.647009 18.521095 -48.553009
v 0.696490 18.310011 -48.637821
v 0.686002 18.136728 -48.728085
v 0.616034 17.884510 -48.855206
v 0.473428 17.763088 -48.946125
v 0.238178 17.865534 -48.974022
v 0.136485 18.273619 -48.875072
v 12.591772 21.566992 -22.988201
v 11.508109 22.409237 -23.496588
v 9.882501 23.567657 -24.809067
v 8.558527 24.371777 -25.589323
v 0.281312 15.353774 -47.569561
v 0.566633 15.336087 -47.478374
v 2.470096 15.183107 -45.041962
v 2.515830 15.446755 -44.306393
v 1.363560 15.208063 -46.949371
v 1.601313 15.177545 -46.554943
v 0.962761 15.262634 -47.228554
v 2.512657 15.563312 -43.681877
v 2.777897 15.820813 -42.841946
v 2.185433 15.117094 -45.540474
v 2.780001 15.660579 -42.109829
v 1.804954 15.163886 -46.215656
v 0.122777 15.504360 -47.611877
v 2.736580 15.356169 -41.175571
v 2.470096 13.912699 -44.995903
v 2.515830 13.880973 -44.249626
v 1.283082 14.129483 -46.904797
v 1.601313 14.177142 -46.518673
v 2.512657 13.880473 -43.620865
v 2.777897 13.855008 -42.770676
v 2.185433 13.896961 -45.496239
v 2.780001 13.927552 -42.047001
v 1.804954 14.025685 -46.174393
v 3.046660 14.411781 -40.391098
v 2.736580 14.393206 -40.903465
v 1.567534 13.698789 -44.989006
v 1.613251 13.542615 -44.258564
v 0.982169 14.133776 -47.094570
v 0.962186 14.019916 -46.438984
v 1.610096 13.436896 -43.638744
v 1.875335 13.269495 -42.804806
v 1.282871 13.767025 -45.484898
v 1.877439 13.219900 -42.079193
v 1.093570 13.935070 -46.129326
v 2.144099 13.514543 -40.130661
v 1.834001 13.487598 -40.873863
v 0.333471 14.191387 -47.284050
v 0.668723 14.180717 -47.201008
v 0.205610 14.193588 -47.301250
v 1.334764 15.529274 -28.966326
v -4.370691 14.836025 -40.886665
v -4.494625 14.960097 -40.853127
v -4.432501 14.763602 -40.860855
v -4.511524 15.628786 -39.993553
v -4.444754 16.079908 -39.102558
v -4.119107 16.647522 -38.852287
v -2.138811 16.952131 -38.751225
v -1.189375 16.823715 -38.709366
v -2.138811 18.110415 -36.097359
v 0.000199 16.986849 -38.717068
v -3.046263 15.364757 -40.938690
v -3.645862 14.892214 -40.724464
v -3.046263 14.411781 -40.391098
v -2.143701 13.514543 -40.130661
v 0.000199 13.513504 -40.159302
v 4.371089 14.836025 -40.886665
v 4.495005 14.960097 -40.853127
v 4.432880 14.763602 -40.860855
v 4.511904 15.628786 -39.993553
v 4.445133 16.079908 -39.102558
v 4.119504 16.647522 -38.852287
v 2.139208 16.952131 -38.751225
v 1.189772 16.823715 -38.709366
v -4.119107 17.277962 -36.179302
v 3.046660 15.364757 -40.938690
v 3.646259 14.892214 -40.724464
v 3.046660 14.411781 -40.391098
v 2.144099 13.514543 -40.130661
v -4.370691 14.897172 -39.200047
v -4.494625 15.021244 -39.166527
v -4.432501 14.804066 -39.744747
v -4.511524 15.669250 -38.877449
v -4.444754 16.100464 -38.535580
v 0.000063 14.488108 -48.499939
v -3.288427 15.670084 -31.041933
v 3.397743 15.670084 -31.041933
v -2.352805 16.664225 -30.917913
v -1.177606 16.931587 -30.903086
v -0.002422 17.123966 -30.740406
v 1.172761 16.931589 -30.903093
v 2.347945 16.664228 -30.917927
g Set blendShape1Set skinCluster1Set tweakSet1
v -2.197500 17.233538 -34.805119
v -1.304369 17.529839 -34.815857
v -0.003132 17.797636 -34.825569
v 1.298105 17.529839 -34.815857
v 2.180472 17.233538 -34.805119
v -2.197500 16.671721 -38.805763
v -1.304369 16.976107 -38.831261
v -0.003132 17.251192 -38.854313
v 1.298105 16.976107 -38.831261
v 2.180472 16.671721 -38.805763
v -1.967617 16.214067 -44.347969
v -1.208438 16.900610 -44.465755
v -0.003132 17.091011 -44.438057
v 1.202174 16.900610 -44.465755
v 1.939476 16.214067 -44.347969
v -1.179720 15.507315 -45.431232
v -0.660134 15.810570 -45.324661
v -0.003132 16.054901 -45.591515
v 0.660606 15.818749 -45.338428
v 1.160264 15.506434 -45.431778
v -0.272261 14.846741 -45.645336
v -0.141773 14.812506 -45.743042
v -0.003132 14.812506 -45.743042
v 0.135509 14.812506 -45.743042
v 0.265997 14.846741 -45.645336
v -2.583621 14.060503 -42.325901
v 2.577357 14.060503 -42.325901
v -3.542507 14.728571 -38.580421
v 3.536243 14.728571 -38.580421
v -3.956713 15.320826 -34.740753
vt 0.028844 0.029690
vt 0.064334 0.178268
vt 0.048618 0.170292
vt 0.055405 0.026284
vt 0.068212 0.027435
vt 0.037349 0.127320
vt 0.047240 0.123195
vt 0.046191 0.141570
vt 0.173379 0.086497
vt 0.157231 0.085532
vt 0.143692 0.084683
vt 0.149267 0.043481
vt 0.143698 0.053667
vt 0.131280 0.084239
vt 0.128740 0.042776
vt 0.127097 0.054444
vt 0.120177 0.084105
vt 0.162035 0.043888
vt 0.157885 0.054210
vt 0.171729 0.056484
vt 0.172444 0.048025
vt 0.188785 0.053092
vt 0.204153 0.057043
vt 0.242253 0.167809
vt 0.073685 0.201245
vt 0.071306 0.218261
vt 0.198378 0.198258
vt 0.198839 0.209189
vt 0.180746 0.160084
vt 0.163889 0.164688
vt 0.139916 0.134172
vt 0.188898 0.210611
vt 0.167103 0.193017
vt 0.155372 0.180127
vt 0.147307 0.168015
vt 0.133619 0.146204
vt 0.126944 0.136167
vt 0.147490 0.220145
vt 0.142174 0.197654
vt 0.135522 0.182585
vt 0.130112 0.169709
vt 0.119865 0.147848
vt 0.114917 0.137188
vt 0.102752 0.140056
vt 0.182438 0.189150
vt 0.172204 0.176397
vt 0.187643 0.170983
vt 0.192599 0.182088
vt 0.218816 0.125689
vt 0.236684 0.114211
vt 0.224282 0.162512
vt 0.238377 0.171485
vt 0.190182 0.045156
vt 0.190518 0.046198
vt 0.069244 0.027525
vt 0.095240 0.127186
vt 0.171800 0.036208
vt 0.167277 0.039274
vt 0.169669 0.028790
vt 0.172023 0.029540
vt 0.132857 0.121520
vt 0.132954 0.110270
vt 0.165799 0.025452
vt 0.163450 0.028791
vt 0.121727 0.110890
vt 0.121830 0.122964
vt 0.130347 0.021752
vt 0.129930 0.026207
vt 0.102093 0.125183
vt 0.111256 0.111226
vt 0.111141 0.124069
vt 0.231131 0.100332
vt 0.228090 0.096944
vt 0.222474 0.075871
vt 0.203268 0.049458
vt 0.203397 0.048107
vt 0.106632 0.148873
vt 0.081256 0.151637
vt 0.065763 0.141670
vt 0.091363 0.141022
vt 0.094211 0.149049
vt 0.368124 0.259621
vt 0.379867 0.434680
vt 0.376834 0.419638
vt 0.372783 0.411331
vt 0.374836 0.398300
vt 0.367847 0.449043
vt 0.365203 0.424265
vt 0.364679 0.435223
vt 0.347607 0.403512
vt 0.320433 0.400893
vt 0.300771 0.400722
vt 0.213074 0.350865
vt 0.214842 0.363377
vt 0.299042 0.379910
vt 0.322176 0.378736
vt 0.356748 0.379765
vt 0.380951 0.378902
vt 0.371949 0.380716
vt 0.354023 0.433518
vt 0.345906 0.439616
vt 0.336688 0.443357
vt 0.340299 0.458243
vt 0.339536 0.454724
vt 0.334089 0.250450
vt 0.359147 0.445981
vt 0.360495 0.453411
vt 0.349878 0.453655
vt 0.349058 0.447079
vt 0.317754 0.247175
vt 0.319279 0.461311
vt 0.321855 0.456368
vt 0.319444 0.443680
vt 0.312104 0.445746
vt 0.317839 0.452808
vt 0.317802 0.455343
vt 0.316292 0.459313
vt 0.313724 0.456377
vt 0.315593 0.252985
vt 0.313838 0.248195
vt 0.321059 0.262390
vt 0.328803 0.264003
vt 0.297084 0.459205
vt 0.296824 0.455280
vt 0.295690 0.443051
vt 0.288464 0.444410
vt 0.294365 0.450656
vt 0.294662 0.454893
vt 0.291695 0.458350
vt 0.292033 0.454093
vt 0.279441 0.456564
vt 0.278510 0.451772
vt 0.273667 0.441119
vt 0.268071 0.441866
vt 0.272521 0.449471
vt 0.272576 0.454723
vt 0.270303 0.453575
vt 0.269764 0.449720
vt 0.275560 0.250251
vt 0.273597 0.248848
vt 0.257677 0.452008
vt 0.258269 0.447883
vt 0.255014 0.449441
vt 0.252865 0.450630
vt 0.238659 0.247326
vt 0.237881 0.448367
vt 0.237389 0.442158
vt 0.236235 0.445895
vt 0.233811 0.447533
vt 0.233749 0.443659
vt 0.236245 0.249902
vt 0.232737 0.247637
vt 0.342330 0.427068
vt 0.321110 0.430114
vt 0.297867 0.429641
vt 0.323916 0.435901
vt 0.331781 0.434856
vt 0.326342 0.445194
vt 0.304186 0.437643
vt 0.312490 0.437894
vt 0.302266 0.445455
vt 0.281164 0.436225
vt 0.289236 0.436805
vt 0.278483 0.443490
vt 0.363366 0.407381
vt 0.351636 0.419438
vt 0.207100 0.249744
vt 0.206715 0.254792
vt 0.211778 0.445594
vt 0.211225 0.441951
vt 0.211634 0.433703
vt 0.210291 0.439626
vt 0.209717 0.443271
vt 0.205234 0.252814
vt 0.205444 0.257057
vt 0.192344 0.400035
vt 0.193125 0.365300
vt 0.175795 0.367738
vt 0.175370 0.352032
vt 0.191916 0.351397
vt 0.207766 0.441760
vt 0.207168 0.445104
vt 0.202390 0.249482
vt 0.276600 0.399842
vt 0.260794 0.440493
vt 0.255073 0.444656
vt 0.254184 0.446840
vt 0.250815 0.438916
vt 0.255815 0.437692
vt 0.238530 0.444831
vt 0.236455 0.435359
vt 0.275708 0.428134
vt 0.268713 0.434892
vt 0.261982 0.434148
vt 0.242141 0.437816
vt 0.211655 0.398844
vt 0.242476 0.431456
vt 0.255980 0.426747
vt 0.249790 0.432382
vt 0.229850 0.436740
vt 0.218376 0.436303
vt 0.213107 0.423313
vt 0.235662 0.424130
vt 0.228358 0.430317
vt 0.219976 0.430025
vt 0.187277 0.250484
vt 0.186735 0.255531
vt 0.195390 0.444485
vt 0.195044 0.441032
vt 0.193142 0.433394
vt 0.187919 0.435737
vt 0.194022 0.439415
vt 0.194109 0.443249
vt 0.192536 0.444971
vt 0.193170 0.441335
vt 0.185737 0.252467
vt 0.183990 0.249981
vt 0.185658 0.257262
vt 0.183123 0.254914
vt 0.202552 0.254815
vt 0.200606 0.264966
vt 0.190653 0.264847
vt 0.198986 0.429278
vt 0.205784 0.429260
vt 0.205259 0.435155
vt 0.198086 0.434895
vt 0.166012 0.251102
vt 0.166374 0.255720
vt 0.178008 0.445523
vt 0.176862 0.442666
vt 0.174344 0.435439
vt 0.175697 0.440932
vt 0.175861 0.444681
vt 0.163718 0.252620
vt 0.163502 0.257254
vt 0.160291 0.249699
vt 0.173115 0.447162
vt 0.172811 0.443579
vt 0.173234 0.402722
vt 0.141436 0.247093
vt 0.157072 0.451461
vt 0.137877 0.255353
vt 0.156883 0.446733
vt 0.152475 0.439777
vt 0.157013 0.437849
vt 0.162111 0.438560
vt 0.159000 0.448366
vt 0.157666 0.443874
vt 0.161202 0.444739
vt 0.160988 0.449838
vt 0.143197 0.250886
vt 0.145182 0.248404
vt 0.142668 0.256588
vt 0.155572 0.261931
vt 0.152003 0.261897
vt 0.148438 0.254768
vt 0.157658 0.255120
vt 0.126951 0.250269
vt 0.127078 0.256546
vt 0.144558 0.450227
vt 0.144576 0.445481
vt 0.140475 0.444277
vt 0.140720 0.448150
vt 0.136282 0.448454
vt 0.136898 0.444588
vt 0.122934 0.253313
vt 0.122424 0.259327
vt 0.179027 0.436931
vt 0.174530 0.425479
vt 0.193319 0.423601
vt 0.187215 0.429970
vt 0.180298 0.430766
vt 0.162361 0.433176
vt 0.168650 0.432160
vt 0.169282 0.437642
vt 0.117816 0.252746
vt 0.117635 0.258910
vt 0.129650 0.445110
vt 0.123289 0.442154
vt 0.266033 0.376900
vt 0.258063 0.376834
vt 0.257159 0.388103
vt 0.256995 0.399271
vt 0.237672 0.397169
vt 0.282611 0.379428
vt 0.266146 0.387572
vt 0.319889 0.249956
vt 0.334101 0.252458
vt 0.333286 0.254957
vt 0.319212 0.252899
vt 0.761691 0.494235
vt 0.812010 0.403397
vt 0.813240 0.349540
vt 0.813186 0.282504
vt 0.810850 0.213918
vt 0.802230 0.145350
vt 0.818724 0.135522
vt 0.806276 0.165160
vt 0.804307 0.170936
vt 0.796169 0.143316
vt 0.792350 0.145032
vt 0.806267 0.179125
vt 0.787834 0.149744
vt 0.776785 0.135171
vt 0.810651 0.212160
vt 0.809646 0.192193
vt 0.837351 0.194401
vt 0.823733 0.203173
vt 0.847944 0.211401
vt 0.825266 0.212479
vt 0.827238 0.223085
vt 0.810950 0.215459
vt 0.813130 0.281060
vt 0.812418 0.236640
vt 0.842798 0.239775
vt 0.825892 0.273579
vt 0.854801 0.268837
vt 0.830400 0.279907
vt 0.827126 0.290741
vt 0.847258 0.297189
vt 0.813218 0.283993
vt 0.813004 0.307057
vt 0.812567 0.347140
vt 0.813664 0.328081
vt 0.849519 0.325101
vt 0.827239 0.339164
vt 0.855865 0.345497
vt 0.831597 0.349489
vt 0.825937 0.361248
vt 0.812476 0.352047
vt 0.784646 0.216633
vt 0.767995 0.211980
vt 0.785005 0.218406
vt 0.768030 0.213766
vt 0.767935 0.215711
vt 0.784771 0.220379
vt 0.785491 0.238754
vt 0.768195 0.242944
vt 0.785048 0.286432
vt 0.768461 0.283077
vt 0.785227 0.288242
vt 0.768490 0.285040
vt 0.768418 0.286928
vt 0.785088 0.290085
vt 0.785089 0.308451
vt 0.767946 0.308734
vt 0.785016 0.328914
vt 0.767479 0.328854
vt 0.785627 0.350298
vt 0.767416 0.346893
vt 0.785824 0.352499
vt 0.767355 0.349248
vt 0.767210 0.351737
vt 0.785599 0.355054
vt 0.787785 0.406141
vt 0.759395 0.145469
vt 0.768166 0.141605
vt 0.763388 0.159465
vt 0.779211 0.156578
vt 0.767385 0.192966
vt 0.766107 0.175959
vt 0.782505 0.175827
vt 0.784175 0.192228
vt 0.809832 0.424199
vt 0.809475 0.426119
vt 0.787646 0.428954
vt 0.787839 0.431052
vt 0.825139 0.414081
vt 0.787453 0.432600
vt 0.784305 0.449249
vt 0.763708 0.481706
vt 0.767226 0.448137
vt 0.768000 0.428825
vt 0.768476 0.427159
vt 0.768716 0.405724
vt 0.768406 0.425139
vt 0.137745 0.868934
vt 0.138007 0.877059
vt 0.124763 0.868974
vt 0.125026 0.877163
vt 0.259020 0.820599
vt 0.256447 0.807284
vt 0.252914 0.795317
vt 0.129155 0.830640
vt 0.259731 0.835035
vt 0.282948 0.851139
vt 0.280256 0.851142
vt 0.288709 0.858680
vt 0.287722 0.858390
vt 0.276452 0.861499
vt 0.277975 0.861518
vt 0.285193 0.800440
vt 0.270957 0.804206
vt 0.282961 0.787373
vt 0.268335 0.790887
vt 0.280362 0.774100
vt 0.289514 0.840205
vt 0.289909 0.840064
vt 0.289468 0.839152
vt 0.289046 0.839905
vt 0.285294 0.863398
vt 0.286246 0.863920
vt 0.133429 0.906801
vt 0.130317 0.917222
vt 0.122623 0.906492
vt 0.137297 0.885952
vt 0.135659 0.895413
vt 0.124491 0.885402
vt 0.123744 0.894758
vt 0.275615 0.861938
vt 0.289576 0.838302
vt 0.289925 0.834692
vt 0.290701 0.839132
vt 0.292225 0.837619
vt 0.289684 0.858822
vt 0.291631 0.858765
vt 0.287012 0.864425
vt 0.289297 0.864598
vt 0.313032 0.906872
vt 0.286424 0.870607
vt 0.284375 0.868908
vt 0.278079 0.872667
vt 0.280055 0.873718
vt 0.280998 0.876169
vt 0.277218 0.874851
vt 0.276528 0.871574
vt 0.276555 0.869653
vt 0.277424 0.868790
vt 0.278168 0.868797
vt 0.289864 0.851884
vt 0.289393 0.843680
vt 0.290837 0.852499
vt 0.290815 0.845054
vt 0.291560 0.852615
vt 0.291976 0.844436
vt 0.293864 0.851652
vt 0.293882 0.843547
vt 0.275428 0.872259
vt 0.274551 0.870985
vt 0.273294 0.862662
vt 0.210131 0.809492
vt 0.209913 0.806580
vt 0.243326 0.823040
vt 0.312027 0.919162
vt 0.296768 0.931030
vt 0.244865 0.852300
vt 0.258817 0.849153
vt 0.245888 0.863291
vt 0.292693 0.824670
vt 0.299459 0.917616
vt 0.304582 0.857031
vt 0.305712 0.848711
vt 0.304578 0.841167
vt 0.302428 0.834809
vt 0.300649 0.827818
vt 0.298002 0.822298
vt 0.279725 0.850873
vt 0.278849 0.850292
vt 0.269157 0.847454
vt 0.139242 0.917552
vt 0.143470 0.907212
vt 0.146411 0.895357
vt 0.147689 0.886326
vt 0.147455 0.876197
vt 0.227881 0.813230
vt 0.227314 0.824334
vt 0.241656 0.810087
vt 0.226608 0.806754
vt 0.147202 0.868010
vt 0.161471 0.866375
vt 0.158564 0.862596
vt 0.284067 0.840810
vt 0.287792 0.836614
vt 0.285687 0.843057
vt 0.288023 0.839709
vt 0.286041 0.843829
vt 0.288075 0.840740
vt 0.288306 0.840912
vt 0.286488 0.844211
vt 0.295973 0.817456
vt 0.287680 0.812004
vt 0.289853 0.818988
vt 0.274507 0.818301
vt 0.282883 0.821654
vt 0.285748 0.827808
vt 0.276601 0.832879
vt 0.299737 0.834853
vt 0.296220 0.835710
vt 0.295265 0.828660
vt 0.292208 0.831648
vt 0.286363 0.832017
vt 0.287167 0.834135
vt 0.280709 0.837148
vt 0.282268 0.839517
vt 0.274408 0.849400
vt 0.276351 0.849364
vt 0.270775 0.862682
vt 0.271851 0.871710
vt 0.276234 0.877627
vt 0.279893 0.879017
vt 0.283919 0.878613
vt 0.296671 0.873807
vt 0.289041 0.872176
vt 0.300221 0.866320
vt 0.293461 0.866093
vt 0.302267 0.857582
vt 0.295230 0.858449
vt 0.295763 0.842406
vt 0.303005 0.840765
vt 0.304463 0.848104
vt 0.296431 0.850209
vt 0.259236 0.864682
vt 0.263979 0.860488
vt 0.268811 0.863165
vt 0.286608 0.882094
vt 0.280547 0.882735
vt 0.267779 0.873305
vt 0.269338 0.873674
vt 0.275391 0.881401
vt 0.273133 0.882146
vt 0.255080 0.867698
vt 0.244467 0.837395
vt 0.227730 0.839526
vt 0.228067 0.845767
vt 0.230574 0.855050
vt 0.254786 0.871604
vt 0.250625 0.876858
vt 0.233359 0.876542
vt 0.245527 0.876237
vt 0.244248 0.863122
vt 0.244916 0.868825
vt 0.230400 0.856911
vt 0.231203 0.865933
vt 0.260437 0.876314
vt 0.255183 0.879434
vt 0.249543 0.907960
vt 0.237863 0.889386
vt 0.247058 0.884766
vt 0.261763 0.922356
vt 0.281769 0.923883
vt 0.276412 0.935275
vt 0.267417 0.888324
vt 0.256438 0.900726
vt 0.262968 0.893624
vt 0.273609 0.903996
vt 0.267960 0.913388
vt 0.294635 0.771712
vt 0.309370 0.767991
vt 0.296516 0.785303
vt 0.309529 0.783600
vt 0.298574 0.798370
vt 0.310328 0.796517
vt 0.300109 0.811018
vt 0.310586 0.808265
vt 0.303231 0.819684
vt 0.312216 0.817542
vt 0.305615 0.827000
vt 0.313342 0.825749
vt 0.306892 0.834086
vt 0.314135 0.833316
vt 0.307670 0.840867
vt 0.314722 0.840856
vt 0.307874 0.848561
vt 0.315248 0.849042
vt 0.306912 0.857365
vt 0.314983 0.857022
vt 0.302197 0.905870
vt 0.279300 0.884538
vt 0.286314 0.912479
vt 0.286999 0.883576
vt 0.295409 0.882243
vt 0.290119 0.902321
vt 0.278413 0.894626
vt 0.285978 0.892196
vt 0.292796 0.893955
vt 0.292855 0.946108
vt 0.302027 0.866962
vt 0.296200 0.879953
vt 0.298236 0.874774
vt 0.237037 0.799889
vt 0.211758 0.801751
vt 0.151370 0.843143
vt 0.158770 0.846964
vt 0.223467 0.759792
vt 0.252149 0.752982
vt 0.277254 0.761333
vt 0.273872 0.749529
vt 0.294085 0.759439
vt 0.292293 0.747942
vt 0.309255 0.756752
vt 0.304090 0.746075
vt 0.135770 0.813368
vt 0.165191 0.816280
vt 0.249358 0.784551
vt 0.264812 0.777937
vt 0.225381 0.768642
vt 0.257389 0.764867
vt 0.137385 0.821725
vt 0.167082 0.826701
vt 0.237168 0.788810
vt 0.215132 0.793645
vt 0.217528 0.787136
vt 0.223586 0.776150
vt 0.242671 0.776546
vt 0.235540 0.782192
vt 0.165990 0.835082
vt 0.162417 0.843019
vt 0.142538 0.836937
vt 0.150482 0.832913
vt 0.154530 0.839378
vt 0.217079 0.773332
vt 0.205601 0.785763
vt 0.198668 0.759216
vt 0.744525 0.932399
vt 0.742960 0.779289
vt 0.742045 0.802120
vt 0.720648 0.778440
vt 0.719368 0.800909
vt 0.659964 0.774558
vt 0.658562 0.797380
vt 0.608960 0.804525
vt 0.741894 0.824676
vt 0.741651 0.846740
vt 0.718458 0.823201
vt 0.717732 0.844554
vt 0.659147 0.820404
vt 0.661201 0.840575
vt 0.641692 0.841930
vt 0.637250 0.821472
vt 0.614473 0.825877
vt 0.621465 0.844786
vt 0.741506 0.863741
vt 0.718053 0.861757
vt 0.665352 0.873827
vt 0.663872 0.857403
vt 0.650333 0.872835
vt 0.646482 0.858062
vt 0.629390 0.860676
vt 0.635832 0.873900
vt 0.745838 0.685891
vt 0.745101 0.708433
vt 0.724812 0.708795
vt 0.726166 0.686714
vt 0.675061 0.682988
vt 0.669574 0.703645
vt 0.637310 0.679697
vt 0.744266 0.735095
vt 0.743594 0.757488
vt 0.721925 0.755942
vt 0.723342 0.732863
vt 0.665419 0.728982
vt 0.661046 0.751891
vt 0.620688 0.724695
vt 0.661387 0.584884
vt 0.688100 0.566323
vt 0.746353 0.547758
vt 0.578100 0.800118
vt 0.613039 0.668298
vt 0.600495 0.712496
vt 0.905997 0.102219
vt 0.937049 0.363255
vt 0.947718 0.213932
vt 0.953187 0.273532
vt 0.588777 0.803755
vt 0.584209 0.802332
vt 0.607707 0.721538
vt 0.601511 0.713553
vt 0.625957 0.678634
vt 0.614495 0.669989
vt 0.666714 0.604391
vt 0.664587 0.587726
vt 0.694423 0.582549
vt 0.691921 0.570056
vt 0.749849 0.559958
vt 0.747122 0.548479
vt 0.759083 0.558479
vt 0.941411 0.279593
vt 0.928834 0.223433
vt 0.881990 0.456156
vt 0.880108 0.465060
vt 0.867929 0.469550
vt 0.771953 0.030693
vt 0.768572 0.549569
vt 0.751271 0.056653
vt 0.752792 0.059462
vt 0.634198 0.687602
vt 0.623143 0.685294
vt 0.609027 0.667966
vt 0.611076 0.669403
vt 0.952561 0.213377
vt 0.946531 0.187660
vt 0.946418 0.209380
vt 0.927203 0.215493
vt 0.613981 0.666887
vt 0.616048 0.648332
vt 0.615572 0.667285
vt 0.621911 0.651226
vt 0.628701 0.671929
vt 0.637052 0.656291
vt 0.643876 0.688999
vt 0.647860 0.680592
vt 0.659131 0.681123
vt 0.660952 0.663195
vt 0.650090 0.671825
vt 0.640930 0.671283
vt 0.646874 0.660502
vt 0.915071 0.234451
vt 0.932746 0.228712
vt 0.912057 0.214660
vt 0.910744 0.226700
vt 0.886647 0.226253
vt 0.617748 0.733029
vt 0.615917 0.744611
vt 0.604901 0.725581
vt 0.596266 0.740286
vt 0.594040 0.714499
vt 0.597066 0.716592
vt 0.592887 0.734616
vt 0.587537 0.733322
vt 0.956652 0.278991
vt 0.952289 0.301132
vt 0.955510 0.231707
vt 0.954065 0.271648
vt 0.939330 0.271898
vt 0.933583 0.244012
vt 0.599625 0.711509
vt 0.599757 0.681460
vt 0.600335 0.711600
vt 0.607187 0.683286
vt 0.611207 0.715628
vt 0.619071 0.692129
vt 0.629396 0.736861
vt 0.633081 0.727528
vt 0.646797 0.727989
vt 0.632131 0.695706
vt 0.649231 0.699037
vt 0.634929 0.718238
vt 0.624230 0.716624
vt 0.922673 0.294168
vt 0.943017 0.289135
vt 0.944462 0.308041
vt 0.904487 0.314374
vt 0.900728 0.263678
vt 0.920021 0.272744
vt 0.919234 0.283603
vt 0.893481 0.289788
vt 0.613070 0.753473
vt 0.600369 0.746447
vt 0.589445 0.745385
vt 0.589656 0.745479
vt 0.948384 0.312365
vt 0.933389 0.312958
vt 0.915789 0.329887
vt 0.950388 0.313441
vt 0.954345 0.320445
vt 0.937709 0.322227
vt 0.579750 0.753552
vt 0.586308 0.745798
vt 0.581928 0.753460
vt 0.587843 0.747515
vt 0.596978 0.765303
vt 0.596777 0.753666
vt 0.611242 0.764085
vt 0.609904 0.778699
vt 0.622435 0.780905
vt 0.625135 0.768823
vt 0.639935 0.772204
vt 0.634324 0.795177
vt 0.637111 0.749331
vt 0.625346 0.757299
vt 0.935300 0.331504
vt 0.923424 0.364338
vt 0.890575 0.363856
vt 0.914845 0.341611
vt 0.918644 0.315543
vt 0.891718 0.338249
vt 0.898962 0.173167
vt 0.934018 0.166520
vt 0.940400 0.167641
vt 0.916045 0.170939
vt 0.626465 0.633960
vt 0.632457 0.634378
vt 0.633822 0.636636
vt 0.629105 0.637355
vt 0.644723 0.642341
vt 0.640743 0.648378
vt 0.649632 0.651757
vt 0.916801 0.180741
vt 0.916741 0.193832
vt 0.889397 0.200663
vt 0.902843 0.182663
vt 0.872487 0.183375
vt 0.657445 0.653859
vt 0.661262 0.611456
vt 0.649951 0.602365
vt 0.651251 0.602817
vt 0.918819 0.120929
vt 0.885913 0.118655
vt 0.912106 0.125581
vt 0.920663 0.127621
vt 0.646463 0.602369
vt 0.651999 0.605348
vt 0.647704 0.604063
vt 0.652338 0.606013
vt 0.665386 0.617694
vt 0.656087 0.619876
vt 0.658981 0.615357
vt 0.670989 0.619620
vt 0.679243 0.611795
vt 0.672955 0.614754
vt 0.668145 0.612835
vt 0.672883 0.607811
vt 0.849282 0.093313
vt 0.884458 0.084789
vt 0.889849 0.087700
vt 0.860191 0.089122
vt 0.671985 0.578664
vt 0.676983 0.581657
vt 0.672342 0.580316
vt 0.676952 0.581975
vt 0.674442 0.596000
vt 0.679106 0.592544
vt 0.677441 0.602618
vt 0.682925 0.598836
vt 0.698991 0.590983
vt 0.690419 0.609560
vt 0.681421 0.605904
vt 0.687308 0.603464
vt 0.660993 0.646057
vt 0.653178 0.644223
vt 0.662738 0.622779
vt 0.668574 0.625070
vt 0.747298 0.648552
vt 0.746841 0.666432
vt 0.728110 0.649089
vt 0.727506 0.667105
vt 0.670261 0.647541
vt 0.684205 0.648809
vt 0.679625 0.665055
vt 0.746384 0.615022
vt 0.747250 0.631653
vt 0.728016 0.616746
vt 0.728234 0.632623
vt 0.678258 0.621140
vt 0.690019 0.620808
vt 0.686958 0.633853
vt 0.652426 0.626142
vt 0.647369 0.635760
vt 0.635036 0.617600
vt 0.639259 0.619764
vt 0.633730 0.633477
vt 0.632764 0.633261
vt 0.924024 0.135699
vt 0.937185 0.164179
vt 0.659979 0.629182
vt 0.671697 0.632491
vt 0.663078 0.638570
vt 0.656263 0.636948
vt 0.702440 0.564022
vt 0.704094 0.566287
vt 0.702898 0.565404
vt 0.704449 0.577194
vt 0.708557 0.585793
vt 0.717105 0.581940
vt 0.711325 0.592287
vt 0.870200 0.097662
vt 0.879275 0.109689
vt 0.856161 0.109699
vt 0.858637 0.099994
vt 0.828265 0.045740
vt 0.850941 0.055253
vt 0.817100 0.058297
vt 0.712026 0.574752
vt 0.704511 0.568650
vt 0.705120 0.564329
vt 0.741372 0.563311
vt 0.734376 0.552879
vt 0.735367 0.554037
vt 0.785785 0.035960
vt 0.721907 0.556769
vt 0.721091 0.555421
vt 0.817492 0.040591
vt 0.786750 0.039478
vt 0.788658 0.036024
vt 0.733921 0.554738
vt 0.733065 0.553242
vt 0.734373 0.556243
vt 0.733157 0.554893
vt 0.739084 0.564187
vt 0.739417 0.571994
vt 0.735566 0.565403
vt 0.734035 0.573654
vt 0.734764 0.583685
vt 0.744873 0.576192
vt 0.744079 0.570177
vt 0.749355 0.577999
vt 0.750397 0.569063
vt 0.757801 0.566162
vt 0.756938 0.584684
vt 0.757549 0.575886
vt 0.852002 0.479091
vt 0.744976 0.953669
vt 0.745785 0.969263
vt 0.310431 0.720363
vt 0.307906 0.727692
vt 0.292226 0.726362
vt 0.299945 0.710022
vt 0.839634 0.131728
vt 0.863388 0.457225
vt 0.852861 0.464903
vt 0.822817 0.067835
vt 0.833698 0.099192
vt 0.824799 0.126515
vt 0.754364 0.061413
vt 0.846609 0.367265
vt 0.844217 0.389390
vt 0.812598 0.372361
vt 0.813930 0.388664
vt 0.787320 0.372885
vt 0.788742 0.388965
vt 0.768065 0.371225
vt 0.768737 0.388382
vt 0.179148 0.779519
vt 0.145807 0.783824
vt 0.777319 0.482911
vt 0.461101 0.907099
vt 0.471862 0.902555
vt 0.480628 0.897748
vt 0.492002 0.878478
vt 0.312559 0.934082
vt 0.322053 0.950506
vt 0.308219 0.949161
vt 0.134034 0.924705
vt 0.131335 0.931961
vt 0.126606 0.924009
vt 0.125063 0.930757
vt 0.117925 0.930522
vt 0.833558 0.182082
vt 0.868482 0.169406
vt 0.831363 0.173477
vt 0.830772 0.168729
vt 0.914035 0.153251
vt 0.900360 0.157684
vt 0.353891 0.256781
vt 0.352270 0.257409
vt 0.340687 0.256840
vt 0.348151 0.254795
vt 0.347478 0.255831
vt 0.343238 0.258556
vt 0.170575 0.795946
vt 0.167529 0.804866
vt 0.142229 0.804155
vt 0.143102 0.794981
vt 0.219195 0.750707
vt 0.218763 0.742554
vt 0.243208 0.743132
vt 0.242680 0.736673
vt 0.267406 0.741603
vt 0.267502 0.735225
vt 0.289638 0.740206
vt 0.290224 0.735261
vt 0.308016 0.738397
vt 0.308056 0.735345
vt 0.791855 0.077038
vt 0.793948 0.080119
vt 0.788250 0.059799
vt 0.783115 0.053605
vt 0.787658 0.048791
vt 0.789431 0.048880
vt 0.797314 0.051924
vt 0.235396 0.142882
vt 0.240621 0.143873
vt 0.220859 0.072289
vt 0.219629 0.073475
vt 0.213638 0.107861
vt 0.213952 0.108438
vt 0.212915 0.107843
vt 0.213377 0.108361
vt 0.216818 0.106227
vt 0.213466 0.107512
vt 0.213228 0.105740
vt 0.214415 0.113427
vt 0.219138 0.113551
vt 0.205462 0.131119
vt 0.304359 0.884973
vt 0.303884 0.895744
vt 0.314855 0.896060
vt 0.316072 0.882820
vt 0.315993 0.882626
vt 0.315895 0.882589
vt 0.315849 0.882643
vt 0.315800 0.882750
vt 0.315844 0.882874
vt 0.753483 0.062767
vt 0.773638 0.050650
vt 0.454682 0.859569
vt 0.465214 0.837505
vt 0.459275 0.862270
vt 0.461664 0.863988
vt 0.492318 0.873536
vt 0.465594 0.871752
vt 0.465043 0.868137
vt 0.137639 0.725149
vt 0.144303 0.731261
vt 0.772312 0.509012
vt 0.767286 0.505736
vt 0.787152 0.500139
vt 0.783718 0.495319
vt 0.798339 0.489003
vt 0.793426 0.485722
vt 0.816340 0.455276
vt 0.813633 0.451640
vt 0.809391 0.427281
vt 0.819756 0.434040
vt 0.824491 0.426601
vt 0.838005 0.408684
vt 0.879605 0.390405
vt 0.833905 0.427166
vt 0.595831 0.891194
vt 0.897766 0.461412
vt 0.612730 0.865309
vt 0.598330 0.826486
vt 0.606676 0.846472
vt 0.578281 0.829502
vt 0.588138 0.826261
vt 0.584433 0.853353
vt 0.596450 0.849346
vt 0.602188 0.868425
vt 0.588935 0.872031
vt 0.910753 0.392338
vt 0.928207 0.393904
vt 0.849557 0.425759
vt 0.902756 0.428333
vt 0.919061 0.424167
vt 0.907065 0.442099
vt 0.900209 0.433894
vt 0.871608 0.139388
vt 0.892366 0.125485
vt 0.897001 0.128532
vt 0.903252 0.137922
vt 0.891871 0.148975
vt 0.876548 0.145737
vt 0.185333 0.066420
vt 0.182230 0.072615
vt 0.169410 0.063776
vt 0.166108 0.070116
vt 0.154702 0.062098
vt 0.151243 0.069547
vt 0.140376 0.062126
vt 0.137254 0.069990
vt 0.126111 0.063595
vt 0.124852 0.070727
vt 0.114424 0.071647
vt 0.106791 0.072822
vt 0.113735 0.100262
vt 0.117044 0.091502
vt 0.124454 0.100229
vt 0.127996 0.091747
vt 0.135817 0.099398
vt 0.139353 0.091151
vt 0.147312 0.097075
vt 0.152140 0.091726
vt 0.170885 0.093050
vt 0.199021 0.101400
vt 0.195806 0.106011
vt 0.187540 0.060054
vt 0.213927 0.110384
vt 0.191916 0.111527
vt 0.758082 0.063481
vt 0.766522 0.069406
vt 0.469117 0.932394
vt 0.490995 0.954545
vt 0.469063 0.952489
vt 0.547718 0.905192
vt 0.540715 0.931953
vt 0.504455 0.951578
vt 0.492337 0.928882
vt 0.518756 0.926463
vt 0.522137 0.949361
vt 0.556559 0.892596
vt 0.533190 0.895018
vt 0.499839 0.795502
vt 0.475291 0.812279
vt 0.484284 0.787294
vt 0.546467 0.820059
vt 0.550688 0.847397
vt 0.523896 0.800046
vt 0.506286 0.800905
vt 0.535155 0.856216
vt 0.492449 0.868591
vt 0.560709 0.878466
vt 0.533242 0.875609
vt 0.563067 0.864209
vt 0.507198 0.240244
vt 0.521200 0.242057
vt 0.785129 0.127136
vt 0.778003 0.129757
vt 0.110745 0.084427
vt 0.101749 0.083984
vt 0.099327 0.091255
vt 0.092683 0.082758
vt 0.078282 0.088421
vt 0.082705 0.080731
vt 0.755009 0.068945
vt 0.756134 0.077147
vt 0.786969 0.065242
vt 0.786164 0.068665
vt 0.774756 0.057520
vt 0.780576 0.063888
vt 0.113154 0.169310
vt 0.114620 0.182309
vt 0.083704 0.219097
vt 0.090420 0.196218
vt 0.118851 0.196741
vt 0.116929 0.219599
vt 0.075846 0.027427
vt 0.103540 0.024674
vt 0.020052 0.053316
vt 0.112749 0.065313
vt 0.101473 0.069273
vt 0.787550 0.098419
vt 0.786720 0.109143
vt 0.026283 0.034331
vt 0.053693 0.029849
vt 0.754739 0.079107
vt 0.073386 0.078491
vt 0.104384 0.029360
vt 0.109050 0.056899
vt 0.106576 0.043913
vt 0.067877 0.035462
vt 0.073465 0.034950
vt 0.086997 0.049368
vt 0.090088 0.063147
vt 0.067309 0.050650
vt 0.060362 0.080872
vt 0.025698 0.071675
vt 0.763914 0.088787
vt 0.755873 0.081394
vt 0.054536 0.041689
vt 0.023658 0.040387
vt 0.141527 0.751865
vt 0.141081 0.763274
vt 0.159437 0.752364
vt 0.169294 0.740845
vt 0.182708 0.750747
vt 0.169377 0.765768
vt 0.789370 0.514443
vt 0.107957 0.091965
vt 0.097595 0.098800
vt 0.104552 0.100271
vt 0.089938 0.090222
vt 0.101347 0.111628
vt 0.096737 0.104811
vt 0.089368 0.098466
vt 0.091698 0.104972
vt 0.047646 0.116338
vt 0.056089 0.100048
vt 0.078199 0.099815
vt 0.088239 0.112537
vt 0.033039 0.112963
vt 0.017397 0.078895
vt 0.047992 0.098518
vt 0.758736 0.060146
vt 0.754743 0.055526
vt 0.761152 0.051686
vt 0.753655 0.048755
vt 0.750954 0.022426
vt 0.763562 0.023011
vt 0.757030 0.041746
vt 0.763409 0.540092
vt 0.754390 0.542220
vt 0.753818 0.541212
vt 0.764137 0.539475
vt 0.706490 0.565070
vt 0.720339 0.571497
vt 0.714904 0.573653
vt 0.725769 0.577628
vt 0.731578 0.584381
vt 0.719477 0.580745
vt 0.723943 0.588059
vt 0.724459 0.599373
vt 0.721029 0.589465
vt 0.741248 0.579664
vt 0.742368 0.595812
vt 0.746804 0.590932
vt 0.824919 0.043459
vt 0.826115 0.046825
vt 0.807932 0.055839
vt 0.809563 0.056440
vt 0.790662 0.066540
vt 0.793900 0.061854
vt 0.795778 0.062537
vt 0.792965 0.067350
vt 0.240966 0.148046
vt 0.222022 0.148741
vt 0.203289 0.118778
vt 0.207726 0.120585
vt 0.177254 0.126961
vt 0.145528 0.109909
vt 0.177614 0.115680
vt 0.167315 0.109908
vt 0.168337 0.099335
vt 0.176080 0.109796
vt 0.168662 0.117090
vt 0.173483 0.122819
vt 0.161620 0.140360
vt 0.165338 0.134245
vt 0.146275 0.119917
vt 0.159440 0.126158
vt 0.161798 0.130279
vt 0.152855 0.131566
vt 0.184002 0.137588
vt 0.180691 0.132057
vt 0.193527 0.135007
vt 0.147764 0.143518
vt 0.182845 0.102375
vt 0.184734 0.096821
vt 0.190153 0.088757
vt 0.200266 0.075341
vt 0.202394 0.069728
vt 0.204643 0.063877
vt 0.206438 0.070575
vt 0.227181 0.178357
vt 0.214961 0.186427
vt 0.219987 0.165414
vt 0.208991 0.172308
vt 0.208753 0.151721
vt 0.214973 0.160196
vt 0.204863 0.164293
vt 0.200151 0.153398
vt 0.240938 0.162800
vt 0.222963 0.156720
vt 0.240911 0.155859
vt 0.218985 0.058935
vt 0.220010 0.065163
vt 0.211084 0.056094
vt 0.218025 0.058851
vt 0.218839 0.065206
vt 0.209366 0.064251
vt 0.215000 0.051469
vt 0.215217 0.051146
vt 0.218902 0.054313
vt 0.218344 0.054415
vt 0.109925 0.256975
vt 0.110524 0.261575
vt 0.069803 0.178767
vt 0.086595 0.161737
vt 0.097157 0.167158
vt 0.095131 0.179141
vt 0.868545 0.123397
vt 0.827041 0.141654
vt 0.839535 0.134826
vt 0.839127 0.147707
vt 0.817986 0.151596
vt 0.214171 0.112413
vt 0.191945 0.113445
vt 0.194774 0.113810
vt 0.200254 0.116879
vt 0.189904 0.129505
vt 0.199498 0.126285
vt 0.185364 0.124970
vt 0.180613 0.120153
vt 0.193013 0.123113
vt 0.866786 0.414234
vt 0.900502 0.415819
vt 0.863859 0.430072
vt 0.892135 0.426534
vt 0.892238 0.430037
vt 0.888693 0.439616
vt 0.862796 0.434365
vt 0.862681 0.446593
vt 0.843192 0.464759
vt 0.180056 0.266393
vt 0.169248 0.267226
vt 0.124108 0.264041
vt 0.140776 0.264418
vt 0.118133 0.266338
vt 0.129895 0.442207
vt 0.171489 0.331068
vt 0.191749 0.330867
vt 0.211974 0.330549
vt 0.135304 0.410818
vt 0.173898 0.391130
vt 0.175095 0.378234
vt 0.192269 0.389121
vt 0.192495 0.376840
vt 0.134479 0.398831
vt 0.133361 0.387637
vt 0.213433 0.374680
vt 0.236199 0.374652
vt 0.234175 0.387984
vt 0.212201 0.387195
vt 0.119263 0.434774
vt 0.114470 0.433756
vt 0.145753 0.440069
vt 0.130022 0.435717
vt 0.125581 0.436336
vt 0.151973 0.434288
vt 0.146573 0.435081
vt 0.136804 0.431422
vt 0.141622 0.439955
vt 0.136637 0.438629
vt 0.137844 0.334606
vt 0.150524 0.332161
vt 0.153080 0.352692
vt 0.144146 0.353294
vt 0.152993 0.371728
vt 0.141796 0.373841
vt 0.152123 0.384122
vt 0.144982 0.385590
vt 0.152298 0.395676
vt 0.143612 0.397368
vt 0.142344 0.431390
vt 0.143643 0.408987
vt 0.152868 0.406712
vt 0.156991 0.428442
vt 0.121077 0.941024
vt 0.124994 0.942368
vt 0.315058 0.864964
vt 0.315504 0.870094
vt 0.304709 0.876126
vt 0.307576 0.866830
vt 0.311056 0.870828
vt 0.310130 0.875561
vt 0.304224 0.883034
vt 0.309566 0.879382
vt 0.191845 0.117465
vt 0.190532 0.119104
vt 0.183867 0.114927
vt 0.187254 0.114306
vt 0.185563 0.110523
vt 0.182314 0.110010
vt 0.191064 0.104582
vt 0.186322 0.103154
vt 0.194238 0.099764
vt 0.189455 0.098129
vt 0.207846 0.092443
vt 0.195516 0.089670
vt 0.200425 0.090774
vt 0.205088 0.075683
vt 0.221081 0.076942
vt 0.456501 0.869462
vt 0.457414 0.869637
vt 0.458186 0.869720
vt 0.824769 0.444023
vt 0.848184 0.435018
vt 0.849843 0.438116
vt 0.849827 0.440042
vt 0.810473 0.464744
vt 0.804065 0.474368
vt 0.805749 0.461914
vt 0.799621 0.471617
vt 0.783475 0.457677
vt 0.782378 0.468209
vt 0.766459 0.457109
vt 0.765654 0.466193
vt 0.832375 0.459509
vt 0.821177 0.478966
vt 0.820188 0.463530
vt 0.826893 0.448764
vt 0.217767 0.841513
vt 0.136833 0.956484
vt 0.141279 0.954832
vt 0.241725 0.913597
vt 0.227581 0.893948
vt 0.160667 0.912602
vt 0.171473 0.917111
vt 0.167357 0.889311
vt 0.182791 0.892923
vt 0.179626 0.904514
vt 0.165583 0.899745
vt 0.183182 0.880037
vt 0.167672 0.876664
vt 0.130755 0.960846
vt 0.132086 0.962243
vt 0.123189 0.965353
vt 0.122392 0.964073
vt 0.217474 0.823898
vt 0.216647 0.818438
vt 0.162186 0.864421
vt 0.171032 0.860320
vt 0.181411 0.870186
vt 0.163243 0.870296
vt 0.212834 0.814964
vt 0.209967 0.813279
vt 0.210412 0.811468
vt 0.218518 0.855802
vt 0.217923 0.845651
vt 0.219537 0.857142
vt 0.222098 0.880055
vt 0.219590 0.867640
vt 0.286577 0.956910
vt 0.269064 0.943898
vt 0.254609 0.930685
vt 0.157802 0.923567
vt 0.166517 0.927959
vt 0.158076 0.941057
vt 0.152212 0.946815
vt 0.146108 0.943177
vt 0.151722 0.934948
vt 0.116062 0.964140
vt 0.116407 0.965863
vt 0.209889 0.815271
vt 0.210865 0.817105
vt 0.213449 0.816668
vt 0.211689 0.819480
vt 0.214427 0.818902
vt 0.212378 0.822110
vt 0.215995 0.823505
vt 0.214381 0.834314
vt 0.217011 0.841256
vt 0.214438 0.840622
vt 0.217062 0.845560
vt 0.214212 0.848008
vt 0.217507 0.855058
vt 0.213671 0.854535
vt 0.217645 0.856244
vt 0.213308 0.867271
vt 0.218256 0.867733
vt 0.219174 0.882292
vt 0.221300 0.880594
vt 0.226386 0.896904
vt 0.227166 0.894667
vt 0.238669 0.915779
vt 0.241577 0.913645
vt 0.248616 0.934189
vt 0.254415 0.930745
vt 0.260953 0.950343
vt 0.268872 0.943973
vt 0.279169 0.962945
vt 0.286359 0.957100
vt 0.321510 0.970846
vt 0.295919 0.967977
vt 0.101438 0.257788
vt 0.109709 0.438058
vt 0.111074 0.435077
vt 0.077459 0.319904
vt 0.073209 0.314726
vt 0.120983 0.441624
vt 0.123163 0.444401
vt 0.119864 0.444296
vt 0.075772 0.307629
vt 0.081783 0.296768
vt 0.085986 0.289162
vt 0.080397 0.282276
vt 0.102672 0.262094
vt 0.103685 0.269526
vt 0.111134 0.268764
vt 0.070412 0.325152
vt 0.097479 0.258265
vt 0.082554 0.269616
vt 0.090336 0.268598
vt 0.097885 0.264362
vt 0.090578 0.279898
vt 0.091388 0.290324
vt 0.086463 0.296756
vt 0.091256 0.297059
vt 0.083793 0.306433
vt 0.091908 0.305383
vt 0.082679 0.315042
vt 0.092037 0.315190
vt 0.088220 0.318849
vt 0.083322 0.329120
vt 0.095122 0.332533
vt 0.081273 0.401938
vt 0.084752 0.406160
vt 0.078883 0.395172
vt 0.077705 0.380425
vt 0.088920 0.341303
vt 0.067030 0.341811
vt 0.125918 0.335228
vt 0.107061 0.339557
vt 0.117625 0.429468
vt 0.112430 0.427963
vt 0.109615 0.427733
vt 0.104361 0.431619
vt 0.088760 0.411828
vt 0.102471 0.425893
vt 0.096423 0.421252
vt 0.101195 0.417953
vt 0.108215 0.424190
vt 0.084761 0.384275
vt 0.086402 0.395154
vt 0.121760 0.384352
vt 0.117943 0.355983
vt 0.135813 0.354015
vt 0.134177 0.375108
vt 0.089208 0.361043
vt 0.106057 0.357598
vt 0.105771 0.374158
vt 0.093860 0.371138
vt 0.102425 0.381014
vt 0.100685 0.392149
vt 0.089985 0.399454
vt 0.090286 0.404077
vt 0.128083 0.429823
vt 0.123619 0.409928
vt 0.093572 0.408541
vt 0.122866 0.391876
vt 0.122564 0.401906
vt 0.119169 0.424670
vt 0.113675 0.423480
vt 0.102500 0.396670
vt 0.101164 0.402695
vt 0.109843 0.416707
vt 0.103545 0.410655
vt 0.109893 0.380824
vt 0.116423 0.375482
vt 0.107673 0.389572
vt 0.114150 0.386799
vt 0.107954 0.395095
vt 0.113163 0.393396
vt 0.108857 0.409213
vt 0.106942 0.402090
vt 0.112495 0.401317
vt 0.113905 0.411701
vt 0.389984 0.364249
vt 0.363557 0.340610
vt 0.369804 0.363545
vt 0.349270 0.343272
vt 0.360091 0.360871
vt 0.323583 0.361624
vt 0.299595 0.363881
vt 0.225454 0.709257
vt 0.211249 0.728341
vt 0.670854 0.983900
vt 0.661781 0.950019
vt 0.696370 0.978117
vt 0.682261 0.991094
vt 0.849247 0.528079
vt 0.821028 0.536872
vt 0.245115 0.703976
vt 0.274366 0.708172
vt 0.268839 0.724391
vt 0.241954 0.723347
vt 0.698761 0.949338
vt 0.723881 0.954362
vt 0.722277 0.971825
vt 0.808582 0.527503
vt 0.798026 0.521413
vt 0.834690 0.492267
vt 0.810479 0.496706
vt 0.827746 0.512476
vt 0.804243 0.515377
vt 0.797032 0.505319
vt 0.388839 0.342549
vt 0.238328 0.362269
vt 0.257883 0.360815
vt 0.283900 0.363849
vt 0.267276 0.361139
vt 0.241183 0.349524
vt 0.237654 0.331835
vt 0.260991 0.247588
vt 0.257512 0.250011
vt 0.255676 0.247651
vt 0.275016 0.254437
vt 0.274322 0.256326
vt 0.262152 0.251687
vt 0.262117 0.254678
vt 0.238020 0.255368
vt 0.236167 0.254742
vt 0.233633 0.252356
vt 0.212160 0.265250
vt 0.228694 0.263923
vt 0.255129 0.254599
vt 0.241452 0.263216
vt 0.254353 0.266123
vt 0.257024 0.254144
vt 0.259071 0.255857
vt 0.258031 0.271081
vt 0.259431 0.272865
vt 0.272529 0.275689
vt 0.135114 0.325405
vt 0.110686 0.304687
vt 0.101135 0.305208
vt 0.112843 0.292227
vt 0.099006 0.292700
vt 0.100088 0.277309
vt 0.112045 0.277932
vt 0.098343 0.317742
vt 0.126363 0.315098
vt 0.121686 0.325262
vt 0.206988 0.316803
vt 0.233325 0.316000
vt 0.208118 0.302855
vt 0.232988 0.301457
vt 0.208423 0.267361
vt 0.234517 0.265712
vt 0.256046 0.270644
vt 0.190491 0.316486
vt 0.169419 0.316864
vt 0.145702 0.317704
vt 0.190339 0.302530
vt 0.169191 0.302658
vt 0.148247 0.301213
vt 0.164057 0.270448
vt 0.186405 0.268726
vt 0.145315 0.286020
vt 0.129492 0.294675
vt 0.123828 0.274599
vt 0.143311 0.275008
vt 0.153121 0.292686
vt 0.169129 0.291694
vt 0.166123 0.281752
vt 0.189976 0.290705
vt 0.188215 0.279728
vt 0.206886 0.290804
vt 0.210721 0.278320
vt 0.234394 0.288356
vt 0.234271 0.277246
vt 0.281667 0.247986
vt 0.282748 0.252475
vt 0.282689 0.254857
vt 0.289369 0.265495
vt 0.281950 0.264400
vt 0.297986 0.247323
vt 0.295082 0.249767
vt 0.292286 0.247259
vt 0.290804 0.254553
vt 0.291466 0.252920
vt 0.311504 0.250243
vt 0.298133 0.249945
vt 0.310534 0.252928
vt 0.298269 0.252718
vt 0.293776 0.254702
vt 0.294619 0.254658
vt 0.296101 0.255403
vt 0.297623 0.260447
vt 0.309669 0.261429
vt 0.318799 0.255455
vt 0.315581 0.254777
vt 0.312863 0.255497
vt 0.277150 0.255466
vt 0.275661 0.254442
vt 0.275271 0.256859
vt 0.272975 0.276621
vt 0.259964 0.273932
vt 0.276629 0.276024
vt 0.290022 0.277500
vt 0.292919 0.268137
vt 0.294797 0.265745
vt 0.294555 0.277256
vt 0.296125 0.283256
vt 0.313317 0.280910
vt 0.348422 0.264149
vt 0.337217 0.260016
vt 0.319288 0.284700
vt 0.332675 0.282906
vt 0.339613 0.260092
vt 0.341919 0.260286
vt 0.337808 0.280669
vt 0.315282 0.285920
vt 0.334890 0.282868
vt 0.609294 0.893929
vt 0.620429 0.880757
vt 0.636158 0.899372
vt 0.649129 0.909211
vt 0.632120 0.915933
vt 0.625080 0.907652
vt 0.368175 0.269526
vt 0.336959 0.288092
vt 0.349541 0.280056
vt 0.358766 0.262777
vt 0.359010 0.283004
vt 0.354726 0.275418
vt 0.356733 0.263223
vt 0.372685 0.284926
vt 0.375828 0.292343
vt 0.339169 0.293176
vt 0.346884 0.284808
vt 0.349355 0.290313
vt 0.344179 0.287291
vt 0.349934 0.297021
vt 0.362170 0.304413
vt 0.346246 0.308622
vt 0.343738 0.300399
vt 0.317166 0.290459
vt 0.319614 0.295241
vt 0.323447 0.301888
vt 0.292083 0.279908
vt 0.295494 0.287385
vt 0.302313 0.296996
vt 0.298569 0.291913
vt 0.761471 0.085798
vt 0.759165 0.083181
vt 0.020926 0.050075
vt 0.021800 0.046835
vt 0.032939 0.063925
vt 0.040181 0.056175
vt 0.063803 0.072844
vt 0.067243 0.064815
vt 0.074690 0.075779
vt 0.075995 0.073066
vt 0.084490 0.077012
vt 0.086276 0.073293
vt 0.094456 0.079240
vt 0.096230 0.075723
vt 0.104463 0.077572
vt 0.103106 0.080778
vt 0.111958 0.081098
vt 0.113172 0.077768
vt 0.121627 0.080762
vt 0.123077 0.077419
vt 0.132872 0.080682
vt 0.134463 0.077124
vt 0.145605 0.080956
vt 0.147518 0.077229
vt 0.159521 0.081652
vt 0.161811 0.077773
vt 0.175710 0.082951
vt 0.178040 0.079406
vt 0.193002 0.085332
vt 0.195851 0.081908
vt 0.198016 0.086188
vt 0.200517 0.082706
vt 0.205547 0.087739
vt 0.210669 0.084703
vt 0.212442 0.089200
vt 0.217038 0.085956
vt 0.234883 0.085575
vt 0.235452 0.085211
vt 0.233291 0.092772
vt 0.231487 0.091260
vt 0.248765 0.128592
vt 0.242724 0.121401
vt 0.223208 0.129302
vt 0.227600 0.132915
vt 0.208539 0.134164
vt 0.211616 0.137209
vt 0.196534 0.138087
vt 0.199541 0.141166
vt 0.186407 0.141656
vt 0.188813 0.145724
vt 0.166664 0.145171
vt 0.171708 0.149983
vt 0.151794 0.148739
vt 0.155824 0.153959
vt 0.136967 0.151496
vt 0.140316 0.156789
vt 0.122399 0.153326
vt 0.124933 0.158803
vt 0.108379 0.154051
vt 0.110126 0.159229
vt 0.095407 0.153668
vt 0.096603 0.158287
vt 0.085391 0.156570
vt 0.083324 0.154104
vt 0.048655 0.166922
vt 0.047423 0.154246
vt 0.061108 0.154906
vt 0.056454 0.168142
vt 0.817373 0.120339
vt 0.809947 0.114163
vt 0.827845 0.090928
vt 0.821993 0.082664
vt 0.844315 0.089515
vt 0.839349 0.085718
vt 0.847307 0.081200
vt 0.887208 0.079161
vt 0.885833 0.081975
vt 0.853749 0.085161
vt 0.676158 0.580484
vt 0.676548 0.581237
vt 0.676269 0.580666
vt 0.676815 0.581206
vt 0.684555 0.587604
vt 0.681806 0.590035
vt 0.689659 0.594821
vt 0.686295 0.596824
vt 0.693930 0.599911
vt 0.690623 0.601683
vt 0.697502 0.605997
vt 0.705359 0.601314
vt 0.699651 0.619349
vt 0.710830 0.617897
vt 0.711572 0.633353
vt 0.698966 0.633666
vt 0.697020 0.649214
vt 0.710768 0.649334
vt 0.709365 0.666727
vt 0.694031 0.666007
vt 0.690618 0.684500
vt 0.707188 0.685772
vt 0.687112 0.705826
vt 0.705220 0.707658
vt 0.683707 0.730298
vt 0.702931 0.731484
vt 0.680925 0.753616
vt 0.701057 0.754700
vt 0.679348 0.776250
vt 0.699582 0.777346
vt 0.678432 0.798628
vt 0.698445 0.799706
vt 0.678294 0.820768
vt 0.697634 0.821760
vt 0.679124 0.840920
vt 0.697318 0.842369
vt 0.680594 0.857540
vt 0.697955 0.859386
vt 0.680031 0.874840
vt 0.697143 0.876968
vt 0.648985 0.930156
vt 0.658477 0.916228
vt 0.672966 0.931728
vt 0.384618 0.303820
vt 0.396443 0.316683
vt 0.367322 0.323372
vt 0.365408 0.316118
vt 0.350376 0.320203
vt 0.349697 0.330264
vt 0.324790 0.348042
vt 0.325636 0.309925
vt 0.304296 0.349310
vt 0.284453 0.349857
vt 0.258805 0.349593
vt 0.271487 0.349461
vt 0.257415 0.331350
vt 0.271200 0.331624
vt 0.305245 0.303055
vt 0.303212 0.310414
vt 0.263308 0.321842
vt 0.327131 0.319167
vt 0.326885 0.331916
vt 0.284316 0.332103
vt 0.306024 0.320091
vt 0.307767 0.332292
vt 0.285974 0.321257
vt 0.272897 0.321877
vt 0.256123 0.288212
vt 0.256072 0.277504
vt 0.259835 0.277634
vt 0.291037 0.279526
vt 0.274608 0.278324
vt 0.286800 0.287326
vt 0.251928 0.315011
vt 0.251031 0.300996
vt 0.287863 0.292293
vt 0.262634 0.311762
vt 0.261681 0.299901
vt 0.294571 0.303348
vt 0.291504 0.298078
vt 0.273810 0.310781
vt 0.272409 0.300761
vt 0.282680 0.299988
vt 0.287914 0.309064
vt 0.271323 0.292587
vt 0.260282 0.285668
vt 0.276876 0.285031
vt 0.279091 0.292138
vt 0.524061 0.823268
vt 0.482940 0.848339
vt 0.474852 0.842768
vt 0.498030 0.818153
vt 0.282554 0.867750
vt 0.283666 0.867986
vt 0.279774 0.872448
vt 0.279477 0.872217
vt 0.277582 0.869764
vt 0.279273 0.870652
vt 0.279061 0.872013
vt 0.278701 0.871949
vt 0.120985 0.917262
vt 0.118840 0.923922
vt 0.457081 0.467785
vt 0.458570 0.469764
vt 0.461535 0.473712
vt 0.464644 0.477250
vt 0.469798 0.480638
vt 0.473654 0.483429
vt 0.477457 0.485582
vt 0.482565 0.488338
vt 0.451662 0.458260
vt 0.453389 0.461956
vt 0.454344 0.463765
vt 0.456244 0.466679
vt 0.484642 0.489899
vt 0.461809 0.462439
vt 0.463972 0.465511
vt 0.466671 0.469041
vt 0.469588 0.472288
vt 0.473339 0.475612
vt 0.476610 0.478224
vt 0.479735 0.480420
vt 0.483071 0.482026
vt 0.454610 0.450207
vt 0.456707 0.454371
vt 0.458572 0.457213
vt 0.460290 0.460066
vt 0.489625 0.429947
vt 0.484985 0.482758
vt 0.490286 0.490248
vt 0.466723 0.459711
vt 0.468800 0.462964
vt 0.471205 0.466448
vt 0.473727 0.469800
vt 0.476517 0.473071
vt 0.479079 0.475979
vt 0.480954 0.478360
vt 0.458638 0.446924
vt 0.461127 0.451021
vt 0.463136 0.454284
vt 0.464959 0.457001
vt 0.472425 0.457449
vt 0.474154 0.460834
vt 0.476021 0.464337
vt 0.478054 0.467713
vt 0.480146 0.471175
vt 0.482040 0.474832
vt 0.483417 0.478668
vt 0.464257 0.442284
vt 0.467520 0.448007
vt 0.469468 0.451533
vt 0.471012 0.454511
vt 0.478541 0.456103
vt 0.479681 0.459502
vt 0.481025 0.462976
vt 0.482368 0.466420
vt 0.483606 0.469997
vt 0.484733 0.474021
vt 0.485555 0.478959
vt 0.475418 0.439833
vt 0.476288 0.446097
vt 0.476910 0.449720
vt 0.477681 0.452914
vt 0.320927 0.954727
vt 0.489635 0.419760
vt 0.489703 0.352613
vt 0.489676 0.379174
vt 0.489558 0.490393
vt 0.488830 0.490247
vt 0.483000 0.448632
vt 0.489601 0.447980
vt 0.482772 0.444624
vt 0.489605 0.443424
vt 0.455539 0.870194
vt 0.457854 0.870479
vt 0.456988 0.870291
vt 0.482261 0.438842
vt 0.489611 0.438083
vt 0.489615 0.433427
vt 0.114568 0.941472
vt 0.486809 0.473170
vt 0.489576 0.472305
vt 0.113944 0.968783
vt 0.113636 0.965897
vt 0.156908 0.860395
vt 0.155453 0.862795
vt 0.153393 0.866951
vt 0.155342 0.866953
vt 0.154552 0.874797
vt 0.157378 0.874763
vt 0.154704 0.887252
vt 0.158120 0.887779
vt 0.153315 0.895934
vt 0.157042 0.896390
vt 0.150222 0.908312
vt 0.153753 0.909601
vt 0.145431 0.918099
vt 0.149417 0.919298
vt 0.140120 0.925652
vt 0.143727 0.927652
vt 0.136104 0.933204
vt 0.138354 0.934772
vt 0.129549 0.943184
vt 0.130671 0.945050
vt 0.126850 0.949744
vt 0.126232 0.951560
vt 0.122918 0.950508
vt 0.122079 0.952269
vt 0.118625 0.950390
vt 0.117753 0.952233
vt 0.114423 0.951327
vt 0.114235 0.953070
vt 0.152452 0.860774
vt 0.146703 0.859970
vt 0.137489 0.859936
vt 0.124573 0.859576
vt 0.156764 0.851327
vt 0.155309 0.855843
vt 0.148567 0.848325
vt 0.147307 0.853813
vt 0.138910 0.845024
vt 0.137715 0.852415
vt 0.125282 0.841379
vt 0.124639 0.850176
vt 0.549653 0.654152
vt 0.556623 0.650865
vt 0.316049 0.882871
vt 0.315940 0.882912
vt 0.315892 0.882910
vt 0.525932 0.510101
vt 0.535230 0.510894
vt 0.531304 0.511923
vt 0.486407 0.469180
vt 0.489580 0.468913
vt 0.486075 0.465662
vt 0.489583 0.465293
vt 0.484809 0.352702
vt 0.480802 0.353033
vt 0.472165 0.354080
vt 0.485304 0.462238
vt 0.489587 0.461991
vt 0.494597 0.352712
vt 0.498604 0.353051
vt 0.507239 0.354115
vt 0.511647 0.355839
vt 0.514356 0.357722
vt 0.519621 0.359708
vt 0.518918 0.362143
vt 0.476191 0.511152
vt 0.519231 0.509698
vt 0.314724 0.875857
vt 0.315837 0.882257
vt 0.313199 0.880649
vt 0.315685 0.882525
vt 0.311903 0.884129
vt 0.315436 0.882894
vt 0.313536 0.886740
vt 0.315586 0.883323
vt 0.314625 0.887781
vt 0.315747 0.883475
vt 0.315467 0.888570
vt 0.315896 0.883295
vt 0.318616 0.887087
vt 0.316229 0.883167
vt 0.317827 0.879970
vt 0.319767 0.883941
vt 0.316455 0.883021
vt 0.316201 0.882299
vt 0.643967 0.889944
vt 0.653273 0.885931
vt 0.656426 0.902830
vt 0.664404 0.898749
vt 0.664324 0.909351
vt 0.673677 0.904669
vt 0.680420 0.920532
vt 0.689956 0.912556
vt 0.725904 0.931451
vt 0.701859 0.925778
vt 0.704913 0.916090
vt 0.519294 0.697696
vt 0.533944 0.684520
vt 0.537952 0.679678
vt 0.540589 0.674875
vt 0.544630 0.668285
vt 0.512207 0.700760
vt 0.514835 0.698919
vt 0.524103 0.694639
vt 0.526673 0.692291
vt 0.530776 0.687426
vt 0.509096 0.701839
vt 0.510260 0.701615
vt 0.544973 0.661889
vt 0.542282 0.626556
vt 0.531675 0.683291
vt 0.535834 0.678356
vt 0.538268 0.673949
vt 0.542149 0.667890
vt 0.521693 0.693738
vt 0.524197 0.691647
vt 0.528356 0.686909
vt 0.542430 0.662001
vt 0.541472 0.654449
vt 0.523797 0.678624
vt 0.525230 0.673943
vt 0.526406 0.669591
vt 0.528425 0.663537
vt 0.517727 0.688046
vt 0.519028 0.685667
vt 0.521702 0.681489
vt 0.526762 0.641610
vt 0.529924 0.658634
vt 0.534625 0.650083
vt 0.518111 0.677760
vt 0.518838 0.672851
vt 0.519182 0.668517
vt 0.521319 0.662611
vt 0.513729 0.686844
vt 0.514664 0.684966
vt 0.516078 0.680881
vt 0.521890 0.657470
vt 0.523506 0.647825
vt 0.515221 0.689687
vt 0.518624 0.695951
vt 0.513486 0.690524
vt 0.511782 0.691202
vt 0.511769 0.698584
vt 0.515031 0.697574
vt 0.509381 0.699785
vt 0.510302 0.699042
vt 0.509895 0.691619
vt 0.509194 0.691709
vt 0.766840 0.883812
vt 0.766842 0.916533
vt 0.747399 0.917452
vt 0.724083 0.918251
vt 0.718337 0.879372
vt 0.742247 0.881572
vt 0.478664 0.028649
vt 0.442840 0.177816
vt 0.458890 0.169251
vt 0.441137 0.025498
vt 0.452102 0.025244
vt 0.470159 0.126280
vt 0.460268 0.122154
vt 0.461317 0.140530
vt 0.334129 0.085457
vt 0.350277 0.084491
vt 0.363816 0.083643
vt 0.358241 0.042441
vt 0.363810 0.052627
vt 0.376228 0.083199
vt 0.378768 0.041736
vt 0.380411 0.053403
vt 0.387330 0.083065
vt 0.345472 0.042848
vt 0.349623 0.053170
vt 0.335779 0.055443
vt 0.335064 0.046985
vt 0.318723 0.052051
vt 0.308487 0.100359
vt 0.303355 0.056003
vt 0.265255 0.166768
vt 0.433823 0.200205
vt 0.436202 0.217220
vt 0.308669 0.208149
vt 0.308980 0.196903
vt 0.343619 0.163648
vt 0.326762 0.159043
vt 0.367592 0.133132
vt 0.318609 0.209570
vt 0.340405 0.191976
vt 0.352135 0.179087
vt 0.360200 0.166975
vt 0.373889 0.145164
vt 0.380563 0.135127
vt 0.360018 0.219105
vt 0.365333 0.196614
vt 0.371986 0.181545
vt 0.377395 0.168669
vt 0.387643 0.146808
vt 0.392591 0.136148
vt 0.325070 0.188110
vt 0.335304 0.175357
vt 0.319865 0.169943
vt 0.314909 0.181048
vt 0.270824 0.113170
vt 0.288691 0.124649
vt 0.269131 0.170444
vt 0.317326 0.044115
vt 0.316990 0.045158
vt 0.440023 0.025713
vt 0.412268 0.126145
vt 0.335527 0.035429
vt 0.335485 0.028499
vt 0.337838 0.027750
vt 0.340231 0.038233
vt 0.374650 0.120480
vt 0.374554 0.109230
vt 0.341708 0.024412
vt 0.344058 0.027750
vt 0.385678 0.121924
vt 0.385780 0.109849
vt 0.377160 0.020712
vt 0.377578 0.025167
vt 0.405414 0.124142
vt 0.396366 0.123029
vt 0.396252 0.110186
vt 0.279418 0.095904
vt 0.276377 0.099292
vt 0.285033 0.074831
vt 0.304110 0.047067
vt 0.304239 0.048418
vt 0.400876 0.147833
vt 0.404755 0.139016
vt 0.426251 0.150597
vt 0.413297 0.148009
vt 0.416145 0.139982
vt 0.441745 0.140629
vt 0.368124 0.667933
vt 0.379867 0.492874
vt 0.376834 0.507916
vt 0.372783 0.516223
vt 0.374836 0.529254
vt 0.367847 0.478511
vt 0.365203 0.503289
vt 0.364679 0.492331
vt 0.320433 0.526661
vt 0.300771 0.526832
vt 0.214842 0.564177
vt 0.282611 0.548126
vt 0.299042 0.547644
vt 0.322176 0.548818
vt 0.356748 0.547790
vt 0.380951 0.548652
vt 0.371949 0.546838
vt 0.354023 0.494036
vt 0.345906 0.487938
vt 0.339536 0.472830
vt 0.340299 0.469311
vt 0.334089 0.677104
vt 0.359147 0.481573
vt 0.349058 0.480475
vt 0.349878 0.473899
vt 0.360495 0.474143
vt 0.317754 0.680380
vt 0.319279 0.466243
vt 0.321855 0.471186
vt 0.319444 0.483874
vt 0.317839 0.474746
vt 0.313724 0.471177
vt 0.316292 0.468241
vt 0.317802 0.472211
vt 0.315593 0.674569
vt 0.313838 0.679359
vt 0.328803 0.663551
vt 0.321059 0.665164
vt 0.297084 0.468349
vt 0.296824 0.472274
vt 0.295690 0.484503
vt 0.294365 0.476898
vt 0.292033 0.473461
vt 0.291695 0.469204
vt 0.294662 0.472661
vt 0.279441 0.470990
vt 0.278510 0.475782
vt 0.273667 0.486435
vt 0.272521 0.478083
vt 0.269764 0.477834
vt 0.270303 0.473979
vt 0.272576 0.472831
vt 0.275560 0.677303
vt 0.273597 0.678706
vt 0.257677 0.475546
vt 0.258269 0.479671
vt 0.252865 0.476924
vt 0.255014 0.478113
vt 0.238659 0.680229
vt 0.237881 0.479187
vt 0.233749 0.483895
vt 0.233811 0.480021
vt 0.236235 0.481659
vt 0.236245 0.677652
vt 0.232737 0.679917
vt 0.342330 0.500486
vt 0.321110 0.497440
vt 0.275708 0.499420
vt 0.297867 0.497913
vt 0.323916 0.491653
vt 0.326342 0.482360
vt 0.336688 0.484197
vt 0.331781 0.492698
vt 0.304186 0.489911
vt 0.302266 0.482099
vt 0.312104 0.481808
vt 0.312490 0.489660
vt 0.281164 0.491329
vt 0.278483 0.484064
vt 0.288464 0.483144
vt 0.289236 0.490749
vt 0.268071 0.485688
vt 0.363366 0.520173
vt 0.347607 0.524042
vt 0.351636 0.508116
vt 0.207100 0.677810
vt 0.206715 0.672762
vt 0.209717 0.484283
vt 0.211778 0.481960
vt 0.211225 0.485603
vt 0.211634 0.493851
vt 0.210291 0.487928
vt 0.205234 0.674740
vt 0.205444 0.670497
vt 0.173234 0.524832
vt 0.175795 0.559816
vt 0.193125 0.562254
vt 0.175370 0.575522
vt 0.191916 0.576157
vt 0.192344 0.527519
vt 0.207766 0.485794
vt 0.207168 0.482450
vt 0.202390 0.678072
vt 0.260794 0.487061
vt 0.255073 0.482898
vt 0.255815 0.489862
vt 0.254184 0.480714
vt 0.237389 0.485396
vt 0.238530 0.482723
vt 0.236455 0.492195
vt 0.261982 0.493406
vt 0.268713 0.492662
vt 0.242141 0.489738
vt 0.250815 0.488638
vt 0.237672 0.530385
vt 0.211655 0.528710
vt 0.242476 0.496098
vt 0.249790 0.495172
vt 0.255980 0.500807
vt 0.235662 0.503424
vt 0.218376 0.491251
vt 0.229850 0.490814
vt 0.213107 0.504241
vt 0.219976 0.497529
vt 0.228358 0.497237
vt 0.187277 0.677070
vt 0.195390 0.483069
vt 0.195044 0.486522
vt 0.193142 0.494160
vt 0.194022 0.488139
vt 0.193170 0.486219
vt 0.192536 0.482583
vt 0.194109 0.484305
vt 0.185737 0.675087
vt 0.183990 0.677573
vt 0.185658 0.670292
vt 0.183123 0.672640
vt 0.202552 0.672739
vt 0.186735 0.672023
vt 0.200606 0.662588
vt 0.190653 0.662707
vt 0.198986 0.498276
vt 0.198086 0.492659
vt 0.205259 0.492399
vt 0.205784 0.498294
vt 0.166012 0.676452
vt 0.166374 0.671834
vt 0.178008 0.482031
vt 0.176862 0.484888
vt 0.174344 0.492115
vt 0.175697 0.486622
vt 0.175861 0.482873
vt 0.163718 0.674934
vt 0.163502 0.670300
vt 0.160291 0.677855
vt 0.173115 0.480392
vt 0.172811 0.483975
vt 0.141436 0.680461
vt 0.157072 0.476093
vt 0.137877 0.672201
vt 0.156883 0.480821
vt 0.157013 0.489705
vt 0.159000 0.479188
vt 0.160988 0.477716
vt 0.161202 0.482815
vt 0.157666 0.483680
vt 0.145182 0.679150
vt 0.143197 0.676668
vt 0.142668 0.670966
vt 0.155572 0.665623
vt 0.157658 0.672434
vt 0.148438 0.672786
vt 0.152003 0.665657
vt 0.127078 0.671008
vt 0.126951 0.677285
vt 0.144558 0.477327
vt 0.144576 0.482073
vt 0.140475 0.483277
vt 0.136282 0.479100
vt 0.140720 0.479404
vt 0.122934 0.674241
vt 0.122424 0.668227
vt 0.179027 0.490623
vt 0.187919 0.491817
vt 0.156991 0.499112
vt 0.174530 0.502075
vt 0.180298 0.496788
vt 0.187215 0.497584
vt 0.193319 0.503953
vt 0.162361 0.494378
vt 0.162111 0.488994
vt 0.169282 0.489912
vt 0.168650 0.495394
vt 0.152475 0.487777
vt 0.117816 0.674809
vt 0.117635 0.668644
vt 0.129650 0.482444
vt 0.257159 0.539451
vt 0.258063 0.550720
vt 0.213074 0.576689
vt 0.234175 0.539570
vt 0.256995 0.528283
vt 0.266033 0.550654
vt 0.266146 0.539982
vt 0.276600 0.527712
vt 0.319889 0.677598
vt 0.319212 0.674655
vt 0.333286 0.672597
vt 0.334101 0.675096
vt 0.749379 0.513204
vt 0.749414 0.495038
vt 0.737141 0.494186
vt 0.675572 0.126202
vt 0.749729 0.348716
vt 0.749871 0.286271
vt 0.750046 0.213290
vt 0.750092 0.175369
vt 0.687202 0.403133
vt 0.686213 0.349275
vt 0.686568 0.282245
vt 0.689271 0.213695
vt 0.694408 0.165239
vt 0.669538 0.168441
vt 0.681610 0.135234
vt 0.698062 0.145132
vt 0.696217 0.170906
vt 0.704131 0.143123
vt 0.707943 0.144855
vt 0.722354 0.129640
vt 0.750119 0.157917
vt 0.694207 0.179088
vt 0.712429 0.149453
vt 0.723549 0.135060
vt 0.750226 0.107218
vt 0.750081 0.192219
vt 0.750051 0.210604
vt 0.690647 0.192039
vt 0.689482 0.211941
vt 0.662850 0.194060
vt 0.676447 0.202902
vt 0.652150 0.210983
vt 0.674855 0.212185
vt 0.672818 0.222773
vt 0.689161 0.215233
vt 0.750040 0.216034
vt 0.749971 0.245551
vt 0.749876 0.284239
vt 0.687569 0.236389
vt 0.686632 0.280802
vt 0.657155 0.239383
vt 0.673900 0.273269
vt 0.645005 0.268406
vt 0.669364 0.279577
vt 0.652426 0.296786
vt 0.672589 0.290424
vt 0.686640 0.306796
vt 0.686530 0.283734
vt 0.749867 0.288179
vt 0.749819 0.308838
vt 0.749773 0.329185
vt 0.749735 0.346254
vt 0.685885 0.327815
vt 0.686897 0.346877
vt 0.650042 0.324686
vt 0.672261 0.338841
vt 0.643606 0.345053
vt 0.667856 0.349147
vt 0.673464 0.360929
vt 0.686966 0.351785
vt 0.749724 0.351164
vt 0.715445 0.216508
vt 0.732106 0.211917
vt 0.715074 0.218278
vt 0.732065 0.213701
vt 0.715300 0.220251
vt 0.732149 0.215647
vt 0.714486 0.238613
vt 0.731760 0.242872
vt 0.714691 0.286290
vt 0.731296 0.283002
vt 0.714506 0.288096
vt 0.731257 0.284964
vt 0.714634 0.289942
vt 0.731321 0.286853
vt 0.714551 0.308306
vt 0.731693 0.308660
vt 0.714531 0.328767
vt 0.732069 0.328781
vt 0.713824 0.350148
vt 0.732050 0.346819
vt 0.713618 0.352348
vt 0.732101 0.349174
vt 0.713831 0.354904
vt 0.732234 0.351664
vt 0.730487 0.405643
vt 0.711416 0.405980
vt 0.750137 0.149435
vt 0.750217 0.111153
vt 0.732141 0.141529
vt 0.740895 0.145430
vt 0.720923 0.156299
vt 0.736732 0.159340
vt 0.732786 0.192908
vt 0.716042 0.192128
vt 0.717742 0.175706
vt 0.734080 0.175885
vt 0.689641 0.425866
vt 0.689292 0.423944
vt 0.711258 0.430889
vt 0.711459 0.428792
vt 0.674028 0.413762
vt 0.714714 0.449103
vt 0.711637 0.432440
vt 0.749443 0.481135
vt 0.735176 0.481648
vt 0.749513 0.448092
vt 0.731799 0.448062
vt 0.749550 0.430989
vt 0.731108 0.428747
vt 0.749554 0.428612
vt 0.730638 0.427078
vt 0.749558 0.426905
vt 0.730717 0.425059
vt 0.749600 0.406702
vt 0.085261 0.877059
vt 0.111634 0.876552
vt 0.098242 0.877163
vt 0.098505 0.868974
vt 0.111634 0.868651
vt 0.385447 0.820599
vt 0.322250 0.796137
vt 0.322234 0.807506
vt 0.322266 0.783219
vt 0.391608 0.794993
vt 0.388020 0.807284
vt 0.085523 0.868934
vt 0.322272 0.766104
vt 0.111634 0.827739
vt 0.322234 0.856923
vt 0.322234 0.832891
vt 0.384736 0.835035
vt 0.364211 0.851142
vt 0.361519 0.851139
vt 0.355759 0.858680
vt 0.356745 0.858390
vt 0.366492 0.861518
vt 0.368015 0.861499
vt 0.359307 0.800440
vt 0.373510 0.804206
vt 0.361595 0.787372
vt 0.376212 0.790809
vt 0.364162 0.774011
vt 0.354558 0.840064
vt 0.354953 0.840205
vt 0.355421 0.839905
vt 0.354999 0.839152
vt 0.359173 0.863398
vt 0.358222 0.863920
vt 0.092950 0.917222
vt 0.089839 0.906801
vt 0.111634 0.906481
vt 0.100645 0.906492
vt 0.087609 0.895413
vt 0.085971 0.885952
vt 0.111634 0.885509
vt 0.111634 0.894564
vt 0.099524 0.894758
vt 0.098777 0.885402
vt 0.368852 0.861938
vt 0.354543 0.834692
vt 0.354891 0.838302
vt 0.352243 0.837619
vt 0.353767 0.839132
vt 0.352836 0.858765
vt 0.354783 0.858822
vt 0.357455 0.864425
vt 0.355170 0.864598
vt 0.322234 0.906995
vt 0.358043 0.870607
vt 0.364412 0.873718
vt 0.360092 0.868908
vt 0.366388 0.872667
vt 0.367249 0.874851
vt 0.363470 0.876169
vt 0.367939 0.871574
vt 0.367912 0.869653
vt 0.366299 0.868797
vt 0.367043 0.868790
vt 0.354603 0.851884
vt 0.355075 0.843680
vt 0.353630 0.852499
vt 0.353652 0.845054
vt 0.352907 0.852615
vt 0.352491 0.844436
vt 0.350603 0.851652
vt 0.350585 0.843547
vt 0.322234 0.840820
vt 0.322234 0.849466
vt 0.369039 0.872259
vt 0.369916 0.870985
vt 0.371174 0.862662
vt 0.424553 0.816750
vt 0.425609 0.809349
vt 0.400257 0.825602
vt 0.414407 0.832738
vt 0.322234 0.919071
vt 0.332441 0.919162
vt 0.385651 0.849153
vt 0.351774 0.824670
vt 0.322234 0.816893
vt 0.322234 0.825156
vt 0.345008 0.917616
vt 0.339886 0.857031
vt 0.338755 0.848711
vt 0.339890 0.841167
vt 0.342039 0.834809
vt 0.343818 0.827818
vt 0.346465 0.822298
vt 0.364742 0.850873
vt 0.365618 0.850292
vt 0.375311 0.847454
vt 0.084026 0.917552
vt 0.079798 0.907211
vt 0.076856 0.895357
vt 0.075578 0.886326
vt 0.075813 0.876197
vt 0.407840 0.800330
vt 0.413588 0.819365
vt 0.402231 0.812666
vt 0.076066 0.868010
vt 0.061797 0.866375
vt 0.064704 0.862596
vt 0.360400 0.840810
vt 0.356675 0.836614
vt 0.358780 0.843057
vt 0.356444 0.839709
vt 0.358426 0.843829
vt 0.357979 0.844211
vt 0.356161 0.840912
vt 0.356392 0.840740
vt 0.348494 0.817456
vt 0.356787 0.812004
vt 0.354615 0.818988
vt 0.369960 0.818301
vt 0.367866 0.832879
vt 0.358719 0.827808
vt 0.361584 0.821654
vt 0.348247 0.835710
vt 0.344730 0.834853
vt 0.352260 0.831648
vt 0.349203 0.828660
vt 0.357300 0.834135
vt 0.358104 0.832017
vt 0.363758 0.837148
vt 0.362199 0.839517
vt 0.370060 0.849400
vt 0.368117 0.849364
vt 0.373692 0.862682
vt 0.372616 0.871710
vt 0.368233 0.877627
vt 0.364574 0.879017
vt 0.360548 0.878613
vt 0.355426 0.872176
vt 0.347796 0.873807
vt 0.351006 0.866093
vt 0.344246 0.866320
vt 0.349237 0.858449
vt 0.342200 0.857582
vt 0.348705 0.842406
vt 0.348036 0.850209
vt 0.340004 0.848104
vt 0.341462 0.840765
vt 0.398579 0.863291
vt 0.375656 0.863165
vt 0.380488 0.860488
vt 0.385231 0.864682
vt 0.349058 0.882243
vt 0.357859 0.882094
vt 0.365167 0.884538
vt 0.363920 0.882735
vt 0.371335 0.882146
vt 0.369076 0.881401
vt 0.375129 0.873674
vt 0.376688 0.873305
vt 0.389388 0.867698
vt 0.389682 0.871604
vt 0.384031 0.876314
vt 0.399602 0.852300
vt 0.400000 0.837395
vt 0.416400 0.845767
vt 0.416738 0.839526
vt 0.413893 0.855050
vt 0.393842 0.876858
vt 0.411108 0.876542
vt 0.398940 0.876237
vt 0.399551 0.868825
vt 0.400219 0.863122
vt 0.413264 0.865933
vt 0.414068 0.856911
vt 0.389284 0.879434
vt 0.394925 0.907960
vt 0.388029 0.900726
vt 0.397409 0.884766
vt 0.406604 0.889386
vt 0.382705 0.922356
vt 0.368055 0.935275
vt 0.362699 0.923883
vt 0.376507 0.913388
vt 0.377050 0.888324
vt 0.381500 0.893624
vt 0.349908 0.771696
vt 0.335176 0.767994
vt 0.348029 0.785316
vt 0.335008 0.783609
vt 0.334174 0.796521
vt 0.345929 0.798374
vt 0.333881 0.808265
vt 0.344359 0.811018
vt 0.332252 0.817542
vt 0.341237 0.819684
vt 0.338852 0.827000
vt 0.331125 0.825749
vt 0.330332 0.833316
vt 0.337575 0.834086
vt 0.329745 0.840856
vt 0.336797 0.840867
vt 0.336593 0.848561
vt 0.329219 0.849042
vt 0.337555 0.857365
vt 0.329484 0.857022
vt 0.342270 0.905870
vt 0.331435 0.906872
vt 0.370858 0.903996
vt 0.358153 0.912479
vt 0.357469 0.883576
vt 0.354349 0.902321
vt 0.351672 0.893955
vt 0.358490 0.892196
vt 0.366054 0.894626
vt 0.347699 0.931030
vt 0.351612 0.946108
vt 0.342441 0.866962
vt 0.346232 0.874774
vt 0.348268 0.879953
vt 0.426113 0.801276
vt 0.064498 0.846964
vt 0.087498 0.813368
vt 0.111634 0.810457
vt 0.111634 0.818608
vt 0.420702 0.759218
vt 0.391999 0.752579
vt 0.370486 0.749400
vt 0.367276 0.761264
vt 0.352141 0.747911
vt 0.350414 0.759412
vt 0.322236 0.743539
vt 0.340368 0.746068
vt 0.335247 0.756747
vt 0.322253 0.755781
vt 0.058077 0.816280
vt 0.395223 0.783680
vt 0.379631 0.777600
vt 0.386771 0.764353
vt 0.418880 0.768099
vt 0.094113 0.830640
vt 0.085883 0.821725
vt 0.056186 0.826701
vt 0.407299 0.788810
vt 0.429336 0.793645
vt 0.426939 0.787136
vt 0.408927 0.782192
vt 0.401722 0.776050
vt 0.420894 0.775884
vt 0.060851 0.843019
vt 0.057277 0.835082
vt 0.080730 0.836937
vt 0.071898 0.843143
vt 0.068738 0.839378
vt 0.072786 0.832913
vt 0.017666 0.785764
vt 0.006187 0.773332
vt 0.024599 0.759216
vt 0.111634 0.781036
vt 0.766841 0.931852
vt 0.508022 0.510025
vt 0.786297 0.917459
vt 0.789175 0.932425
vt 0.496812 0.509698
vt 0.766798 0.803324
vt 0.766791 0.778491
vt 0.790619 0.779284
vt 0.791549 0.802107
vt 0.814220 0.800884
vt 0.812932 0.778428
vt 0.874969 0.797338
vt 0.873574 0.774574
vt 0.924390 0.804451
vt 0.766822 0.849431
vt 0.766807 0.826052
vt 0.791718 0.824655
vt 0.791991 0.846714
vt 0.815912 0.844496
vt 0.815152 0.823158
vt 0.872409 0.840403
vt 0.874427 0.820287
vt 0.891877 0.841705
vt 0.896283 0.821328
vt 0.918984 0.825706
vt 0.912026 0.844506
vt 0.766832 0.866727
vt 0.792159 0.863713
vt 0.791438 0.881550
vt 0.815365 0.879315
vt 0.815619 0.861695
vt 0.868375 0.873589
vt 0.869789 0.857193
vt 0.883374 0.872519
vt 0.887149 0.857782
vt 0.904184 0.860311
vt 0.897841 0.873486
vt 0.766784 0.684840
vt 0.766786 0.706843
vt 0.787731 0.685891
vt 0.788472 0.708433
vt 0.808762 0.708794
vt 0.807405 0.686713
vt 0.864018 0.703643
vt 0.858518 0.682981
vt 0.896273 0.679657
vt 0.766788 0.737259
vt 0.766789 0.758778
vt 0.789310 0.735094
vt 0.789984 0.757485
vt 0.811653 0.755938
vt 0.810235 0.732863
vt 0.872527 0.751926
vt 0.868179 0.729000
vt 0.913054 0.724713
vt 0.766793 0.565500
vt 0.872241 0.584821
vt 0.845389 0.566271
vt 0.787245 0.547756
vt 0.955079 0.799860
vt 0.920474 0.668211
vt 0.933270 0.712294
vt 0.594477 0.101566
vt 0.562349 0.362458
vt 0.551860 0.212709
vt 0.546587 0.272699
vt 0.949018 0.802142
vt 0.944476 0.803591
vt 0.932268 0.713368
vt 0.926143 0.721462
vt 0.919032 0.669905
vt 0.907619 0.678570
vt 0.869033 0.587669
vt 0.866897 0.604366
vt 0.841580 0.570018
vt 0.839117 0.582519
vt 0.786476 0.548479
vt 0.783739 0.559960
vt 0.774508 0.558479
vt 0.558341 0.278804
vt 0.570971 0.222469
vt 0.618846 0.464518
vt 0.631005 0.469056
vt 0.728819 0.030603
vt 0.766802 0.550585
vt 0.765028 0.549567
vt 0.749392 0.056649
vt 0.747859 0.059452
vt 0.490112 0.510101
vt 0.477046 0.511477
vt 0.899403 0.687556
vt 0.910454 0.685217
vt 0.924479 0.667856
vt 0.922441 0.669302
vt 0.546958 0.212167
vt 0.553575 0.185670
vt 0.583363 0.192806
vt 0.572633 0.214466
vt 0.553200 0.207991
vt 0.917442 0.648347
vt 0.919530 0.666817
vt 0.911605 0.651232
vt 0.917947 0.667216
vt 0.896507 0.656285
vt 0.904860 0.671876
vt 0.889722 0.688971
vt 0.874451 0.681107
vt 0.885724 0.680566
vt 0.886696 0.660491
vt 0.892640 0.671251
vt 0.883484 0.671803
vt 0.584782 0.233653
vt 0.567024 0.227773
vt 0.610697 0.199969
vt 0.613316 0.225610
vt 0.589152 0.225895
vt 0.587891 0.213784
vt 0.916023 0.733118
vt 0.938088 0.740401
vt 0.929026 0.725519
vt 0.939799 0.714187
vt 0.946681 0.733051
vt 0.941335 0.734512
vt 0.936786 0.716347
vt 0.547383 0.300294
vt 0.543104 0.278145
vt 0.544100 0.230820
vt 0.566185 0.243169
vt 0.560451 0.271118
vt 0.545715 0.270811
vt 0.933806 0.681270
vt 0.934134 0.711311
vt 0.926392 0.683137
vt 0.933425 0.711407
vt 0.914554 0.692036
vt 0.922560 0.715535
vt 0.904283 0.736958
vt 0.896477 0.749435
vt 0.886831 0.728020
vt 0.900592 0.727572
vt 0.901492 0.695661
vt 0.909476 0.716602
vt 0.898734 0.718245
vt 0.884377 0.699023
vt 0.577020 0.293451
vt 0.595120 0.313728
vt 0.555179 0.307231
vt 0.556698 0.288338
vt 0.599088 0.263053
vt 0.606230 0.289192
vt 0.580501 0.282901
vt 0.579757 0.272040
vt 0.933987 0.746987
vt 0.945258 0.745109
vt 0.945160 0.745171
vt 0.551242 0.311537
vt 0.566229 0.312193
vt 0.549235 0.312603
vt 0.561871 0.321439
vt 0.564239 0.330723
vt 0.545248 0.319585
vt 0.945747 0.746211
vt 0.952498 0.753640
vt 0.943859 0.747517
vt 0.950339 0.753596
vt 0.936067 0.754744
vt 0.935919 0.765708
vt 0.922067 0.764394
vt 0.923330 0.778860
vt 0.910930 0.780998
vt 0.899129 0.795162
vt 0.893557 0.772275
vt 0.908301 0.768979
vt 0.917845 0.744867
vt 0.920509 0.753828
vt 0.908194 0.757491
vt 0.584645 0.340916
vt 0.608815 0.363263
vt 0.575967 0.363602
vt 0.607785 0.337654
vt 0.583753 0.329190
vt 0.580959 0.314838
vt 0.566715 0.165321
vt 0.584282 0.170027
vt 0.583447 0.179748
vt 0.560946 0.165515
vt 0.901138 0.634454
vt 0.907089 0.634050
vt 0.899763 0.636694
vt 0.904459 0.637421
vt 0.888859 0.642363
vt 0.892829 0.648392
vt 0.883942 0.651758
vt 0.597352 0.181853
vt 0.627707 0.182822
vt 0.601266 0.172442
vt 0.876130 0.653857
vt 0.872356 0.611446
vt 0.883710 0.602347
vt 0.882404 0.602799
vt 0.581576 0.120221
vt 0.614491 0.118086
vt 0.588269 0.124902
vt 0.579704 0.126906
vt 0.881655 0.605338
vt 0.887209 0.602371
vt 0.881314 0.606004
vt 0.885961 0.604063
vt 0.874635 0.615353
vt 0.877525 0.619881
vt 0.870862 0.622779
vt 0.868217 0.617685
vt 0.862606 0.619611
vt 0.854344 0.611777
vt 0.860713 0.607789
vt 0.865457 0.612820
vt 0.860639 0.614739
vt 0.616088 0.084226
vt 0.640337 0.088661
vt 0.630292 0.097159
vt 0.610686 0.087114
vt 0.856603 0.581567
vt 0.861627 0.578577
vt 0.856632 0.581887
vt 0.861265 0.580232
vt 0.854477 0.592496
vt 0.859152 0.595959
vt 0.850652 0.598804
vt 0.856147 0.602590
vt 0.834560 0.590963
vt 0.843157 0.609544
vt 0.846265 0.603440
vt 0.852162 0.605880
vt 0.880402 0.644233
vt 0.872587 0.646060
vt 0.865018 0.625066
vt 0.766789 0.648338
vt 0.766788 0.665046
vt 0.786736 0.666431
vt 0.786283 0.648549
vt 0.806073 0.667103
vt 0.805474 0.649086
vt 0.863321 0.647540
vt 0.872625 0.663186
vt 0.853956 0.665050
vt 0.849379 0.648805
vt 0.766789 0.631807
vt 0.766786 0.615270
vt 0.786328 0.631649
vt 0.787189 0.615016
vt 0.805347 0.632617
vt 0.805558 0.616738
vt 0.855331 0.621129
vt 0.861890 0.632490
vt 0.846628 0.633848
vt 0.843565 0.620797
vt 0.886223 0.635785
vt 0.881180 0.626158
vt 0.898607 0.617645
vt 0.900841 0.633324
vt 0.899872 0.633537
vt 0.894375 0.619800
vt 0.563028 0.163393
vt 0.576310 0.134970
vt 0.873616 0.629189
vt 0.877325 0.636960
vt 0.870506 0.638575
vt 0.829405 0.566286
vt 0.831053 0.564020
vt 0.830599 0.565401
vt 0.821503 0.574753
vt 0.829078 0.577183
vt 0.816439 0.581938
vt 0.824987 0.585785
vt 0.828204 0.601303
vt 0.822228 0.592279
vt 0.641845 0.099539
vt 0.644280 0.109255
vt 0.621167 0.109147
vt 0.672445 0.045413
vt 0.683557 0.058016
vt 0.649730 0.054830
vt 0.828996 0.568648
vt 0.828374 0.564342
vt 0.792213 0.563326
vt 0.799235 0.552918
vt 0.798236 0.554074
vt 0.714965 0.035811
vt 0.812451 0.555486
vt 0.683239 0.040309
vt 0.712092 0.035863
vt 0.713986 0.039325
vt 0.799681 0.554790
vt 0.800530 0.553302
vt 0.799221 0.556286
vt 0.800435 0.554943
vt 0.794497 0.564203
vt 0.798010 0.565423
vt 0.799529 0.573660
vt 0.794154 0.571999
vt 0.789498 0.570180
vt 0.788699 0.576192
vt 0.776026 0.575885
vt 0.775784 0.566160
vt 0.783183 0.569061
vt 0.784217 0.577997
vt 0.766786 0.585215
vt 0.766788 0.575742
vt 0.776633 0.584683
vt 0.664150 0.491916
vt 0.646890 0.478666
vt 0.322277 0.708481
vt 0.788698 0.953734
vt 0.787837 0.969370
vt 0.766799 0.965743
vt 0.766824 0.952476
vt 0.322245 0.718374
vt 0.322234 0.724511
vt 0.334022 0.720412
vt 0.344480 0.710180
vt 0.352132 0.726401
vt 0.336530 0.727721
vt 0.660716 0.131353
vt 0.646091 0.464474
vt 0.635597 0.456751
vt 0.677800 0.067531
vt 0.651229 0.092898
vt 0.666788 0.098841
vt 0.746279 0.061396
vt 0.652766 0.366859
vt 0.686753 0.372097
vt 0.685348 0.388394
vt 0.712030 0.372727
vt 0.710536 0.388800
vt 0.731292 0.371148
vt 0.749679 0.371036
vt 0.749640 0.388529
vt 0.730544 0.388301
vt 0.077461 0.783824
vt 0.044120 0.779520
vt 0.721559 0.482797
vt 0.452336 0.882142
vt 0.457703 0.880237
vt 0.460468 0.878910
vt 0.464517 0.875261
vt 0.442590 0.313330
vt 0.322234 0.946224
vt 0.322234 0.931752
vt 0.331909 0.934082
vt 0.336248 0.949161
vt 0.323540 0.954727
vt 0.322415 0.950506
vt 0.091933 0.931961
vt 0.089233 0.924705
vt 0.098204 0.930757
vt 0.096662 0.924009
vt 0.111634 0.930461
vt 0.105343 0.930522
vt 0.666712 0.181778
vt 0.631765 0.168902
vt 0.668943 0.173193
vt 0.599881 0.157054
vt 0.586225 0.152563
vt 0.353891 0.670773
vt 0.352270 0.670145
vt 0.340687 0.670714
vt 0.343238 0.668998
vt 0.347478 0.671723
vt 0.348151 0.672760
vt 0.111634 0.794049
vt 0.111634 0.803078
vt 0.052694 0.795946
vt 0.080166 0.794981
vt 0.081039 0.804155
vt 0.055739 0.804866
vt 0.424857 0.750106
vt 0.425192 0.741978
vt 0.400857 0.742754
vt 0.401341 0.736341
vt 0.376707 0.735108
vt 0.376840 0.741447
vt 0.354148 0.735255
vt 0.354750 0.740182
vt 0.322230 0.732541
vt 0.336386 0.735356
vt 0.336431 0.738403
vt 0.322231 0.735249
vt 0.708723 0.076864
vt 0.706617 0.079935
vt 0.712400 0.059640
vt 0.717562 0.053467
vt 0.703370 0.051727
vt 0.711265 0.048716
vt 0.713039 0.048634
vt 0.266886 0.142833
vt 0.272112 0.141842
vt 0.286649 0.071249
vt 0.287878 0.072435
vt 0.293555 0.107397
vt 0.294131 0.107321
vt 0.290690 0.105186
vt 0.294279 0.104699
vt 0.294042 0.106472
vt 0.293870 0.106821
vt 0.288370 0.112511
vt 0.293093 0.112386
vt 0.302045 0.130079
vt 0.322234 0.884157
vt 0.322234 0.895418
vt 0.340109 0.884973
vt 0.322234 0.878633
vt 0.322234 0.874424
vt 0.340583 0.895744
vt 0.329612 0.896060
vt 0.328395 0.882820
vt 0.328475 0.882580
vt 0.328577 0.882574
vt 0.328657 0.882624
vt 0.328654 0.882751
vt 0.328639 0.882870
vt 0.747155 0.062754
vt 0.750317 0.063666
vt 0.727051 0.050552
vt 0.455360 0.321997
vt 0.456645 0.327031
vt 0.458853 0.325889
vt 0.457392 0.329094
vt 0.457234 0.328020
vt 0.464844 0.328293
vt 0.465010 0.327262
vt 0.111565 0.734291
vt 0.111634 0.742580
vt 0.078964 0.731262
vt 0.085629 0.725149
vt 0.731497 0.505666
vt 0.726456 0.508921
vt 0.715108 0.495178
vt 0.711653 0.499984
vt 0.705439 0.485541
vt 0.700514 0.488801
vt 0.682652 0.454997
vt 0.689720 0.427028
vt 0.685375 0.451372
vt 0.674623 0.426285
vt 0.679326 0.433745
vt 0.655059 0.388993
vt 0.661184 0.408312
vt 0.619667 0.389859
vt 0.665206 0.426812
vt 0.937601 0.890318
vt 0.617000 0.455606
vt 0.601198 0.460797
vt 0.920751 0.864839
vt 0.935045 0.826334
vt 0.926722 0.846162
vt 0.954957 0.829404
vt 0.945179 0.826141
vt 0.948749 0.852998
vt 0.944297 0.871413
vt 0.931200 0.867886
vt 0.936862 0.849013
vt 0.588511 0.391658
vt 0.571049 0.393147
vt 0.649560 0.425340
vt 0.596351 0.427692
vt 0.598873 0.433264
vt 0.591982 0.441439
vt 0.580064 0.423456
vt 0.608010 0.124888
vt 0.628710 0.138878
vt 0.603362 0.127916
vt 0.623743 0.145207
vt 0.608406 0.148380
vt 0.597071 0.137280
vt 0.325278 0.071575
vt 0.341400 0.069075
vt 0.338098 0.062736
vt 0.356265 0.068507
vt 0.352805 0.061058
vt 0.370254 0.068950
vt 0.367132 0.061086
vt 0.382656 0.069687
vt 0.381396 0.062555
vt 0.393084 0.070607
vt 0.400716 0.071782
vt 0.390463 0.090462
vt 0.393772 0.099222
vt 0.379512 0.090707
vt 0.383054 0.099189
vt 0.368154 0.090111
vt 0.371691 0.098358
vt 0.355368 0.090686
vt 0.360196 0.096035
vt 0.336623 0.092010
vt 0.319968 0.059013
vt 0.322174 0.065380
vt 0.311702 0.104971
vt 0.315592 0.110486
vt 0.294592 0.106803
vt 0.734088 0.069338
vt 0.742553 0.063448
vt 0.399895 0.242941
vt 0.413938 0.240966
vt 0.426815 0.239069
vt 0.501775 0.275630
vt 0.516343 0.279578
vt 0.405187 0.280573
vt 0.419687 0.276436
vt 0.432204 0.273356
vt 0.461164 0.327452
vt 0.488095 0.325094
vt 0.483200 0.316857
vt 0.494924 0.298188
vt 0.506204 0.304695
vt 0.434074 0.325430
vt 0.415854 0.305458
vt 0.439014 0.317229
vt 0.426945 0.298825
vt 0.437046 0.294172
vt 0.453873 0.870675
vt 0.458275 0.871093
vt 0.750249 0.096085
vt 0.750237 0.101727
vt 0.715239 0.126990
vt 0.396763 0.083387
vt 0.405759 0.082944
vt 0.414825 0.081717
vt 0.424803 0.079691
vt 0.750307 0.068331
vt 0.750288 0.077426
vt 0.744444 0.077122
vt 0.745603 0.068925
vt 0.714450 0.068515
vt 0.713658 0.065088
vt 0.725904 0.057417
vt 0.720058 0.063761
vt 0.394354 0.168270
vt 0.392888 0.181268
vt 0.412377 0.178100
vt 0.423804 0.218057
vt 0.390579 0.218558
vt 0.388656 0.195701
vt 0.417087 0.195178
vt 0.403967 0.023633
vt 0.431522 0.025723
vt 0.487456 0.052276
vt 0.394759 0.064273
vt 0.406035 0.068233
vt 0.713723 0.108990
vt 0.712939 0.098262
vt 0.453814 0.028809
vt 0.481224 0.033291
vt 0.745830 0.079089
vt 0.750280 0.081157
vt 0.434122 0.077451
vt 0.403123 0.028320
vt 0.398457 0.055858
vt 0.400931 0.042873
vt 0.433310 0.033910
vt 0.440370 0.034891
vt 0.417420 0.062107
vt 0.420511 0.048328
vt 0.440198 0.049610
vt 0.481810 0.070635
vt 0.447145 0.079832
vt 0.736615 0.088729
vt 0.750257 0.092370
vt 0.744686 0.081371
vt 0.750279 0.084303
vt 0.452972 0.040648
vt 0.483850 0.039347
vt 0.111634 0.751720
vt 0.111634 0.763200
vt 0.081741 0.751866
vt 0.082187 0.763274
vt 0.063832 0.752365
vt 0.053892 0.765769
vt 0.040560 0.750747
vt 0.053974 0.740845
vt 0.709377 0.514275
vt 0.399551 0.090925
vt 0.408181 0.090214
vt 0.402955 0.099231
vt 0.409912 0.097759
vt 0.417570 0.089182
vt 0.429226 0.087381
vt 0.406160 0.110587
vt 0.410771 0.103771
vt 0.418139 0.097426
vt 0.415809 0.103931
vt 0.459861 0.115298
vt 0.419269 0.111496
vt 0.429308 0.098775
vt 0.451419 0.099008
vt 0.474468 0.111923
vt 0.459516 0.097477
vt 0.490110 0.077854
vt 0.745925 0.055507
vt 0.741913 0.060111
vt 0.747041 0.048741
vt 0.739533 0.051641
vt 0.749853 0.022424
vt 0.750721 0.035641
vt 0.743696 0.041718
vt 0.737243 0.022956
vt 0.770202 0.540096
vt 0.769476 0.539479
vt 0.779780 0.541215
vt 0.779209 0.542223
vt 0.827010 0.565082
vt 0.811635 0.556830
vt 0.813202 0.571511
vt 0.818629 0.573659
vt 0.807783 0.577631
vt 0.814068 0.580746
vt 0.809613 0.588055
vt 0.801978 0.584377
vt 0.812525 0.589460
vt 0.809104 0.599366
vt 0.792319 0.579663
vt 0.798798 0.583682
vt 0.766785 0.601502
vt 0.766785 0.592669
vt 0.786763 0.590928
vt 0.791198 0.595810
vt 0.674590 0.046507
vt 0.675800 0.043146
vt 0.691102 0.056191
vt 0.692735 0.055597
vt 0.709960 0.066370
vt 0.707653 0.067171
vt 0.704861 0.062346
vt 0.706742 0.061671
vt 0.266542 0.147005
vt 0.285486 0.147700
vt 0.299781 0.119545
vt 0.304218 0.117738
vt 0.330254 0.125921
vt 0.361979 0.108869
vt 0.338845 0.116050
vt 0.329894 0.114640
vt 0.340193 0.108868
vt 0.331428 0.108756
vt 0.324663 0.101335
vt 0.339170 0.098294
vt 0.334025 0.121779
vt 0.342170 0.133205
vt 0.345888 0.139319
vt 0.361233 0.118877
vt 0.354653 0.130526
vt 0.345709 0.129239
vt 0.348068 0.125118
vt 0.323506 0.136547
vt 0.313981 0.133967
vt 0.317604 0.128465
vt 0.326817 0.131017
vt 0.359744 0.142478
vt 0.322773 0.095781
vt 0.317354 0.087716
vt 0.307242 0.074301
vt 0.302419 0.074643
vt 0.305114 0.068687
vt 0.301069 0.069535
vt 0.298142 0.063211
vt 0.302865 0.062836
vt 0.292547 0.185387
vt 0.280326 0.177316
vt 0.298517 0.171268
vt 0.287521 0.164374
vt 0.298755 0.150681
vt 0.307357 0.152358
vt 0.302644 0.163253
vt 0.292534 0.159156
vt 0.266570 0.161760
vt 0.266596 0.154818
vt 0.284545 0.155680
vt 0.283226 0.161471
vt 0.287498 0.064123
vt 0.288522 0.057894
vt 0.296424 0.055054
vt 0.288669 0.064166
vt 0.289483 0.057811
vt 0.292507 0.050429
vt 0.289164 0.053375
vt 0.288606 0.053273
vt 0.292291 0.050106
vt 0.322234 0.887285
vt 0.322234 0.889111
vt 0.109925 0.670579
vt 0.110524 0.665979
vt 0.437705 0.177726
vt 0.410351 0.166117
vt 0.420913 0.160697
vt 0.631839 0.122900
vt 0.673267 0.141332
vt 0.682279 0.151311
vt 0.661155 0.147334
vt 0.660801 0.134451
vt 0.293336 0.111373
vt 0.293581 0.109344
vt 0.315563 0.112404
vt 0.312733 0.112770
vt 0.307254 0.115838
vt 0.308009 0.125245
vt 0.322144 0.123930
vt 0.314495 0.122072
vt 0.326895 0.119112
vt 0.632380 0.413743
vt 0.598657 0.415187
vt 0.606979 0.425938
vt 0.635241 0.429594
vt 0.606862 0.429441
vt 0.636285 0.433892
vt 0.636349 0.446121
vt 0.610366 0.439035
vt 0.655760 0.464369
vt 0.180056 0.661161
vt 0.169248 0.660328
vt 0.140776 0.663136
vt 0.124108 0.663513
vt 0.118133 0.661216
vt 0.129895 0.485347
vt 0.136898 0.482966
vt 0.171489 0.596486
vt 0.191749 0.596687
vt 0.211974 0.597005
vt 0.135304 0.516737
vt 0.175095 0.549320
vt 0.173898 0.536424
vt 0.192495 0.550714
vt 0.192269 0.538433
vt 0.133361 0.539917
vt 0.134479 0.528723
vt 0.213433 0.552874
vt 0.212201 0.540359
vt 0.236199 0.552902
vt 0.119263 0.492780
vt 0.114470 0.493798
vt 0.145753 0.487485
vt 0.125581 0.491218
vt 0.130022 0.491837
vt 0.146573 0.492473
vt 0.151973 0.493266
vt 0.136804 0.496132
vt 0.136637 0.488925
vt 0.141622 0.487599
vt 0.137844 0.592948
vt 0.150524 0.595393
vt 0.153080 0.574862
vt 0.144146 0.574260
vt 0.152993 0.555826
vt 0.141796 0.553713
vt 0.152123 0.543432
vt 0.144982 0.541964
vt 0.152298 0.531878
vt 0.143612 0.530186
vt 0.142344 0.496164
vt 0.152868 0.520842
vt 0.143643 0.518567
vt 0.102191 0.941024
vt 0.098274 0.942369
vt 0.329409 0.864964
vt 0.328963 0.870094
vt 0.322234 0.869844
vt 0.322234 0.865806
vt 0.339758 0.876126
vt 0.334338 0.875561
vt 0.333412 0.870828
vt 0.336892 0.866830
vt 0.340243 0.883034
vt 0.334901 0.879382
vt 0.315662 0.116425
vt 0.316976 0.118064
vt 0.323641 0.113887
vt 0.320254 0.113265
vt 0.325193 0.108969
vt 0.321944 0.109483
vt 0.321186 0.102114
vt 0.316444 0.103542
vt 0.318053 0.097089
vt 0.313270 0.098724
vt 0.299661 0.091403
vt 0.311992 0.088630
vt 0.307083 0.089734
vt 0.286427 0.075901
vt 0.456283 0.872375
vt 0.457220 0.872372
vt 0.457984 0.872441
vt 0.650894 0.434604
vt 0.674270 0.443708
vt 0.649231 0.439623
vt 0.649222 0.437696
vt 0.694848 0.474142
vt 0.688480 0.464491
vt 0.699304 0.471410
vt 0.693216 0.461679
vt 0.716561 0.468072
vt 0.715509 0.457535
vt 0.749474 0.466365
vt 0.733295 0.466126
vt 0.732528 0.457038
vt 0.749494 0.456905
vt 0.666600 0.459164
vt 0.672127 0.448440
vt 0.678770 0.463236
vt 0.677717 0.478669
vt 0.426079 0.841491
vt 0.086435 0.956484
vt 0.081989 0.954832
vt 0.402742 0.913597
vt 0.416886 0.893948
vt 0.062601 0.912602
vt 0.051795 0.917111
vt 0.055911 0.889311
vt 0.057685 0.899745
vt 0.043642 0.904514
vt 0.040477 0.892923
vt 0.055596 0.876664
vt 0.040085 0.880037
vt 0.421077 0.822700
vt 0.092513 0.960846
vt 0.100876 0.964073
vt 0.100078 0.965353
vt 0.091182 0.962243
vt 0.424025 0.837294
vt 0.422515 0.830717
vt 0.061082 0.864421
vt 0.060025 0.870296
vt 0.041857 0.870186
vt 0.052236 0.860320
vt 0.422643 0.819602
vt 0.425666 0.818733
vt 0.426639 0.820010
vt 0.425351 0.855046
vt 0.426172 0.845658
vt 0.424930 0.857142
vt 0.422360 0.880047
vt 0.424877 0.867640
vt 0.357890 0.956910
vt 0.375403 0.943898
vt 0.389859 0.930685
vt 0.341640 0.957018
vt 0.065465 0.923567
vt 0.056751 0.927959
vt 0.065191 0.941056
vt 0.071546 0.934948
vt 0.077160 0.943177
vt 0.071056 0.946815
vt 0.107206 0.964140
vt 0.106861 0.965863
vt 0.424541 0.822549
vt 0.427007 0.821692
vt 0.424379 0.823820
vt 0.427549 0.823120
vt 0.424372 0.830564
vt 0.426097 0.827768
vt 0.425615 0.836916
vt 0.426677 0.832916
vt 0.426769 0.841437
vt 0.427682 0.835565
vt 0.426841 0.845654
vt 0.428296 0.839194
vt 0.426846 0.854855
vt 0.429965 0.847069
vt 0.426822 0.856244
vt 0.430797 0.854535
vt 0.425445 0.867881
vt 0.431160 0.867271
vt 0.422499 0.880036
vt 0.425293 0.882292
vt 0.417021 0.893972
vt 0.418081 0.896904
vt 0.402890 0.913645
vt 0.405798 0.915779
vt 0.390053 0.930745
vt 0.395851 0.934189
vt 0.375595 0.943973
vt 0.383514 0.950343
vt 0.358109 0.957100
vt 0.365298 0.962945
vt 0.325541 0.960843
vt 0.341607 0.957071
vt 0.348548 0.967977
vt 0.322957 0.970846
vt 0.101438 0.669766
vt 0.109709 0.489497
vt 0.111074 0.492477
vt 0.077459 0.607650
vt 0.073209 0.612828
vt 0.120983 0.485930
vt 0.119864 0.483258
vt 0.123163 0.483153
vt 0.123289 0.485400
vt 0.081783 0.630786
vt 0.075772 0.619925
vt 0.080397 0.645278
vt 0.085986 0.638392
vt 0.102672 0.665460
vt 0.103685 0.658028
vt 0.111134 0.658790
vt 0.070412 0.602402
vt 0.097479 0.669289
vt 0.082554 0.657938
vt 0.097885 0.663192
vt 0.090336 0.658956
vt 0.090578 0.647656
vt 0.091388 0.637230
vt 0.091256 0.630495
vt 0.086463 0.630798
vt 0.091908 0.622171
vt 0.083793 0.621121
vt 0.092037 0.612364
vt 0.082679 0.612512
vt 0.088220 0.608705
vt 0.083322 0.598434
vt 0.081273 0.525616
vt 0.084752 0.521394
vt 0.078883 0.532382
vt 0.077705 0.547129
vt 0.088920 0.586251
vt 0.067030 0.585743
vt 0.125918 0.592326
vt 0.107061 0.587997
vt 0.112430 0.499591
vt 0.117625 0.498086
vt 0.109615 0.499821
vt 0.104361 0.495935
vt 0.088760 0.515726
vt 0.102471 0.501661
vt 0.108215 0.503364
vt 0.096423 0.506302
vt 0.084761 0.543279
vt 0.086402 0.532400
vt 0.121760 0.543202
vt 0.117943 0.571571
vt 0.134177 0.552446
vt 0.135813 0.573539
vt 0.089208 0.566511
vt 0.093860 0.556417
vt 0.106057 0.569956
vt 0.105771 0.553397
vt 0.102425 0.546540
vt 0.100685 0.535405
vt 0.089985 0.528100
vt 0.090286 0.523477
vt 0.128083 0.497731
vt 0.123619 0.517626
vt 0.101195 0.509601
vt 0.093572 0.519013
vt 0.122866 0.535678
vt 0.122564 0.525648
vt 0.113675 0.504074
vt 0.119169 0.502884
vt 0.102500 0.530884
vt 0.101164 0.524859
vt 0.109843 0.510847
vt 0.103545 0.516899
vt 0.116423 0.552072
vt 0.109893 0.546730
vt 0.114150 0.540755
vt 0.107673 0.537982
vt 0.113163 0.534159
vt 0.107954 0.532459
vt 0.108857 0.518341
vt 0.113905 0.515853
vt 0.112495 0.526237
vt 0.106942 0.525464
vt 0.389984 0.563305
vt 0.369804 0.564009
vt 0.360091 0.566683
vt 0.349270 0.584282
vt 0.323583 0.565930
vt 0.299595 0.563673
vt 0.418209 0.708982
vt 0.432509 0.727785
vt 0.863238 0.984188
vt 0.851754 0.991443
vt 0.677628 0.536579
vt 0.649441 0.527657
vt 0.398673 0.703949
vt 0.401963 0.723114
vt 0.375322 0.724359
vt 0.369768 0.708324
vt 0.835113 0.949427
vt 0.837533 0.978385
vt 0.811452 0.972028
vt 0.809865 0.954472
vt 0.700697 0.521208
vt 0.690118 0.527260
vt 0.688343 0.496453
vt 0.701755 0.505121
vt 0.694505 0.515149
vt 0.671014 0.512152
vt 0.363557 0.586944
vt 0.388839 0.585005
vt 0.238328 0.565285
vt 0.257883 0.566739
vt 0.267276 0.566415
vt 0.283900 0.563705
vt 0.241183 0.578030
vt 0.237654 0.595719
vt 0.260991 0.679966
vt 0.257512 0.677543
vt 0.255676 0.679903
vt 0.275016 0.673117
vt 0.262152 0.675867
vt 0.262117 0.672876
vt 0.238020 0.672186
vt 0.236167 0.672812
vt 0.233633 0.675198
vt 0.212160 0.662304
vt 0.228694 0.663631
vt 0.255129 0.672955
vt 0.241452 0.664338
vt 0.254353 0.661431
vt 0.257024 0.673410
vt 0.259071 0.671697
vt 0.274322 0.671228
vt 0.258031 0.656473
vt 0.272529 0.651865
vt 0.259431 0.654689
vt 0.135114 0.602149
vt 0.101135 0.622346
vt 0.110686 0.622867
vt 0.112843 0.635327
vt 0.112045 0.649622
vt 0.100088 0.650245
vt 0.099006 0.634854
vt 0.098343 0.609812
vt 0.095122 0.595021
vt 0.121686 0.602292
vt 0.126363 0.612456
vt 0.206988 0.610751
vt 0.233325 0.611554
vt 0.208118 0.624699
vt 0.232988 0.626097
vt 0.208423 0.660193
vt 0.234517 0.661842
vt 0.256046 0.656910
vt 0.169419 0.610690
vt 0.190491 0.611068
vt 0.145702 0.609850
vt 0.169191 0.624896
vt 0.190339 0.625024
vt 0.148247 0.626341
vt 0.164057 0.657106
vt 0.186405 0.658828
vt 0.143311 0.652546
vt 0.123828 0.652955
vt 0.129492 0.632879
vt 0.145315 0.641534
vt 0.153121 0.634868
vt 0.166123 0.645802
vt 0.169129 0.635860
vt 0.188215 0.647826
vt 0.189976 0.636849
vt 0.210721 0.649234
vt 0.206886 0.636750
vt 0.234271 0.650308
vt 0.234394 0.639198
vt 0.281667 0.679568
vt 0.282748 0.675079
vt 0.282689 0.672697
vt 0.289369 0.662059
vt 0.281950 0.663154
vt 0.297986 0.680231
vt 0.295082 0.677787
vt 0.292286 0.680295
vt 0.291466 0.674634
vt 0.290804 0.673001
vt 0.311504 0.677311
vt 0.298133 0.677609
vt 0.310534 0.674627
vt 0.298269 0.674836
vt 0.293776 0.672852
vt 0.296101 0.672151
vt 0.294619 0.672896
vt 0.309669 0.666125
vt 0.297623 0.667107
vt 0.318799 0.672099
vt 0.315581 0.672777
vt 0.312863 0.672057
vt 0.277150 0.672088
vt 0.275661 0.673112
vt 0.275271 0.670695
vt 0.272975 0.650933
vt 0.259964 0.653622
vt 0.276629 0.651531
vt 0.290022 0.650054
vt 0.294797 0.661809
vt 0.292919 0.659418
vt 0.294555 0.650298
vt 0.296125 0.644298
vt 0.313317 0.646645
vt 0.348422 0.663405
vt 0.337217 0.667538
vt 0.332675 0.644648
vt 0.319288 0.642854
vt 0.339613 0.667462
vt 0.341919 0.667268
vt 0.337808 0.646885
vt 0.315282 0.641634
vt 0.334890 0.644686
vt 0.913211 0.880176
vt 0.924357 0.893093
vt 0.897775 0.898826
vt 0.908993 0.906857
vt 0.902057 0.915364
vt 0.884852 0.908842
vt 0.368175 0.658028
vt 0.339169 0.634378
vt 0.336959 0.639462
vt 0.349541 0.647498
vt 0.358766 0.664777
vt 0.356733 0.664331
vt 0.354726 0.652136
vt 0.372685 0.642628
vt 0.375828 0.635211
vt 0.349355 0.637241
vt 0.346884 0.642746
vt 0.344179 0.640263
vt 0.359010 0.644550
vt 0.349934 0.630533
vt 0.343738 0.627155
vt 0.346246 0.618932
vt 0.362170 0.623141
vt 0.319614 0.632313
vt 0.317166 0.637095
vt 0.323447 0.625666
vt 0.292083 0.647646
vt 0.295494 0.640169
vt 0.302313 0.630558
vt 0.298569 0.635641
vt 0.739070 0.085751
vt 0.741388 0.083144
vt 0.750272 0.087453
vt 0.750265 0.089771
vt 0.485708 0.045794
vt 0.486582 0.049035
vt 0.467327 0.055135
vt 0.474568 0.062885
vt 0.440264 0.063775
vt 0.443705 0.071804
vt 0.431513 0.072026
vt 0.432817 0.074738
vt 0.421232 0.072252
vt 0.423017 0.075972
vt 0.411278 0.074683
vt 0.413052 0.078200
vt 0.403044 0.076532
vt 0.404402 0.079738
vt 0.394336 0.076728
vt 0.395549 0.080058
vt 0.384431 0.076378
vt 0.385881 0.079722
vt 0.373044 0.076084
vt 0.374636 0.079641
vt 0.359989 0.076189
vt 0.361903 0.079916
vt 0.345697 0.076733
vt 0.347987 0.080612
vt 0.329468 0.078365
vt 0.331798 0.081911
vt 0.311657 0.080868
vt 0.314506 0.084292
vt 0.306991 0.081666
vt 0.309491 0.085148
vt 0.296839 0.083663
vt 0.301961 0.086699
vt 0.290470 0.084916
vt 0.295066 0.088160
vt 0.272624 0.084535
vt 0.276021 0.090219
vt 0.274217 0.091731
vt 0.272056 0.084171
vt 0.258743 0.127552
vt 0.264783 0.120361
vt 0.279908 0.131875
vt 0.284300 0.128262
vt 0.295892 0.136169
vt 0.298969 0.133124
vt 0.307967 0.140126
vt 0.310974 0.137047
vt 0.318695 0.144684
vt 0.321100 0.140616
vt 0.335800 0.148942
vt 0.340844 0.144131
vt 0.351684 0.152919
vt 0.355714 0.147698
vt 0.367192 0.155748
vt 0.370540 0.150456
vt 0.382575 0.157762
vt 0.385109 0.152285
vt 0.397382 0.158188
vt 0.399129 0.153010
vt 0.410905 0.157247
vt 0.412101 0.152628
vt 0.422116 0.155530
vt 0.424184 0.153063
vt 0.458853 0.165881
vt 0.451054 0.167102
vt 0.446399 0.153866
vt 0.460085 0.153206
vt 0.690475 0.113912
vt 0.683023 0.120057
vt 0.678562 0.082363
vt 0.672675 0.090602
vt 0.661193 0.085344
vt 0.656211 0.089121
vt 0.653254 0.080793
vt 0.646796 0.084727
vt 0.614725 0.081406
vt 0.613362 0.078587
vt 0.857424 0.580389
vt 0.857037 0.581143
vt 0.857315 0.580571
vt 0.856766 0.581115
vt 0.849013 0.587553
vt 0.851769 0.589984
vt 0.843906 0.594791
vt 0.847275 0.596793
vt 0.839634 0.599890
vt 0.842947 0.601661
vt 0.836068 0.605982
vt 0.822747 0.617887
vt 0.833929 0.619338
vt 0.822013 0.633347
vt 0.834620 0.633660
vt 0.822818 0.649331
vt 0.836567 0.649211
vt 0.824216 0.666725
vt 0.839550 0.666003
vt 0.826385 0.685770
vt 0.842957 0.684497
vt 0.828358 0.707658
vt 0.846471 0.705826
vt 0.830648 0.731486
vt 0.849877 0.730306
vt 0.832519 0.754700
vt 0.852648 0.753626
vt 0.833991 0.777331
vt 0.854212 0.776243
vt 0.835133 0.799668
vt 0.855130 0.798584
vt 0.835971 0.821694
vt 0.855300 0.820677
vt 0.836323 0.842276
vt 0.854507 0.840791
vt 0.835720 0.859281
vt 0.853078 0.857387
vt 0.836574 0.876858
vt 0.853695 0.874670
vt 0.885195 0.929942
vt 0.872351 0.950053
vt 0.861026 0.931665
vt 0.875519 0.915993
vt 0.396443 0.610871
vt 0.384618 0.623735
vt 0.367322 0.604182
vt 0.365408 0.611436
vt 0.349697 0.597290
vt 0.350376 0.607351
vt 0.324790 0.579512
vt 0.325636 0.617629
vt 0.304296 0.578244
vt 0.284453 0.577697
vt 0.258805 0.577962
vt 0.271487 0.578093
vt 0.257415 0.596204
vt 0.271200 0.595930
vt 0.303212 0.617140
vt 0.305245 0.624499
vt 0.263308 0.605712
vt 0.326885 0.595638
vt 0.327131 0.608387
vt 0.284316 0.595451
vt 0.307767 0.595262
vt 0.306024 0.607463
vt 0.285974 0.606297
vt 0.272897 0.605677
vt 0.256072 0.650050
vt 0.256123 0.639342
vt 0.259835 0.649921
vt 0.291037 0.648028
vt 0.274608 0.649230
vt 0.286800 0.640228
vt 0.251031 0.626558
vt 0.251928 0.612543
vt 0.287863 0.635261
vt 0.261681 0.627653
vt 0.262634 0.615793
vt 0.294571 0.624206
vt 0.291504 0.629476
vt 0.273810 0.616773
vt 0.287914 0.618490
vt 0.282680 0.627566
vt 0.272409 0.626793
vt 0.271323 0.634967
vt 0.279091 0.635416
vt 0.276876 0.642523
vt 0.260282 0.641886
vt 0.463167 0.325813
vt 0.361913 0.867750
vt 0.364991 0.872217
vt 0.364693 0.872448
vt 0.360801 0.867986
vt 0.366885 0.869764
vt 0.365766 0.871949
vt 0.365406 0.872013
vt 0.365194 0.870652
vt 0.111634 0.918043
vt 0.111634 0.924542
vt 0.104428 0.923922
vt 0.102283 0.917262
vt 0.522080 0.467851
vt 0.520588 0.469827
vt 0.517614 0.473769
vt 0.514499 0.477300
vt 0.509337 0.480678
vt 0.505476 0.483461
vt 0.501669 0.485607
vt 0.496555 0.488352
vt 0.527519 0.458336
vt 0.525784 0.462030
vt 0.524825 0.463836
vt 0.522920 0.466746
vt 0.484403 0.458731
vt 0.489590 0.458311
vt 0.494474 0.489909
vt 0.490802 0.488192
vt 0.483686 0.455335
vt 0.489594 0.455069
vt 0.489597 0.451662
vt 0.483358 0.452040
vt 0.517363 0.462495
vt 0.515194 0.465563
vt 0.512488 0.469088
vt 0.509565 0.472329
vt 0.505806 0.475645
vt 0.502530 0.478251
vt 0.499401 0.480440
vt 0.496062 0.482039
vt 0.524587 0.450278
vt 0.522481 0.454438
vt 0.520610 0.457276
vt 0.518887 0.460125
vt 0.489568 0.479961
vt 0.487678 0.479292
vt 0.494146 0.482768
vt 0.491538 0.483360
vt 0.489560 0.488288
vt 0.489565 0.483719
vt 0.487592 0.483357
vt 0.488319 0.488190
vt 0.512455 0.459757
vt 0.510371 0.463006
vt 0.507959 0.466486
vt 0.505430 0.469832
vt 0.502634 0.473098
vt 0.500066 0.476001
vt 0.498186 0.478377
vt 0.520566 0.446987
vt 0.518069 0.451079
vt 0.516053 0.454337
vt 0.514225 0.457051
vt 0.506758 0.457484
vt 0.505022 0.460865
vt 0.503148 0.464364
vt 0.501107 0.467736
vt 0.499009 0.471194
vt 0.497107 0.474847
vt 0.495722 0.478680
vt 0.514956 0.442335
vt 0.511681 0.448052
vt 0.509726 0.451574
vt 0.508177 0.454549
vt 0.500644 0.456125
vt 0.495501 0.455347
vt 0.499497 0.459522
vt 0.494777 0.458741
vt 0.498146 0.462993
vt 0.493868 0.462247
vt 0.496796 0.466435
vt 0.493091 0.465669
vt 0.495551 0.470009
vt 0.492752 0.469187
vt 0.494416 0.474031
vt 0.492341 0.473176
vt 0.491460 0.479296
vt 0.493584 0.478967
vt 0.503800 0.439862
vt 0.496959 0.438857
vt 0.502917 0.446124
vt 0.496436 0.444638
vt 0.502289 0.449746
vt 0.496200 0.448645
vt 0.495835 0.452053
vt 0.501510 0.452939
vt 0.322234 0.954297
vt 0.302860 0.957071
vt 0.302827 0.957018
vt 0.328606 0.882822
vt 0.328503 0.882641
vt 0.328606 0.882644
vt 0.328608 0.882745
vt 0.328565 0.882631
vt 0.328463 0.882774
vt 0.328560 0.882733
vt 0.315864 0.882841
vt 0.315872 0.882685
vt 0.315852 0.882749
vt 0.315908 0.882659
vt 0.315962 0.882673
vt 0.315898 0.882871
vt 0.316007 0.882849
vt 0.315939 0.882869
vt 0.315919 0.882753
vt 0.315996 0.882766
vt 0.521098 0.547047
vt 0.528303 0.545721
vt 0.537751 0.545456
vt 0.533763 0.545407
vt 0.485029 0.379344
vt 0.481209 0.379791
vt 0.472858 0.381130
vt 0.455463 0.871459
vt 0.455208 0.870799
vt 0.457770 0.871619
vt 0.456894 0.871628
vt 0.456771 0.870943
vt 0.457654 0.871032
vt 0.108700 0.941472
vt 0.111634 0.941042
vt 0.111634 0.970779
vt 0.109324 0.968783
vt 0.111634 0.967239
vt 0.109632 0.965897
vt 0.066360 0.860395
vt 0.067815 0.862795
vt 0.070815 0.860774
vt 0.067926 0.866953
vt 0.069875 0.866951
vt 0.068716 0.874798
vt 0.065890 0.874763
vt 0.065148 0.887779
vt 0.068563 0.887251
vt 0.066226 0.896390
vt 0.069953 0.895934
vt 0.069515 0.909601
vt 0.073046 0.908312
vt 0.073851 0.919298
vt 0.077837 0.918099
vt 0.083148 0.925652
vt 0.079541 0.927652
vt 0.084914 0.934772
vt 0.087164 0.933204
vt 0.092596 0.945051
vt 0.093718 0.943184
vt 0.097035 0.951560
vt 0.096419 0.949743
vt 0.101188 0.952269
vt 0.100350 0.950508
vt 0.105515 0.952233
vt 0.104643 0.950390
vt 0.111634 0.953275
vt 0.109033 0.953070
vt 0.108845 0.951326
vt 0.111634 0.951482
vt 0.076565 0.859970
vt 0.085779 0.859936
vt 0.111634 0.858206
vt 0.098695 0.859576
vt 0.067959 0.855843
vt 0.066504 0.851327
vt 0.074701 0.848325
vt 0.075961 0.853813
vt 0.085552 0.852415
vt 0.084357 0.845024
vt 0.111634 0.837142
vt 0.111634 0.848104
vt 0.098629 0.850176
vt 0.097986 0.841379
vt 0.466350 0.654160
vt 0.459368 0.650870
vt 0.328424 0.882882
vt 0.328472 0.882833
vt 0.328576 0.882846
vt 0.328590 0.882906
vt 0.328540 0.882911
vt 0.328545 0.882854
vt 0.468686 0.383249
vt 0.467754 0.355794
vt 0.466102 0.385315
vt 0.465041 0.357672
vt 0.461481 0.389791
vt 0.460470 0.362083
vt 0.459772 0.359647
vt 0.460976 0.387323
vt 0.542364 0.545831
vt 0.539852 0.511152
vt 0.538997 0.511477
vt 0.541573 0.546282
vt 0.508021 0.585230
vt 0.508022 0.547211
vt 0.494945 0.547047
vt 0.487740 0.545721
vt 0.492587 0.585246
vt 0.483445 0.585997
vt 0.494324 0.379354
vt 0.498143 0.379808
vt 0.506491 0.381164
vt 0.510659 0.383292
vt 0.513239 0.385362
vt 0.518361 0.387382
vt 0.517851 0.389848
vt 0.474470 0.546282
vt 0.473679 0.545831
vt 0.328630 0.882257
vt 0.329743 0.875857
vt 0.328782 0.882525
vt 0.331268 0.880649
vt 0.329031 0.882894
vt 0.332564 0.884129
vt 0.328882 0.883323
vt 0.330931 0.886740
vt 0.328721 0.883475
vt 0.329842 0.887781
vt 0.328492 0.883336
vt 0.329000 0.888570
vt 0.328238 0.883167
vt 0.325851 0.887087
vt 0.326640 0.879970
vt 0.328266 0.882299
vt 0.328012 0.883021
vt 0.324700 0.883941
vt 0.880521 0.885603
vt 0.889863 0.889522
vt 0.877468 0.902530
vt 0.869445 0.898509
vt 0.869593 0.909134
vt 0.860171 0.904501
vt 0.853485 0.920445
vt 0.843878 0.912476
vt 0.809654 0.918256
vt 0.828878 0.916065
vt 0.831963 0.925774
vt 0.807840 0.931484
vt 0.496828 0.697747
vt 0.482094 0.684575
vt 0.478075 0.679723
vt 0.475431 0.674914
vt 0.471380 0.668314
vt 0.503943 0.700741
vt 0.501307 0.698940
vt 0.491990 0.694704
vt 0.489404 0.692357
vt 0.485275 0.687488
vt 0.508045 0.701931
vt 0.506990 0.701806
vt 0.505855 0.701573
vt 0.471037 0.661908
vt 0.484369 0.683340
vt 0.480197 0.678399
vt 0.477756 0.673985
vt 0.473865 0.667918
vt 0.494403 0.693790
vt 0.491884 0.691704
vt 0.487702 0.686964
vt 0.473583 0.662020
vt 0.474542 0.654457
vt 0.492252 0.678655
vt 0.490812 0.673969
vt 0.489631 0.669612
vt 0.487606 0.663552
vt 0.498350 0.688076
vt 0.497041 0.685697
vt 0.494354 0.681520
vt 0.486103 0.658645
vt 0.481395 0.650085
vt 0.508024 0.677542
vt 0.497940 0.677779
vt 0.497206 0.672866
vt 0.508022 0.672548
vt 0.508022 0.668157
vt 0.496859 0.668530
vt 0.494718 0.662622
vt 0.508022 0.661934
vt 0.502344 0.686861
vt 0.508031 0.686767
vt 0.501403 0.684984
vt 0.508028 0.684868
vt 0.508025 0.680762
vt 0.499979 0.680898
vt 0.494144 0.657477
vt 0.508021 0.656386
vt 0.508022 0.646288
vt 0.492526 0.647825
vt 0.500866 0.689712
vt 0.497490 0.695993
vt 0.504364 0.698582
vt 0.504314 0.691220
vt 0.502606 0.690545
vt 0.501099 0.697596
vt 0.508049 0.700328
vt 0.506753 0.699767
vt 0.505830 0.699030
vt 0.506205 0.691636
vt 0.508033 0.688645
vt 0.506910 0.691728
vt 0.508038 0.691773
vt 0.508036 0.690632
vt 0.482281 0.545407
vt 0.484739 0.511923
vt 0.480813 0.510894
vt 0.478292 0.545456
vt 0.553229 0.599673
vt 0.440754 0.426762
vt 0.448912 0.455019
vt 0.453196 0.445972
vt 0.456357 0.441816
vt 0.462232 0.437291
vt 0.481719 0.433790
vt 0.475450 0.434696
vt 0.475719 0.588184
vt 0.470019 0.586818
vt 0.496608 0.419531
vt 0.551992 0.600014
vt 0.546713 0.599118
vt 0.541284 0.600996
vt 0.533840 0.597998
vt 0.524053 0.597341
vt 0.462806 0.599666
vt 0.538503 0.426861
vt 0.530275 0.455101
vt 0.526009 0.446046
vt 0.522857 0.441883
vt 0.516992 0.437347
vt 0.503779 0.434724
vt 0.503428 0.429437
vt 0.497219 0.429714
vt 0.497511 0.433806
vt 0.502347 0.419327
vt 0.514709 0.418623
vt 0.516635 0.428314
vt 0.474755 0.601003
vt 0.474755 0.601003
vt 0.469322 0.599120
vt 0.469322 0.599120
vt 0.464043 0.600008
vt 0.472732 0.652123
vt 0.472732 0.652123
vt 0.482205 0.598002
vt 0.482205 0.598002
vt 0.508021 0.597733
vt 0.508021 0.597733
vt 0.491993 0.597337
vt 0.491993 0.597337
vt 0.553229 0.599673
vt 0.552524 0.587552
vt 0.444976 0.417653
vt 0.440754 0.426762
vt 0.444487 0.421246
vt 0.440552 0.430497
vt 0.453276 0.418911
vt 0.449997 0.428508
vt 0.457926 0.418275
vt 0.455114 0.427977
vt 0.464564 0.418572
vt 0.462618 0.428259
vt 0.482032 0.429699
vt 0.482663 0.419517
vt 0.476925 0.419302
vt 0.475823 0.429409
vt 0.521347 0.418339
vt 0.524140 0.428047
vt 0.525997 0.418985
vt 0.529256 0.428589
vt 0.551992 0.600014
vt 0.551310 0.587991
vt 0.546024 0.586818
vt 0.546713 0.599118
vt 0.541284 0.600996
vt 0.540324 0.588183
vt 0.533840 0.597998
vt 0.532598 0.585996
vt 0.524053 0.597341
vt 0.523457 0.585247
vt 0.464043 0.600008
vt 0.464733 0.587990
vt 0.463519 0.587551
vt 0.462806 0.599666
vt 0.538503 0.426861
vt 0.534299 0.417744
vt 0.534781 0.421338
vt 0.538697 0.430597
vt 0.324786 0.956025
vt 0.322234 0.961650
vt 0.318927 0.960843
vt 0.319681 0.956025
vt 0.322234 0.958959
vt 0.451483 0.236617
vt 0.460914 0.236617
vt 0.470332 0.236711
vt 0.453262 0.270413
vt 0.460743 0.270214
vt 0.468207 0.270370
vt 0.454663 0.293340
vt 0.460957 0.293274
vt 0.467256 0.293246
vt 0.457593 0.314894
vt 0.461141 0.314871
vt 0.464752 0.314989
vt 0.458308 0.319995
vt 0.458597 0.324582
vt 0.461124 0.320129
vt 0.461411 0.324756
vt 0.463769 0.319976
vt 0.465769 0.320683
vt 0.463369 0.324358
vt 0.468024 0.315609
vt 0.471666 0.293390
vt 0.473524 0.270719
vt 0.479799 0.237137
vt 0.456020 0.320694
vt 0.452042 0.315426
vt 0.454431 0.315355
vt 0.442910 0.294021
vt 0.450214 0.293567
vt 0.438864 0.271947
vt 0.433124 0.237574
vt 0.441992 0.236949
vt 0.447857 0.270808
vt 0.493419 0.238399
vt 0.491887 0.237758
vt 0.489133 0.272696
vt 0.482198 0.271613
vt 0.484663 0.293625
vt 0.478675 0.293603
vt 0.479677 0.313031
vt 0.465578 0.326304
vt 0.466217 0.322047
vt 0.470523 0.315844
vt 0.215761 0.815534
vt 0.214563 0.812926
vt 0.415941 0.809738
vn 0.136845 0.171557 -0.975624
vn 0.136845 0.171557 -0.975624
vn 0.136845 0.171557 -0.975624
vn 0.136845 0.171557 -0.975624
vn 0.299467 -0.718911 0.627285
vn 0.299467 -0.718911 0.627285
vn 0.299467 -0.718911 0.627285
vn 0.299467 -0.718911 0.627285
vn 0.167155 -0.960657 0.221806
vn 0.167155 -0.960657 0.221806
vn 0.167155 -0.960657 0.221806
vn 0.167155 -0.960657 0.221806
vn -0.985125 0.115101 -0.127597
vn -0.985125 0.115101 -0.127597
vn -0.985125 0.115101 -0.127597
vn -0.985125 0.115101 -0.127597
vn -0.401368 0.908980 0.112513
vn -0.401368 0.908980 0.112513
vn -0.401368 0.908980 0.112513
vn -0.401368 0.908980 0.112513
vn 0.260631 0.260467 0.929639
vn 0.260631 0.260467 0.929639
vn 0.260631 0.260467 0.929639
vn 0.260631 0.260467 0.929639
vn -0.345156 0.861047 -0.373451
vn -0.345156 0.861047 -0.373451
vn -0.345156 0.861047 -0.373451
vn -0.345156 0.861047 -0.373451
vn -0.519709 -0.797199 -0.307208
vn -0.519709 -0.797199 -0.307208
vn -0.519709 -0.797199 -0.307208
vn -0.519709 -0.797199 -0.307208
vn -0.647398 0.753425 -0.115007
vn -0.647398 0.753425 -0.115007
vn -0.647398 0.753425 -0.115007
vn -0.647398 0.753425 -0.115007
vn -0.351419 0.934291 -0.060042
vn -0.351419 0.934291 -0.060042
vn -0.351419 0.934291 -0.060042
vn -0.351419 0.934291 -0.060042
vn 0.306332 -0.928864 0.208260
vn 0.306332 -0.928864 0.208260
vn 0.306332 -0.928864 0.208260
vn 0.306332 -0.928864 0.208260
vn 0.541070 -0.838164 -0.068733
vn 0.541070 -0.838164 -0.068733
vn 0.541070 -0.838164 -0.068733
vn 0.541070 -0.838164 -0.068733
vn 0.599704 -0.756710 -0.260280
vn 0.599704 -0.756710 -0.260280
vn 0.599704 -0.756710 -0.260280
vn 0.599704 -0.756710 -0.260280
vn 0.462410 -0.852782 -0.242773
vn 0.462410 -0.852782 -0.242773
vn 0.462410 -0.852782 -0.242773
vn 0.462410 -0.852782 -0.242773
vn 0.737382 -0.672731 -0.060839
vn 0.737382 -0.672731 -0.060839
vn 0.737382 -0.672731 -0.060839
vn 0.737382 -0.672731 -0.060839
vn 0.727268 -0.684574 -0.049400
vn 0.727268 -0.684574 -0.049400
vn 0.727268 -0.684574 -0.049400
vn 0.727268 -0.684574 -0.049400
vn 0.723274 -0.688283 -0.056050
vn 0.723274 -0.688283 -0.056050
vn 0.723274 -0.688283 -0.056050
vn 0.723274 -0.688283 -0.056050
vn 0.729693 -0.681284 -0.058312
vn 0.729693 -0.681284 -0.058312
vn 0.729693 -0.681284 -0.058312
vn 0.729693 -0.681284 -0.058312
vn 0.627857 -0.778193 -0.014517
vn 0.627857 -0.778193 -0.014517
vn 0.627857 -0.778193 -0.014517
vn 0.627857 -0.778193 -0.014517
vn 0.565514 -0.784496 -0.254481
vn 0.565514 -0.784496 -0.254481
vn 0.565514 -0.784496 -0.254481
vn 0.565514 -0.784496 -0.254481
vn 0.714174 -0.694343 -0.088567
vn 0.714174 -0.694343 -0.088567
vn 0.714174 -0.694343 -0.088567
vn 0.714174 -0.694343 -0.088567
vn 0.757553 -0.647442 -0.083267
vn 0.757553 -0.647442 -0.083267
vn 0.757553 -0.647442 -0.083267
vn 0.757553 -0.647442 -0.083267
vn 0.734603 -0.672641 -0.088952
vn 0.734603 -0.672641 -0.088952
vn 0.734603 -0.672641 -0.088952
vn 0.734603 -0.672641 -0.088952
vn 0.744539 -0.663000 -0.078064
vn 0.744539 -0.663000 -0.078064
vn 0.744539 -0.663000 -0.078064
vn 0.744539 -0.663000 -0.078064
vn 0.728258 -0.685281 -0.005565
vn 0.728258 -0.685281 -0.005565
vn 0.728258 -0.685281 -0.005565
vn 0.728258 -0.685281 -0.005565
vn 0.764043 -0.644945 -0.016868
vn 0.764043 -0.644945 -0.016868
vn 0.764043 -0.644945 -0.016868
vn 0.764043 -0.644945 -0.016868
vn 0.795485 -0.605121 0.032124
vn 0.795485 -0.605121 0.032124
vn 0.795485 -0.605121 0.032124
vn 0.795485 -0.605121 0.032124
vn 0.488260 -0.853023 -0.184265
vn 0.488260 -0.853023 -0.184265
vn 0.488260 -0.853023 -0.184265
vn 0.488260 -0.853023 -0.184265
vn 0.634982 -0.748018 -0.193044
vn 0.634982 -0.748018 -0.193044
vn 0.634982 -0.748018 -0.193044
vn 0.634982 -0.748018 -0.193044
vn 0.699362 -0.696703 -0.159683
vn 0.699362 -0.696703 -0.159683
vn 0.699362 -0.696703 -0.159683
vn 0.699362 -0.696703 -0.159683
vn 0.767194 -0.630517 -0.117740
vn 0.767194 -0.630517 -0.117740
vn 0.767194 -0.630517 -0.117740
vn 0.767194 -0.630517 -0.117740
vn 0.757844 -0.642458 -0.113672
vn 0.757844 -0.642458 -0.113672
vn 0.757844 -0.642458 -0.113672
vn 0.757844 -0.642458 -0.113672
vn 0.804942 -0.588874 -0.072777
vn 0.804942 -0.588874 -0.072777
vn 0.804942 -0.588874 -0.072777
vn 0.804942 -0.588874 -0.072777
vn 0.805486 -0.591996 -0.027081
vn 0.805486 -0.591996 -0.027081
vn 0.805486 -0.591996 -0.027081
vn 0.805486 -0.591996 -0.027081
vn 0.519402 -0.854320 -0.018953
vn 0.519402 -0.854320 -0.018953
vn 0.519402 -0.854320 -0.018953
vn 0.519402 -0.854320 -0.018953
vn 0.700347 -0.703487 -0.120915
vn 0.700347 -0.703487 -0.120915
vn 0.700347 -0.703487 -0.120915
vn 0.700347 -0.703487 -0.120915
vn 0.764107 -0.636460 -0.105167
vn 0.764107 -0.636460 -0.105167
vn 0.764107 -0.636460 -0.105167
vn 0.764107 -0.636460 -0.105167
vn 0.749214 -0.653054 -0.110449
vn 0.749214 -0.653054 -0.110449
vn 0.749214 -0.653054 -0.110449
vn 0.749214 -0.653054 -0.110449
vn 0.773678 -0.628432 -0.080596
vn 0.773678 -0.628432 -0.080596
vn 0.773678 -0.628432 -0.080596
vn 0.773678 -0.628432 -0.080596
vn 0.783924 -0.620745 -0.011760
vn 0.783924 -0.620745 -0.011760
vn 0.783924 -0.620745 -0.011760
vn 0.783924 -0.620745 -0.011760
vn 0.415953 -0.885984 -0.204974
vn 0.415953 -0.885984 -0.204974
vn 0.415953 -0.885984 -0.204974
vn 0.415953 -0.885984 -0.204974
vn 0.572913 -0.800484 -0.176058
vn 0.572913 -0.800484 -0.176058
vn 0.572913 -0.800484 -0.176058
vn 0.572913 -0.800484 -0.176058
vn 0.694550 -0.701519 -0.159598
vn 0.694550 -0.701519 -0.159598
vn 0.694550 -0.701519 -0.159598
vn 0.694550 -0.701519 -0.159598
vn 0.771840 -0.627175 -0.104469
vn 0.771840 -0.627175 -0.104469
vn 0.771840 -0.627175 -0.104469
vn 0.771840 -0.627175 -0.104469
vn 0.771844 -0.631638 -0.072729
vn 0.771844 -0.631638 -0.072729
vn 0.771844 -0.631638 -0.072729
vn 0.771844 -0.631638 -0.072729
vn 0.805050 -0.592536 -0.028204
vn 0.805050 -0.592536 -0.028204
vn 0.805050 -0.592536 -0.028204
vn 0.805050 -0.592536 -0.028204
vn 0.794576 -0.607165 -0.000424
vn 0.794576 -0.607165 -0.000424
vn 0.794576 -0.607165 -0.000424
vn 0.794576 -0.607165 -0.000424
vn 0.332960 -0.933944 -0.129946
vn 0.332960 -0.933944 -0.129946
vn 0.332960 -0.933944 -0.129946
vn 0.332960 -0.933944 -0.129946
vn 0.497457 -0.859093 -0.120395
vn 0.497457 -0.859093 -0.120395
vn 0.497457 -0.859093 -0.120395
vn 0.497457 -0.859093 -0.120395
vn 0.657121 -0.747836 -0.094515
vn 0.657121 -0.747836 -0.094515
vn 0.657121 -0.747836 -0.094515
vn 0.657121 -0.747836 -0.094515
vn 0.774662 -0.628841 -0.066774
vn 0.774662 -0.628841 -0.066774
vn 0.774662 -0.628841 -0.066774
vn 0.774662 -0.628841 -0.066774
vn 0.794343 -0.606926 -0.025714
vn 0.794343 -0.606926 -0.025714
vn 0.794343 -0.606926 -0.025714
vn 0.794343 -0.606926 -0.025714
vn 0.806914 -0.590648 0.005063
vn 0.806914 -0.590648 0.005063
vn 0.806914 -0.590648 0.005063
vn 0.806914 -0.590648 0.005063
vn 0.794589 -0.607092 -0.008230
vn 0.794589 -0.607092 -0.008230
vn 0.794589 -0.607092 -0.008230
vn 0.794589 -0.607092 -0.008230
vn 0.617823 -0.771325 -0.152818
vn 0.617823 -0.771325 -0.152818
vn 0.617823 -0.771325 -0.152818
vn 0.617823 -0.771325 -0.152818
vn 0.617628 -0.771155 -0.154454
vn 0.617628 -0.771155 -0.154454
vn 0.617628 -0.771155 -0.154454
vn 0.617628 -0.771155 -0.154454
vn 0.591334 -0.788438 -0.169380
vn 0.591334 -0.788438 -0.169380
vn 0.591334 -0.788438 -0.169380
vn 0.591334 -0.788438 -0.169380
vn 0.628366 -0.745386 -0.222610
vn 0.628366 -0.745386 -0.222610
vn 0.628366 -0.745386 -0.222610
vn 0.628366 -0.745386 -0.222610
vn 0.400129 -0.906687 0.133473
vn 0.400129 -0.906687 0.133473
vn 0.400129 -0.906687 0.133473
vn 0.400129 -0.906687 0.133473
vn 0.310965 -0.922205 -0.229865
vn 0.310965 -0.922205 -0.229865
vn 0.310965 -0.922205 -0.229865
vn 0.310965 -0.922205 -0.229865
vn 0.710772 -0.684874 -0.160468
vn 0.710772 -0.684874 -0.160468
vn 0.710772 -0.684874 -0.160468
vn 0.710772 -0.684874 -0.160468
vn 0.548166 -0.826232 -0.129825
vn 0.548166 -0.826232 -0.129825
vn 0.548166 -0.826232 -0.129825
vn 0.548166 -0.826232 -0.129825
vn -0.679992 0.667517 0.303368
vn -0.679992 0.667517 0.303368
vn -0.679992 0.667517 0.303368
vn -0.679992 0.667517 0.303368
vn -0.654110 0.685450 0.319842
vn -0.654110 0.685450 0.319842
vn -0.654110 0.685450 0.319842
vn -0.654110 0.685450 0.319842
vn -0.445115 0.645268 0.620887
vn -0.445115 0.645268 0.620887
vn -0.445115 0.645268 0.620887
vn -0.445115 0.645268 0.620887
vn -0.441704 0.542772 0.714350
vn -0.441704 0.542772 0.714350
vn -0.441704 0.542772 0.714350
vn -0.441704 0.542772 0.714350
vn -0.571972 0.761170 0.305725
vn -0.571972 0.761170 0.305725
vn -0.571972 0.761170 0.305725
vn -0.571972 0.761170 0.305725
vn -0.591431 0.755408 0.282078
vn -0.591431 0.755408 0.282078
vn -0.591431 0.755408 0.282078
vn -0.591431 0.755408 0.282078
vn -0.651410 0.726684 0.218165
vn -0.651410 0.726684 0.218165
vn -0.651410 0.726684 0.218165
vn -0.651410 0.726684 0.218165
vn -0.913423 0.406684 -0.016321
vn -0.913423 0.406684 -0.016321
vn -0.913423 0.406684 -0.016321
vn -0.913423 0.406684 -0.016321
vn -0.135587 0.856311 0.498345
vn -0.135587 0.856311 0.498345
vn -0.135587 0.856311 0.498345
vn -0.135587 0.856311 0.498345
vn -0.520746 0.825915 0.216073
vn -0.520746 0.825915 0.216073
vn -0.520746 0.825915 0.216073
vn -0.520746 0.825915 0.216073
vn -0.630564 0.759465 0.160005
vn -0.630564 0.759465 0.160005
vn -0.630564 0.759465 0.160005
vn -0.630564 0.759465 0.160005
vn -0.671091 0.731071 0.123176
vn -0.671091 0.731071 0.123176
vn -0.671091 0.731071 0.123176
vn -0.671091 0.731071 0.123176
vn -0.232588 0.941500 0.243886
vn -0.232588 0.941500 0.243886
vn -0.232588 0.941500 0.243886
vn -0.232588 0.941500 0.243886
vn -0.672473 0.738452 0.049676
vn -0.672473 0.738452 0.049676
vn -0.672473 0.738452 0.049676
vn -0.672473 0.738452 0.049676
vn -0.738721 0.620984 0.262051
vn -0.738721 0.620984 0.262051
vn -0.738721 0.620984 0.262051
vn -0.738721 0.620984 0.262051
vn -0.340180 0.916291 0.211395
vn -0.340180 0.916291 0.211395
vn -0.340180 0.916291 0.211395
vn -0.340180 0.916291 0.211395
vn -0.405677 0.881845 0.240365
vn -0.405677 0.881845 0.240365
vn -0.405677 0.881845 0.240365
vn -0.405677 0.881845 0.240365
vn -0.509556 0.839276 0.189654
vn -0.509556 0.839276 0.189654
vn -0.509556 0.839276 0.189654
vn -0.509556 0.839276 0.189654
vn -0.642260 0.753992 0.137832
vn -0.642260 0.753992 0.137832
vn -0.642260 0.753992 0.137832
vn -0.642260 0.753992 0.137832
vn -0.732308 0.673512 0.100532
vn -0.732308 0.673512 0.100532
vn -0.732308 0.673512 0.100532
vn -0.732308 0.673512 0.100532
vn -0.828280 0.557048 0.060413
vn -0.828280 0.557048 0.060413
vn -0.828280 0.557048 0.060413
vn -0.828280 0.557048 0.060413
vn -0.914429 0.402317 0.044285
vn -0.914429 0.402317 0.044285
vn -0.914429 0.402317 0.044285
vn -0.914429 0.402317 0.044285
vn -0.481099 0.660521 0.576416
vn -0.481099 0.660521 0.576416
vn -0.481099 0.660521 0.576416
vn -0.481099 0.660521 0.576416
vn -0.517016 0.832940 0.197243
vn -0.517016 0.832940 0.197243
vn -0.517016 0.832940 0.197243
vn -0.517016 0.832940 0.197243
vn -0.638382 0.756749 0.140713
vn -0.638382 0.756749 0.140713
vn -0.638382 0.756749 0.140713
vn -0.638382 0.756749 0.140713
vn -0.821407 0.569876 0.023064
vn -0.821407 0.569876 0.023064
vn -0.821407 0.569876 0.023064
vn -0.821407 0.569876 0.023064
vn -0.917339 0.397909 -0.012574
vn -0.917339 0.397909 -0.012574
vn -0.917339 0.397909 -0.012574
vn -0.917339 0.397909 -0.012574
vn -0.376959 0.890175 0.255913
vn -0.376959 0.890175 0.255913
vn -0.376959 0.890175 0.255913
vn -0.376959 0.890175 0.255913
vn -0.410466 0.886797 0.212388
vn -0.410466 0.886797 0.212388
vn -0.410466 0.886797 0.212388
vn -0.410466 0.886797 0.212388
vn -0.494483 0.851226 0.175789
vn -0.494483 0.851226 0.175789
vn -0.494483 0.851226 0.175789
vn -0.494483 0.851226 0.175789
vn -0.631021 0.764338 0.132668
vn -0.631021 0.764338 0.132668
vn -0.631021 0.764338 0.132668
vn -0.631021 0.764338 0.132668
vn -0.732943 0.673413 0.096490
vn -0.732943 0.673413 0.096490
vn -0.732943 0.673413 0.096490
vn -0.732943 0.673413 0.096490
vn -0.810690 0.581124 0.071252
vn -0.810690 0.581124 0.071252
vn -0.810690 0.581124 0.071252
vn -0.810690 0.581124 0.071252
vn -0.891475 0.449290 0.058397
vn -0.891475 0.449290 0.058397
vn -0.891475 0.449290 0.058397
vn -0.891475 0.449290 0.058397
vn -0.322644 0.936797 0.135321
vn -0.322644 0.936797 0.135321
vn -0.322644 0.936797 0.135321
vn -0.322644 0.936797 0.135321
vn -0.390496 0.907251 0.156231
vn -0.390496 0.907251 0.156231
vn -0.390496 0.907251 0.156231
vn -0.390496 0.907251 0.156231
vn -0.463854 0.873154 0.149806
vn -0.463854 0.873154 0.149806
vn -0.463854 0.873154 0.149806
vn -0.463854 0.873154 0.149806
vn -0.613448 0.780529 0.120230
vn -0.613448 0.780529 0.120230
vn -0.613448 0.780529 0.120230
vn -0.613448 0.780529 0.120230
vn -0.715717 0.691857 0.095303
vn -0.715717 0.691857 0.095303
vn -0.715717 0.691857 0.095303
vn -0.715717 0.691857 0.095303
vn -0.786093 0.612686 0.081694
vn -0.786093 0.612686 0.081694
vn -0.786093 0.612686 0.081694
vn -0.786093 0.612686 0.081694
vn -0.859113 0.498625 0.115320
vn -0.859113 0.498625 0.115320
vn -0.859113 0.498625 0.115320
vn -0.859113 0.498625 0.115320
vn -0.396881 0.881491 0.255849
vn -0.396881 0.881491 0.255849
vn -0.396881 0.881491 0.255849
vn -0.396881 0.881491 0.255849
vn -0.381974 0.873223 0.302617
vn -0.381974 0.873223 0.302617
vn -0.381974 0.873223 0.302617
vn -0.381974 0.873223 0.302617
vn -0.433809 0.849858 0.299250
vn -0.433809 0.849858 0.299250
vn -0.433809 0.849858 0.299250
vn -0.433809 0.849858 0.299250
vn -0.748681 0.526939 0.402258
vn -0.748681 0.526939 0.402258
vn -0.748681 0.526939 0.402258
vn -0.748681 0.526939 0.402258
vn -0.659170 0.595907 0.458683
vn -0.659170 0.595907 0.458683
vn -0.659170 0.595907 0.458683
vn -0.659170 0.595907 0.458683
vn -0.043547 0.901561 0.430455
vn -0.043547 0.901561 0.430455
vn -0.043547 0.901561 0.430455
vn -0.043547 0.901561 0.430455
vn -0.031630 0.916235 0.399390
vn -0.031630 0.916235 0.399390
vn -0.031630 0.916235 0.399390
vn -0.031630 0.916235 0.399390
vn -0.497140 -0.867611 0.010163
vn -0.497140 -0.867611 0.010163
vn -0.497140 -0.867611 0.010163
vn -0.497140 -0.867611 0.010163
vn 0.507484 -0.718281 0.475954
vn 0.507484 -0.718281 0.475954
vn 0.507484 -0.718281 0.475954
vn 0.507484 -0.718281 0.475954
vn 0.305839 -0.798757 0.518122
vn 0.305839 -0.798757 0.518122
vn 0.305839 -0.798757 0.518122
vn 0.305839 -0.798757 0.518122
vn 0.940948 -0.047479 0.335206
vn 0.940948 -0.047479 0.335206
vn 0.940948 -0.047479 0.335206
vn 0.940948 -0.047479 0.335206
vn 0.892582 0.139185 0.428865
vn 0.892582 0.139185 0.428865
vn 0.892582 0.139185 0.428865
vn 0.892582 0.139185 0.428865
vn 0.807219 0.336085 0.485227
vn 0.807219 0.336085 0.485227
vn 0.807219 0.336085 0.485227
vn 0.807219 0.336085 0.485227
vn -0.508905 -0.758556 -0.406950
vn -0.508905 -0.758556 -0.406950
vn -0.508905 -0.758556 -0.406950
vn -0.508905 -0.758556 -0.406950
vn 0.391106 0.882107 0.262534
vn 0.391106 0.882107 0.262534
vn 0.391106 0.882107 0.262534
vn 0.391106 0.882107 0.262534
vn -0.549516 -0.788470 -0.276310
vn -0.549516 -0.788470 -0.276310
vn -0.549516 -0.788470 -0.276310
vn -0.549516 -0.788470 -0.276310
vn -0.161590 -0.858513 0.486666
vn -0.161590 -0.858513 0.486666
vn -0.161590 -0.858513 0.486666
vn -0.161590 -0.858513 0.486666
vn -0.526581 -0.795860 -0.298864
vn -0.526581 -0.795860 -0.298864
vn -0.526581 -0.795860 -0.298864
vn -0.526581 -0.795860 -0.298864
vn 0.630049 0.647465 0.428751
vn 0.630049 0.647465 0.428751
vn 0.630049 0.647465 0.428751
vn 0.630049 0.647465 0.428751
vn -0.560360 -0.783458 -0.268680
vn -0.560360 -0.783458 -0.268680
vn -0.560360 -0.783458 -0.268680
vn -0.560360 -0.783458 -0.268680
vn 0.840922 0.508650 0.184731
vn 0.840922 0.508650 0.184731
vn 0.840922 0.508650 0.184731
vn 0.840922 0.508650 0.184731
vn -0.564801 -0.781508 -0.265036
vn -0.564801 -0.781508 -0.265036
vn -0.564801 -0.781508 -0.265036
vn -0.564801 -0.781508 -0.265036
vn -0.406971 -0.897486 0.169981
vn -0.406971 -0.897486 0.169981
vn -0.406971 -0.897486 0.169981
vn -0.406971 -0.897486 0.169981
vn 0.544548 -0.123753 0.829550
vn 0.544548 -0.123753 0.829550
vn 0.544548 -0.123753 0.829550
vn 0.544548 -0.123753 0.829550
vn -0.224453 -0.974023 -0.030004
vn -0.224453 -0.974023 -0.030004
vn -0.224453 -0.974023 -0.030004
vn -0.224453 -0.974023 -0.030004
vn 0.364810 -0.684106 0.631595
vn 0.364810 -0.684106 0.631595
vn 0.364810 -0.684106 0.631595
vn 0.364810 -0.684106 0.631595
vn 0.855843 -0.404410 0.322467
vn 0.855843 -0.404410 0.322467
vn 0.855843 -0.404410 0.322467
vn 0.855843 -0.404410 0.322467
vn 0.926901 0.175795 0.331588
vn 0.926901 0.175795 0.331588
vn 0.926901 0.175795 0.331588
vn 0.926901 0.175795 0.331588
vn -0.419431 0.907714 0.011515
vn -0.419431 0.907714 0.011515
vn -0.419431 0.907714 0.011515
vn -0.419431 0.907714 0.011515
vn -0.724865 0.685430 0.068965
vn -0.724865 0.685430 0.068965
vn -0.724865 0.685430 0.068965
vn -0.724865 0.685430 0.068965
vn -0.620988 0.774109 0.122998
vn -0.620988 0.774109 0.122998
vn -0.620988 0.774109 0.122998
vn -0.620988 0.774109 0.122998
vn -0.579724 0.814394 0.026126
vn -0.579724 0.814394 0.026126
vn -0.579724 0.814394 0.026126
vn -0.579724 0.814394 0.026126
vn -0.646157 0.760477 -0.064467
vn -0.646157 0.760477 -0.064467
vn -0.646157 0.760477 -0.064467
vn -0.646157 0.760477 -0.064467
vn -0.580679 0.812965 0.043593
vn -0.580679 0.812965 0.043593
vn -0.580679 0.812965 0.043593
vn -0.580679 0.812965 0.043593
vn 0.642775 -0.734716 0.216870
vn 0.642775 -0.734716 0.216870
vn 0.642775 -0.734716 0.216870
vn 0.642775 -0.734716 0.216870
vn 0.448100 -0.867105 0.217567
vn 0.448100 -0.867105 0.217567
vn 0.448100 -0.867105 0.217567
vn 0.448100 -0.867105 0.217567
vn 0.713509 0.148578 0.684711
vn 0.713509 0.148578 0.684711
vn 0.713509 0.148578 0.684711
vn 0.713509 0.148578 0.684711
vn 0.701769 0.402941 0.587503
vn 0.701769 0.402941 0.587503
vn 0.701769 0.402941 0.587503
vn 0.701769 0.402941 0.587503
vn 0.730334 -0.375424 0.570675
vn 0.730334 -0.375424 0.570675
vn 0.730334 -0.375424 0.570675
vn 0.730334 -0.375424 0.570675
vn 0.738534 -0.467915 0.485410
vn 0.738534 -0.467915 0.485410
vn 0.738534 -0.467915 0.485410
vn 0.738534 -0.467915 0.485410
vn 0.597408 -0.777749 0.195475
vn 0.597408 -0.777749 0.195475
vn 0.597408 -0.777749 0.195475
vn 0.597408 -0.777749 0.195475
vn -0.415076 0.897591 0.148463
vn -0.415076 0.897591 0.148463
vn -0.415076 0.897591 0.148463
vn -0.415076 0.897591 0.148463
vn 0.511180 0.161798 0.844107
vn 0.511180 0.161798 0.844107
vn 0.511180 0.161798 0.844107
vn 0.511180 0.161798 0.844107
vn 0.405884 -0.741205 0.534671
vn 0.405884 -0.741205 0.534671
vn 0.405884 -0.741205 0.534671
vn 0.405884 -0.741205 0.534671
vn 0.264502 -0.759125 0.594784
vn 0.264502 -0.759125 0.594784
vn 0.264502 -0.759125 0.594784
vn 0.264502 -0.759125 0.594784
vn 0.707426 -0.685542 0.171987
vn 0.707426 -0.685542 0.171987
vn 0.707426 -0.685542 0.171987
vn 0.707426 -0.685542 0.171987
vn -0.512626 0.499353 0.698471
vn -0.512626 0.499353 0.698471
vn -0.512626 0.499353 0.698471
vn -0.512626 0.499353 0.698471
vn 0.571605 -0.303152 0.762474
vn 0.571605 -0.303152 0.762474
vn 0.571605 -0.303152 0.762474
vn 0.571605 -0.303152 0.762474
vn 0.559010 -0.670882 0.487264
vn 0.559010 -0.670882 0.487264
vn 0.559010 -0.670882 0.487264
vn 0.559010 -0.670882 0.487264
vn 0.634625 -0.369166 0.678946
vn 0.634625 -0.369166 0.678946
vn 0.634625 -0.369166 0.678946
vn 0.634625 -0.369166 0.678946
vn 0.651856 -0.747407 0.128324
vn 0.651856 -0.747407 0.128324
vn 0.651856 -0.747407 0.128324
vn 0.651856 -0.747407 0.128324
vn -0.762076 0.458507 0.457178
vn -0.762076 0.458507 0.457178
vn -0.762076 0.458507 0.457178
vn -0.762076 0.458507 0.457178
vn 0.630364 -0.310297 0.711587
vn 0.630364 -0.310297 0.711587
vn 0.630364 -0.310297 0.711587
vn 0.630364 -0.310297 0.711587
vn 0.745284 -0.544001 0.385505
vn 0.745284 -0.544001 0.385505
vn 0.745284 -0.544001 0.385505
vn 0.745284 -0.544001 0.385505
vn 0.587563 -0.344302 0.732275
vn 0.587563 -0.344302 0.732275
vn 0.587563 -0.344302 0.732275
vn 0.587563 -0.344302 0.732275
vn 0.784943 -0.576358 0.227325
vn 0.784943 -0.576358 0.227325
vn 0.784943 -0.576358 0.227325
vn 0.784943 -0.576358 0.227325
vn 0.485439 -0.282403 0.827404
vn 0.485439 -0.282403 0.827404
vn 0.485439 -0.282403 0.827404
vn 0.485439 -0.282403 0.827404
vn 0.772836 -0.524860 0.356716
vn 0.772836 -0.524860 0.356716
vn 0.772836 -0.524860 0.356716
vn 0.772836 -0.524860 0.356716
vn 0.675304 -0.367754 0.639314
vn 0.675304 -0.367754 0.639314
vn 0.675304 -0.367754 0.639314
vn 0.675304 -0.367754 0.639314
vn 0.804704 -0.515197 0.294999
vn 0.804704 -0.515197 0.294999
vn 0.804704 -0.515197 0.294999
vn 0.804704 -0.515197 0.294999
vn -0.781594 0.584878 0.216861
vn -0.781594 0.584878 0.216861
vn -0.781594 0.584878 0.216861
vn -0.781594 0.584878 0.216861
vn 0.239898 0.093785 0.966257
vn 0.239898 0.093785 0.966257
vn 0.239898 0.093785 0.966257
vn 0.239898 0.093785 0.966257
vn 0.806718 -0.388666 0.445135
vn 0.806718 -0.388666 0.445135
vn 0.806718 -0.388666 0.445135
vn 0.806718 -0.388666 0.445135
vn 0.828676 -0.470542 0.303126
vn 0.828676 -0.470542 0.303126
vn 0.828676 -0.470542 0.303126
vn 0.828676 -0.470542 0.303126
vn -0.877863 0.472659 -0.077141
vn -0.877863 0.472659 -0.077141
vn -0.877863 0.472659 -0.077141
vn -0.877863 0.472659 -0.077141
vn -0.834674 0.516262 0.191818
vn -0.834674 0.516262 0.191818
vn -0.834674 0.516262 0.191818
vn -0.834674 0.516262 0.191818
vn 0.334339 0.128671 0.933628
vn 0.334339 0.128671 0.933628
vn 0.334339 0.128671 0.933628
vn 0.334339 0.128671 0.933628
vn 0.871079 -0.393378 0.294067
vn 0.871079 -0.393378 0.294067
vn 0.871079 -0.393378 0.294067
vn 0.871079 -0.393378 0.294067
vn 0.412017 -0.758178 -0.505379
vn 0.412017 -0.758178 -0.505379
vn 0.412017 -0.758178 -0.505379
vn 0.412017 -0.758178 -0.505379
vn -0.896573 0.441783 0.031381
vn -0.896573 0.441783 0.031381
vn -0.896573 0.441783 0.031381
vn -0.896573 0.441783 0.031381
vn -0.853916 0.485441 0.187550
vn -0.853916 0.485441 0.187550
vn -0.853916 0.485441 0.187550
vn -0.853916 0.485441 0.187550
vn 0.443163 0.124456 0.887760
vn 0.443163 0.124456 0.887760
vn 0.443163 0.124456 0.887760
vn 0.443163 0.124456 0.887760
vn 0.843809 -0.252195 0.473693
vn 0.843809 -0.252195 0.473693
vn 0.843809 -0.252195 0.473693
vn 0.843809 -0.252195 0.473693
vn -0.684363 -0.194558 -0.702706
vn -0.684363 -0.194558 -0.702706
vn -0.684363 -0.194558 -0.702706
vn -0.684363 -0.194558 -0.702706
vn -0.903168 0.427482 0.039337
vn -0.903168 0.427482 0.039337
vn -0.903168 0.427482 0.039337
vn -0.903168 0.427482 0.039337
vn -0.837814 0.507902 0.200255
vn -0.837814 0.507902 0.200255
vn -0.837814 0.507902 0.200255
vn -0.837814 0.507902 0.200255
vn 0.509825 0.213716 0.833309
vn 0.509825 0.213716 0.833309
vn 0.509825 0.213716 0.833309
vn 0.509825 0.213716 0.833309
vn 0.879716 -0.397221 0.261373
vn 0.879716 -0.397221 0.261373
vn 0.879716 -0.397221 0.261373
vn 0.879716 -0.397221 0.261373
vn 0.879655 -0.232675 0.414813
vn 0.879655 -0.232675 0.414813
vn 0.879655 -0.232675 0.414813
vn 0.879655 -0.232675 0.414813
vn 0.895555 -0.383349 0.225887
vn 0.895555 -0.383349 0.225887
vn 0.895555 -0.383349 0.225887
vn 0.895555 -0.383349 0.225887
vn 0.454349 -0.777541 -0.434737
vn 0.454349 -0.777541 -0.434737
vn 0.454349 -0.777541 -0.434737
vn 0.454349 -0.777541 -0.434737
vn -0.813146 -0.123951 -0.568709
vn -0.813146 -0.123951 -0.568709
vn -0.813146 -0.123951 -0.568709
vn -0.813146 -0.123951 -0.568709
vn 0.866470 -0.429864 0.253865
vn 0.866470 -0.429864 0.253865
vn 0.866470 -0.429864 0.253865
vn 0.866470 -0.429864 0.253865
vn 0.457998 -0.867572 -0.193796
vn 0.457998 -0.867572 -0.193796
vn 0.457998 -0.867572 -0.193796
vn 0.457998 -0.867572 -0.193796
vn 0.335312 0.032690 0.941540
vn 0.335312 0.032690 0.941540
vn 0.335312 0.032690 0.941540
vn 0.335312 0.032690 0.941540
vn 0.905764 -0.288361 0.310547
vn 0.905764 -0.288361 0.310547
vn 0.905764 -0.288361 0.310547
vn 0.905764 -0.288361 0.310547
vn 0.842816 -0.483699 0.236001
vn 0.842816 -0.483699 0.236001
vn 0.842816 -0.483699 0.236001
vn 0.842816 -0.483699 0.236001
vn 0.883353 -0.405480 0.235105
vn 0.883353 -0.405480 0.235105
vn 0.883353 -0.405480 0.235105
vn 0.883353 -0.405480 0.235105
vn 0.861933 -0.453204 0.227327
vn 0.861933 -0.453204 0.227327
vn 0.861933 -0.453204 0.227327
vn 0.861933 -0.453204 0.227327
vn 0.869048 -0.479975 0.119917
vn 0.869048 -0.479975 0.119917
vn 0.869048 -0.479975 0.119917
vn 0.869048 -0.479975 0.119917
vn 0.860952 -0.502105 0.081565
vn 0.860952 -0.502105 0.081565
vn 0.860952 -0.502105 0.081565
vn 0.860952 -0.502105 0.081565
vn 0.833767 -0.551673 0.022122
vn 0.833767 -0.551673 0.022122
vn 0.833767 -0.551673 0.022122
vn 0.833767 -0.551673 0.022122
vn 0.771016 -0.624994 -0.122133
vn 0.771016 -0.624994 -0.122133
vn 0.771016 -0.624994 -0.122133
vn 0.771016 -0.624994 -0.122133
vn 0.750312 -0.621078 -0.226481
vn 0.750312 -0.621078 -0.226481
vn 0.750312 -0.621078 -0.226481
vn 0.750312 -0.621078 -0.226481
vn 0.775482 -0.599607 -0.197732
vn 0.775482 -0.599607 -0.197732
vn 0.775482 -0.599607 -0.197732
vn 0.775482 -0.599607 -0.197732
vn 0.575363 -0.548814 0.606432
vn 0.575363 -0.548814 0.606432
vn 0.575363 -0.548814 0.606432
vn 0.575363 -0.548814 0.606432
vn 0.517258 -0.658868 0.546202
vn 0.517258 -0.658868 0.546202
vn 0.517258 -0.658868 0.546202
vn 0.517258 -0.658868 0.546202
vn 0.699126 -0.546842 0.460636
vn 0.699126 -0.546842 0.460636
vn 0.699126 -0.546842 0.460636
vn 0.699126 -0.546842 0.460636
vn 0.588714 -0.463316 0.662386
vn 0.588714 -0.463316 0.662386
vn 0.588714 -0.463316 0.662386
vn 0.588714 -0.463316 0.662386
vn 0.531220 0.185898 0.826588
vn 0.531220 0.185898 0.826588
vn 0.531220 0.185898 0.826588
vn 0.531220 0.185898 0.826588
vn 0.065991 0.862010 0.502577
vn 0.065991 0.862010 0.502577
vn 0.065991 0.862010 0.502577
vn 0.065991 0.862010 0.502577
vn -0.816813 0.563306 -0.124511
vn -0.816813 0.563306 -0.124511
vn -0.816813 0.563306 -0.124511
vn -0.816813 0.563306 -0.124511
vn -0.750749 0.626570 0.209252
vn -0.750749 0.626570 0.209252
vn -0.750749 0.626570 0.209252
vn -0.750749 0.626570 0.209252
vn -0.122166 -0.154972 0.980336
vn -0.122166 -0.154972 0.980336
vn -0.122166 -0.154972 0.980336
vn -0.122166 -0.154972 0.980336
vn -0.811257 0.580388 -0.070794
vn -0.811257 0.580388 -0.070794
vn -0.811257 0.580388 -0.070794
vn -0.811257 0.580388 -0.070794
vn -0.986011 -0.096335 -0.136019
vn -0.986011 -0.096335 -0.136019
vn -0.986011 -0.096335 -0.136019
vn -0.986011 -0.096335 -0.136019
vn -0.052744 -0.836159 0.545945
vn -0.052744 -0.836159 0.545945
vn -0.052744 -0.836159 0.545945
vn -0.052744 -0.836159 0.545945
vn 0.561802 -0.537234 0.629093
vn 0.561802 -0.537234 0.629093
vn 0.561802 -0.537234 0.629093
vn 0.561802 -0.537234 0.629093
vn 0.633301 -0.657299 0.408520
vn 0.633301 -0.657299 0.408520
vn 0.633301 -0.657299 0.408520
vn 0.633301 -0.657299 0.408520
vn 0.887111 -0.326094 0.326644
vn 0.887111 -0.326094 0.326644
vn 0.887111 -0.326094 0.326644
vn 0.887111 -0.326094 0.326644
vn 0.745976 -0.154406 0.647827
vn 0.745976 -0.154406 0.647827
vn 0.745976 -0.154406 0.647827
vn 0.745976 -0.154406 0.647827
vn 0.858218 0.196566 0.474155
vn 0.858218 0.196566 0.474155
vn 0.858218 0.196566 0.474155
vn 0.858218 0.196566 0.474155
vn -0.235260 0.945301 -0.225961
vn -0.235260 0.945301 -0.225961
vn -0.235260 0.945301 -0.225961
vn -0.235260 0.945301 -0.225961
vn -0.831958 0.546678 -0.094807
vn -0.831958 0.546678 -0.094807
vn -0.831958 0.546678 -0.094807
vn -0.831958 0.546678 -0.094807
vn -0.791232 0.604524 -0.092210
vn -0.791232 0.604524 -0.092210
vn -0.791232 0.604524 -0.092210
vn -0.791232 0.604524 -0.092210
vn -0.141670 -0.820860 0.553280
vn -0.141670 -0.820860 0.553280
vn -0.141670 -0.820860 0.553280
vn -0.141670 -0.820860 0.553280
vn 0.479123 -0.624080 0.617224
vn 0.479123 -0.624080 0.617224
vn 0.479123 -0.624080 0.617224
vn 0.479123 -0.624080 0.617224
vn 0.746409 -0.597580 0.292870
vn 0.746409 -0.597580 0.292870
vn 0.746409 -0.597580 0.292870
vn 0.746409 -0.597580 0.292870
vn 0.780143 -0.551108 0.296069
vn 0.780143 -0.551108 0.296069
vn 0.780143 -0.551108 0.296069
vn 0.780143 -0.551108 0.296069
vn 0.736346 -0.228123 0.636988
vn 0.736346 -0.228123 0.636988
vn 0.736346 -0.228123 0.636988
vn 0.736346 -0.228123 0.636988
vn 0.823788 -0.019500 0.566563
vn 0.823788 -0.019500 0.566563
vn 0.823788 -0.019500 0.566563
vn 0.823788 -0.019500 0.566563
vn -0.890702 0.417368 0.180148
vn -0.890702 0.417368 0.180148
vn -0.890702 0.417368 0.180148
vn -0.890702 0.417368 0.180148
vn 0.061612 -0.216048 0.974437
vn 0.061612 -0.216048 0.974437
vn 0.061612 -0.216048 0.974437
vn 0.061612 -0.216048 0.974437
vn 0.708325 -0.409832 0.574729
vn 0.708325 -0.409832 0.574729
vn 0.708325 -0.409832 0.574729
vn 0.708325 -0.409832 0.574729
vn 0.805632 -0.514611 0.293482
vn 0.805632 -0.514611 0.293482
vn 0.805632 -0.514611 0.293482
vn 0.805632 -0.514611 0.293482
vn 0.829207 -0.481525 0.283812
vn 0.829207 -0.481525 0.283812
vn 0.829207 -0.481525 0.283812
vn 0.829207 -0.481525 0.283812
vn 0.843709 -0.273936 0.461644
vn 0.843709 -0.273936 0.461644
vn 0.843709 -0.273936 0.461644
vn 0.843709 -0.273936 0.461644
vn 0.538007 0.486091 0.688668
vn 0.538007 0.486091 0.688668
vn 0.538007 0.486091 0.688668
vn 0.538007 0.486091 0.688668
vn -0.992582 0.088837 0.082997
vn -0.992582 0.088837 0.082997
vn -0.992582 0.088837 0.082997
vn -0.992582 0.088837 0.082997
vn -0.216188 -0.583141 0.783076
vn -0.216188 -0.583141 0.783076
vn -0.216188 -0.583141 0.783076
vn -0.216188 -0.583141 0.783076
vn 0.829902 -0.403602 0.385185
vn 0.829902 -0.403602 0.385185
vn 0.829902 -0.403602 0.385185
vn 0.829902 -0.403602 0.385185
vn 0.458582 0.858619 -0.229076
vn 0.458582 0.858619 -0.229076
vn 0.458582 0.858619 -0.229076
vn 0.458582 0.858619 -0.229076
vn -0.817584 -0.452456 0.356146
vn -0.817584 -0.452456 0.356146
vn -0.817584 -0.452456 0.356146
vn -0.817584 -0.452456 0.356146
vn -0.253492 -0.732889 0.631360
vn -0.253492 -0.732889 0.631360
vn -0.253492 -0.732889 0.631360
vn -0.253492 -0.732889 0.631360
vn 0.862075 -0.278018 0.423713
vn 0.862075 -0.278018 0.423713
vn 0.862075 -0.278018 0.423713
vn 0.862075 -0.278018 0.423713
vn 0.591478 0.557091 0.582927
vn 0.591478 0.557091 0.582927
vn 0.591478 0.557091 0.582927
vn 0.591478 0.557091 0.582927
vn -0.094597 0.995407 -0.014694
vn -0.094597 0.995407 -0.014694
vn -0.094597 0.995407 -0.014694
vn -0.094597 0.995407 -0.014694
vn 0.718626 -0.599743 0.351973
vn 0.718626 -0.599743 0.351973
vn 0.718626 -0.599743 0.351973
vn 0.718626 -0.599743 0.351973
vn 0.800964 -0.573439 0.172120
vn 0.800964 -0.573439 0.172120
vn 0.800964 -0.573439 0.172120
vn 0.800964 -0.573439 0.172120
vn 0.784902 -0.542812 0.298804
vn 0.784902 -0.542812 0.298804
vn 0.784902 -0.542812 0.298804
vn 0.784902 -0.542812 0.298804
vn 0.746934 -0.513122 0.422841
vn 0.746934 -0.513122 0.422841
vn 0.746934 -0.513122 0.422841
vn 0.746934 -0.513122 0.422841
vn 0.738421 -0.605554 0.296714
vn 0.738421 -0.605554 0.296714
vn 0.738421 -0.605554 0.296714
vn 0.738421 -0.605554 0.296714
vn 0.779845 -0.545494 0.307047
vn 0.779845 -0.545494 0.307047
vn 0.779845 -0.545494 0.307047
vn 0.779845 -0.545494 0.307047
vn 0.832508 -0.477737 0.280531
vn 0.832508 -0.477737 0.280531
vn 0.832508 -0.477737 0.280531
vn 0.832508 -0.477737 0.280531
vn 0.470159 -0.671849 0.572337
vn 0.470159 -0.671849 0.572337
vn 0.470159 -0.671849 0.572337
vn 0.470159 -0.671849 0.572337
vn -0.951729 0.281681 0.121932
vn -0.951729 0.281681 0.121932
vn -0.951729 0.281681 0.121932
vn -0.951729 0.281681 0.121932
vn -0.811013 -0.421184 0.406033
vn -0.811013 -0.421184 0.406033
vn -0.811013 -0.421184 0.406033
vn -0.811013 -0.421184 0.406033
vn -0.470878 -0.703020 0.532950
vn -0.470878 -0.703020 0.532950
vn -0.470878 -0.703020 0.532950
vn -0.470878 -0.703020 0.532950
vn 0.808300 -0.403201 0.429046
vn 0.808300 -0.403201 0.429046
vn 0.808300 -0.403201 0.429046
vn 0.808300 -0.403201 0.429046
vn 0.876377 -0.410396 0.252070
vn 0.876377 -0.410396 0.252070
vn 0.876377 -0.410396 0.252070
vn 0.876377 -0.410396 0.252070
vn 0.904783 -0.355159 0.235011
vn 0.904783 -0.355159 0.235011
vn 0.904783 -0.355159 0.235011
vn 0.904783 -0.355159 0.235011
vn 0.916010 -0.177481 0.359758
vn 0.916010 -0.177481 0.359758
vn 0.916010 -0.177481 0.359758
vn 0.916010 -0.177481 0.359758
vn 0.583671 0.771438 0.253401
vn 0.583671 0.771438 0.253401
vn 0.583671 0.771438 0.253401
vn 0.583671 0.771438 0.253401
vn -0.674784 0.736215 -0.051523
vn -0.674784 0.736215 -0.051523
vn -0.674784 0.736215 -0.051523
vn -0.674784 0.736215 -0.051523
vn -0.829288 0.548765 0.105537
vn -0.829288 0.548765 0.105537
vn -0.829288 0.548765 0.105537
vn -0.829288 0.548765 0.105537
vn 0.871626 -0.428261 0.238455
vn 0.871626 -0.428261 0.238455
vn 0.871626 -0.428261 0.238455
vn 0.871626 -0.428261 0.238455
vn 0.898354 -0.369126 0.238131
vn 0.898354 -0.369126 0.238131
vn 0.898354 -0.369126 0.238131
vn 0.898354 -0.369126 0.238131
vn 0.449162 -0.819022 -0.357010
vn 0.449162 -0.819022 -0.357010
vn 0.449162 -0.819022 -0.357010
vn 0.449162 -0.819022 -0.357010
vn -0.763502 -0.217416 -0.608107
vn -0.763502 -0.217416 -0.608107
vn -0.763502 -0.217416 -0.608107
vn -0.763502 -0.217416 -0.608107
vn 0.897441 -0.369681 0.240697
vn 0.897441 -0.369681 0.240697
vn 0.897441 -0.369681 0.240697
vn 0.897441 -0.369681 0.240697
vn 0.863700 -0.258492 0.432672
vn 0.863700 -0.258492 0.432672
vn 0.863700 -0.258492 0.432672
vn 0.863700 -0.258492 0.432672
vn 0.471141 0.124385 0.873244
vn 0.471141 0.124385 0.873244
vn 0.471141 0.124385 0.873244
vn 0.471141 0.124385 0.873244
vn -0.888133 0.459334 0.015244
vn -0.888133 0.459334 0.015244
vn -0.888133 0.459334 0.015244
vn -0.888133 0.459334 0.015244
vn 0.826304 -0.453780 0.333626
vn 0.826304 -0.453780 0.333626
vn 0.826304 -0.453780 0.333626
vn 0.826304 -0.453780 0.333626
vn 0.860963 -0.413014 0.296921
vn 0.860963 -0.413014 0.296921
vn 0.860963 -0.413014 0.296921
vn 0.860963 -0.413014 0.296921
vn 0.839326 -0.362174 0.405416
vn 0.839326 -0.362174 0.405416
vn 0.839326 -0.362174 0.405416
vn 0.839326 -0.362174 0.405416
vn 0.850512 -0.450271 0.271820
vn 0.850512 -0.450271 0.271820
vn 0.850512 -0.450271 0.271820
vn 0.850512 -0.450271 0.271820
vn 0.861262 -0.429823 0.271072
vn 0.861262 -0.429823 0.271072
vn 0.861262 -0.429823 0.271072
vn 0.861262 -0.429823 0.271072
vn 0.837439 -0.402762 0.369431
vn 0.837439 -0.402762 0.369431
vn 0.837439 -0.402762 0.369431
vn 0.837439 -0.402762 0.369431
vn 0.840508 -0.332345 0.427893
vn 0.840508 -0.332345 0.427893
vn 0.840508 -0.332345 0.427893
vn 0.840508 -0.332345 0.427893
vn 0.885106 -0.391811 0.251140
vn 0.885106 -0.391811 0.251140
vn 0.885106 -0.391811 0.251140
vn 0.885106 -0.391811 0.251140
vn 0.890805 -0.384110 0.242747
vn 0.890805 -0.384110 0.242747
vn 0.890805 -0.384110 0.242747
vn 0.890805 -0.384110 0.242747
vn 0.832661 -0.468361 0.295488
vn 0.832661 -0.468361 0.295488
vn 0.832661 -0.468361 0.295488
vn 0.832661 -0.468361 0.295488
vn 0.881246 -0.392626 0.263155
vn 0.881246 -0.392626 0.263155
vn 0.881246 -0.392626 0.263155
vn 0.881246 -0.392626 0.263155
vn 0.882427 -0.392922 0.258717
vn 0.882427 -0.392922 0.258717
vn 0.882427 -0.392922 0.258717
vn 0.882427 -0.392922 0.258717
vn 0.877078 -0.398131 0.268749
vn 0.877078 -0.398131 0.268749
vn 0.877078 -0.398131 0.268749
vn 0.877078 -0.398131 0.268749
vn 0.893175 -0.376509 0.245927
vn 0.893175 -0.376509 0.245927
vn 0.893175 -0.376509 0.245927
vn 0.893175 -0.376509 0.245927
vn 0.890180 -0.396818 0.223866
vn 0.890180 -0.396818 0.223866
vn 0.890180 -0.396818 0.223866
vn 0.890180 -0.396818 0.223866
vn -0.901940 0.414708 0.120508
vn -0.901940 0.414708 0.120508
vn -0.901940 0.414708 0.120508
vn -0.901940 0.414708 0.120508
vn -0.906762 -0.145853 0.395614
vn -0.906762 -0.145853 0.395614
vn -0.906762 -0.145853 0.395614
vn -0.906762 -0.145853 0.395614
vn -0.150188 -0.636175 0.756786
vn -0.150188 -0.636175 0.756786
vn -0.150188 -0.636175 0.756786
vn -0.150188 -0.636175 0.756786
vn 0.807987 -0.377649 0.452259
vn 0.807987 -0.377649 0.452259
vn 0.807987 -0.377649 0.452259
vn 0.807987 -0.377649 0.452259
vn 0.877855 -0.416060 0.237202
vn 0.877855 -0.416060 0.237202
vn 0.877855 -0.416060 0.237202
vn 0.877855 -0.416060 0.237202
vn 0.897220 -0.378761 0.227018
vn 0.897220 -0.378761 0.227018
vn 0.897220 -0.378761 0.227018
vn 0.897220 -0.378761 0.227018
vn 0.912765 -0.223766 0.341744
vn 0.912765 -0.223766 0.341744
vn 0.912765 -0.223766 0.341744
vn 0.912765 -0.223766 0.341744
vn 0.415328 0.873387 -0.254359
vn 0.415328 0.873387 -0.254359
vn 0.415328 0.873387 -0.254359
vn 0.415328 0.873387 -0.254359
vn -0.247308 0.926365 -0.284055
vn -0.247308 0.926365 -0.284055
vn -0.247308 0.926365 -0.284055
vn -0.247308 0.926365 -0.284055
vn -0.785469 0.614665 -0.072282
vn -0.785469 0.614665 -0.072282
vn -0.785469 0.614665 -0.072282
vn -0.785469 0.614665 -0.072282
vn -0.868409 0.486257 0.097060
vn -0.868409 0.486257 0.097060
vn -0.868409 0.486257 0.097060
vn -0.868409 0.486257 0.097060
vn -0.878657 0.470159 0.083137
vn -0.878657 0.470159 0.083137
vn -0.878657 0.470159 0.083137
vn -0.878657 0.470159 0.083137
vn 0.893356 -0.398867 0.206932
vn 0.893356 -0.398867 0.206932
vn 0.893356 -0.398867 0.206932
vn 0.893356 -0.398867 0.206932
vn 0.901996 -0.366179 0.228727
vn 0.901996 -0.366179 0.228727
vn 0.901996 -0.366179 0.228727
vn 0.901996 -0.366179 0.228727
vn -0.915644 0.387968 0.105245
vn -0.915644 0.387968 0.105245
vn -0.915644 0.387968 0.105245
vn -0.915644 0.387968 0.105245
vn -0.939733 0.200147 0.277206
vn -0.939733 0.200147 0.277206
vn -0.939733 0.200147 0.277206
vn -0.939733 0.200147 0.277206
vn -0.121994 -0.407921 0.904831
vn -0.121994 -0.407921 0.904831
vn -0.121994 -0.407921 0.904831
vn -0.121994 -0.407921 0.904831
vn 0.823897 -0.350071 0.445695
vn 0.823897 -0.350071 0.445695
vn 0.823897 -0.350071 0.445695
vn 0.823897 -0.350071 0.445695
vn 0.882807 -0.422750 0.204780
vn 0.882807 -0.422750 0.204780
vn 0.882807 -0.422750 0.204780
vn 0.882807 -0.422750 0.204780
vn 0.886292 -0.421363 0.192195
vn 0.886292 -0.421363 0.192195
vn 0.886292 -0.421363 0.192195
vn 0.886292 -0.421363 0.192195
vn 0.912112 -0.219868 0.345991
vn 0.912112 -0.219868 0.345991
vn 0.912112 -0.219868 0.345991
vn 0.912112 -0.219868 0.345991
vn 0.700965 0.600042 0.385485
vn 0.700965 0.600042 0.385485
vn 0.700965 0.600042 0.385485
vn 0.700965 0.600042 0.385485
vn -0.731649 0.671793 -0.115693
vn -0.731649 0.671793 -0.115693
vn -0.731649 0.671793 -0.115693
vn -0.731649 0.671793 -0.115693
vn -0.807178 0.589602 -0.028842
vn -0.807178 0.589602 -0.028842
vn -0.807178 0.589602 -0.028842
vn -0.807178 0.589602 -0.028842
vn 0.888379 -0.405538 0.215224
vn 0.888379 -0.405538 0.215224
vn 0.888379 -0.405538 0.215224
vn 0.888379 -0.405538 0.215224
vn 0.834032 -0.547198 0.070464
vn 0.834032 -0.547198 0.070464
vn 0.834032 -0.547198 0.070464
vn 0.834032 -0.547198 0.070464
vn -0.897364 -0.097335 -0.430424
vn -0.897364 -0.097335 -0.430424
vn -0.897364 -0.097335 -0.430424
vn -0.897364 -0.097335 -0.430424
vn -0.852497 0.522144 -0.024797
vn -0.852497 0.522144 -0.024797
vn -0.852497 0.522144 -0.024797
vn -0.852497 0.522144 -0.024797
vn 0.658585 0.164862 0.734225
vn 0.658585 0.164862 0.734225
vn 0.658585 0.164862 0.734225
vn 0.658585 0.164862 0.734225
vn 0.882515 -0.248461 0.399292
vn 0.882515 -0.248461 0.399292
vn 0.882515 -0.248461 0.399292
vn 0.882515 -0.248461 0.399292
vn -0.877312 0.479908 -0.003362
vn -0.877312 0.479908 -0.003362
vn -0.877312 0.479908 -0.003362
vn -0.877312 0.479908 -0.003362
vn 0.632876 0.080392 0.770068
vn 0.632876 0.080392 0.770068
vn 0.632876 0.080392 0.770068
vn 0.632876 0.080392 0.770068
vn 0.898339 -0.265853 0.349727
vn 0.898339 -0.265853 0.349727
vn 0.898339 -0.265853 0.349727
vn 0.898339 -0.265853 0.349727
vn 0.866735 -0.419002 0.270569
vn 0.866735 -0.419002 0.270569
vn 0.866735 -0.419002 0.270569
vn 0.866735 -0.419002 0.270569
vn -0.869091 0.492759 -0.043237
vn -0.869091 0.492759 -0.043237
vn -0.869091 0.492759 -0.043237
vn -0.869091 0.492759 -0.043237
vn -0.721103 0.648700 -0.243308
vn -0.721103 0.648700 -0.243308
vn -0.721103 0.648700 -0.243308
vn -0.721103 0.648700 -0.243308
vn 0.737171 0.654561 -0.167716
vn 0.737171 0.654561 -0.167716
vn 0.737171 0.654561 -0.167716
vn 0.737171 0.654561 -0.167716
vn -0.799754 0.588569 -0.118240
vn -0.799754 0.588569 -0.118240
vn -0.799754 0.588569 -0.118240
vn -0.799754 0.588569 -0.118240
vn 0.830574 -0.523117 0.191037
vn 0.830574 -0.523117 0.191037
vn 0.830574 -0.523117 0.191037
vn 0.830574 -0.523117 0.191037
vn 0.878866 -0.456353 0.139057
vn 0.878866 -0.456353 0.139057
vn 0.878866 -0.456353 0.139057
vn 0.878866 -0.456353 0.139057
vn 0.921583 -0.349928 0.168033
vn 0.921583 -0.349928 0.168033
vn 0.921583 -0.349928 0.168033
vn 0.921583 -0.349928 0.168033
vn 0.896220 -0.308613 0.318666
vn 0.896220 -0.308613 0.318666
vn 0.896220 -0.308613 0.318666
vn 0.896220 -0.308613 0.318666
vn 0.853946 -0.360368 0.375382
vn 0.853946 -0.360368 0.375382
vn 0.853946 -0.360368 0.375382
vn 0.853946 -0.360368 0.375382
vn 0.467341 -0.165262 0.868493
vn 0.467341 -0.165262 0.868493
vn 0.467341 -0.165262 0.868493
vn 0.467341 -0.165262 0.868493
vn -0.921709 0.382552 0.064088
vn -0.921709 0.382552 0.064088
vn -0.921709 0.382552 0.064088
vn -0.921709 0.382552 0.064088
vn -0.844259 0.526182 -0.101777
vn -0.844259 0.526182 -0.101777
vn -0.844259 0.526182 -0.101777
vn -0.844259 0.526182 -0.101777
vn -0.888764 0.455478 0.051357
vn -0.888764 0.455478 0.051357
vn -0.888764 0.455478 0.051357
vn -0.888764 0.455478 0.051357
vn -0.919928 0.391505 -0.021364
vn -0.919928 0.391505 -0.021364
vn -0.919928 0.391505 -0.021364
vn -0.919928 0.391505 -0.021364
vn -0.946895 0.235916 0.218480
vn -0.946895 0.235916 0.218480
vn -0.946895 0.235916 0.218480
vn -0.946895 0.235916 0.218480
vn -0.912185 0.339001 0.230210
vn -0.912185 0.339001 0.230210
vn -0.912185 0.339001 0.230210
vn -0.912185 0.339001 0.230210
vn 0.383188 -0.040246 0.922793
vn 0.383188 -0.040246 0.922793
vn 0.383188 -0.040246 0.922793
vn 0.383188 -0.040246 0.922793
vn 0.864458 -0.332338 0.377180
vn 0.864458 -0.332338 0.377180
vn 0.864458 -0.332338 0.377180
vn 0.864458 -0.332338 0.377180
vn 0.592728 0.392910 0.703061
vn 0.592728 0.392910 0.703061
vn 0.592728 0.392910 0.703061
vn 0.592728 0.392910 0.703061
vn -0.794540 0.605712 0.042659
vn -0.794540 0.605712 0.042659
vn -0.794540 0.605712 0.042659
vn -0.794540 0.605712 0.042659
vn -0.824136 0.559223 -0.089830
vn -0.824136 0.559223 -0.089830
vn -0.824136 0.559223 -0.089830
vn -0.824136 0.559223 -0.089830
vn 0.896999 -0.381908 0.222573
vn 0.896999 -0.381908 0.222573
vn 0.896999 -0.381908 0.222573
vn 0.896999 -0.381908 0.222573
vn 0.843244 -0.513053 0.160362
vn 0.843244 -0.513053 0.160362
vn 0.843244 -0.513053 0.160362
vn 0.843244 -0.513053 0.160362
vn 0.883592 -0.423587 0.199599
vn 0.883592 -0.423587 0.199599
vn 0.883592 -0.423587 0.199599
vn 0.883592 -0.423587 0.199599
vn 0.872972 -0.450562 0.186854
vn 0.872972 -0.450562 0.186854
vn 0.872972 -0.450562 0.186854
vn 0.872972 -0.450562 0.186854
vn 0.890169 -0.440426 0.116721
vn 0.890169 -0.440426 0.116721
vn 0.890169 -0.440426 0.116721
vn 0.890169 -0.440426 0.116721
vn -0.885051 0.395352 0.245728
vn -0.885051 0.395352 0.245728
vn -0.885051 0.395352 0.245728
vn -0.885051 0.395352 0.245728
vn -0.924936 0.364834 0.106725
vn -0.924936 0.364834 0.106725
vn -0.924936 0.364834 0.106725
vn -0.924936 0.364834 0.106725
vn 0.817610 -0.320530 0.478303
vn 0.817610 -0.320530 0.478303
vn 0.817610 -0.320530 0.478303
vn 0.817610 -0.320530 0.478303
vn 0.922842 -0.180279 0.340384
vn 0.922842 -0.180279 0.340384
vn 0.922842 -0.180279 0.340384
vn 0.922842 -0.180279 0.340384
vn 0.257529 0.604396 0.753913
vn 0.257529 0.604396 0.753913
vn 0.257529 0.604396 0.753913
vn 0.257529 0.604396 0.753913
vn 0.935699 -0.172244 0.307894
vn 0.935699 -0.172244 0.307894
vn 0.935699 -0.172244 0.307894
vn 0.935699 -0.172244 0.307894
vn 0.848732 -0.492029 0.193807
vn 0.848732 -0.492029 0.193807
vn 0.848732 -0.492029 0.193807
vn 0.848732 -0.492029 0.193807
vn 0.853707 -0.430058 0.293657
vn 0.853707 -0.430058 0.293657
vn 0.853707 -0.430058 0.293657
vn 0.853707 -0.430058 0.293657
vn 0.820450 -0.445493 0.358327
vn 0.820450 -0.445493 0.358327
vn 0.820450 -0.445493 0.358327
vn 0.820450 -0.445493 0.358327
vn 0.841901 -0.513553 0.165730
vn 0.841901 -0.513553 0.165730
vn 0.841901 -0.513553 0.165730
vn 0.841901 -0.513553 0.165730
vn -0.693370 -0.200079 -0.692247
vn -0.693370 -0.200079 -0.692247
vn -0.693370 -0.200079 -0.692247
vn -0.693370 -0.200079 -0.692247
vn 0.857592 -0.411277 0.308849
vn 0.857592 -0.411277 0.308849
vn 0.857592 -0.411277 0.308849
vn 0.857592 -0.411277 0.308849
vn 0.811922 -0.469175 0.347359
vn 0.811922 -0.469175 0.347359
vn 0.811922 -0.469175 0.347359
vn 0.811922 -0.469175 0.347359
vn -0.166782 0.889471 0.425470
vn -0.166782 0.889471 0.425470
vn -0.166782 0.889471 0.425470
vn -0.166782 0.889471 0.425470
vn -0.963975 -0.256332 0.071032
vn -0.963975 -0.256332 0.071032
vn -0.963975 -0.256332 0.071032
vn -0.963975 -0.256332 0.071032
vn -0.811441 0.584378 0.008143
vn -0.811441 0.584378 0.008143
vn -0.811441 0.584378 0.008143
vn -0.811441 0.584378 0.008143
vn 0.287313 0.846218 0.448738
vn 0.287313 0.846218 0.448738
vn 0.287313 0.846218 0.448738
vn 0.287313 0.846218 0.448738
vn -0.811853 0.380237 0.443075
vn -0.811853 0.380237 0.443075
vn -0.811853 0.380237 0.443075
vn -0.811853 0.380237 0.443075
vn 0.299917 0.938388 -0.171689
vn 0.299917 0.938388 -0.171689
vn 0.299917 0.938388 -0.171689
vn 0.299917 0.938388 -0.171689
vn -0.106565 -0.891046 -0.441227
vn -0.106565 -0.891046 -0.441227
vn -0.106565 -0.891046 -0.441227
vn -0.106565 -0.891046 -0.441227
vn -0.106268 -0.772329 -0.626271
vn -0.106268 -0.772329 -0.626271
vn -0.106268 -0.772329 -0.626271
vn -0.106268 -0.772329 -0.626271
vn -0.182159 -0.783524 -0.594060
vn -0.182159 -0.783524 -0.594060
vn -0.182159 -0.783524 -0.594060
vn -0.182159 -0.783524 -0.594060
vn 0.010666 -0.868736 -0.495161
vn 0.010666 -0.868736 -0.495161
vn 0.010666 -0.868736 -0.495161
vn 0.010666 -0.868736 -0.495161
vn -0.336626 -0.933831 0.121007
vn -0.336626 -0.933831 0.121007
vn -0.336626 -0.933831 0.121007
vn -0.336626 -0.933831 0.121007
vn -0.513705 -0.471807 -0.716593
vn -0.513705 -0.471807 -0.716593
vn -0.513705 -0.471807 -0.716593
vn -0.513705 -0.471807 -0.716593
vn -0.464374 -0.883226 -0.065334
vn -0.464374 -0.883226 -0.065334
vn -0.464374 -0.883226 -0.065334
vn -0.464374 -0.883226 -0.065334
vn -0.527764 -0.841248 -0.117332
vn -0.527764 -0.841248 -0.117332
vn -0.527764 -0.841248 -0.117332
vn -0.527764 -0.841248 -0.117332
vn -0.539585 -0.841729 0.018455
vn -0.539585 -0.841729 0.018455
vn -0.539585 -0.841729 0.018455
vn -0.539585 -0.841729 0.018455
vn -0.552301 -0.833415 -0.019584
vn -0.552301 -0.833415 -0.019584
vn -0.552301 -0.833415 -0.019584
vn -0.552301 -0.833415 -0.019584
vn -0.513772 -0.852401 0.097214
vn -0.513772 -0.852401 0.097214
vn -0.513772 -0.852401 0.097214
vn -0.513772 -0.852401 0.097214
vn -0.521401 -0.850960 0.063314
vn -0.521401 -0.850960 0.063314
vn -0.521401 -0.850960 0.063314
vn -0.521401 -0.850960 0.063314
vn -0.485964 -0.866703 0.112534
vn -0.485964 -0.866703 0.112534
vn -0.485964 -0.866703 0.112534
vn -0.485964 -0.866703 0.112534
vn -0.435917 -0.897411 0.068047
vn -0.435917 -0.897411 0.068047
vn -0.435917 -0.897411 0.068047
vn -0.435917 -0.897411 0.068047
vn -0.338485 -0.935275 -0.103389
vn -0.338485 -0.935275 -0.103389
vn -0.338485 -0.935275 -0.103389
vn -0.338485 -0.935275 -0.103389
vn -0.677892 -0.712290 0.181946
vn -0.677892 -0.712290 0.181946
vn -0.677892 -0.712290 0.181946
vn -0.677892 -0.712290 0.181946
vn -0.075580 -0.905871 -0.416755
vn -0.075580 -0.905871 -0.416755
vn -0.075580 -0.905871 -0.416755
vn -0.075580 -0.905871 -0.416755
vn -0.195492 -0.792197 0.578107
vn -0.195492 -0.792197 0.578107
vn -0.195492 -0.792197 0.578107
vn -0.195492 -0.792197 0.578107
vn -0.068366 -0.898766 -0.433065
vn -0.068366 -0.898766 -0.433065
vn -0.068366 -0.898766 -0.433065
vn -0.068366 -0.898766 -0.433065
vn 0.071012 -0.934052 -0.350006
vn 0.071012 -0.934052 -0.350006
vn 0.071012 -0.934052 -0.350006
vn 0.071012 -0.934052 -0.350006
vn -0.001822 -0.693403 0.720548
vn -0.001822 -0.693403 0.720548
vn -0.001822 -0.693403 0.720548
vn -0.001822 -0.693403 0.720548
vn 0.048101 -0.584288 -0.810120
vn 0.048101 -0.584288 -0.810120
vn 0.048101 -0.584288 -0.810120
vn 0.048101 -0.584288 -0.810120
vn 0.046992 -0.995592 -0.081170
vn 0.046992 -0.995592 -0.081170
vn 0.046992 -0.995592 -0.081170
vn 0.046992 -0.995592 -0.081170
vn 0.088451 -0.791137 0.605210
vn 0.088451 -0.791137 0.605210
vn 0.088451 -0.791137 0.605210
vn 0.088451 -0.791137 0.605210
vn -0.016015 -0.765332 -0.643437
vn -0.016015 -0.765332 -0.643437
vn -0.016015 -0.765332 -0.643437
vn -0.016015 -0.765332 -0.643437
vn 0.004334 -0.605075 0.796156
vn 0.004334 -0.605075 0.796156
vn 0.004334 -0.605075 0.796156
vn 0.004334 -0.605075 0.796156
vn 0.042052 -0.451016 -0.891525
vn 0.042052 -0.451016 -0.891525
vn 0.042052 -0.451016 -0.891525
vn 0.042052 -0.451016 -0.891525
vn 0.005930 -0.989984 0.141052
vn 0.005930 -0.989984 0.141052
vn 0.005930 -0.989984 0.141052
vn 0.005930 -0.989984 0.141052
vn 0.225808 -0.903629 0.363958
vn 0.225808 -0.903629 0.363958
vn 0.225808 -0.903629 0.363958
vn 0.225808 -0.903629 0.363958
vn -0.444286 -0.894371 0.052058
vn -0.444286 -0.894371 0.052058
vn -0.444286 -0.894371 0.052058
vn -0.444286 -0.894371 0.052058
vn -0.263901 -0.869820 -0.416856
vn -0.263901 -0.869820 -0.416856
vn -0.263901 -0.869820 -0.416856
vn -0.263901 -0.869820 -0.416856
vn -0.137246 -0.960340 0.242713
vn -0.137246 -0.960340 0.242713
vn -0.137246 -0.960340 0.242713
vn -0.137246 -0.960340 0.242713
vn -0.336983 -0.831799 -0.441082
vn -0.336983 -0.831799 -0.441082
vn -0.336983 -0.831799 -0.441082
vn -0.336983 -0.831799 -0.441082
vn -0.234382 -0.912315 -0.335778
vn -0.234382 -0.912315 -0.335778
vn -0.234382 -0.912315 -0.335778
vn -0.234382 -0.912315 -0.335778
vn 0.029751 -0.738929 0.673126
vn 0.029751 -0.738929 0.673126
vn 0.029751 -0.738929 0.673126
vn 0.029751 -0.738929 0.673126
vn -0.188640 -0.532262 -0.825295
vn -0.188640 -0.532262 -0.825295
vn -0.188640 -0.532262 -0.825295
vn -0.188640 -0.532262 -0.825295
vn -0.097101 -0.991245 -0.089474
vn -0.097101 -0.991245 -0.089474
vn -0.097101 -0.991245 -0.089474
vn -0.097101 -0.991245 -0.089474
vn 0.008808 -0.929514 0.368682
vn 0.008808 -0.929514 0.368682
vn 0.008808 -0.929514 0.368682
vn 0.008808 -0.929514 0.368682
vn -0.183519 -0.901023 -0.393037
vn -0.183519 -0.901023 -0.393037
vn -0.183519 -0.901023 -0.393037
vn -0.183519 -0.901023 -0.393037
vn -0.080498 -0.923477 0.375113
vn -0.080498 -0.923477 0.375113
vn -0.080498 -0.923477 0.375113
vn -0.080498 -0.923477 0.375113
vn -0.227792 -0.923686 -0.308084
vn -0.227792 -0.923686 -0.308084
vn -0.227792 -0.923686 -0.308084
vn -0.227792 -0.923686 -0.308084
vn -0.252481 -0.957699 0.138083
vn -0.252481 -0.957699 0.138083
vn -0.252481 -0.957699 0.138083
vn -0.252481 -0.957699 0.138083
vn -0.399305 -0.878244 0.263141
vn -0.399305 -0.878244 0.263141
vn -0.399305 -0.878244 0.263141
vn -0.399305 -0.878244 0.263141
vn 0.156895 -0.935598 -0.316291
vn 0.156895 -0.935598 -0.316291
vn 0.156895 -0.935598 -0.316291
vn 0.156895 -0.935598 -0.316291
vn -0.021219 -0.970678 0.239444
vn -0.021219 -0.970678 0.239444
vn -0.021219 -0.970678 0.239444
vn -0.021219 -0.970678 0.239444
vn -0.268246 -0.950152 -0.158917
vn -0.268246 -0.950152 -0.158917
vn -0.268246 -0.950152 -0.158917
vn -0.268246 -0.950152 -0.158917
vn -0.476744 -0.719878 -0.504471
vn -0.476744 -0.719878 -0.504471
vn -0.476744 -0.719878 -0.504471
vn -0.476744 -0.719878 -0.504471
vn -0.549877 -0.771651 -0.319672
vn -0.549877 -0.771651 -0.319672
vn -0.549877 -0.771651 -0.319672
vn -0.549877 -0.771651 -0.319672
vn -0.502922 -0.864332 -0.000017
vn -0.502922 -0.864332 -0.000017
vn -0.502922 -0.864332 -0.000017
vn -0.502922 -0.864332 -0.000017
vn -0.502426 -0.834160 -0.227476
vn -0.502426 -0.834160 -0.227476
vn -0.502426 -0.834160 -0.227476
vn -0.502426 -0.834160 -0.227476
vn -0.581123 -0.813261 -0.030057
vn -0.581123 -0.813261 -0.030057
vn -0.581123 -0.813261 -0.030057
vn -0.581123 -0.813261 -0.030057
vn -0.539599 -0.841530 0.025684
vn -0.539599 -0.841530 0.025684
vn -0.539599 -0.841530 0.025684
vn -0.539599 -0.841530 0.025684
vn -0.535449 -0.842357 0.061068
vn -0.535449 -0.842357 0.061068
vn -0.535449 -0.842357 0.061068
vn -0.535449 -0.842357 0.061068
vn -0.442633 -0.895410 0.048136
vn -0.442633 -0.895410 0.048136
vn -0.442633 -0.895410 0.048136
vn -0.442633 -0.895410 0.048136
vn -0.435410 -0.890525 0.131845
vn -0.435410 -0.890525 0.131845
vn -0.435410 -0.890525 0.131845
vn -0.435410 -0.890525 0.131845
vn -0.395613 -0.908103 0.137258
vn -0.395613 -0.908103 0.137258
vn -0.395613 -0.908103 0.137258
vn -0.395613 -0.908103 0.137258
vn -0.395210 -0.449317 0.801201
vn -0.395210 -0.449317 0.801201
vn -0.395210 -0.449317 0.801201
vn -0.395210 -0.449317 0.801201
vn -0.240535 -0.967638 0.076281
vn -0.240535 -0.967638 0.076281
vn -0.240535 -0.967638 0.076281
vn -0.240535 -0.967638 0.076281
vn -0.097388 -0.973276 -0.207965
vn -0.097388 -0.973276 -0.207965
vn -0.097388 -0.973276 -0.207965
vn -0.097388 -0.973276 -0.207965
vn -0.417430 -0.853587 0.311675
vn -0.417430 -0.853587 0.311675
vn -0.417430 -0.853587 0.311675
vn -0.417430 -0.853587 0.311675
vn -0.250115 -0.938523 0.237945
vn -0.250115 -0.938523 0.237945
vn -0.250115 -0.938523 0.237945
vn -0.250115 -0.938523 0.237945
vn -0.899251 -0.226575 0.374181
vn -0.899251 -0.226575 0.374181
vn -0.899251 -0.226575 0.374181
vn -0.899251 -0.226575 0.374181
vn -0.823832 -0.112637 0.555530
vn -0.823832 -0.112637 0.555530
vn -0.823832 -0.112637 0.555530
vn -0.823832 -0.112637 0.555530
vn -0.485482 -0.867105 0.111519
vn -0.485482 -0.867105 0.111519
vn -0.485482 -0.867105 0.111519
vn -0.485482 -0.867105 0.111519
vn 0.026258 -0.979280 0.200802
vn 0.026258 -0.979280 0.200802
vn 0.026258 -0.979280 0.200802
vn 0.026258 -0.979280 0.200802
vn -0.241803 -0.938887 0.244993
vn -0.241803 -0.938887 0.244993
vn -0.241803 -0.938887 0.244993
vn -0.241803 -0.938887 0.244993
vn -0.190168 -0.981717 0.008273
vn -0.190168 -0.981717 0.008273
vn -0.190168 -0.981717 0.008273
vn -0.190168 -0.981717 0.008273
vn 0.364944 -0.894216 0.259218
vn 0.364944 -0.894216 0.259218
vn 0.364944 -0.894216 0.259218
vn 0.364944 -0.894216 0.259218
vn 0.020178 -0.993417 0.112765
vn 0.020178 -0.993417 0.112765
vn 0.020178 -0.993417 0.112765
vn 0.020178 -0.993417 0.112765
vn -0.212737 -0.951864 0.220678
vn -0.212737 -0.951864 0.220678
vn -0.212737 -0.951864 0.220678
vn -0.212737 -0.951864 0.220678
vn -0.347382 -0.869348 0.351512
vn -0.347382 -0.869348 0.351512
vn -0.347382 -0.869348 0.351512
vn -0.347382 -0.869348 0.351512
vn -0.533306 -0.825869 0.183098
vn -0.533306 -0.825869 0.183098
vn -0.533306 -0.825869 0.183098
vn -0.533306 -0.825869 0.183098
vn -0.530540 -0.845574 0.059425
vn -0.530540 -0.845574 0.059425
vn -0.530540 -0.845574 0.059425
vn -0.530540 -0.845574 0.059425
vn -0.524018 -0.845197 0.105106
vn -0.524018 -0.845197 0.105106
vn -0.524018 -0.845197 0.105106
vn -0.524018 -0.845197 0.105106
vn -0.155300 -0.981787 0.109441
vn -0.155300 -0.981787 0.109441
vn -0.155300 -0.981787 0.109441
vn -0.155300 -0.981787 0.109441
vn 0.003967 -0.999702 0.024099
vn 0.003967 -0.999702 0.024099
vn 0.003967 -0.999702 0.024099
vn 0.003967 -0.999702 0.024099
vn 0.028951 -0.999441 0.016712
vn 0.028951 -0.999441 0.016712
vn 0.028951 -0.999441 0.016712
vn 0.028951 -0.999441 0.016712
vn -0.127584 -0.991067 0.038849
vn -0.127584 -0.991067 0.038849
vn -0.127584 -0.991067 0.038849
vn -0.127584 -0.991067 0.038849
vn -0.544291 -0.836596 0.062084
vn -0.544291 -0.836596 0.062084
vn -0.544291 -0.836596 0.062084
vn -0.544291 -0.836596 0.062084
vn -0.489699 -0.867900 0.083339
vn -0.489699 -0.867900 0.083339
vn -0.489699 -0.867900 0.083339
vn -0.489699 -0.867900 0.083339
vn -0.509356 -0.860196 0.024891
vn -0.509356 -0.860196 0.024891
vn -0.509356 -0.860196 0.024891
vn -0.509356 -0.860196 0.024891
vn -0.552523 -0.824646 0.121150
vn -0.552523 -0.824646 0.121150
vn -0.552523 -0.824646 0.121150
vn -0.552523 -0.824646 0.121150
vn -0.088587 -0.991144 0.098927
vn -0.088587 -0.991144 0.098927
vn -0.088587 -0.991144 0.098927
vn -0.088587 -0.991144 0.098927
vn 0.055490 -0.996318 0.065363
vn 0.055490 -0.996318 0.065363
vn 0.055490 -0.996318 0.065363
vn 0.055490 -0.996318 0.065363
vn 0.036966 -0.995130 -0.091374
vn 0.036966 -0.995130 -0.091374
vn 0.036966 -0.995130 -0.091374
vn 0.036966 -0.995130 -0.091374
vn -0.103077 -0.989200 -0.104205
vn -0.103077 -0.989200 -0.104205
vn -0.103077 -0.989200 -0.104205
vn -0.103077 -0.989200 -0.104205
vn -0.560780 -0.823515 -0.085721
vn -0.560780 -0.823515 -0.085721
vn -0.560780 -0.823515 -0.085721
vn -0.560780 -0.823515 -0.085721
vn -0.625443 -0.774529 -0.094474
vn -0.625443 -0.774529 -0.094474
vn -0.625443 -0.774529 -0.094474
vn -0.625443 -0.774529 -0.094474
vn -0.660637 -0.726602 -0.188702
vn -0.660637 -0.726602 -0.188702
vn -0.660637 -0.726602 -0.188702
vn -0.660637 -0.726602 -0.188702
vn -0.553793 -0.787199 -0.271350
vn -0.553793 -0.787199 -0.271350
vn -0.553793 -0.787199 -0.271350
vn -0.553793 -0.787199 -0.271350
vn -0.110946 -0.966493 -0.231479
vn -0.110946 -0.966493 -0.231479
vn -0.110946 -0.966493 -0.231479
vn -0.110946 -0.966493 -0.231479
vn 0.061068 -0.981817 -0.179737
vn 0.061068 -0.981817 -0.179737
vn 0.061068 -0.981817 -0.179737
vn 0.061068 -0.981817 -0.179737
vn -0.193960 -0.971981 0.132788
vn -0.193960 -0.971981 0.132788
vn -0.193960 -0.971981 0.132788
vn -0.193960 -0.971981 0.132788
vn 0.149677 -0.708703 -0.689447
vn 0.149677 -0.708703 -0.689447
vn 0.149677 -0.708703 -0.689447
vn 0.149677 -0.708703 -0.689447
vn -0.272172 -0.770959 0.575800
vn -0.272172 -0.770959 0.575800
vn -0.272172 -0.770959 0.575800
vn -0.272172 -0.770959 0.575800
vn -0.072860 -0.995937 0.052931
vn -0.072860 -0.995937 0.052931
vn -0.072860 -0.995937 0.052931
vn -0.072860 -0.995937 0.052931
vn -0.032250 -0.999129 0.026461
vn -0.032250 -0.999129 0.026461
vn -0.032250 -0.999129 0.026461
vn -0.032250 -0.999129 0.026461
vn 0.117887 -0.739726 -0.662502
vn 0.117887 -0.739726 -0.662502
vn 0.117887 -0.739726 -0.662502
vn 0.117887 -0.739726 -0.662502
vn -0.136360 -0.782054 0.608110
vn -0.136360 -0.782054 0.608110
vn -0.136360 -0.782054 0.608110
vn -0.136360 -0.782054 0.608110
vn -0.015452 -0.996593 0.081011
vn -0.015452 -0.996593 0.081011
vn -0.015452 -0.996593 0.081011
vn -0.015452 -0.996593 0.081011
vn -0.006868 -0.995531 -0.094185
vn -0.006868 -0.995531 -0.094185
vn -0.006868 -0.995531 -0.094185
vn -0.006868 -0.995531 -0.094185
vn -0.013453 -0.995609 -0.092641
vn -0.013453 -0.995609 -0.092641
vn -0.013453 -0.995609 -0.092641
vn -0.013453 -0.995609 -0.092641
vn 0.152278 -0.518488 -0.841416
vn 0.152278 -0.518488 -0.841416
vn 0.152278 -0.518488 -0.841416
vn 0.152278 -0.518488 -0.841416
vn -0.160649 -0.713742 0.681737
vn -0.160649 -0.713742 0.681737
vn -0.160649 -0.713742 0.681737
vn -0.160649 -0.713742 0.681737
vn -0.054260 -0.976547 -0.208355
vn -0.054260 -0.976547 -0.208355
vn -0.054260 -0.976547 -0.208355
vn -0.054260 -0.976547 -0.208355
vn -0.113439 -0.947147 -0.300074
vn -0.113439 -0.947147 -0.300074
vn -0.113439 -0.947147 -0.300074
vn -0.113439 -0.947147 -0.300074
vn 0.086940 -0.896205 0.435038
vn 0.086940 -0.896205 0.435038
vn 0.086940 -0.896205 0.435038
vn 0.086940 -0.896205 0.435038
vn -0.177271 -0.966259 0.186863
vn -0.177271 -0.966259 0.186863
vn -0.177271 -0.966259 0.186863
vn -0.177271 -0.966259 0.186863
vn -0.212625 -0.947399 0.239219
vn -0.212625 -0.947399 0.239219
vn -0.212625 -0.947399 0.239219
vn -0.212625 -0.947399 0.239219
vn -0.225774 -0.956538 0.184558
vn -0.225774 -0.956538 0.184558
vn -0.225774 -0.956538 0.184558
vn -0.225774 -0.956538 0.184558
vn -0.292838 -0.932701 -0.210512
vn -0.292838 -0.932701 -0.210512
vn -0.292838 -0.932701 -0.210512
vn -0.292838 -0.932701 -0.210512
vn -0.378441 -0.762519 -0.524735
vn -0.378441 -0.762519 -0.524735
vn -0.378441 -0.762519 -0.524735
vn -0.378441 -0.762519 -0.524735
vn 0.041564 -0.620862 -0.782817
vn 0.041564 -0.620862 -0.782817
vn 0.041564 -0.620862 -0.782817
vn 0.041564 -0.620862 -0.782817
vn -0.261715 -0.946936 -0.186592
vn -0.261715 -0.946936 -0.186592
vn -0.261715 -0.946936 -0.186592
vn -0.261715 -0.946936 -0.186592
vn -0.284155 -0.949379 -0.133926
vn -0.284155 -0.949379 -0.133926
vn -0.284155 -0.949379 -0.133926
vn -0.284155 -0.949379 -0.133926
vn -0.097053 -0.982861 -0.156733
vn -0.097053 -0.982861 -0.156733
vn -0.097053 -0.982861 -0.156733
vn -0.097053 -0.982861 -0.156733
vn 0.013626 -0.902930 -0.429573
vn 0.013626 -0.902930 -0.429573
vn 0.013626 -0.902930 -0.429573
vn 0.013626 -0.902930 -0.429573
vn 0.018491 -0.919371 -0.392957
vn 0.018491 -0.919371 -0.392957
vn 0.018491 -0.919371 -0.392957
vn 0.018491 -0.919371 -0.392957
vn 0.041214 -0.987234 -0.153855
vn 0.041214 -0.987234 -0.153855
vn 0.041214 -0.987234 -0.153855
vn 0.041214 -0.987234 -0.153855
vn 0.126407 -0.665514 0.735604
vn 0.126407 -0.665514 0.735604
vn 0.126407 -0.665514 0.735604
vn 0.126407 -0.665514 0.735604
vn 0.006277 -0.607032 -0.794653
vn 0.006277 -0.607032 -0.794653
vn 0.006277 -0.607032 -0.794653
vn 0.006277 -0.607032 -0.794653
vn 0.084782 -0.895533 -0.436845
vn 0.084782 -0.895533 -0.436845
vn 0.084782 -0.895533 -0.436845
vn 0.084782 -0.895533 -0.436845
vn -0.368524 0.926667 0.074011
vn -0.368524 0.926667 0.074011
vn -0.368524 0.926667 0.074011
vn -0.368524 0.926667 0.074011
vn -0.675817 0.721157 0.152328
vn -0.675817 0.721157 0.152328
vn -0.675817 0.721157 0.152328
vn -0.675817 0.721157 0.152328
vn -0.118646 0.983385 -0.137395
vn -0.118646 0.983385 -0.137395
vn -0.118646 0.983385 -0.137395
vn -0.118646 0.983385 -0.137395
vn -0.721480 0.686365 -0.091489
vn -0.721480 0.686365 -0.091489
vn -0.721480 0.686365 -0.091489
vn -0.721480 0.686365 -0.091489
vn -0.097071 0.949940 -0.296969
vn -0.097071 0.949940 -0.296969
vn -0.097071 0.949940 -0.296969
vn -0.097071 0.949940 -0.296969
vn -0.252896 -0.820871 0.512069
vn -0.252896 -0.820871 0.512069
vn -0.252896 -0.820871 0.512069
vn -0.252896 -0.820871 0.512069
vn -0.908539 -0.407818 0.090787
vn -0.908539 -0.407818 0.090787
vn -0.908539 -0.407818 0.090787
vn -0.908539 -0.407818 0.090787
vn -0.028128 -0.989573 -0.141259
vn -0.028128 -0.989573 -0.141259
vn -0.028128 -0.989573 -0.141259
vn -0.028128 -0.989573 -0.141259
vn -0.179437 -0.971326 -0.155975
vn -0.179437 -0.971326 -0.155975
vn -0.179437 -0.971326 -0.155975
vn -0.179437 -0.971326 -0.155975
vn -0.075286 -0.982325 -0.171378
vn -0.075286 -0.982325 -0.171378
vn -0.075286 -0.982325 -0.171378
vn -0.075286 -0.982325 -0.171378
vn -0.196239 -0.977767 -0.073900
vn -0.196239 -0.977767 -0.073900
vn -0.196239 -0.977767 -0.073900
vn -0.196239 -0.977767 -0.073900
vn -0.039155 -0.996579 -0.072788
vn -0.039155 -0.996579 -0.072788
vn -0.039155 -0.996579 -0.072788
vn -0.039155 -0.996579 -0.072788
vn -0.307596 -0.936188 -0.170109
vn -0.307596 -0.936188 -0.170109
vn -0.307596 -0.936188 -0.170109
vn -0.307596 -0.936188 -0.170109
vn -0.991997 0.058239 -0.112024
vn -0.991997 0.058239 -0.112024
vn -0.991997 0.058239 -0.112024
vn -0.991997 0.058239 -0.112024
vn -0.941132 -0.176448 -0.288333
vn -0.941132 -0.176448 -0.288333
vn -0.941132 -0.176448 -0.288333
vn -0.941132 -0.176448 -0.288333
vn -0.714085 -0.397926 -0.575966
vn -0.714085 -0.397926 -0.575966
vn -0.714085 -0.397926 -0.575966
vn -0.714085 -0.397926 -0.575966
vn -0.149655 -0.962364 -0.226845
vn -0.149655 -0.962364 -0.226845
vn -0.149655 -0.962364 -0.226845
vn -0.149655 -0.962364 -0.226845
vn -0.206144 0.656948 -0.725206
vn -0.206144 0.656948 -0.725206
vn -0.206144 0.656948 -0.725206
vn -0.206144 0.656948 -0.725206
vn -0.829477 -0.393709 -0.396183
vn -0.829477 -0.393709 -0.396183
vn -0.829477 -0.393709 -0.396183
vn -0.829477 -0.393709 -0.396183
vn -0.142590 0.959902 -0.241363
vn -0.142590 0.959902 -0.241363
vn -0.142590 0.959902 -0.241363
vn -0.142590 0.959902 -0.241363
vn -0.752689 0.603127 -0.264003
vn -0.752689 0.603127 -0.264003
vn -0.752689 0.603127 -0.264003
vn -0.752689 0.603127 -0.264003
vn -0.931118 -0.149473 -0.332682
vn -0.931118 -0.149473 -0.332682
vn -0.931118 -0.149473 -0.332682
vn -0.931118 -0.149473 -0.332682
vn -0.532415 -0.698986 -0.477444
vn -0.532415 -0.698986 -0.477444
vn -0.532415 -0.698986 -0.477444
vn -0.532415 -0.698986 -0.477444
vn -0.316024 -0.944041 -0.094428
vn -0.316024 -0.944041 -0.094428
vn -0.316024 -0.944041 -0.094428
vn -0.316024 -0.944041 -0.094428
vn -0.186313 -0.981228 -0.049789
vn -0.186313 -0.981228 -0.049789
vn -0.186313 -0.981228 -0.049789
vn -0.186313 -0.981228 -0.049789
vn -0.042938 -0.997815 -0.050224
vn -0.042938 -0.997815 -0.050224
vn -0.042938 -0.997815 -0.050224
vn -0.042938 -0.997815 -0.050224
vn -0.259105 0.074480 -0.962973
vn -0.259105 0.074480 -0.962973
vn -0.259105 0.074480 -0.962973
vn -0.259105 0.074480 -0.962973
vn -0.200331 -0.963945 -0.175148
vn -0.200331 -0.963945 -0.175148
vn -0.200331 -0.963945 -0.175148
vn -0.200331 -0.963945 -0.175148
vn -0.126695 -0.974096 -0.187309
vn -0.126695 -0.974096 -0.187309
vn -0.126695 -0.974096 -0.187309
vn -0.126695 -0.974096 -0.187309
vn -0.036737 -0.977904 -0.205800
vn -0.036737 -0.977904 -0.205800
vn -0.036737 -0.977904 -0.205800
vn -0.036737 -0.977904 -0.205800
vn -0.983541 0.092965 -0.154934
vn -0.983541 0.092965 -0.154934
vn -0.983541 0.092965 -0.154934
vn -0.983541 0.092965 -0.154934
vn -0.992420 0.091741 -0.081771
vn -0.992420 0.091741 -0.081771
vn -0.992420 0.091741 -0.081771
vn -0.992420 0.091741 -0.081771
vn -0.194944 -0.824767 -0.530807
vn -0.194944 -0.824767 -0.530807
vn -0.194944 -0.824767 -0.530807
vn -0.194944 -0.824767 -0.530807
vn -0.068999 -0.873272 -0.482323
vn -0.068999 -0.873272 -0.482323
vn -0.068999 -0.873272 -0.482323
vn -0.068999 -0.873272 -0.482323
vn -0.035106 -0.882213 -0.469541
vn -0.035106 -0.882213 -0.469541
vn -0.035106 -0.882213 -0.469541
vn -0.035106 -0.882213 -0.469541
vn -0.986092 0.011849 -0.165777
vn -0.986092 0.011849 -0.165777
vn -0.986092 0.011849 -0.165777
vn -0.986092 0.011849 -0.165777
vn -0.968575 -0.029197 -0.247000
vn -0.968575 -0.029197 -0.247000
vn -0.968575 -0.029197 -0.247000
vn -0.968575 -0.029197 -0.247000
vn -0.884244 -0.167002 -0.436145
vn -0.884244 -0.167002 -0.436145
vn -0.884244 -0.167002 -0.436145
vn -0.884244 -0.167002 -0.436145
vn -0.794812 -0.175178 -0.581022
vn -0.794812 -0.175178 -0.581022
vn -0.794812 -0.175178 -0.581022
vn -0.794812 -0.175178 -0.581022
vn -0.735201 -0.314297 -0.600581
vn -0.735201 -0.314297 -0.600581
vn -0.735201 -0.314297 -0.600581
vn -0.735201 -0.314297 -0.600581
vn -0.904822 0.191764 -0.380162
vn -0.904822 0.191764 -0.380162
vn -0.904822 0.191764 -0.380162
vn -0.904822 0.191764 -0.380162
vn -0.924116 0.137446 -0.356537
vn -0.924116 0.137446 -0.356537
vn -0.924116 0.137446 -0.356537
vn -0.924116 0.137446 -0.356537
vn -0.706219 -0.026096 -0.707513
vn -0.706219 -0.026096 -0.707513
vn -0.706219 -0.026096 -0.707513
vn -0.706219 -0.026096 -0.707513
vn -0.539959 0.079971 -0.837884
vn -0.539959 0.079971 -0.837884
vn -0.539959 0.079971 -0.837884
vn -0.539959 0.079971 -0.837884
vn -0.987113 0.050389 -0.151887
vn -0.987113 0.050389 -0.151887
vn -0.987113 0.050389 -0.151887
vn -0.987113 0.050389 -0.151887
vn -0.985004 0.081413 -0.152116
vn -0.985004 0.081413 -0.152116
vn -0.985004 0.081413 -0.152116
vn -0.985004 0.081413 -0.152116
vn -0.716244 0.686081 -0.127624
vn -0.716244 0.686081 -0.127624
vn -0.716244 0.686081 -0.127624
vn -0.716244 0.686081 -0.127624
vn -0.126257 0.971213 -0.202000
vn -0.126257 0.971213 -0.202000
vn -0.126257 0.971213 -0.202000
vn -0.126257 0.971213 -0.202000
vn -0.162213 -0.947267 0.276357
vn -0.162213 -0.947267 0.276357
vn -0.162213 -0.947267 0.276357
vn -0.162213 -0.947267 0.276357
vn -0.988956 0.121878 -0.084327
vn -0.988956 0.121878 -0.084327
vn -0.988956 0.121878 -0.084327
vn -0.988956 0.121878 -0.084327
vn -0.703910 0.709807 0.026166
vn -0.703910 0.709807 0.026166
vn -0.703910 0.709807 0.026166
vn -0.703910 0.709807 0.026166
vn -0.181422 0.982826 0.033740
vn -0.181422 0.982826 0.033740
vn -0.181422 0.982826 0.033740
vn -0.181422 0.982826 0.033740
vn -0.991675 0.057273 -0.115325
vn -0.991675 0.057273 -0.115325
vn -0.991675 0.057273 -0.115325
vn -0.991675 0.057273 -0.115325
vn -0.331426 -0.942444 -0.044233
vn -0.331426 -0.942444 -0.044233
vn -0.331426 -0.942444 -0.044233
vn -0.331426 -0.942444 -0.044233
vn -0.995642 -0.051519 -0.077741
vn -0.995642 -0.051519 -0.077741
vn -0.995642 -0.051519 -0.077741
vn -0.995642 -0.051519 -0.077741
vn -0.995187 0.052835 -0.082527
vn -0.995187 0.052835 -0.082527
vn -0.995187 0.052835 -0.082527
vn -0.995187 0.052835 -0.082527
vn -0.643316 0.741883 0.189087
vn -0.643316 0.741883 0.189087
vn -0.643316 0.741883 0.189087
vn -0.643316 0.741883 0.189087
vn -0.261016 0.947344 0.185499
vn -0.261016 0.947344 0.185499
vn -0.261016 0.947344 0.185499
vn -0.261016 0.947344 0.185499
vn -0.521105 -0.851855 0.052839
vn -0.521105 -0.851855 0.052839
vn -0.521105 -0.851855 0.052839
vn -0.521105 -0.851855 0.052839
vn -0.272015 -0.946871 0.171592
vn -0.272015 -0.946871 0.171592
vn -0.272015 -0.946871 0.171592
vn -0.272015 -0.946871 0.171592
vn -0.120372 -0.972501 0.199381
vn -0.120372 -0.972501 0.199381
vn -0.120372 -0.972501 0.199381
vn -0.120372 -0.972501 0.199381
vn -0.893215 0.218045 -0.393221
vn -0.893215 0.218045 -0.393221
vn -0.893215 0.218045 -0.393221
vn -0.893215 0.218045 -0.393221
vn -0.869404 0.124581 -0.478139
vn -0.869404 0.124581 -0.478139
vn -0.869404 0.124581 -0.478139
vn -0.869404 0.124581 -0.478139
vn -0.852307 0.311583 -0.420107
vn -0.852307 0.311583 -0.420107
vn -0.852307 0.311583 -0.420107
vn -0.852307 0.311583 -0.420107
vn -0.182364 0.777278 -0.602148
vn -0.182364 0.777278 -0.602148
vn -0.182364 0.777278 -0.602148
vn -0.182364 0.777278 -0.602148
vn -0.823340 0.391008 -0.411369
vn -0.823340 0.391008 -0.411369
vn -0.823340 0.391008 -0.411369
vn -0.823340 0.391008 -0.411369
vn -0.130739 0.953332 -0.272150
vn -0.130739 0.953332 -0.272150
vn -0.130739 0.953332 -0.272150
vn -0.130739 0.953332 -0.272150
vn -0.741930 0.647375 0.174486
vn -0.741930 0.647375 0.174486
vn -0.741930 0.647375 0.174486
vn -0.741930 0.647375 0.174486
vn -0.497941 0.443088 -0.745472
vn -0.497941 0.443088 -0.745472
vn -0.497941 0.443088 -0.745472
vn -0.497941 0.443088 -0.745472
vn -0.509624 0.123494 -0.851488
vn -0.509624 0.123494 -0.851488
vn -0.509624 0.123494 -0.851488
vn -0.509624 0.123494 -0.851488
vn -0.976370 0.033099 -0.213557
vn -0.976370 0.033099 -0.213557
vn -0.976370 0.033099 -0.213557
vn -0.976370 0.033099 -0.213557
vn -0.858950 0.138276 -0.493036
vn -0.858950 0.138276 -0.493036
vn -0.858950 0.138276 -0.493036
vn -0.858950 0.138276 -0.493036
vn -0.793231 -0.382277 -0.473971
vn -0.793231 -0.382277 -0.473971
vn -0.793231 -0.382277 -0.473971
vn -0.793231 -0.382277 -0.473971
vn -0.789371 0.243678 -0.563484
vn -0.789371 0.243678 -0.563484
vn -0.789371 0.243678 -0.563484
vn -0.789371 0.243678 -0.563484
vn -0.595797 0.442025 -0.670552
vn -0.595797 0.442025 -0.670552
vn -0.595797 0.442025 -0.670552
vn -0.595797 0.442025 -0.670552
vn -0.389293 0.263075 -0.882747
vn -0.389293 0.263075 -0.882747
vn -0.389293 0.263075 -0.882747
vn -0.389293 0.263075 -0.882747
vn -0.951178 -0.213333 -0.223046
vn -0.951178 -0.213333 -0.223046
vn -0.951178 -0.213333 -0.223046
vn -0.951178 -0.213333 -0.223046
vn -0.955117 -0.287663 -0.070726
vn -0.955117 -0.287663 -0.070726
vn -0.955117 -0.287663 -0.070726
vn -0.955117 -0.287663 -0.070726
vn -0.576904 0.307965 -0.756531
vn -0.576904 0.307965 -0.756531
vn -0.576904 0.307965 -0.756531
vn -0.576904 0.307965 -0.756531
vn 0.849839 0.448570 -0.276691
vn 0.849839 0.448570 -0.276691
vn 0.849839 0.448570 -0.276691
vn 0.849839 0.448570 -0.276691
vn 0.925820 -0.089843 -0.367131
vn 0.925820 -0.089843 -0.367131
vn 0.925820 -0.089843 -0.367131
vn 0.925820 -0.089843 -0.367131
vn 0.959451 -0.281517 -0.014216
vn 0.959451 -0.281517 -0.014216
vn 0.959451 -0.281517 -0.014216
vn 0.959451 -0.281517 -0.014216
vn 0.061980 -0.452409 0.889654
vn 0.061980 -0.452409 0.889654
vn 0.061980 -0.452409 0.889654
vn 0.061980 -0.452409 0.889654
vn 0.180008 -0.356870 0.916647
vn 0.180008 -0.356870 0.916647
vn 0.180008 -0.356870 0.916647
vn 0.180008 -0.356870 0.916647
vn 0.775636 0.567263 0.276769
vn 0.775636 0.567263 0.276769
vn 0.775636 0.567263 0.276769
vn 0.775636 0.567263 0.276769
vn -0.896768 0.420500 -0.137795
vn -0.896768 0.420500 -0.137795
vn -0.896768 0.420500 -0.137795
vn -0.896768 0.420500 -0.137795
vn -0.914396 0.398607 -0.070657
vn -0.914396 0.398607 -0.070657
vn -0.914396 0.398607 -0.070657
vn -0.914396 0.398607 -0.070657
vn -0.930501 0.364701 -0.034090
vn -0.930501 0.364701 -0.034090
vn -0.930501 0.364701 -0.034090
vn -0.930501 0.364701 -0.034090
vn -0.925104 0.379130 0.021054
vn -0.925104 0.379130 0.021054
vn -0.925104 0.379130 0.021054
vn -0.925104 0.379130 0.021054
vn -0.907409 0.375345 0.189010
vn -0.907409 0.375345 0.189010
vn -0.907409 0.375345 0.189010
vn -0.907409 0.375345 0.189010
vn -0.659716 0.732173 -0.169405
vn -0.659716 0.732173 -0.169405
vn -0.659716 0.732173 -0.169405
vn -0.659716 0.732173 -0.169405
vn -0.987695 -0.156305 -0.005310
vn -0.987695 -0.156305 -0.005310
vn -0.987695 -0.156305 -0.005310
vn -0.987695 -0.156305 -0.005310
vn 0.921359 -0.388106 0.021701
vn 0.921359 -0.388106 0.021701
vn 0.921359 -0.388106 0.021701
vn 0.921359 -0.388106 0.021701
vn -0.345014 0.586517 -0.732778
vn -0.345014 0.586517 -0.732778
vn -0.345014 0.586517 -0.732778
vn -0.345014 0.586517 -0.732778
vn 0.291286 0.882771 0.368604
vn 0.291286 0.882771 0.368604
vn 0.291286 0.882771 0.368604
vn 0.291286 0.882771 0.368604
vn -0.883035 -0.346803 -0.316190
vn -0.883035 -0.346803 -0.316190
vn -0.883035 -0.346803 -0.316190
vn -0.883035 -0.346803 -0.316190
vn -0.954811 -0.209866 -0.210456
vn -0.954811 -0.209866 -0.210456
vn -0.954811 -0.209866 -0.210456
vn -0.954811 -0.209866 -0.210456
vn -0.963092 -0.047852 -0.264883
vn -0.963092 -0.047852 -0.264883
vn -0.963092 -0.047852 -0.264883
vn -0.963092 -0.047852 -0.264883
vn -0.754451 0.647235 0.109043
vn -0.754451 0.647235 0.109043
vn -0.754451 0.647235 0.109043
vn -0.754451 0.647235 0.109043
vn -0.695137 0.098584 -0.712085
vn -0.695137 0.098584 -0.712085
vn -0.695137 0.098584 -0.712085
vn -0.695137 0.098584 -0.712085
vn 0.937855 -0.334306 -0.093100
vn 0.937855 -0.334306 -0.093100
vn 0.937855 -0.334306 -0.093100
vn 0.937855 -0.334306 -0.093100
vn -0.110240 0.568490 -0.815271
vn -0.110240 0.568490 -0.815271
vn -0.110240 0.568490 -0.815271
vn -0.110240 0.568490 -0.815271
vn -0.913171 0.402333 -0.065160
vn -0.913171 0.402333 -0.065160
vn -0.913171 0.402333 -0.065160
vn -0.913171 0.402333 -0.065160
vn -0.597030 -0.053937 -0.800404
vn -0.597030 -0.053937 -0.800404
vn -0.597030 -0.053937 -0.800404
vn -0.597030 -0.053937 -0.800404
vn -0.944863 -0.324632 -0.043001
vn -0.944863 -0.324632 -0.043001
vn -0.944863 -0.324632 -0.043001
vn -0.944863 -0.324632 -0.043001
vn 0.074258 0.154613 0.985180
vn 0.074258 0.154613 0.985180
vn 0.074258 0.154613 0.985180
vn 0.074258 0.154613 0.985180
vn -0.863353 0.060456 -0.500965
vn -0.863353 0.060456 -0.500965
vn -0.863353 0.060456 -0.500965
vn -0.863353 0.060456 -0.500965
vn -0.149428 -0.960335 -0.235432
vn -0.149428 -0.960335 -0.235432
vn -0.149428 -0.960335 -0.235432
vn -0.149428 -0.960335 -0.235432
vn -0.087054 -0.967097 -0.239051
vn -0.087054 -0.967097 -0.239051
vn -0.087054 -0.967097 -0.239051
vn -0.087054 -0.967097 -0.239051
vn -0.022789 -0.971325 -0.236662
vn -0.022789 -0.971325 -0.236662
vn -0.022789 -0.971325 -0.236662
vn -0.022789 -0.971325 -0.236662
vn -0.918080 0.201493 -0.341364
vn -0.918080 0.201493 -0.341364
vn -0.918080 0.201493 -0.341364
vn -0.918080 0.201493 -0.341364
vn -0.250019 -0.952157 -0.175748
vn -0.250019 -0.952157 -0.175748
vn -0.250019 -0.952157 -0.175748
vn -0.250019 -0.952157 -0.175748
vn -0.162961 -0.966030 -0.200573
vn -0.162961 -0.966030 -0.200573
vn -0.162961 -0.966030 -0.200573
vn -0.162961 -0.966030 -0.200573
vn -0.033873 -0.981669 -0.187560
vn -0.033873 -0.981669 -0.187560
vn -0.033873 -0.981669 -0.187560
vn -0.033873 -0.981669 -0.187560
vn -0.916684 0.160925 -0.365778
vn -0.916684 0.160925 -0.365778
vn -0.916684 0.160925 -0.365778
vn -0.916684 0.160925 -0.365778
vn -0.226799 0.073410 -0.971171
vn -0.226799 0.073410 -0.971171
vn -0.226799 0.073410 -0.971171
vn -0.226799 0.073410 -0.971171
vn -0.745256 -0.045036 -0.665256
vn -0.745256 -0.045036 -0.665256
vn -0.745256 -0.045036 -0.665256
vn -0.745256 -0.045036 -0.665256
vn -0.341843 -0.901457 -0.265553
vn -0.341843 -0.901457 -0.265553
vn -0.341843 -0.901457 -0.265553
vn -0.341843 -0.901457 -0.265553
vn -0.221730 -0.973656 -0.053199
vn -0.221730 -0.973656 -0.053199
vn -0.221730 -0.973656 -0.053199
vn -0.221730 -0.973656 -0.053199
vn -0.700751 0.121994 -0.702898
vn -0.700751 0.121994 -0.702898
vn -0.700751 0.121994 -0.702898
vn -0.700751 0.121994 -0.702898
vn -0.834179 0.189057 -0.518077
vn -0.834179 0.189057 -0.518077
vn -0.834179 0.189057 -0.518077
vn -0.834179 0.189057 -0.518077
vn -0.728086 0.545127 -0.415604
vn -0.728086 0.545127 -0.415604
vn -0.728086 0.545127 -0.415604
vn -0.728086 0.545127 -0.415604
vn -0.933488 0.209540 0.291020
vn -0.933488 0.209540 0.291020
vn -0.933488 0.209540 0.291020
vn -0.933488 0.209540 0.291020
vn -0.952709 0.293059 -0.080384
vn -0.952709 0.293059 -0.080384
vn -0.952709 0.293059 -0.080384
vn -0.952709 0.293059 -0.080384
vn -0.829856 0.076885 -0.552655
vn -0.829856 0.076885 -0.552655
vn -0.829856 0.076885 -0.552655
vn -0.829856 0.076885 -0.552655
vn -0.715414 -0.044719 -0.697268
vn -0.715414 -0.044719 -0.697268
vn -0.715414 -0.044719 -0.697268
vn -0.715414 -0.044719 -0.697268
vn -0.718894 -0.195151 -0.667163
vn -0.718894 -0.195151 -0.667163
vn -0.718894 -0.195151 -0.667163
vn -0.718894 -0.195151 -0.667163
vn -0.846573 0.129243 -0.516343
vn -0.846573 0.129243 -0.516343
vn -0.846573 0.129243 -0.516343
vn -0.846573 0.129243 -0.516343
vn -0.588940 -0.021958 -0.807878
vn -0.588940 -0.021958 -0.807878
vn -0.588940 -0.021958 -0.807878
vn -0.588940 -0.021958 -0.807878
vn -0.167075 -0.050830 -0.984633
vn -0.167075 -0.050830 -0.984633
vn -0.167075 -0.050830 -0.984633
vn -0.167075 -0.050830 -0.984633
vn -0.673103 0.129863 -0.728058
vn -0.673103 0.129863 -0.728058
vn -0.673103 0.129863 -0.728058
vn -0.673103 0.129863 -0.728058
vn -0.612653 -0.319999 -0.722674
vn -0.612653 -0.319999 -0.722674
vn -0.612653 -0.319999 -0.722674
vn -0.612653 -0.319999 -0.722674
vn -0.871196 -0.414017 -0.263834
vn -0.871196 -0.414017 -0.263834
vn -0.871196 -0.414017 -0.263834
vn -0.871196 -0.414017 -0.263834
vn -0.904428 -0.368003 0.215832
vn -0.904428 -0.368003 0.215832
vn -0.904428 -0.368003 0.215832
vn -0.904428 -0.368003 0.215832
vn -0.678855 -0.205833 -0.704832
vn -0.678855 -0.205833 -0.704832
vn -0.678855 -0.205833 -0.704832
vn -0.678855 -0.205833 -0.704832
vn -0.570265 0.249300 -0.782718
vn -0.570265 0.249300 -0.782718
vn -0.570265 0.249300 -0.782718
vn -0.570265 0.249300 -0.782718
vn -0.422132 0.449806 -0.787070
vn -0.422132 0.449806 -0.787070
vn -0.422132 0.449806 -0.787070
vn -0.422132 0.449806 -0.787070
vn -0.506878 0.478217 -0.717206
vn -0.506878 0.478217 -0.717206
vn -0.506878 0.478217 -0.717206
vn -0.506878 0.478217 -0.717206
vn -0.609501 0.185729 -0.770722
vn -0.609501 0.185729 -0.770722
vn -0.609501 0.185729 -0.770722
vn -0.609501 0.185729 -0.770722
vn -0.517556 0.362695 -0.774976
vn -0.517556 0.362695 -0.774976
vn -0.517556 0.362695 -0.774976
vn -0.517556 0.362695 -0.774976
vn 0.575749 0.610031 0.544404
vn 0.575749 0.610031 0.544404
vn 0.575749 0.610031 0.544404
vn 0.575749 0.610031 0.544404
vn 0.509833 -0.664803 0.545992
vn 0.509833 -0.664803 0.545992
vn 0.509833 -0.664803 0.545992
vn 0.509833 -0.664803 0.545992
vn -0.986815 0.064973 -0.148235
vn -0.986815 0.064973 -0.148235
vn -0.986815 0.064973 -0.148235
vn -0.986815 0.064973 -0.148235
vn -0.918590 0.306670 -0.249289
vn -0.918590 0.306670 -0.249289
vn -0.918590 0.306670 -0.249289
vn -0.918590 0.306670 -0.249289
vn -0.583981 0.718416 -0.377949
vn -0.583981 0.718416 -0.377949
vn -0.583981 0.718416 -0.377949
vn -0.583981 0.718416 -0.377949
vn -0.881445 0.293183 -0.370267
vn -0.881445 0.293183 -0.370267
vn -0.881445 0.293183 -0.370267
vn -0.881445 0.293183 -0.370267
vn -0.089470 0.877030 -0.472032
vn -0.089470 0.877030 -0.472032
vn -0.089470 0.877030 -0.472032
vn -0.089470 0.877030 -0.472032
vn -0.699624 -0.408083 -0.586511
vn -0.699624 -0.408083 -0.586511
vn -0.699624 -0.408083 -0.586511
vn -0.699624 -0.408083 -0.586511
vn -0.799600 -0.278393 -0.532106
vn -0.799600 -0.278393 -0.532106
vn -0.799600 -0.278393 -0.532106
vn -0.799600 -0.278393 -0.532106
vn -0.975539 -0.085764 -0.202408
vn -0.975539 -0.085764 -0.202408
vn -0.975539 -0.085764 -0.202408
vn -0.975539 -0.085764 -0.202408
vn -0.979784 0.083546 -0.181781
vn -0.979784 0.083546 -0.181781
vn -0.979784 0.083546 -0.181781
vn -0.979784 0.083546 -0.181781
vn -0.924341 0.051048 -0.378137
vn -0.924341 0.051048 -0.378137
vn -0.924341 0.051048 -0.378137
vn -0.924341 0.051048 -0.378137
vn -0.995494 0.016069 -0.093452
vn -0.995494 0.016069 -0.093452
vn -0.995494 0.016069 -0.093452
vn -0.995494 0.016069 -0.093452
vn -0.988062 -0.141051 -0.061959
vn -0.988062 -0.141051 -0.061959
vn -0.988062 -0.141051 -0.061959
vn -0.988062 -0.141051 -0.061959
vn -0.959929 0.047399 -0.276208
vn -0.959929 0.047399 -0.276208
vn -0.959929 0.047399 -0.276208
vn -0.959929 0.047399 -0.276208
vn -0.220588 -0.171802 -0.960117
vn -0.220588 -0.171802 -0.960117
vn -0.220588 -0.171802 -0.960117
vn -0.220588 -0.171802 -0.960117
vn -0.561039 -0.206135 -0.801713
vn -0.561039 -0.206135 -0.801713
vn -0.561039 -0.206135 -0.801713
vn -0.561039 -0.206135 -0.801713
vn -0.763602 -0.193655 -0.615962
vn -0.763602 -0.193655 -0.615962
vn -0.763602 -0.193655 -0.615962
vn -0.763602 -0.193655 -0.615962
vn -0.793552 -0.202568 -0.573796
vn -0.793552 -0.202568 -0.573796
vn -0.793552 -0.202568 -0.573796
vn -0.793552 -0.202568 -0.573796
vn -0.960607 0.146181 -0.236361
vn -0.960607 0.146181 -0.236361
vn -0.960607 0.146181 -0.236361
vn -0.960607 0.146181 -0.236361
vn -0.929687 -0.030009 -0.367127
vn -0.929687 -0.030009 -0.367127
vn -0.929687 -0.030009 -0.367127
vn -0.929687 -0.030009 -0.367127
vn -0.835530 0.477344 -0.272089
vn -0.835530 0.477344 -0.272089
vn -0.835530 0.477344 -0.272089
vn -0.835530 0.477344 -0.272089
vn -0.963579 -0.262928 0.048823
vn -0.963579 -0.262928 0.048823
vn -0.963579 -0.262928 0.048823
vn -0.963579 -0.262928 0.048823
vn -0.770245 0.529360 -0.355670
vn -0.770245 0.529360 -0.355670
vn -0.770245 0.529360 -0.355670
vn -0.770245 0.529360 -0.355670
vn -0.732199 0.556600 -0.392531
vn -0.732199 0.556600 -0.392531
vn -0.732199 0.556600 -0.392531
vn -0.732199 0.556600 -0.392531
vn -0.144166 0.957204 -0.250953
vn -0.144166 0.957204 -0.250953
vn -0.144166 0.957204 -0.250953
vn -0.144166 0.957204 -0.250953
vn -0.730313 -0.126063 -0.671380
vn -0.730313 -0.126063 -0.671380
vn -0.730313 -0.126063 -0.671380
vn -0.730313 -0.126063 -0.671380
vn -0.709839 0.308806 -0.633062
vn -0.709839 0.308806 -0.633062
vn -0.709839 0.308806 -0.633062
vn -0.709839 0.308806 -0.633062
vn -0.319252 0.682826 -0.657135
vn -0.319252 0.682826 -0.657135
vn -0.319252 0.682826 -0.657135
vn -0.319252 0.682826 -0.657135
vn -0.244326 0.816812 -0.522611
vn -0.244326 0.816812 -0.522611
vn -0.244326 0.816812 -0.522611
vn -0.244326 0.816812 -0.522611
vn -0.247132 0.920673 -0.302137
vn -0.247132 0.920673 -0.302137
vn -0.247132 0.920673 -0.302137
vn -0.247132 0.920673 -0.302137
vn -0.290934 0.925371 -0.242995
vn -0.290934 0.925371 -0.242995
vn -0.290934 0.925371 -0.242995
vn -0.290934 0.925371 -0.242995
vn -0.324695 0.901811 -0.285151
vn -0.324695 0.901811 -0.285151
vn -0.324695 0.901811 -0.285151
vn -0.324695 0.901811 -0.285151
vn -0.400188 0.875318 -0.271418
vn -0.400188 0.875318 -0.271418
vn -0.400188 0.875318 -0.271418
vn -0.400188 0.875318 -0.271418
vn -0.924034 0.169092 -0.342884
vn -0.924034 0.169092 -0.342884
vn -0.924034 0.169092 -0.342884
vn -0.924034 0.169092 -0.342884
vn -0.838612 0.380816 -0.389499
vn -0.838612 0.380816 -0.389499
vn -0.838612 0.380816 -0.389499
vn -0.838612 0.380816 -0.389499
vn -0.984555 0.141532 0.103051
vn -0.984555 0.141532 0.103051
vn -0.984555 0.141532 0.103051
vn -0.984555 0.141532 0.103051
vn -0.999236 -0.026310 0.028895
vn -0.999236 -0.026310 0.028895
vn -0.999236 -0.026310 0.028895
vn -0.999236 -0.026310 0.028895
vn -0.387599 0.119497 -0.914050
vn -0.387599 0.119497 -0.914050
vn -0.387599 0.119497 -0.914050
vn -0.387599 0.119497 -0.914050
vn -0.330615 -0.719291 -0.610995
vn -0.330615 -0.719291 -0.610995
vn -0.330615 -0.719291 -0.610995
vn -0.330615 -0.719291 -0.610995
vn -0.338821 -0.862167 -0.376653
vn -0.338821 -0.862167 -0.376653
vn -0.338821 -0.862167 -0.376653
vn -0.338821 -0.862167 -0.376653
vn -0.352310 -0.887409 -0.297293
vn -0.352310 -0.887409 -0.297293
vn -0.352310 -0.887409 -0.297293
vn -0.352310 -0.887409 -0.297293
vn -0.437333 -0.872596 -0.217521
vn -0.437333 -0.872596 -0.217521
vn -0.437333 -0.872596 -0.217521
vn -0.437333 -0.872596 -0.217521
vn -0.493647 -0.838588 -0.230399
vn -0.493647 -0.838588 -0.230399
vn -0.493647 -0.838588 -0.230399
vn -0.493647 -0.838588 -0.230399
vn -0.548236 -0.808378 -0.214387
vn -0.548236 -0.808378 -0.214387
vn -0.548236 -0.808378 -0.214387
vn -0.548236 -0.808378 -0.214387
vn -0.611455 -0.769767 -0.183256
vn -0.611455 -0.769767 -0.183256
vn -0.611455 -0.769767 -0.183256
vn -0.611455 -0.769767 -0.183256
vn -0.963308 -0.076638 -0.257224
vn -0.963308 -0.076638 -0.257224
vn -0.963308 -0.076638 -0.257224
vn -0.963308 -0.076638 -0.257224
vn -0.996145 0.018085 -0.085833
vn -0.996145 0.018085 -0.085833
vn -0.996145 0.018085 -0.085833
vn -0.996145 0.018085 -0.085833
vn -0.966000 0.039211 -0.255553
vn -0.966000 0.039211 -0.255553
vn -0.966000 0.039211 -0.255553
vn -0.966000 0.039211 -0.255553
vn -0.671972 -0.735842 -0.083612
vn -0.671972 -0.735842 -0.083612
vn -0.671972 -0.735842 -0.083612
vn -0.671972 -0.735842 -0.083612
vn -0.891914 -0.258604 -0.370964
vn -0.891914 -0.258604 -0.370964
vn -0.891914 -0.258604 -0.370964
vn -0.891914 -0.258604 -0.370964
vn -0.931152 0.358689 -0.065560
vn -0.931152 0.358689 -0.065560
vn -0.931152 0.358689 -0.065560
vn -0.931152 0.358689 -0.065560
vn -0.908639 0.271201 0.317530
vn -0.908639 0.271201 0.317530
vn -0.908639 0.271201 0.317530
vn -0.908639 0.271201 0.317530
vn -0.660625 0.524407 -0.537189
vn -0.660625 0.524407 -0.537189
vn -0.660625 0.524407 -0.537189
vn -0.660625 0.524407 -0.537189
vn -0.216675 0.546889 -0.808680
vn -0.216675 0.546889 -0.808680
vn -0.216675 0.546889 -0.808680
vn -0.216675 0.546889 -0.808680
vn 0.881693 -0.445712 -0.154786
vn 0.881693 -0.445712 -0.154786
vn 0.881693 -0.445712 -0.154786
vn 0.881693 -0.445712 -0.154786
vn -0.737037 0.662700 -0.132684
vn -0.737037 0.662700 -0.132684
vn -0.737037 0.662700 -0.132684
vn -0.737037 0.662700 -0.132684
vn -0.884139 0.435965 -0.168025
vn -0.884139 0.435965 -0.168025
vn -0.884139 0.435965 -0.168025
vn -0.884139 0.435965 -0.168025
vn -0.914804 0.310709 -0.258059
vn -0.914804 0.310709 -0.258059
vn -0.914804 0.310709 -0.258059
vn -0.914804 0.310709 -0.258059
vn -0.275594 0.950167 -0.145706
vn -0.275594 0.950167 -0.145706
vn -0.275594 0.950167 -0.145706
vn -0.275594 0.950167 -0.145706
vn -0.490102 0.862840 -0.123723
vn -0.490102 0.862840 -0.123723
vn -0.490102 0.862840 -0.123723
vn -0.490102 0.862840 -0.123723
vn -0.802544 0.578503 -0.145800
vn -0.802544 0.578503 -0.145800
vn -0.802544 0.578503 -0.145800
vn -0.802544 0.578503 -0.145800
vn -0.892028 0.451940 -0.005971
vn -0.892028 0.451940 -0.005971
vn -0.892028 0.451940 -0.005971
vn -0.892028 0.451940 -0.005971
vn -0.994793 0.081406 0.061311
vn -0.994793 0.081406 0.061311
vn -0.994793 0.081406 0.061311
vn -0.994793 0.081406 0.061311
vn -0.983313 -0.180856 -0.019651
vn -0.983313 -0.180856 -0.019651
vn -0.983313 -0.180856 -0.019651
vn -0.983313 -0.180856 -0.019651
vn -0.767317 -0.476598 -0.429045
vn -0.767317 -0.476598 -0.429045
vn -0.767317 -0.476598 -0.429045
vn -0.767317 -0.476598 -0.429045
vn -0.684817 -0.513096 -0.517454
vn -0.684817 -0.513096 -0.517454
vn -0.684817 -0.513096 -0.517454
vn -0.684817 -0.513096 -0.517454
vn -0.724036 -0.383828 -0.573104
vn -0.724036 -0.383828 -0.573104
vn -0.724036 -0.383828 -0.573104
vn -0.724036 -0.383828 -0.573104
vn -0.697409 0.000739 -0.716673
vn -0.697409 0.000739 -0.716673
vn -0.697409 0.000739 -0.716673
vn -0.697409 0.000739 -0.716673
vn -0.391880 -0.134212 -0.910174
vn -0.391880 -0.134212 -0.910174
vn -0.391880 -0.134212 -0.910174
vn -0.391880 -0.134212 -0.910174
vn -0.183413 0.139589 -0.973075
vn -0.183413 0.139589 -0.973075
vn -0.183413 0.139589 -0.973075
vn -0.183413 0.139589 -0.973075
vn -0.047892 0.267287 -0.962426
vn -0.047892 0.267287 -0.962426
vn -0.047892 0.267287 -0.962426
vn -0.047892 0.267287 -0.962426
vn -0.132353 0.681278 -0.719961
vn -0.132353 0.681278 -0.719961
vn -0.132353 0.681278 -0.719961
vn -0.132353 0.681278 -0.719961
vn -0.259219 0.899345 -0.352114
vn -0.259219 0.899345 -0.352114
vn -0.259219 0.899345 -0.352114
vn -0.259219 0.899345 -0.352114
vn -0.966605 -0.046065 -0.252095
vn -0.966605 -0.046065 -0.252095
vn -0.966605 -0.046065 -0.252095
vn -0.966605 -0.046065 -0.252095
vn -0.790389 -0.484728 -0.374600
vn -0.790389 -0.484728 -0.374600
vn -0.790389 -0.484728 -0.374600
vn -0.790389 -0.484728 -0.374600
vn -0.739697 0.165818 -0.652191
vn -0.739697 0.165818 -0.652191
vn -0.739697 0.165818 -0.652191
vn -0.739697 0.165818 -0.652191
vn -0.919470 0.380042 -0.100711
vn -0.919470 0.380042 -0.100711
vn -0.919470 0.380042 -0.100711
vn -0.919470 0.380042 -0.100711
vn -0.782689 0.366020 -0.503416
vn -0.782689 0.366020 -0.503416
vn -0.782689 0.366020 -0.503416
vn -0.782689 0.366020 -0.503416
vn -0.834387 0.486525 -0.259023
vn -0.834387 0.486525 -0.259023
vn -0.834387 0.486525 -0.259023
vn -0.834387 0.486525 -0.259023
vn -0.801764 0.501470 -0.325119
vn -0.801764 0.501470 -0.325119
vn -0.801764 0.501470 -0.325119
vn -0.801764 0.501470 -0.325119
vn -0.771764 0.329711 -0.543755
vn -0.771764 0.329711 -0.543755
vn -0.771764 0.329711 -0.543755
vn -0.771764 0.329711 -0.543755
vn -0.874885 -0.124729 -0.467995
vn -0.874885 -0.124729 -0.467995
vn -0.874885 -0.124729 -0.467995
vn -0.874885 -0.124729 -0.467995
vn -0.884908 -0.028743 -0.464878
vn -0.884908 -0.028743 -0.464878
vn -0.884908 -0.028743 -0.464878
vn -0.884908 -0.028743 -0.464878
vn -0.964948 0.067418 -0.253636
vn -0.964948 0.067418 -0.253636
vn -0.964948 0.067418 -0.253636
vn -0.964948 0.067418 -0.253636
vn -0.900983 0.174906 -0.397035
vn -0.900983 0.174906 -0.397035
vn -0.900983 0.174906 -0.397035
vn -0.900983 0.174906 -0.397035
vn -0.957883 -0.026901 -0.285897
vn -0.957883 -0.026901 -0.285897
vn -0.957883 -0.026901 -0.285897
vn -0.957883 -0.026901 -0.285897
vn -0.932621 -0.158954 -0.323964
vn -0.932621 -0.158954 -0.323964
vn -0.932621 -0.158954 -0.323964
vn -0.932621 -0.158954 -0.323964
vn -0.934104 -0.219002 -0.281936
vn -0.934104 -0.219002 -0.281936
vn -0.934104 -0.219002 -0.281936
vn -0.934104 -0.219002 -0.281936
vn -0.925759 -0.072608 -0.371078
vn -0.925759 -0.072608 -0.371078
vn -0.925759 -0.072608 -0.371078
vn -0.925759 -0.072608 -0.371078
vn -0.927244 -0.144303 -0.345537
vn -0.927244 -0.144303 -0.345537
vn -0.927244 -0.144303 -0.345537
vn -0.927244 -0.144303 -0.345537
vn -0.965184 -0.068428 -0.252462
vn -0.965184 -0.068428 -0.252462
vn -0.965184 -0.068428 -0.252462
vn -0.965184 -0.068428 -0.252462
vn -0.905064 -0.290274 -0.310808
vn -0.905064 -0.290274 -0.310808
vn -0.905064 -0.290274 -0.310808
vn -0.905064 -0.290274 -0.310808
vn -0.845799 -0.059815 -0.530139
vn -0.845799 -0.059815 -0.530139
vn -0.845799 -0.059815 -0.530139
vn -0.845799 -0.059815 -0.530139
vn -0.834366 -0.132155 -0.535134
vn -0.834366 -0.132155 -0.535134
vn -0.834366 -0.132155 -0.535134
vn -0.834366 -0.132155 -0.535134
vn -0.832851 -0.157505 -0.530614
vn -0.832851 -0.157505 -0.530614
vn -0.832851 -0.157505 -0.530614
vn -0.832851 -0.157505 -0.530614
vn -0.681708 -0.502784 -0.531490
vn -0.681708 -0.502784 -0.531490
vn -0.681708 -0.502784 -0.531490
vn -0.681708 -0.502784 -0.531490
vn -0.772805 -0.230436 -0.591330
vn -0.772805 -0.230436 -0.591330
vn -0.772805 -0.230436 -0.591330
vn -0.772805 -0.230436 -0.591330
vn -0.839801 -0.098427 -0.533897
vn -0.839801 -0.098427 -0.533897
vn -0.839801 -0.098427 -0.533897
vn -0.839801 -0.098427 -0.533897
vn -0.817432 -0.161044 -0.553056
vn -0.817432 -0.161044 -0.553056
vn -0.817432 -0.161044 -0.553056
vn -0.817432 -0.161044 -0.553056
vn -0.563697 0.817277 0.119602
vn -0.563697 0.817277 0.119602
vn -0.563697 0.817277 0.119602
vn -0.563697 0.817277 0.119602
vn -0.449044 0.857505 0.251086
vn -0.449044 0.857505 0.251086
vn -0.449044 0.857505 0.251086
vn -0.449044 0.857505 0.251086
vn -0.408732 0.909461 0.076284
vn -0.408732 0.909461 0.076284
vn -0.408732 0.909461 0.076284
vn -0.408732 0.909461 0.076284
vn -0.359412 0.928078 -0.097441
vn -0.359412 0.928078 -0.097441
vn -0.359412 0.928078 -0.097441
vn -0.359412 0.928078 -0.097441
vn -0.274915 0.943814 -0.183403
vn -0.274915 0.943814 -0.183403
vn -0.274915 0.943814 -0.183403
vn -0.274915 0.943814 -0.183403
vn -0.213885 0.947073 -0.239388
vn -0.213885 0.947073 -0.239388
vn -0.213885 0.947073 -0.239388
vn -0.213885 0.947073 -0.239388
vn -0.207280 0.940526 -0.269158
vn -0.207280 0.940526 -0.269158
vn -0.207280 0.940526 -0.269158
vn -0.207280 0.940526 -0.269158
vn -0.214301 0.943102 -0.254231
vn -0.214301 0.943102 -0.254231
vn -0.214301 0.943102 -0.254231
vn -0.214301 0.943102 -0.254231
vn -0.221236 0.929245 -0.295904
vn -0.221236 0.929245 -0.295904
vn -0.221236 0.929245 -0.295904
vn -0.221236 0.929245 -0.295904
vn -0.267531 0.830138 -0.489181
vn -0.267531 0.830138 -0.489181
vn -0.267531 0.830138 -0.489181
vn -0.267531 0.830138 -0.489181
vn -0.325127 0.700125 -0.635702
vn -0.325127 0.700125 -0.635702
vn -0.325127 0.700125 -0.635702
vn -0.325127 0.700125 -0.635702
vn -0.405088 0.588310 -0.699853
vn -0.405088 0.588310 -0.699853
vn -0.405088 0.588310 -0.699853
vn -0.405088 0.588310 -0.699853
vn -0.687990 -0.035315 -0.724860
vn -0.687990 -0.035315 -0.724860
vn -0.687990 -0.035315 -0.724860
vn -0.687990 -0.035315 -0.724860
vn -0.535623 0.082068 -0.840460
vn -0.535623 0.082068 -0.840460
vn -0.535623 0.082068 -0.840460
vn -0.535623 0.082068 -0.840460
vn -0.886794 0.122279 -0.445695
vn -0.886794 0.122279 -0.445695
vn -0.886794 0.122279 -0.445695
vn -0.886794 0.122279 -0.445695
vn -0.825708 -0.162926 -0.540056
vn -0.825708 -0.162926 -0.540056
vn -0.825708 -0.162926 -0.540056
vn -0.825708 -0.162926 -0.540056
vn -0.906146 0.151088 -0.395059
vn -0.906146 0.151088 -0.395059
vn -0.906146 0.151088 -0.395059
vn -0.906146 0.151088 -0.395059
vn -0.870082 -0.047836 -0.490580
vn -0.870082 -0.047836 -0.490580
vn -0.870082 -0.047836 -0.490580
vn -0.870082 -0.047836 -0.490580
vn -0.427470 -0.394282 -0.813518
vn -0.427470 -0.394282 -0.813518
vn -0.427470 -0.394282 -0.813518
vn -0.427470 -0.394282 -0.813518
vn -0.334105 -0.785540 -0.520866
vn -0.334105 -0.785540 -0.520866
vn -0.334105 -0.785540 -0.520866
vn -0.334105 -0.785540 -0.520866
vn -0.436020 0.472967 -0.765630
vn -0.436020 0.472967 -0.765630
vn -0.436020 0.472967 -0.765630
vn -0.436020 0.472967 -0.765630
vn -0.909387 0.221893 -0.351821
vn -0.909387 0.221893 -0.351821
vn -0.909387 0.221893 -0.351821
vn -0.909387 0.221893 -0.351821
vn -0.853106 0.366685 -0.371150
vn -0.853106 0.366685 -0.371150
vn -0.853106 0.366685 -0.371150
vn -0.853106 0.366685 -0.371150
vn -0.987014 -0.046157 -0.153862
vn -0.987014 -0.046157 -0.153862
vn -0.987014 -0.046157 -0.153862
vn -0.987014 -0.046157 -0.153862
vn -0.870488 -0.470809 -0.143494
vn -0.870488 -0.470809 -0.143494
vn -0.870488 -0.470809 -0.143494
vn -0.870488 -0.470809 -0.143494
vn -0.987717 -0.154779 -0.021430
vn -0.987717 -0.154779 -0.021430
vn -0.987717 -0.154779 -0.021430
vn -0.987717 -0.154779 -0.021430
vn -0.662895 -0.673411 0.327243
vn -0.662895 -0.673411 0.327243
vn -0.662895 -0.673411 0.327243
vn -0.662895 -0.673411 0.327243
vn -0.206209 -0.875236 0.437538
vn -0.206209 -0.875236 0.437538
vn -0.206209 -0.875236 0.437538
vn -0.206209 -0.875236 0.437538
vn -0.995255 -0.097296 -0.000302
vn -0.995255 -0.097296 -0.000302
vn -0.995255 -0.097296 -0.000302
vn -0.995255 -0.097296 -0.000302
vn -0.902666 0.405804 0.143235
vn -0.902666 0.405804 0.143235
vn -0.902666 0.405804 0.143235
vn -0.902666 0.405804 0.143235
vn -0.617473 0.740296 0.265876
vn -0.617473 0.740296 0.265876
vn -0.617473 0.740296 0.265876
vn -0.617473 0.740296 0.265876
vn -0.521206 0.834051 0.180841
vn -0.521206 0.834051 0.180841
vn -0.521206 0.834051 0.180841
vn -0.521206 0.834051 0.180841
vn -0.315158 0.944718 0.090459
vn -0.315158 0.944718 0.090459
vn -0.315158 0.944718 0.090459
vn -0.315158 0.944718 0.090459
vn -0.576638 -0.810661 0.101574
vn -0.576638 -0.810661 0.101574
vn -0.576638 -0.810661 0.101574
vn -0.576638 -0.810661 0.101574
vn -0.989318 0.107575 -0.098378
vn -0.989318 0.107575 -0.098378
vn -0.989318 0.107575 -0.098378
vn -0.989318 0.107575 -0.098378
vn -0.992241 -0.049834 0.113907
vn -0.992241 -0.049834 0.113907
vn -0.992241 -0.049834 0.113907
vn -0.992241 -0.049834 0.113907
vn -0.446329 -0.848070 0.285601
vn -0.446329 -0.848070 0.285601
vn -0.446329 -0.848070 0.285601
vn -0.446329 -0.848070 0.285601
vn -0.738605 -0.523662 0.424547
vn -0.738605 -0.523662 0.424547
vn -0.738605 -0.523662 0.424547
vn -0.738605 -0.523662 0.424547
vn -0.997313 -0.022031 -0.069863
vn -0.997313 -0.022031 -0.069863
vn -0.997313 -0.022031 -0.069863
vn -0.997313 -0.022031 -0.069863
vn -0.987153 -0.040623 0.154526
vn -0.987153 -0.040623 0.154526
vn -0.987153 -0.040623 0.154526
vn -0.987153 -0.040623 0.154526
vn -0.805902 -0.350034 0.477492
vn -0.805902 -0.350034 0.477492
vn -0.805902 -0.350034 0.477492
vn -0.805902 -0.350034 0.477492
vn -0.627329 -0.693153 0.354960
vn -0.627329 -0.693153 0.354960
vn -0.627329 -0.693153 0.354960
vn -0.627329 -0.693153 0.354960
vn -0.415057 -0.678580 -0.606017
vn -0.415057 -0.678580 -0.606017
vn -0.415057 -0.678580 -0.606017
vn -0.415057 -0.678580 -0.606017
vn -0.748750 -0.013278 -0.662720
vn -0.748750 -0.013278 -0.662720
vn -0.748750 -0.013278 -0.662720
vn -0.748750 -0.013278 -0.662720
vn -0.487803 -0.494813 -0.719172
vn -0.487803 -0.494813 -0.719172
vn -0.487803 -0.494813 -0.719172
vn -0.487803 -0.494813 -0.719172
vn -0.091751 -0.378577 -0.921011
vn -0.091751 -0.378577 -0.921011
vn -0.091751 -0.378577 -0.921011
vn -0.091751 -0.378577 -0.921011
vn -0.272963 0.929621 0.247578
vn -0.272963 0.929621 0.247578
vn -0.272963 0.929621 0.247578
vn -0.272963 0.929621 0.247578
vn -0.526025 0.817903 0.233092
vn -0.526025 0.817903 0.233092
vn -0.526025 0.817903 0.233092
vn -0.526025 0.817903 0.233092
vn -0.482630 0.851430 0.205268
vn -0.482630 0.851430 0.205268
vn -0.482630 0.851430 0.205268
vn -0.482630 0.851430 0.205268
vn -0.544948 0.794575 0.267734
vn -0.544948 0.794575 0.267734
vn -0.544948 0.794575 0.267734
vn -0.544948 0.794575 0.267734
vn -0.608073 0.790340 0.074897
vn -0.608073 0.790340 0.074897
vn -0.608073 0.790340 0.074897
vn -0.608073 0.790340 0.074897
vn -0.784003 0.420816 -0.456349
vn -0.784003 0.420816 -0.456349
vn -0.784003 0.420816 -0.456349
vn -0.784003 0.420816 -0.456349
vn -0.086615 0.993555 0.073115
vn -0.086615 0.993555 0.073115
vn -0.086615 0.993555 0.073115
vn -0.086615 0.993555 0.073115
vn -0.514139 0.848369 0.126224
vn -0.514139 0.848369 0.126224
vn -0.514139 0.848369 0.126224
vn -0.514139 0.848369 0.126224
vn -0.510425 0.859382 0.030472
vn -0.510425 0.859382 0.030472
vn -0.510425 0.859382 0.030472
vn -0.510425 0.859382 0.030472
vn -0.604825 0.715692 0.349243
vn -0.604825 0.715692 0.349243
vn -0.604825 0.715692 0.349243
vn -0.604825 0.715692 0.349243
vn -0.610054 0.742719 0.276048
vn -0.610054 0.742719 0.276048
vn -0.610054 0.742719 0.276048
vn -0.610054 0.742719 0.276048
vn -0.611379 0.770117 0.182033
vn -0.611379 0.770117 0.182033
vn -0.611379 0.770117 0.182033
vn -0.611379 0.770117 0.182033
vn -0.616166 0.780551 0.105263
vn -0.616166 0.780551 0.105263
vn -0.616166 0.780551 0.105263
vn -0.616166 0.780551 0.105263
vn -0.602876 0.796952 0.037520
vn -0.602876 0.796952 0.037520
vn -0.602876 0.796952 0.037520
vn -0.602876 0.796952 0.037520
vn -0.648991 0.709340 0.275041
vn -0.648991 0.709340 0.275041
vn -0.648991 0.709340 0.275041
vn -0.648991 0.709340 0.275041
vn -0.629246 0.756521 0.178119
vn -0.629246 0.756521 0.178119
vn -0.629246 0.756521 0.178119
vn -0.629246 0.756521 0.178119
vn -0.615515 0.782706 0.092257
vn -0.615515 0.782706 0.092257
vn -0.615515 0.782706 0.092257
vn -0.615515 0.782706 0.092257
vn -0.674808 0.737992 -0.001221
vn -0.674808 0.737992 -0.001221
vn -0.674808 0.737992 -0.001221
vn -0.674808 0.737992 -0.001221
vn -0.745269 0.602839 -0.284885
vn -0.745269 0.602839 -0.284885
vn -0.745269 0.602839 -0.284885
vn -0.745269 0.602839 -0.284885
vn -0.223558 0.524946 -0.821251
vn -0.223558 0.524946 -0.821251
vn -0.223558 0.524946 -0.821251
vn -0.223558 0.524946 -0.821251
vn -0.503315 0.863564 -0.030499
vn -0.503315 0.863564 -0.030499
vn -0.503315 0.863564 -0.030499
vn -0.503315 0.863564 -0.030499
vn -0.159962 0.623315 -0.765435
vn -0.159962 0.623315 -0.765435
vn -0.159962 0.623315 -0.765435
vn -0.159962 0.623315 -0.765435
vn -0.458922 0.400646 -0.793015
vn -0.458922 0.400646 -0.793015
vn -0.458922 0.400646 -0.793015
vn -0.458922 0.400646 -0.793015
vn 0.510206 0.852231 -0.115727
vn 0.510206 0.852231 -0.115727
vn 0.510206 0.852231 -0.115727
vn 0.510206 0.852231 -0.115727
vn -0.510622 0.664979 0.545039
vn -0.510622 0.664979 0.545039
vn -0.510622 0.664979 0.545039
vn -0.510622 0.664979 0.545039
vn -0.700137 0.713099 -0.036022
vn -0.700137 0.713099 -0.036022
vn -0.700137 0.713099 -0.036022
vn -0.700137 0.713099 -0.036022
vn -0.647448 0.748341 -0.144211
vn -0.647448 0.748341 -0.144211
vn -0.647448 0.748341 -0.144211
vn -0.647448 0.748341 -0.144211
vn -0.568485 0.816275 0.102567
vn -0.568485 0.816275 0.102567
vn -0.568485 0.816275 0.102567
vn -0.568485 0.816275 0.102567
vn -0.428735 0.890758 0.150789
vn -0.428735 0.890758 0.150789
vn -0.428735 0.890758 0.150789
vn -0.428735 0.890758 0.150789
vn -0.273472 0.943306 0.188115
vn -0.273472 0.943306 0.188115
vn -0.273472 0.943306 0.188115
vn -0.273472 0.943306 0.188115
vn -0.326758 0.936293 0.128785
vn -0.326758 0.936293 0.128785
vn -0.326758 0.936293 0.128785
vn -0.326758 0.936293 0.128785
vn -0.651717 0.757854 0.030378
vn -0.651717 0.757854 0.030378
vn -0.651717 0.757854 0.030378
vn -0.651717 0.757854 0.030378
vn -0.676822 0.735242 -0.036495
vn -0.676822 0.735242 -0.036495
vn -0.676822 0.735242 -0.036495
vn -0.676822 0.735242 -0.036495
vn -0.601638 0.796799 0.056057
vn -0.601638 0.796799 0.056057
vn -0.601638 0.796799 0.056057
vn -0.601638 0.796799 0.056057
vn -0.670788 0.690059 -0.271776
vn -0.670788 0.690059 -0.271776
vn -0.670788 0.690059 -0.271776
vn -0.670788 0.690059 -0.271776
vn -0.668393 0.739725 -0.077835
vn -0.668393 0.739725 -0.077835
vn -0.668393 0.739725 -0.077835
vn -0.668393 0.739725 -0.077835
vn -0.499460 0.505941 -0.703252
vn -0.499460 0.505941 -0.703252
vn -0.499460 0.505941 -0.703252
vn -0.499460 0.505941 -0.703252
vn -0.089775 0.981910 0.166715
vn -0.089775 0.981910 0.166715
vn -0.089775 0.981910 0.166715
vn -0.089775 0.981910 0.166715
vn -0.388593 0.893373 0.225565
vn -0.388593 0.893373 0.225565
vn -0.388593 0.893373 0.225565
vn -0.388593 0.893373 0.225565
vn -0.420339 0.897058 0.136389
vn -0.420339 0.897058 0.136389
vn -0.420339 0.897058 0.136389
vn -0.420339 0.897058 0.136389
vn -0.403266 0.914509 0.032397
vn -0.403266 0.914509 0.032397
vn -0.403266 0.914509 0.032397
vn -0.403266 0.914509 0.032397
vn -0.381826 0.922750 -0.052361
vn -0.381826 0.922750 -0.052361
vn -0.381826 0.922750 -0.052361
vn -0.381826 0.922750 -0.052361
vn 0.323235 0.933914 -0.152721
vn 0.323235 0.933914 -0.152721
vn 0.323235 0.933914 -0.152721
vn 0.323235 0.933914 -0.152721
vn -0.563029 0.818169 0.116614
vn -0.563029 0.818169 0.116614
vn -0.563029 0.818169 0.116614
vn -0.563029 0.818169 0.116614
vn -0.561932 0.826408 0.035813
vn -0.561932 0.826408 0.035813
vn -0.561932 0.826408 0.035813
vn -0.561932 0.826408 0.035813
vn -0.532454 0.846391 0.010690
vn -0.532454 0.846391 0.010690
vn -0.532454 0.846391 0.010690
vn -0.532454 0.846391 0.010690
vn -0.559023 0.714374 0.420906
vn -0.559023 0.714374 0.420906
vn -0.559023 0.714374 0.420906
vn -0.559023 0.714374 0.420906
vn -0.703093 0.680317 -0.206952
vn -0.703093 0.680317 -0.206952
vn -0.703093 0.680317 -0.206952
vn -0.703093 0.680317 -0.206952
vn -0.665037 0.720341 -0.197065
vn -0.665037 0.720341 -0.197065
vn -0.665037 0.720341 -0.197065
vn -0.665037 0.720341 -0.197065
vn -0.408921 0.911172 0.050494
vn -0.408921 0.911172 0.050494
vn -0.408921 0.911172 0.050494
vn -0.408921 0.911172 0.050494
vn -0.515494 0.854932 0.057942
vn -0.515494 0.854932 0.057942
vn -0.515494 0.854932 0.057942
vn -0.515494 0.854932 0.057942
vn -0.564521 0.823456 0.056897
vn -0.564521 0.823456 0.056897
vn -0.564521 0.823456 0.056897
vn -0.564521 0.823456 0.056897
vn -0.611606 0.788968 0.058887
vn -0.611606 0.788968 0.058887
vn -0.611606 0.788968 0.058887
vn -0.611606 0.788968 0.058887
vn -0.639957 0.767177 0.043520
vn -0.639957 0.767177 0.043520
vn -0.639957 0.767177 0.043520
vn -0.639957 0.767177 0.043520
vn -0.659101 0.751130 0.037259
vn -0.659101 0.751130 0.037259
vn -0.659101 0.751130 0.037259
vn -0.659101 0.751130 0.037259
vn -0.723705 0.689934 0.015549
vn -0.723705 0.689934 0.015549
vn -0.723705 0.689934 0.015549
vn -0.723705 0.689934 0.015549
vn -0.387577 0.921819 -0.005815
vn -0.387577 0.921819 -0.005815
vn -0.387577 0.921819 -0.005815
vn -0.387577 0.921819 -0.005815
vn -0.505811 0.862536 0.013628
vn -0.505811 0.862536 0.013628
vn -0.505811 0.862536 0.013628
vn -0.505811 0.862536 0.013628
vn -0.554012 0.832240 0.021156
vn -0.554012 0.832240 0.021156
vn -0.554012 0.832240 0.021156
vn -0.554012 0.832240 0.021156
vn -0.596068 0.801802 0.042616
vn -0.596068 0.801802 0.042616
vn -0.596068 0.801802 0.042616
vn -0.596068 0.801802 0.042616
vn -0.652896 0.756861 0.029813
vn -0.652896 0.756861 0.029813
vn -0.652896 0.756861 0.029813
vn -0.652896 0.756861 0.029813
vn -0.695445 0.718549 0.006635
vn -0.695445 0.718549 0.006635
vn -0.695445 0.718549 0.006635
vn -0.695445 0.718549 0.006635
vn -0.725486 0.683561 -0.080086
vn -0.725486 0.683561 -0.080086
vn -0.725486 0.683561 -0.080086
vn -0.725486 0.683561 -0.080086
vn -0.793775 0.445375 -0.414201
vn -0.793775 0.445375 -0.414201
vn -0.793775 0.445375 -0.414201
vn -0.793775 0.445375 -0.414201
vn -0.383989 0.915333 -0.121320
vn -0.383989 0.915333 -0.121320
vn -0.383989 0.915333 -0.121320
vn -0.383989 0.915333 -0.121320
vn -0.486890 0.869952 -0.078241
vn -0.486890 0.869952 -0.078241
vn -0.486890 0.869952 -0.078241
vn -0.486890 0.869952 -0.078241
vn -0.496608 0.867155 -0.037731
vn -0.496608 0.867155 -0.037731
vn -0.496608 0.867155 -0.037731
vn -0.496608 0.867155 -0.037731
vn -0.634779 0.771874 -0.035587
vn -0.634779 0.771874 -0.035587
vn -0.634779 0.771874 -0.035587
vn -0.634779 0.771874 -0.035587
vn -0.702984 0.705451 -0.090288
vn -0.702984 0.705451 -0.090288
vn -0.702984 0.705451 -0.090288
vn -0.702984 0.705451 -0.090288
vn -0.671122 0.738456 -0.065406
vn -0.671122 0.738456 -0.065406
vn -0.671122 0.738456 -0.065406
vn -0.671122 0.738456 -0.065406
vn -0.749591 0.493753 -0.440819
vn -0.749591 0.493753 -0.440819
vn -0.749591 0.493753 -0.440819
vn -0.749591 0.493753 -0.440819
vn -0.547750 0.808562 0.214936
vn -0.547750 0.808562 0.214936
vn -0.547750 0.808562 0.214936
vn -0.547750 0.808562 0.214936
vn -0.503925 0.830959 0.235727
vn -0.503925 0.830959 0.235727
vn -0.503925 0.830959 0.235727
vn -0.503925 0.830959 0.235727
vn -0.362952 0.893274 0.265192
vn -0.362952 0.893274 0.265192
vn -0.362952 0.893274 0.265192
vn -0.362952 0.893274 0.265192
vn -0.530942 0.798303 0.284275
vn -0.530942 0.798303 0.284275
vn -0.530942 0.798303 0.284275
vn -0.530942 0.798303 0.284275
vn -0.470762 0.830876 0.296695
vn -0.470762 0.830876 0.296695
vn -0.470762 0.830876 0.296695
vn -0.470762 0.830876 0.296695
vn -0.314890 0.890708 0.327847
vn -0.314890 0.890708 0.327847
vn -0.314890 0.890708 0.327847
vn -0.314890 0.890708 0.327847
vn -0.543487 0.756885 0.362969
vn -0.543487 0.756885 0.362969
vn -0.543487 0.756885 0.362969
vn -0.543487 0.756885 0.362969
vn -0.445730 0.808487 0.384283
vn -0.445730 0.808487 0.384283
vn -0.445730 0.808487 0.384283
vn -0.445730 0.808487 0.384283
vn -0.256251 0.875409 0.409871
vn -0.256251 0.875409 0.409871
vn -0.256251 0.875409 0.409871
vn -0.256251 0.875409 0.409871
vn -0.504095 0.685640 0.525153
vn -0.504095 0.685640 0.525153
vn -0.504095 0.685640 0.525153
vn -0.504095 0.685640 0.525153
vn -0.293319 0.786038 0.544158
vn -0.293319 0.786038 0.544158
vn -0.293319 0.786038 0.544158
vn -0.293319 0.786038 0.544158
vn -0.344365 0.880398 0.326056
vn -0.344365 0.880398 0.326056
vn -0.344365 0.880398 0.326056
vn -0.344365 0.880398 0.326056
vn -0.483372 0.829355 0.280218
vn -0.483372 0.829355 0.280218
vn -0.483372 0.829355 0.280218
vn -0.483372 0.829355 0.280218
vn -0.537115 0.803471 0.256791
vn -0.537115 0.803471 0.256791
vn -0.537115 0.803471 0.256791
vn -0.537115 0.803471 0.256791
vn -0.606268 0.754063 0.252642
vn -0.606268 0.754063 0.252642
vn -0.606268 0.754063 0.252642
vn -0.606268 0.754063 0.252642
vn -0.633589 0.724434 0.271588
vn -0.633589 0.724434 0.271588
vn -0.633589 0.724434 0.271588
vn -0.633589 0.724434 0.271588
vn -0.548278 0.791716 0.269402
vn -0.548278 0.791716 0.269402
vn -0.548278 0.791716 0.269402
vn -0.548278 0.791716 0.269402
vn -0.460941 0.850189 0.254386
vn -0.460941 0.850189 0.254386
vn -0.460941 0.850189 0.254386
vn -0.460941 0.850189 0.254386
vn -0.395279 0.897228 0.196814
vn -0.395279 0.897228 0.196814
vn -0.395279 0.897228 0.196814
vn -0.395279 0.897228 0.196814
vn -0.515337 0.840908 0.165236
vn -0.515337 0.840908 0.165236
vn -0.515337 0.840908 0.165236
vn -0.515337 0.840908 0.165236
vn -0.556526 0.814858 0.162126
vn -0.556526 0.814858 0.162126
vn -0.556526 0.814858 0.162126
vn -0.556526 0.814858 0.162126
vn -0.615291 0.774008 0.149424
vn -0.615291 0.774008 0.149424
vn -0.615291 0.774008 0.149424
vn -0.615291 0.774008 0.149424
vn -0.616198 0.771264 0.159537
vn -0.616198 0.771264 0.159537
vn -0.616198 0.771264 0.159537
vn -0.616198 0.771264 0.159537
vn -0.568392 0.794272 0.214620
vn -0.568392 0.794272 0.214620
vn -0.568392 0.794272 0.214620
vn -0.568392 0.794272 0.214620
vn -0.587259 0.755849 0.289516
vn -0.587259 0.755849 0.289516
vn -0.587259 0.755849 0.289516
vn -0.587259 0.755849 0.289516
vn -0.540355 0.796442 0.271473
vn -0.540355 0.796442 0.271473
vn -0.540355 0.796442 0.271473
vn -0.540355 0.796442 0.271473
vn -0.313418 0.890822 0.328947
vn -0.313418 0.890822 0.328947
vn -0.313418 0.890822 0.328947
vn -0.313418 0.890822 0.328947
vn -0.307289 0.943424 0.124595
vn -0.307289 0.943424 0.124595
vn -0.307289 0.943424 0.124595
vn -0.307289 0.943424 0.124595
vn -0.385144 0.902032 0.194942
vn -0.385144 0.902032 0.194942
vn -0.385144 0.902032 0.194942
vn -0.385144 0.902032 0.194942
vn -0.478258 0.801554 0.358860
vn -0.478258 0.801554 0.358860
vn -0.478258 0.801554 0.358860
vn -0.478258 0.801554 0.358860
vn -0.445980 0.805185 0.390869
vn -0.445980 0.805185 0.390869
vn -0.445980 0.805185 0.390869
vn -0.445980 0.805185 0.390869
vn -0.543642 0.643592 0.538742
vn -0.543642 0.643592 0.538742
vn -0.543642 0.643592 0.538742
vn -0.543642 0.643592 0.538742
vn -0.234468 0.786282 0.571651
vn -0.234468 0.786282 0.571651
vn -0.234468 0.786282 0.571651
vn -0.234468 0.786282 0.571651
vn -0.585886 0.730073 0.351754
vn -0.585886 0.730073 0.351754
vn -0.585886 0.730073 0.351754
vn -0.585886 0.730073 0.351754
vn -0.304903 0.719779 0.623660
vn -0.304903 0.719779 0.623660
vn -0.304903 0.719779 0.623660
vn -0.304903 0.719779 0.623660
vn 0.070165 0.996253 0.050557
vn 0.070165 0.996253 0.050557
vn 0.070165 0.996253 0.050557
vn 0.070165 0.996253 0.050557
vn -0.934948 -0.115772 -0.335364
vn -0.934948 -0.115772 -0.335364
vn -0.934948 -0.115772 -0.335364
vn -0.934948 -0.115772 -0.335364
vn -0.543533 0.017262 0.839210
vn -0.543533 0.017262 0.839210
vn -0.543533 0.017262 0.839210
vn -0.543533 0.017262 0.839210
vn 0.412376 -0.369940 0.832521
vn 0.412376 -0.369940 0.832521
vn 0.412376 -0.369940 0.832521
vn 0.412376 -0.369940 0.832521
vn -0.896172 -0.007835 0.443638
vn -0.896172 -0.007835 0.443638
vn -0.896172 -0.007835 0.443638
vn -0.896172 -0.007835 0.443638
vn -0.869562 -0.021714 0.493345
vn -0.869562 -0.021714 0.493345
vn -0.869562 -0.021714 0.493345
vn -0.869562 -0.021714 0.493345
vn -0.776215 -0.008633 0.630410
vn -0.776215 -0.008633 0.630410
vn -0.776215 -0.008633 0.630410
vn -0.776215 -0.008633 0.630410
vn -0.571280 -0.013747 0.820640
vn -0.571280 -0.013747 0.820640
vn -0.571280 -0.013747 0.820640
vn -0.571280 -0.013747 0.820640
vn -0.959351 0.002030 -0.282209
vn -0.959351 0.002030 -0.282209
vn -0.959351 0.002030 -0.282209
vn -0.959351 0.002030 -0.282209
vn -0.666571 -0.009399 0.745382
vn -0.666571 -0.009399 0.745382
vn -0.666571 -0.009399 0.745382
vn -0.666571 -0.009399 0.745382
vn -0.399628 -0.048144 0.915412
vn -0.399628 -0.048144 0.915412
vn -0.399628 -0.048144 0.915412
vn -0.399628 -0.048144 0.915412
vn -0.781977 -0.025537 0.622784
vn -0.781977 -0.025537 0.622784
vn -0.781977 -0.025537 0.622784
vn -0.781977 -0.025537 0.622784
vn -0.855028 -0.286078 -0.432535
vn -0.855028 -0.286078 -0.432535
vn -0.855028 -0.286078 -0.432535
vn -0.855028 -0.286078 -0.432535
vn -0.974873 0.118480 0.188642
vn -0.974873 0.118480 0.188642
vn -0.974873 0.118480 0.188642
vn -0.974873 0.118480 0.188642
vn -0.534461 -0.015426 -0.845052
vn -0.534461 -0.015426 -0.845052
vn -0.534461 -0.015426 -0.845052
vn -0.534461 -0.015426 -0.845052
vn -0.923228 -0.030893 0.383009
vn -0.923228 -0.030893 0.383009
vn -0.923228 -0.030893 0.383009
vn -0.923228 -0.030893 0.383009
vn -0.397683 -0.916698 -0.038896
vn -0.397683 -0.916698 -0.038896
vn -0.397683 -0.916698 -0.038896
vn -0.397683 -0.916698 -0.038896
vn -0.189727 -0.980458 0.052012
vn -0.189727 -0.980458 0.052012
vn -0.189727 -0.980458 0.052012
vn -0.189727 -0.980458 0.052012
vn 0.200952 -0.794848 0.572569
vn 0.200952 -0.794848 0.572569
vn 0.200952 -0.794848 0.572569
vn 0.200952 -0.794848 0.572569
vn -0.115603 -0.987522 -0.106941
vn -0.115603 -0.987522 -0.106941
vn -0.115603 -0.987522 -0.106941
vn -0.115603 -0.987522 -0.106941
vn -0.179627 -0.980563 0.078936
vn -0.179627 -0.980563 0.078936
vn -0.179627 -0.980563 0.078936
vn -0.179627 -0.980563 0.078936
vn -0.099980 -0.947129 0.304878
vn -0.099980 -0.947129 0.304878
vn -0.099980 -0.947129 0.304878
vn -0.099980 -0.947129 0.304878
vn 0.124946 -0.985687 0.113180
vn 0.124946 -0.985687 0.113180
vn 0.124946 -0.985687 0.113180
vn 0.124946 -0.985687 0.113180
vn -0.279304 -0.960127 -0.012023
vn -0.279304 -0.960127 -0.012023
vn -0.279304 -0.960127 -0.012023
vn -0.279304 -0.960127 -0.012023
vn -0.266649 -0.955719 0.124501
vn -0.266649 -0.955719 0.124501
vn -0.266649 -0.955719 0.124501
vn -0.266649 -0.955719 0.124501
vn -0.012634 -0.756085 0.654352
vn -0.012634 -0.756085 0.654352
vn -0.012634 -0.756085 0.654352
vn -0.012634 -0.756085 0.654352
vn -0.515189 -0.821608 -0.244010
vn -0.515189 -0.821608 -0.244010
vn -0.515189 -0.821608 -0.244010
vn -0.515189 -0.821608 -0.244010
vn -0.254856 -0.962328 -0.094731
vn -0.254856 -0.962328 -0.094731
vn -0.254856 -0.962328 -0.094731
vn -0.254856 -0.962328 -0.094731
vn -0.506026 -0.834770 -0.217020
vn -0.506026 -0.834770 -0.217020
vn -0.506026 -0.834770 -0.217020
vn -0.506026 -0.834770 -0.217020
vn -0.272233 -0.960216 -0.062240
vn -0.272233 -0.960216 -0.062240
vn -0.272233 -0.960216 -0.062240
vn -0.272233 -0.960216 -0.062240
vn -0.916454 0.099590 -0.387549
vn -0.916454 0.099590 -0.387549
vn -0.916454 0.099590 -0.387549
vn -0.916454 0.099590 -0.387549
vn -0.433730 0.896603 -0.089341
vn -0.433730 0.896603 -0.089341
vn -0.433730 0.896603 -0.089341
vn -0.433730 0.896603 -0.089341
vn -0.047938 0.990098 -0.131941
vn -0.047938 0.990098 -0.131941
vn -0.047938 0.990098 -0.131941
vn -0.047938 0.990098 -0.131941
vn -0.073569 0.952252 0.296316
vn -0.073569 0.952252 0.296316
vn -0.073569 0.952252 0.296316
vn -0.073569 0.952252 0.296316
vn -0.443100 0.893449 0.073565
vn -0.443100 0.893449 0.073565
vn -0.443100 0.893449 0.073565
vn -0.443100 0.893449 0.073565
vn -0.087022 0.985758 0.143901
vn -0.087022 0.985758 0.143901
vn -0.087022 0.985758 0.143901
vn -0.087022 0.985758 0.143901
vn -0.117898 0.981947 0.147922
vn -0.117898 0.981947 0.147922
vn -0.117898 0.981947 0.147922
vn -0.117898 0.981947 0.147922
vn 0.166075 0.941043 0.294714
vn 0.166075 0.941043 0.294714
vn 0.166075 0.941043 0.294714
vn 0.166075 0.941043 0.294714
vn 0.167278 0.972862 0.159865
vn 0.167278 0.972862 0.159865
vn 0.167278 0.972862 0.159865
vn 0.167278 0.972862 0.159865
vn -0.225343 0.971692 -0.070961
vn -0.225343 0.971692 -0.070961
vn -0.225343 0.971692 -0.070961
vn -0.225343 0.971692 -0.070961
vn 0.107440 0.986536 0.123299
vn 0.107440 0.986536 0.123299
vn 0.107440 0.986536 0.123299
vn 0.107440 0.986536 0.123299
vn -0.291812 0.949045 -0.118989
vn -0.291812 0.949045 -0.118989
vn -0.291812 0.949045 -0.118989
vn -0.291812 0.949045 -0.118989
vn -0.005031 0.992104 -0.125318
vn -0.005031 0.992104 -0.125318
vn -0.005031 0.992104 -0.125318
vn -0.005031 0.992104 -0.125318
vn -0.211706 0.967554 0.137910
vn -0.211706 0.967554 0.137910
vn -0.211706 0.967554 0.137910
vn -0.211706 0.967554 0.137910
vn -0.175273 0.980264 -0.091438
vn -0.175273 0.980264 -0.091438
vn -0.175273 0.980264 -0.091438
vn -0.175273 0.980264 -0.091438
vn 0.215384 0.968024 -0.128608
vn 0.215384 0.968024 -0.128608
vn 0.215384 0.968024 -0.128608
vn 0.215384 0.968024 -0.128608
vn -0.620578 -0.712246 -0.328009
vn -0.620578 -0.712246 -0.328009
vn -0.620578 -0.712246 -0.328009
vn -0.620578 -0.712246 -0.328009
vn -0.362582 -0.924983 -0.113756
vn -0.362582 -0.924983 -0.113756
vn -0.362582 -0.924983 -0.113756
vn -0.362582 -0.924983 -0.113756
vn -0.425521 -0.903743 -0.046700
vn -0.425521 -0.903743 -0.046700
vn -0.425521 -0.903743 -0.046700
vn -0.425521 -0.903743 -0.046700
vn -0.308661 -0.894054 0.324646
vn -0.308661 -0.894054 0.324646
vn -0.308661 -0.894054 0.324646
vn -0.308661 -0.894054 0.324646
vn -0.385947 -0.916109 -0.108578
vn -0.385947 -0.916109 -0.108578
vn -0.385947 -0.916109 -0.108578
vn -0.385947 -0.916109 -0.108578
vn -0.300017 -0.953740 -0.019223
vn -0.300017 -0.953740 -0.019223
vn -0.300017 -0.953740 -0.019223
vn -0.300017 -0.953740 -0.019223
vn -0.235501 -0.922864 0.304732
vn -0.235501 -0.922864 0.304732
vn -0.235501 -0.922864 0.304732
vn -0.235501 -0.922864 0.304732
vn -0.348877 -0.936886 0.023005
vn -0.348877 -0.936886 0.023005
vn -0.348877 -0.936886 0.023005
vn -0.348877 -0.936886 0.023005
vn -0.383869 -0.923380 -0.003826
vn -0.383869 -0.923380 -0.003826
vn -0.383869 -0.923380 -0.003826
vn -0.383869 -0.923380 -0.003826
vn -0.299609 -0.953480 0.033313
vn -0.299609 -0.953480 0.033313
vn -0.299609 -0.953480 0.033313
vn -0.299609 -0.953480 0.033313
vn -0.129841 -0.979098 0.156550
vn -0.129841 -0.979098 0.156550
vn -0.129841 -0.979098 0.156550
vn -0.129841 -0.979098 0.156550
vn -0.413484 -0.909275 0.047432
vn -0.413484 -0.909275 0.047432
vn -0.413484 -0.909275 0.047432
vn -0.413484 -0.909275 0.047432
vn -0.006222 -0.967762 -0.251788
vn -0.006222 -0.967762 -0.251788
vn -0.006222 -0.967762 -0.251788
vn -0.006222 -0.967762 -0.251788
vn -0.495909 -0.635489 -0.591801
vn -0.495909 -0.635489 -0.591801
vn -0.495909 -0.635489 -0.591801
vn -0.495909 -0.635489 -0.591801
vn 0.074485 -0.979878 0.185181
vn 0.074485 -0.979878 0.185181
vn 0.074485 -0.979878 0.185181
vn 0.074485 -0.979878 0.185181
vn 0.966282 0.067856 0.248386
vn 0.966282 0.067856 0.248386
vn 0.966282 0.067856 0.248386
vn 0.966282 0.067856 0.248386
vn -0.509068 0.803353 0.308987
vn -0.509068 0.803353 0.308987
vn -0.509068 0.803353 0.308987
vn -0.509068 0.803353 0.308987
vn -0.820319 -0.014482 0.571723
vn -0.820319 -0.014482 0.571723
vn -0.820319 -0.014482 0.571723
vn -0.820319 -0.014482 0.571723
vn -0.078681 -0.976014 0.202994
vn -0.078681 -0.976014 0.202994
vn -0.078681 -0.976014 0.202994
vn -0.078681 -0.976014 0.202994
vn 0.437364 0.853627 0.282902
vn 0.437364 0.853627 0.282902
vn 0.437364 0.853627 0.282902
vn 0.437364 0.853627 0.282902
vn 0.476490 0.871066 -0.119172
vn 0.476490 0.871066 -0.119172
vn 0.476490 0.871066 -0.119172
vn 0.476490 0.871066 -0.119172
vn -0.510826 0.851810 -0.116084
vn -0.510826 0.851810 -0.116084
vn -0.510826 0.851810 -0.116084
vn -0.510826 0.851810 -0.116084
vn -0.570091 0.810975 -0.131588
vn -0.570091 0.810975 -0.131588
vn -0.570091 0.810975 -0.131588
vn -0.597000 0.752641 0.277710
vn -0.597000 0.752641 0.277710
vn -0.597000 0.752641 0.277710
vn -0.597000 0.752641 0.277710
vn -0.562866 0.767677 0.306357
vn -0.562866 0.767677 0.306357
vn -0.562866 0.767677 0.306357
vn -0.562866 0.767677 0.306357
vn -0.488410 0.836784 0.247484
vn -0.488410 0.836784 0.247484
vn -0.488410 0.836784 0.247484
vn -0.488410 0.836784 0.247484
vn 0.037129 0.978879 0.201039
vn 0.037129 0.978879 0.201039
vn 0.037129 0.978879 0.201039
vn 0.037129 0.978879 0.201039
vn -0.988231 -0.003994 0.152918
vn -0.988231 -0.003994 0.152918
vn -0.988231 -0.003994 0.152918
vn -0.988231 -0.003994 0.152918
vn -0.153842 -0.986747 0.051608
vn -0.153842 -0.986747 0.051608
vn -0.153842 -0.986747 0.051608
vn -0.153842 -0.986747 0.051608
vn -0.273187 -0.961406 0.032653
vn -0.273187 -0.961406 0.032653
vn -0.273187 -0.961406 0.032653
vn -0.273187 -0.961406 0.032653
vn -0.321263 -0.942341 0.093725
vn -0.321263 -0.942341 0.093725
vn -0.321263 -0.942341 0.093725
vn -0.321263 -0.942341 0.093725
vn -0.166547 -0.985001 -0.045120
vn -0.166547 -0.985001 -0.045120
vn -0.166547 -0.985001 -0.045120
vn -0.166547 -0.985001 -0.045120
vn -0.998897 0.017094 0.043737
vn -0.998897 0.017094 0.043737
vn -0.998897 0.017094 0.043737
vn -0.998897 0.017094 0.043737
vn -0.022521 0.993841 -0.108502
vn -0.022521 0.993841 -0.108502
vn -0.022521 0.993841 -0.108502
vn -0.022521 0.993841 -0.108502
vn -0.352265 0.920840 0.167223
vn -0.352265 0.920840 0.167223
vn -0.352265 0.920840 0.167223
vn -0.352265 0.920840 0.167223
vn -0.608430 0.741736 0.282207
vn -0.608430 0.741736 0.282207
vn -0.608430 0.741736 0.282207
vn -0.608430 0.741736 0.282207
vn -0.529019 0.809320 0.255225
vn -0.529019 0.809320 0.255225
vn -0.529019 0.809320 0.255225
vn -0.529019 0.809320 0.255225
vn -0.283302 -0.959029 -0.001671
vn -0.283302 -0.959029 -0.001671
vn -0.283302 -0.959029 -0.001671
vn -0.283302 -0.959029 -0.001671
vn -0.310562 -0.947983 0.069857
vn -0.310562 -0.947983 0.069857
vn -0.310562 -0.947983 0.069857
vn -0.310562 -0.947983 0.069857
vn -0.648378 0.733664 0.203329
vn -0.648378 0.733664 0.203329
vn -0.648378 0.733664 0.203329
vn -0.648378 0.733664 0.203329
vn -0.586575 0.800770 0.121230
vn -0.586575 0.800770 0.121230
vn -0.586575 0.800770 0.121230
vn -0.586575 0.800770 0.121230
vn -0.618026 0.780598 0.093333
vn -0.618026 0.780598 0.093333
vn -0.618026 0.780598 0.093333
vn -0.618026 0.780598 0.093333
vn 0.074358 0.993128 0.090375
vn 0.074358 0.993128 0.090375
vn 0.074358 0.993128 0.090375
vn 0.074358 0.993128 0.090375
vn -0.999135 -0.008265 -0.040764
vn -0.999135 -0.008265 -0.040764
vn -0.999135 -0.008265 -0.040764
vn -0.999135 -0.008265 -0.040764
vn -0.092941 -0.983578 -0.154713
vn -0.092941 -0.983578 -0.154713
vn -0.092941 -0.983578 -0.154713
vn -0.092941 -0.983578 -0.154713
vn -0.348747 -0.936557 -0.035168
vn -0.348747 -0.936557 -0.035168
vn -0.348747 -0.936557 -0.035168
vn -0.348747 -0.936557 -0.035168
vn -0.307324 -0.948733 -0.073874
vn -0.307324 -0.948733 -0.073874
vn -0.307324 -0.948733 -0.073874
vn -0.307324 -0.948733 -0.073874
vn -0.289675 -0.949894 -0.117428
vn -0.289675 -0.949894 -0.117428
vn -0.289675 -0.949894 -0.117428
vn -0.289675 -0.949894 -0.117428
vn -0.995962 0.005576 -0.089601
vn -0.995962 0.005576 -0.089601
vn -0.995962 0.005576 -0.089601
vn -0.995962 0.005576 -0.089601
vn -0.213847 0.976863 -0.002755
vn -0.213847 0.976863 -0.002755
vn -0.213847 0.976863 -0.002755
vn -0.213847 0.976863 -0.002755
vn -0.509443 0.844277 0.166325
vn -0.509443 0.844277 0.166325
vn -0.509443 0.844277 0.166325
vn -0.509443 0.844277 0.166325
vn -0.576275 0.798043 0.176166
vn -0.576275 0.798043 0.176166
vn -0.576275 0.798043 0.176166
vn -0.576275 0.798043 0.176166
vn -0.560438 0.815742 0.143089
vn -0.560438 0.815742 0.143089
vn -0.560438 0.815742 0.143089
vn -0.560438 0.815742 0.143089
vn -0.442065 -0.888049 -0.126288
vn -0.442065 -0.888049 -0.126288
vn -0.442065 -0.888049 -0.126288
vn -0.442065 -0.888049 -0.126288
vn -0.347695 -0.937607 0.001290
vn -0.347695 -0.937607 0.001290
vn -0.347695 -0.937607 0.001290
vn -0.347695 -0.937607 0.001290
vn -0.647585 0.761627 0.023637
vn -0.647585 0.761627 0.023637
vn -0.647585 0.761627 0.023637
vn -0.647585 0.761627 0.023637
vn -0.715133 0.698884 -0.012128
vn -0.715133 0.698884 -0.012128
vn -0.715133 0.698884 -0.012128
vn -0.715133 0.698884 -0.012128
vn -0.344985 0.913531 0.215514
vn -0.344985 0.913531 0.215514
vn -0.344985 0.913531 0.215514
vn -0.344985 0.913531 0.215514
vn 0.972363 -0.045986 -0.228902
vn 0.972363 -0.045986 -0.228902
vn 0.972363 -0.045986 -0.228902
vn 0.972363 -0.045986 -0.228902
vn -0.455431 -0.890255 0.005408
vn -0.455431 -0.890255 0.005408
vn -0.455431 -0.890255 0.005408
vn -0.455431 -0.890255 0.005408
vn -0.371271 -0.928408 -0.014721
vn -0.371271 -0.928408 -0.014721
vn -0.371271 -0.928408 -0.014721
vn -0.371271 -0.928408 -0.014721
vn -0.368641 -0.929486 -0.012636
vn -0.368641 -0.929486 -0.012636
vn -0.368641 -0.929486 -0.012636
vn -0.368641 -0.929486 -0.012636
vn -0.287989 -0.951027 0.112297
vn -0.287989 -0.951027 0.112297
vn -0.287989 -0.951027 0.112297
vn -0.287989 -0.951027 0.112297
vn -0.803321 -0.038163 0.594322
vn -0.803321 -0.038163 0.594322
vn -0.803321 -0.038163 0.594322
vn -0.803321 -0.038163 0.594322
vn -0.153474 0.981226 0.116793
vn -0.153474 0.981226 0.116793
vn -0.153474 0.981226 0.116793
vn -0.153474 0.981226 0.116793
vn -0.754881 0.649772 -0.089168
vn -0.754881 0.649772 -0.089168
vn -0.754881 0.649772 -0.089168
vn -0.754881 0.649772 -0.089168
vn -0.649613 0.758372 -0.053626
vn -0.649613 0.758372 -0.053626
vn -0.649613 0.758372 -0.053626
vn -0.649613 0.758372 -0.053626
vn -0.663370 0.748243 -0.008499
vn -0.663370 0.748243 -0.008499
vn -0.663370 0.748243 -0.008499
vn -0.663370 0.748243 -0.008499
vn -0.606870 0.792857 0.055556
vn -0.606870 0.792857 0.055556
vn -0.606870 0.792857 0.055556
vn -0.606870 0.792857 0.055556
vn -0.353323 -0.935327 0.018070
vn -0.353323 -0.935327 0.018070
vn -0.353323 -0.935327 0.018070
vn -0.353323 -0.935327 0.018070
vn -0.398107 -0.917257 0.012282
vn -0.398107 -0.917257 0.012282
vn -0.398107 -0.917257 0.012282
vn -0.398107 -0.917257 0.012282
vn -0.380692 0.869815 0.313841
vn -0.380692 0.869815 0.313841
vn -0.380692 0.869815 0.313841
vn -0.380692 0.869815 0.313841
vn -0.052727 0.952356 0.300395
vn -0.052727 0.952356 0.300395
vn -0.052727 0.952356 0.300395
vn -0.052727 0.952356 0.300395
vn -0.942927 0.026650 -0.331931
vn -0.942927 0.026650 -0.331931
vn -0.942927 0.026650 -0.331931
vn -0.942927 0.026650 -0.331931
vn -0.225983 -0.969190 -0.097997
vn -0.225983 -0.969190 -0.097997
vn -0.225983 -0.969190 -0.097997
vn -0.225983 -0.969190 -0.097997
vn -0.351769 -0.927435 -0.126979
vn -0.351769 -0.927435 -0.126979
vn -0.351769 -0.927435 -0.126979
vn -0.351769 -0.927435 -0.126979
vn -0.334418 -0.942415 -0.004337
vn -0.334418 -0.942415 -0.004337
vn -0.334418 -0.942415 -0.004337
vn -0.334418 -0.942415 -0.004337
vn 0.019113 -0.994128 0.106506
vn 0.019113 -0.994128 0.106506
vn 0.019113 -0.994128 0.106506
vn 0.019113 -0.994128 0.106506
vn 0.038675 -0.015631 0.999130
vn 0.038675 -0.015631 0.999130
vn 0.038675 -0.015631 0.999130
vn 0.038675 -0.015631 0.999130
vn 0.026965 0.972973 0.229340
vn 0.026965 0.972973 0.229340
vn 0.026965 0.972973 0.229340
vn 0.026965 0.972973 0.229340
vn -0.390799 0.863456 0.318937
vn -0.390799 0.863456 0.318937
vn -0.390799 0.863456 0.318937
vn -0.390799 0.863456 0.318937
vn -0.523835 0.779092 0.344401
vn -0.523835 0.779092 0.344401
vn -0.523835 0.779092 0.344401
vn -0.523835 0.779092 0.344401
vn -0.354691 -0.934891 -0.013151
vn -0.354691 -0.934891 -0.013151
vn -0.354691 -0.934891 -0.013151
vn -0.354691 -0.934891 -0.013151
vn -0.414073 -0.905427 -0.093521
vn -0.414073 -0.905427 -0.093521
vn -0.414073 -0.905427 -0.093521
vn -0.414073 -0.905427 -0.093521
vn -0.558571 0.771956 0.303451
vn -0.558571 0.771956 0.303451
vn -0.558571 0.771956 0.303451
vn -0.558571 0.771956 0.303451
vn -0.381403 0.923485 0.041321
vn -0.381403 0.923485 0.041321
vn -0.381403 0.923485 0.041321
vn -0.381403 0.923485 0.041321
vn -0.305145 0.950579 -0.057331
vn -0.305145 0.950579 -0.057331
vn -0.305145 0.950579 -0.057331
vn -0.305145 0.950579 -0.057331
vn -0.805773 -0.008308 -0.592167
vn -0.805773 -0.008308 -0.592167
vn -0.805773 -0.008308 -0.592167
vn -0.805773 -0.008308 -0.592167
vn -0.166510 -0.966734 0.194163
vn -0.166510 -0.966734 0.194163
vn -0.166510 -0.966734 0.194163
vn -0.166510 -0.966734 0.194163
vn -0.160627 -0.964151 0.211214
vn -0.160627 -0.964151 0.211214
vn -0.160627 -0.964151 0.211214
vn -0.160627 -0.964151 0.211214
vn 0.010656 -0.907795 0.419279
vn 0.010656 -0.907795 0.419279
vn 0.010656 -0.907795 0.419279
vn 0.010656 -0.907795 0.419279
vn 0.428202 0.012641 0.903595
vn 0.428202 0.012641 0.903595
vn 0.428202 0.012641 0.903595
vn 0.428202 0.012641 0.903595
vn 0.067755 0.973849 0.216860
vn 0.067755 0.973849 0.216860
vn 0.067755 0.973849 0.216860
vn 0.067755 0.973849 0.216860
vn -0.324765 0.931116 0.165988
vn -0.324765 0.931116 0.165988
vn -0.324765 0.931116 0.165988
vn -0.324765 0.931116 0.165988
vn -0.403147 0.905250 0.134148
vn -0.403147 0.905250 0.134148
vn -0.403147 0.905250 0.134148
vn -0.403147 0.905250 0.134148
vn -0.545146 0.790555 0.278997
vn -0.545146 0.790555 0.278997
vn -0.545146 0.790555 0.278997
vn -0.545146 0.790555 0.278997
vn -0.583510 0.738840 0.337094
vn -0.583510 0.738840 0.337094
vn -0.583510 0.738840 0.337094
vn -0.583510 0.738840 0.337094
vn -0.603889 0.722005 0.337680
vn -0.603889 0.722005 0.337680
vn -0.603889 0.722005 0.337680
vn -0.603889 0.722005 0.337680
vn -0.388046 0.906571 0.165981
vn -0.388046 0.906571 0.165981
vn -0.388046 0.906571 0.165981
vn -0.388046 0.906571 0.165981
vn -0.408824 0.856219 0.315836
vn -0.408824 0.856219 0.315836
vn -0.408824 0.856219 0.315836
vn -0.408824 0.856219 0.315836
vn -0.286767 0.938605 0.191797
vn -0.286767 0.938605 0.191797
vn -0.286767 0.938605 0.191797
vn -0.286767 0.938605 0.191797
vn -0.352833 0.894797 0.273584
vn -0.352833 0.894797 0.273584
vn -0.352833 0.894797 0.273584
vn -0.352833 0.894797 0.273584
vn -0.214014 -0.492005 -0.843877
vn -0.214014 -0.492005 -0.843877
vn -0.214014 -0.492005 -0.843877
vn -0.214014 -0.492005 -0.843877
vn -0.308123 -0.909531 0.278950
vn -0.308123 -0.909531 0.278950
vn -0.308123 -0.909531 0.278950
vn -0.308123 -0.909531 0.278950
vn -0.165735 -0.900868 0.401208
vn -0.165735 -0.900868 0.401208
vn -0.165735 -0.900868 0.401208
vn -0.165735 -0.900868 0.401208
vn -0.184336 -0.931760 0.312800
vn -0.184336 -0.931760 0.312800
vn -0.184336 -0.931760 0.312800
vn -0.184336 -0.931760 0.312800
vn 0.052411 -0.823397 0.565040
vn 0.052411 -0.823397 0.565040
vn 0.052411 -0.823397 0.565040
vn 0.052411 -0.823397 0.565040
vn 0.313590 0.108235 0.943370
vn 0.313590 0.108235 0.943370
vn 0.313590 0.108235 0.943370
vn 0.313590 0.108235 0.943370
vn -0.122377 0.951689 0.281625
vn -0.122377 0.951689 0.281625
vn -0.122377 0.951689 0.281625
vn -0.122377 0.951689 0.281625
vn -0.251110 0.947772 0.196651
vn -0.251110 0.947772 0.196651
vn -0.251110 0.947772 0.196651
vn -0.251110 0.947772 0.196651
vn -0.389613 0.888438 0.242654
vn -0.389613 0.888438 0.242654
vn -0.389613 0.888438 0.242654
vn -0.389613 0.888438 0.242654
vn -0.436218 0.796519 0.418655
vn -0.436218 0.796519 0.418655
vn -0.436218 0.796519 0.418655
vn -0.436218 0.796519 0.418655
vn -0.512488 0.810021 0.284995
vn -0.512488 0.810021 0.284995
vn -0.512488 0.810021 0.284995
vn -0.512488 0.810021 0.284995
vn -0.634822 0.696395 0.334717
vn -0.634822 0.696395 0.334717
vn -0.634822 0.696395 0.334717
vn -0.634822 0.696395 0.334717
vn -0.536163 0.771164 0.343271
vn -0.536163 0.771164 0.343271
vn -0.536163 0.771164 0.343271
vn -0.536163 0.771164 0.343271
vn -0.563554 0.753494 0.338605
vn -0.563554 0.753494 0.338605
vn -0.563554 0.753494 0.338605
vn -0.563554 0.753494 0.338605
vn -0.285568 0.864358 0.413929
vn -0.285568 0.864358 0.413929
vn -0.285568 0.864358 0.413929
vn -0.285568 0.864358 0.413929
vn -0.453464 0.822050 0.344390
vn -0.453464 0.822050 0.344390
vn -0.453464 0.822050 0.344390
vn -0.453464 0.822050 0.344390
vn -0.539804 0.779469 0.317867
vn -0.539804 0.779469 0.317867
vn -0.539804 0.779469 0.317867
vn -0.539804 0.779469 0.317867
vn -0.609571 0.727276 0.315425
vn -0.609571 0.727276 0.315425
vn -0.609571 0.727276 0.315425
vn -0.609571 0.727276 0.315425
vn -0.644827 0.697646 0.312232
vn -0.644827 0.697646 0.312232
vn -0.644827 0.697646 0.312232
vn -0.644827 0.697646 0.312232
vn -0.266675 0.843225 0.466751
vn -0.266675 0.843225 0.466751
vn -0.266675 0.843225 0.466751
vn -0.266675 0.843225 0.466751
vn -0.446339 0.786567 0.426725
vn -0.446339 0.786567 0.426725
vn -0.446339 0.786567 0.426725
vn -0.446339 0.786567 0.426725
vn -0.542009 0.741927 0.394678
vn -0.542009 0.741927 0.394678
vn -0.542009 0.741927 0.394678
vn -0.542009 0.741927 0.394678
vn -0.591649 0.706643 0.388082
vn -0.591649 0.706643 0.388082
vn -0.591649 0.706643 0.388082
vn -0.591649 0.706643 0.388082
vn -0.623499 0.686704 0.373746
vn -0.623499 0.686704 0.373746
vn -0.623499 0.686704 0.373746
vn -0.623499 0.686704 0.373746
vn -0.312296 0.906371 0.284540
vn -0.312296 0.906371 0.284540
vn -0.312296 0.906371 0.284540
vn -0.312296 0.906371 0.284540
vn 0.042058 0.997027 -0.064556
vn 0.042058 0.997027 -0.064556
vn 0.042058 0.997027 -0.064556
vn 0.042058 0.997027 -0.064556
vn -0.988664 -0.019617 0.148857
vn -0.988664 -0.019617 0.148857
vn -0.988664 -0.019617 0.148857
vn -0.988664 -0.019617 0.148857
vn -0.241764 -0.968638 -0.057367
vn -0.241764 -0.968638 -0.057367
vn -0.241764 -0.968638 -0.057367
vn -0.241764 -0.968638 -0.057367
vn -0.574012 0.728040 0.374791
vn -0.574012 0.728040 0.374791
vn -0.574012 0.728040 0.374791
vn -0.574012 0.728040 0.374791
vn -0.374284 0.874686 0.307954
vn -0.374284 0.874686 0.307954
vn -0.374284 0.874686 0.307954
vn -0.374284 0.874686 0.307954
vn -0.385733 0.910189 0.150886
vn -0.385733 0.910189 0.150886
vn -0.385733 0.910189 0.150886
vn -0.385733 0.910189 0.150886
vn -0.991122 0.123532 0.049167
vn -0.991122 0.123532 0.049167
vn -0.991122 0.123532 0.049167
vn -0.991122 0.123532 0.049167
vn -0.031679 -0.989714 -0.139509
vn -0.031679 -0.989714 -0.139509
vn -0.031679 -0.989714 -0.139509
vn -0.031679 -0.989714 -0.139509
vn 0.945350 -0.059122 0.320651
vn 0.945350 -0.059122 0.320651
vn 0.945350 -0.059122 0.320651
vn 0.945350 -0.059122 0.320651
vn -0.351503 0.926976 -0.130999
vn -0.351503 0.926976 -0.130999
vn -0.351503 0.926976 -0.130999
vn -0.351503 0.926976 -0.130999
vn -0.409281 0.887424 0.212056
vn -0.409281 0.887424 0.212056
vn -0.409281 0.887424 0.212056
vn -0.409281 0.887424 0.212056
vn -0.404876 0.864936 0.296583
vn -0.404876 0.864936 0.296583
vn -0.404876 0.864936 0.296583
vn -0.404876 0.864936 0.296583
vn -0.351477 0.856761 0.377393
vn -0.351477 0.856761 0.377393
vn -0.351477 0.856761 0.377393
vn -0.351477 0.856761 0.377393
vn -0.470305 0.733375 0.490891
vn -0.470305 0.733375 0.490891
vn -0.470305 0.733375 0.490891
vn -0.470305 0.733375 0.490891
vn -0.238849 -0.966193 0.097070
vn -0.238849 -0.966193 0.097070
vn -0.238849 -0.966193 0.097070
vn -0.238849 -0.966193 0.097070
vn 0.124260 -0.882866 0.452887
vn 0.124260 -0.882866 0.452887
vn 0.124260 -0.882866 0.452887
vn 0.124260 -0.882866 0.452887
vn 0.045207 -0.807138 0.588629
vn 0.045207 -0.807138 0.588629
vn 0.045207 -0.807138 0.588629
vn 0.045207 -0.807138 0.588629
vn -0.326467 0.919915 -0.217201
vn -0.326467 0.919915 -0.217201
vn -0.326467 0.919915 -0.217201
vn -0.326467 0.919915 -0.217201
vn -0.621742 0.010720 0.783149
vn -0.621742 0.010720 0.783149
vn -0.621742 0.010720 0.783149
vn -0.621742 0.010720 0.783149
vn 0.042526 -0.940142 0.338118
vn 0.042526 -0.940142 0.338118
vn 0.042526 -0.940142 0.338118
vn 0.042526 -0.940142 0.338118
vn -0.203914 0.976801 0.065418
vn -0.203914 0.976801 0.065418
vn -0.203914 0.976801 0.065418
vn -0.203914 0.976801 0.065418
vn -0.428160 0.903381 0.024138
vn -0.428160 0.903381 0.024138
vn -0.428160 0.903381 0.024138
vn -0.428160 0.903381 0.024138
vn -0.996668 0.025146 -0.077597
vn -0.996668 0.025146 -0.077597
vn -0.996668 0.025146 -0.077597
vn -0.996668 0.025146 -0.077597
vn -0.024774 -0.999408 0.023886
vn -0.024774 -0.999408 0.023886
vn -0.024774 -0.999408 0.023886
vn -0.024774 -0.999408 0.023886
vn -0.243912 0.966634 0.078269
vn -0.243912 0.966634 0.078269
vn -0.243912 0.966634 0.078269
vn -0.243912 0.966634 0.078269
vn -0.013486 0.999851 0.010787
vn -0.013486 0.999851 0.010787
vn -0.013486 0.999851 0.010787
vn -0.013486 0.999851 0.010787
vn -0.226463 0.005526 0.974004
vn -0.226463 0.005526 0.974004
vn -0.226463 0.005526 0.974004
vn -0.226463 0.005526 0.974004
vn -0.164699 -0.977383 0.132650
vn -0.164699 -0.977383 0.132650
vn -0.164699 -0.977383 0.132650
vn -0.164699 -0.977383 0.132650
vn 0.017635 -0.998470 -0.052417
vn 0.017635 -0.998470 -0.052417
vn 0.017635 -0.998470 -0.052417
vn 0.017635 -0.998470 -0.052417
vn 0.756752 -0.030039 0.653011
vn 0.756752 -0.030039 0.653011
vn 0.756752 -0.030039 0.653011
vn 0.756752 -0.030039 0.653011
vn -0.218836 0.947997 0.231113
vn -0.218836 0.947997 0.231113
vn -0.218836 0.947997 0.231113
vn -0.218836 0.947997 0.231113
vn -0.229303 0.970429 0.075414
vn -0.229303 0.970429 0.075414
vn -0.229303 0.970429 0.075414
vn -0.229303 0.970429 0.075414
vn -0.275020 0.885670 0.374102
vn -0.275020 0.885670 0.374102
vn -0.275020 0.885670 0.374102
vn -0.275020 0.885670 0.374102
vn -0.446036 0.843701 0.298697
vn -0.446036 0.843701 0.298697
vn -0.446036 0.843701 0.298697
vn -0.446036 0.843701 0.298697
vn -0.406597 0.705927 0.579953
vn -0.406597 0.705927 0.579953
vn -0.406597 0.705927 0.579953
vn -0.406597 0.705927 0.579953
vn -0.275298 0.847478 0.453863
vn -0.275298 0.847478 0.453863
vn -0.275298 0.847478 0.453863
vn -0.275298 0.847478 0.453863
vn -0.185132 0.809568 0.557068
vn -0.185132 0.809568 0.557068
vn -0.185132 0.809568 0.557068
vn -0.185132 0.809568 0.557068
vn -0.269197 0.765716 0.584133
vn -0.269197 0.765716 0.584133
vn -0.269197 0.765716 0.584133
vn -0.269197 0.765716 0.584133
vn -0.220546 0.709471 0.669336
vn -0.220546 0.709471 0.669336
vn -0.220546 0.709471 0.669336
vn -0.220546 0.709471 0.669336
vn 0.346118 -0.771627 -0.533660
vn 0.346118 -0.771627 -0.533660
vn 0.346118 -0.771627 -0.533660
vn 0.346118 -0.771627 -0.533660
vn -0.406513 0.909700 -0.084805
vn -0.406513 0.909700 -0.084805
vn -0.406513 0.909700 -0.084805
vn -0.406513 0.909700 -0.084805
vn -0.764755 0.445999 -0.465011
vn -0.764755 0.445999 -0.465011
vn -0.764755 0.445999 -0.465011
vn -0.764755 0.445999 -0.465011
vn -0.628621 0.750634 -0.203431
vn -0.628621 0.750634 -0.203431
vn -0.628621 0.750634 -0.203431
vn -0.628621 0.750634 -0.203431
vn -0.564484 0.825344 -0.012857
vn -0.564484 0.825344 -0.012857
vn -0.564484 0.825344 -0.012857
vn -0.564484 0.825344 -0.012857
vn -0.354154 0.729812 -0.584764
vn -0.354154 0.729812 -0.584764
vn -0.354154 0.729812 -0.584764
vn -0.354154 0.729812 -0.584764
vn -0.477777 0.535726 -0.696223
vn -0.477777 0.535726 -0.696223
vn -0.477777 0.535726 -0.696223
vn -0.477777 0.535726 -0.696223
vn -0.329568 0.703129 -0.630075
vn -0.329568 0.703129 -0.630075
vn -0.329568 0.703129 -0.630075
vn -0.329568 0.703129 -0.630075
vn -0.533266 0.687409 -0.493048
vn -0.533266 0.687409 -0.493048
vn -0.533266 0.687409 -0.493048
vn -0.533266 0.687409 -0.493048
vn -0.416102 0.872128 -0.257393
vn -0.416102 0.872128 -0.257393
vn -0.416102 0.872128 -0.257393
vn -0.416102 0.872128 -0.257393
vn -0.427047 0.750766 -0.503966
vn -0.427047 0.750766 -0.503966
vn -0.427047 0.750766 -0.503966
vn -0.427047 0.750766 -0.503966
vn -0.241554 -0.968239 0.064539
vn -0.241554 -0.968239 0.064539
vn -0.241554 -0.968239 0.064539
vn -0.241554 -0.968239 0.064539
vn -0.410784 -0.803736 -0.430423
vn -0.410784 -0.803736 -0.430423
vn -0.410784 -0.803736 -0.430423
vn -0.410784 -0.803736 -0.430423
vn -0.008583 -0.909018 0.416668
vn -0.008583 -0.909018 0.416668
vn -0.008583 -0.909018 0.416668
vn -0.008583 -0.909018 0.416668
vn 0.020663 -0.924664 0.380222
vn 0.020663 -0.924664 0.380222
vn 0.020663 -0.924664 0.380222
vn 0.020663 -0.924664 0.380222
vn -0.189595 -0.579710 0.792459
vn -0.189595 -0.579710 0.792459
vn -0.189595 -0.579710 0.792459
vn -0.189595 -0.579710 0.792459
vn 0.007485 -0.930909 0.365174
vn 0.007485 -0.930909 0.365174
vn 0.007485 -0.930909 0.365174
vn 0.007485 -0.930909 0.365174
vn -0.100602 -0.874876 0.473784
vn -0.100602 -0.874876 0.473784
vn -0.100602 -0.874876 0.473784
vn -0.100602 -0.874876 0.473784
vn -0.443751 -0.734997 0.512704
vn -0.443751 -0.734997 0.512704
vn -0.443751 -0.734997 0.512704
vn -0.443751 -0.734997 0.512704
vn -0.516009 -0.796153 0.316030
vn -0.516009 -0.796153 0.316030
vn -0.516009 -0.796153 0.316030
vn -0.516009 -0.796153 0.316030
vn -0.427648 -0.879692 -0.207989
vn -0.427648 -0.879692 -0.207989
vn -0.427648 -0.879692 -0.207989
vn -0.427648 -0.879692 -0.207989
vn -0.600137 -0.750602 -0.276466
vn -0.600137 -0.750602 -0.276466
vn -0.600137 -0.750602 -0.276466
vn -0.600137 -0.750602 -0.276466
vn -0.138325 -0.946762 -0.290703
vn -0.138325 -0.946762 -0.290703
vn -0.138325 -0.946762 -0.290703
vn -0.138325 -0.946762 -0.290703
vn -0.125922 -0.969289 -0.211239
vn -0.125922 -0.969289 -0.211239
vn -0.125922 -0.969289 -0.211239
vn -0.125922 -0.969289 -0.211239
vn 0.062691 -0.980613 -0.185655
vn 0.062691 -0.980613 -0.185655
vn 0.062691 -0.980613 -0.185655
vn 0.062691 -0.980613 -0.185655
vn -0.308577 -0.785808 -0.535991
vn -0.308577 -0.785808 -0.535991
vn -0.308577 -0.785808 -0.535991
vn -0.308577 -0.785808 -0.535991
vn -0.247015 -0.776781 -0.579305
vn -0.247015 -0.776781 -0.579305
vn -0.247015 -0.776781 -0.579305
vn -0.247015 -0.776781 -0.579305
vn -0.218218 -0.648506 -0.729260
vn -0.218218 -0.648506 -0.729260
vn -0.218218 -0.648506 -0.729260
vn -0.218218 -0.648506 -0.729260
vn -0.289477 -0.412876 -0.863560
vn -0.289477 -0.412876 -0.863560
vn -0.289477 -0.412876 -0.863560
vn -0.289477 -0.412876 -0.863560
vn -0.259914 -0.770030 -0.582665
vn -0.259914 -0.770030 -0.582665
vn -0.259914 -0.770030 -0.582665
vn -0.259914 -0.770030 -0.582665
vn -0.347727 -0.656186 -0.669706
vn -0.347727 -0.656186 -0.669706
vn -0.347727 -0.656186 -0.669706
vn -0.347727 -0.656186 -0.669706
vn 0.785478 -0.463738 0.409844
vn 0.785478 -0.463738 0.409844
vn 0.785478 -0.463738 0.409844
vn 0.785478 -0.463738 0.409844
vn 0.737720 0.534427 0.412502
vn 0.737720 0.534427 0.412502
vn 0.737720 0.534427 0.412502
vn 0.737720 0.534427 0.412502
vn 0.078967 -0.975989 0.203000
vn 0.078967 -0.975989 0.203000
vn 0.078967 -0.975989 0.203000
vn 0.078967 -0.975989 0.203000
vn -0.437342 0.853630 0.282927
vn -0.437342 0.853630 0.282927
vn -0.437342 0.853630 0.282927
vn -0.437342 0.853630 0.282927
vn -0.374869 0.765751 0.522589
vn -0.374869 0.765751 0.522589
vn -0.374869 0.765751 0.522589
vn -0.374869 0.765751 0.522589
vn -0.893457 0.106087 0.436441
vn -0.893457 0.106087 0.436441
vn -0.893457 0.106087 0.436441
vn -0.893457 0.106087 0.436441
vn -0.878396 -0.167637 0.447568
vn -0.878396 -0.167637 0.447568
vn -0.878396 -0.167637 0.447568
vn -0.878396 -0.167637 0.447568
vn -0.228285 -0.777453 0.586049
vn -0.228285 -0.777453 0.586049
vn -0.228285 -0.777453 0.586049
vn -0.228285 -0.777453 0.586049
vn 0.465137 0.801419 0.376000
vn 0.465137 0.801419 0.376000
vn 0.465137 0.801419 0.376000
vn 0.465137 0.801419 0.376000
vn 0.858734 0.330127 0.391909
vn 0.858734 0.330127 0.391909
vn 0.858734 0.330127 0.391909
vn 0.858734 0.330127 0.391909
vn 0.875316 -0.288064 0.388382
vn 0.875316 -0.288064 0.388382
vn 0.875316 -0.288064 0.388382
vn 0.875316 -0.288064 0.388382
vn 0.122992 -0.921776 0.367699
vn 0.122992 -0.921776 0.367699
vn 0.122992 -0.921776 0.367699
vn 0.122992 -0.921776 0.367699
vn -0.016614 -0.567925 -0.822913
vn -0.016614 -0.567925 -0.822913
vn -0.016614 -0.567925 -0.822913
vn -0.016614 -0.567925 -0.822913
vn -0.356696 -0.676240 -0.644568
vn -0.356696 -0.676240 -0.644568
vn -0.356696 -0.676240 -0.644568
vn -0.356696 -0.676240 -0.644568
vn -0.226134 -0.441251 -0.868424
vn -0.226134 -0.441251 -0.868424
vn -0.226134 -0.441251 -0.868424
vn -0.226134 -0.441251 -0.868424
vn -0.241255 -0.451913 -0.858819
vn -0.241255 -0.451913 -0.858819
vn -0.241255 -0.451913 -0.858819
vn -0.241255 -0.451913 -0.858819
vn -0.346729 -0.827473 -0.441665
vn -0.346729 -0.827473 -0.441665
vn -0.346729 -0.827473 -0.441665
vn -0.346729 -0.827473 -0.441665
vn -0.182988 -0.921042 -0.343799
vn -0.182988 -0.921042 -0.343799
vn -0.182988 -0.921042 -0.343799
vn -0.182988 -0.921042 -0.343799
vn -0.069598 -0.956340 -0.283848
vn -0.069598 -0.956340 -0.283848
vn -0.069598 -0.956340 -0.283848
vn -0.069598 -0.956340 -0.283848
vn -0.005088 -0.969372 -0.245545
vn -0.005088 -0.969372 -0.245545
vn -0.005088 -0.969372 -0.245545
vn -0.005088 -0.969372 -0.245545
vn -0.346838 -0.937782 -0.016369
vn -0.346838 -0.937782 -0.016369
vn -0.346838 -0.937782 -0.016369
vn -0.346838 -0.937782 -0.016369
vn -0.445940 -0.890843 -0.086813
vn -0.445940 -0.890843 -0.086813
vn -0.445940 -0.890843 -0.086813
vn -0.445940 -0.890843 -0.086813
vn 0.467285 -0.390646 0.793121
vn 0.467285 -0.390646 0.793121
vn 0.467285 -0.390646 0.793121
vn 0.467285 -0.390646 0.793121
vn -0.335937 -0.941575 0.024133
vn -0.335937 -0.941575 0.024133
vn -0.335937 -0.941575 0.024133
vn -0.335937 -0.941575 0.024133
vn -0.667768 -0.418851 0.615346
vn -0.667768 -0.418851 0.615346
vn -0.667768 -0.418851 0.615346
vn -0.667768 -0.418851 0.615346
vn 0.378386 0.386161 0.841252
vn 0.378386 0.386161 0.841252
vn 0.378386 0.386161 0.841252
vn 0.378386 0.386161 0.841252
vn 0.441501 0.740828 0.506212
vn 0.441501 0.740828 0.506212
vn 0.441501 0.740828 0.506212
vn 0.441501 0.740828 0.506212
vn -0.245132 -0.217128 0.944863
vn -0.245132 -0.217128 0.944863
vn -0.245132 -0.217128 0.944863
vn -0.245132 -0.217128 0.944863
vn -0.218826 -0.814891 0.536720
vn -0.218826 -0.814891 0.536720
vn -0.218826 -0.814891 0.536720
vn -0.218826 -0.814891 0.536720
vn -0.456484 -0.888895 0.038585
vn -0.456484 -0.888895 0.038585
vn -0.456484 -0.888895 0.038585
vn -0.456484 -0.888895 0.038585
vn -0.929903 -0.140076 -0.340088
vn -0.929903 -0.140076 -0.340088
vn -0.929903 -0.140076 -0.340088
vn -0.929903 -0.140076 -0.340088
vn -0.908222 0.388827 -0.154743
vn -0.908222 0.388827 -0.154743
vn -0.908222 0.388827 -0.154743
vn -0.908222 0.388827 -0.154743
vn -0.699038 0.712984 0.054761
vn -0.699038 0.712984 0.054761
vn -0.699038 0.712984 0.054761
vn -0.699038 0.712984 0.054761
vn -0.572805 0.817275 0.062898
vn -0.572805 0.817275 0.062898
vn -0.572805 0.817275 0.062898
vn -0.572805 0.817275 0.062898
vn -0.381360 0.919809 0.092281
vn -0.381360 0.919809 0.092281
vn -0.381360 0.919809 0.092281
vn -0.381360 0.919809 0.092281
vn -0.672308 0.542441 0.503745
vn -0.672308 0.542441 0.503745
vn -0.672308 0.542441 0.503745
vn -0.672308 0.542441 0.503745
vn -0.242829 -0.723833 0.645833
vn -0.242829 -0.723833 0.645833
vn -0.242829 -0.723833 0.645833
vn -0.242829 -0.723833 0.645833
vn -0.116928 -0.834418 0.538585
vn -0.116928 -0.834418 0.538585
vn -0.116928 -0.834418 0.538585
vn -0.116928 -0.834418 0.538585
vn 0.136536 -0.899753 0.414491
vn 0.136536 -0.899753 0.414491
vn 0.136536 -0.899753 0.414491
vn 0.136536 -0.899753 0.414491
vn -0.177729 0.606491 0.774971
vn -0.177729 0.606491 0.774971
vn -0.177729 0.606491 0.774971
vn -0.177729 0.606491 0.774971
vn 0.608976 -0.638393 0.470747
vn 0.608976 -0.638393 0.470747
vn 0.608976 -0.638393 0.470747
vn 0.608976 -0.638393 0.470747
vn 0.742262 -0.612592 -0.271622
vn 0.742262 -0.612592 -0.271622
vn 0.742262 -0.612592 -0.271622
vn 0.742262 -0.612592 -0.271622
vn -0.863328 0.446823 0.234551
vn -0.863328 0.446823 0.234551
vn -0.863328 0.446823 0.234551
vn -0.863328 0.446823 0.234551
vn 0.286257 0.241294 0.927272
vn 0.286257 0.241294 0.927272
vn 0.286257 0.241294 0.927272
vn 0.286257 0.241294 0.927272
vn 0.257266 -0.275799 0.926148
vn 0.257266 -0.275799 0.926148
vn 0.257266 -0.275799 0.926148
vn 0.257266 -0.275799 0.926148
vn -0.156414 -0.987417 -0.023306
vn -0.156414 -0.987417 -0.023306
vn -0.156414 -0.987417 -0.023306
vn -0.156414 -0.987417 -0.023306
vn -0.798907 0.503928 0.328335
vn -0.798907 0.503928 0.328335
vn -0.798907 0.503928 0.328335
vn -0.798907 0.503928 0.328335
vn -0.657606 0.727866 0.194334
vn -0.657606 0.727866 0.194334
vn -0.657606 0.727866 0.194334
vn -0.657606 0.727866 0.194334
vn -0.909154 0.403435 0.103338
vn -0.909154 0.403435 0.103338
vn -0.909154 0.403435 0.103338
vn -0.909154 0.403435 0.103338
vn 0.041817 0.501027 -0.864421
vn 0.041817 0.501027 -0.864421
vn 0.041817 0.501027 -0.864421
vn 0.041817 0.501027 -0.864421
vn -0.105747 0.281583 -0.953692
vn -0.105747 0.281583 -0.953692
vn -0.105747 0.281583 -0.953692
vn -0.105747 0.281583 -0.953692
vn -0.305324 0.037772 -0.951499
vn -0.305324 0.037772 -0.951499
vn -0.305324 0.037772 -0.951499
vn -0.305324 0.037772 -0.951499
vn -0.567255 0.161374 -0.807577
vn -0.567255 0.161374 -0.807577
vn -0.567255 0.161374 -0.807577
vn -0.567255 0.161374 -0.807577
vn -0.530037 0.386735 -0.754650
vn -0.530037 0.386735 -0.754650
vn -0.530037 0.386735 -0.754650
vn -0.530037 0.386735 -0.754650
vn -0.451823 0.425517 -0.784086
vn -0.451823 0.425517 -0.784086
vn -0.451823 0.425517 -0.784086
vn -0.451823 0.425517 -0.784086
vn -0.066065 0.578613 -0.812922
vn -0.066065 0.578613 -0.812922
vn -0.066065 0.578613 -0.812922
vn -0.066065 0.578613 -0.812922
vn -0.522475 0.053066 -0.851001
vn -0.522475 0.053066 -0.851001
vn -0.522475 0.053066 -0.851001
vn -0.522475 0.053066 -0.851001
vn -0.428702 0.284456 -0.857496
vn -0.428702 0.284456 -0.857496
vn -0.428702 0.284456 -0.857496
vn -0.428702 0.284456 -0.857496
vn -0.458640 0.252938 -0.851864
vn -0.458640 0.252938 -0.851864
vn -0.458640 0.252938 -0.851864
vn -0.458640 0.252938 -0.851864
vn -0.467183 0.336026 -0.817818
vn -0.467183 0.336026 -0.817818
vn -0.467183 0.336026 -0.817818
vn -0.467183 0.336026 -0.817818
vn -0.080160 0.500519 -0.862006
vn -0.080160 0.500519 -0.862006
vn -0.080160 0.500519 -0.862006
vn -0.080160 0.500519 -0.862006
vn -0.280193 0.385115 -0.879306
vn -0.280193 0.385115 -0.879306
vn -0.280193 0.385115 -0.879306
vn -0.280193 0.385115 -0.879306
vn -0.201070 0.438435 -0.875983
vn -0.201070 0.438435 -0.875983
vn -0.201070 0.438435 -0.875983
vn -0.201070 0.438435 -0.875983
vn -0.247737 0.332194 -0.910095
vn -0.247737 0.332194 -0.910095
vn -0.247737 0.332194 -0.910095
vn -0.247737 0.332194 -0.910095
vn -0.148143 0.348758 -0.925431
vn -0.148143 0.348758 -0.925431
vn -0.148143 0.348758 -0.925431
vn -0.148143 0.348758 -0.925431
vn -0.389313 0.236768 -0.890155
vn -0.389313 0.236768 -0.890155
vn -0.389313 0.236768 -0.890155
vn -0.389313 0.236768 -0.890155
vn -0.983649 0.127263 -0.127433
vn -0.983649 0.127263 -0.127433
vn -0.983649 0.127263 -0.127433
vn -0.983649 0.127263 -0.127433
vn -0.960266 -0.263343 -0.092408
vn -0.960266 -0.263343 -0.092408
vn -0.960266 -0.263343 -0.092408
vn -0.960266 -0.263343 -0.092408
vn -0.393250 -0.909383 -0.135566
vn -0.393250 -0.909383 -0.135566
vn -0.393250 -0.909383 -0.135566
vn -0.393250 -0.909383 -0.135566
vn 0.440295 -0.887940 -0.133051
vn 0.440295 -0.887940 -0.133051
vn 0.440295 -0.887940 -0.133051
vn 0.440295 -0.887940 -0.133051
vn 0.965794 -0.236289 -0.106812
vn 0.965794 -0.236289 -0.106812
vn 0.965794 -0.236289 -0.106812
vn 0.965794 -0.236289 -0.106812
vn 0.991602 0.083616 -0.098659
vn 0.991602 0.083616 -0.098659
vn 0.991602 0.083616 -0.098659
vn 0.991602 0.083616 -0.098659
vn 0.927972 0.350124 -0.127597
vn 0.927972 0.350124 -0.127597
vn 0.927972 0.350124 -0.127597
vn 0.927972 0.350124 -0.127597
vn -0.082828 -0.995419 0.047748
vn -0.082828 -0.995419 0.047748
vn -0.082828 -0.995419 0.047748
vn -0.082828 -0.995419 0.047748
vn -0.279054 -0.722000 0.633123
vn -0.279054 -0.722000 0.633123
vn -0.279054 -0.722000 0.633123
vn -0.279054 -0.722000 0.633123
vn -0.465086 0.801444 0.376009
vn -0.465086 0.801444 0.376009
vn -0.465086 0.801444 0.376009
vn -0.465086 0.801444 0.376009
vn -0.858750 0.330138 0.391863
vn -0.858750 0.330138 0.391863
vn -0.858750 0.330138 0.391863
vn -0.858750 0.330138 0.391863
vn -0.875482 -0.286605 0.389086
vn -0.875482 -0.286605 0.389086
vn -0.875482 -0.286605 0.389086
vn -0.875482 -0.286605 0.389086
vn -0.123346 -0.921554 0.368135
vn -0.123346 -0.921554 0.368135
vn -0.123346 -0.921554 0.368135
vn -0.123346 -0.921554 0.368135
vn -0.449148 0.290586 -0.844882
vn -0.449148 0.290586 -0.844882
vn -0.449148 0.290586 -0.844882
vn -0.449148 0.290586 -0.844882
vn -0.560843 0.188354 -0.806212
vn -0.560843 0.188354 -0.806212
vn -0.560843 0.188354 -0.806212
vn -0.560843 0.188354 -0.806212
vn -0.678201 0.006369 -0.734849
vn -0.678201 0.006369 -0.734849
vn -0.678201 0.006369 -0.734849
vn -0.678201 0.006369 -0.734849
vn -0.911266 -0.034266 -0.410391
vn -0.911266 -0.034266 -0.410391
vn -0.911266 -0.034266 -0.410391
vn -0.911266 -0.034266 -0.410391
vn -0.776976 -0.092252 -0.622734
vn -0.776976 -0.092252 -0.622734
vn -0.776976 -0.092252 -0.622734
vn -0.776976 -0.092252 -0.622734
vn -0.590521 -0.606149 -0.532794
vn -0.590521 -0.606149 -0.532794
vn -0.590521 -0.606149 -0.532794
vn -0.590521 -0.606149 -0.532794
vn -0.727008 0.014575 -0.686474
vn -0.727008 0.014575 -0.686474
vn -0.727008 0.014575 -0.686474
vn -0.727008 0.014575 -0.686474
vn -0.253549 -0.960686 -0.113118
vn -0.253549 -0.960686 -0.113118
vn -0.253549 -0.960686 -0.113118
vn -0.253549 -0.960686 -0.113118
vn -0.231045 -0.966727 -0.109802
vn -0.231045 -0.966727 -0.109802
vn -0.231045 -0.966727 -0.109802
vn -0.231045 -0.966727 -0.109802
vn -0.376671 -0.912437 -0.159928
vn -0.376671 -0.912437 -0.159928
vn -0.376671 -0.912437 -0.159928
vn -0.376671 -0.912437 -0.159928
vn -0.387691 -0.897085 -0.211974
vn -0.387691 -0.897085 -0.211974
vn -0.387691 -0.897085 -0.211974
vn -0.387691 -0.897085 -0.211974
vn -0.386212 -0.881475 -0.271739
vn -0.386212 -0.881475 -0.271739
vn -0.386212 -0.881475 -0.271739
vn -0.386212 -0.881475 -0.271739
vn -0.346174 -0.926213 -0.149306
vn -0.346174 -0.926213 -0.149306
vn -0.346174 -0.926213 -0.149306
vn -0.346174 -0.926213 -0.149306
vn -0.773428 -0.131733 -0.620045
vn -0.773428 -0.131733 -0.620045
vn -0.773428 -0.131733 -0.620045
vn -0.773428 -0.131733 -0.620045
vn -0.712760 -0.551665 -0.433173
vn -0.712760 -0.551665 -0.433173
vn -0.712760 -0.551665 -0.433173
vn -0.712760 -0.551665 -0.433173
vn -0.647279 -0.186019 -0.739207
vn -0.647279 -0.186019 -0.739207
vn -0.647279 -0.186019 -0.739207
vn -0.647279 -0.186019 -0.739207
vn -0.725243 -0.077889 -0.684072
vn -0.725243 -0.077889 -0.684072
vn -0.725243 -0.077889 -0.684072
vn -0.725243 -0.077889 -0.684072
vn -0.878437 0.143091 -0.455931
vn -0.878437 0.143091 -0.455931
vn -0.878437 0.143091 -0.455931
vn -0.878437 0.143091 -0.455931
vn -0.525505 -0.749092 -0.403368
vn -0.525505 -0.749092 -0.403368
vn -0.525505 -0.749092 -0.403368
vn -0.525505 -0.749092 -0.403368
vn -0.723564 -0.346177 -0.597174
vn -0.723564 -0.346177 -0.597174
vn -0.723564 -0.346177 -0.597174
vn -0.723564 -0.346177 -0.597174
vn -0.596533 -0.321689 -0.735299
vn -0.596533 -0.321689 -0.735299
vn -0.596533 -0.321689 -0.735299
vn -0.596533 -0.321689 -0.735299
vn -0.593496 -0.600374 -0.536017
vn -0.593496 -0.600374 -0.536017
vn -0.593496 -0.600374 -0.536017
vn -0.593496 -0.600374 -0.536017
vn -0.440655 -0.879381 -0.180312
vn -0.440655 -0.879381 -0.180312
vn -0.440655 -0.879381 -0.180312
vn -0.440655 -0.879381 -0.180312
vn -0.716624 -0.521772 -0.462822
vn -0.716624 -0.521772 -0.462822
vn -0.716624 -0.521772 -0.462822
vn -0.716624 -0.521772 -0.462822
vn -0.555517 -0.298406 -0.776115
vn -0.555517 -0.298406 -0.776115
vn -0.555517 -0.298406 -0.776115
vn -0.555517 -0.298406 -0.776115
vn -0.233886 -0.019621 -0.972066
vn -0.233886 -0.019621 -0.972066
vn -0.233886 -0.019621 -0.972066
vn -0.233886 -0.019621 -0.972066
vn -0.623695 -0.430373 -0.652520
vn -0.623695 -0.430373 -0.652520
vn -0.623695 -0.430373 -0.652520
vn -0.623695 -0.430373 -0.652520
vn -0.561657 -0.220761 -0.797374
vn -0.561657 -0.220761 -0.797374
vn -0.561657 -0.220761 -0.797374
vn -0.561657 -0.220761 -0.797374
vn 0.080072 -0.871760 0.483346
vn 0.080072 -0.871760 0.483346
vn 0.080072 -0.871760 0.483346
vn 0.080072 -0.871760 0.483346
vn -0.468686 -0.877251 -0.103749
vn -0.468686 -0.877251 -0.103749
vn -0.468686 -0.877251 -0.103749
vn -0.468686 -0.877251 -0.103749
vn 0.750038 -0.656307 -0.081883
vn 0.750038 -0.656307 -0.081883
vn 0.750038 -0.656307 -0.081883
vn 0.750038 -0.656307 -0.081883
vn 0.747534 -0.655475 -0.107449
vn 0.747534 -0.655475 -0.107449
vn 0.747534 -0.655475 -0.107449
vn 0.747534 -0.655475 -0.107449
vn 0.758224 -0.639270 -0.128181
vn 0.758224 -0.639270 -0.128181
vn 0.758224 -0.639270 -0.128181
vn 0.758224 -0.639270 -0.128181
vn 0.770766 -0.625695 -0.120107
vn 0.770766 -0.625695 -0.120107
vn 0.770766 -0.625695 -0.120107
vn 0.770766 -0.625695 -0.120107
vn 0.764829 -0.639898 -0.074614
vn 0.764829 -0.639898 -0.074614
vn 0.764829 -0.639898 -0.074614
vn 0.764829 -0.639898 -0.074614
vn 0.736285 -0.676671 -0.000082
vn 0.736285 -0.676671 -0.000082
vn 0.736285 -0.676671 -0.000082
vn 0.736285 -0.676671 -0.000082
vn 0.721570 -0.688792 0.070018
vn 0.721570 -0.688792 0.070018
vn 0.721570 -0.688792 0.070018
vn 0.721570 -0.688792 0.070018
vn 0.762503 -0.638030 0.107269
vn 0.762503 -0.638030 0.107269
vn 0.762503 -0.638030 0.107269
vn 0.762503 -0.638030 0.107269
vn 0.755125 -0.653777 0.048602
vn 0.755125 -0.653777 0.048602
vn 0.755125 -0.653777 0.048602
vn 0.755125 -0.653777 0.048602
vn 0.820555 -0.571300 0.017504
vn 0.820555 -0.571300 0.017504
vn 0.820555 -0.571300 0.017504
vn 0.820555 -0.571300 0.017504
vn 0.820822 -0.571138 0.007198
vn 0.820822 -0.571138 0.007198
vn 0.820822 -0.571138 0.007198
vn 0.820822 -0.571138 0.007198
vn 0.822083 -0.568216 -0.036189
vn 0.822083 -0.568216 -0.036189
vn 0.822083 -0.568216 -0.036189
vn 0.822083 -0.568216 -0.036189
vn 0.794579 -0.605854 -0.039808
vn 0.794579 -0.605854 -0.039808
vn 0.794579 -0.605854 -0.039808
vn 0.794579 -0.605854 -0.039808
vn 0.741765 -0.668485 -0.053970
vn 0.741765 -0.668485 -0.053970
vn 0.741765 -0.668485 -0.053970
vn 0.741765 -0.668485 -0.053970
vn 0.715131 -0.696034 -0.064224
vn 0.715131 -0.696034 -0.064224
vn 0.715131 -0.696034 -0.064224
vn 0.715131 -0.696034 -0.064224
vn 0.571345 -0.813958 0.105059
vn 0.571345 -0.813958 0.105059
vn 0.571345 -0.813958 0.105059
vn 0.571345 -0.813958 0.105059
vn 0.723094 -0.686270 -0.078535
vn 0.723094 -0.686270 -0.078535
vn 0.723094 -0.686270 -0.078535
vn 0.723094 -0.686270 -0.078535
vn 0.399092 -0.910579 0.107573
vn 0.399092 -0.910579 0.107573
vn 0.399092 -0.910579 0.107573
vn 0.399092 -0.910579 0.107573
vn 0.696354 -0.627261 -0.348762
vn 0.696354 -0.627261 -0.348762
vn 0.696354 -0.627261 -0.348762
vn 0.696354 -0.627261 -0.348762
vn -0.354377 -0.605938 0.712219
vn -0.354377 -0.605938 0.712219
vn -0.354377 -0.605938 0.712219
vn -0.354377 -0.605938 0.712219
vn -0.412082 -0.398133 -0.819560
vn -0.412082 -0.398133 -0.819560
vn -0.412082 -0.398133 -0.819560
vn -0.412082 -0.398133 -0.819560
vn 0.735245 -0.674496 -0.066857
vn 0.735245 -0.674496 -0.066857
vn 0.735245 -0.674496 -0.066857
vn 0.735245 -0.674496 -0.066857
vn 0.512870 0.775679 0.367812
vn 0.512870 0.775679 0.367812
vn 0.512870 0.775679 0.367812
vn 0.512870 0.775679 0.367812
vn 0.863308 -0.502659 0.045102
vn 0.863308 -0.502659 0.045102
vn 0.863308 -0.502659 0.045102
vn 0.863308 -0.502659 0.045102
vn 0.887610 0.421481 0.185748
vn 0.887610 0.421481 0.185748
vn 0.887610 0.421481 0.185748
vn 0.887610 0.421481 0.185748
vn -0.077816 -0.996901 0.011542
vn -0.077816 -0.996901 0.011542
vn -0.077816 -0.996901 0.011542
vn -0.077816 -0.996901 0.011542
vn -0.512915 0.775733 0.367636
vn -0.512915 0.775733 0.367636
vn -0.512915 0.775733 0.367636
vn -0.512915 0.775733 0.367636
vn -0.863669 -0.502026 0.045223
vn -0.863669 -0.502026 0.045223
vn -0.863669 -0.502026 0.045223
vn -0.863669 -0.502026 0.045223
vn -0.887363 0.422013 0.185721
vn -0.887363 0.422013 0.185721
vn -0.887363 0.422013 0.185721
vn -0.887363 0.422013 0.185721
vn -0.786144 -0.462590 0.409863
vn -0.786144 -0.462590 0.409863
vn -0.786144 -0.462590 0.409863
vn -0.786144 -0.462590 0.409863
vn 0.078074 -0.996881 0.011507
vn 0.078074 -0.996881 0.011507
vn 0.078074 -0.996881 0.011507
vn 0.078074 -0.996881 0.011507
vn 0.015767 -0.994459 0.103941
vn 0.015767 -0.994459 0.103941
vn 0.015767 -0.994459 0.103941
vn 0.015767 -0.994459 0.103941
vn 0.000000 -0.993894 0.110343
vn 0.000000 -0.993894 0.110343
vn 0.000000 -0.993894 0.110343
vn 0.000000 -0.993894 0.110343
vn -0.121793 0.391281 0.912177
vn -0.121793 0.391281 0.912177
vn -0.121793 0.391281 0.912177
vn -0.121793 0.391281 0.912177
vn -0.179021 -0.557624 0.810559
vn -0.179021 -0.557624 0.810559
vn -0.179021 -0.557624 0.810559
vn -0.179021 -0.557624 0.810559
vn 0.597954 -0.776689 -0.198003
vn 0.597954 -0.776689 -0.198003
vn 0.597954 -0.776689 -0.198003
vn 0.597954 -0.776689 -0.198003
vn -0.598539 -0.363914 0.713666
vn -0.598539 -0.363914 0.713666
vn -0.598539 -0.363914 0.713666
vn -0.598539 -0.363914 0.713666
vn 0.792653 -0.608656 0.035208
vn 0.792653 -0.608656 0.035208
vn 0.792653 -0.608656 0.035208
vn 0.792653 -0.608656 0.035208
vn 0.747928 -0.659202 0.077824
vn 0.747928 -0.659202 0.077824
vn 0.747928 -0.659202 0.077824
vn 0.747928 -0.659202 0.077824
vn 0.635881 -0.738908 0.222867
vn 0.635881 -0.738908 0.222867
vn 0.635881 -0.738908 0.222867
vn 0.635881 -0.738908 0.222867
vn 0.470597 -0.789943 0.393103
vn 0.470597 -0.789943 0.393103
vn 0.470597 -0.789943 0.393103
vn 0.470597 -0.789943 0.393103
vn 0.526106 -0.777715 0.344052
vn 0.526106 -0.777715 0.344052
vn 0.526106 -0.777715 0.344052
vn 0.526106 -0.777715 0.344052
vn -0.378006 -0.830332 -0.409463
vn -0.378006 -0.830332 -0.409463
vn -0.378006 -0.830332 -0.409463
vn -0.378006 -0.830332 -0.409463
vn -0.515825 0.693289 0.503264
vn -0.515825 0.693289 0.503264
vn -0.515825 0.693289 0.503264
vn -0.515825 0.693289 0.503264
vn -0.252964 -0.305192 0.918078
vn -0.252964 -0.305192 0.918078
vn -0.252964 -0.305192 0.918078
vn -0.252964 -0.305192 0.918078
vn -0.085186 -0.732229 0.675710
vn -0.085186 -0.732229 0.675710
vn -0.085186 -0.732229 0.675710
vn -0.085186 -0.732229 0.675710
vn -0.420883 0.894246 0.152253
vn -0.420883 0.894246 0.152253
vn -0.420883 0.894246 0.152253
vn -0.420883 0.894246 0.152253
vn -0.377331 0.915708 0.138203
vn -0.377331 0.915708 0.138203
vn -0.377331 0.915708 0.138203
vn -0.377331 0.915708 0.138203
vn -0.249258 0.958894 0.135617
vn -0.249258 0.958894 0.135617
vn -0.249258 0.958894 0.135617
vn -0.249258 0.958894 0.135617
vn 0.794138 0.599955 0.096946
vn 0.794138 0.599955 0.096946
vn 0.794138 0.599955 0.096946
vn 0.794138 0.599955 0.096946
vn 0.401453 -0.851236 0.337983
vn 0.401453 -0.851236 0.337983
vn 0.401453 -0.851236 0.337983
vn 0.401453 -0.851236 0.337983
vn 0.129524 -0.714995 0.687027
vn 0.129524 -0.714995 0.687027
vn 0.129524 -0.714995 0.687027
vn 0.129524 -0.714995 0.687027
vn 0.660106 -0.747798 0.071114
vn 0.660106 -0.747798 0.071114
vn 0.660106 -0.747798 0.071114
vn 0.660106 -0.747798 0.071114
vn 0.616445 -0.786760 0.031688
vn 0.616445 -0.786760 0.031688
vn 0.616445 -0.786760 0.031688
vn 0.616445 -0.786760 0.031688
vn 0.647020 -0.745661 0.159234
vn 0.647020 -0.745661 0.159234
vn 0.647020 -0.745661 0.159234
vn 0.647020 -0.745661 0.159234
vn 0.299909 -0.810694 0.502822
vn 0.299909 -0.810694 0.502822
vn 0.299909 -0.810694 0.502822
vn 0.299909 -0.810694 0.502822
vn 0.354339 -0.833005 0.424907
vn 0.354339 -0.833005 0.424907
vn 0.354339 -0.833005 0.424907
vn 0.354339 -0.833005 0.424907
vn -0.281074 -0.872323 0.400062
vn -0.281074 -0.872323 0.400062
vn -0.281074 -0.872323 0.400062
vn -0.281074 -0.872323 0.400062
vn 0.331724 -0.849074 0.411135
vn 0.331724 -0.849074 0.411135
vn 0.331724 -0.849074 0.411135
vn 0.331724 -0.849074 0.411135
vn 0.373317 -0.919981 -0.119455
vn 0.373317 -0.919981 -0.119455
vn 0.373317 -0.919981 -0.119455
vn 0.373317 -0.919981 -0.119455
vn 0.512767 -0.858523 0.002950
vn 0.512767 -0.858523 0.002950
vn 0.512767 -0.858523 0.002950
vn 0.512767 -0.858523 0.002950
vn 0.447238 -0.833880 0.323455
vn 0.447238 -0.833880 0.323455
vn 0.447238 -0.833880 0.323455
vn 0.447238 -0.833880 0.323455
vn 0.405993 -0.831331 0.379551
vn 0.405993 -0.831331 0.379551
vn 0.405993 -0.831331 0.379551
vn 0.405993 -0.831331 0.379551
vn 0.100706 -0.656016 0.747999
vn 0.100706 -0.656016 0.747999
vn 0.100706 -0.656016 0.747999
vn 0.100706 -0.656016 0.747999
vn 0.058363 -0.945443 0.320516
vn 0.058363 -0.945443 0.320516
vn 0.058363 -0.945443 0.320516
vn 0.058363 -0.945443 0.320516
vn -0.169521 -0.960684 0.219883
vn -0.169521 -0.960684 0.219883
vn -0.169521 -0.960684 0.219883
vn -0.169521 -0.960684 0.219883
vn -0.331268 -0.917260 0.221123
vn -0.331268 -0.917260 0.221123
vn -0.331268 -0.917260 0.221123
vn -0.331268 -0.917260 0.221123
vn 0.479889 -0.677659 0.557212
vn 0.479889 -0.677659 0.557212
vn 0.479889 -0.677659 0.557212
vn 0.479889 -0.677659 0.557212
vn -0.093676 -0.781679 -0.616605
vn -0.093676 -0.781679 -0.616605
vn -0.093676 -0.781679 -0.616605
vn -0.093676 -0.781679 -0.616605
vn -0.317000 -0.599532 -0.734896
vn -0.317000 -0.599532 -0.734896
vn -0.317000 -0.599532 -0.734896
vn -0.317000 -0.599532 -0.734896
vn -0.417033 -0.578240 -0.701229
vn -0.417033 -0.578240 -0.701229
vn -0.417033 -0.578240 -0.701229
vn -0.417033 -0.578240 -0.701229
vn -0.390097 -0.643037 -0.659035
vn -0.390097 -0.643037 -0.659035
vn -0.390097 -0.643037 -0.659035
vn -0.390097 -0.643037 -0.659035
vn 0.955425 -0.270898 0.117377
vn 0.955425 -0.270898 0.117377
vn 0.955425 -0.270898 0.117377
vn 0.955425 -0.270898 0.117377
vn 0.803717 -0.594820 0.015099
vn 0.803717 -0.594820 0.015099
vn 0.803717 -0.594820 0.015099
vn 0.803717 -0.594820 0.015099
vn 0.802371 -0.595267 -0.043097
vn 0.802371 -0.595267 -0.043097
vn 0.802371 -0.595267 -0.043097
vn 0.802371 -0.595267 -0.043097
vn 0.625791 -0.760861 0.171687
vn 0.625791 -0.760861 0.171687
vn 0.625791 -0.760861 0.171687
vn 0.625791 -0.760861 0.171687
vn 0.787239 -0.592440 -0.171084
vn 0.787239 -0.592440 -0.171084
vn 0.787239 -0.592440 -0.171084
vn 0.787239 -0.592440 -0.171084
vn 0.628405 -0.777068 -0.035667
vn 0.628405 -0.777068 -0.035667
vn 0.628405 -0.777068 -0.035667
vn 0.628405 -0.777068 -0.035667
vn 0.607958 -0.791385 0.064005
vn 0.607958 -0.791385 0.064005
vn 0.607958 -0.791385 0.064005
vn 0.607958 -0.791385 0.064005
vn 0.534048 -0.831948 0.150515
vn 0.534048 -0.831948 0.150515
vn 0.534048 -0.831948 0.150515
vn 0.534048 -0.831948 0.150515
vn 0.121489 -0.979937 -0.158000
vn 0.121489 -0.979937 -0.158000
vn 0.121489 -0.979937 -0.158000
vn 0.121489 -0.979937 -0.158000
vn -0.101125 -0.854907 0.508830
vn -0.101125 -0.854907 0.508830
vn -0.101125 -0.854907 0.508830
vn -0.101125 -0.854907 0.508830
vn -0.388286 -0.795503 0.465197
vn -0.388286 -0.795503 0.465197
vn -0.388286 -0.795503 0.465197
vn -0.388286 -0.795503 0.465197
vn -0.066613 -0.986753 0.147927
vn -0.066613 -0.986753 0.147927
vn -0.066613 -0.986753 0.147927
vn -0.066613 -0.986753 0.147927
vn -0.336343 -0.023364 0.941450
vn -0.336343 -0.023364 0.941450
vn -0.336343 -0.023364 0.941450
vn -0.336343 -0.023364 0.941450
vn -0.285952 0.941312 -0.179343
vn -0.285952 0.941312 -0.179343
vn -0.285952 0.941312 -0.179343
vn -0.285952 0.941312 -0.179343
vn -0.328858 0.941065 0.079049
vn -0.328858 0.941065 0.079049
vn -0.328858 0.941065 0.079049
vn -0.328858 0.941065 0.079049
vn -0.373765 0.875261 0.306949
vn -0.373765 0.875261 0.306949
vn -0.373765 0.875261 0.306949
vn -0.373765 0.875261 0.306949
vn -0.547761 0.688212 0.475733
vn -0.547761 0.688212 0.475733
vn -0.547761 0.688212 0.475733
vn -0.547761 0.688212 0.475733
vn -0.465035 0.680382 0.566412
vn -0.465035 0.680382 0.566412
vn -0.465035 0.680382 0.566412
vn -0.465035 0.680382 0.566412
vn -0.306368 0.787882 0.534210
vn -0.306368 0.787882 0.534210
vn -0.306368 0.787882 0.534210
vn -0.306368 0.787882 0.534210
vn 0.203511 -0.917640 0.341349
vn 0.203511 -0.917640 0.341349
vn 0.203511 -0.917640 0.341349
vn 0.203511 -0.917640 0.341349
vn -0.152940 -0.741874 0.652865
vn -0.152940 -0.741874 0.652865
vn -0.152940 -0.741874 0.652865
vn -0.152940 -0.741874 0.652865
vn -0.133992 -0.889340 0.437174
vn -0.133992 -0.889340 0.437174
vn -0.133992 -0.889340 0.437174
vn -0.133992 -0.889340 0.437174
vn -0.466505 0.425482 0.775460
vn -0.466505 0.425482 0.775460
vn -0.466505 0.425482 0.775460
vn -0.466505 0.425482 0.775460
vn -0.619493 0.759340 0.199077
vn -0.619493 0.759340 0.199077
vn -0.619493 0.759340 0.199077
vn -0.619493 0.759340 0.199077
vn -0.652937 0.741239 0.155686
vn -0.652937 0.741239 0.155686
vn -0.652937 0.741239 0.155686
vn -0.652937 0.741239 0.155686
vn -0.817179 0.573651 0.056062
vn -0.817179 0.573651 0.056062
vn -0.817179 0.573651 0.056062
vn -0.817179 0.573651 0.056062
vn -0.850361 0.498699 0.167884
vn -0.850361 0.498699 0.167884
vn -0.850361 0.498699 0.167884
vn -0.850361 0.498699 0.167884
vn -0.824995 0.564963 0.014147
vn -0.824995 0.564963 0.014147
vn -0.824995 0.564963 0.014147
vn -0.824995 0.564963 0.014147
vn -0.935898 0.347385 -0.058465
vn -0.935898 0.347385 -0.058465
vn -0.935898 0.347385 -0.058465
vn -0.935898 0.347385 -0.058465
vn -0.945031 0.325234 0.033739
vn -0.945031 0.325234 0.033739
vn -0.945031 0.325234 0.033739
vn -0.945031 0.325234 0.033739
vn -0.522499 -0.833951 -0.177543
vn -0.522499 -0.833951 -0.177543
vn -0.522499 -0.833951 -0.177543
vn -0.522499 -0.833951 -0.177543
vn -0.906280 0.419923 -0.048185
vn -0.906280 0.419923 -0.048185
vn -0.906280 0.419923 -0.048185
vn -0.906280 0.419923 -0.048185
vn -0.513386 -0.799770 -0.311132
vn -0.513386 -0.799770 -0.311132
vn -0.513386 -0.799770 -0.311132
vn -0.513386 -0.799770 -0.311132
vn -0.470761 -0.828621 -0.302939
vn -0.470761 -0.828621 -0.302939
vn -0.470761 -0.828621 -0.302939
vn -0.470761 -0.828621 -0.302939
vn 0.658851 -0.750077 -0.057437
vn 0.658851 -0.750077 -0.057437
vn 0.658851 -0.750077 -0.057437
vn 0.658851 -0.750077 -0.057437
vn -0.803232 0.595449 -0.016066
vn -0.803232 0.595449 -0.016066
vn -0.803232 0.595449 -0.016066
vn -0.803232 0.595449 -0.016066
vn -0.932428 0.356546 -0.058759
vn -0.932428 0.356546 -0.058759
vn -0.932428 0.356546 -0.058759
vn -0.932428 0.356546 -0.058759
vn -0.720404 0.687998 0.087613
vn -0.720404 0.687998 0.087613
vn -0.720404 0.687998 0.087613
vn -0.720404 0.687998 0.087613
vn -0.906055 0.418832 -0.060361
vn -0.906055 0.418832 -0.060361
vn -0.906055 0.418832 -0.060361
vn -0.906055 0.418832 -0.060361
vn -0.679248 0.721779 0.132879
vn -0.679248 0.721779 0.132879
vn -0.679248 0.721779 0.132879
vn -0.679248 0.721779 0.132879
vn -0.700482 0.707541 0.093330
vn -0.700482 0.707541 0.093330
vn -0.700482 0.707541 0.093330
vn -0.700482 0.707541 0.093330
vn 0.682703 -0.730094 0.029659
vn 0.682703 -0.730094 0.029659
vn 0.682703 -0.730094 0.029659
vn 0.682703 -0.730094 0.029659
vn 0.680635 -0.731987 0.030503
vn 0.680635 -0.731987 0.030503
vn 0.680635 -0.731987 0.030503
vn 0.680635 -0.731987 0.030503
vn 0.651385 -0.758717 -0.006809
vn 0.651385 -0.758717 -0.006809
vn 0.651385 -0.758717 -0.006809
vn 0.651385 -0.758717 -0.006809
vn 0.692656 -0.715659 -0.089775
vn 0.692656 -0.715659 -0.089775
vn 0.692656 -0.715659 -0.089775
vn 0.692656 -0.715659 -0.089775
vn 0.727471 -0.674774 -0.124364
vn 0.727471 -0.674774 -0.124364
vn 0.727471 -0.674774 -0.124364
vn 0.727471 -0.674774 -0.124364
vn 0.753863 -0.640974 -0.144371
vn 0.753863 -0.640974 -0.144371
vn 0.753863 -0.640974 -0.144371
vn 0.753863 -0.640974 -0.144371
vn 0.018827 0.914086 0.405082
vn 0.018827 0.914086 0.405082
vn 0.018827 0.914086 0.405082
vn 0.018827 0.914086 0.405082
vn -0.347195 0.893645 0.284349
vn -0.347195 0.893645 0.284349
vn -0.347195 0.893645 0.284349
vn -0.347195 0.893645 0.284349
vn -0.531337 0.813499 0.236432
vn -0.531337 0.813499 0.236432
vn -0.531337 0.813499 0.236432
vn -0.531337 0.813499 0.236432
vn -0.474543 0.478438 0.738854
vn -0.474543 0.478438 0.738854
vn -0.474543 0.478438 0.738854
vn -0.474543 0.478438 0.738854
vn 0.560462 -0.623332 0.545289
vn 0.560462 -0.623332 0.545289
vn 0.560462 -0.623332 0.545289
vn 0.560462 -0.623332 0.545289
vn 0.681687 -0.668300 -0.297789
vn 0.681687 -0.668300 -0.297789
vn 0.681687 -0.668300 -0.297789
vn 0.681687 -0.668300 -0.297789
vn 0.783064 0.067626 0.618254
vn 0.783064 0.067626 0.618254
vn 0.783064 0.067626 0.618254
vn 0.783064 0.067626 0.618254
vn -0.822953 -0.022045 -0.567682
vn -0.822953 -0.022045 -0.567682
vn -0.822953 -0.022045 -0.567682
vn -0.822953 -0.022045 -0.567682
vn -0.771605 -0.063444 -0.632930
vn -0.771605 -0.063444 -0.632930
vn -0.771605 -0.063444 -0.632930
vn -0.771605 -0.063444 -0.632930
vn 0.853113 -0.511408 0.103249
vn 0.853113 -0.511408 0.103249
vn 0.853113 -0.511408 0.103249
vn 0.853113 -0.511408 0.103249
vn -0.288861 0.138007 -0.947372
vn -0.288861 0.138007 -0.947372
vn -0.288861 0.138007 -0.947372
vn -0.288861 0.138007 -0.947372
vn -0.224103 0.006565 -0.974543
vn -0.224103 0.006565 -0.974543
vn -0.224103 0.006565 -0.974543
vn -0.224103 0.006565 -0.974543
vn -0.783053 0.576259 0.233995
vn -0.783053 0.576259 0.233995
vn -0.783053 0.576259 0.233995
vn -0.783053 0.576259 0.233995
vn -0.920482 0.390044 -0.024068
vn -0.920482 0.390044 -0.024068
vn -0.920482 0.390044 -0.024068
vn -0.920482 0.390044 -0.024068
vn -0.471511 0.826121 -0.308545
vn -0.471511 0.826121 -0.308545
vn -0.471511 0.826121 -0.308545
vn -0.471511 0.826121 -0.308545
vn -0.395267 0.914891 0.082089
vn -0.395267 0.914891 0.082089
vn -0.395267 0.914891 0.082089
vn -0.395267 0.914891 0.082089
vn -0.253800 -0.948224 0.190937
vn -0.253800 -0.948224 0.190937
vn -0.253800 -0.948224 0.190937
vn -0.253800 -0.948224 0.190937
vn -0.516033 -0.856548 0.005917
vn -0.516033 -0.856548 0.005917
vn -0.516033 -0.856548 0.005917
vn -0.516033 -0.856548 0.005917
vn 0.513576 -0.852086 -0.100940
vn 0.513576 -0.852086 -0.100940
vn 0.513576 -0.852086 -0.100940
vn 0.513576 -0.852086 -0.100940
vn -0.883486 0.428520 0.189269
vn -0.883486 0.428520 0.189269
vn -0.883486 0.428520 0.189269
vn -0.883486 0.428520 0.189269
vn -0.983727 0.177587 -0.027266
vn -0.983727 0.177587 -0.027266
vn -0.983727 0.177587 -0.027266
vn -0.983727 0.177587 -0.027266
vn -0.886127 0.454623 0.089985
vn -0.886127 0.454623 0.089985
vn -0.886127 0.454623 0.089985
vn -0.886127 0.454623 0.089985
vn -0.831729 0.544476 0.108503
vn -0.831729 0.544476 0.108503
vn -0.831729 0.544476 0.108503
vn -0.831729 0.544476 0.108503
vn -0.923291 0.379575 0.058794
vn -0.923291 0.379575 0.058794
vn -0.923291 0.379575 0.058794
vn -0.923291 0.379575 0.058794
vn -0.447492 -0.863117 -0.234049
vn -0.447492 -0.863117 -0.234049
vn -0.447492 -0.863117 -0.234049
vn -0.447492 -0.863117 -0.234049
vn -0.382774 -0.042246 -0.922876
vn -0.382774 -0.042246 -0.922876
vn -0.382774 -0.042246 -0.922876
vn -0.382774 -0.042246 -0.922876
vn -0.596824 -0.630066 -0.496808
vn -0.596824 -0.630066 -0.496808
vn -0.596824 -0.630066 -0.496808
vn -0.596824 -0.630066 -0.496808
vn -0.506362 -0.755153 -0.416343
vn -0.506362 -0.755153 -0.416343
vn -0.506362 -0.755153 -0.416343
vn -0.506362 -0.755153 -0.416343
vn -0.901713 0.432314 -0.004211
vn -0.901713 0.432314 -0.004211
vn -0.901713 0.432314 -0.004211
vn -0.901713 0.432314 -0.004211
vn -0.887953 0.452763 -0.080901
vn -0.887953 0.452763 -0.080901
vn -0.887953 0.452763 -0.080901
vn -0.887953 0.452763 -0.080901
vn -0.932512 0.358933 -0.039858
vn -0.932512 0.358933 -0.039858
vn -0.932512 0.358933 -0.039858
vn -0.932512 0.358933 -0.039858
vn 0.855384 -0.327446 0.401368
vn 0.855384 -0.327446 0.401368
vn 0.855384 -0.327446 0.401368
vn 0.855384 -0.327446 0.401368
vn -0.836829 0.546843 -0.026078
vn -0.836829 0.546843 -0.026078
vn -0.836829 0.546843 -0.026078
vn -0.836829 0.546843 -0.026078
vn -0.909224 0.392937 -0.137520
vn -0.909224 0.392937 -0.137520
vn -0.909224 0.392937 -0.137520
vn -0.909224 0.392937 -0.137520
vn -0.912310 0.379517 -0.153808
vn -0.912310 0.379517 -0.153808
vn -0.912310 0.379517 -0.153808
vn -0.912310 0.379517 -0.153808
vn -0.895148 0.399320 -0.198125
vn -0.895148 0.399320 -0.198125
vn -0.895148 0.399320 -0.198125
vn -0.895148 0.399320 -0.198125
vn -0.878341 0.432105 -0.204455
vn -0.878341 0.432105 -0.204455
vn -0.878341 0.432105 -0.204455
vn -0.878341 0.432105 -0.204455
vn 0.932369 -0.337591 0.129309
vn 0.932369 -0.337591 0.129309
vn 0.932369 -0.337591 0.129309
vn 0.932369 -0.337591 0.129309
vn 0.928621 -0.350069 0.122942
vn 0.928621 -0.350069 0.122942
vn 0.928621 -0.350069 0.122942
vn 0.928621 -0.350069 0.122942
vn 0.947669 -0.242522 0.207622
vn 0.947669 -0.242522 0.207622
vn 0.947669 -0.242522 0.207622
vn 0.947669 -0.242522 0.207622
vn 0.880635 -0.398772 0.255856
vn 0.880635 -0.398772 0.255856
vn 0.880635 -0.398772 0.255856
vn 0.880635 -0.398772 0.255856
vn 0.878323 -0.425333 0.218268
vn 0.878323 -0.425333 0.218268
vn 0.878323 -0.425333 0.218268
vn 0.878323 -0.425333 0.218268
vn 0.882561 -0.422266 0.206826
vn 0.882561 -0.422266 0.206826
vn 0.882561 -0.422266 0.206826
vn 0.882561 -0.422266 0.206826
vn 0.925174 -0.272122 0.264581
vn 0.925174 -0.272122 0.264581
vn 0.925174 -0.272122 0.264581
vn 0.925174 -0.272122 0.264581
vn 0.860011 -0.446191 0.247577
vn 0.860011 -0.446191 0.247577
vn 0.860011 -0.446191 0.247577
vn 0.860011 -0.446191 0.247577
vn 0.783399 -0.441103 0.437852
vn 0.783399 -0.441103 0.437852
vn 0.783399 -0.441103 0.437852
vn 0.783399 -0.441103 0.437852
vn 0.834929 -0.422832 0.352289
vn 0.834929 -0.422832 0.352289
vn 0.834929 -0.422832 0.352289
vn 0.834929 -0.422832 0.352289
vn 0.525439 -0.835210 -0.162288
vn 0.525439 -0.835210 -0.162288
vn 0.525439 -0.835210 -0.162288
vn 0.525439 -0.835210 -0.162288
vn 0.843920 -0.515118 0.149843
vn 0.843920 -0.515118 0.149843
vn 0.843920 -0.515118 0.149843
vn 0.843920 -0.515118 0.149843
vn 0.924033 -0.344594 0.165585
vn 0.924033 -0.344594 0.165585
vn 0.924033 -0.344594 0.165585
vn 0.924033 -0.344594 0.165585
vn 0.932046 -0.306924 0.192580
vn 0.932046 -0.306924 0.192580
vn 0.932046 -0.306924 0.192580
vn 0.932046 -0.306924 0.192580
vn 0.865862 -0.487250 0.113450
vn 0.865862 -0.487250 0.113450
vn 0.865862 -0.487250 0.113450
vn 0.865862 -0.487250 0.113450
vn 0.935539 -0.344029 0.080063
vn 0.935539 -0.344029 0.080063
vn 0.935539 -0.344029 0.080063
vn 0.935539 -0.344029 0.080063
vn -0.891408 0.445563 -0.082866
vn -0.891408 0.445563 -0.082866
vn -0.891408 0.445563 -0.082866
vn -0.891408 0.445563 -0.082866
vn -0.871080 -0.076484 -0.485150
vn -0.871080 -0.076484 -0.485150
vn -0.871080 -0.076484 -0.485150
vn -0.871080 -0.076484 -0.485150
vn 0.518278 -0.839612 -0.162604
vn 0.518278 -0.839612 -0.162604
vn 0.518278 -0.839612 -0.162604
vn 0.518278 -0.839612 -0.162604
vn 0.836134 -0.538848 0.102577
vn 0.836134 -0.538848 0.102577
vn 0.836134 -0.538848 0.102577
vn 0.836134 -0.538848 0.102577
vn 0.913097 -0.322898 0.248982
vn 0.913097 -0.322898 0.248982
vn 0.913097 -0.322898 0.248982
vn 0.913097 -0.322898 0.248982
vn 0.890269 -0.399094 0.219422
vn 0.890269 -0.399094 0.219422
vn 0.890269 -0.399094 0.219422
vn 0.890269 -0.399094 0.219422
vn 0.896008 -0.381398 0.227388
vn 0.896008 -0.381398 0.227388
vn 0.896008 -0.381398 0.227388
vn 0.896008 -0.381398 0.227388
vn -0.084402 -0.675285 -0.732711
vn -0.084402 -0.675285 -0.732711
vn -0.084402 -0.675285 -0.732711
vn -0.084402 -0.675285 -0.732711
vn -0.171599 -0.634556 -0.753587
vn -0.171599 -0.634556 -0.753587
vn -0.171599 -0.634556 -0.753587
vn -0.171599 -0.634556 -0.753587
vn -0.355929 -0.450028 -0.819017
vn -0.355929 -0.450028 -0.819017
vn -0.355929 -0.450028 -0.819017
vn -0.355929 -0.450028 -0.819017
vn -0.604756 0.358421 -0.711200
vn -0.604756 0.358421 -0.711200
vn -0.604756 0.358421 -0.711200
vn -0.604756 0.358421 -0.711200
vn -0.444853 0.506610 -0.738547
vn -0.444853 0.506610 -0.738547
vn -0.444853 0.506610 -0.738547
vn -0.444853 0.506610 -0.738547
vn -0.159936 0.617762 -0.769929
vn -0.159936 0.617762 -0.769929
vn -0.159936 0.617762 -0.769929
vn -0.159936 0.617762 -0.769929
vn -0.569478 0.409977 -0.712470
vn -0.569478 0.409977 -0.712470
vn -0.569478 0.409977 -0.712470
vn -0.569478 0.409977 -0.712470
vn -0.553249 0.344140 -0.758606
vn -0.553249 0.344140 -0.758606
vn -0.553249 0.344140 -0.758606
vn -0.553249 0.344140 -0.758606
vn -0.953834 0.297723 0.039529
vn -0.953834 0.297723 0.039529
vn -0.953834 0.297723 0.039529
vn -0.953834 0.297723 0.039529
vn -0.591541 -0.806167 -0.013192
vn -0.591541 -0.806167 -0.013192
vn -0.591541 -0.806167 -0.013192
vn -0.591541 -0.806167 -0.013192
vn 0.466384 -0.856435 0.221369
vn 0.466384 -0.856435 0.221369
vn 0.466384 -0.856435 0.221369
vn 0.466384 -0.856435 0.221369
vn 0.602193 -0.779550 0.172234
vn 0.602193 -0.779550 0.172234
vn 0.602193 -0.779550 0.172234
vn 0.602193 -0.779550 0.172234
vn 0.586887 -0.806576 0.070708
vn 0.586887 -0.806576 0.070708
vn 0.586887 -0.806576 0.070708
vn 0.586887 -0.806576 0.070708
vn 0.573199 -0.804386 -0.156227
vn 0.573199 -0.804386 -0.156227
vn 0.573199 -0.804386 -0.156227
vn 0.573199 -0.804386 -0.156227
vn 0.556038 -0.830317 -0.037343
vn 0.556038 -0.830317 -0.037343
vn 0.556038 -0.830317 -0.037343
vn 0.556038 -0.830317 -0.037343
vn 0.616301 -0.770411 -0.163217
vn 0.616301 -0.770411 -0.163217
vn 0.616301 -0.770411 -0.163217
vn 0.616301 -0.770411 -0.163217
vn -0.347560 0.022408 0.937390
vn -0.347560 0.022408 0.937390
vn -0.347560 0.022408 0.937390
vn -0.347560 0.022408 0.937390
vn -0.338942 -0.269922 0.901255
vn -0.338942 -0.269922 0.901255
vn -0.338942 -0.269922 0.901255
vn -0.338942 -0.269922 0.901255
vn -0.507372 -0.000751 -0.861726
vn -0.507372 -0.000751 -0.861726
vn -0.507372 -0.000751 -0.861726
vn -0.507372 -0.000751 -0.861726
vn -0.305662 -0.908533 -0.284849
vn -0.305662 -0.908533 -0.284849
vn -0.305662 -0.908533 -0.284849
vn -0.305662 -0.908533 -0.284849
vn -0.452520 -0.654771 -0.605393
vn -0.452520 -0.654771 -0.605393
vn -0.452520 -0.654771 -0.605393
vn -0.452520 -0.654771 -0.605393
vn -0.872485 0.046076 -0.486463
vn -0.872485 0.046076 -0.486463
vn -0.872485 0.046076 -0.486463
vn -0.872485 0.046076 -0.486463
vn -0.267374 -0.859244 -0.436131
vn -0.267374 -0.859244 -0.436131
vn -0.267374 -0.859244 -0.436131
vn -0.267374 -0.859244 -0.436131
vn -0.090983 -0.910386 -0.403634
vn -0.090983 -0.910386 -0.403634
vn -0.090983 -0.910386 -0.403634
vn -0.090983 -0.910386 -0.403634
vn 0.010259 -0.926197 -0.376900
vn 0.010259 -0.926197 -0.376900
vn 0.010259 -0.926197 -0.376900
vn 0.010259 -0.926197 -0.376900
vn -0.257253 -0.802124 -0.538905
vn -0.257253 -0.802124 -0.538905
vn -0.257253 -0.802124 -0.538905
vn -0.257253 -0.802124 -0.538905
vn -0.507311 -0.821059 -0.261719
vn -0.507311 -0.821059 -0.261719
vn -0.507311 -0.821059 -0.261719
vn -0.507311 -0.821059 -0.261719
vn -0.277700 -0.939473 -0.200681
vn -0.277700 -0.939473 -0.200681
vn -0.277700 -0.939473 -0.200681
vn -0.277700 -0.939473 -0.200681
vn -0.008784 -0.999216 -0.038609
vn -0.008784 -0.999216 -0.038609
vn -0.008784 -0.999216 -0.038609
vn -0.008784 -0.999216 -0.038609
vn -0.765775 -0.570538 -0.296774
vn -0.765775 -0.570538 -0.296774
vn -0.765775 -0.570538 -0.296774
vn -0.765775 -0.570538 -0.296774
vn -0.261215 0.127940 -0.956764
vn -0.261215 0.127940 -0.956764
vn -0.261215 0.127940 -0.956764
vn -0.261215 0.127940 -0.956764
vn -0.881142 0.382302 -0.278270
vn -0.881142 0.382302 -0.278270
vn -0.881142 0.382302 -0.278270
vn -0.881142 0.382302 -0.278270
vn -0.771936 0.175530 -0.610987
vn -0.771936 0.175530 -0.610987
vn -0.771936 0.175530 -0.610987
vn -0.771936 0.175530 -0.610987
vn -0.510207 0.206115 -0.834988
vn -0.510207 0.206115 -0.834988
vn -0.510207 0.206115 -0.834988
vn -0.510207 0.206115 -0.834988
vn -0.745400 0.529613 -0.404833
vn -0.745400 0.529613 -0.404833
vn -0.745400 0.529613 -0.404833
vn -0.745400 0.529613 -0.404833
vn -0.136642 -0.984806 -0.107179
vn -0.136642 -0.984806 -0.107179
vn -0.136642 -0.984806 -0.107179
vn -0.136642 -0.984806 -0.107179
vn -0.358142 -0.907456 -0.219677
vn -0.358142 -0.907456 -0.219677
vn -0.358142 -0.907456 -0.219677
vn -0.358142 -0.907456 -0.219677
vn -0.838455 0.302417 -0.453363
vn -0.838455 0.302417 -0.453363
vn -0.838455 0.302417 -0.453363
vn -0.838455 0.302417 -0.453363
vn -0.818599 0.532246 -0.215895
vn -0.818599 0.532246 -0.215895
vn -0.818599 0.532246 -0.215895
vn -0.818599 0.532246 -0.215895
vn -0.688910 0.724836 0.003953
vn -0.688910 0.724836 0.003953
vn -0.688910 0.724836 0.003953
vn -0.688910 0.724836 0.003953
vn -0.047112 -0.972231 -0.229231
vn -0.047112 -0.972231 -0.229231
vn -0.047112 -0.972231 -0.229231
vn -0.047112 -0.972231 -0.229231
vn -0.592218 -0.796939 0.119020
vn -0.592218 -0.796939 0.119020
vn -0.592218 -0.796939 0.119020
vn -0.592218 -0.796939 0.119020
vn -0.427093 0.175941 -0.886925
vn -0.427093 0.175941 -0.886925
vn -0.427093 0.175941 -0.886925
vn -0.427093 0.175941 -0.886925
vn -0.748735 -0.629128 -0.208793
vn -0.748735 -0.629128 -0.208793
vn -0.748735 -0.629128 -0.208793
vn -0.748735 -0.629128 -0.208793
vn -0.608388 0.788003 -0.094420
vn -0.608388 0.788003 -0.094420
vn -0.608388 0.788003 -0.094420
vn -0.608388 0.788003 -0.094420
vn -0.556373 0.830477 -0.027516
vn -0.556373 0.830477 -0.027516
vn -0.556373 0.830477 -0.027516
vn -0.556373 0.830477 -0.027516
vn -0.171002 -0.972746 -0.156598
vn -0.171002 -0.972746 -0.156598
vn -0.171002 -0.972746 -0.156598
vn -0.171002 -0.972746 -0.156598
vn -0.404409 -0.910047 -0.090935
vn -0.404409 -0.910047 -0.090935
vn -0.404409 -0.910047 -0.090935
vn -0.404409 -0.910047 -0.090935
vn -0.391289 -0.912624 -0.118370
vn -0.391289 -0.912624 -0.118370
vn -0.391289 -0.912624 -0.118370
vn -0.391289 -0.912624 -0.118370
vn -0.204389 -0.969906 -0.132317
vn -0.204389 -0.969906 -0.132317
vn -0.204389 -0.969906 -0.132317
vn -0.204389 -0.969906 -0.132317
vn -0.217458 -0.974480 -0.055685
vn -0.217458 -0.974480 -0.055685
vn -0.217458 -0.974480 -0.055685
vn -0.217458 -0.974480 -0.055685
vn -0.331628 -0.911312 -0.243994
vn -0.331628 -0.911312 -0.243994
vn -0.331628 -0.911312 -0.243994
vn -0.331628 -0.911312 -0.243994
vn -0.136005 -0.990058 0.035895
vn -0.136005 -0.990058 0.035895
vn -0.136005 -0.990058 0.035895
vn -0.136005 -0.990058 0.035895
vn -0.828713 0.327775 -0.453650
vn -0.828713 0.327775 -0.453650
vn -0.828713 0.327775 -0.453650
vn -0.828713 0.327775 -0.453650
vn -0.796913 0.259693 -0.545426
vn -0.796913 0.259693 -0.545426
vn -0.796913 0.259693 -0.545426
vn -0.796913 0.259693 -0.545426
vn -0.518048 0.328589 -0.789719
vn -0.518048 0.328589 -0.789719
vn -0.518048 0.328589 -0.789719
vn -0.518048 0.328589 -0.789719
vn 0.765922 0.462726 -0.446373
vn 0.765922 0.462726 -0.446373
vn 0.765922 0.462726 -0.446373
vn 0.765922 0.462726 -0.446373
vn 0.042842 -0.886755 0.460250
vn 0.042842 -0.886755 0.460250
vn 0.042842 -0.886755 0.460250
vn 0.042842 -0.886755 0.460250
vn 0.877306 -0.386289 0.284809
vn 0.877306 -0.386289 0.284809
vn 0.877306 -0.386289 0.284809
vn 0.877306 -0.386289 0.284809
vn 0.739836 -0.411013 0.532644
vn 0.739836 -0.411013 0.532644
vn 0.739836 -0.411013 0.532644
vn 0.739836 -0.411013 0.532644
vn 0.954987 -0.206146 0.213317
vn 0.954987 -0.206146 0.213317
vn 0.954987 -0.206146 0.213317
vn 0.954987 -0.206146 0.213317
vn 0.951063 0.087166 0.296448
vn 0.951063 0.087166 0.296448
vn 0.951063 0.087166 0.296448
vn 0.951063 0.087166 0.296448
vn 0.932842 0.117587 0.340558
vn 0.932842 0.117587 0.340558
vn 0.932842 0.117587 0.340558
vn 0.932842 0.117587 0.340558
vn 0.920910 0.137891 0.364569
vn 0.920910 0.137891 0.364569
vn 0.920910 0.137891 0.364569
vn 0.920910 0.137891 0.364569
vn 0.921197 0.179046 0.345454
vn 0.921197 0.179046 0.345454
vn 0.921197 0.179046 0.345454
vn 0.921197 0.179046 0.345454
vn 0.867753 0.256613 0.425623
vn 0.867753 0.256613 0.425623
vn 0.867753 0.256613 0.425623
vn 0.867753 0.256613 0.425623
vn 0.863690 0.019041 0.503663
vn 0.863690 0.019041 0.503663
vn 0.863690 0.019041 0.503663
vn 0.863690 0.019041 0.503663
vn 0.711941 -0.194017 0.674906
vn 0.711941 -0.194017 0.674906
vn 0.711941 -0.194017 0.674906
vn 0.711941 -0.194017 0.674906
vn 0.716366 -0.262212 0.646580
vn 0.716366 -0.262212 0.646580
vn 0.716366 -0.262212 0.646580
vn 0.716366 -0.262212 0.646580
vn 0.612653 0.167426 0.772415
vn 0.612653 0.167426 0.772415
vn 0.612653 0.167426 0.772415
vn 0.612653 0.167426 0.772415
vn 0.608001 0.360837 0.707200
vn 0.608001 0.360837 0.707200
vn 0.608001 0.360837 0.707200
vn 0.608001 0.360837 0.707200
vn 0.623828 0.244578 0.742308
vn 0.623828 0.244578 0.742308
vn 0.623828 0.244578 0.742308
vn 0.623828 0.244578 0.742308
vn -0.891496 0.451284 -0.039721
vn -0.891496 0.451284 -0.039721
vn -0.891496 0.451284 -0.039721
vn -0.891496 0.451284 -0.039721
vn -0.777307 0.628917 0.016042
vn -0.777307 0.628917 0.016042
vn -0.777307 0.628917 0.016042
vn -0.777307 0.628917 0.016042
vn -0.282467 -0.668949 0.687546
vn -0.282467 -0.668949 0.687546
vn -0.282467 -0.668949 0.687546
vn -0.282467 -0.668949 0.687546
vn -0.126089 0.179988 0.975554
vn -0.126089 0.179988 0.975554
vn -0.126089 0.179988 0.975554
vn -0.126089 0.179988 0.975554
vn -0.959198 0.282619 -0.008075
vn -0.959198 0.282619 -0.008075
vn -0.959198 0.282619 -0.008075
vn -0.959198 0.282619 -0.008075
vn -0.760421 0.640881 0.105034
vn -0.760421 0.640881 0.105034
vn -0.760421 0.640881 0.105034
vn -0.760421 0.640881 0.105034
vn -0.751666 0.647523 0.125349
vn -0.751666 0.647523 0.125349
vn -0.751666 0.647523 0.125349
vn -0.751666 0.647523 0.125349
vn -0.749876 0.635985 0.182235
vn -0.749876 0.635985 0.182235
vn -0.749876 0.635985 0.182235
vn -0.749876 0.635985 0.182235
vn 0.023325 0.677953 0.734735
vn 0.023325 0.677953 0.734735
vn 0.023325 0.677953 0.734735
vn 0.023325 0.677953 0.734735
vn -0.839378 0.541876 0.042617
vn -0.839378 0.541876 0.042617
vn -0.839378 0.541876 0.042617
vn -0.839378 0.541876 0.042617
vn -0.925449 0.367716 -0.091260
vn -0.925449 0.367716 -0.091260
vn -0.925449 0.367716 -0.091260
vn -0.925449 0.367716 -0.091260
vn -0.781178 0.617522 0.091807
vn -0.781178 0.617522 0.091807
vn -0.781178 0.617522 0.091807
vn -0.781178 0.617522 0.091807
vn -0.819448 0.545050 0.177271
vn -0.819448 0.545050 0.177271
vn -0.819448 0.545050 0.177271
vn -0.819448 0.545050 0.177271
vn -0.903165 0.413464 -0.115506
vn -0.903165 0.413464 -0.115506
vn -0.903165 0.413464 -0.115506
vn -0.903165 0.413464 -0.115506
vn -0.929726 0.366428 0.036599
vn -0.929726 0.366428 0.036599
vn -0.929726 0.366428 0.036599
vn -0.929726 0.366428 0.036599
vn -0.881900 0.470510 0.029538
vn -0.881900 0.470510 0.029538
vn -0.881900 0.470510 0.029538
vn -0.881900 0.470510 0.029538
vn -0.852396 0.520985 0.044681
vn -0.852396 0.520985 0.044681
vn -0.852396 0.520985 0.044681
vn -0.852396 0.520985 0.044681
vn -0.908116 0.418616 -0.009307
vn -0.908116 0.418616 -0.009307
vn -0.908116 0.418616 -0.009307
vn -0.908116 0.418616 -0.009307
vn -0.899713 0.425942 -0.095346
vn -0.899713 0.425942 -0.095346
vn -0.899713 0.425942 -0.095346
vn -0.899713 0.425942 -0.095346
vn -0.891132 0.451214 0.047843
vn -0.891132 0.451214 0.047843
vn -0.891132 0.451214 0.047843
vn -0.891132 0.451214 0.047843
vn -0.844425 0.528085 0.089851
vn -0.844425 0.528085 0.089851
vn -0.844425 0.528085 0.089851
vn -0.844425 0.528085 0.089851
vn -0.791278 0.604720 0.090515
vn -0.791278 0.604720 0.090515
vn -0.791278 0.604720 0.090515
vn -0.791278 0.604720 0.090515
vn -0.757811 0.628154 0.176481
vn -0.757811 0.628154 0.176481
vn -0.757811 0.628154 0.176481
vn -0.757811 0.628154 0.176481
vn -0.956690 0.291089 -0.003355
vn -0.956690 0.291089 -0.003355
vn -0.956690 0.291089 -0.003355
vn -0.956690 0.291089 -0.003355
vn -0.856200 0.512203 0.067596
vn -0.856200 0.512203 0.067596
vn -0.856200 0.512203 0.067596
vn -0.856200 0.512203 0.067596
vn -0.861615 0.506208 0.037057
vn -0.861615 0.506208 0.037057
vn -0.861615 0.506208 0.037057
vn -0.861615 0.506208 0.037057
vn -0.984896 0.006612 -0.173023
vn -0.984896 0.006612 -0.173023
vn -0.984896 0.006612 -0.173023
vn -0.984896 0.006612 -0.173023
vn -0.575053 -0.701651 0.420714
vn -0.575053 -0.701651 0.420714
vn -0.575053 -0.701651 0.420714
vn -0.575053 -0.701651 0.420714
vn -0.138347 0.754291 0.641799
vn -0.138347 0.754291 0.641799
vn -0.138347 0.754291 0.641799
vn -0.138347 0.754291 0.641799
vn -0.355704 0.178592 0.917376
vn -0.355704 0.178592 0.917376
vn -0.355704 0.178592 0.917376
vn -0.355704 0.178592 0.917376
vn -0.416350 0.069780 0.906523
vn -0.416350 0.069780 0.906523
vn -0.416350 0.069780 0.906523
vn -0.416350 0.069780 0.906523
vn -0.407274 -0.744424 0.529113
vn -0.407274 -0.744424 0.529113
vn -0.407274 -0.744424 0.529113
vn -0.407274 -0.744424 0.529113
vn -0.995546 -0.082295 -0.046000
vn -0.995546 -0.082295 -0.046000
vn -0.995546 -0.082295 -0.046000
vn -0.995546 -0.082295 -0.046000
vn -0.936990 -0.043872 -0.346590
vn -0.936990 -0.043872 -0.346590
vn -0.936990 -0.043872 -0.346590
vn -0.936990 -0.043872 -0.346590
vn 0.569970 -0.780731 0.256111
vn 0.569970 -0.780731 0.256111
vn 0.569970 -0.780731 0.256111
vn 0.569970 -0.780731 0.256111
vn 0.873933 -0.407538 0.264865
vn 0.873933 -0.407538 0.264865
vn 0.873933 -0.407538 0.264865
vn 0.873933 -0.407538 0.264865
vn -0.242259 -0.955081 0.170676
vn -0.242259 -0.955081 0.170676
vn -0.242259 -0.955081 0.170676
vn -0.242259 -0.955081 0.170676
vn 0.577138 -0.509939 0.637867
vn 0.577138 -0.509939 0.637867
vn 0.577138 -0.509939 0.637867
vn 0.577138 -0.509939 0.637867
vn -0.265809 0.253278 0.930159
vn -0.265809 0.253278 0.930159
vn -0.265809 0.253278 0.930159
vn -0.265809 0.253278 0.930159
vn -0.184997 0.327785 0.926463
vn -0.184997 0.327785 0.926463
vn -0.184997 0.327785 0.926463
vn -0.184997 0.327785 0.926463
vn 0.828716 -0.263447 0.493786
vn 0.828716 -0.263447 0.493786
vn 0.828716 -0.263447 0.493786
vn 0.828716 -0.263447 0.493786
vn 0.816810 -0.534199 0.217839
vn 0.816810 -0.534199 0.217839
vn 0.816810 -0.534199 0.217839
vn 0.816810 -0.534199 0.217839
vn 0.691961 -0.614905 0.378262
vn 0.691961 -0.614905 0.378262
vn 0.691961 -0.614905 0.378262
vn 0.691961 -0.614905 0.378262
vn 0.791319 -0.387298 0.473091
vn 0.791319 -0.387298 0.473091
vn 0.791319 -0.387298 0.473091
vn 0.791319 -0.387298 0.473091
vn 0.907861 -0.387887 0.159158
vn 0.907861 -0.387887 0.159158
vn 0.907861 -0.387887 0.159158
vn 0.907861 -0.387887 0.159158
vn 0.316997 -0.921490 -0.224430
vn 0.316997 -0.921490 -0.224430
vn 0.316997 -0.921490 -0.224430
vn 0.316997 -0.921490 -0.224430
vn 0.493549 -0.820507 -0.288406
vn 0.493549 -0.820507 -0.288406
vn 0.493549 -0.820507 -0.288406
vn 0.493549 -0.820507 -0.288406
vn 0.266600 -0.960157 -0.083808
vn 0.266600 -0.960157 -0.083808
vn 0.266600 -0.960157 -0.083808
vn 0.266600 -0.960157 -0.083808
vn 0.927595 -0.257758 0.270422
vn 0.927595 -0.257758 0.270422
vn 0.927595 -0.257758 0.270422
vn 0.927595 -0.257758 0.270422
vn 0.867028 -0.451778 0.210140
vn 0.867028 -0.451778 0.210140
vn 0.867028 -0.451778 0.210140
vn 0.867028 -0.451778 0.210140
vn 0.827285 -0.269564 0.492885
vn 0.827285 -0.269564 0.492885
vn 0.827285 -0.269564 0.492885
vn 0.827285 -0.269564 0.492885
vn 0.723592 -0.579734 0.374599
vn 0.723592 -0.579734 0.374599
vn 0.723592 -0.579734 0.374599
vn 0.723592 -0.579734 0.374599
vn 0.749066 -0.566505 0.343471
vn 0.749066 -0.566505 0.343471
vn 0.749066 -0.566505 0.343471
vn 0.749066 -0.566505 0.343471
vn 0.936871 -0.339443 0.083973
vn 0.936871 -0.339443 0.083973
vn 0.936871 -0.339443 0.083973
vn 0.936871 -0.339443 0.083973
vn 0.909175 -0.393882 0.135119
vn 0.909175 -0.393882 0.135119
vn 0.909175 -0.393882 0.135119
vn 0.909175 -0.393882 0.135119
vn 0.728877 -0.404871 0.552103
vn 0.728877 -0.404871 0.552103
vn 0.728877 -0.404871 0.552103
vn 0.728877 -0.404871 0.552103
vn 0.910450 -0.328278 0.251623
vn 0.910450 -0.328278 0.251623
vn 0.910450 -0.328278 0.251623
vn 0.910450 -0.328278 0.251623
vn 0.858398 -0.464154 0.218436
vn 0.858398 -0.464154 0.218436
vn 0.858398 -0.464154 0.218436
vn 0.858398 -0.464154 0.218436
vn 0.760811 -0.501108 0.412380
vn 0.760811 -0.501108 0.412380
vn 0.760811 -0.501108 0.412380
vn 0.760811 -0.501108 0.412380
vn 0.725983 -0.581023 0.367915
vn 0.725983 -0.581023 0.367915
vn 0.725983 -0.581023 0.367915
vn 0.725983 -0.581023 0.367915
vn 0.763819 -0.522661 0.378690
vn 0.763819 -0.522661 0.378690
vn 0.763819 -0.522661 0.378690
vn 0.763819 -0.522661 0.378690
vn 0.809618 -0.507687 0.294572
vn 0.809618 -0.507687 0.294572
vn 0.809618 -0.507687 0.294572
vn 0.809618 -0.507687 0.294572
vn 0.880015 -0.419189 0.223279
vn 0.880015 -0.419189 0.223279
vn 0.880015 -0.419189 0.223279
vn 0.880015 -0.419189 0.223279
vn 0.774160 -0.467452 0.426808
vn 0.774160 -0.467452 0.426808
vn 0.774160 -0.467452 0.426808
vn 0.774160 -0.467452 0.426808
vn 0.769839 -0.556834 0.311904
vn 0.769839 -0.556834 0.311904
vn 0.769839 -0.556834 0.311904
vn 0.769839 -0.556834 0.311904
vn 0.737418 -0.522526 -0.427998
vn 0.737418 -0.522526 -0.427998
vn 0.737418 -0.522526 -0.427998
vn 0.737418 -0.522526 -0.427998
vn 0.266553 0.454711 -0.849816
vn 0.266553 0.454711 -0.849816
vn 0.266553 0.454711 -0.849816
vn 0.266553 0.454711 -0.849816
vn 0.751353 -0.307472 -0.583892
vn 0.751353 -0.307472 -0.583892
vn 0.751353 -0.307472 -0.583892
vn 0.751353 -0.307472 -0.583892
vn 0.088264 0.233907 -0.968244
vn 0.088264 0.233907 -0.968244
vn 0.088264 0.233907 -0.968244
vn 0.088264 0.233907 -0.968244
vn 0.747392 -0.350299 -0.564531
vn 0.747392 -0.350299 -0.564531
vn 0.747392 -0.350299 -0.564531
vn 0.747392 -0.350299 -0.564531
vn 0.783455 -0.444609 -0.434190
vn 0.783455 -0.444609 -0.434190
vn 0.783455 -0.444609 -0.434190
vn 0.783455 -0.444609 -0.434190
vn 0.791273 -0.501211 -0.350251
vn 0.791273 -0.501211 -0.350251
vn 0.791273 -0.501211 -0.350251
vn 0.791273 -0.501211 -0.350251
vn -0.617219 0.331148 -0.713710
vn -0.617219 0.331148 -0.713710
vn -0.617219 0.331148 -0.713710
vn -0.617219 0.331148 -0.713710
vn -0.716415 0.178177 -0.674539
vn -0.716415 0.178177 -0.674539
vn -0.716415 0.178177 -0.674539
vn -0.716415 0.178177 -0.674539
vn -0.700563 0.230475 -0.675347
vn -0.700563 0.230475 -0.675347
vn -0.700563 0.230475 -0.675347
vn -0.700563 0.230475 -0.675347
vn -0.716612 0.006759 -0.697440
vn -0.716612 0.006759 -0.697440
vn -0.716612 0.006759 -0.697440
vn -0.716612 0.006759 -0.697440
vn -0.563499 0.318977 -0.762052
vn -0.563499 0.318977 -0.762052
vn -0.563499 0.318977 -0.762052
vn -0.563499 0.318977 -0.762052
vn -0.689737 0.415285 -0.593129
vn -0.689737 0.415285 -0.593129
vn -0.689737 0.415285 -0.593129
vn -0.689737 0.415285 -0.593129
vn -0.550044 0.323612 -0.769888
vn -0.550044 0.323612 -0.769888
vn -0.550044 0.323612 -0.769888
vn -0.550044 0.323612 -0.769888
vn -0.694118 0.518099 -0.499775
vn -0.694118 0.518099 -0.499775
vn -0.694118 0.518099 -0.499775
vn -0.694118 0.518099 -0.499775
vn -0.579899 0.461014 -0.671702
vn -0.579899 0.461014 -0.671702
vn -0.579899 0.461014 -0.671702
vn -0.579899 0.461014 -0.671702
vn -0.617059 -0.389144 -0.683963
vn -0.617059 -0.389144 -0.683963
vn -0.617059 -0.389144 -0.683963
vn -0.617059 -0.389144 -0.683963
vn -0.617853 -0.530875 -0.580026
vn -0.617853 -0.530875 -0.580026
vn -0.617853 -0.530875 -0.580026
vn -0.617853 -0.530875 -0.580026
vn -0.593887 -0.624287 -0.507507
vn -0.593887 -0.624287 -0.507507
vn -0.593887 -0.624287 -0.507507
vn -0.593887 -0.624287 -0.507507
vn 0.287677 0.255047 -0.923143
vn 0.287677 0.255047 -0.923143
vn 0.287677 0.255047 -0.923143
vn 0.287677 0.255047 -0.923143
vn 0.401089 -0.738662 -0.541762
vn 0.401089 -0.738662 -0.541762
vn 0.401089 -0.738662 -0.541762
vn 0.401089 -0.738662 -0.541762
vn 0.559938 -0.637379 -0.529355
vn 0.559938 -0.637379 -0.529355
vn 0.559938 -0.637379 -0.529355
vn 0.559938 -0.637379 -0.529355
vn 0.761954 -0.515332 -0.392249
vn 0.761954 -0.515332 -0.392249
vn 0.761954 -0.515332 -0.392249
vn 0.761954 -0.515332 -0.392249
vn -0.851861 0.482087 -0.204756
vn -0.851861 0.482087 -0.204756
vn -0.851861 0.482087 -0.204756
vn -0.851861 0.482087 -0.204756
vn -0.655824 -0.011196 -0.754831
vn -0.655824 -0.011196 -0.754831
vn -0.655824 -0.011196 -0.754831
vn -0.655824 -0.011196 -0.754831
vn -0.969185 -0.000657 0.246333
vn -0.969185 -0.000657 0.246333
vn -0.969185 -0.000657 0.246333
vn -0.969185 -0.000657 0.246333
vn 0.241674 0.954139 -0.176670
vn 0.241674 0.954139 -0.176670
vn 0.241674 0.954139 -0.176670
vn 0.241674 0.954139 -0.176670
vn -0.858215 0.505415 -0.089567
vn -0.858215 0.505415 -0.089567
vn -0.858215 0.505415 -0.089567
vn -0.858215 0.505415 -0.089567
vn -0.608700 0.609232 0.508252
vn -0.608700 0.609232 0.508252
vn -0.608700 0.609232 0.508252
vn -0.608700 0.609232 0.508252
vn -0.875814 -0.003810 0.482634
vn -0.875814 -0.003810 0.482634
vn -0.875814 -0.003810 0.482634
vn -0.875814 -0.003810 0.482634
vn -0.990022 0.137590 0.030419
vn -0.990022 0.137590 0.030419
vn -0.990022 0.137590 0.030419
vn -0.990022 0.137590 0.030419
vn -0.966660 0.238458 0.093303
vn -0.966660 0.238458 0.093303
vn -0.966660 0.238458 0.093303
vn -0.966660 0.238458 0.093303
vn -0.753268 0.639045 -0.155592
vn -0.753268 0.639045 -0.155592
vn -0.753268 0.639045 -0.155592
vn -0.753268 0.639045 -0.155592
vn -0.896417 0.421828 -0.136006
vn -0.896417 0.421828 -0.136006
vn -0.896417 0.421828 -0.136006
vn -0.896417 0.421828 -0.136006
vn -0.400205 0.887967 -0.226606
vn -0.400205 0.887967 -0.226606
vn -0.400205 0.887967 -0.226606
vn -0.400205 0.887967 -0.226606
vn -0.885795 0.437861 -0.153768
vn -0.885795 0.437861 -0.153768
vn -0.885795 0.437861 -0.153768
vn -0.885795 0.437861 -0.153768
vn -0.986030 -0.108188 0.126648
vn -0.986030 -0.108188 0.126648
vn -0.986030 -0.108188 0.126648
vn -0.986030 -0.108188 0.126648
vn 0.508011 0.822811 -0.254770
vn 0.508011 0.822811 -0.254770
vn 0.508011 0.822811 -0.254770
vn 0.508011 0.822811 -0.254770
vn -0.687510 -0.551057 -0.472933
vn -0.687510 -0.551057 -0.472933
vn -0.687510 -0.551057 -0.472933
vn -0.687510 -0.551057 -0.472933
vn -0.654766 -0.064769 -0.753051
vn -0.654766 -0.064769 -0.753051
vn -0.654766 -0.064769 -0.753051
vn -0.654766 -0.064769 -0.753051
vn -0.880213 0.465002 0.094859
vn -0.880213 0.465002 0.094859
vn -0.880213 0.465002 0.094859
vn -0.880213 0.465002 0.094859
vn -0.874637 0.470626 0.116283
vn -0.874637 0.470626 0.116283
vn -0.874637 0.470626 0.116283
vn -0.874637 0.470626 0.116283
vn -0.900685 0.433903 -0.022230
vn -0.900685 0.433903 -0.022230
vn -0.900685 0.433903 -0.022230
vn -0.900685 0.433903 -0.022230
vn -0.793647 0.599758 0.102053
vn -0.793647 0.599758 0.102053
vn -0.793647 0.599758 0.102053
vn -0.793647 0.599758 0.102053
vn -0.849012 0.521688 0.083783
vn -0.849012 0.521688 0.083783
vn -0.849012 0.521688 0.083783
vn -0.849012 0.521688 0.083783
vn -0.882277 0.458931 0.104735
vn -0.882277 0.458931 0.104735
vn -0.882277 0.458931 0.104735
vn -0.882277 0.458931 0.104735
vn -0.876831 0.480517 0.016439
vn -0.876831 0.480517 0.016439
vn -0.876831 0.480517 0.016439
vn -0.876831 0.480517 0.016439
vn -0.848592 0.515999 -0.116775
vn -0.848592 0.515999 -0.116775
vn -0.848592 0.515999 -0.116775
vn -0.848592 0.515999 -0.116775
vn -0.882344 0.468013 -0.049318
vn -0.882344 0.468013 -0.049318
vn -0.882344 0.468013 -0.049318
vn -0.882344 0.468013 -0.049318
vn -0.882619 0.470044 0.006556
vn -0.882619 0.470044 0.006556
vn -0.882619 0.470044 0.006556
vn -0.882619 0.470044 0.006556
vn -0.852068 0.510252 -0.116719
vn -0.852068 0.510252 -0.116719
vn -0.852068 0.510252 -0.116719
vn -0.852068 0.510252 -0.116719
vn -0.883198 0.466674 0.046657
vn -0.883198 0.466674 0.046657
vn -0.883198 0.466674 0.046657
vn -0.883198 0.466674 0.046657
vn -0.842491 0.534787 -0.064899
vn -0.842491 0.534787 -0.064899
vn -0.842491 0.534787 -0.064899
vn -0.842491 0.534787 -0.064899
vn -0.852464 0.516568 -0.080385
vn -0.852464 0.516568 -0.080385
vn -0.852464 0.516568 -0.080385
vn -0.852464 0.516568 -0.080385
vn -0.873842 0.484944 -0.035075
vn -0.873842 0.484944 -0.035075
vn -0.873842 0.484944 -0.035075
vn -0.873842 0.484944 -0.035075
vn -0.878734 0.458768 -0.131753
vn -0.878734 0.458768 -0.131753
vn -0.878734 0.458768 -0.131753
vn -0.878734 0.458768 -0.131753
vn -0.931975 0.301614 -0.201129
vn -0.931975 0.301614 -0.201129
vn -0.931975 0.301614 -0.201129
vn -0.931975 0.301614 -0.201129
vn -0.861017 0.508501 0.008744
vn -0.861017 0.508501 0.008744
vn -0.861017 0.508501 0.008744
vn -0.861017 0.508501 0.008744
vn -0.871231 0.490724 -0.012085
vn -0.871231 0.490724 -0.012085
vn -0.871231 0.490724 -0.012085
vn -0.871231 0.490724 -0.012085
vn -0.862056 0.503694 0.056137
vn -0.862056 0.503694 0.056137
vn -0.862056 0.503694 0.056137
vn -0.862056 0.503694 0.056137
vn -0.855012 0.517231 0.037776
vn -0.855012 0.517231 0.037776
vn -0.855012 0.517231 0.037776
vn -0.855012 0.517231 0.037776
vn -0.868882 0.494370 0.025357
vn -0.868882 0.494370 0.025357
vn -0.868882 0.494370 0.025357
vn -0.868882 0.494370 0.025357
vn -0.851868 0.518458 0.074309
vn -0.851868 0.518458 0.074309
vn -0.851868 0.518458 0.074309
vn -0.851868 0.518458 0.074309
vn -0.848428 0.521769 0.089032
vn -0.848428 0.521769 0.089032
vn -0.848428 0.521769 0.089032
vn -0.848428 0.521769 0.089032
vn -0.873546 0.480705 0.076422
vn -0.873546 0.480705 0.076422
vn -0.873546 0.480705 0.076422
vn -0.873546 0.480705 0.076422
vn -0.840493 0.537314 0.069749
vn -0.840493 0.537314 0.069749
vn -0.840493 0.537314 0.069749
vn -0.840493 0.537314 0.069749
vn -0.844826 0.529924 0.073823
vn -0.844826 0.529924 0.073823
vn -0.844826 0.529924 0.073823
vn -0.844826 0.529924 0.073823
vn -0.870179 0.489284 0.058222
vn -0.870179 0.489284 0.058222
vn -0.870179 0.489284 0.058222
vn -0.870179 0.489284 0.058222
vn -0.879197 0.474941 0.038005
vn -0.879197 0.474941 0.038005
vn -0.879197 0.474941 0.038005
vn -0.879197 0.474941 0.038005
vn -0.853611 0.518821 -0.046620
vn -0.853611 0.518821 -0.046620
vn -0.853611 0.518821 -0.046620
vn -0.853611 0.518821 -0.046620
vn -0.858509 0.505397 -0.086814
vn -0.858509 0.505397 -0.086814
vn -0.858509 0.505397 -0.086814
vn -0.858509 0.505397 -0.086814
vn -0.930490 0.352374 0.100102
vn -0.930490 0.352374 0.100102
vn -0.930490 0.352374 0.100102
vn -0.930490 0.352374 0.100102
vn -0.768449 0.634553 0.082631
vn -0.768449 0.634553 0.082631
vn -0.768449 0.634553 0.082631
vn -0.768449 0.634553 0.082631
vn -0.759642 0.575790 0.302343
vn -0.759642 0.575790 0.302343
vn -0.759642 0.575790 0.302343
vn -0.759642 0.575790 0.302343
vn -0.798656 0.578134 0.167062
vn -0.798656 0.578134 0.167062
vn -0.798656 0.578134 0.167062
vn -0.798656 0.578134 0.167062
vn -0.481402 0.873317 -0.074632
vn -0.481402 0.873317 -0.074632
vn -0.481402 0.873317 -0.074632
vn -0.481402 0.873317 -0.074632
vn -0.793307 0.589626 -0.151675
vn -0.793307 0.589626 -0.151675
vn -0.793307 0.589626 -0.151675
vn -0.793307 0.589626 -0.151675
vn -0.916549 -0.305117 0.258538
vn -0.916549 -0.305117 0.258538
vn -0.916549 -0.305117 0.258538
vn -0.916549 -0.305117 0.258538
vn -0.140889 0.975991 0.166110
vn -0.140889 0.975991 0.166110
vn -0.140889 0.975991 0.166110
vn -0.140889 0.975991 0.166110
vn -0.403354 0.854605 0.327042
vn -0.403354 0.854605 0.327042
vn -0.403354 0.854605 0.327042
vn -0.403354 0.854605 0.327042
vn -0.751433 0.654321 -0.084925
vn -0.751433 0.654321 -0.084925
vn -0.751433 0.654321 -0.084925
vn -0.751433 0.654321 -0.084925
vn -0.742333 0.421002 0.521247
vn -0.742333 0.421002 0.521247
vn -0.742333 0.421002 0.521247
vn -0.742333 0.421002 0.521247
vn -0.866989 -0.313163 0.387633
vn -0.866989 -0.313163 0.387633
vn -0.866989 -0.313163 0.387633
vn -0.866989 -0.313163 0.387633
vn -0.866412 0.494317 -0.070579
vn -0.866412 0.494317 -0.070579
vn -0.866412 0.494317 -0.070579
vn -0.866412 0.494317 -0.070579
vn -0.869491 0.492903 -0.032120
vn -0.869491 0.492903 -0.032120
vn -0.869491 0.492903 -0.032120
vn -0.869491 0.492903 -0.032120
vn -0.090319 0.985618 -0.142830
vn -0.090319 0.985618 -0.142830
vn -0.090319 0.985618 -0.142830
vn -0.090319 0.985618 -0.142830
vn -0.747045 0.658052 -0.094296
vn -0.747045 0.658052 -0.094296
vn -0.747045 0.658052 -0.094296
vn -0.747045 0.658052 -0.094296
vn -0.923200 -0.372002 0.096525
vn -0.923200 -0.372002 0.096525
vn -0.923200 -0.372002 0.096525
vn -0.923200 -0.372002 0.096525
vn -0.853875 0.513847 -0.082819
vn -0.853875 0.513847 -0.082819
vn -0.853875 0.513847 -0.082819
vn -0.853875 0.513847 -0.082819
vn -0.999567 -0.016049 -0.024645
vn -0.999567 -0.016049 -0.024645
vn -0.999567 -0.016049 -0.024645
vn -0.999567 -0.016049 -0.024645
vn 0.743300 0.666926 -0.052103
vn 0.743300 0.666926 -0.052103
vn 0.743300 0.666926 -0.052103
vn 0.743300 0.666926 -0.052103
vn -0.721534 -0.665073 0.192527
vn -0.721534 -0.665073 0.192527
vn -0.721534 -0.665073 0.192527
vn -0.721534 -0.665073 0.192527
vn -0.682647 0.720081 -0.124404
vn -0.682647 0.720081 -0.124404
vn -0.682647 0.720081 -0.124404
vn -0.682647 0.720081 -0.124404
vn -0.884902 0.341711 -0.316516
vn -0.884902 0.341711 -0.316516
vn -0.884902 0.341711 -0.316516
vn -0.884902 0.341711 -0.316516
vn -0.379111 0.013523 -0.925253
vn -0.379111 0.013523 -0.925253
vn -0.379111 0.013523 -0.925253
vn -0.379111 0.013523 -0.925253
vn 0.080914 0.942008 -0.325691
vn 0.080914 0.942008 -0.325691
vn 0.080914 0.942008 -0.325691
vn 0.080914 0.942008 -0.325691
vn -0.970702 -0.239591 0.018252
vn -0.970702 -0.239591 0.018252
vn -0.970702 -0.239591 0.018252
vn -0.970702 -0.239591 0.018252
vn -0.947243 -0.202851 -0.248158
vn -0.947243 -0.202851 -0.248158
vn -0.947243 -0.202851 -0.248158
vn -0.947243 -0.202851 -0.248158
vn -0.746387 0.455113 -0.485570
vn -0.746387 0.455113 -0.485570
vn -0.746387 0.455113 -0.485570
vn -0.746387 0.455113 -0.485570
vn -0.824263 0.525331 -0.211231
vn -0.824263 0.525331 -0.211231
vn -0.824263 0.525331 -0.211231
vn -0.824263 0.525331 -0.211231
vn -0.853291 0.510013 -0.108541
vn -0.853291 0.510013 -0.108541
vn -0.853291 0.510013 -0.108541
vn -0.853291 0.510013 -0.108541
vn -0.789631 0.576530 0.209993
vn -0.789631 0.576530 0.209993
vn -0.789631 0.576530 0.209993
vn -0.789631 0.576530 0.209993
vn 0.371917 0.888377 -0.269192
vn 0.371917 0.888377 -0.269192
vn 0.371917 0.888377 -0.269192
vn 0.371917 0.888377 -0.269192
vn 0.524113 -0.166191 -0.835276
vn 0.524113 -0.166191 -0.835276
vn 0.524113 -0.166191 -0.835276
vn 0.524113 -0.166191 -0.835276
vn -0.823370 -0.547804 0.148231
vn -0.823370 -0.547804 0.148231
vn -0.823370 -0.547804 0.148231
vn -0.823370 -0.547804 0.148231
vn -0.515982 0.364652 -0.775107
vn -0.515982 0.364652 -0.775107
vn -0.515982 0.364652 -0.775107
vn -0.515982 0.364652 -0.775107
vn -0.772515 0.621234 -0.131489
vn -0.772515 0.621234 -0.131489
vn -0.772515 0.621234 -0.131489
vn -0.772515 0.621234 -0.131489
vn -0.839207 0.522741 0.149913
vn -0.839207 0.522741 0.149913
vn -0.839207 0.522741 0.149913
vn -0.839207 0.522741 0.149913
vn -0.750543 -0.095542 -0.653879
vn -0.750543 -0.095542 -0.653879
vn -0.750543 -0.095542 -0.653879
vn -0.750543 -0.095542 -0.653879
vn -0.834268 0.417009 -0.360694
vn -0.834268 0.417009 -0.360694
vn -0.834268 0.417009 -0.360694
vn -0.834268 0.417009 -0.360694
vn -0.820518 0.129442 -0.556772
vn -0.820518 0.129442 -0.556772
vn -0.820518 0.129442 -0.556772
vn -0.820518 0.129442 -0.556772
vn -0.844632 0.521020 0.123021
vn -0.844632 0.521020 0.123021
vn -0.844632 0.521020 0.123021
vn -0.844632 0.521020 0.123021
vn -0.816050 0.562330 -0.133594
vn -0.816050 0.562330 -0.133594
vn -0.816050 0.562330 -0.133594
vn -0.816050 0.562330 -0.133594
vn -0.798003 0.552253 -0.241260
vn -0.798003 0.552253 -0.241260
vn -0.798003 0.552253 -0.241260
vn -0.798003 0.552253 -0.241260
vn -0.664406 0.744835 -0.061531
vn -0.664406 0.744835 -0.061531
vn -0.664406 0.744835 -0.061531
vn -0.664406 0.744835 -0.061531
vn -0.844544 0.535485 0.001061
vn -0.844544 0.535485 0.001061
vn -0.844544 0.535485 0.001061
vn -0.844544 0.535485 0.001061
vn -0.650369 0.694491 0.307738
vn -0.650369 0.694491 0.307738
vn -0.650369 0.694491 0.307738
vn -0.650369 0.694491 0.307738
vn -0.879225 0.463669 0.109425
vn -0.879225 0.463669 0.109425
vn -0.879225 0.463669 0.109425
vn -0.879225 0.463669 0.109425
vn -0.831583 0.530793 0.163489
vn -0.831583 0.530793 0.163489
vn -0.831583 0.530793 0.163489
vn -0.831583 0.530793 0.163489
vn -0.632433 0.432981 -0.642305
vn -0.632433 0.432981 -0.642305
vn -0.632433 0.432981 -0.642305
vn -0.632433 0.432981 -0.642305
vn 0.317065 0.895816 0.311422
vn 0.317065 0.895816 0.311422
vn 0.317065 0.895816 0.311422
vn 0.317065 0.895816 0.311422
vn -0.691840 0.715343 0.098189
vn -0.691840 0.715343 0.098189
vn -0.691840 0.715343 0.098189
vn -0.691840 0.715343 0.098189
vn -0.896961 0.428280 0.109711
vn -0.896961 0.428280 0.109711
vn -0.896961 0.428280 0.109711
vn -0.896961 0.428280 0.109711
vn -0.874879 0.465812 0.132689
vn -0.874879 0.465812 0.132689
vn -0.874879 0.465812 0.132689
vn -0.874879 0.465812 0.132689
vn -0.883307 0.399734 0.244910
vn -0.883307 0.399734 0.244910
vn -0.883307 0.399734 0.244910
vn -0.883307 0.399734 0.244910
vn -0.893516 0.448314 0.025364
vn -0.893516 0.448314 0.025364
vn -0.893516 0.448314 0.025364
vn -0.893516 0.448314 0.025364
vn -0.830969 0.549139 0.089092
vn -0.830969 0.549139 0.089092
vn -0.830969 0.549139 0.089092
vn -0.830969 0.549139 0.089092
vn -0.823666 0.557569 0.103399
vn -0.823666 0.557569 0.103399
vn -0.823666 0.557569 0.103399
vn -0.823666 0.557569 0.103399
vn -0.838836 0.544087 -0.018004
vn -0.838836 0.544087 -0.018004
vn -0.838836 0.544087 -0.018004
vn -0.838836 0.544087 -0.018004
vn -0.885821 0.451331 -0.107802
vn -0.885821 0.451331 -0.107802
vn -0.885821 0.451331 -0.107802
vn -0.885821 0.451331 -0.107802
vn -0.863272 0.490648 -0.118429
vn -0.863272 0.490648 -0.118429
vn -0.863272 0.490648 -0.118429
vn -0.863272 0.490648 -0.118429
vn -0.888012 0.459818 -0.001673
vn -0.888012 0.459818 -0.001673
vn -0.888012 0.459818 -0.001673
vn -0.888012 0.459818 -0.001673
vn -0.868986 0.494745 0.009537
vn -0.868986 0.494745 0.009537
vn -0.868986 0.494745 0.009537
vn -0.868986 0.494745 0.009537
vn -0.910755 0.373073 -0.177035
vn -0.910755 0.373073 -0.177035
vn -0.910755 0.373073 -0.177035
vn -0.910755 0.373073 -0.177035
vn -0.210546 -0.928577 0.305638
vn -0.210546 -0.928577 0.305638
vn -0.210546 -0.928577 0.305638
vn -0.210546 -0.928577 0.305638
vn 0.660716 -0.745647 0.086397
vn 0.660716 -0.745647 0.086397
vn 0.660716 -0.745647 0.086397
vn 0.660716 -0.745647 0.086397
vn -0.090881 -0.931912 0.351115
vn -0.090881 -0.931912 0.351115
vn -0.090881 -0.931912 0.351115
vn -0.090881 -0.931912 0.351115
vn 0.318097 -0.857541 0.404274
vn 0.318097 -0.857541 0.404274
vn 0.318097 -0.857541 0.404274
vn 0.318097 -0.857541 0.404274
vn 0.461329 -0.842945 0.276802
vn 0.461329 -0.842945 0.276802
vn 0.461329 -0.842945 0.276802
vn 0.461329 -0.842945 0.276802
vn 0.608621 -0.776571 0.162843
vn 0.608621 -0.776571 0.162843
vn 0.608621 -0.776571 0.162843
vn 0.608621 -0.776571 0.162843
vn 0.701938 -0.709973 0.056757
vn 0.701938 -0.709973 0.056757
vn 0.701938 -0.709973 0.056757
vn 0.701938 -0.709973 0.056757
vn 0.761008 -0.648593 -0.013947
vn 0.761008 -0.648593 -0.013947
vn 0.761008 -0.648593 -0.013947
vn 0.761008 -0.648593 -0.013947
vn 0.768013 -0.637768 -0.058387
vn 0.768013 -0.637768 -0.058387
vn 0.768013 -0.637768 -0.058387
vn 0.768013 -0.637768 -0.058387
vn 0.770827 -0.630009 -0.094419
vn 0.770827 -0.630009 -0.094419
vn 0.770827 -0.630009 -0.094419
vn 0.770827 -0.630009 -0.094419
vn 0.764539 -0.634436 -0.113892
vn 0.764539 -0.634436 -0.113892
vn 0.764539 -0.634436 -0.113892
vn 0.764539 -0.634436 -0.113892
vn 0.750064 -0.651359 -0.114608
vn 0.750064 -0.651359 -0.114608
vn 0.750064 -0.651359 -0.114608
vn 0.750064 -0.651359 -0.114608
vn 0.720748 -0.685900 -0.100318
vn 0.720748 -0.685900 -0.100318
vn 0.720748 -0.685900 -0.100318
vn 0.720748 -0.685900 -0.100318
vn 0.695757 -0.715646 -0.061428
vn 0.695757 -0.715646 -0.061428
vn 0.695757 -0.715646 -0.061428
vn 0.695757 -0.715646 -0.061428
vn 0.653562 -0.755118 -0.051517
vn 0.653562 -0.755118 -0.051517
vn 0.653562 -0.755118 -0.051517
vn 0.653562 -0.755118 -0.051517
vn 0.560522 -0.822249 -0.098604
vn 0.560522 -0.822249 -0.098604
vn 0.560522 -0.822249 -0.098604
vn 0.560522 -0.822249 -0.098604
vn 0.558403 -0.811597 -0.171747
vn 0.558403 -0.811597 -0.171747
vn 0.558403 -0.811597 -0.171747
vn 0.558403 -0.811597 -0.171747
vn 0.625499 -0.776243 -0.078727
vn 0.625499 -0.776243 -0.078727
vn 0.625499 -0.776243 -0.078727
vn 0.625499 -0.776243 -0.078727
vn 0.099143 -0.847978 0.520677
vn 0.099143 -0.847978 0.520677
vn 0.099143 -0.847978 0.520677
vn 0.099143 -0.847978 0.520677
vn -0.560780 0.699288 0.443309
vn -0.560780 0.699288 0.443309
vn -0.560780 0.699288 0.443309
vn -0.560780 0.699288 0.443309
vn -0.557393 0.715097 0.421840
vn -0.557393 0.715097 0.421840
vn -0.557393 0.715097 0.421840
vn -0.557393 0.715097 0.421840
vn -0.677672 0.702539 0.217255
vn -0.677672 0.702539 0.217255
vn -0.677672 0.702539 0.217255
vn -0.677672 0.702539 0.217255
vn -0.675783 0.719684 0.159285
vn -0.675783 0.719684 0.159285
vn -0.675783 0.719684 0.159285
vn -0.675783 0.719684 0.159285
vn -0.686303 0.715366 0.131301
vn -0.686303 0.715366 0.131301
vn -0.686303 0.715366 0.131301
vn -0.686303 0.715366 0.131301
vn -0.684731 0.720080 0.112373
vn -0.684731 0.720080 0.112373
vn -0.684731 0.720080 0.112373
vn -0.684731 0.720080 0.112373
vn -0.687284 0.716179 0.121359
vn -0.687284 0.716179 0.121359
vn -0.687284 0.716179 0.121359
vn -0.687284 0.716179 0.121359
vn -0.679382 0.723917 0.119934
vn -0.679382 0.723917 0.119934
vn -0.679382 0.723917 0.119934
vn -0.679382 0.723917 0.119934
vn -0.662322 0.741455 0.107584
vn -0.662322 0.741455 0.107584
vn -0.662322 0.741455 0.107584
vn -0.662322 0.741455 0.107584
vn -0.674946 0.734426 0.071177
vn -0.674946 0.734426 0.071177
vn -0.674946 0.734426 0.071177
vn -0.674946 0.734426 0.071177
vn -0.712150 0.700518 -0.046005
vn -0.712150 0.700518 -0.046005
vn -0.712150 0.700518 -0.046005
vn -0.712150 0.700518 -0.046005
vn -0.369609 0.921149 -0.121956
vn -0.369609 0.921149 -0.121956
vn -0.369609 0.921149 -0.121956
vn -0.369609 0.921149 -0.121956
vn -0.435069 0.897886 0.067208
vn -0.435069 0.897886 0.067208
vn -0.435069 0.897886 0.067208
vn -0.435069 0.897886 0.067208
vn -0.112433 -0.870761 0.478680
vn -0.112433 -0.870761 0.478680
vn -0.112433 -0.870761 0.478680
vn -0.112433 -0.870761 0.478680
vn 0.072307 -0.948272 0.309115
vn 0.072307 -0.948272 0.309115
vn 0.072307 -0.948272 0.309115
vn 0.072307 -0.948272 0.309115
vn -0.171067 -0.898699 0.403827
vn -0.171067 -0.898699 0.403827
vn -0.171067 -0.898699 0.403827
vn -0.171067 -0.898699 0.403827
vn -0.219680 -0.947160 0.233727
vn -0.219680 -0.947160 0.233727
vn -0.219680 -0.947160 0.233727
vn -0.219680 -0.947160 0.233727
vn -0.186683 -0.523796 -0.831136
vn -0.186683 -0.523796 -0.831136
vn -0.186683 -0.523796 -0.831136
vn -0.186683 -0.523796 -0.831136
vn -0.359654 0.891025 0.276992
vn -0.359654 0.891025 0.276992
vn -0.359654 0.891025 0.276992
vn -0.359654 0.891025 0.276992
vn -0.291055 0.936337 0.196369
vn -0.291055 0.936337 0.196369
vn -0.291055 0.936337 0.196369
vn -0.291055 0.936337 0.196369
vn -0.418927 0.845616 0.330807
vn -0.418927 0.845616 0.330807
vn -0.418927 0.845616 0.330807
vn -0.418927 0.845616 0.330807
vn -0.478379 0.791815 0.379714
vn -0.478379 0.791815 0.379714
vn -0.478379 0.791815 0.379714
vn -0.478379 0.791815 0.379714
vn -0.577955 0.678901 0.452837
vn -0.577955 0.678901 0.452837
vn -0.577955 0.678901 0.452837
vn -0.577955 0.678901 0.452837
vn -0.591480 0.706463 0.388668
vn -0.591480 0.706463 0.388668
vn -0.591480 0.706463 0.388668
vn -0.591480 0.706463 0.388668
vn -0.577496 0.736384 0.352472
vn -0.577496 0.736384 0.352472
vn -0.577496 0.736384 0.352472
vn -0.577496 0.736384 0.352472
vn -0.573355 0.754014 0.320512
vn -0.573355 0.754014 0.320512
vn -0.573355 0.754014 0.320512
vn -0.573355 0.754014 0.320512
vn -0.574961 0.769438 0.278181
vn -0.574961 0.769438 0.278181
vn -0.574961 0.769438 0.278181
vn -0.574961 0.769438 0.278181
vn -0.572484 0.781165 0.249085
vn -0.572484 0.781165 0.249085
vn -0.572484 0.781165 0.249085
vn -0.572484 0.781165 0.249085
vn -0.580789 0.789530 0.198310
vn -0.580789 0.789530 0.198310
vn -0.580789 0.789530 0.198310
vn -0.580789 0.789530 0.198310
vn -0.591192 0.791955 0.152639
vn -0.591192 0.791955 0.152639
vn -0.591192 0.791955 0.152639
vn -0.591192 0.791955 0.152639
vn -0.591722 0.798501 0.110730
vn -0.591722 0.798501 0.110730
vn -0.591722 0.798501 0.110730
vn -0.591722 0.798501 0.110730
vn -0.589881 0.805601 0.055209
vn -0.589881 0.805601 0.055209
vn -0.589881 0.805601 0.055209
vn -0.589881 0.805601 0.055209
vn -0.588599 0.807594 0.036644
vn -0.588599 0.807594 0.036644
vn -0.588599 0.807594 0.036644
vn -0.588599 0.807594 0.036644
vn -0.582944 0.811852 0.032759
vn -0.582944 0.811852 0.032759
vn -0.582944 0.811852 0.032759
vn -0.582944 0.811852 0.032759
vn -0.559032 0.827369 0.054247
vn -0.559032 0.827369 0.054247
vn -0.559032 0.827369 0.054247
vn -0.559032 0.827369 0.054247
vn -0.540078 0.841611 -0.002669
vn -0.540078 0.841611 -0.002669
vn -0.540078 0.841611 -0.002669
vn -0.540078 0.841611 -0.002669
vn -0.598683 0.784692 -0.160738
vn -0.598683 0.784692 -0.160738
vn -0.598683 0.784692 -0.160738
vn -0.598683 0.784692 -0.160738
vn -0.720815 0.331025 -0.608974
vn -0.720815 0.331025 -0.608974
vn -0.720815 0.331025 -0.608974
vn -0.720815 0.331025 -0.608974
vn -0.540562 0.415558 -0.731508
vn -0.540562 0.415558 -0.731508
vn -0.540562 0.415558 -0.731508
vn -0.540562 0.415558 -0.731508
vn -0.299467 0.741089 -0.600921
vn -0.299467 0.741089 -0.600921
vn -0.299467 0.741089 -0.600921
vn -0.299467 0.741089 -0.600921
vn -0.597127 0.666769 -0.445936
vn -0.597127 0.666769 -0.445936
vn -0.597127 0.666769 -0.445936
vn -0.597127 0.666769 -0.445936
vn -0.731418 0.588491 -0.344536
vn -0.731418 0.588491 -0.344536
vn -0.731418 0.588491 -0.344536
vn -0.731418 0.588491 -0.344536
vn -0.074717 0.162706 -0.983842
vn -0.074717 0.162706 -0.983842
vn -0.074717 0.162706 -0.983842
vn -0.074717 0.162706 -0.983842
vn -0.833468 0.542846 -0.103198
vn -0.833468 0.542846 -0.103198
vn -0.833468 0.542846 -0.103198
vn -0.833468 0.542846 -0.103198
vn -0.289715 0.082021 -0.953592
vn -0.289715 0.082021 -0.953592
vn -0.289715 0.082021 -0.953592
vn -0.289715 0.082021 -0.953592
vn -0.499768 -0.041004 -0.865188
vn -0.499768 -0.041004 -0.865188
vn -0.499768 -0.041004 -0.865188
vn -0.499768 -0.041004 -0.865188
vn -0.630494 -0.034803 -0.775413
vn -0.630494 -0.034803 -0.775413
vn -0.630494 -0.034803 -0.775413
vn -0.630494 -0.034803 -0.775413
vn -0.870431 0.380927 -0.311842
vn -0.870431 0.380927 -0.311842
vn -0.870431 0.380927 -0.311842
vn -0.870431 0.380927 -0.311842
vn -0.885688 0.457483 -0.079161
vn -0.885688 0.457483 -0.079161
vn -0.885688 0.457483 -0.079161
vn -0.885688 0.457483 -0.079161
vn -0.883869 0.393275 -0.253201
vn -0.883869 0.393275 -0.253201
vn -0.883869 0.393275 -0.253201
vn -0.883869 0.393275 -0.253201
vn -0.889047 0.457800 -0.003808
vn -0.889047 0.457800 -0.003808
vn -0.889047 0.457800 -0.003808
vn -0.889047 0.457800 -0.003808
vn -0.873502 0.465216 -0.143418
vn -0.873502 0.465216 -0.143418
vn -0.873502 0.465216 -0.143418
vn -0.873502 0.465216 -0.143418
vn -0.784533 0.539607 -0.305504
vn -0.784533 0.539607 -0.305504
vn -0.784533 0.539607 -0.305504
vn -0.784533 0.539607 -0.305504
vn -0.855079 0.449572 -0.258313
vn -0.855079 0.449572 -0.258313
vn -0.855079 0.449572 -0.258313
vn -0.855079 0.449572 -0.258313
vn -0.859422 0.499133 -0.110724
vn -0.859422 0.499133 -0.110724
vn -0.859422 0.499133 -0.110724
vn -0.859422 0.499133 -0.110724
vn -0.896221 0.440498 -0.052436
vn -0.896221 0.440498 -0.052436
vn -0.896221 0.440498 -0.052436
vn -0.896221 0.440498 -0.052436
vn -0.914965 0.402223 -0.032496
vn -0.914965 0.402223 -0.032496
vn -0.914965 0.402223 -0.032496
vn -0.914965 0.402223 -0.032496
vn -0.869029 0.479852 -0.120542
vn -0.869029 0.479852 -0.120542
vn -0.869029 0.479852 -0.120542
vn -0.869029 0.479852 -0.120542
vn -0.810840 0.555723 -0.183606
vn -0.810840 0.555723 -0.183606
vn -0.810840 0.555723 -0.183606
vn -0.810840 0.555723 -0.183606
vn -0.816937 0.565537 -0.113058
vn -0.816937 0.565537 -0.113058
vn -0.816937 0.565537 -0.113058
vn -0.816937 0.565537 -0.113058
vn -0.892074 0.445263 -0.077102
vn -0.892074 0.445263 -0.077102
vn -0.892074 0.445263 -0.077102
vn -0.892074 0.445263 -0.077102
vn -0.854024 0.513210 -0.085193
vn -0.854024 0.513210 -0.085193
vn -0.854024 0.513210 -0.085193
vn -0.854024 0.513210 -0.085193
vn -0.836105 0.546610 -0.046321
vn -0.836105 0.546610 -0.046321
vn -0.836105 0.546610 -0.046321
vn -0.836105 0.546610 -0.046321
vn -0.828647 0.555258 -0.070940
vn -0.828647 0.555258 -0.070940
vn -0.828647 0.555258 -0.070940
vn -0.828647 0.555258 -0.070940
vn -0.865043 0.496425 -0.072542
vn -0.865043 0.496425 -0.072542
vn -0.865043 0.496425 -0.072542
vn -0.865043 0.496425 -0.072542
vn -0.859845 0.509415 -0.034113
vn -0.859845 0.509415 -0.034113
vn -0.859845 0.509415 -0.034113
vn -0.859845 0.509415 -0.034113
vn -0.839016 0.541309 -0.055118
vn -0.839016 0.541309 -0.055118
vn -0.839016 0.541309 -0.055118
vn -0.839016 0.541309 -0.055118
vn -0.841746 0.529046 -0.107585
vn -0.841746 0.529046 -0.107585
vn -0.841746 0.529046 -0.107585
vn -0.841746 0.529046 -0.107585
vn -0.737694 0.534411 0.412568
vn -0.737694 0.534411 0.412568
vn -0.737694 0.534411 0.412568
vn -0.737694 0.534411 0.412568
vn 0.050672 0.228314 0.972268
vn 0.050672 0.228314 0.972268
vn 0.050672 0.228314 0.972268
vn 0.050672 0.228314 0.972268
vn 0.545643 0.685305 0.482318
vn 0.545643 0.685305 0.482318
vn 0.545643 0.685305 0.482318
vn 0.545643 0.685305 0.482318
vn -0.004173 -0.983522 -0.180738
vn -0.004173 -0.983522 -0.180738
vn -0.004173 -0.983522 -0.180738
vn -0.004173 -0.983522 -0.180738
vn 0.945361 -0.041829 0.323330
vn 0.945361 -0.041829 0.323330
vn 0.945361 -0.041829 0.323330
vn 0.945361 -0.041829 0.323330
vn 0.956879 0.012473 0.290218
vn 0.956879 0.012473 0.290218
vn 0.956879 0.012473 0.290218
vn 0.956879 0.012473 0.290218
vn 0.943767 0.083224 0.319965
vn 0.943767 0.083224 0.319965
vn 0.943767 0.083224 0.319965
vn 0.943767 0.083224 0.319965
vn 0.901289 0.138633 0.410438
vn 0.901289 0.138633 0.410438
vn 0.901289 0.138633 0.410438
vn 0.901289 0.138633 0.410438
vn 0.821729 0.200028 0.533619
vn 0.821729 0.200028 0.533619
vn 0.821729 0.200028 0.533619
vn 0.821729 0.200028 0.533619
vn 0.709634 0.244473 0.660797
vn 0.709634 0.244473 0.660797
vn 0.709634 0.244473 0.660797
vn 0.709634 0.244473 0.660797
vn 0.716872 0.310772 0.624112
vn 0.716872 0.310772 0.624112
vn 0.716872 0.310772 0.624112
vn 0.716872 0.310772 0.624112
vn 0.688804 0.095834 0.718586
vn 0.688804 0.095834 0.718586
vn 0.688804 0.095834 0.718586
vn 0.688804 0.095834 0.718586
vn 0.500412 -0.172959 0.848335
vn 0.500412 -0.172959 0.848335
vn 0.500412 -0.172959 0.848335
vn 0.500412 -0.172959 0.848335
vn 0.964135 -0.130104 0.231335
vn 0.964135 -0.130104 0.231335
vn 0.964135 -0.130104 0.231335
vn 0.964135 -0.130104 0.231335
vn 0.911843 -0.138754 0.386380
vn 0.911843 -0.138754 0.386380
vn 0.911843 -0.138754 0.386380
vn 0.911843 -0.138754 0.386380
vn 0.965133 0.250551 0.075783
vn 0.965133 0.250551 0.075783
vn 0.965133 0.250551 0.075783
vn 0.965133 0.250551 0.075783
vn 0.949648 -0.017844 0.312809
vn 0.949648 -0.017844 0.312809
vn 0.949648 -0.017844 0.312809
vn 0.949648 -0.017844 0.312809
vn 0.136005 -0.990058 0.035894
vn 0.136005 -0.990058 0.035894
vn 0.136005 -0.990058 0.035894
vn 0.136005 -0.990058 0.035894
vn 0.608254 -0.198572 0.768503
vn 0.608254 -0.198572 0.768503
vn 0.608254 -0.198572 0.768503
vn 0.608254 -0.198572 0.768503
vn 0.120320 -0.853427 0.507135
vn 0.120320 -0.853427 0.507135
vn 0.120320 -0.853427 0.507135
vn 0.120320 -0.853427 0.507135
vn 0.920827 -0.241867 0.305906
vn 0.920827 -0.241867 0.305906
vn 0.920827 -0.241867 0.305906
vn 0.920827 -0.241867 0.305906
vn 0.924447 -0.271049 0.268197
vn 0.924447 -0.271049 0.268197
vn 0.924447 -0.271049 0.268197
vn 0.924447 -0.271049 0.268197
vn 0.891840 -0.325264 0.314366
vn 0.891840 -0.325264 0.314366
vn 0.891840 -0.325264 0.314366
vn 0.891840 -0.325264 0.314366
vn 0.856406 -0.348909 0.380566
vn 0.856406 -0.348909 0.380566
vn 0.856406 -0.348909 0.380566
vn 0.856406 -0.348909 0.380566
vn 0.815964 -0.287630 0.501469
vn 0.815964 -0.287630 0.501469
vn 0.815964 -0.287630 0.501469
vn 0.815964 -0.287630 0.501469
vn 0.765070 -0.114499 0.633686
vn 0.765070 -0.114499 0.633686
vn 0.765070 -0.114499 0.633686
vn 0.765070 -0.114499 0.633686
vn 0.802096 0.149668 0.578136
vn 0.802096 0.149668 0.578136
vn 0.802096 0.149668 0.578136
vn 0.802096 0.149668 0.578136
vn 0.487663 0.145434 0.860833
vn 0.487663 0.145434 0.860833
vn 0.487663 0.145434 0.860833
vn 0.487663 0.145434 0.860833
vn 0.555635 -0.101117 0.825255
vn 0.555635 -0.101117 0.825255
vn 0.555635 -0.101117 0.825255
vn 0.555635 -0.101117 0.825255
vn 0.981608 0.145759 0.123292
vn 0.981608 0.145759 0.123292
vn 0.981608 0.145759 0.123292
vn 0.981608 0.145759 0.123292
vn 0.946736 0.011018 0.321823
vn 0.946736 0.011018 0.321823
vn 0.946736 0.011018 0.321823
vn 0.946736 0.011018 0.321823
vn 0.952158 -0.158544 0.261263
vn 0.952158 -0.158544 0.261263
vn 0.952158 -0.158544 0.261263
vn 0.952158 -0.158544 0.261263
vn 0.909208 -0.241490 0.339151
vn 0.909208 -0.241490 0.339151
vn 0.909208 -0.241490 0.339151
vn 0.909208 -0.241490 0.339151
vn -0.120321 -0.853427 0.507135
vn -0.120321 -0.853427 0.507135
vn -0.120321 -0.853427 0.507135
vn -0.120321 -0.853427 0.507135
vn 0.346999 -0.302608 0.887705
vn 0.346999 -0.302608 0.887705
vn 0.346999 -0.302608 0.887705
vn 0.346999 -0.302608 0.887705
vn -0.539053 0.137502 0.830973
vn -0.539053 0.137502 0.830973
vn -0.539053 0.137502 0.830973
vn -0.539053 0.137502 0.830973
vn 0.448926 -0.885004 0.123426
vn 0.448926 -0.885004 0.123426
vn 0.448926 -0.885004 0.123426
vn 0.448926 -0.885004 0.123426
vn 0.456543 -0.872802 0.172583
vn 0.456543 -0.872802 0.172583
vn 0.456543 -0.872802 0.172583
vn 0.456543 -0.872802 0.172583
vn 0.444050 -0.871661 0.207431
vn 0.444050 -0.871661 0.207431
vn 0.444050 -0.871661 0.207431
vn 0.444050 -0.871661 0.207431
vn 0.423851 -0.872471 0.243197
vn 0.423851 -0.872471 0.243197
vn 0.423851 -0.872471 0.243197
vn 0.423851 -0.872471 0.243197
vn 0.329164 -0.884507 0.330601
vn 0.329164 -0.884507 0.330601
vn 0.329164 -0.884507 0.330601
vn 0.329164 -0.884507 0.330601
vn 0.370450 -0.871870 0.320327
vn 0.370450 -0.871870 0.320327
vn 0.370450 -0.871870 0.320327
vn 0.370450 -0.871870 0.320327
vn 0.504452 -0.659160 0.557706
vn 0.504452 -0.659160 0.557706
vn 0.504452 -0.659160 0.557706
vn 0.504452 -0.659160 0.557706
vn 0.713999 -0.656097 0.244421
vn 0.713999 -0.656097 0.244421
vn 0.713999 -0.656097 0.244421
vn 0.713999 -0.656097 0.244421
vn 0.512241 -0.790778 0.335083
vn 0.512241 -0.790778 0.335083
vn 0.512241 -0.790778 0.335083
vn 0.512241 -0.790778 0.335083
vn 0.445258 -0.865120 0.230896
vn 0.445258 -0.865120 0.230896
vn 0.445258 -0.865120 0.230896
vn 0.445258 -0.865120 0.230896
vn 0.425696 -0.890153 0.162514
vn 0.425696 -0.890153 0.162514
vn 0.425696 -0.890153 0.162514
vn 0.425696 -0.890153 0.162514
vn 0.143967 -0.988224 0.051828
vn 0.143967 -0.988224 0.051828
vn 0.143967 -0.988224 0.051828
vn 0.143967 -0.988224 0.051828
vn 0.137002 -0.986239 0.092534
vn 0.137002 -0.986239 0.092534
vn 0.137002 -0.986239 0.092534
vn 0.137002 -0.986239 0.092534
vn 0.144413 -0.981720 0.123983
vn 0.144413 -0.981720 0.123983
vn 0.144413 -0.981720 0.123983
vn 0.144413 -0.981720 0.123983
vn 0.121829 -0.975652 0.182375
vn 0.121829 -0.975652 0.182375
vn 0.121829 -0.975652 0.182375
vn 0.121829 -0.975652 0.182375
vn 0.151577 -0.952249 0.265041
vn 0.151577 -0.952249 0.265041
vn 0.151577 -0.952249 0.265041
vn 0.151577 -0.952249 0.265041
vn 0.263876 -0.950687 0.162981
vn 0.263876 -0.950687 0.162981
vn 0.263876 -0.950687 0.162981
vn 0.263876 -0.950687 0.162981
vn 0.469691 -0.664919 0.580752
vn 0.469691 -0.664919 0.580752
vn 0.469691 -0.664919 0.580752
vn 0.469691 -0.664919 0.580752
vn 0.138474 -0.967960 0.209471
vn 0.138474 -0.967960 0.209471
vn 0.138474 -0.967960 0.209471
vn 0.138474 -0.967960 0.209471
vn 0.148350 -0.964771 0.217276
vn 0.148350 -0.964771 0.217276
vn 0.148350 -0.964771 0.217276
vn 0.148350 -0.964771 0.217276
vn 0.161079 -0.970829 0.177610
vn 0.161079 -0.970829 0.177610
vn 0.161079 -0.970829 0.177610
vn 0.161079 -0.970829 0.177610
vn 0.157875 -0.983027 0.093449
vn 0.157875 -0.983027 0.093449
vn 0.157875 -0.983027 0.093449
vn 0.157875 -0.983027 0.093449
vn 0.046163 -0.997337 0.056453
vn 0.046163 -0.997337 0.056453
vn 0.046163 -0.997337 0.056453
vn 0.046163 -0.997337 0.056453
vn 0.053113 -0.996413 0.065876
vn 0.053113 -0.996413 0.065876
vn 0.053113 -0.996413 0.065876
vn 0.053113 -0.996413 0.065876
vn 0.046549 -0.992534 0.112737
vn 0.046549 -0.992534 0.112737
vn 0.046549 -0.992534 0.112737
vn 0.046549 -0.992534 0.112737
vn 0.019927 -0.979438 0.200760
vn 0.019927 -0.979438 0.200760
vn 0.019927 -0.979438 0.200760
vn 0.019927 -0.979438 0.200760
vn 0.036781 -0.988311 0.147947
vn 0.036781 -0.988311 0.147947
vn 0.036781 -0.988311 0.147947
vn 0.036781 -0.988311 0.147947
vn 0.152597 -0.985914 0.068474
vn 0.152597 -0.985914 0.068474
vn 0.152597 -0.985914 0.068474
vn 0.152597 -0.985914 0.068474
vn 0.327869 -0.723357 0.607665
vn 0.327869 -0.723357 0.607665
vn 0.327869 -0.723357 0.607665
vn 0.327869 -0.723357 0.607665
vn -0.107875 -0.975849 0.189953
vn -0.107875 -0.975849 0.189953
vn -0.107875 -0.975849 0.189953
vn -0.107875 -0.975849 0.189953
vn -0.063616 -0.983030 0.172063
vn -0.063616 -0.983030 0.172063
vn -0.063616 -0.983030 0.172063
vn -0.063616 -0.983030 0.172063
vn -0.020007 -0.991074 0.131805
vn -0.020007 -0.991074 0.131805
vn -0.020007 -0.991074 0.131805
vn -0.020007 -0.991074 0.131805
vn 0.026732 -0.997901 0.058985
vn 0.026732 -0.997901 0.058985
vn 0.026732 -0.997901 0.058985
vn 0.026732 -0.997901 0.058985
vn -0.203623 -0.978951 0.013880
vn -0.203623 -0.978951 0.013880
vn -0.203623 -0.978951 0.013880
vn -0.203623 -0.978951 0.013880
vn -0.181261 -0.980035 0.081711
vn -0.181261 -0.980035 0.081711
vn -0.181261 -0.980035 0.081711
vn -0.181261 -0.980035 0.081711
vn -0.153900 -0.976104 0.153416
vn -0.153900 -0.976104 0.153416
vn -0.153900 -0.976104 0.153416
vn -0.153900 -0.976104 0.153416
vn -0.139819 -0.977460 0.158184
vn -0.139819 -0.977460 0.158184
vn -0.139819 -0.977460 0.158184
vn -0.139819 -0.977460 0.158184
vn -0.068015 -0.821869 0.565601
vn -0.068015 -0.821869 0.565601
vn -0.068015 -0.821869 0.565601
vn -0.068015 -0.821869 0.565601
vn -0.021913 -0.999748 0.004939
vn -0.021913 -0.999748 0.004939
vn -0.021913 -0.999748 0.004939
vn -0.021913 -0.999748 0.004939
vn -0.123239 -0.969817 0.210397
vn -0.123239 -0.969817 0.210397
vn -0.123239 -0.969817 0.210397
vn -0.123239 -0.969817 0.210397
vn -0.235867 -0.932911 0.272110
vn -0.235867 -0.932911 0.272110
vn -0.235867 -0.932911 0.272110
vn -0.235867 -0.932911 0.272110
vn -0.268747 -0.948430 0.168091
vn -0.268747 -0.948430 0.168091
vn -0.268747 -0.948430 0.168091
vn -0.268747 -0.948430 0.168091
vn -0.265678 -0.962063 0.062051
vn -0.265678 -0.962063 0.062051
vn -0.265678 -0.962063 0.062051
vn -0.265678 -0.962063 0.062051
vn -0.234264 -0.972008 0.017896
vn -0.234264 -0.972008 0.017896
vn -0.234264 -0.972008 0.017896
vn -0.234264 -0.972008 0.017896
vn -0.219033 -0.428635 0.876525
vn -0.219033 -0.428635 0.876525
vn -0.219033 -0.428635 0.876525
vn -0.219033 -0.428635 0.876525
vn -0.306163 -0.614501 0.727085
vn -0.306163 -0.614501 0.727085
vn -0.306163 -0.614501 0.727085
vn -0.306163 -0.614501 0.727085
vn -0.128451 -0.977727 -0.165985
vn -0.128451 -0.977727 -0.165985
vn -0.128451 -0.977727 -0.165985
vn -0.128451 -0.977727 -0.165985
vn 0.071873 -0.673799 -0.735411
vn 0.071873 -0.673799 -0.735411
vn 0.071873 -0.673799 -0.735411
vn 0.071873 -0.673799 -0.735411
vn -0.133257 -0.837417 -0.530071
vn -0.133257 -0.837417 -0.530071
vn -0.133257 -0.837417 -0.530071
vn -0.133257 -0.837417 -0.530071
vn 0.128451 -0.977722 -0.166010
vn 0.128451 -0.977722 -0.166010
vn 0.128451 -0.977722 -0.166010
vn 0.128451 -0.977722 -0.166010
vn 0.133459 -0.837424 -0.530009
vn 0.133459 -0.837424 -0.530009
vn 0.133459 -0.837424 -0.530009
vn 0.133459 -0.837424 -0.530009
vn 0.536644 0.136258 0.832735
vn 0.536644 0.136258 0.832735
vn 0.536644 0.136258 0.832735
vn 0.536644 0.136258 0.832735
vn 0.203622 -0.978951 0.013882
vn 0.203622 -0.978951 0.013882
vn 0.203622 -0.978951 0.013882
vn 0.203622 -0.978951 0.013882
vn 0.181260 -0.980035 0.081709
vn 0.181260 -0.980035 0.081709
vn 0.181260 -0.980035 0.081709
vn 0.181260 -0.980035 0.081709
vn 0.153899 -0.976104 0.153417
vn 0.153899 -0.976104 0.153417
vn 0.153899 -0.976104 0.153417
vn 0.153899 -0.976104 0.153417
vn -0.152661 -0.025598 0.987947
vn -0.152661 -0.025598 0.987947
vn -0.152661 -0.025598 0.987947
vn -0.152661 -0.025598 0.987947
vn -0.201836 -0.136201 0.969903
vn -0.201836 -0.136201 0.969903
vn -0.201836 -0.136201 0.969903
vn -0.201836 -0.136201 0.969903
vn 0.139818 -0.977460 0.158183
vn 0.139818 -0.977460 0.158183
vn 0.139818 -0.977460 0.158183
vn 0.139818 -0.977460 0.158183
vn -0.048902 -0.690251 -0.721915
vn -0.048902 -0.690251 -0.721915
vn -0.048902 -0.690251 -0.721915
vn -0.048902 -0.690251 -0.721915
vn 0.070841 -0.820656 0.567014
vn 0.070841 -0.820656 0.567014
vn 0.070841 -0.820656 0.567014
vn 0.070841 -0.820656 0.567014
vn 0.022435 -0.999737 0.004719
vn 0.022435 -0.999737 0.004719
vn 0.022435 -0.999737 0.004719
vn 0.022435 -0.999737 0.004719
vn -0.517733 0.352217 -0.779677
vn -0.517733 0.352217 -0.779677
vn -0.517733 0.352217 -0.779677
vn -0.517733 0.352217 -0.779677
vn -0.149970 -0.038371 -0.987946
vn -0.149970 -0.038371 -0.987946
vn -0.149970 -0.038371 -0.987946
vn -0.149970 -0.038371 -0.987946
vn -0.972451 -0.217330 -0.084307
vn -0.972451 -0.217330 -0.084307
vn -0.972451 -0.217330 -0.084307
vn -0.972451 -0.217330 -0.084307
vn -0.934476 -0.302298 -0.188072
vn -0.934476 -0.302298 -0.188072
vn -0.934476 -0.302298 -0.188072
vn -0.934476 -0.302298 -0.188072
vn -0.867538 -0.425448 -0.257628
vn -0.867538 -0.425448 -0.257628
vn -0.867538 -0.425448 -0.257628
vn -0.867538 -0.425448 -0.257628
vn -0.825917 -0.473684 -0.305751
vn -0.825917 -0.473684 -0.305751
vn -0.825917 -0.473684 -0.305751
vn -0.825917 -0.473684 -0.305751
vn -0.780527 -0.534782 -0.323706
vn -0.780527 -0.534782 -0.323706
vn -0.780527 -0.534782 -0.323706
vn -0.780527 -0.534782 -0.323706
vn -0.748547 -0.584206 -0.313657
vn -0.748547 -0.584206 -0.313657
vn -0.748547 -0.584206 -0.313657
vn -0.748547 -0.584206 -0.313657
vn -0.698011 -0.553286 -0.454593
vn -0.698011 -0.553286 -0.454593
vn -0.698011 -0.553286 -0.454593
vn -0.698011 -0.553286 -0.454593
vn -0.663237 -0.466911 -0.584902
vn -0.663237 -0.466911 -0.584902
vn -0.663237 -0.466911 -0.584902
vn -0.663237 -0.466911 -0.584902
vn -0.693982 -0.403213 -0.596496
vn -0.693982 -0.403213 -0.596496
vn -0.693982 -0.403213 -0.596496
vn -0.693982 -0.403213 -0.596496
vn -0.631964 -0.286471 -0.720108
vn -0.631964 -0.286471 -0.720108
vn -0.631964 -0.286471 -0.720108
vn -0.631964 -0.286471 -0.720108
vn -0.458326 -0.227248 -0.859241
vn -0.458326 -0.227248 -0.859241
vn -0.458326 -0.227248 -0.859241
vn -0.458326 -0.227248 -0.859241
vn -0.431681 -0.232033 -0.871672
vn -0.431681 -0.232033 -0.871672
vn -0.431681 -0.232033 -0.871672
vn -0.431681 -0.232033 -0.871672
vn -0.167990 -0.310981 -0.935452
vn -0.167990 -0.310981 -0.935452
vn -0.167990 -0.310981 -0.935452
vn -0.167990 -0.310981 -0.935452
vn -0.139951 -0.353359 -0.924960
vn -0.139951 -0.353359 -0.924960
vn -0.139951 -0.353359 -0.924960
vn -0.139951 -0.353359 -0.924960
vn -0.042567 -0.408344 -0.911835
vn -0.042567 -0.408344 -0.911835
vn -0.042567 -0.408344 -0.911835
vn -0.042567 -0.408344 -0.911835
vn -0.382304 0.864599 0.326055
vn -0.382304 0.864599 0.326055
vn -0.382304 0.864599 0.326055
vn -0.382304 0.864599 0.326055
vn -0.833211 -0.543543 0.101589
vn -0.833211 -0.543543 0.101589
vn -0.833211 -0.543543 0.101589
vn -0.833211 -0.543543 0.101589
vn -0.412203 -0.911092 0.000311
vn -0.412203 -0.911092 0.000311
vn -0.412203 -0.911092 0.000311
vn -0.412203 -0.911092 0.000311
vn -0.207874 -0.977200 -0.043233
vn -0.207874 -0.977200 -0.043233
vn -0.207874 -0.977200 -0.043233
vn -0.207874 -0.977200 -0.043233
vn -0.034228 -0.998850 -0.033558
vn -0.034228 -0.998850 -0.033558
vn -0.034228 -0.998850 -0.033558
vn -0.034228 -0.998850 -0.033558
vn -0.884291 -0.466301 -0.024370
vn -0.884291 -0.466301 -0.024370
vn -0.884291 -0.466301 -0.024370
vn -0.884291 -0.466301 -0.024370
vn -0.479281 -0.877659 0.001947
vn -0.479281 -0.877659 0.001947
vn -0.479281 -0.877659 0.001947
vn -0.479281 -0.877659 0.001947
vn -0.229285 -0.973026 -0.025487
vn -0.229285 -0.973026 -0.025487
vn -0.229285 -0.973026 -0.025487
vn -0.229285 -0.973026 -0.025487
vn -0.024699 -0.999312 -0.027674
vn -0.024699 -0.999312 -0.027674
vn -0.024699 -0.999312 -0.027674
vn -0.024699 -0.999312 -0.027674
vn -0.350874 0.901218 0.254349
vn -0.350874 0.901218 0.254349
vn -0.350874 0.901218 0.254349
vn -0.350874 0.901218 0.254349
vn -0.365058 0.857582 -0.362334
vn -0.365058 0.857582 -0.362334
vn -0.365058 0.857582 -0.362334
vn -0.365058 0.857582 -0.362334
vn 0.745807 0.614960 -0.256120
vn 0.745807 0.614960 -0.256120
vn 0.745807 0.614960 -0.256120
vn 0.745807 0.614960 -0.256120
vn 0.715548 0.599193 0.359108
vn 0.715548 0.599193 0.359108
vn 0.715548 0.599193 0.359108
vn 0.715548 0.599193 0.359108
vn 0.997757 0.037682 -0.055329
vn 0.997757 0.037682 -0.055329
vn 0.997757 0.037682 -0.055329
vn 0.997757 0.037682 -0.055329
vn -0.061745 0.814555 0.576790
vn -0.061745 0.814555 0.576790
vn -0.061745 0.814555 0.576790
vn -0.061745 0.814555 0.576790
vn 0.320780 0.787639 0.526046
vn 0.320780 0.787639 0.526046
vn 0.320780 0.787639 0.526046
vn 0.320780 0.787639 0.526046
vn 0.123240 -0.969817 0.210398
vn 0.123240 -0.969817 0.210398
vn 0.123240 -0.969817 0.210398
vn 0.123240 -0.969817 0.210398
vn 0.235865 -0.932911 0.272112
vn 0.235865 -0.932911 0.272112
vn 0.235865 -0.932911 0.272112
vn 0.235865 -0.932911 0.272112
vn 0.274236 -0.812233 -0.514852
vn 0.274236 -0.812233 -0.514852
vn 0.274236 -0.812233 -0.514852
vn 0.274236 -0.812233 -0.514852
vn 0.374915 -0.783051 -0.496256
vn 0.374915 -0.783051 -0.496256
vn 0.374915 -0.783051 -0.496256
vn 0.374915 -0.783051 -0.496256
vn 0.917203 -0.323628 -0.232386
vn 0.917203 -0.323628 -0.232386
vn 0.917203 -0.323628 -0.232386
vn 0.917203 -0.323628 -0.232386
vn 0.268744 -0.948432 0.168086
vn 0.268744 -0.948432 0.168086
vn 0.268744 -0.948432 0.168086
vn 0.268744 -0.948432 0.168086
vn -0.274114 -0.812252 -0.514887
vn -0.274114 -0.812252 -0.514887
vn -0.274114 -0.812252 -0.514887
vn -0.274114 -0.812252 -0.514887
vn -0.374925 -0.783048 -0.496253
vn -0.374925 -0.783048 -0.496253
vn -0.374925 -0.783048 -0.496253
vn -0.374925 -0.783048 -0.496253
vn -0.917277 -0.323511 -0.232257
vn -0.917277 -0.323511 -0.232257
vn -0.917277 -0.323511 -0.232257
vn -0.917277 -0.323511 -0.232257
vn -0.976731 -0.142580 -0.160210
vn -0.976731 -0.142580 -0.160210
vn -0.976731 -0.142580 -0.160210
vn -0.976731 -0.142580 -0.160210
vn -0.984348 -0.084835 -0.154476
vn -0.984348 -0.084835 -0.154476
vn -0.984348 -0.084835 -0.154476
vn -0.984348 -0.084835 -0.154476
vn -0.987226 0.159317 0.001760
vn -0.987226 0.159317 0.001760
vn -0.987226 0.159317 0.001760
vn -0.987226 0.159317 0.001760
vn -0.685809 0.631538 0.361698
vn -0.685809 0.631538 0.361698
vn -0.685809 0.631538 0.361698
vn -0.685809 0.631538 0.361698
vn -0.000779 0.830599 0.556870
vn -0.000779 0.830599 0.556870
vn -0.000779 0.830599 0.556870
vn -0.000779 0.830599 0.556870
vn -0.143025 0.541802 -0.828248
vn -0.143025 0.541802 -0.828248
vn -0.143025 0.541802 -0.828248
vn -0.143025 0.541802 -0.828248
vn -0.479499 0.419972 -0.770522
vn -0.479499 0.419972 -0.770522
vn -0.479499 0.419972 -0.770522
vn -0.479499 0.419972 -0.770522
vn -0.409057 0.425120 -0.807431
vn -0.409057 0.425120 -0.807431
vn -0.409057 0.425120 -0.807431
vn -0.409057 0.425120 -0.807431
vn -0.451191 0.327869 -0.830017
vn -0.451191 0.327869 -0.830017
vn -0.451191 0.327869 -0.830017
vn -0.451191 0.327869 -0.830017
vn -0.506024 0.229296 -0.831482
vn -0.506024 0.229296 -0.831482
vn -0.506024 0.229296 -0.831482
vn -0.506024 0.229296 -0.831482
vn -0.474766 0.106624 -0.873629
vn -0.474766 0.106624 -0.873629
vn -0.474766 0.106624 -0.873629
vn -0.474766 0.106624 -0.873629
vn -0.256649 0.120345 -0.958983
vn -0.256649 0.120345 -0.958983
vn -0.256649 0.120345 -0.958983
vn -0.256649 0.120345 -0.958983
vn -0.179508 0.276617 -0.944066
vn -0.179508 0.276617 -0.944066
vn -0.179508 0.276617 -0.944066
vn -0.179508 0.276617 -0.944066
vn -0.142148 0.440737 -0.886310
vn -0.142148 0.440737 -0.886310
vn -0.142148 0.440737 -0.886310
vn -0.142148 0.440737 -0.886310
vn -0.736059 0.628739 -0.250807
vn -0.736059 0.628739 -0.250807
vn -0.736059 0.628739 -0.250807
vn -0.736059 0.628739 -0.250807
vn -0.674570 0.651178 -0.347738
vn -0.674570 0.651178 -0.347738
vn -0.674570 0.651178 -0.347738
vn -0.674570 0.651178 -0.347738
vn -0.694957 0.624613 -0.356221
vn -0.694957 0.624613 -0.356221
vn -0.694957 0.624613 -0.356221
vn -0.694957 0.624613 -0.356221
vn -0.605441 0.620617 -0.498273
vn -0.605441 0.620617 -0.498273
vn -0.605441 0.620617 -0.498273
vn -0.605441 0.620617 -0.498273
vn -0.596850 0.538559 -0.594746
vn -0.596850 0.538559 -0.594746
vn -0.596850 0.538559 -0.594746
vn -0.596850 0.538559 -0.594746
vn 0.108071 0.921023 0.374217
vn 0.108071 0.921023 0.374217
vn 0.108071 0.921023 0.374217
vn 0.108071 0.921023 0.374217
vn 0.000000 0.941359 -0.337408
vn 0.000000 0.941359 -0.337408
vn 0.000000 0.941359 -0.337408
vn 0.000000 0.941359 -0.337408
vn 0.128559 0.976836 0.171069
vn 0.128559 0.976836 0.171069
vn 0.128559 0.976836 0.171069
vn 0.128559 0.976836 0.171069
vn 0.058229 0.939459 0.337678
vn 0.058229 0.939459 0.337678
vn 0.058229 0.939459 0.337678
vn 0.058229 0.939459 0.337678
vn 0.000000 0.956079 -0.293109
vn 0.000000 0.956079 -0.293109
vn 0.000000 0.956079 -0.293109
vn 0.000000 0.956079 -0.293109
vn 0.061628 0.996388 -0.058416
vn 0.061628 0.996388 -0.058416
vn 0.061628 0.996388 -0.058416
vn 0.061628 0.996388 -0.058416
vn 0.000000 0.983026 -0.183467
vn 0.000000 0.983026 -0.183467
vn 0.000000 0.983026 -0.183467
vn 0.000000 0.983026 -0.183467
vn 0.000000 0.976877 0.213802
vn 0.000000 0.976877 0.213802
vn 0.000000 0.976877 0.213802
vn 0.000000 0.976877 0.213802
vn 0.106632 0.891920 0.439441
vn 0.106632 0.891920 0.439441
vn 0.106632 0.891920 0.439441
vn 0.106632 0.891920 0.439441
vn 0.114353 0.988204 0.101863
vn 0.114353 0.988204 0.101863
vn 0.114353 0.988204 0.101863
vn 0.114353 0.988204 0.101863
vn 0.120769 0.983293 0.136199
vn 0.120769 0.983293 0.136199
vn 0.120769 0.983293 0.136199
vn 0.120769 0.983293 0.136199
vn -0.730361 0.679406 -0.070568
vn -0.730361 0.679406 -0.070568
vn -0.730361 0.679406 -0.070568
vn -0.730361 0.679406 -0.070568
vn -0.726956 0.664630 -0.172633
vn -0.726956 0.664630 -0.172633
vn -0.726956 0.664630 -0.172633
vn -0.726956 0.664630 -0.172633
vn 0.115576 0.956484 0.267918
vn 0.115576 0.956484 0.267918
vn 0.115576 0.956484 0.267918
vn 0.115576 0.956484 0.267918
vn 0.998119 0.002221 0.061262
vn 0.998119 0.002221 0.061262
vn 0.998119 0.002221 0.061262
vn 0.998119 0.002221 0.061262
vn 0.813880 0.053995 0.578518
vn 0.813880 0.053995 0.578518
vn 0.813880 0.053995 0.578518
vn 0.813880 0.053995 0.578518
vn 0.954474 0.010808 0.298099
vn 0.954474 0.010808 0.298099
vn 0.954474 0.010808 0.298099
vn 0.954474 0.010808 0.298099
vn 0.869273 0.017910 0.494007
vn 0.869273 0.017910 0.494007
vn 0.869273 0.017910 0.494007
vn 0.869273 0.017910 0.494007
vn 0.999987 -0.000182 -0.005018
vn 0.999987 -0.000182 -0.005018
vn 0.999987 -0.000182 -0.005018
vn 0.999987 -0.000182 -0.005018
vn 0.999996 0.000104 0.002872
vn 0.999996 0.000104 0.002872
vn 0.999996 0.000104 0.002872
vn 0.999996 0.000104 0.002872
vn 0.856937 0.018674 0.515082
vn 0.856937 0.018674 0.515082
vn 0.856937 0.018674 0.515082
vn 0.856937 0.018674 0.515082
vn 0.870527 0.017829 0.491798
vn 0.870527 0.017829 0.491798
vn 0.870527 0.017829 0.491798
vn 0.870527 0.017829 0.491798
vn 0.748285 0.260936 0.609903
vn 0.748285 0.260936 0.609903
vn 0.748285 0.260936 0.609903
vn 0.748285 0.260936 0.609903
vn 0.999131 -0.005138 -0.041360
vn 0.999131 -0.005138 -0.041360
vn 0.999131 -0.005138 -0.041360
vn 0.999131 -0.005138 -0.041360
vn 0.289884 0.946994 0.138453
vn 0.289884 0.946994 0.138453
vn 0.289884 0.946994 0.138453
vn 0.289884 0.946994 0.138453
vn 0.172283 0.978715 0.111519
vn 0.172283 0.978715 0.111519
vn 0.172283 0.978715 0.111519
vn 0.172283 0.978715 0.111519
vn 0.485088 0.838326 0.248797
vn 0.485088 0.838326 0.248797
vn 0.485088 0.838326 0.248797
vn 0.485088 0.838326 0.248797
vn 0.183310 0.970614 0.155906
vn 0.183310 0.970614 0.155906
vn 0.183310 0.970614 0.155906
vn 0.183310 0.970614 0.155906
vn 0.397289 0.914558 0.075794
vn 0.397289 0.914558 0.075794
vn 0.397289 0.914558 0.075794
vn 0.397289 0.914558 0.075794
vn 0.582058 0.813070 -0.011192
vn 0.582058 0.813070 -0.011192
vn 0.582058 0.813070 -0.011192
vn 0.582058 0.813070 -0.011192
vn 0.130342 0.909242 0.395336
vn 0.130342 0.909242 0.395336
vn 0.130342 0.909242 0.395336
vn 0.130342 0.909242 0.395336
vn 0.121328 0.956085 0.266799
vn 0.121328 0.956085 0.266799
vn 0.121328 0.956085 0.266799
vn 0.121328 0.956085 0.266799
vn 0.650742 0.699197 0.296072
vn 0.650742 0.699197 0.296072
vn 0.650742 0.699197 0.296072
vn 0.650742 0.699197 0.296072
vn 0.645125 0.722246 -0.249348
vn 0.645125 0.722246 -0.249348
vn 0.645125 0.722246 -0.249348
vn 0.645125 0.722246 -0.249348
vn 0.000000 0.977898 0.209082
vn 0.000000 0.977898 0.209082
vn 0.000000 0.977898 0.209082
vn 0.000000 0.977898 0.209082
vn -0.019431 0.979753 0.199263
vn -0.019431 0.979753 0.199263
vn -0.019431 0.979753 0.199263
vn -0.019431 0.979753 0.199263
vn 0.000000 0.980442 0.196810
vn 0.000000 0.980442 0.196810
vn 0.000000 0.980442 0.196810
vn 0.000000 0.980442 0.196810
vn 0.000000 0.990665 0.136318
vn 0.000000 0.990665 0.136318
vn 0.000000 0.990665 0.136318
vn 0.000000 0.990665 0.136318
vn 0.000000 0.985764 0.168135
vn 0.000000 0.985764 0.168135
vn 0.000000 0.985764 0.168135
vn 0.000000 0.985764 0.168135
vn 0.000000 0.997672 0.068190
vn 0.000000 0.997672 0.068190
vn 0.000000 0.997672 0.068190
vn 0.000000 0.997672 0.068190
vn 0.000000 0.964452 0.264259
vn 0.000000 0.964452 0.264259
vn 0.000000 0.964452 0.264259
vn 0.000000 0.964452 0.264259
vn 0.000000 0.967641 0.252329
vn 0.000000 0.967641 0.252329
vn 0.000000 0.967641 0.252329
vn 0.000000 0.967641 0.252329
vn -0.000000 0.999343 -0.036230
vn -0.000000 0.999343 -0.036230
vn -0.000000 0.999343 -0.036230
vn -0.000000 0.999343 -0.036230
vn 0.000000 0.976213 -0.216813
vn 0.000000 0.976213 -0.216813
vn 0.000000 0.976213 -0.216813
vn 0.000000 0.976213 -0.216813
vn 0.255143 0.212114 0.943350
vn 0.255143 0.212114 0.943350
vn 0.255143 0.212114 0.943350
vn 0.255143 0.212114 0.943350
vn 0.548940 0.082465 0.831784
vn 0.548940 0.082465 0.831784
vn 0.548940 0.082465 0.831784
vn 0.548940 0.082465 0.831784
vn 0.425530 0.138410 0.894297
vn 0.425530 0.138410 0.894297
vn 0.425530 0.138410 0.894297
vn 0.425530 0.138410 0.894297
vn -0.025775 0.225715 0.973852
vn -0.025775 0.225715 0.973852
vn -0.025775 0.225715 0.973852
vn -0.025775 0.225715 0.973852
vn 0.079174 0.229510 0.970081
vn 0.079174 0.229510 0.970081
vn 0.079174 0.229510 0.970081
vn 0.079174 0.229510 0.970081
vn -0.130598 0.960338 0.246363
vn -0.130598 0.960338 0.246363
vn -0.130598 0.960338 0.246363
vn -0.130598 0.960338 0.246363
vn -0.012985 0.997070 0.075390
vn -0.012985 0.997070 0.075390
vn -0.012985 0.997070 0.075390
vn -0.012985 0.997070 0.075390
vn -0.018755 0.996818 0.077475
vn -0.018755 0.996818 0.077475
vn -0.018755 0.996818 0.077475
vn -0.321127 0.934314 -0.154712
vn -0.321127 0.934314 -0.154712
vn -0.321127 0.934314 -0.154712
vn -0.321127 0.934314 -0.154712
vn -0.474535 0.872308 -0.117882
vn -0.474535 0.872308 -0.117882
vn -0.474535 0.872308 -0.117882
vn -0.474535 0.872308 -0.117882
vn -0.121698 0.164825 -0.978786
vn -0.121698 0.164825 -0.978786
vn -0.121698 0.164825 -0.978786
vn -0.121698 0.164825 -0.978786
vn -0.313914 -0.705188 0.635742
vn -0.313914 -0.705188 0.635742
vn -0.313914 -0.705188 0.635742
vn -0.313914 -0.705188 0.635742
vn -0.155598 -0.962894 0.220509
vn -0.155598 -0.962894 0.220509
vn -0.155598 -0.962894 0.220509
vn -0.155598 -0.962894 0.220509
vn 0.988882 0.099657 -0.110370
vn 0.988882 0.099657 -0.110370
vn 0.988882 0.099657 -0.110370
vn 0.988882 0.099657 -0.110370
vn 0.389196 0.913663 0.117245
vn 0.389196 0.913663 0.117245
vn 0.389196 0.913663 0.117245
vn 0.389196 0.913663 0.117245
vn -0.280868 0.282821 0.917129
vn -0.280868 0.282821 0.917129
vn -0.280868 0.282821 0.917129
vn -0.280868 0.282821 0.917129
vn 0.337611 0.865546 -0.369931
vn 0.337611 0.865546 -0.369931
vn 0.337611 0.865546 -0.369931
vn 0.337611 0.865546 -0.369931
vn 0.532205 -0.791617 -0.300168
vn 0.532205 -0.791617 -0.300168
vn 0.532205 -0.791617 -0.300168
vn 0.532205 -0.791617 -0.300168
vn 0.640846 0.760262 -0.106385
vn 0.640846 0.760262 -0.106385
vn 0.640846 0.760262 -0.106385
vn 0.640846 0.760262 -0.106385
vn 0.343393 0.937112 -0.062463
vn 0.343393 0.937112 -0.062463
vn 0.343393 0.937112 -0.062463
vn 0.343393 0.937112 -0.062463
vn -0.299219 -0.932077 0.204208
vn -0.299219 -0.932077 0.204208
vn -0.299219 -0.932077 0.204208
vn -0.299219 -0.932077 0.204208
vn -0.531177 -0.843854 -0.075910
vn -0.531177 -0.843854 -0.075910
vn -0.531177 -0.843854 -0.075910
vn -0.531177 -0.843854 -0.075910
vn -0.588107 -0.763009 -0.268229
vn -0.588107 -0.763009 -0.268229
vn -0.588107 -0.763009 -0.268229
vn -0.588107 -0.763009 -0.268229
vn -0.450043 -0.857627 -0.248874
vn -0.450043 -0.857627 -0.248874
vn -0.450043 -0.857627 -0.248874
vn -0.450043 -0.857627 -0.248874
vn -0.729321 -0.680514 -0.070647
vn -0.729321 -0.680514 -0.070647
vn -0.729321 -0.680514 -0.070647
vn -0.729321 -0.680514 -0.070647
vn -0.719229 -0.692257 -0.059078
vn -0.719229 -0.692257 -0.059078
vn -0.719229 -0.692257 -0.059078
vn -0.719229 -0.692257 -0.059078
vn -0.715114 -0.695916 -0.065679
vn -0.715114 -0.695916 -0.065679
vn -0.715114 -0.695916 -0.065679
vn -0.715114 -0.695916 -0.065679
vn -0.721573 -0.688989 -0.068028
vn -0.721573 -0.688989 -0.068028
vn -0.721573 -0.688989 -0.068028
vn -0.721573 -0.688989 -0.068028
vn -0.619310 -0.784814 -0.022861
vn -0.619310 -0.784814 -0.022861
vn -0.619310 -0.784814 -0.022861
vn -0.619310 -0.784814 -0.022861
vn -0.553695 -0.790438 -0.261972
vn -0.553695 -0.790438 -0.261972
vn -0.553695 -0.790438 -0.261972
vn -0.553695 -0.790438 -0.261972
vn -0.705514 -0.701878 -0.098066
vn -0.705514 -0.701878 -0.098066
vn -0.705514 -0.701878 -0.098066
vn -0.705514 -0.701878 -0.098066
vn -0.749453 -0.655443 -0.093355
vn -0.749453 -0.655443 -0.093355
vn -0.749453 -0.655443 -0.093355
vn -0.749453 -0.655443 -0.093355
vn -0.726167 -0.680393 -0.098727
vn -0.726167 -0.680393 -0.098727
vn -0.726167 -0.680393 -0.098727
vn -0.726167 -0.680393 -0.098727
vn -0.736347 -0.670861 -0.087972
vn -0.736347 -0.670861 -0.087972
vn -0.736347 -0.670861 -0.087972
vn -0.736347 -0.670861 -0.087972
vn -0.720803 -0.692972 -0.015261
vn -0.720803 -0.692972 -0.015261
vn -0.720803 -0.692972 -0.015261
vn -0.720803 -0.692972 -0.015261
vn -0.756869 -0.653007 -0.027046
vn -0.756869 -0.653007 -0.027046
vn -0.756869 -0.653007 -0.027046
vn -0.756869 -0.653007 -0.027046
vn -0.789376 -0.613533 0.021518
vn -0.789376 -0.613533 0.021518
vn -0.789376 -0.613533 0.021518
vn -0.789376 -0.613533 0.021518
vn -0.476673 -0.858142 -0.190722
vn -0.476673 -0.858142 -0.190722
vn -0.476673 -0.858142 -0.190722
vn -0.476673 -0.858142 -0.190722
vn -0.624366 -0.754702 -0.201475
vn -0.624366 -0.754702 -0.201475
vn -0.624366 -0.754702 -0.201475
vn -0.624366 -0.754702 -0.201475
vn -0.689733 -0.704070 -0.168978
vn -0.689733 -0.704070 -0.168978
vn -0.689733 -0.704070 -0.168978
vn -0.689733 -0.704070 -0.168978
vn -0.758814 -0.638616 -0.127951
vn -0.758814 -0.638616 -0.127951
vn -0.758814 -0.638616 -0.127951
vn -0.758814 -0.638616 -0.127951
vn -0.749388 -0.650463 -0.123757
vn -0.749388 -0.650463 -0.123757
vn -0.749388 -0.650463 -0.123757
vn -0.749388 -0.650463 -0.123757
vn -0.797598 -0.597382 -0.083500
vn -0.797598 -0.597382 -0.083500
vn -0.797598 -0.597382 -0.083500
vn -0.797598 -0.597382 -0.083500
vn -0.798722 -0.600511 -0.037816
vn -0.798722 -0.600511 -0.037816
vn -0.798722 -0.600511 -0.037816
vn -0.798722 -0.600511 -0.037816
vn -0.510002 -0.859785 -0.025830
vn -0.510002 -0.859785 -0.025830
vn -0.510002 -0.859785 -0.025830
vn -0.510002 -0.859785 -0.025830
vn -0.691155 -0.710877 -0.130222
vn -0.691155 -0.710877 -0.130222
vn -0.691155 -0.710877 -0.130222
vn -0.691155 -0.710877 -0.130222
vn -0.755832 -0.644527 -0.115337
vn -0.755832 -0.644527 -0.115337
vn -0.755832 -0.644527 -0.115337
vn -0.755832 -0.644527 -0.115337
vn -0.740693 -0.660964 -0.120418
vn -0.740693 -0.660964 -0.120418
vn -0.740693 -0.660964 -0.120418
vn -0.740693 -0.660964 -0.120418
vn -0.765817 -0.636602 -0.090897
vn -0.765817 -0.636602 -0.090897
vn -0.765817 -0.636602 -0.090897
vn -0.765817 -0.636602 -0.090897
vn -0.777063 -0.629031 -0.022205
vn -0.777063 -0.629031 -0.022205
vn -0.777063 -0.629031 -0.022205
vn -0.777063 -0.629031 -0.022205
vn -0.403745 -0.890335 -0.210459
vn -0.403745 -0.890335 -0.210459
vn -0.403745 -0.890335 -0.210459
vn -0.403745 -0.890335 -0.210459
vn -0.561975 -0.806508 -0.183653
vn -0.561975 -0.806508 -0.183653
vn -0.561975 -0.806508 -0.183653
vn -0.561975 -0.806508 -0.183653
vn -0.684873 -0.708836 -0.168824
vn -0.684873 -0.708836 -0.168824
vn -0.684873 -0.708836 -0.168824
vn -0.684873 -0.708836 -0.168824
vn -0.763672 -0.635326 -0.114741
vn -0.763672 -0.635326 -0.114741
vn -0.763672 -0.635326 -0.114741
vn -0.763672 -0.635326 -0.114741
vn -0.764056 -0.639788 -0.082998
vn -0.764056 -0.639788 -0.082998
vn -0.764056 -0.639788 -0.082998
vn -0.764056 -0.639788 -0.082998
vn -0.798259 -0.601054 -0.038929
vn -0.798259 -0.601054 -0.038929
vn -0.798259 -0.601054 -0.038929
vn -0.798259 -0.601054 -0.038929
vn -0.788007 -0.615568 -0.011010
vn -0.788007 -0.615568 -0.011010
vn -0.788007 -0.615568 -0.011010
vn -0.788007 -0.615568 -0.011010
vn -0.321256 -0.937418 -0.134324
vn -0.321256 -0.937418 -0.134324
vn -0.321256 -0.937418 -0.134324
vn -0.321256 -0.937418 -0.134324
vn -0.486655 -0.864316 -0.126980
vn -0.486655 -0.864316 -0.126980
vn -0.486655 -0.864316 -0.126980
vn -0.486655 -0.864316 -0.126980
vn -0.647826 -0.754759 -0.103248
vn -0.647826 -0.754759 -0.103248
vn -0.647826 -0.754759 -0.103248
vn -0.647826 -0.754759 -0.103248
vn -0.766983 -0.637021 -0.077083
vn -0.766983 -0.637021 -0.077083
vn -0.766983 -0.637021 -0.077083
vn -0.766983 -0.637021 -0.077083
vn -0.787439 -0.615323 -0.036298
vn -0.787439 -0.615323 -0.036298
vn -0.787439 -0.615323 -0.036298
vn -0.787439 -0.615323 -0.036298
vn -0.800591 -0.599184 -0.005698
vn -0.800591 -0.599184 -0.005698
vn -0.800591 -0.599184 -0.005698
vn -0.800591 -0.599184 -0.005698
vn -0.787915 -0.615496 -0.018816
vn -0.787915 -0.615496 -0.018816
vn -0.787915 -0.615496 -0.018816
vn -0.787915 -0.615496 -0.018816
vn -0.607498 -0.777831 -0.161012
vn -0.607498 -0.777831 -0.161012
vn -0.607498 -0.777831 -0.161012
vn -0.607498 -0.777831 -0.161012
vn -0.607286 -0.777656 -0.162649
vn -0.607286 -0.777656 -0.162649
vn -0.607286 -0.777656 -0.162649
vn -0.607286 -0.777656 -0.162649
vn -0.580607 -0.794662 -0.177224
vn -0.580607 -0.794662 -0.177224
vn -0.580607 -0.794662 -0.177224
vn -0.580607 -0.794662 -0.177224
vn -0.617374 -0.752005 -0.230947
vn -0.617374 -0.752005 -0.230947
vn -0.617374 -0.752005 -0.230947
vn -0.617374 -0.752005 -0.230947
vn -0.392235 -0.910892 0.128169
vn -0.392235 -0.910892 0.128169
vn -0.392235 -0.910892 0.128169
vn -0.392235 -0.910892 0.128169
vn -0.298052 -0.925439 -0.233941
vn -0.298052 -0.925439 -0.233941
vn -0.298052 -0.925439 -0.233941
vn -0.298052 -0.925439 -0.233941
vn -0.701256 -0.692365 -0.169913
vn -0.701256 -0.692365 -0.169913
vn -0.701256 -0.692365 -0.169913
vn -0.701256 -0.692365 -0.169913
vn -0.537587 -0.831990 -0.137085
vn -0.537587 -0.831990 -0.137085
vn -0.537587 -0.831990 -0.137085
vn -0.537587 -0.831990 -0.137085
vn 0.668746 0.674676 0.312394
vn 0.668746 0.674676 0.312394
vn 0.668746 0.674676 0.312394
vn 0.668746 0.674676 0.312394
vn 0.642458 0.692332 0.328517
vn 0.642458 0.692332 0.328517
vn 0.642458 0.692332 0.328517
vn 0.642458 0.692332 0.328517
vn 0.429891 0.649914 0.626742
vn 0.429891 0.649914 0.626742
vn 0.429891 0.649914 0.626742
vn 0.429891 0.649914 0.626742
vn 0.426319 0.547381 0.720157
vn 0.426319 0.547381 0.720157
vn 0.426319 0.547381 0.720157
vn 0.426319 0.547381 0.720157
vn 0.559722 0.767175 0.313293
vn 0.559722 0.767175 0.313293
vn 0.559722 0.767175 0.313293
vn 0.559722 0.767175 0.313293
vn 0.579546 0.761628 0.289913
vn 0.579546 0.761628 0.289913
vn 0.579546 0.761628 0.289913
vn 0.579546 0.761628 0.289913
vn 0.640682 0.733542 0.226810
vn 0.640682 0.733542 0.226810
vn 0.640682 0.733542 0.226810
vn 0.640682 0.733542 0.226810
vn 0.909191 0.416360 -0.004123
vn 0.909191 0.416360 -0.004123
vn 0.909191 0.416360 -0.004123
vn 0.909191 0.416360 -0.004123
vn 0.119809 0.857668 0.500051
vn 0.119809 0.857668 0.500051
vn 0.119809 0.857668 0.500051
vn 0.119809 0.857668 0.500051
vn 0.509011 0.831382 0.222962
vn 0.509011 0.831382 0.222962
vn 0.509011 0.831382 0.222962
vn 0.509011 0.831382 0.222962
vn 0.620269 0.766105 0.168373
vn 0.620269 0.766105 0.168373
vn 0.620269 0.766105 0.168373
vn 0.620269 0.766105 0.168373
vn 0.661580 0.738149 0.132092
vn 0.661580 0.738149 0.132092
vn 0.661580 0.738149 0.132092
vn 0.661580 0.738149 0.132092
vn 0.215923 0.945683 0.243024
vn 0.215923 0.945683 0.243024
vn 0.215923 0.945683 0.243024
vn 0.215923 0.945683 0.243024
vn 0.663878 0.745540 0.058619
vn 0.663878 0.745540 0.058619
vn 0.663878 0.745540 0.058619
vn 0.663878 0.745540 0.058619
vn 0.728515 0.628770 0.271870
vn 0.728515 0.628770 0.271870
vn 0.728515 0.628770 0.271870
vn 0.728515 0.628770 0.271870
vn 0.327575 0.919835 0.215864
vn 0.327575 0.919835 0.215864
vn 0.327575 0.919835 0.215864
vn 0.327575 0.919835 0.215864
vn 0.393041 0.886084 0.245710
vn 0.393041 0.886084 0.245710
vn 0.393041 0.886084 0.245710
vn 0.393041 0.886084 0.245710
vn 0.498040 0.844621 0.196398
vn 0.498040 0.844621 0.196398
vn 0.498040 0.844621 0.196398
vn 0.498040 0.844621 0.196398
vn 0.632318 0.760758 0.146363
vn 0.632318 0.760758 0.146363
vn 0.632318 0.760758 0.146363
vn 0.632318 0.760758 0.146363
vn 0.723711 0.681234 0.110280
vn 0.723711 0.681234 0.110280
vn 0.723711 0.681234 0.110280
vn 0.723711 0.681234 0.110280
vn 0.821437 0.565805 0.071451
vn 0.821437 0.565805 0.071451
vn 0.821437 0.565805 0.071451
vn 0.821437 0.565805 0.071451
vn 0.909429 0.412004 0.056487
vn 0.909429 0.412004 0.056487
vn 0.909429 0.412004 0.056487
vn 0.909429 0.412004 0.056487
vn 0.466307 0.665543 0.582761
vn 0.466307 0.665543 0.582761
vn 0.466307 0.665543 0.582761
vn 0.466307 0.665543 0.582761
vn 0.505460 0.838368 0.204081
vn 0.505460 0.838368 0.204081
vn 0.505460 0.838368 0.204081
vn 0.505460 0.838368 0.204081
vn 0.628370 0.763475 0.149188
vn 0.628370 0.763475 0.149188
vn 0.628370 0.763475 0.149188
vn 0.628370 0.763475 0.149188
vn 0.814927 0.578565 0.034013
vn 0.814927 0.578565 0.034013
vn 0.814927 0.578565 0.034013
vn 0.814927 0.578565 0.034013
vn 0.913150 0.407624 -0.000326
vn 0.913150 0.407624 -0.000326
vn 0.913150 0.407624 -0.000326
vn 0.913150 0.407624 -0.000326
vn 0.364030 0.894108 0.260870
vn 0.364030 0.894108 0.260870
vn 0.364030 0.894108 0.260870
vn 0.364030 0.894108 0.260870
vn 0.398151 0.891089 0.217799
vn 0.398151 0.891089 0.217799
vn 0.398151 0.891089 0.217799
vn 0.398151 0.891089 0.217799
vn 0.483022 0.856415 0.182328
vn 0.483022 0.856415 0.182328
vn 0.483022 0.856415 0.182328
vn 0.483022 0.856415 0.182328
vn 0.621040 0.770984 0.141044
vn 0.621040 0.770984 0.141044
vn 0.621040 0.770984 0.141044
vn 0.621040 0.770984 0.141044
vn 0.724395 0.681150 0.106240
vn 0.724395 0.681150 0.106240
vn 0.724395 0.681150 0.106240
vn 0.724395 0.681150 0.106240
vn 0.803451 0.589690 0.082052
vn 0.803451 0.589690 0.082052
vn 0.803451 0.589690 0.082052
vn 0.803451 0.589690 0.082052
vn 0.885794 0.458726 0.070286
vn 0.885794 0.458726 0.070286
vn 0.885794 0.458726 0.070286
vn 0.885794 0.458726 0.070286
vn 0.310842 0.940160 0.139561
vn 0.310842 0.940160 0.139561
vn 0.310842 0.940160 0.139561
vn 0.310842 0.940160 0.139561
vn 0.378719 0.911334 0.161378
vn 0.378719 0.911334 0.161378
vn 0.378719 0.911334 0.161378
vn 0.378719 0.911334 0.161378
vn 0.452513 0.878018 0.155937
vn 0.452513 0.878018 0.155937
vn 0.452513 0.878018 0.155937
vn 0.452513 0.878018 0.155937
vn 0.603466 0.786987 0.128372
vn 0.603466 0.786987 0.128372
vn 0.603466 0.786987 0.128372
vn 0.603466 0.786987 0.128372
vn 0.706996 0.699407 0.104818
vn 0.706996 0.699407 0.104818
vn 0.706996 0.699407 0.104818
vn 0.706996 0.699407 0.104818
vn 0.778379 0.620993 0.092160
vn 0.778379 0.620993 0.092160
vn 0.778379 0.620993 0.092160
vn 0.778379 0.620993 0.092160
vn 0.852154 0.507704 0.126767
vn 0.852154 0.507704 0.126767
vn 0.852154 0.507704 0.126767
vn 0.852154 0.507704 0.126767
vn 0.384042 0.885636 0.261074
vn 0.384042 0.885636 0.261074
vn 0.384042 0.885636 0.261074
vn 0.384042 0.885636 0.261074
vn 0.368598 0.877208 0.307639
vn 0.368598 0.877208 0.307639
vn 0.368598 0.877208 0.307639
vn 0.368598 0.877208 0.307639
vn 0.420726 0.854392 0.304965
vn 0.420726 0.854392 0.304965
vn 0.420726 0.854392 0.304965
vn 0.420726 0.854392 0.304965
vn 0.737595 0.534828 0.412204
vn 0.737595 0.534828 0.412204
vn 0.737595 0.534828 0.412204
vn 0.737595 0.534828 0.412204
vn 0.646612 0.602836 0.467421
vn 0.646612 0.602836 0.467421
vn 0.646612 0.602836 0.467421
vn 0.646612 0.602836 0.467421
vn 0.028212 0.901942 0.430935
vn 0.028212 0.901942 0.430935
vn 0.028212 0.901942 0.430935
vn 0.028212 0.901942 0.430935
vn 0.016555 0.916492 0.399711
vn 0.016555 0.916492 0.399711
vn 0.016555 0.916492 0.399711
vn 0.016555 0.916492 0.399711
vn 0.506138 -0.862288 0.016873
vn 0.506138 -0.862288 0.016873
vn 0.506138 -0.862288 0.016873
vn 0.506138 -0.862288 0.016873
vn -0.506167 -0.723646 0.469181
vn -0.506167 -0.723646 0.469181
vn -0.506167 -0.723646 0.469181
vn -0.506167 -0.723646 0.469181
vn -0.304224 -0.801982 0.514075
vn -0.304224 -0.801982 0.514075
vn -0.304224 -0.801982 0.514075
vn -0.304224 -0.801982 0.514075
vn -0.944787 -0.057440 0.322613
vn -0.944787 -0.057440 0.322613
vn -0.944787 -0.057440 0.322613
vn -0.944787 -0.057440 0.322613
vn -0.899670 0.129674 0.416868
vn -0.899670 0.129674 0.416868
vn -0.899670 0.129674 0.416868
vn -0.899670 0.129674 0.416868
vn -0.821374 0.345205 0.454068
vn -0.821374 0.345205 0.454068
vn -0.821374 0.345205 0.454068
vn -0.821374 0.345205 0.454068
vn 0.522329 -0.753082 -0.400050
vn 0.522329 -0.753082 -0.400050
vn 0.522329 -0.753082 -0.400050
vn 0.522329 -0.753082 -0.400050
vn -0.403923 0.877888 0.257214
vn -0.403923 0.877888 0.257214
vn -0.403923 0.877888 0.257214
vn -0.403923 0.877888 0.257214
vn 0.561502 -0.782573 -0.268877
vn 0.561502 -0.782573 -0.268877
vn 0.561502 -0.782573 -0.268877
vn 0.561502 -0.782573 -0.268877
vn 0.164170 -0.856783 0.488847
vn 0.164170 -0.856783 0.488847
vn 0.164170 -0.856783 0.488847
vn 0.164170 -0.856783 0.488847
vn 0.538955 -0.790202 -0.291733
vn 0.538955 -0.790202 -0.291733
vn 0.538955 -0.790202 -0.291733
vn 0.538955 -0.790202 -0.291733
vn -0.642558 0.640718 0.420238
vn -0.642558 0.640718 0.420238
vn -0.642558 0.640718 0.420238
vn -0.642558 0.640718 0.420238
vn 0.572192 -0.777444 -0.261107
vn 0.572192 -0.777444 -0.261107
vn 0.572192 -0.777444 -0.261107
vn 0.572192 -0.777444 -0.261107
vn -0.848659 0.499701 0.173427
vn -0.848659 0.499701 0.173427
vn -0.848659 0.499701 0.173427
vn -0.848659 0.499701 0.173427
vn 0.576565 -0.775447 -0.257399
vn 0.576565 -0.775447 -0.257399
vn 0.576565 -0.775447 -0.257399
vn 0.576565 -0.775447 -0.257399
vn 0.414142 -0.893138 0.175472
vn 0.414142 -0.893138 0.175472
vn 0.414142 -0.893138 0.175472
vn 0.414142 -0.893138 0.175472
vn -0.554199 -0.129587 0.822235
vn -0.554199 -0.129587 0.822235
vn -0.554199 -0.129587 0.822235
vn -0.554199 -0.129587 0.822235
vn 0.235163 -0.971583 -0.026928
vn 0.235163 -0.971583 -0.026928
vn 0.235163 -0.971583 -0.026928
vn 0.235163 -0.971583 -0.026928
vn -0.365948 -0.687982 0.626708
vn -0.365948 -0.687982 0.626708
vn -0.365948 -0.687982 0.626708
vn -0.365948 -0.687982 0.626708
vn -0.855752 -0.413448 0.311045
vn -0.855752 -0.413448 0.311045
vn -0.855752 -0.413448 0.311045
vn -0.855752 -0.413448 0.311045
vn -0.933067 0.165931 0.319145
vn -0.933067 0.165931 0.319145
vn -0.933067 0.165931 0.319145
vn -0.933067 0.165931 0.319145
vn 0.409583 0.912113 0.017062
vn 0.409583 0.912113 0.017062
vn 0.409583 0.912113 0.017062
vn 0.409583 0.912113 0.017062
vn 0.716561 0.693081 0.078611
vn 0.716561 0.693081 0.078611
vn 0.716561 0.693081 0.078611
vn 0.716561 0.693081 0.078611
vn 0.611036 0.780647 0.131242
vn 0.611036 0.780647 0.131242
vn 0.611036 0.780647 0.131242
vn 0.611036 0.780647 0.131242
vn 0.570641 0.820503 0.033824
vn 0.570641 0.820503 0.033824
vn 0.570641 0.820503 0.033824
vn 0.570641 0.820503 0.033824
vn 0.638854 0.767297 -0.055867
vn 0.638854 0.767297 -0.055867
vn 0.638854 0.767297 -0.055867
vn 0.638854 0.767297 -0.055867
vn 0.571385 0.819077 0.051302
vn 0.571385 0.819077 0.051302
vn 0.571385 0.819077 0.051302
vn 0.571385 0.819077 0.051302
vn -0.637786 -0.741512 0.208300
vn -0.637786 -0.741512 0.208300
vn -0.637786 -0.741512 0.208300
vn -0.637786 -0.741512 0.208300
vn -0.441739 -0.871829 0.211614
vn -0.441739 -0.871829 0.211614
vn -0.441739 -0.871829 0.211614
vn -0.441739 -0.871829 0.211614
vn -0.527780 0.279183 0.802188
vn -0.527780 0.279183 0.802188
vn -0.527780 0.279183 0.802188
vn -0.527780 0.279183 0.802188
vn -0.642320 0.317008 0.697805
vn -0.642320 0.317008 0.697805
vn -0.642320 0.317008 0.697805
vn -0.642320 0.317008 0.697805
vn -0.676600 -0.387642 0.626057
vn -0.676600 -0.387642 0.626057
vn -0.676600 -0.387642 0.626057
vn -0.676600 -0.387642 0.626057
vn -0.607946 -0.640003 0.469892
vn -0.607946 -0.640003 0.469892
vn -0.607946 -0.640003 0.469892
vn -0.607946 -0.640003 0.469892
vn -0.545423 -0.799637 0.251184
vn -0.545423 -0.799637 0.251184
vn -0.545423 -0.799637 0.251184
vn -0.545423 -0.799637 0.251184
vn 0.333364 0.927239 0.170575
vn 0.333364 0.927239 0.170575
vn 0.333364 0.927239 0.170575
vn 0.333364 0.927239 0.170575
vn -0.473110 0.141559 0.869556
vn -0.473110 0.141559 0.869556
vn -0.473110 0.141559 0.869556
vn -0.473110 0.141559 0.869556
vn -0.308943 -0.788665 0.531566
vn -0.308943 -0.788665 0.531566
vn -0.308943 -0.788665 0.531566
vn -0.308943 -0.788665 0.531566
vn -0.159727 -0.812285 0.560964
vn -0.159727 -0.812285 0.560964
vn -0.159727 -0.812285 0.560964
vn -0.159727 -0.812285 0.560964
vn -0.651045 -0.712426 0.261895
vn -0.651045 -0.712426 0.261895
vn -0.651045 -0.712426 0.261895
vn -0.651045 -0.712426 0.261895
vn 0.502261 0.555360 0.662804
vn 0.502261 0.555360 0.662804
vn 0.502261 0.555360 0.662804
vn 0.502261 0.555360 0.662804
vn -0.489872 -0.317617 0.811878
vn -0.489872 -0.317617 0.811878
vn -0.489872 -0.317617 0.811878
vn -0.489872 -0.317617 0.811878
vn -0.487284 -0.670776 0.559119
vn -0.487284 -0.670776 0.559119
vn -0.487284 -0.670776 0.559119
vn -0.487284 -0.670776 0.559119
vn -0.555941 -0.388170 0.735020
vn -0.555941 -0.388170 0.735020
vn -0.555941 -0.388170 0.735020
vn -0.555941 -0.388170 0.735020
vn -0.599402 -0.766715 0.229925
vn -0.599402 -0.766715 0.229925
vn -0.599402 -0.766715 0.229925
vn -0.599402 -0.766715 0.229925
vn 0.732150 0.572896 0.368439
vn 0.732150 0.572896 0.368439
vn 0.732150 0.572896 0.368439
vn 0.732150 0.572896 0.368439
vn -0.526746 -0.335437 0.781038
vn -0.526746 -0.335437 0.781038
vn -0.526746 -0.335437 0.781038
vn -0.526746 -0.335437 0.781038
vn -0.652974 -0.596376 0.466862
vn -0.652974 -0.596376 0.466862
vn -0.652974 -0.596376 0.466862
vn -0.652974 -0.596376 0.466862
vn -0.485409 -0.367257 0.793410
vn -0.485409 -0.367257 0.793410
vn -0.485409 -0.367257 0.793410
vn -0.485409 -0.367257 0.793410
vn -0.695748 -0.645006 0.316073
vn -0.695748 -0.645006 0.316073
vn -0.695748 -0.645006 0.316073
vn -0.695748 -0.645006 0.316073
vn -0.368292 -0.301287 0.879538
vn -0.368292 -0.301287 0.879538
vn -0.368292 -0.301287 0.879538
vn -0.368292 -0.301287 0.879538
vn -0.668937 -0.605134 0.431668
vn -0.668937 -0.605134 0.431668
vn -0.668937 -0.605134 0.431668
vn -0.668937 -0.605134 0.431668
vn -0.561874 -0.414880 0.715662
vn -0.561874 -0.414880 0.715662
vn -0.561874 -0.414880 0.715662
vn -0.561874 -0.414880 0.715662
vn -0.701246 -0.604911 0.377276
vn -0.701246 -0.604911 0.377276
vn -0.701246 -0.604911 0.377276
vn -0.701246 -0.604911 0.377276
vn 0.713910 0.689458 0.122390
vn 0.713910 0.689458 0.122390
vn 0.713910 0.689458 0.122390
vn 0.713910 0.689458 0.122390
vn -0.143770 0.077330 0.986585
vn -0.143770 0.077330 0.986585
vn -0.143770 0.077330 0.986585
vn -0.143770 0.077330 0.986585
vn -0.689763 -0.487484 0.535337
vn -0.689763 -0.487484 0.535337
vn -0.689763 -0.487484 0.535337
vn -0.689763 -0.487484 0.535337
vn -0.716847 -0.577860 0.390139
vn -0.716847 -0.577860 0.390139
vn -0.716847 -0.577860 0.390139
vn -0.716847 -0.577860 0.390139
vn 0.782994 0.597397 -0.173316
vn 0.782994 0.597397 -0.173316
vn 0.782994 0.597397 -0.173316
vn 0.782994 0.597397 -0.173316
vn 0.764865 0.636334 0.100305
vn 0.764865 0.636334 0.100305
vn 0.764865 0.636334 0.100305
vn 0.764865 0.636334 0.100305
vn -0.245297 0.091784 0.965093
vn -0.245297 0.091784 0.965093
vn -0.245297 0.091784 0.965093
vn -0.245297 0.091784 0.965093
vn -0.769449 -0.510228 0.384208
vn -0.769449 -0.510228 0.384208
vn -0.769449 -0.510228 0.384208
vn -0.769449 -0.510228 0.384208
vn -0.352353 -0.818629 -0.453535
vn -0.352353 -0.818629 -0.453535
vn -0.352353 -0.818629 -0.453535
vn -0.352353 -0.818629 -0.453535
vn 0.821814 0.566674 -0.059188
vn 0.821814 0.566674 -0.059188
vn 0.821814 0.566674 -0.059188
vn 0.821814 0.566674 -0.059188
vn 0.790024 0.605337 0.097103
vn 0.790024 0.605337 0.097103
vn 0.790024 0.605337 0.097103
vn 0.790024 0.605337 0.097103
vn -0.359793 0.072330 0.930224
vn -0.359793 0.072330 0.930224
vn -0.359793 0.072330 0.930224
vn -0.359793 0.072330 0.930224
vn -0.746138 -0.368350 0.554614
vn -0.746138 -0.368350 0.554614
vn -0.746138 -0.368350 0.554614
vn -0.746138 -0.368350 0.554614
vn 0.631201 -0.115754 -0.766933
vn 0.631201 -0.115754 -0.766933
vn 0.631201 -0.115754 -0.766933
vn 0.631201 -0.115754 -0.766933
vn 0.841984 0.536986 -0.052046
vn 0.841984 0.536986 -0.052046
vn 0.841984 0.536986 -0.052046
vn 0.841984 0.536986 -0.052046
vn 0.782673 0.611854 0.114271
vn 0.782673 0.611854 0.114271
vn 0.782673 0.611854 0.114271
vn 0.782673 0.611854 0.114271
vn -0.448780 0.161516 0.878925
vn -0.448780 0.161516 0.878925
vn -0.448780 0.161516 0.878925
vn -0.448780 0.161516 0.878925
vn -0.793697 -0.497721 0.349742
vn -0.793697 -0.497721 0.349742
vn -0.793697 -0.497721 0.349742
vn -0.793697 -0.497721 0.349742
vn -0.798805 -0.334400 0.500087
vn -0.798805 -0.334400 0.500087
vn -0.798805 -0.334400 0.500087
vn -0.798805 -0.334400 0.500087
vn -0.814756 -0.488506 0.312306
vn -0.814756 -0.488506 0.312306
vn -0.814756 -0.488506 0.312306
vn -0.814756 -0.488506 0.312306
vn -0.390326 -0.836222 -0.385200
vn -0.390326 -0.836222 -0.385200
vn -0.390326 -0.836222 -0.385200
vn -0.390326 -0.836222 -0.385200
vn 0.763713 -0.030685 -0.644826
vn 0.763713 -0.030685 -0.644826
vn 0.763713 -0.030685 -0.644826
vn 0.763713 -0.030685 -0.644826
vn -0.776795 -0.529830 0.340395
vn -0.776795 -0.529830 0.340395
vn -0.776795 -0.529830 0.340395
vn -0.776795 -0.529830 0.340395
vn -0.362520 -0.920486 -0.145896
vn -0.362520 -0.920486 -0.145896
vn -0.362520 -0.920486 -0.145896
vn -0.362520 -0.920486 -0.145896
vn -0.242919 0.006528 0.970025
vn -0.242919 0.006528 0.970025
vn -0.242919 0.006528 0.970025
vn -0.242919 0.006528 0.970025
vn -0.827980 -0.392733 0.400262
vn -0.827980 -0.392733 0.400262
vn -0.827980 -0.392733 0.400262
vn -0.827980 -0.392733 0.400262
vn -0.748641 -0.581523 0.318383
vn -0.748641 -0.581523 0.318383
vn -0.748641 -0.581523 0.318383
vn -0.748641 -0.581523 0.318383
vn -0.796534 -0.511557 0.322246
vn -0.796534 -0.511557 0.322246
vn -0.796534 -0.511557 0.322246
vn -0.796534 -0.511557 0.322246
vn -0.759105 -0.564038 0.324993
vn -0.759105 -0.564038 0.324993
vn -0.759105 -0.564038 0.324993
vn -0.759105 -0.564038 0.324993
vn -0.778020 -0.590290 0.215041
vn -0.778020 -0.590290 0.215041
vn -0.778020 -0.590290 0.215041
vn -0.778020 -0.590290 0.215041
vn -0.773165 -0.606530 0.185300
vn -0.773165 -0.606530 0.185300
vn -0.773165 -0.606530 0.185300
vn -0.773165 -0.606530 0.185300
vn -0.766019 -0.630009 0.127683
vn -0.766019 -0.630009 0.127683
vn -0.766019 -0.630009 0.127683
vn -0.766019 -0.630009 0.127683
vn -0.740565 -0.671887 -0.011451
vn -0.740565 -0.671887 -0.011451
vn -0.740565 -0.671887 -0.011451
vn -0.740565 -0.671887 -0.011451
vn -0.742699 -0.656313 -0.132861
vn -0.742699 -0.656313 -0.132861
vn -0.742699 -0.656313 -0.132861
vn -0.742699 -0.656313 -0.132861
vn -0.789201 -0.597799 -0.140703
vn -0.789201 -0.597799 -0.140703
vn -0.789201 -0.597799 -0.140703
vn -0.789201 -0.597799 -0.140703
vn -0.467148 -0.615164 0.635095
vn -0.467148 -0.615164 0.635095
vn -0.467148 -0.615164 0.635095
vn -0.467148 -0.615164 0.635095
vn -0.431389 -0.700921 0.567991
vn -0.431389 -0.700921 0.567991
vn -0.431389 -0.700921 0.567991
vn -0.431389 -0.700921 0.567991
vn -0.635980 -0.576617 0.512877
vn -0.635980 -0.576617 0.512877
vn -0.635980 -0.576617 0.512877
vn -0.635980 -0.576617 0.512877
vn -0.515333 -0.486471 0.705534
vn -0.515333 -0.486471 0.705534
vn -0.515333 -0.486471 0.705534
vn -0.515333 -0.486471 0.705534
vn -0.486634 0.184685 0.853861
vn -0.486634 0.184685 0.853861
vn -0.486634 0.184685 0.853861
vn -0.486634 0.184685 0.853861
vn -0.122565 0.841591 0.526025
vn -0.122565 0.841591 0.526025
vn -0.122565 0.841591 0.526025
vn -0.122565 0.841591 0.526025
vn 0.765289 0.615825 -0.187327
vn 0.765289 0.615825 -0.187327
vn 0.765289 0.615825 -0.187327
vn 0.765289 0.615825 -0.187327
vn 0.713974 0.676380 0.180972
vn 0.713974 0.676380 0.180972
vn 0.713974 0.676380 0.180972
vn 0.713974 0.676380 0.180972
vn 0.241458 -0.188160 0.951995
vn 0.241458 -0.188160 0.951995
vn 0.241458 -0.188160 0.951995
vn 0.241458 -0.188160 0.951995
vn 0.777295 0.610424 -0.152300
vn 0.777295 0.610424 -0.152300
vn 0.777295 0.610424 -0.152300
vn 0.777295 0.610424 -0.152300
vn 0.970693 -0.040428 -0.236898
vn 0.970693 -0.040428 -0.236898
vn 0.970693 -0.040428 -0.236898
vn 0.970693 -0.040428 -0.236898
vn 0.178459 -0.836730 0.517722
vn 0.178459 -0.836730 0.517722
vn 0.178459 -0.836730 0.517722
vn 0.178459 -0.836730 0.517722
vn -0.468460 -0.562627 0.681173
vn -0.468460 -0.562627 0.681173
vn -0.468460 -0.562627 0.681173
vn -0.468460 -0.562627 0.681173
vn -0.548580 -0.692807 0.468059
vn -0.548580 -0.692807 0.468059
vn -0.548580 -0.692807 0.468059
vn -0.548580 -0.692807 0.468059
vn -0.818086 -0.397251 0.415844
vn -0.818086 -0.397251 0.415844
vn -0.818086 -0.397251 0.415844
vn -0.818086 -0.397251 0.415844
vn -0.675687 -0.169024 0.717550
vn -0.675687 -0.169024 0.717550
vn -0.675687 -0.169024 0.717550
vn -0.675687 -0.169024 0.717550
vn -0.816117 0.156179 0.556383
vn -0.816117 0.156179 0.556383
vn -0.816117 0.156179 0.556383
vn -0.816117 0.156179 0.556383
vn 0.122281 0.968465 -0.217078
vn 0.122281 0.968465 -0.217078
vn 0.122281 0.968465 -0.217078
vn 0.122281 0.968465 -0.217078
vn 0.780850 0.603691 -0.160717
vn 0.780850 0.603691 -0.160717
vn 0.780850 0.603691 -0.160717
vn 0.780850 0.603691 -0.160717
vn 0.749877 0.639734 -0.168596
vn 0.749877 0.639734 -0.168596
vn 0.749877 0.639734 -0.168596
vn 0.749877 0.639734 -0.168596
vn 0.271674 -0.775548 0.569841
vn 0.271674 -0.775548 0.569841
vn 0.271674 -0.775548 0.569841
vn 0.271674 -0.775548 0.569841
vn -0.361673 -0.633323 0.684175
vn -0.361673 -0.633323 0.684175
vn -0.361673 -0.633323 0.684175
vn -0.361673 -0.633323 0.684175
vn -0.660828 -0.645480 0.382963
vn -0.660828 -0.645480 0.382963
vn -0.660828 -0.645480 0.382963
vn -0.660828 -0.645480 0.382963
vn -0.690546 -0.610959 0.387137
vn -0.690546 -0.610959 0.387137
vn -0.690546 -0.610959 0.387137
vn -0.690546 -0.610959 0.387137
vn -0.642307 -0.277237 0.714550
vn -0.642307 -0.277237 0.714550
vn -0.642307 -0.277237 0.714550
vn -0.642307 -0.277237 0.714550
vn -0.757643 -0.079699 0.647784
vn -0.757643 -0.079699 0.647784
vn -0.757643 -0.079699 0.647784
vn -0.757643 -0.079699 0.647784
vn 0.848394 0.523257 0.080187
vn 0.848394 0.523257 0.080187
vn 0.848394 0.523257 0.080187
vn 0.848394 0.523257 0.080187
vn 0.062636 -0.192010 0.979392
vn 0.062636 -0.192010 0.979392
vn 0.062636 -0.192010 0.979392
vn 0.062636 -0.192010 0.979392
vn -0.588193 -0.476636 0.653336
vn -0.588193 -0.476636 0.653336
vn -0.588193 -0.476636 0.653336
vn -0.588193 -0.476636 0.653336
vn -0.700099 -0.603207 0.382104
vn -0.700099 -0.603207 0.382104
vn -0.700099 -0.603207 0.382104
vn -0.700099 -0.603207 0.382104
vn -0.714911 -0.589891 0.375408
vn -0.714911 -0.589891 0.375408
vn -0.714911 -0.589891 0.375408
vn -0.714911 -0.589891 0.375408
vn -0.730132 -0.390709 0.560583
vn -0.730132 -0.390709 0.560583
vn -0.730132 -0.390709 0.560583
vn -0.730132 -0.390709 0.560583
vn -0.488083 0.409894 0.770560
vn -0.488083 0.409894 0.770560
vn -0.488083 0.409894 0.770560
vn -0.488083 0.409894 0.770560
vn 0.967854 0.250336 -0.024293
vn 0.967854 0.250336 -0.024293
vn 0.967854 0.250336 -0.024293
vn 0.967854 0.250336 -0.024293
vn 0.366134 -0.533438 0.762490
vn 0.366134 -0.533438 0.762490
vn 0.366134 -0.533438 0.762490
vn 0.366134 -0.533438 0.762490
vn -0.713938 -0.513772 0.475743
vn -0.713938 -0.513772 0.475743
vn -0.713938 -0.513772 0.475743
vn -0.713938 -0.513772 0.475743
vn -0.585468 0.787699 -0.191723
vn -0.585468 0.787699 -0.191723
vn -0.585468 0.787699 -0.191723
vn -0.585468 0.787699 -0.191723
vn 0.903375 -0.328703 0.275443
vn 0.903375 -0.328703 0.275443
vn 0.903375 -0.328703 0.275443
vn 0.903375 -0.328703 0.275443
vn 0.410819 -0.682113 0.604938
vn 0.410819 -0.682113 0.604938
vn 0.410819 -0.682113 0.604938
vn 0.410819 -0.682113 0.604938
vn -0.762397 -0.397149 0.510905
vn -0.762397 -0.397149 0.510905
vn -0.762397 -0.397149 0.510905
vn -0.762397 -0.397149 0.510905
vn -0.597900 0.479664 0.642214
vn -0.597900 0.479664 0.642214
vn -0.597900 0.479664 0.642214
vn -0.597900 0.479664 0.642214
vn -0.043402 0.998630 -0.029225
vn -0.043402 0.998630 -0.029225
vn -0.043402 0.998630 -0.029225
vn -0.043402 0.998630 -0.029225
vn -0.657784 -0.633511 0.407411
vn -0.657784 -0.633511 0.407411
vn -0.657784 -0.633511 0.407411
vn -0.657784 -0.633511 0.407411
vn -0.725710 -0.630532 0.275271
vn -0.725710 -0.630532 0.275271
vn -0.725710 -0.630532 0.275271
vn -0.725710 -0.630532 0.275271
vn -0.688558 -0.621285 0.374023
vn -0.688558 -0.621285 0.374023
vn -0.688558 -0.621285 0.374023
vn -0.688558 -0.621285 0.374023
vn -0.678444 -0.548396 0.488852
vn -0.678444 -0.548396 0.488852
vn -0.678444 -0.548396 0.488852
vn -0.678444 -0.548396 0.488852
vn -0.656596 -0.647100 0.387483
vn -0.656596 -0.647100 0.387483
vn -0.656596 -0.647100 0.387483
vn -0.656596 -0.647100 0.387483
vn -0.679359 -0.616389 0.398165
vn -0.679359 -0.616389 0.398165
vn -0.679359 -0.616389 0.398165
vn -0.679359 -0.616389 0.398165
vn -0.720020 -0.584852 0.373523
vn -0.720020 -0.584852 0.373523
vn -0.720020 -0.584852 0.373523
vn -0.720020 -0.584852 0.373523
vn -0.396305 -0.662088 0.636068
vn -0.396305 -0.662088 0.636068
vn -0.396305 -0.662088 0.636068
vn -0.396305 -0.662088 0.636068
vn 0.911196 0.411268 0.024088
vn 0.911196 0.411268 0.024088
vn 0.911196 0.411268 0.024088
vn 0.911196 0.411268 0.024088
vn 0.896672 -0.302201 0.323502
vn 0.896672 -0.302201 0.323502
vn 0.896672 -0.302201 0.323502
vn 0.896672 -0.302201 0.323502
vn 0.611247 -0.625736 0.484594
vn 0.611247 -0.625736 0.484594
vn 0.611247 -0.625736 0.484594
vn 0.611247 -0.625736 0.484594
vn -0.697257 -0.504205 0.509520
vn -0.697257 -0.504205 0.509520
vn -0.697257 -0.504205 0.509520
vn -0.697257 -0.504205 0.509520
vn -0.781274 -0.523211 0.340383
vn -0.781274 -0.523211 0.340383
vn -0.781274 -0.523211 0.340383
vn -0.781274 -0.523211 0.340383
vn -0.817373 -0.473962 0.327508
vn -0.817373 -0.473962 0.327508
vn -0.817373 -0.473962 0.327508
vn -0.817373 -0.473962 0.327508
vn -0.837397 -0.299817 0.457030
vn -0.837397 -0.299817 0.457030
vn -0.837397 -0.299817 0.457030
vn -0.837397 -0.299817 0.457030
vn -0.652726 0.688663 0.315741
vn -0.652726 0.688663 0.315741
vn -0.652726 0.688663 0.315741
vn -0.652726 0.688663 0.315741
vn 0.547299 0.827181 -0.127420
vn 0.547299 0.827181 -0.127420
vn 0.547299 0.827181 -0.127420
vn 0.547299 0.827181 -0.127420
vn 0.749599 0.661682 0.016694
vn 0.749599 0.661682 0.016694
vn 0.749599 0.661682 0.016694
vn 0.749599 0.661682 0.016694
vn -0.783868 -0.529283 0.324669
vn -0.783868 -0.529283 0.324669
vn -0.783868 -0.529283 0.324669
vn -0.783868 -0.529283 0.324669
vn -0.820249 -0.473872 0.320370
vn -0.820249 -0.473872 0.320370
vn -0.820249 -0.473872 0.320370
vn -0.820249 -0.473872 0.320370
vn -0.376621 -0.872306 -0.311832
vn -0.376621 -0.872306 -0.311832
vn -0.376621 -0.872306 -0.311832
vn -0.376621 -0.872306 -0.311832
vn 0.724653 -0.130400 -0.676664
vn 0.724653 -0.130400 -0.676664
vn 0.724653 -0.130400 -0.676664
vn 0.724653 -0.130400 -0.676664
vn -0.814362 -0.477204 0.330288
vn -0.814362 -0.477204 0.330288
vn -0.814362 -0.477204 0.330288
vn -0.814362 -0.477204 0.330288
vn -0.775002 -0.362932 0.517351
vn -0.775002 -0.362932 0.517351
vn -0.775002 -0.362932 0.517351
vn -0.775002 -0.362932 0.517351
vn -0.393923 0.075761 0.916016
vn -0.393923 0.075761 0.916016
vn -0.393923 0.075761 0.916016
vn -0.393923 0.075761 0.916016
vn 0.817043 0.571499 -0.076361
vn 0.817043 0.571499 -0.076361
vn 0.817043 0.571499 -0.076361
vn 0.817043 0.571499 -0.076361
vn -0.714227 -0.562790 0.416109
vn -0.714227 -0.562790 0.416109
vn -0.714227 -0.562790 0.416109
vn -0.714227 -0.562790 0.416109
vn -0.750938 -0.532906 0.390005
vn -0.750938 -0.532906 0.390005
vn -0.750938 -0.532906 0.390005
vn -0.750938 -0.532906 0.390005
vn -0.726767 -0.477316 0.493942
vn -0.726767 -0.477316 0.493942
vn -0.726767 -0.477316 0.493942
vn -0.726767 -0.477316 0.493942
vn -0.738915 -0.566109 0.365411
vn -0.738915 -0.566109 0.365411
vn -0.738915 -0.566109 0.365411
vn -0.738915 -0.566109 0.365411
vn -0.750685 -0.550359 0.365482
vn -0.750685 -0.550359 0.365482
vn -0.750685 -0.550359 0.365482
vn -0.750685 -0.550359 0.365482
vn -0.721153 -0.516899 0.461253
vn -0.721153 -0.516899 0.461253
vn -0.721153 -0.516899 0.461253
vn -0.721153 -0.516899 0.461253
vn -0.730364 -0.449754 0.514091
vn -0.730364 -0.449754 0.514091
vn -0.730364 -0.449754 0.514091
vn -0.730364 -0.449754 0.514091
vn -0.783316 -0.517708 0.344084
vn -0.783316 -0.517708 0.344084
vn -0.783316 -0.517708 0.344084
vn -0.783316 -0.517708 0.344084
vn -0.793661 -0.508389 0.334130
vn -0.793661 -0.508389 0.334130
vn -0.793661 -0.508389 0.334130
vn -0.793661 -0.508389 0.334130
vn -0.719215 -0.579106 0.383884
vn -0.719215 -0.579106 0.383884
vn -0.719215 -0.579106 0.383884
vn -0.719215 -0.579106 0.383884
vn -0.776771 -0.518318 0.357734
vn -0.776771 -0.518318 0.357734
vn -0.776771 -0.518318 0.357734
vn -0.776771 -0.518318 0.357734
vn -0.784442 -0.509995 0.352925
vn -0.784442 -0.509995 0.352925
vn -0.784442 -0.509995 0.352925
vn -0.784442 -0.509995 0.352925
vn -0.770166 -0.523467 0.364455
vn -0.770166 -0.523467 0.364455
vn -0.770166 -0.523467 0.364455
vn -0.770166 -0.523467 0.364455
vn -0.798387 -0.499535 0.336220
vn -0.798387 -0.499535 0.336220
vn -0.798387 -0.499535 0.336220
vn -0.798387 -0.499535 0.336220
vn -0.795530 -0.514238 0.320455
vn -0.795530 -0.514238 0.320455
vn -0.795530 -0.514238 0.320455
vn -0.795530 -0.514238 0.320455
vn 0.848822 0.527925 0.028217
vn 0.848822 0.527925 0.028217
vn 0.848822 0.527925 0.028217
vn 0.848822 0.527925 0.028217
vn 0.952745 -0.022009 0.302973
vn 0.952745 -0.022009 0.302973
vn 0.952745 -0.022009 0.302973
vn 0.952745 -0.022009 0.302973
vn 0.305965 -0.599371 0.739689
vn 0.305965 -0.599371 0.739689
vn 0.305965 -0.599371 0.739689
vn 0.305965 -0.599371 0.739689
vn -0.703927 -0.470607 0.531992
vn -0.703927 -0.470607 0.531992
vn -0.703927 -0.470607 0.531992
vn -0.703927 -0.470607 0.531992
vn -0.789561 -0.520411 0.325217
vn -0.789561 -0.520411 0.325217
vn -0.789561 -0.520411 0.325217
vn -0.789561 -0.520411 0.325217
vn -0.815743 -0.484191 0.316421
vn -0.815743 -0.484191 0.316421
vn -0.815743 -0.484191 0.316421
vn -0.815743 -0.484191 0.316421
vn -0.839168 -0.331699 0.431014
vn -0.839168 -0.331699 0.431014
vn -0.839168 -0.331699 0.431014
vn -0.839168 -0.331699 0.431014
vn -0.548303 0.808366 -0.214260
vn -0.548303 0.808366 -0.214260
vn -0.548303 0.808366 -0.214260
vn -0.548303 0.808366 -0.214260
vn 0.096642 0.945711 -0.310307
vn 0.096642 0.945711 -0.310307
vn 0.096642 0.945711 -0.310307
vn 0.096642 0.945711 -0.310307
vn 0.690528 0.707140 -0.152066
vn 0.690528 0.707140 -0.152066
vn 0.690528 0.707140 -0.152066
vn 0.690528 0.707140 -0.152066
vn 0.802018 0.597246 0.008069
vn 0.802018 0.597246 0.008069
vn 0.802018 0.597246 0.008069
vn 0.802018 0.597246 0.008069
vn 0.814917 0.579288 -0.018342
vn 0.814917 0.579288 -0.018342
vn 0.814917 0.579288 -0.018342
vn 0.814917 0.579288 -0.018342
vn -0.807610 -0.506148 0.302622
vn -0.807610 -0.506148 0.302622
vn -0.807610 -0.506148 0.302622
vn -0.807610 -0.506148 0.302622
vn -0.818554 -0.477425 0.319428
vn -0.818554 -0.477425 0.319428
vn -0.818554 -0.477425 0.319428
vn -0.818554 -0.477425 0.319428
vn 0.866440 0.499139 0.011936
vn 0.866440 0.499139 0.011936
vn 0.866440 0.499139 0.011936
vn 0.866440 0.499139 0.011936
vn 0.930132 0.319341 0.181316
vn 0.930132 0.319341 0.181316
vn 0.930132 0.319341 0.181316
vn 0.930132 0.319341 0.181316
vn 0.260985 -0.374208 0.889862
vn 0.260985 -0.374208 0.889862
vn 0.260985 -0.374208 0.889862
vn 0.260985 -0.374208 0.889862
vn -0.726525 -0.441338 0.526671
vn -0.726525 -0.441338 0.526671
vn -0.726525 -0.441338 0.526671
vn -0.726525 -0.441338 0.526671
vn -0.799463 -0.524198 0.293385
vn -0.799463 -0.524198 0.293385
vn -0.799463 -0.524198 0.293385
vn -0.799463 -0.524198 0.293385
vn -0.804220 -0.523508 0.281370
vn -0.804220 -0.523508 0.281370
vn -0.804220 -0.523508 0.281370
vn -0.804220 -0.523508 0.281370
vn -0.839567 -0.324584 0.435628
vn -0.839567 -0.324584 0.435628
vn -0.839567 -0.324584 0.435628
vn -0.839567 -0.324584 0.435628
vn -0.729990 0.513825 0.450664
vn -0.729990 0.513825 0.450664
vn -0.729990 0.513825 0.450664
vn -0.729990 0.513825 0.450664
vn 0.627715 0.754751 -0.190590
vn 0.627715 0.754751 -0.190590
vn 0.627715 0.754751 -0.190590
vn 0.627715 0.754751 -0.190590
vn 0.721221 0.683655 -0.111611
vn 0.721221 0.683655 -0.111611
vn 0.721221 0.683655 -0.111611
vn 0.721221 0.683655 -0.111611
vn -0.805244 -0.509035 0.304082
vn -0.805244 -0.509035 0.304082
vn -0.805244 -0.509035 0.304082
vn -0.805244 -0.509035 0.304082
vn -0.747985 -0.645382 0.154918
vn -0.747985 -0.645382 0.154918
vn -0.747985 -0.645382 0.154918
vn -0.747985 -0.645382 0.154918
vn 0.856127 0.008069 -0.516702
vn 0.856127 0.008069 -0.516702
vn 0.856127 0.008069 -0.516702
vn 0.856127 0.008069 -0.516702
vn 0.774668 0.622450 -0.111562
vn 0.774668 0.622450 -0.111562
vn 0.774668 0.622450 -0.111562
vn 0.774668 0.622450 -0.111562
vn -0.599255 0.094226 0.794994
vn -0.599255 0.094226 0.794994
vn -0.599255 0.094226 0.794994
vn -0.599255 0.094226 0.794994
vn -0.801586 -0.348352 0.485913
vn -0.801586 -0.348352 0.485913
vn -0.801586 -0.348352 0.485913
vn -0.801586 -0.348352 0.485913
vn 0.806403 0.584064 -0.092654
vn 0.806403 0.584064 -0.092654
vn 0.806403 0.584064 -0.092654
vn 0.806403 0.584064 -0.092654
vn -0.559641 0.014379 0.828610
vn -0.559641 0.014379 0.828610
vn -0.559641 0.014379 0.828610
vn -0.559641 0.014379 0.828610
vn -0.819732 -0.368541 0.438425
vn -0.819732 -0.368541 0.438425
vn -0.819732 -0.368541 0.438425
vn -0.819732 -0.368541 0.438425
vn -0.777102 -0.518088 0.357347
vn -0.777102 -0.518088 0.357347
vn -0.777102 -0.518088 0.357347
vn -0.777102 -0.518088 0.357347
vn 0.792674 0.595276 -0.131582
vn 0.792674 0.595276 -0.131582
vn 0.792674 0.595276 -0.131582
vn 0.792674 0.595276 -0.131582
vn 0.607683 0.728310 -0.316680
vn 0.607683 0.728310 -0.316680
vn 0.607683 0.728310 -0.316680
vn 0.607683 0.728310 -0.316680
vn -0.826403 0.554829 -0.096034
vn -0.826403 0.554829 -0.096034
vn -0.826403 0.554829 -0.096034
vn -0.826403 0.554829 -0.096034
vn 0.705123 0.680364 -0.199764
vn 0.705123 0.680364 -0.199764
vn 0.705123 0.680364 -0.199764
vn 0.705123 0.680364 -0.199764
vn -0.736568 -0.617926 0.275020
vn -0.736568 -0.617926 0.275020
vn -0.736568 -0.617926 0.275020
vn -0.736568 -0.617926 0.275020
vn -0.797518 -0.558622 0.227829
vn -0.797518 -0.558622 0.227829
vn -0.797518 -0.558622 0.227829
vn -0.797518 -0.558622 0.227829
vn -0.849717 -0.458516 0.260277
vn -0.849717 -0.458516 0.260277
vn -0.849717 -0.458516 0.260277
vn -0.849717 -0.458516 0.260277
vn -0.815398 -0.411139 0.407542
vn -0.815398 -0.411139 0.407542
vn -0.815398 -0.411139 0.407542
vn -0.815398 -0.411139 0.407542
vn -0.761781 -0.456249 0.459919
vn -0.761781 -0.456249 0.459919
vn -0.761781 -0.456249 0.459919
vn -0.761781 -0.456249 0.459919
vn -0.355946 -0.207007 0.911291
vn -0.355946 -0.207007 0.911291
vn -0.355946 -0.207007 0.911291
vn -0.355946 -0.207007 0.911291
vn 0.868974 0.493976 -0.029535
vn 0.868974 0.493976 -0.029535
vn 0.868974 0.493976 -0.029535
vn 0.868974 0.493976 -0.029535
vn 0.758464 0.624163 -0.187492
vn 0.758464 0.624163 -0.187492
vn 0.758464 0.624163 -0.187492
vn 0.758464 0.624163 -0.187492
vn 0.826176 0.562038 -0.039333
vn 0.826176 0.562038 -0.039333
vn 0.826176 0.562038 -0.039333
vn 0.826176 0.562038 -0.039333
vn 0.857815 0.501058 -0.114431
vn 0.857815 0.501058 -0.114431
vn 0.857815 0.501058 -0.114431
vn 0.857815 0.501058 -0.114431
vn 0.926970 0.354687 0.122165
vn 0.926970 0.354687 0.122165
vn 0.926970 0.354687 0.122165
vn 0.926970 0.354687 0.122165
vn 0.881117 0.452653 0.136885
vn 0.881117 0.452653 0.136885
vn 0.881117 0.452653 0.136885
vn 0.881117 0.452653 0.136885
vn -0.282990 -0.071918 0.956423
vn -0.282990 -0.071918 0.956423
vn -0.282990 -0.071918 0.956423
vn -0.282990 -0.071918 0.956423
vn -0.775259 -0.430048 0.462636
vn -0.775259 -0.430048 0.462636
vn -0.775259 -0.430048 0.462636
vn -0.775259 -0.430048 0.462636
vn -0.565479 0.327958 0.756754
vn -0.565479 0.327958 0.756754
vn -0.565479 0.327958 0.756754
vn -0.565479 0.327958 0.756754
vn 0.713345 0.699721 -0.039111
vn 0.713345 0.699721 -0.039111
vn 0.713345 0.699721 -0.039111
vn 0.713345 0.699721 -0.039111
vn 0.735285 0.655128 -0.173673
vn 0.735285 0.655128 -0.173673
vn 0.735285 0.655128 -0.173673
vn 0.735285 0.655128 -0.173673
vn -0.816362 -0.486088 0.311884
vn -0.816362 -0.486088 0.311884
vn -0.816362 -0.486088 0.311884
vn -0.816362 -0.486088 0.311884
vn -0.753369 -0.609947 0.245764
vn -0.753369 -0.609947 0.245764
vn -0.753369 -0.609947 0.245764
vn -0.753369 -0.609947 0.245764
vn -0.800545 -0.525158 0.288681
vn -0.800545 -0.525158 0.288681
vn -0.800545 -0.525158 0.288681
vn -0.800545 -0.525158 0.288681
vn -0.787971 -0.551015 0.274743
vn -0.787971 -0.551015 0.274743
vn -0.787971 -0.551015 0.274743
vn -0.787971 -0.551015 0.274743
vn -0.812784 -0.544695 0.206614
vn -0.812784 -0.544695 0.206614
vn -0.812784 -0.544695 0.206614
vn -0.812784 -0.544695 0.206614
vn 0.848748 0.505627 0.154820
vn 0.848748 0.505627 0.154820
vn 0.848748 0.505627 0.154820
vn 0.848748 0.505627 0.154820
vn 0.878232 0.478067 0.012683
vn 0.878232 0.478067 0.012683
vn 0.878232 0.478067 0.012683
vn 0.878232 0.478067 0.012683
vn -0.720239 -0.411375 0.558594
vn -0.720239 -0.411375 0.558594
vn -0.720239 -0.411375 0.558594
vn -0.720239 -0.411375 0.558594
vn -0.855233 -0.287492 0.431189
vn -0.855233 -0.287492 0.431189
vn -0.855233 -0.287492 0.431189
vn -0.855233 -0.287492 0.431189
vn -0.255945 0.580047 0.773329
vn -0.255945 0.580047 0.773329
vn -0.255945 0.580047 0.773329
vn -0.255945 0.580047 0.773329
vn -0.872146 -0.281561 0.400105
vn -0.872146 -0.281561 0.400105
vn -0.872146 -0.281561 0.400105
vn -0.872146 -0.281561 0.400105
vn -0.739484 -0.606519 0.292057
vn -0.739484 -0.606519 0.292057
vn -0.739484 -0.606519 0.292057
vn -0.739484 -0.606519 0.292057
vn -0.742983 -0.545050 0.388453
vn -0.742983 -0.545050 0.388453
vn -0.742983 -0.545050 0.388453
vn -0.742983 -0.545050 0.388453
vn -0.705389 -0.550350 0.446700
vn -0.705389 -0.550350 0.446700
vn -0.705389 -0.550350 0.446700
vn -0.705389 -0.550350 0.446700
vn -0.741415 -0.620513 0.255476
vn -0.741415 -0.620513 0.255476
vn -0.741415 -0.620513 0.255476
vn -0.741415 -0.620513 0.255476
vn 0.634792 -0.113890 -0.764243
vn 0.634792 -0.113890 -0.764243
vn 0.634792 -0.113890 -0.764243
vn 0.634792 -0.113890 -0.764243
vn -0.749568 -0.529558 0.397134
vn -0.749568 -0.529558 0.397134
vn -0.749568 -0.529558 0.397134
vn -0.749568 -0.529558 0.397134
vn -0.704685 -0.566333 0.427418
vn -0.704685 -0.566333 0.427418
vn -0.704685 -0.566333 0.427418
vn -0.704685 -0.566333 0.427418
vn 0.097320 0.893155 0.439092
vn 0.097320 0.893155 0.439092
vn 0.097320 0.893155 0.439092
vn 0.097320 0.893155 0.439092
vn 0.980752 -0.191559 -0.037826
vn 0.980752 -0.191559 -0.037826
vn 0.980752 -0.191559 -0.037826
vn 0.980752 -0.191559 -0.037826
vn 0.760078 0.648191 -0.046156
vn 0.760078 0.648191 -0.046156
vn 0.760078 0.648191 -0.046156
vn 0.760078 0.648191 -0.046156
vn -0.317036 0.817188 0.481344
vn -0.317036 0.817188 0.481344
vn -0.317036 0.817188 0.481344
vn -0.317036 0.817188 0.481344
vn 0.801582 0.484737 0.349996
vn 0.801582 0.484737 0.349996
vn 0.801582 0.484737 0.349996
vn 0.801582 0.484737 0.349996
vn -0.421703 0.892159 -0.161926
vn -0.421703 0.892159 -0.161926
vn -0.421703 0.892159 -0.161926
vn -0.421703 0.892159 -0.161926
vn 0.106565 -0.891046 -0.441227
vn 0.106565 -0.891046 -0.441227
vn 0.106565 -0.891046 -0.441227
vn 0.106565 -0.891046 -0.441227
vn 0.106269 -0.772329 -0.626271
vn 0.106269 -0.772329 -0.626271
vn 0.106269 -0.772329 -0.626271
vn 0.106269 -0.772329 -0.626271
vn 0.182159 -0.783525 -0.594060
vn 0.182159 -0.783525 -0.594060
vn 0.182159 -0.783525 -0.594060
vn 0.182159 -0.783525 -0.594060
vn -0.010666 -0.868735 -0.495162
vn -0.010666 -0.868735 -0.495162
vn -0.010666 -0.868735 -0.495162
vn -0.010666 -0.868735 -0.495162
vn 0.324061 -0.939188 0.113625
vn 0.324061 -0.939188 0.113625
vn 0.324061 -0.939188 0.113625
vn 0.324061 -0.939188 0.113625
vn 0.341359 -0.525263 -0.779470
vn 0.341359 -0.525263 -0.779470
vn 0.341359 -0.525263 -0.779470
vn 0.341359 -0.525263 -0.779470
vn 0.464374 -0.883226 -0.065334
vn 0.464374 -0.883226 -0.065334
vn 0.464374 -0.883226 -0.065334
vn 0.464374 -0.883226 -0.065334
vn 0.527764 -0.841248 -0.117330
vn 0.527764 -0.841248 -0.117330
vn 0.527764 -0.841248 -0.117330
vn 0.527764 -0.841248 -0.117330
vn 0.539586 -0.841728 0.018455
vn 0.539586 -0.841728 0.018455
vn 0.539586 -0.841728 0.018455
vn 0.539586 -0.841728 0.018455
vn 0.552302 -0.833414 -0.019584
vn 0.552302 -0.833414 -0.019584
vn 0.552302 -0.833414 -0.019584
vn 0.552302 -0.833414 -0.019584
vn 0.513773 -0.852401 0.097213
vn 0.513773 -0.852401 0.097213
vn 0.513773 -0.852401 0.097213
vn 0.513773 -0.852401 0.097213
vn 0.521399 -0.850961 0.063316
vn 0.521399 -0.850961 0.063316
vn 0.521399 -0.850961 0.063316
vn 0.521399 -0.850961 0.063316
vn 0.485964 -0.866704 0.112533
vn 0.485964 -0.866704 0.112533
vn 0.485964 -0.866704 0.112533
vn 0.485964 -0.866704 0.112533
vn 0.435917 -0.897411 0.068047
vn 0.435917 -0.897411 0.068047
vn 0.435917 -0.897411 0.068047
vn 0.435917 -0.897411 0.068047
vn 0.336679 -0.936545 -0.097628
vn 0.336679 -0.936545 -0.097628
vn 0.336679 -0.936545 -0.097628
vn 0.336679 -0.936545 -0.097628
vn 0.679857 -0.708310 0.189977
vn 0.679857 -0.708310 0.189977
vn 0.679857 -0.708310 0.189977
vn 0.679857 -0.708310 0.189977
vn 0.075580 -0.905872 -0.416755
vn 0.075580 -0.905872 -0.416755
vn 0.075580 -0.905872 -0.416755
vn 0.075580 -0.905872 -0.416755
vn 0.195492 -0.792197 0.578106
vn 0.195492 -0.792197 0.578106
vn 0.195492 -0.792197 0.578106
vn 0.195492 -0.792197 0.578106
vn 0.068367 -0.898766 -0.433065
vn 0.068367 -0.898766 -0.433065
vn 0.068367 -0.898766 -0.433065
vn 0.068367 -0.898766 -0.433065
vn -0.071012 -0.934052 -0.350006
vn -0.071012 -0.934052 -0.350006
vn -0.071012 -0.934052 -0.350006
vn -0.071012 -0.934052 -0.350006
vn 0.001822 -0.693403 0.720548
vn 0.001822 -0.693403 0.720548
vn 0.001822 -0.693403 0.720548
vn 0.001822 -0.693403 0.720548
vn -0.048101 -0.584287 -0.810120
vn -0.048101 -0.584287 -0.810120
vn -0.048101 -0.584287 -0.810120
vn -0.048101 -0.584287 -0.810120
vn -0.046992 -0.995592 -0.081170
vn -0.046992 -0.995592 -0.081170
vn -0.046992 -0.995592 -0.081170
vn -0.046992 -0.995592 -0.081170
vn -0.088687 -0.791117 0.605202
vn -0.088687 -0.791117 0.605202
vn -0.088687 -0.791117 0.605202
vn -0.088687 -0.791117 0.605202
vn 0.016058 -0.765332 -0.643436
vn 0.016058 -0.765332 -0.643436
vn 0.016058 -0.765332 -0.643436
vn 0.016058 -0.765332 -0.643436
vn -0.004338 -0.605107 0.796133
vn -0.004338 -0.605107 0.796133
vn -0.004338 -0.605107 0.796133
vn -0.004338 -0.605107 0.796133
vn -0.042085 -0.451376 -0.891341
vn -0.042085 -0.451376 -0.891341
vn -0.042085 -0.451376 -0.891341
vn -0.042085 -0.451376 -0.891341
vn -0.005924 -0.989984 0.141053
vn -0.005924 -0.989984 0.141053
vn -0.005924 -0.989984 0.141053
vn -0.005924 -0.989984 0.141053
vn -0.225654 -0.903669 0.363955
vn -0.225654 -0.903669 0.363955
vn -0.225654 -0.903669 0.363955
vn -0.225654 -0.903669 0.363955
vn 0.447474 -0.892960 0.048885
vn 0.447474 -0.892960 0.048885
vn 0.447474 -0.892960 0.048885
vn 0.447474 -0.892960 0.048885
vn 0.263900 -0.869820 -0.416858
vn 0.263900 -0.869820 -0.416858
vn 0.263900 -0.869820 -0.416858
vn 0.263900 -0.869820 -0.416858
vn 0.137247 -0.960340 0.242714
vn 0.137247 -0.960340 0.242714
vn 0.137247 -0.960340 0.242714
vn 0.137247 -0.960340 0.242714
vn 0.336983 -0.831799 -0.441082
vn 0.336983 -0.831799 -0.441082
vn 0.336983 -0.831799 -0.441082
vn 0.336983 -0.831799 -0.441082
vn 0.234383 -0.912314 -0.335779
vn 0.234383 -0.912314 -0.335779
vn 0.234383 -0.912314 -0.335779
vn 0.234383 -0.912314 -0.335779
vn -0.029751 -0.738929 0.673126
vn -0.029751 -0.738929 0.673126
vn -0.029751 -0.738929 0.673126
vn -0.029751 -0.738929 0.673126
vn 0.188640 -0.532266 -0.825293
vn 0.188640 -0.532266 -0.825293
vn 0.188640 -0.532266 -0.825293
vn 0.188640 -0.532266 -0.825293
vn 0.097101 -0.991245 -0.089474
vn 0.097101 -0.991245 -0.089474
vn 0.097101 -0.991245 -0.089474
vn 0.097101 -0.991245 -0.089474
vn -0.008808 -0.929514 0.368681
vn -0.008808 -0.929514 0.368681
vn -0.008808 -0.929514 0.368681
vn -0.008808 -0.929514 0.368681
vn 0.183519 -0.901023 -0.393037
vn 0.183519 -0.901023 -0.393037
vn 0.183519 -0.901023 -0.393037
vn 0.183519 -0.901023 -0.393037
vn 0.080499 -0.923478 0.375111
vn 0.080499 -0.923478 0.375111
vn 0.080499 -0.923478 0.375111
vn 0.080499 -0.923478 0.375111
vn 0.227792 -0.923686 -0.308083
vn 0.227792 -0.923686 -0.308083
vn 0.227792 -0.923686 -0.308083
vn 0.227792 -0.923686 -0.308083
vn 0.252482 -0.957698 0.138082
vn 0.252482 -0.957698 0.138082
vn 0.252482 -0.957698 0.138082
vn 0.252482 -0.957698 0.138082
vn 0.399093 -0.878370 0.263042
vn 0.399093 -0.878370 0.263042
vn 0.399093 -0.878370 0.263042
vn 0.399093 -0.878370 0.263042
vn -0.133743 -0.942531 -0.306183
vn -0.133743 -0.942531 -0.306183
vn -0.133743 -0.942531 -0.306183
vn -0.133743 -0.942531 -0.306183
vn 0.021198 -0.970678 0.239445
vn 0.021198 -0.970678 0.239445
vn 0.021198 -0.970678 0.239445
vn 0.021198 -0.970678 0.239445
vn 0.268246 -0.950152 -0.158919
vn 0.268246 -0.950152 -0.158919
vn 0.268246 -0.950152 -0.158919
vn 0.268246 -0.950152 -0.158919
vn 0.476742 -0.719881 -0.504468
vn 0.476742 -0.719881 -0.504468
vn 0.476742 -0.719881 -0.504468
vn 0.476742 -0.719881 -0.504468
vn 0.549876 -0.771651 -0.319672
vn 0.549876 -0.771651 -0.319672
vn 0.549876 -0.771651 -0.319672
vn 0.549876 -0.771651 -0.319672
vn 0.502922 -0.864332 -0.000017
vn 0.502922 -0.864332 -0.000017
vn 0.502922 -0.864332 -0.000017
vn 0.502922 -0.864332 -0.000017
vn 0.502424 -0.834163 -0.227468
vn 0.502424 -0.834163 -0.227468
vn 0.502424 -0.834163 -0.227468
vn 0.502424 -0.834163 -0.227468
vn 0.581123 -0.813261 -0.030058
vn 0.581123 -0.813261 -0.030058
vn 0.581123 -0.813261 -0.030058
vn 0.581123 -0.813261 -0.030058
vn 0.539599 -0.841530 0.025684
vn 0.539599 -0.841530 0.025684
vn 0.539599 -0.841530 0.025684
vn 0.539599 -0.841530 0.025684
vn 0.535448 -0.842357 0.061076
vn 0.535448 -0.842357 0.061076
vn 0.535448 -0.842357 0.061076
vn 0.535448 -0.842357 0.061076
vn 0.442630 -0.895412 0.048131
vn 0.442630 -0.895412 0.048131
vn 0.442630 -0.895412 0.048131
vn 0.442630 -0.895412 0.048131
vn 0.435410 -0.890525 0.131846
vn 0.435410 -0.890525 0.131846
vn 0.435410 -0.890525 0.131846
vn 0.435410 -0.890525 0.131846
vn 0.395612 -0.908104 0.137256
vn 0.395612 -0.908104 0.137256
vn 0.395612 -0.908104 0.137256
vn 0.395612 -0.908104 0.137256
vn 0.395210 -0.449313 0.801203
vn 0.395210 -0.449313 0.801203
vn 0.395210 -0.449313 0.801203
vn 0.395210 -0.449313 0.801203
vn 0.241861 -0.967100 0.078877
vn 0.241861 -0.967100 0.078877
vn 0.241861 -0.967100 0.078877
vn 0.241861 -0.967100 0.078877
vn 0.108437 -0.975899 -0.189376
vn 0.108437 -0.975899 -0.189376
vn 0.108437 -0.975899 -0.189376
vn 0.108437 -0.975899 -0.189376
vn 0.417430 -0.853587 0.311675
vn 0.417430 -0.853587 0.311675
vn 0.417430 -0.853587 0.311675
vn 0.417430 -0.853587 0.311675
vn 0.250110 -0.938524 0.237944
vn 0.250110 -0.938524 0.237944
vn 0.250110 -0.938524 0.237944
vn 0.250110 -0.938524 0.237944
vn 0.899252 -0.226574 0.374180
vn 0.899252 -0.226574 0.374180
vn 0.899252 -0.226574 0.374180
vn 0.899252 -0.226574 0.374180
vn 0.823832 -0.112636 0.555531
vn 0.823832 -0.112636 0.555531
vn 0.823832 -0.112636 0.555531
vn 0.823832 -0.112636 0.555531
vn 0.485479 -0.867107 0.111516
vn 0.485479 -0.867107 0.111516
vn 0.485479 -0.867107 0.111516
vn 0.485479 -0.867107 0.111516
vn -0.026247 -0.979276 0.200821
vn -0.026247 -0.979276 0.200821
vn -0.026247 -0.979276 0.200821
vn -0.026247 -0.979276 0.200821
vn 0.241804 -0.938887 0.244994
vn 0.241804 -0.938887 0.244994
vn 0.241804 -0.938887 0.244994
vn 0.241804 -0.938887 0.244994
vn 0.190169 -0.981717 0.008273
vn 0.190169 -0.981717 0.008273
vn 0.190169 -0.981717 0.008273
vn 0.190169 -0.981717 0.008273
vn -0.364793 -0.894308 0.259114
vn -0.364793 -0.894308 0.259114
vn -0.364793 -0.894308 0.259114
vn -0.364793 -0.894308 0.259114
vn -0.020189 -0.993419 0.112741
vn -0.020189 -0.993419 0.112741
vn -0.020189 -0.993419 0.112741
vn -0.020189 -0.993419 0.112741
vn 0.212737 -0.951863 0.220678
vn 0.212737 -0.951863 0.220678
vn 0.212737 -0.951863 0.220678
vn 0.212737 -0.951863 0.220678
vn 0.347380 -0.869348 0.351513
vn 0.347380 -0.869348 0.351513
vn 0.347380 -0.869348 0.351513
vn 0.347380 -0.869348 0.351513
vn 0.533308 -0.825868 0.183096
vn 0.533308 -0.825868 0.183096
vn 0.533308 -0.825868 0.183096
vn 0.533308 -0.825868 0.183096
vn 0.530542 -0.845573 0.059426
vn 0.530542 -0.845573 0.059426
vn 0.530542 -0.845573 0.059426
vn 0.530542 -0.845573 0.059426
vn 0.524016 -0.845198 0.105107
vn 0.524016 -0.845198 0.105107
vn 0.524016 -0.845198 0.105107
vn 0.524016 -0.845198 0.105107
vn 0.155300 -0.981786 0.109441
vn 0.155300 -0.981786 0.109441
vn 0.155300 -0.981786 0.109441
vn 0.155300 -0.981786 0.109441
vn -0.003976 -0.999702 0.024098
vn -0.003976 -0.999702 0.024098
vn -0.003976 -0.999702 0.024098
vn -0.003976 -0.999702 0.024098
vn -0.029030 -0.999439 0.016711
vn -0.029030 -0.999439 0.016711
vn -0.029030 -0.999439 0.016711
vn -0.029030 -0.999439 0.016711
vn 0.127584 -0.991067 0.038849
vn 0.127584 -0.991067 0.038849
vn 0.127584 -0.991067 0.038849
vn 0.127584 -0.991067 0.038849
vn 0.544292 -0.836595 0.062083
vn 0.544292 -0.836595 0.062083
vn 0.544292 -0.836595 0.062083
vn 0.544292 -0.836595 0.062083
vn 0.489697 -0.867901 0.083339
vn 0.489697 -0.867901 0.083339
vn 0.489697 -0.867901 0.083339
vn 0.489697 -0.867901 0.083339
vn 0.509356 -0.860196 0.024891
vn 0.509356 -0.860196 0.024891
vn 0.509356 -0.860196 0.024891
vn 0.509356 -0.860196 0.024891
vn 0.552522 -0.824646 0.121150
vn 0.552522 -0.824646 0.121150
vn 0.552522 -0.824646 0.121150
vn 0.552522 -0.824646 0.121150
vn 0.088587 -0.991144 0.098927
vn 0.088587 -0.991144 0.098927
vn 0.088587 -0.991144 0.098927
vn 0.088587 -0.991144 0.098927
vn -0.055568 -0.996309 0.065422
vn -0.055568 -0.996309 0.065422
vn -0.055568 -0.996309 0.065422
vn -0.055568 -0.996309 0.065422
vn -0.036966 -0.995130 -0.091374
vn -0.036966 -0.995130 -0.091374
vn -0.036966 -0.995130 -0.091374
vn -0.036966 -0.995130 -0.091374
vn 0.103077 -0.989200 -0.104205
vn 0.103077 -0.989200 -0.104205
vn 0.103077 -0.989200 -0.104205
vn 0.103077 -0.989200 -0.104205
vn 0.560781 -0.823514 -0.085725
vn 0.560781 -0.823514 -0.085725
vn 0.560781 -0.823514 -0.085725
vn 0.560781 -0.823514 -0.085725
vn 0.625442 -0.774530 -0.094472
vn 0.625442 -0.774530 -0.094472
vn 0.625442 -0.774530 -0.094472
vn 0.625442 -0.774530 -0.094472
vn 0.660637 -0.726602 -0.188702
vn 0.660637 -0.726602 -0.188702
vn 0.660637 -0.726602 -0.188702
vn 0.660637 -0.726602 -0.188702
vn 0.553793 -0.787199 -0.271350
vn 0.553793 -0.787199 -0.271350
vn 0.553793 -0.787199 -0.271350
vn 0.553793 -0.787199 -0.271350
vn 0.110946 -0.966493 -0.231479
vn 0.110946 -0.966493 -0.231479
vn 0.110946 -0.966493 -0.231479
vn 0.110946 -0.966493 -0.231479
vn -0.061068 -0.981817 -0.179737
vn -0.061068 -0.981817 -0.179737
vn -0.061068 -0.981817 -0.179737
vn -0.061068 -0.981817 -0.179737
vn 0.193960 -0.971981 0.132788
vn 0.193960 -0.971981 0.132788
vn 0.193960 -0.971981 0.132788
vn 0.193960 -0.971981 0.132788
vn -0.149675 -0.708706 -0.689444
vn -0.149675 -0.708706 -0.689444
vn -0.149675 -0.708706 -0.689444
vn -0.149675 -0.708706 -0.689444
vn 0.272173 -0.770954 0.575805
vn 0.272173 -0.770954 0.575805
vn 0.272173 -0.770954 0.575805
vn 0.272173 -0.770954 0.575805
vn 0.072860 -0.995937 0.052931
vn 0.072860 -0.995937 0.052931
vn 0.072860 -0.995937 0.052931
vn 0.072860 -0.995937 0.052931
vn 0.032250 -0.999130 0.026461
vn 0.032250 -0.999130 0.026461
vn 0.032250 -0.999130 0.026461
vn 0.032250 -0.999130 0.026461
vn -0.117887 -0.739726 -0.662502
vn -0.117887 -0.739726 -0.662502
vn -0.117887 -0.739726 -0.662502
vn -0.117887 -0.739726 -0.662502
vn 0.136359 -0.782056 0.608107
vn 0.136359 -0.782056 0.608107
vn 0.136359 -0.782056 0.608107
vn 0.136359 -0.782056 0.608107
vn 0.015452 -0.996593 0.081011
vn 0.015452 -0.996593 0.081011
vn 0.015452 -0.996593 0.081011
vn 0.015452 -0.996593 0.081011
vn 0.006868 -0.995531 -0.094185
vn 0.006868 -0.995531 -0.094185
vn 0.006868 -0.995531 -0.094185
vn 0.006868 -0.995531 -0.094185
vn 0.013453 -0.995609 -0.092641
vn 0.013453 -0.995609 -0.092641
vn 0.013453 -0.995609 -0.092641
vn 0.013453 -0.995609 -0.092641
vn -0.152278 -0.518487 -0.841417
vn -0.152278 -0.518487 -0.841417
vn -0.152278 -0.518487 -0.841417
vn -0.152278 -0.518487 -0.841417
vn 0.160648 -0.713743 0.681736
vn 0.160648 -0.713743 0.681736
vn 0.160648 -0.713743 0.681736
vn 0.160648 -0.713743 0.681736
vn 0.054260 -0.976547 -0.208355
vn 0.054260 -0.976547 -0.208355
vn 0.054260 -0.976547 -0.208355
vn 0.054260 -0.976547 -0.208355
vn 0.113439 -0.947147 -0.300074
vn 0.113439 -0.947147 -0.300074
vn 0.113439 -0.947147 -0.300074
vn 0.113439 -0.947147 -0.300074
vn -0.086924 -0.896226 0.434999
vn -0.086924 -0.896226 0.434999
vn -0.086924 -0.896226 0.434999
vn -0.086924 -0.896226 0.434999
vn 0.177248 -0.966270 0.186831
vn 0.177248 -0.966270 0.186831
vn 0.177248 -0.966270 0.186831
vn 0.177248 -0.966270 0.186831
vn 0.212592 -0.947401 0.239239
vn 0.212592 -0.947401 0.239239
vn 0.212592 -0.947401 0.239239
vn 0.212592 -0.947401 0.239239
vn 0.225773 -0.956538 0.184558
vn 0.225773 -0.956538 0.184558
vn 0.225773 -0.956538 0.184558
vn 0.225773 -0.956538 0.184558
vn 0.292837 -0.932701 -0.210512
vn 0.292837 -0.932701 -0.210512
vn 0.292837 -0.932701 -0.210512
vn 0.292837 -0.932701 -0.210512
vn 0.378437 -0.762528 -0.524724
vn 0.378437 -0.762528 -0.524724
vn 0.378437 -0.762528 -0.524724
vn 0.378437 -0.762528 -0.524724
vn -0.041564 -0.620862 -0.782817
vn -0.041564 -0.620862 -0.782817
vn -0.041564 -0.620862 -0.782817
vn -0.041564 -0.620862 -0.782817
vn 0.261715 -0.946936 -0.186592
vn 0.261715 -0.946936 -0.186592
vn 0.261715 -0.946936 -0.186592
vn 0.261715 -0.946936 -0.186592
vn 0.284155 -0.949379 -0.133926
vn 0.284155 -0.949379 -0.133926
vn 0.284155 -0.949379 -0.133926
vn 0.284155 -0.949379 -0.133926
vn 0.097053 -0.982861 -0.156733
vn 0.097053 -0.982861 -0.156733
vn 0.097053 -0.982861 -0.156733
vn 0.097053 -0.982861 -0.156733
vn -0.013626 -0.902930 -0.429572
vn -0.013626 -0.902930 -0.429572
vn -0.013626 -0.902930 -0.429572
vn -0.013626 -0.902930 -0.429572
vn -0.018491 -0.919371 -0.392957
vn -0.018491 -0.919371 -0.392957
vn -0.018491 -0.919371 -0.392957
vn -0.018491 -0.919371 -0.392957
vn -0.041214 -0.987234 -0.153855
vn -0.041214 -0.987234 -0.153855
vn -0.041214 -0.987234 -0.153855
vn -0.041214 -0.987234 -0.153855
vn -0.126407 -0.665514 0.735603
vn -0.126407 -0.665514 0.735603
vn -0.126407 -0.665514 0.735603
vn -0.126407 -0.665514 0.735603
vn -0.006276 -0.607032 -0.794653
vn -0.006276 -0.607032 -0.794653
vn -0.006276 -0.607032 -0.794653
vn -0.006276 -0.607032 -0.794653
vn -0.084782 -0.895533 -0.436845
vn -0.084782 -0.895533 -0.436845
vn -0.084782 -0.895533 -0.436845
vn -0.084782 -0.895533 -0.436845
vn 0.368007 0.927428 0.066703
vn 0.368007 0.927428 0.066703
vn 0.368007 0.927428 0.066703
vn 0.368007 0.927428 0.066703
vn 0.675827 0.721176 0.152194
vn 0.675827 0.721176 0.152194
vn 0.675827 0.721176 0.152194
vn 0.675827 0.721176 0.152194
vn 0.118646 0.983385 -0.137394
vn 0.118646 0.983385 -0.137394
vn 0.118646 0.983385 -0.137394
vn 0.118646 0.983385 -0.137394
vn 0.721480 0.686365 -0.091489
vn 0.721480 0.686365 -0.091489
vn 0.721480 0.686365 -0.091489
vn 0.721480 0.686365 -0.091489
vn 0.097072 0.949940 -0.296970
vn 0.097072 0.949940 -0.296970
vn 0.097072 0.949940 -0.296970
vn 0.097072 0.949940 -0.296970
vn 0.252892 -0.820919 0.511993
vn 0.252892 -0.820919 0.511993
vn 0.252892 -0.820919 0.511993
vn 0.252892 -0.820919 0.511993
vn 0.908539 -0.407818 0.090787
vn 0.908539 -0.407818 0.090787
vn 0.908539 -0.407818 0.090787
vn 0.908539 -0.407818 0.090787
vn 0.028128 -0.989573 -0.141258
vn 0.028128 -0.989573 -0.141258
vn 0.028128 -0.989573 -0.141258
vn 0.028128 -0.989573 -0.141258
vn 0.179438 -0.971326 -0.155976
vn 0.179438 -0.971326 -0.155976
vn 0.179438 -0.971326 -0.155976
vn 0.179438 -0.971326 -0.155976
vn 0.075286 -0.982324 -0.171380
vn 0.075286 -0.982324 -0.171380
vn 0.075286 -0.982324 -0.171380
vn 0.075286 -0.982324 -0.171380
vn 0.196238 -0.977768 -0.073900
vn 0.196238 -0.977768 -0.073900
vn 0.196238 -0.977768 -0.073900
vn 0.196238 -0.977768 -0.073900
vn 0.039155 -0.996579 -0.072788
vn 0.039155 -0.996579 -0.072788
vn 0.039155 -0.996579 -0.072788
vn 0.039155 -0.996579 -0.072788
vn 0.307593 -0.936188 -0.170112
vn 0.307593 -0.936188 -0.170112
vn 0.307593 -0.936188 -0.170112
vn 0.307593 -0.936188 -0.170112
vn 0.991999 0.058233 -0.112017
vn 0.991999 0.058233 -0.112017
vn 0.991999 0.058233 -0.112017
vn 0.991999 0.058233 -0.112017
vn 0.941132 -0.176448 -0.288334
vn 0.941132 -0.176448 -0.288334
vn 0.941132 -0.176448 -0.288334
vn 0.941132 -0.176448 -0.288334
vn 0.714084 -0.397915 -0.575975
vn 0.714084 -0.397915 -0.575975
vn 0.714084 -0.397915 -0.575975
vn 0.714084 -0.397915 -0.575975
vn 0.149655 -0.962363 -0.226848
vn 0.149655 -0.962363 -0.226848
vn 0.149655 -0.962363 -0.226848
vn 0.149655 -0.962363 -0.226848
vn 0.206144 0.656949 -0.725206
vn 0.206144 0.656949 -0.725206
vn 0.206144 0.656949 -0.725206
vn 0.206144 0.656949 -0.725206
vn 0.829478 -0.393719 -0.396171
vn 0.829478 -0.393719 -0.396171
vn 0.829478 -0.393719 -0.396171
vn 0.829478 -0.393719 -0.396171
vn 0.142592 0.959902 -0.241362
vn 0.142592 0.959902 -0.241362
vn 0.142592 0.959902 -0.241362
vn 0.142592 0.959902 -0.241362
vn 0.752692 0.603119 -0.264014
vn 0.752692 0.603119 -0.264014
vn 0.752692 0.603119 -0.264014
vn 0.752692 0.603119 -0.264014
vn 0.931125 -0.149470 -0.332663
vn 0.931125 -0.149470 -0.332663
vn 0.931125 -0.149470 -0.332663
vn 0.931125 -0.149470 -0.332663
vn 0.532417 -0.698986 -0.477442
vn 0.532417 -0.698986 -0.477442
vn 0.532417 -0.698986 -0.477442
vn 0.532417 -0.698986 -0.477442
vn 0.316023 -0.944041 -0.094428
vn 0.316023 -0.944041 -0.094428
vn 0.316023 -0.944041 -0.094428
vn 0.316023 -0.944041 -0.094428
vn 0.186312 -0.981228 -0.049789
vn 0.186312 -0.981228 -0.049789
vn 0.186312 -0.981228 -0.049789
vn 0.186312 -0.981228 -0.049789
vn 0.042938 -0.997815 -0.050224
vn 0.042938 -0.997815 -0.050224
vn 0.042938 -0.997815 -0.050224
vn 0.042938 -0.997815 -0.050224
vn 0.259189 0.074548 -0.962945
vn 0.259189 0.074548 -0.962945
vn 0.259189 0.074548 -0.962945
vn 0.259189 0.074548 -0.962945
vn 0.200332 -0.963945 -0.175149
vn 0.200332 -0.963945 -0.175149
vn 0.200332 -0.963945 -0.175149
vn 0.200332 -0.963945 -0.175149
vn 0.126694 -0.974096 -0.187310
vn 0.126694 -0.974096 -0.187310
vn 0.126694 -0.974096 -0.187310
vn 0.126694 -0.974096 -0.187310
vn 0.036737 -0.977905 -0.205798
vn 0.036737 -0.977905 -0.205798
vn 0.036737 -0.977905 -0.205798
vn 0.036737 -0.977905 -0.205798
vn 0.983540 0.092969 -0.154942
vn 0.983540 0.092969 -0.154942
vn 0.983540 0.092969 -0.154942
vn 0.983540 0.092969 -0.154942
vn 0.992419 0.091746 -0.081777
vn 0.992419 0.091746 -0.081777
vn 0.992419 0.091746 -0.081777
vn 0.992419 0.091746 -0.081777
vn 0.194935 -0.824772 -0.530803
vn 0.194935 -0.824772 -0.530803
vn 0.194935 -0.824772 -0.530803
vn 0.194935 -0.824772 -0.530803
vn 0.069003 -0.873274 -0.482319
vn 0.069003 -0.873274 -0.482319
vn 0.069003 -0.873274 -0.482319
vn 0.069003 -0.873274 -0.482319
vn 0.035096 -0.882218 -0.469532
vn 0.035096 -0.882218 -0.469532
vn 0.035096 -0.882218 -0.469532
vn 0.035096 -0.882218 -0.469532
vn 0.986092 0.011849 -0.165777
vn 0.986092 0.011849 -0.165777
vn 0.986092 0.011849 -0.165777
vn 0.986092 0.011849 -0.165777
vn 0.968574 -0.029205 -0.247006
vn 0.968574 -0.029205 -0.247006
vn 0.968574 -0.029205 -0.247006
vn 0.968574 -0.029205 -0.247006
vn 0.884240 -0.166993 -0.436158
vn 0.884240 -0.166993 -0.436158
vn 0.884240 -0.166993 -0.436158
vn 0.884240 -0.166993 -0.436158
vn 0.794806 -0.175191 -0.581026
vn 0.794806 -0.175191 -0.581026
vn 0.794806 -0.175191 -0.581026
vn 0.794806 -0.175191 -0.581026
vn 0.735201 -0.314294 -0.600582
vn 0.735201 -0.314294 -0.600582
vn 0.735201 -0.314294 -0.600582
vn 0.735201 -0.314294 -0.600582
vn 0.904817 0.191772 -0.380170
vn 0.904817 0.191772 -0.380170
vn 0.904817 0.191772 -0.380170
vn 0.904817 0.191772 -0.380170
vn 0.924115 0.137447 -0.356538
vn 0.924115 0.137447 -0.356538
vn 0.924115 0.137447 -0.356538
vn 0.924115 0.137447 -0.356538
vn 0.706225 -0.026086 -0.707507
vn 0.706225 -0.026086 -0.707507
vn 0.706225 -0.026086 -0.707507
vn 0.706225 -0.026086 -0.707507
vn 0.539961 0.079964 -0.837883
vn 0.539961 0.079964 -0.837883
vn 0.539961 0.079964 -0.837883
vn 0.539961 0.079964 -0.837883
vn 0.987113 0.050388 -0.151887
vn 0.987113 0.050388 -0.151887
vn 0.987113 0.050388 -0.151887
vn 0.987113 0.050388 -0.151887
vn 0.985004 0.081418 -0.152110
vn 0.985004 0.081418 -0.152110
vn 0.985004 0.081418 -0.152110
vn 0.985004 0.081418 -0.152110
vn 0.716244 0.686081 -0.127624
vn 0.716244 0.686081 -0.127624
vn 0.716244 0.686081 -0.127624
vn 0.716244 0.686081 -0.127624
vn 0.126257 0.971213 -0.202001
vn 0.126257 0.971213 -0.202001
vn 0.126257 0.971213 -0.202001
vn 0.126257 0.971213 -0.202001
vn 0.162213 -0.947267 0.276356
vn 0.162213 -0.947267 0.276356
vn 0.162213 -0.947267 0.276356
vn 0.162213 -0.947267 0.276356
vn 0.988957 0.121882 -0.084320
vn 0.988957 0.121882 -0.084320
vn 0.988957 0.121882 -0.084320
vn 0.988957 0.121882 -0.084320
vn 0.703910 0.709807 0.026166
vn 0.703910 0.709807 0.026166
vn 0.703910 0.709807 0.026166
vn 0.703910 0.709807 0.026166
vn 0.181422 0.982826 0.033738
vn 0.181422 0.982826 0.033738
vn 0.181422 0.982826 0.033738
vn 0.181422 0.982826 0.033738
vn 0.991675 0.057273 -0.115326
vn 0.991675 0.057273 -0.115326
vn 0.991675 0.057273 -0.115326
vn 0.991675 0.057273 -0.115326
vn 0.331428 -0.942443 -0.044229
vn 0.331428 -0.942443 -0.044229
vn 0.331428 -0.942443 -0.044229
vn 0.331428 -0.942443 -0.044229
vn 0.995641 -0.051527 -0.077747
vn 0.995641 -0.051527 -0.077747
vn 0.995641 -0.051527 -0.077747
vn 0.995641 -0.051527 -0.077747
vn 0.995186 0.052832 -0.082540
vn 0.995186 0.052832 -0.082540
vn 0.995186 0.052832 -0.082540
vn 0.995186 0.052832 -0.082540
vn 0.643317 0.741883 0.189087
vn 0.643317 0.741883 0.189087
vn 0.643317 0.741883 0.189087
vn 0.643317 0.741883 0.189087
vn 0.261016 0.947344 0.185499
vn 0.261016 0.947344 0.185499
vn 0.261016 0.947344 0.185499
vn 0.261016 0.947344 0.185499
vn 0.521105 -0.851855 0.052839
vn 0.521105 -0.851855 0.052839
vn 0.521105 -0.851855 0.052839
vn 0.521105 -0.851855 0.052839
vn 0.272015 -0.946871 0.171591
vn 0.272015 -0.946871 0.171591
vn 0.272015 -0.946871 0.171591
vn 0.272015 -0.946871 0.171591
vn 0.120372 -0.972501 0.199381
vn 0.120372 -0.972501 0.199381
vn 0.120372 -0.972501 0.199381
vn 0.120372 -0.972501 0.199381
vn 0.893215 0.218046 -0.393220
vn 0.893215 0.218046 -0.393220
vn 0.893215 0.218046 -0.393220
vn 0.893215 0.218046 -0.393220
vn 0.869399 0.124570 -0.478151
vn 0.869399 0.124570 -0.478151
vn 0.869399 0.124570 -0.478151
vn 0.869399 0.124570 -0.478151
vn 0.852305 0.311584 -0.420108
vn 0.852305 0.311584 -0.420108
vn 0.852305 0.311584 -0.420108
vn 0.852305 0.311584 -0.420108
vn 0.182363 0.777279 -0.602148
vn 0.182363 0.777279 -0.602148
vn 0.182363 0.777279 -0.602148
vn 0.182363 0.777279 -0.602148
vn 0.823341 0.391008 -0.411367
vn 0.823341 0.391008 -0.411367
vn 0.823341 0.391008 -0.411367
vn 0.823341 0.391008 -0.411367
vn 0.130739 0.953331 -0.272153
vn 0.130739 0.953331 -0.272153
vn 0.130739 0.953331 -0.272153
vn 0.130739 0.953331 -0.272153
vn 0.741921 0.647380 0.174506
vn 0.741921 0.647380 0.174506
vn 0.741921 0.647380 0.174506
vn 0.741921 0.647380 0.174506
vn 0.497935 0.443089 -0.745475
vn 0.497935 0.443089 -0.745475
vn 0.497935 0.443089 -0.745475
vn 0.497935 0.443089 -0.745475
vn 0.509624 0.123494 -0.851489
vn 0.509624 0.123494 -0.851489
vn 0.509624 0.123494 -0.851489
vn 0.509624 0.123494 -0.851489
vn 0.976370 0.033107 -0.213555
vn 0.976370 0.033107 -0.213555
vn 0.976370 0.033107 -0.213555
vn 0.976370 0.033107 -0.213555
vn 0.858943 0.138293 -0.493043
vn 0.858943 0.138293 -0.493043
vn 0.858943 0.138293 -0.493043
vn 0.858943 0.138293 -0.493043
vn 0.793231 -0.382277 -0.473971
vn 0.793231 -0.382277 -0.473971
vn 0.793231 -0.382277 -0.473971
vn 0.793231 -0.382277 -0.473971
vn 0.789227 0.243841 -0.563616
vn 0.789227 0.243841 -0.563616
vn 0.789227 0.243841 -0.563616
vn 0.789227 0.243841 -0.563616
vn 0.595703 0.442030 -0.670633
vn 0.595703 0.442030 -0.670633
vn 0.595703 0.442030 -0.670633
vn 0.595703 0.442030 -0.670633
vn 0.389235 0.263120 -0.882759
vn 0.389235 0.263120 -0.882759
vn 0.389235 0.263120 -0.882759
vn 0.389235 0.263120 -0.882759
vn 0.951181 -0.213373 -0.222995
vn 0.951181 -0.213373 -0.222995
vn 0.951181 -0.213373 -0.222995
vn 0.951181 -0.213373 -0.222995
vn 0.955119 -0.287672 -0.070652
vn 0.955119 -0.287672 -0.070652
vn 0.955119 -0.287672 -0.070652
vn 0.955119 -0.287672 -0.070652
vn 0.576874 0.308005 -0.756538
vn 0.576874 0.308005 -0.756538
vn 0.576874 0.308005 -0.756538
vn 0.576874 0.308005 -0.756538
vn -0.849869 0.448541 -0.276645
vn -0.849869 0.448541 -0.276645
vn -0.849869 0.448541 -0.276645
vn -0.849869 0.448541 -0.276645
vn -0.925831 -0.089848 -0.367103
vn -0.925831 -0.089848 -0.367103
vn -0.925831 -0.089848 -0.367103
vn -0.925831 -0.089848 -0.367103
vn -0.959452 -0.281515 -0.014215
vn -0.959452 -0.281515 -0.014215
vn -0.959452 -0.281515 -0.014215
vn -0.959452 -0.281515 -0.014215
vn -0.061987 -0.452407 0.889655
vn -0.061987 -0.452407 0.889655
vn -0.061987 -0.452407 0.889655
vn -0.061987 -0.452407 0.889655
vn -0.180005 -0.356870 0.916647
vn -0.180005 -0.356870 0.916647
vn -0.180005 -0.356870 0.916647
vn -0.180005 -0.356870 0.916647
vn -0.775648 0.567240 0.276783
vn -0.775648 0.567240 0.276783
vn -0.775648 0.567240 0.276783
vn -0.775648 0.567240 0.276783
vn 0.896771 0.420495 -0.137790
vn 0.896771 0.420495 -0.137790
vn 0.896771 0.420495 -0.137790
vn 0.896771 0.420495 -0.137790
vn 0.914397 0.398603 -0.070662
vn 0.914397 0.398603 -0.070662
vn 0.914397 0.398603 -0.070662
vn 0.914397 0.398603 -0.070662
vn 0.930502 0.364696 -0.034085
vn 0.930502 0.364696 -0.034085
vn 0.930502 0.364696 -0.034085
vn 0.930502 0.364696 -0.034085
vn 0.925105 0.379127 0.021047
vn 0.925105 0.379127 0.021047
vn 0.925105 0.379127 0.021047
vn 0.925105 0.379127 0.021047
vn 0.907444 0.375437 0.188659
vn 0.907444 0.375437 0.188659
vn 0.907444 0.375437 0.188659
vn 0.907444 0.375437 0.188659
vn 0.659724 0.732164 -0.169413
vn 0.659724 0.732164 -0.169413
vn 0.659724 0.732164 -0.169413
vn 0.659724 0.732164 -0.169413
vn 0.987694 -0.156311 -0.005310
vn 0.987694 -0.156311 -0.005310
vn 0.987694 -0.156311 -0.005310
vn 0.987694 -0.156311 -0.005310
vn -0.921359 -0.388106 0.021718
vn -0.921359 -0.388106 0.021718
vn -0.921359 -0.388106 0.021718
vn -0.921359 -0.388106 0.021718
vn 0.344989 0.586545 -0.732767
vn 0.344989 0.586545 -0.732767
vn 0.344989 0.586545 -0.732767
vn 0.344989 0.586545 -0.732767
vn -0.291302 0.882754 0.368631
vn -0.291302 0.882754 0.368631
vn -0.291302 0.882754 0.368631
vn -0.291302 0.882754 0.368631
vn 0.883029 -0.346823 -0.316186
vn 0.883029 -0.346823 -0.316186
vn 0.883029 -0.346823 -0.316186
vn 0.883029 -0.346823 -0.316186
vn 0.954808 -0.209880 -0.210457
vn 0.954808 -0.209880 -0.210457
vn 0.954808 -0.209880 -0.210457
vn 0.954808 -0.209880 -0.210457
vn 0.963097 -0.047837 -0.264871
vn 0.963097 -0.047837 -0.264871
vn 0.963097 -0.047837 -0.264871
vn 0.963097 -0.047837 -0.264871
vn 0.754441 0.647245 0.109055
vn 0.754441 0.647245 0.109055
vn 0.754441 0.647245 0.109055
vn 0.754441 0.647245 0.109055
vn 0.695127 0.098540 -0.712102
vn 0.695127 0.098540 -0.712102
vn 0.695127 0.098540 -0.712102
vn 0.695127 0.098540 -0.712102
vn -0.937868 -0.334271 -0.093093
vn -0.937868 -0.334271 -0.093093
vn -0.937868 -0.334271 -0.093093
vn -0.937868 -0.334271 -0.093093
vn 0.111513 0.569258 -0.814562
vn 0.111513 0.569258 -0.814562
vn 0.111513 0.569258 -0.814562
vn 0.111513 0.569258 -0.814562
vn 0.913171 0.402334 -0.065161
vn 0.913171 0.402334 -0.065161
vn 0.913171 0.402334 -0.065161
vn 0.913171 0.402334 -0.065161
vn 0.597024 -0.053936 -0.800408
vn 0.597024 -0.053936 -0.800408
vn 0.597024 -0.053936 -0.800408
vn 0.597024 -0.053936 -0.800408
vn 0.944863 -0.324631 -0.042998
vn 0.944863 -0.324631 -0.042998
vn 0.944863 -0.324631 -0.042998
vn 0.944863 -0.324631 -0.042998
vn -0.074255 0.154611 0.985181
vn -0.074255 0.154611 0.985181
vn -0.074255 0.154611 0.985181
vn -0.074255 0.154611 0.985181
vn 0.863348 0.060470 -0.500973
vn 0.863348 0.060470 -0.500973
vn 0.863348 0.060470 -0.500973
vn 0.863348 0.060470 -0.500973
vn 0.149429 -0.960335 -0.235432
vn 0.149429 -0.960335 -0.235432
vn 0.149429 -0.960335 -0.235432
vn 0.149429 -0.960335 -0.235432
vn 0.087054 -0.967097 -0.239050
vn 0.087054 -0.967097 -0.239050
vn 0.087054 -0.967097 -0.239050
vn 0.087054 -0.967097 -0.239050
vn 0.022789 -0.971325 -0.236662
vn 0.022789 -0.971325 -0.236662
vn 0.022789 -0.971325 -0.236662
vn 0.022789 -0.971325 -0.236662
vn 0.918081 0.201507 -0.341354
vn 0.918081 0.201507 -0.341354
vn 0.918081 0.201507 -0.341354
vn 0.918081 0.201507 -0.341354
vn 0.250018 -0.952158 -0.175744
vn 0.250018 -0.952158 -0.175744
vn 0.250018 -0.952158 -0.175744
vn 0.250018 -0.952158 -0.175744
vn 0.162961 -0.966030 -0.200572
vn 0.162961 -0.966030 -0.200572
vn 0.162961 -0.966030 -0.200572
vn 0.162961 -0.966030 -0.200572
vn 0.033873 -0.981669 -0.187560
vn 0.033873 -0.981669 -0.187560
vn 0.033873 -0.981669 -0.187560
vn 0.033873 -0.981669 -0.187560
vn 0.916681 0.160948 -0.365777
vn 0.916681 0.160948 -0.365777
vn 0.916681 0.160948 -0.365777
vn 0.916681 0.160948 -0.365777
vn 0.226246 0.074083 -0.971249
vn 0.226246 0.074083 -0.971249
vn 0.226246 0.074083 -0.971249
vn 0.226246 0.074083 -0.971249
vn 0.775941 -0.063829 -0.627568
vn 0.775941 -0.063829 -0.627568
vn 0.775941 -0.063829 -0.627568
vn 0.775941 -0.063829 -0.627568
vn 0.333999 -0.896100 -0.292317
vn 0.333999 -0.896100 -0.292317
vn 0.333999 -0.896100 -0.292317
vn 0.333999 -0.896100 -0.292317
vn 0.222279 -0.973525 -0.053295
vn 0.222279 -0.973525 -0.053295
vn 0.222279 -0.973525 -0.053295
vn 0.222279 -0.973525 -0.053295
vn 0.700762 0.121959 -0.702893
vn 0.700762 0.121959 -0.702893
vn 0.700762 0.121959 -0.702893
vn 0.700762 0.121959 -0.702893
vn 0.834178 0.189059 -0.518077
vn 0.834178 0.189059 -0.518077
vn 0.834178 0.189059 -0.518077
vn 0.834178 0.189059 -0.518077
vn 0.728086 0.545128 -0.415603
vn 0.728086 0.545128 -0.415603
vn 0.728086 0.545128 -0.415603
vn 0.728086 0.545128 -0.415603
vn 0.933503 0.209551 0.290964
vn 0.933503 0.209551 0.290964
vn 0.933503 0.209551 0.290964
vn 0.933503 0.209551 0.290964
vn 0.952709 0.293061 -0.080384
vn 0.952709 0.293061 -0.080384
vn 0.952709 0.293061 -0.080384
vn 0.952709 0.293061 -0.080384
vn 0.829853 0.076887 -0.552659
vn 0.829853 0.076887 -0.552659
vn 0.829853 0.076887 -0.552659
vn 0.829853 0.076887 -0.552659
vn 0.715412 -0.044717 -0.697270
vn 0.715412 -0.044717 -0.697270
vn 0.715412 -0.044717 -0.697270
vn 0.715412 -0.044717 -0.697270
vn 0.718894 -0.195152 -0.667163
vn 0.718894 -0.195152 -0.667163
vn 0.718894 -0.195152 -0.667163
vn 0.718894 -0.195152 -0.667163
vn 0.846577 0.129253 -0.516334
vn 0.846577 0.129253 -0.516334
vn 0.846577 0.129253 -0.516334
vn 0.846577 0.129253 -0.516334
vn 0.588940 -0.021972 -0.807878
vn 0.588940 -0.021972 -0.807878
vn 0.588940 -0.021972 -0.807878
vn 0.588940 -0.021972 -0.807878
vn 0.167084 -0.050829 -0.984632
vn 0.167084 -0.050829 -0.984632
vn 0.167084 -0.050829 -0.984632
vn 0.167084 -0.050829 -0.984632
vn 0.673101 0.129799 -0.728071
vn 0.673101 0.129799 -0.728071
vn 0.673101 0.129799 -0.728071
vn 0.673101 0.129799 -0.728071
vn 0.612649 -0.320000 -0.722676
vn 0.612649 -0.320000 -0.722676
vn 0.612649 -0.320000 -0.722676
vn 0.612649 -0.320000 -0.722676
vn 0.871195 -0.414020 -0.263830
vn 0.871195 -0.414020 -0.263830
vn 0.871195 -0.414020 -0.263830
vn 0.871195 -0.414020 -0.263830
vn 0.904409 -0.367999 0.215921
vn 0.904409 -0.367999 0.215921
vn 0.904409 -0.367999 0.215921
vn 0.904409 -0.367999 0.215921
vn 0.678846 -0.205898 -0.704822
vn 0.678846 -0.205898 -0.704822
vn 0.678846 -0.205898 -0.704822
vn 0.678846 -0.205898 -0.704822
vn 0.570275 0.249327 -0.782702
vn 0.570275 0.249327 -0.782702
vn 0.570275 0.249327 -0.782702
vn 0.570275 0.249327 -0.782702
vn 0.422158 0.449766 -0.787079
vn 0.422158 0.449766 -0.787079
vn 0.422158 0.449766 -0.787079
vn 0.422158 0.449766 -0.787079
vn 0.506877 0.478219 -0.717204
vn 0.506877 0.478219 -0.717204
vn 0.506877 0.478219 -0.717204
vn 0.506877 0.478219 -0.717204
vn 0.609505 0.185730 -0.770719
vn 0.609505 0.185730 -0.770719
vn 0.609505 0.185730 -0.770719
vn 0.609505 0.185730 -0.770719
vn 0.517558 0.362654 -0.774994
vn 0.517558 0.362654 -0.774994
vn 0.517558 0.362654 -0.774994
vn 0.517558 0.362654 -0.774994
vn -0.575747 0.610036 0.544401
vn -0.575747 0.610036 0.544401
vn -0.575747 0.610036 0.544401
vn -0.575747 0.610036 0.544401
vn -0.509839 -0.664804 0.545985
vn -0.509839 -0.664804 0.545985
vn -0.509839 -0.664804 0.545985
vn -0.509839 -0.664804 0.545985
vn 0.986825 0.064922 -0.148194
vn 0.986825 0.064922 -0.148194
vn 0.986825 0.064922 -0.148194
vn 0.986825 0.064922 -0.148194
vn 0.918576 0.306705 -0.249299
vn 0.918576 0.306705 -0.249299
vn 0.918576 0.306705 -0.249299
vn 0.918576 0.306705 -0.249299
vn 0.583989 0.718413 -0.377942
vn 0.583989 0.718413 -0.377942
vn 0.583989 0.718413 -0.377942
vn 0.583989 0.718413 -0.377942
vn 0.881444 0.293184 -0.370270
vn 0.881444 0.293184 -0.370270
vn 0.881444 0.293184 -0.370270
vn 0.881444 0.293184 -0.370270
vn 0.089470 0.877030 -0.472032
vn 0.089470 0.877030 -0.472032
vn 0.089470 0.877030 -0.472032
vn 0.089470 0.877030 -0.472032
vn 0.699624 -0.408084 -0.586510
vn 0.699624 -0.408084 -0.586510
vn 0.699624 -0.408084 -0.586510
vn 0.699624 -0.408084 -0.586510
vn 0.799600 -0.278391 -0.532107
vn 0.799600 -0.278391 -0.532107
vn 0.799600 -0.278391 -0.532107
vn 0.799600 -0.278391 -0.532107
vn 0.975543 -0.085803 -0.202371
vn 0.975543 -0.085803 -0.202371
vn 0.975543 -0.085803 -0.202371
vn 0.975543 -0.085803 -0.202371
vn 0.979783 0.083541 -0.181787
vn 0.979783 0.083541 -0.181787
vn 0.979783 0.083541 -0.181787
vn 0.979783 0.083541 -0.181787
vn 0.924341 0.051049 -0.378136
vn 0.924341 0.051049 -0.378136
vn 0.924341 0.051049 -0.378136
vn 0.924341 0.051049 -0.378136
vn 0.995495 0.016059 -0.093440
vn 0.995495 0.016059 -0.093440
vn 0.995495 0.016059 -0.093440
vn 0.995495 0.016059 -0.093440
vn 0.988062 -0.141052 -0.061958
vn 0.988062 -0.141052 -0.061958
vn 0.988062 -0.141052 -0.061958
vn 0.988062 -0.141052 -0.061958
vn 0.959933 0.047390 -0.276192
vn 0.959933 0.047390 -0.276192
vn 0.959933 0.047390 -0.276192
vn 0.959933 0.047390 -0.276192
vn 0.220594 -0.171803 -0.960116
vn 0.220594 -0.171803 -0.960116
vn 0.220594 -0.171803 -0.960116
vn 0.220594 -0.171803 -0.960116
vn 0.561043 -0.206126 -0.801712
vn 0.561043 -0.206126 -0.801712
vn 0.561043 -0.206126 -0.801712
vn 0.561043 -0.206126 -0.801712
vn 0.763602 -0.193640 -0.615967
vn 0.763602 -0.193640 -0.615967
vn 0.763602 -0.193640 -0.615967
vn 0.763602 -0.193640 -0.615967
vn 0.793549 -0.202557 -0.573803
vn 0.793549 -0.202557 -0.573803
vn 0.793549 -0.202557 -0.573803
vn 0.793549 -0.202557 -0.573803
vn 0.960607 0.146200 -0.236349
vn 0.960607 0.146200 -0.236349
vn 0.960607 0.146200 -0.236349
vn 0.960607 0.146200 -0.236349
vn 0.929687 -0.030010 -0.367126
vn 0.929687 -0.030010 -0.367126
vn 0.929687 -0.030010 -0.367126
vn 0.929687 -0.030010 -0.367126
vn 0.835523 0.477352 -0.272099
vn 0.835523 0.477352 -0.272099
vn 0.835523 0.477352 -0.272099
vn 0.835523 0.477352 -0.272099
vn 0.963579 -0.262929 0.048823
vn 0.963579 -0.262929 0.048823
vn 0.963579 -0.262929 0.048823
vn 0.963579 -0.262929 0.048823
vn 0.770243 0.529361 -0.355671
vn 0.770243 0.529361 -0.355671
vn 0.770243 0.529361 -0.355671
vn 0.770243 0.529361 -0.355671
vn 0.732207 0.556596 -0.392524
vn 0.732207 0.556596 -0.392524
vn 0.732207 0.556596 -0.392524
vn 0.732207 0.556596 -0.392524
vn 0.144168 0.957203 -0.250954
vn 0.144168 0.957203 -0.250954
vn 0.144168 0.957203 -0.250954
vn 0.144168 0.957203 -0.250954
vn 0.730310 -0.126083 -0.671380
vn 0.730310 -0.126083 -0.671380
vn 0.730310 -0.126083 -0.671380
vn 0.730310 -0.126083 -0.671380
vn 0.709836 0.308797 -0.633069
vn 0.709836 0.308797 -0.633069
vn 0.709836 0.308797 -0.633069
vn 0.709836 0.308797 -0.633069
vn 0.319258 0.682824 -0.657134
vn 0.319258 0.682824 -0.657134
vn 0.319258 0.682824 -0.657134
vn 0.319258 0.682824 -0.657134
vn 0.244324 0.816813 -0.522612
vn 0.244324 0.816813 -0.522612
vn 0.244324 0.816813 -0.522612
vn 0.244324 0.816813 -0.522612
vn 0.247132 0.920673 -0.302138
vn 0.247132 0.920673 -0.302138
vn 0.247132 0.920673 -0.302138
vn 0.247132 0.920673 -0.302138
vn 0.290934 0.925370 -0.242997
vn 0.290934 0.925370 -0.242997
vn 0.290934 0.925370 -0.242997
vn 0.290934 0.925370 -0.242997
vn 0.324695 0.901810 -0.285154
vn 0.324695 0.901810 -0.285154
vn 0.324695 0.901810 -0.285154
vn 0.324695 0.901810 -0.285154
vn 0.400188 0.875318 -0.271418
vn 0.400188 0.875318 -0.271418
vn 0.400188 0.875318 -0.271418
vn 0.400188 0.875318 -0.271418
vn 0.924036 0.169117 -0.342865
vn 0.924036 0.169117 -0.342865
vn 0.924036 0.169117 -0.342865
vn 0.924036 0.169117 -0.342865
vn 0.838611 0.380818 -0.389499
vn 0.838611 0.380818 -0.389499
vn 0.838611 0.380818 -0.389499
vn 0.838611 0.380818 -0.389499
vn 0.984555 0.141535 0.103049
vn 0.984555 0.141535 0.103049
vn 0.984555 0.141535 0.103049
vn 0.984555 0.141535 0.103049
vn 0.999236 -0.026314 0.028913
vn 0.999236 -0.026314 0.028913
vn 0.999236 -0.026314 0.028913
vn 0.999236 -0.026314 0.028913
vn 0.387612 0.119493 -0.914045
vn 0.387612 0.119493 -0.914045
vn 0.387612 0.119493 -0.914045
vn 0.387612 0.119493 -0.914045
vn 0.330619 -0.719290 -0.610994
vn 0.330619 -0.719290 -0.610994
vn 0.330619 -0.719290 -0.610994
vn 0.330619 -0.719290 -0.610994
vn 0.338822 -0.862166 -0.376656
vn 0.338822 -0.862166 -0.376656
vn 0.338822 -0.862166 -0.376656
vn 0.338822 -0.862166 -0.376656
vn 0.352310 -0.887409 -0.297294
vn 0.352310 -0.887409 -0.297294
vn 0.352310 -0.887409 -0.297294
vn 0.352310 -0.887409 -0.297294
vn 0.437333 -0.872596 -0.217521
vn 0.437333 -0.872596 -0.217521
vn 0.437333 -0.872596 -0.217521
vn 0.437333 -0.872596 -0.217521
vn 0.493646 -0.838589 -0.230397
vn 0.493646 -0.838589 -0.230397
vn 0.493646 -0.838589 -0.230397
vn 0.493646 -0.838589 -0.230397
vn 0.548234 -0.808380 -0.214387
vn 0.548234 -0.808380 -0.214387
vn 0.548234 -0.808380 -0.214387
vn 0.548234 -0.808380 -0.214387
vn 0.611461 -0.769763 -0.183253
vn 0.611461 -0.769763 -0.183253
vn 0.611461 -0.769763 -0.183253
vn 0.611461 -0.769763 -0.183253
vn 0.963307 -0.076623 -0.257234
vn 0.963307 -0.076623 -0.257234
vn 0.963307 -0.076623 -0.257234
vn 0.963307 -0.076623 -0.257234
vn 0.996145 0.018084 -0.085833
vn 0.996145 0.018084 -0.085833
vn 0.996145 0.018084 -0.085833
vn 0.996145 0.018084 -0.085833
vn 0.966004 0.039215 -0.255535
vn 0.966004 0.039215 -0.255535
vn 0.966004 0.039215 -0.255535
vn 0.966004 0.039215 -0.255535
vn 0.671970 -0.735843 -0.083613
vn 0.671970 -0.735843 -0.083613
vn 0.671970 -0.735843 -0.083613
vn 0.671970 -0.735843 -0.083613
vn 0.891902 -0.258642 -0.370964
vn 0.891902 -0.258642 -0.370964
vn 0.891902 -0.258642 -0.370964
vn 0.891902 -0.258642 -0.370964
vn 0.931152 0.358689 -0.065561
vn 0.931152 0.358689 -0.065561
vn 0.931152 0.358689 -0.065561
vn 0.931152 0.358689 -0.065561
vn 0.908640 0.271205 0.317525
vn 0.908640 0.271205 0.317525
vn 0.908640 0.271205 0.317525
vn 0.908640 0.271205 0.317525
vn 0.660623 0.524408 -0.537190
vn 0.660623 0.524408 -0.537190
vn 0.660623 0.524408 -0.537190
vn 0.660623 0.524408 -0.537190
vn 0.216644 0.546890 -0.808688
vn 0.216644 0.546890 -0.808688
vn 0.216644 0.546890 -0.808688
vn 0.216644 0.546890 -0.808688
vn -0.881679 -0.445751 -0.154754
vn -0.881679 -0.445751 -0.154754
vn -0.881679 -0.445751 -0.154754
vn -0.881679 -0.445751 -0.154754
vn 0.737036 0.662701 -0.132683
vn 0.737036 0.662701 -0.132683
vn 0.737036 0.662701 -0.132683
vn 0.737036 0.662701 -0.132683
vn 0.884139 0.435966 -0.168026
vn 0.884139 0.435966 -0.168026
vn 0.884139 0.435966 -0.168026
vn 0.884139 0.435966 -0.168026
vn 0.914806 0.310698 -0.258064
vn 0.914806 0.310698 -0.258064
vn 0.914806 0.310698 -0.258064
vn 0.914806 0.310698 -0.258064
vn 0.275594 0.950167 -0.145705
vn 0.275594 0.950167 -0.145705
vn 0.275594 0.950167 -0.145705
vn 0.275594 0.950167 -0.145705
vn 0.490110 0.862835 -0.123723
vn 0.490110 0.862835 -0.123723
vn 0.490110 0.862835 -0.123723
vn 0.490110 0.862835 -0.123723
vn 0.802543 0.578504 -0.145800
vn 0.802543 0.578504 -0.145800
vn 0.802543 0.578504 -0.145800
vn 0.802543 0.578504 -0.145800
vn 0.892030 0.451938 -0.005938
vn 0.892030 0.451938 -0.005938
vn 0.892030 0.451938 -0.005938
vn 0.892030 0.451938 -0.005938
vn 0.994793 0.081405 0.061313
vn 0.994793 0.081405 0.061313
vn 0.994793 0.081405 0.061313
vn 0.994793 0.081405 0.061313
vn 0.983315 -0.180842 -0.019681
vn 0.983315 -0.180842 -0.019681
vn 0.983315 -0.180842 -0.019681
vn 0.983315 -0.180842 -0.019681
vn 0.767322 -0.476577 -0.429059
vn 0.767322 -0.476577 -0.429059
vn 0.767322 -0.476577 -0.429059
vn 0.767322 -0.476577 -0.429059
vn 0.684818 -0.513074 -0.517474
vn 0.684818 -0.513074 -0.517474
vn 0.684818 -0.513074 -0.517474
vn 0.684818 -0.513074 -0.517474
vn 0.724041 -0.383793 -0.573121
vn 0.724041 -0.383793 -0.573121
vn 0.724041 -0.383793 -0.573121
vn 0.724041 -0.383793 -0.573121
vn 0.697417 0.000715 -0.716666
vn 0.697417 0.000715 -0.716666
vn 0.697417 0.000715 -0.716666
vn 0.697417 0.000715 -0.716666
vn 0.391884 -0.134212 -0.910173
vn 0.391884 -0.134212 -0.910173
vn 0.391884 -0.134212 -0.910173
vn 0.391884 -0.134212 -0.910173
vn 0.183410 0.139591 -0.973075
vn 0.183410 0.139591 -0.973075
vn 0.183410 0.139591 -0.973075
vn 0.183410 0.139591 -0.973075
vn 0.047891 0.267287 -0.962426
vn 0.047891 0.267287 -0.962426
vn 0.047891 0.267287 -0.962426
vn 0.047891 0.267287 -0.962426
vn 0.132352 0.681278 -0.719961
vn 0.132352 0.681278 -0.719961
vn 0.132352 0.681278 -0.719961
vn 0.132352 0.681278 -0.719961
vn 0.259219 0.899344 -0.352116
vn 0.259219 0.899344 -0.352116
vn 0.259219 0.899344 -0.352116
vn 0.259219 0.899344 -0.352116
vn 0.966605 -0.046064 -0.252099
vn 0.966605 -0.046064 -0.252099
vn 0.966605 -0.046064 -0.252099
vn 0.966605 -0.046064 -0.252099
vn 0.790384 -0.484740 -0.374594
vn 0.790384 -0.484740 -0.374594
vn 0.790384 -0.484740 -0.374594
vn 0.790384 -0.484740 -0.374594
vn 0.739696 0.165818 -0.652192
vn 0.739696 0.165818 -0.652192
vn 0.739696 0.165818 -0.652192
vn 0.739696 0.165818 -0.652192
vn 0.919472 0.380037 -0.100710
vn 0.919472 0.380037 -0.100710
vn 0.919472 0.380037 -0.100710
vn 0.919472 0.380037 -0.100710
vn 0.782680 0.366048 -0.503410
vn 0.782680 0.366048 -0.503410
vn 0.782680 0.366048 -0.503410
vn 0.782680 0.366048 -0.503410
vn 0.834387 0.486540 -0.258992
vn 0.834387 0.486540 -0.258992
vn 0.834387 0.486540 -0.258992
vn 0.834387 0.486540 -0.258992
vn 0.801764 0.501472 -0.325116
vn 0.801764 0.501472 -0.325116
vn 0.801764 0.501472 -0.325116
vn 0.801764 0.501472 -0.325116
vn 0.771769 0.329682 -0.543767
vn 0.771769 0.329682 -0.543767
vn 0.771769 0.329682 -0.543767
vn 0.771769 0.329682 -0.543767
vn 0.874876 -0.124749 -0.468007
vn 0.874876 -0.124749 -0.468007
vn 0.874876 -0.124749 -0.468007
vn 0.874876 -0.124749 -0.468007
vn 0.884907 -0.028744 -0.464880
vn 0.884907 -0.028744 -0.464880
vn 0.884907 -0.028744 -0.464880
vn 0.884907 -0.028744 -0.464880
vn 0.964948 0.067392 -0.253643
vn 0.964948 0.067392 -0.253643
vn 0.964948 0.067392 -0.253643
vn 0.964948 0.067392 -0.253643
vn 0.900982 0.174905 -0.397038
vn 0.900982 0.174905 -0.397038
vn 0.900982 0.174905 -0.397038
vn 0.900982 0.174905 -0.397038
vn 0.957879 -0.026897 -0.285910
vn 0.957879 -0.026897 -0.285910
vn 0.957879 -0.026897 -0.285910
vn 0.957879 -0.026897 -0.285910
vn 0.932620 -0.158954 -0.323965
vn 0.932620 -0.158954 -0.323965
vn 0.932620 -0.158954 -0.323965
vn 0.932620 -0.158954 -0.323965
vn 0.934103 -0.219003 -0.281937
vn 0.934103 -0.219003 -0.281937
vn 0.934103 -0.219003 -0.281937
vn 0.934103 -0.219003 -0.281937
vn 0.925766 -0.072607 -0.371059
vn 0.925766 -0.072607 -0.371059
vn 0.925766 -0.072607 -0.371059
vn 0.925766 -0.072607 -0.371059
vn 0.927249 -0.144285 -0.345530
vn 0.927249 -0.144285 -0.345530
vn 0.927249 -0.144285 -0.345530
vn 0.927249 -0.144285 -0.345530
vn 0.965179 -0.068427 -0.252483
vn 0.965179 -0.068427 -0.252483
vn 0.965179 -0.068427 -0.252483
vn 0.965179 -0.068427 -0.252483
vn 0.905055 -0.290286 -0.310820
vn 0.905055 -0.290286 -0.310820
vn 0.905055 -0.290286 -0.310820
vn 0.905055 -0.290286 -0.310820
vn 0.845798 -0.059816 -0.530140
vn 0.845798 -0.059816 -0.530140
vn 0.845798 -0.059816 -0.530140
vn 0.845798 -0.059816 -0.530140
vn 0.834369 -0.132167 -0.535126
vn 0.834369 -0.132167 -0.535126
vn 0.834369 -0.132167 -0.535126
vn 0.834369 -0.132167 -0.535126
vn 0.832856 -0.157492 -0.530610
vn 0.832856 -0.157492 -0.530610
vn 0.832856 -0.157492 -0.530610
vn 0.832856 -0.157492 -0.530610
vn 0.681719 -0.502772 -0.531488
vn 0.681719 -0.502772 -0.531488
vn 0.681719 -0.502772 -0.531488
vn 0.681719 -0.502772 -0.531488
vn 0.772808 -0.230449 -0.591321
vn 0.772808 -0.230449 -0.591321
vn 0.772808 -0.230449 -0.591321
vn 0.772808 -0.230449 -0.591321
vn 0.839801 -0.098427 -0.533897
vn 0.839801 -0.098427 -0.533897
vn 0.839801 -0.098427 -0.533897
vn 0.839801 -0.098427 -0.533897
vn 0.817432 -0.161043 -0.553056
vn 0.817432 -0.161043 -0.553056
vn 0.817432 -0.161043 -0.553056
vn 0.817432 -0.161043 -0.553056
vn 0.563688 0.817289 0.119556
vn 0.563688 0.817289 0.119556
vn 0.563688 0.817289 0.119556
vn 0.563688 0.817289 0.119556
vn 0.449045 0.857505 0.251085
vn 0.449045 0.857505 0.251085
vn 0.449045 0.857505 0.251085
vn 0.449045 0.857505 0.251085
vn 0.408732 0.909461 0.076285
vn 0.408732 0.909461 0.076285
vn 0.408732 0.909461 0.076285
vn 0.408732 0.909461 0.076285
vn 0.359412 0.928078 -0.097439
vn 0.359412 0.928078 -0.097439
vn 0.359412 0.928078 -0.097439
vn 0.359412 0.928078 -0.097439
vn 0.274915 0.943814 -0.183403
vn 0.274915 0.943814 -0.183403
vn 0.274915 0.943814 -0.183403
vn 0.274915 0.943814 -0.183403
vn 0.213883 0.947072 -0.239390
vn 0.213883 0.947072 -0.239390
vn 0.213883 0.947072 -0.239390
vn 0.213883 0.947072 -0.239390
vn 0.207279 0.940527 -0.269156
vn 0.207279 0.940527 -0.269156
vn 0.207279 0.940527 -0.269156
vn 0.207279 0.940527 -0.269156
vn 0.214301 0.943102 -0.254233
vn 0.214301 0.943102 -0.254233
vn 0.214301 0.943102 -0.254233
vn 0.214301 0.943102 -0.254233
vn 0.221234 0.929244 -0.295907
vn 0.221234 0.929244 -0.295907
vn 0.221234 0.929244 -0.295907
vn 0.221234 0.929244 -0.295907
vn 0.267526 0.830141 -0.489179
vn 0.267526 0.830141 -0.489179
vn 0.267526 0.830141 -0.489179
vn 0.267526 0.830141 -0.489179
vn 0.325131 0.700124 -0.635701
vn 0.325131 0.700124 -0.635701
vn 0.325131 0.700124 -0.635701
vn 0.325131 0.700124 -0.635701
vn 0.405094 0.588306 -0.699854
vn 0.405094 0.588306 -0.699854
vn 0.405094 0.588306 -0.699854
vn 0.405094 0.588306 -0.699854
vn 0.687991 -0.035315 -0.724859
vn 0.687991 -0.035315 -0.724859
vn 0.687991 -0.035315 -0.724859
vn 0.687991 -0.035315 -0.724859
vn 0.535618 0.082070 -0.840463
vn 0.535618 0.082070 -0.840463
vn 0.535618 0.082070 -0.840463
vn 0.535618 0.082070 -0.840463
vn 0.886782 0.122277 -0.445719
vn 0.886782 0.122277 -0.445719
vn 0.886782 0.122277 -0.445719
vn 0.886782 0.122277 -0.445719
vn 0.825703 -0.162936 -0.540061
vn 0.825703 -0.162936 -0.540061
vn 0.825703 -0.162936 -0.540061
vn 0.825703 -0.162936 -0.540061
vn 0.906152 0.151071 -0.395052
vn 0.906152 0.151071 -0.395052
vn 0.906152 0.151071 -0.395052
vn 0.906152 0.151071 -0.395052
vn 0.870089 -0.047818 -0.490570
vn 0.870089 -0.047818 -0.490570
vn 0.870089 -0.047818 -0.490570
vn 0.870089 -0.047818 -0.490570
vn 0.427478 -0.394276 -0.813517
vn 0.427478 -0.394276 -0.813517
vn 0.427478 -0.394276 -0.813517
vn 0.427478 -0.394276 -0.813517
vn 0.334106 -0.785540 -0.520865
vn 0.334106 -0.785540 -0.520865
vn 0.334106 -0.785540 -0.520865
vn 0.334106 -0.785540 -0.520865
vn 0.436297 0.472821 -0.765562
vn 0.436297 0.472821 -0.765562
vn 0.436297 0.472821 -0.765562
vn 0.436297 0.472821 -0.765562
vn 0.909382 0.221905 -0.351829
vn 0.909382 0.221905 -0.351829
vn 0.909382 0.221905 -0.351829
vn 0.909382 0.221905 -0.351829
vn 0.853096 0.366691 -0.371167
vn 0.853096 0.366691 -0.371167
vn 0.853096 0.366691 -0.371167
vn 0.853096 0.366691 -0.371167
vn 0.987015 -0.046150 -0.153854
vn 0.987015 -0.046150 -0.153854
vn 0.987015 -0.046150 -0.153854
vn 0.987015 -0.046150 -0.153854
vn 0.870487 -0.470809 -0.143495
vn 0.870487 -0.470809 -0.143495
vn 0.870487 -0.470809 -0.143495
vn 0.870487 -0.470809 -0.143495
vn 0.987705 -0.154783 -0.021943
vn 0.987705 -0.154783 -0.021943
vn 0.987705 -0.154783 -0.021943
vn 0.987705 -0.154783 -0.021943
vn 0.662897 -0.673410 0.327242
vn 0.662897 -0.673410 0.327242
vn 0.662897 -0.673410 0.327242
vn 0.662897 -0.673410 0.327242
vn 0.206209 -0.875236 0.437538
vn 0.206209 -0.875236 0.437538
vn 0.206209 -0.875236 0.437538
vn 0.206209 -0.875236 0.437538
vn 0.995255 -0.097296 -0.000301
vn 0.995255 -0.097296 -0.000301
vn 0.995255 -0.097296 -0.000301
vn 0.995255 -0.097296 -0.000301
vn 0.902662 0.405808 0.143250
vn 0.902662 0.405808 0.143250
vn 0.902662 0.405808 0.143250
vn 0.902662 0.405808 0.143250
vn 0.617481 0.740282 0.265895
vn 0.617481 0.740282 0.265895
vn 0.617481 0.740282 0.265895
vn 0.617481 0.740282 0.265895
vn 0.521196 0.834053 0.180860
vn 0.521196 0.834053 0.180860
vn 0.521196 0.834053 0.180860
vn 0.521196 0.834053 0.180860
vn 0.312941 0.945155 0.093538
vn 0.312941 0.945155 0.093538
vn 0.312941 0.945155 0.093538
vn 0.312941 0.945155 0.093538
vn 0.576638 -0.810700 0.101264
vn 0.576638 -0.810700 0.101264
vn 0.576638 -0.810700 0.101264
vn 0.576638 -0.810700 0.101264
vn 0.989317 0.107581 -0.098382
vn 0.989317 0.107581 -0.098382
vn 0.989317 0.107581 -0.098382
vn 0.989317 0.107581 -0.098382
vn 0.992241 -0.049833 0.113906
vn 0.992241 -0.049833 0.113906
vn 0.992241 -0.049833 0.113906
vn 0.992241 -0.049833 0.113906
vn 0.446331 -0.848068 0.285602
vn 0.446331 -0.848068 0.285602
vn 0.446331 -0.848068 0.285602
vn 0.446331 -0.848068 0.285602
vn 0.738606 -0.523668 0.424539
vn 0.738606 -0.523668 0.424539
vn 0.738606 -0.523668 0.424539
vn 0.738606 -0.523668 0.424539
vn 0.997312 -0.022025 -0.069877
vn 0.997312 -0.022025 -0.069877
vn 0.997312 -0.022025 -0.069877
vn 0.997312 -0.022025 -0.069877
vn 0.987153 -0.040623 0.154527
vn 0.987153 -0.040623 0.154527
vn 0.987153 -0.040623 0.154527
vn 0.987153 -0.040623 0.154527
vn 0.805896 -0.350036 0.477500
vn 0.805896 -0.350036 0.477500
vn 0.805896 -0.350036 0.477500
vn 0.805896 -0.350036 0.477500
vn 0.627329 -0.693150 0.354967
vn 0.627329 -0.693150 0.354967
vn 0.627329 -0.693150 0.354967
vn 0.627329 -0.693150 0.354967
vn 0.410049 -0.680342 -0.607450
vn 0.410049 -0.680342 -0.607450
vn 0.410049 -0.680342 -0.607450
vn 0.410049 -0.680342 -0.607450
vn 0.736047 -0.028910 -0.676312
vn 0.736047 -0.028910 -0.676312
vn 0.736047 -0.028910 -0.676312
vn 0.736047 -0.028910 -0.676312
vn 0.483336 -0.493828 -0.722856
vn 0.483336 -0.493828 -0.722856
vn 0.483336 -0.493828 -0.722856
vn 0.483336 -0.493828 -0.722856
vn 0.091897 -0.378770 -0.920917
vn 0.091897 -0.378770 -0.920917
vn 0.091897 -0.378770 -0.920917
vn 0.091897 -0.378770 -0.920917
vn 0.272964 0.929622 0.247578
vn 0.272964 0.929622 0.247578
vn 0.272964 0.929622 0.247578
vn 0.272964 0.929622 0.247578
vn 0.526026 0.817903 0.233091
vn 0.526026 0.817903 0.233091
vn 0.526026 0.817903 0.233091
vn 0.526026 0.817903 0.233091
vn 0.482627 0.851431 0.205270
vn 0.482627 0.851431 0.205270
vn 0.482627 0.851431 0.205270
vn 0.482627 0.851431 0.205270
vn 0.544948 0.794576 0.267733
vn 0.544948 0.794576 0.267733
vn 0.544948 0.794576 0.267733
vn 0.544948 0.794576 0.267733
vn 0.608074 0.790340 0.074898
vn 0.608074 0.790340 0.074898
vn 0.608074 0.790340 0.074898
vn 0.608074 0.790340 0.074898
vn 0.783992 0.420837 -0.456346
vn 0.783992 0.420837 -0.456346
vn 0.783992 0.420837 -0.456346
vn 0.783992 0.420837 -0.456346
vn 0.086615 0.993555 0.073115
vn 0.086615 0.993555 0.073115
vn 0.086615 0.993555 0.073115
vn 0.086615 0.993555 0.073115
vn 0.514139 0.848368 0.126226
vn 0.514139 0.848368 0.126226
vn 0.514139 0.848368 0.126226
vn 0.514139 0.848368 0.126226
vn 0.510425 0.859382 0.030472
vn 0.510425 0.859382 0.030472
vn 0.510425 0.859382 0.030472
vn 0.510425 0.859382 0.030472
vn 0.604825 0.715692 0.349244
vn 0.604825 0.715692 0.349244
vn 0.604825 0.715692 0.349244
vn 0.604825 0.715692 0.349244
vn 0.610056 0.742719 0.276046
vn 0.610056 0.742719 0.276046
vn 0.610056 0.742719 0.276046
vn 0.610056 0.742719 0.276046
vn 0.611379 0.770117 0.182033
vn 0.611379 0.770117 0.182033
vn 0.611379 0.770117 0.182033
vn 0.611379 0.770117 0.182033
vn 0.616167 0.780550 0.105264
vn 0.616167 0.780550 0.105264
vn 0.616167 0.780550 0.105264
vn 0.616167 0.780550 0.105264
vn 0.602876 0.796952 0.037520
vn 0.602876 0.796952 0.037520
vn 0.602876 0.796952 0.037520
vn 0.602876 0.796952 0.037520
vn 0.648992 0.709340 0.275040
vn 0.648992 0.709340 0.275040
vn 0.648992 0.709340 0.275040
vn 0.648992 0.709340 0.275040
vn 0.629246 0.756521 0.178119
vn 0.629246 0.756521 0.178119
vn 0.629246 0.756521 0.178119
vn 0.629246 0.756521 0.178119
vn 0.615514 0.782707 0.092259
vn 0.615514 0.782707 0.092259
vn 0.615514 0.782707 0.092259
vn 0.615514 0.782707 0.092259
vn 0.674810 0.737990 -0.001221
vn 0.674810 0.737990 -0.001221
vn 0.674810 0.737990 -0.001221
vn 0.674810 0.737990 -0.001221
vn 0.745271 0.602837 -0.284884
vn 0.745271 0.602837 -0.284884
vn 0.745271 0.602837 -0.284884
vn 0.745271 0.602837 -0.284884
vn 0.223475 0.525169 -0.821132
vn 0.223475 0.525169 -0.821132
vn 0.223475 0.525169 -0.821132
vn 0.223475 0.525169 -0.821132
vn 0.505278 0.862515 -0.027590
vn 0.505278 0.862515 -0.027590
vn 0.505278 0.862515 -0.027590
vn 0.505278 0.862515 -0.027590
vn 0.162942 0.624894 -0.763517
vn 0.162942 0.624894 -0.763517
vn 0.162942 0.624894 -0.763517
vn 0.162942 0.624894 -0.763517
vn 0.459048 0.400748 -0.792891
vn 0.459048 0.400748 -0.792891
vn 0.459048 0.400748 -0.792891
vn 0.459048 0.400748 -0.792891
vn 0.000780 0.830600 0.556869
vn 0.000780 0.830600 0.556869
vn 0.000780 0.830600 0.556869
vn 0.000780 0.830600 0.556869
vn 0.510623 0.664979 0.545039
vn 0.510623 0.664979 0.545039
vn 0.510623 0.664979 0.545039
vn 0.510623 0.664979 0.545039
vn 0.700136 0.713101 -0.036019
vn 0.700136 0.713101 -0.036019
vn 0.700136 0.713101 -0.036019
vn 0.700136 0.713101 -0.036019
vn 0.647448 0.748341 -0.144211
vn 0.647448 0.748341 -0.144211
vn 0.647448 0.748341 -0.144211
vn 0.647448 0.748341 -0.144211
vn 0.568488 0.816273 0.102567
vn 0.568488 0.816273 0.102567
vn 0.568488 0.816273 0.102567
vn 0.568488 0.816273 0.102567
vn 0.428735 0.890757 0.150789
vn 0.428735 0.890757 0.150789
vn 0.428735 0.890757 0.150789
vn 0.428735 0.890757 0.150789
vn 0.273473 0.943306 0.188115
vn 0.273473 0.943306 0.188115
vn 0.273473 0.943306 0.188115
vn 0.273473 0.943306 0.188115
vn 0.326759 0.936292 0.128788
vn 0.326759 0.936292 0.128788
vn 0.326759 0.936292 0.128788
vn 0.326759 0.936292 0.128788
vn 0.651716 0.757854 0.030377
vn 0.651716 0.757854 0.030377
vn 0.651716 0.757854 0.030377
vn 0.651716 0.757854 0.030377
vn 0.676821 0.735243 -0.036492
vn 0.676821 0.735243 -0.036492
vn 0.676821 0.735243 -0.036492
vn 0.676821 0.735243 -0.036492
vn 0.601640 0.796798 0.056058
vn 0.601640 0.796798 0.056058
vn 0.601640 0.796798 0.056058
vn 0.601640 0.796798 0.056058
vn 0.670787 0.690060 -0.271776
vn 0.670787 0.690060 -0.271776
vn 0.670787 0.690060 -0.271776
vn 0.670787 0.690060 -0.271776
vn 0.668392 0.739725 -0.077836
vn 0.668392 0.739725 -0.077836
vn 0.668392 0.739725 -0.077836
vn 0.668392 0.739725 -0.077836
vn 0.497047 0.510585 -0.701603
vn 0.497047 0.510585 -0.701603
vn 0.497047 0.510585 -0.701603
vn 0.497047 0.510585 -0.701603
vn 0.089775 0.981910 0.166715
vn 0.089775 0.981910 0.166715
vn 0.089775 0.981910 0.166715
vn 0.089775 0.981910 0.166715
vn 0.388593 0.893373 0.225565
vn 0.388593 0.893373 0.225565
vn 0.388593 0.893373 0.225565
vn 0.388593 0.893373 0.225565
vn 0.420339 0.897058 0.136390
vn 0.420339 0.897058 0.136390
vn 0.420339 0.897058 0.136390
vn 0.420339 0.897058 0.136390
vn 0.403266 0.914509 0.032397
vn 0.403266 0.914509 0.032397
vn 0.403266 0.914509 0.032397
vn 0.403266 0.914509 0.032397
vn 0.379053 0.923988 -0.050641
vn 0.379053 0.923988 -0.050641
vn 0.379053 0.923988 -0.050641
vn 0.379053 0.923988 -0.050641
vn -0.715522 0.599119 0.359283
vn -0.715522 0.599119 0.359283
vn -0.715522 0.599119 0.359283
vn -0.715522 0.599119 0.359283
vn 0.563028 0.818169 0.116615
vn 0.563028 0.818169 0.116615
vn 0.563028 0.818169 0.116615
vn 0.563028 0.818169 0.116615
vn 0.561933 0.826407 0.035815
vn 0.561933 0.826407 0.035815
vn 0.561933 0.826407 0.035815
vn 0.561933 0.826407 0.035815
vn 0.532454 0.846391 0.010690
vn 0.532454 0.846391 0.010690
vn 0.532454 0.846391 0.010690
vn 0.532454 0.846391 0.010690
vn 0.559021 0.714374 0.420909
vn 0.559021 0.714374 0.420909
vn 0.559021 0.714374 0.420909
vn 0.559021 0.714374 0.420909
vn 0.703093 0.680317 -0.206953
vn 0.703093 0.680317 -0.206953
vn 0.703093 0.680317 -0.206953
vn 0.703093 0.680317 -0.206953
vn 0.665036 0.720343 -0.197064
vn 0.665036 0.720343 -0.197064
vn 0.665036 0.720343 -0.197064
vn 0.665036 0.720343 -0.197064
vn 0.408921 0.911172 0.050494
vn 0.408921 0.911172 0.050494
vn 0.408921 0.911172 0.050494
vn 0.408921 0.911172 0.050494
vn 0.515494 0.854932 0.057942
vn 0.515494 0.854932 0.057942
vn 0.515494 0.854932 0.057942
vn 0.515494 0.854932 0.057942
vn 0.564522 0.823455 0.056895
vn 0.564522 0.823455 0.056895
vn 0.564522 0.823455 0.056895
vn 0.564522 0.823455 0.056895
vn 0.611606 0.788968 0.058887
vn 0.611606 0.788968 0.058887
vn 0.611606 0.788968 0.058887
vn 0.611606 0.788968 0.058887
vn 0.639957 0.767177 0.043521
vn 0.639957 0.767177 0.043521
vn 0.639957 0.767177 0.043521
vn 0.639957 0.767177 0.043521
vn 0.659103 0.751130 0.037257
vn 0.659103 0.751130 0.037257
vn 0.659103 0.751130 0.037257
vn 0.659103 0.751130 0.037257
vn 0.723703 0.689936 0.015547
vn 0.723703 0.689936 0.015547
vn 0.723703 0.689936 0.015547
vn 0.723703 0.689936 0.015547
vn 0.387142 0.922004 -0.005497
vn 0.387142 0.922004 -0.005497
vn 0.387142 0.922004 -0.005497
vn 0.387142 0.922004 -0.005497
vn 0.506147 0.862332 0.014071
vn 0.506147 0.862332 0.014071
vn 0.506147 0.862332 0.014071
vn 0.506147 0.862332 0.014071
vn 0.554012 0.832240 0.021156
vn 0.554012 0.832240 0.021156
vn 0.554012 0.832240 0.021156
vn 0.554012 0.832240 0.021156
vn 0.596069 0.801801 0.042614
vn 0.596069 0.801801 0.042614
vn 0.596069 0.801801 0.042614
vn 0.596069 0.801801 0.042614
vn 0.652894 0.756862 0.029812
vn 0.652894 0.756862 0.029812
vn 0.652894 0.756862 0.029812
vn 0.652894 0.756862 0.029812
vn 0.695445 0.718549 0.006635
vn 0.695445 0.718549 0.006635
vn 0.695445 0.718549 0.006635
vn 0.695445 0.718549 0.006635
vn 0.725487 0.683560 -0.080090
vn 0.725487 0.683560 -0.080090
vn 0.725487 0.683560 -0.080090
vn 0.725487 0.683560 -0.080090
vn 0.796254 0.449508 -0.404873
vn 0.796254 0.449508 -0.404873
vn 0.796254 0.449508 -0.404873
vn 0.796254 0.449508 -0.404873
vn 0.383143 0.915797 -0.120489
vn 0.383143 0.915797 -0.120489
vn 0.383143 0.915797 -0.120489
vn 0.383143 0.915797 -0.120489
vn 0.491838 0.867411 -0.075457
vn 0.491838 0.867411 -0.075457
vn 0.491838 0.867411 -0.075457
vn 0.491838 0.867411 -0.075457
vn 0.496338 0.867292 -0.038128
vn 0.496338 0.867292 -0.038128
vn 0.496338 0.867292 -0.038128
vn 0.496338 0.867292 -0.038128
vn 0.634778 0.771875 -0.035590
vn 0.634778 0.771875 -0.035590
vn 0.634778 0.771875 -0.035590
vn 0.634778 0.771875 -0.035590
vn 0.702984 0.705451 -0.090287
vn 0.702984 0.705451 -0.090287
vn 0.702984 0.705451 -0.090287
vn 0.702984 0.705451 -0.090287
vn 0.671121 0.738457 -0.065405
vn 0.671121 0.738457 -0.065405
vn 0.671121 0.738457 -0.065405
vn 0.671121 0.738457 -0.065405
vn 0.749600 0.493760 -0.440796
vn 0.749600 0.493760 -0.440796
vn 0.749600 0.493760 -0.440796
vn 0.749600 0.493760 -0.440796
vn 0.547751 0.808561 0.214935
vn 0.547751 0.808561 0.214935
vn 0.547751 0.808561 0.214935
vn 0.547751 0.808561 0.214935
vn 0.503925 0.830959 0.235727
vn 0.503925 0.830959 0.235727
vn 0.503925 0.830959 0.235727
vn 0.503925 0.830959 0.235727
vn 0.362952 0.893274 0.265192
vn 0.362952 0.893274 0.265192
vn 0.362952 0.893274 0.265192
vn 0.362952 0.893274 0.265192
vn 0.530941 0.798304 0.284274
vn 0.530941 0.798304 0.284274
vn 0.530941 0.798304 0.284274
vn 0.530941 0.798304 0.284274
vn 0.470763 0.830876 0.296694
vn 0.470763 0.830876 0.296694
vn 0.470763 0.830876 0.296694
vn 0.470763 0.830876 0.296694
vn 0.314890 0.890708 0.327847
vn 0.314890 0.890708 0.327847
vn 0.314890 0.890708 0.327847
vn 0.314890 0.890708 0.327847
vn 0.543488 0.756885 0.362967
vn 0.543488 0.756885 0.362967
vn 0.543488 0.756885 0.362967
vn 0.543488 0.756885 0.362967
vn 0.445731 0.808487 0.384283
vn 0.445731 0.808487 0.384283
vn 0.445731 0.808487 0.384283
vn 0.445731 0.808487 0.384283
vn 0.256250 0.875410 0.409870
vn 0.256250 0.875410 0.409870
vn 0.256250 0.875410 0.409870
vn 0.256250 0.875410 0.409870
vn 0.504094 0.685641 0.525152
vn 0.504094 0.685641 0.525152
vn 0.504094 0.685641 0.525152
vn 0.504094 0.685641 0.525152
vn 0.293316 0.786038 0.544160
vn 0.293316 0.786038 0.544160
vn 0.293316 0.786038 0.544160
vn 0.293316 0.786038 0.544160
vn 0.344364 0.880398 0.326056
vn 0.344364 0.880398 0.326056
vn 0.344364 0.880398 0.326056
vn 0.344364 0.880398 0.326056
vn 0.483373 0.829354 0.280219
vn 0.483373 0.829354 0.280219
vn 0.483373 0.829354 0.280219
vn 0.483373 0.829354 0.280219
vn 0.537114 0.803472 0.256792
vn 0.537114 0.803472 0.256792
vn 0.537114 0.803472 0.256792
vn 0.537114 0.803472 0.256792
vn 0.606270 0.754061 0.252643
vn 0.606270 0.754061 0.252643
vn 0.606270 0.754061 0.252643
vn 0.606270 0.754061 0.252643
vn 0.633588 0.724434 0.271591
vn 0.633588 0.724434 0.271591
vn 0.633588 0.724434 0.271591
vn 0.633588 0.724434 0.271591
vn 0.548278 0.791718 0.269397
vn 0.548278 0.791718 0.269397
vn 0.548278 0.791718 0.269397
vn 0.548278 0.791718 0.269397
vn 0.460940 0.850191 0.254383
vn 0.460940 0.850191 0.254383
vn 0.460940 0.850191 0.254383
vn 0.460940 0.850191 0.254383
vn 0.395280 0.897228 0.196813
vn 0.395280 0.897228 0.196813
vn 0.395280 0.897228 0.196813
vn 0.395280 0.897228 0.196813
vn 0.515336 0.840908 0.165234
vn 0.515336 0.840908 0.165234
vn 0.515336 0.840908 0.165234
vn 0.515336 0.840908 0.165234
vn 0.556526 0.814858 0.162126
vn 0.556526 0.814858 0.162126
vn 0.556526 0.814858 0.162126
vn 0.556526 0.814858 0.162126
vn 0.615293 0.774007 0.149423
vn 0.615293 0.774007 0.149423
vn 0.615293 0.774007 0.149423
vn 0.615293 0.774007 0.149423
vn 0.616197 0.771265 0.159535
vn 0.616197 0.771265 0.159535
vn 0.616197 0.771265 0.159535
vn 0.616197 0.771265 0.159535
vn 0.568392 0.794272 0.214621
vn 0.568392 0.794272 0.214621
vn 0.568392 0.794272 0.214621
vn 0.568392 0.794272 0.214621
vn 0.587259 0.755847 0.289521
vn 0.587259 0.755847 0.289521
vn 0.587259 0.755847 0.289521
vn 0.587259 0.755847 0.289521
vn 0.540353 0.796444 0.271470
vn 0.540353 0.796444 0.271470
vn 0.540353 0.796444 0.271470
vn 0.540353 0.796444 0.271470
vn 0.313420 0.890822 0.328945
vn 0.313420 0.890822 0.328945
vn 0.313420 0.890822 0.328945
vn 0.313420 0.890822 0.328945
vn 0.307291 0.943424 0.124595
vn 0.307291 0.943424 0.124595
vn 0.307291 0.943424 0.124595
vn 0.307291 0.943424 0.124595
vn 0.385144 0.902032 0.194941
vn 0.385144 0.902032 0.194941
vn 0.385144 0.902032 0.194941
vn 0.385144 0.902032 0.194941
vn 0.478253 0.801554 0.358866
vn 0.478253 0.801554 0.358866
vn 0.478253 0.801554 0.358866
vn 0.478253 0.801554 0.358866
vn 0.445980 0.805185 0.390869
vn 0.445980 0.805185 0.390869
vn 0.445980 0.805185 0.390869
vn 0.445980 0.805185 0.390869
vn 0.543639 0.643592 0.538745
vn 0.543639 0.643592 0.538745
vn 0.543639 0.643592 0.538745
vn 0.543639 0.643592 0.538745
vn 0.234470 0.786281 0.571652
vn 0.234470 0.786281 0.571652
vn 0.234470 0.786281 0.571652
vn 0.234470 0.786281 0.571652
vn 0.585886 0.730073 0.351754
vn 0.585886 0.730073 0.351754
vn 0.585886 0.730073 0.351754
vn 0.585886 0.730073 0.351754
vn 0.306890 0.681479 0.664383
vn 0.306890 0.681479 0.664383
vn 0.306890 0.681479 0.664383
vn 0.306890 0.681479 0.664383
vn -0.070164 0.996253 0.050558
vn -0.070164 0.996253 0.050558
vn -0.070164 0.996253 0.050558
vn -0.070164 0.996253 0.050558
vn 0.934950 -0.115758 -0.335365
vn 0.934950 -0.115758 -0.335365
vn 0.934950 -0.115758 -0.335365
vn 0.934950 -0.115758 -0.335365
vn 0.543529 0.017254 0.839213
vn 0.543529 0.017254 0.839213
vn 0.543529 0.017254 0.839213
vn 0.543529 0.017254 0.839213
vn -0.412375 -0.369942 0.832520
vn -0.412375 -0.369942 0.832520
vn -0.412375 -0.369942 0.832520
vn -0.412375 -0.369942 0.832520
vn 0.896172 -0.007829 0.443637
vn 0.896172 -0.007829 0.443637
vn 0.896172 -0.007829 0.443637
vn 0.896172 -0.007829 0.443637
vn 0.869563 -0.021707 0.493345
vn 0.869563 -0.021707 0.493345
vn 0.869563 -0.021707 0.493345
vn 0.869563 -0.021707 0.493345
vn 0.776215 -0.008631 0.630409
vn 0.776215 -0.008631 0.630409
vn 0.776215 -0.008631 0.630409
vn 0.776215 -0.008631 0.630409
vn 0.571281 -0.013747 0.820640
vn 0.571281 -0.013747 0.820640
vn 0.571281 -0.013747 0.820640
vn 0.571281 -0.013747 0.820640
vn 0.959353 0.002023 -0.282202
vn 0.959353 0.002023 -0.282202
vn 0.959353 0.002023 -0.282202
vn 0.959353 0.002023 -0.282202
vn 0.666570 -0.009398 0.745384
vn 0.666570 -0.009398 0.745384
vn 0.666570 -0.009398 0.745384
vn 0.666570 -0.009398 0.745384
vn 0.399628 -0.048143 0.915412
vn 0.399628 -0.048143 0.915412
vn 0.399628 -0.048143 0.915412
vn 0.399628 -0.048143 0.915412
vn 0.781978 -0.025529 0.622783
vn 0.781978 -0.025529 0.622783
vn 0.781978 -0.025529 0.622783
vn 0.781978 -0.025529 0.622783
vn 0.855028 -0.286077 -0.432536
vn 0.855028 -0.286077 -0.432536
vn 0.855028 -0.286077 -0.432536
vn 0.855028 -0.286077 -0.432536
vn 0.974869 0.118477 0.188664
vn 0.974869 0.118477 0.188664
vn 0.974869 0.118477 0.188664
vn 0.974869 0.118477 0.188664
vn 0.534466 -0.015404 -0.845050
vn 0.534466 -0.015404 -0.845050
vn 0.534466 -0.015404 -0.845050
vn 0.534466 -0.015404 -0.845050
vn 0.923229 -0.030894 0.383006
vn 0.923229 -0.030894 0.383006
vn 0.923229 -0.030894 0.383006
vn 0.923229 -0.030894 0.383006
vn 0.397683 -0.916698 -0.038896
vn 0.397683 -0.916698 -0.038896
vn 0.397683 -0.916698 -0.038896
vn 0.397683 -0.916698 -0.038896
vn 0.189728 -0.980458 0.052012
vn 0.189728 -0.980458 0.052012
vn 0.189728 -0.980458 0.052012
vn 0.189728 -0.980458 0.052012
vn -0.200954 -0.794845 0.572572
vn -0.200954 -0.794845 0.572572
vn -0.200954 -0.794845 0.572572
vn -0.200954 -0.794845 0.572572
vn 0.115603 -0.987522 -0.106941
vn 0.115603 -0.987522 -0.106941
vn 0.115603 -0.987522 -0.106941
vn 0.115603 -0.987522 -0.106941
vn 0.178912 -0.980668 0.079252
vn 0.178912 -0.980668 0.079252
vn 0.178912 -0.980668 0.079252
vn 0.178912 -0.980668 0.079252
vn 0.098264 -0.947875 0.303114
vn 0.098264 -0.947875 0.303114
vn 0.098264 -0.947875 0.303114
vn 0.098264 -0.947875 0.303114
vn -0.124946 -0.985687 0.113180
vn -0.124946 -0.985687 0.113180
vn -0.124946 -0.985687 0.113180
vn -0.124946 -0.985687 0.113180
vn 0.279306 -0.960127 -0.012024
vn 0.279306 -0.960127 -0.012024
vn 0.279306 -0.960127 -0.012024
vn 0.279306 -0.960127 -0.012024
vn 0.264963 -0.956239 0.124101
vn 0.264963 -0.956239 0.124101
vn 0.264963 -0.956239 0.124101
vn 0.264963 -0.956239 0.124101
vn 0.012674 -0.755883 0.654584
vn 0.012674 -0.755883 0.654584
vn 0.012674 -0.755883 0.654584
vn 0.012674 -0.755883 0.654584
vn 0.515187 -0.821609 -0.244011
vn 0.515187 -0.821609 -0.244011
vn 0.515187 -0.821609 -0.244011
vn 0.515187 -0.821609 -0.244011
vn 0.254856 -0.962328 -0.094728
vn 0.254856 -0.962328 -0.094728
vn 0.254856 -0.962328 -0.094728
vn 0.254856 -0.962328 -0.094728
vn 0.506025 -0.834769 -0.217022
vn 0.506025 -0.834769 -0.217022
vn 0.506025 -0.834769 -0.217022
vn 0.506025 -0.834769 -0.217022
vn 0.272232 -0.960216 -0.062242
vn 0.272232 -0.960216 -0.062242
vn 0.272232 -0.960216 -0.062242
vn 0.272232 -0.960216 -0.062242
vn 0.916454 0.099589 -0.387549
vn 0.916454 0.099589 -0.387549
vn 0.916454 0.099589 -0.387549
vn 0.916454 0.099589 -0.387549
vn 0.433732 0.896602 -0.089341
vn 0.433732 0.896602 -0.089341
vn 0.433732 0.896602 -0.089341
vn 0.433732 0.896602 -0.089341
vn 0.047938 0.990098 -0.131941
vn 0.047938 0.990098 -0.131941
vn 0.047938 0.990098 -0.131941
vn 0.047938 0.990098 -0.131941
vn 0.073568 0.952252 0.296317
vn 0.073568 0.952252 0.296317
vn 0.073568 0.952252 0.296317
vn 0.073568 0.952252 0.296317
vn 0.443099 0.893449 0.073566
vn 0.443099 0.893449 0.073566
vn 0.443099 0.893449 0.073566
vn 0.443099 0.893449 0.073566
vn 0.087022 0.985759 0.143900
vn 0.087022 0.985759 0.143900
vn 0.087022 0.985759 0.143900
vn 0.087022 0.985759 0.143900
vn 0.117898 0.981946 0.147923
vn 0.117898 0.981946 0.147923
vn 0.117898 0.981946 0.147923
vn 0.117898 0.981946 0.147923
vn -0.166075 0.941043 0.294715
vn -0.166075 0.941043 0.294715
vn -0.166075 0.941043 0.294715
vn -0.166075 0.941043 0.294715
vn -0.167279 0.972862 0.159865
vn -0.167279 0.972862 0.159865
vn -0.167279 0.972862 0.159865
vn -0.167279 0.972862 0.159865
vn 0.225341 0.971692 -0.070962
vn 0.225341 0.971692 -0.070962
vn 0.225341 0.971692 -0.070962
vn 0.225341 0.971692 -0.070962
vn -0.107441 0.986536 0.123300
vn -0.107441 0.986536 0.123300
vn -0.107441 0.986536 0.123300
vn -0.107441 0.986536 0.123300
vn 0.291812 0.949045 -0.118989
vn 0.291812 0.949045 -0.118989
vn 0.291812 0.949045 -0.118989
vn 0.291812 0.949045 -0.118989
vn 0.005031 0.992104 -0.125318
vn 0.005031 0.992104 -0.125318
vn 0.005031 0.992104 -0.125318
vn 0.005031 0.992104 -0.125318
vn 0.211706 0.967554 0.137910
vn 0.211706 0.967554 0.137910
vn 0.211706 0.967554 0.137910
vn 0.211706 0.967554 0.137910
vn 0.175273 0.980265 -0.091438
vn 0.175273 0.980265 -0.091438
vn 0.175273 0.980265 -0.091438
vn 0.175273 0.980265 -0.091438
vn -0.215384 0.968024 -0.128608
vn -0.215384 0.968024 -0.128608
vn -0.215384 0.968024 -0.128608
vn -0.215384 0.968024 -0.128608
vn 0.624652 -0.710154 -0.324794
vn 0.624652 -0.710154 -0.324794
vn 0.624652 -0.710154 -0.324794
vn 0.624652 -0.710154 -0.324794
vn 0.362583 -0.924983 -0.113757
vn 0.362583 -0.924983 -0.113757
vn 0.362583 -0.924983 -0.113757
vn 0.362583 -0.924983 -0.113757
vn 0.425521 -0.903743 -0.046700
vn 0.425521 -0.903743 -0.046700
vn 0.425521 -0.903743 -0.046700
vn 0.425521 -0.903743 -0.046700
vn 0.308659 -0.894053 0.324652
vn 0.308659 -0.894053 0.324652
vn 0.308659 -0.894053 0.324652
vn 0.308659 -0.894053 0.324652
vn 0.385945 -0.916110 -0.108577
vn 0.385945 -0.916110 -0.108577
vn 0.385945 -0.916110 -0.108577
vn 0.385945 -0.916110 -0.108577
vn 0.300017 -0.953740 -0.019223
vn 0.300017 -0.953740 -0.019223
vn 0.300017 -0.953740 -0.019223
vn 0.300017 -0.953740 -0.019223
vn 0.235502 -0.922864 0.304731
vn 0.235502 -0.922864 0.304731
vn 0.235502 -0.922864 0.304731
vn 0.235502 -0.922864 0.304731
vn 0.348876 -0.936886 0.023007
vn 0.348876 -0.936886 0.023007
vn 0.348876 -0.936886 0.023007
vn 0.348876 -0.936886 0.023007
vn 0.383869 -0.923380 -0.003826
vn 0.383869 -0.923380 -0.003826
vn 0.383869 -0.923380 -0.003826
vn 0.383869 -0.923380 -0.003826
vn 0.294399 -0.955104 0.033245
vn 0.294399 -0.955104 0.033245
vn 0.294399 -0.955104 0.033245
vn 0.294399 -0.955104 0.033245
vn 0.126406 -0.980274 0.151938
vn 0.126406 -0.980274 0.151938
vn 0.126406 -0.980274 0.151938
vn 0.126406 -0.980274 0.151938
vn 0.462878 -0.884432 -0.059357
vn 0.462878 -0.884432 -0.059357
vn 0.462878 -0.884432 -0.059357
vn 0.462878 -0.884432 -0.059357
vn 0.092669 -0.946620 -0.308743
vn 0.092669 -0.946620 -0.308743
vn 0.092669 -0.946620 -0.308743
vn 0.092669 -0.946620 -0.308743
vn 0.492236 -0.638330 -0.591810
vn 0.492236 -0.638330 -0.591810
vn 0.492236 -0.638330 -0.591810
vn 0.492236 -0.638330 -0.591810
vn -0.074485 -0.979878 0.185181
vn -0.074485 -0.979878 0.185181
vn -0.074485 -0.979878 0.185181
vn -0.074485 -0.979878 0.185181
vn -0.966284 0.067840 0.248379
vn -0.966284 0.067840 0.248379
vn -0.966284 0.067840 0.248379
vn -0.966284 0.067840 0.248379
vn 0.508942 0.803464 0.308907
vn 0.508942 0.803464 0.308907
vn 0.508942 0.803464 0.308907
vn 0.508942 0.803464 0.308907
vn 0.820222 -0.015451 0.571836
vn 0.820222 -0.015451 0.571836
vn 0.820222 -0.015451 0.571836
vn 0.820222 -0.015451 0.571836
vn -0.093040 -0.984280 -0.150123
vn -0.093040 -0.984280 -0.150123
vn -0.093040 -0.984280 -0.150123
vn -0.093040 -0.984280 -0.150123
vn 0.000000 -0.985502 -0.169662
vn 0.000000 -0.985502 -0.169662
vn 0.000000 -0.985502 -0.169662
vn 0.000000 -0.985502 -0.169662
vn -0.997774 0.037541 -0.055118
vn -0.997774 0.037541 -0.055118
vn -0.997774 0.037541 -0.055118
vn -0.997774 0.037541 -0.055118
vn 0.061731 0.814561 0.576784
vn 0.061731 0.814561 0.576784
vn 0.061731 0.814561 0.576784
vn 0.061731 0.814561 0.576784
vn 0.570095 0.810973 -0.131588
vn 0.570095 0.810973 -0.131588
vn 0.570095 0.810973 -0.131588
vn 0.596996 0.752644 0.277710
vn 0.596996 0.752644 0.277710
vn 0.596996 0.752644 0.277710
vn 0.596996 0.752644 0.277710
vn 0.562865 0.767675 0.306363
vn 0.562865 0.767675 0.306363
vn 0.562865 0.767675 0.306363
vn 0.562865 0.767675 0.306363
vn 0.488410 0.836784 0.247484
vn 0.488410 0.836784 0.247484
vn 0.488410 0.836784 0.247484
vn 0.488410 0.836784 0.247484
vn -0.037129 0.978879 0.201039
vn -0.037129 0.978879 0.201039
vn -0.037129 0.978879 0.201039
vn -0.037129 0.978879 0.201039
vn 0.988231 -0.003995 0.152918
vn 0.988231 -0.003995 0.152918
vn 0.988231 -0.003995 0.152918
vn 0.988231 -0.003995 0.152918
vn 0.153841 -0.986747 0.051609
vn 0.153841 -0.986747 0.051609
vn 0.153841 -0.986747 0.051609
vn 0.153841 -0.986747 0.051609
vn 0.273187 -0.961407 0.032652
vn 0.273187 -0.961407 0.032652
vn 0.273187 -0.961407 0.032652
vn 0.273187 -0.961407 0.032652
vn 0.321263 -0.942341 0.093724
vn 0.321263 -0.942341 0.093724
vn 0.321263 -0.942341 0.093724
vn 0.321263 -0.942341 0.093724
vn 0.166548 -0.985000 -0.045120
vn 0.166548 -0.985000 -0.045120
vn 0.166548 -0.985000 -0.045120
vn 0.166548 -0.985000 -0.045120
vn 0.998897 0.017100 0.043734
vn 0.998897 0.017100 0.043734
vn 0.998897 0.017100 0.043734
vn 0.998897 0.017100 0.043734
vn 0.022521 0.993841 -0.108502
vn 0.022521 0.993841 -0.108502
vn 0.022521 0.993841 -0.108502
vn 0.022521 0.993841 -0.108502
vn 0.352267 0.920839 0.167225
vn 0.352267 0.920839 0.167225
vn 0.352267 0.920839 0.167225
vn 0.352267 0.920839 0.167225
vn 0.608430 0.741736 0.282206
vn 0.608430 0.741736 0.282206
vn 0.608430 0.741736 0.282206
vn 0.608430 0.741736 0.282206
vn 0.529018 0.809321 0.255226
vn 0.529018 0.809321 0.255226
vn 0.529018 0.809321 0.255226
vn 0.529018 0.809321 0.255226
vn 0.283302 -0.959029 -0.001670
vn 0.283302 -0.959029 -0.001670
vn 0.283302 -0.959029 -0.001670
vn 0.283302 -0.959029 -0.001670
vn 0.310564 -0.947982 0.069858
vn 0.310564 -0.947982 0.069858
vn 0.310564 -0.947982 0.069858
vn 0.310564 -0.947982 0.069858
vn 0.648378 0.733664 0.203329
vn 0.648378 0.733664 0.203329
vn 0.648378 0.733664 0.203329
vn 0.648378 0.733664 0.203329
vn 0.586575 0.800771 0.121229
vn 0.586575 0.800771 0.121229
vn 0.586575 0.800771 0.121229
vn 0.586575 0.800771 0.121229
vn 0.618025 0.780598 0.093332
vn 0.618025 0.780598 0.093332
vn 0.618025 0.780598 0.093332
vn 0.618025 0.780598 0.093332
vn -0.074358 0.993128 0.090376
vn -0.074358 0.993128 0.090376
vn -0.074358 0.993128 0.090376
vn -0.074358 0.993128 0.090376
vn 0.999134 -0.008272 -0.040768
vn 0.999134 -0.008272 -0.040768
vn 0.999134 -0.008272 -0.040768
vn 0.999134 -0.008272 -0.040768
vn 0.092942 -0.983578 -0.154712
vn 0.092942 -0.983578 -0.154712
vn 0.092942 -0.983578 -0.154712
vn 0.092942 -0.983578 -0.154712
vn 0.348746 -0.936557 -0.035168
vn 0.348746 -0.936557 -0.035168
vn 0.348746 -0.936557 -0.035168
vn 0.348746 -0.936557 -0.035168
vn 0.307324 -0.948733 -0.073875
vn 0.307324 -0.948733 -0.073875
vn 0.307324 -0.948733 -0.073875
vn 0.307324 -0.948733 -0.073875
vn 0.289675 -0.949894 -0.117428
vn 0.289675 -0.949894 -0.117428
vn 0.289675 -0.949894 -0.117428
vn 0.289675 -0.949894 -0.117428
vn 0.995962 0.005588 -0.089602
vn 0.995962 0.005588 -0.089602
vn 0.995962 0.005588 -0.089602
vn 0.995962 0.005588 -0.089602
vn 0.213846 0.976864 -0.002756
vn 0.213846 0.976864 -0.002756
vn 0.213846 0.976864 -0.002756
vn 0.213846 0.976864 -0.002756
vn 0.509446 0.844275 0.166325
vn 0.509446 0.844275 0.166325
vn 0.509446 0.844275 0.166325
vn 0.509446 0.844275 0.166325
vn 0.576275 0.798043 0.176166
vn 0.576275 0.798043 0.176166
vn 0.576275 0.798043 0.176166
vn 0.576275 0.798043 0.176166
vn 0.560438 0.815742 0.143089
vn 0.560438 0.815742 0.143089
vn 0.560438 0.815742 0.143089
vn 0.560438 0.815742 0.143089
vn 0.442064 -0.888049 -0.126288
vn 0.442064 -0.888049 -0.126288
vn 0.442064 -0.888049 -0.126288
vn 0.442064 -0.888049 -0.126288
vn 0.347695 -0.937607 0.001289
vn 0.347695 -0.937607 0.001289
vn 0.347695 -0.937607 0.001289
vn 0.347695 -0.937607 0.001289
vn 0.647584 0.761627 0.023637
vn 0.647584 0.761627 0.023637
vn 0.647584 0.761627 0.023637
vn 0.647584 0.761627 0.023637
vn 0.715133 0.698884 -0.012128
vn 0.715133 0.698884 -0.012128
vn 0.715133 0.698884 -0.012128
vn 0.715133 0.698884 -0.012128
vn 0.344984 0.913531 0.215514
vn 0.344984 0.913531 0.215514
vn 0.344984 0.913531 0.215514
vn 0.344984 0.913531 0.215514
vn -0.972361 -0.045996 -0.228906
vn -0.972361 -0.045996 -0.228906
vn -0.972361 -0.045996 -0.228906
vn -0.972361 -0.045996 -0.228906
vn 0.455430 -0.890255 0.005409
vn 0.455430 -0.890255 0.005409
vn 0.455430 -0.890255 0.005409
vn 0.455430 -0.890255 0.005409
vn 0.371272 -0.928407 -0.014721
vn 0.371272 -0.928407 -0.014721
vn 0.371272 -0.928407 -0.014721
vn 0.371272 -0.928407 -0.014721
vn 0.368642 -0.929486 -0.012637
vn 0.368642 -0.929486 -0.012637
vn 0.368642 -0.929486 -0.012637
vn 0.368642 -0.929486 -0.012637
vn 0.287989 -0.951027 0.112297
vn 0.287989 -0.951027 0.112297
vn 0.287989 -0.951027 0.112297
vn 0.287989 -0.951027 0.112297
vn 0.803324 -0.038145 0.594320
vn 0.803324 -0.038145 0.594320
vn 0.803324 -0.038145 0.594320
vn 0.803324 -0.038145 0.594320
vn 0.153475 0.981226 0.116792
vn 0.153475 0.981226 0.116792
vn 0.153475 0.981226 0.116792
vn 0.153475 0.981226 0.116792
vn 0.754881 0.649772 -0.089168
vn 0.754881 0.649772 -0.089168
vn 0.754881 0.649772 -0.089168
vn 0.754881 0.649772 -0.089168
vn 0.649612 0.758372 -0.053626
vn 0.649612 0.758372 -0.053626
vn 0.649612 0.758372 -0.053626
vn 0.649612 0.758372 -0.053626
vn 0.663370 0.748243 -0.008499
vn 0.663370 0.748243 -0.008499
vn 0.663370 0.748243 -0.008499
vn 0.663370 0.748243 -0.008499
vn 0.606870 0.792857 0.055556
vn 0.606870 0.792857 0.055556
vn 0.606870 0.792857 0.055556
vn 0.606870 0.792857 0.055556
vn 0.353323 -0.935327 0.018070
vn 0.353323 -0.935327 0.018070
vn 0.353323 -0.935327 0.018070
vn 0.353323 -0.935327 0.018070
vn 0.398105 -0.917257 0.012284
vn 0.398105 -0.917257 0.012284
vn 0.398105 -0.917257 0.012284
vn 0.398105 -0.917257 0.012284
vn 0.380693 0.869815 0.313839
vn 0.380693 0.869815 0.313839
vn 0.380693 0.869815 0.313839
vn 0.380693 0.869815 0.313839
vn 0.052727 0.952357 0.300394
vn 0.052727 0.952357 0.300394
vn 0.052727 0.952357 0.300394
vn 0.052727 0.952357 0.300394
vn 0.942928 0.026643 -0.331930
vn 0.942928 0.026643 -0.331930
vn 0.942928 0.026643 -0.331930
vn 0.942928 0.026643 -0.331930
vn 0.225983 -0.969190 -0.097996
vn 0.225983 -0.969190 -0.097996
vn 0.225983 -0.969190 -0.097996
vn 0.225983 -0.969190 -0.097996
vn 0.351769 -0.927435 -0.126979
vn 0.351769 -0.927435 -0.126979
vn 0.351769 -0.927435 -0.126979
vn 0.351769 -0.927435 -0.126979
vn 0.334418 -0.942415 -0.004337
vn 0.334418 -0.942415 -0.004337
vn 0.334418 -0.942415 -0.004337
vn 0.334418 -0.942415 -0.004337
vn -0.019113 -0.994128 0.106506
vn -0.019113 -0.994128 0.106506
vn -0.019113 -0.994128 0.106506
vn -0.019113 -0.994128 0.106506
vn -0.038675 -0.015632 0.999130
vn -0.038675 -0.015632 0.999130
vn -0.038675 -0.015632 0.999130
vn -0.038675 -0.015632 0.999130
vn -0.026964 0.972973 0.229340
vn -0.026964 0.972973 0.229340
vn -0.026964 0.972973 0.229340
vn -0.026964 0.972973 0.229340
vn 0.390800 0.863454 0.318939
vn 0.390800 0.863454 0.318939
vn 0.390800 0.863454 0.318939
vn 0.390800 0.863454 0.318939
vn 0.523836 0.779092 0.344401
vn 0.523836 0.779092 0.344401
vn 0.523836 0.779092 0.344401
vn 0.523836 0.779092 0.344401
vn 0.354691 -0.934891 -0.013151
vn 0.354691 -0.934891 -0.013151
vn 0.354691 -0.934891 -0.013151
vn 0.354691 -0.934891 -0.013151
vn 0.414073 -0.905427 -0.093521
vn 0.414073 -0.905427 -0.093521
vn 0.414073 -0.905427 -0.093521
vn 0.414073 -0.905427 -0.093521
vn 0.558568 0.771958 0.303450
vn 0.558568 0.771958 0.303450
vn 0.558568 0.771958 0.303450
vn 0.558568 0.771958 0.303450
vn 0.381405 0.923484 0.041320
vn 0.381405 0.923484 0.041320
vn 0.381405 0.923484 0.041320
vn 0.381405 0.923484 0.041320
vn 0.305145 0.950579 -0.057331
vn 0.305145 0.950579 -0.057331
vn 0.305145 0.950579 -0.057331
vn 0.305145 0.950579 -0.057331
vn 0.805771 -0.008319 -0.592169
vn 0.805771 -0.008319 -0.592169
vn 0.805771 -0.008319 -0.592169
vn 0.805771 -0.008319 -0.592169
vn 0.166509 -0.966734 0.194165
vn 0.166509 -0.966734 0.194165
vn 0.166509 -0.966734 0.194165
vn 0.166509 -0.966734 0.194165
vn 0.158063 -0.964369 0.212153
vn 0.158063 -0.964369 0.212153
vn 0.158063 -0.964369 0.212153
vn 0.158063 -0.964369 0.212153
vn -0.010653 -0.907796 0.419277
vn -0.010653 -0.907796 0.419277
vn -0.010653 -0.907796 0.419277
vn -0.010653 -0.907796 0.419277
vn -0.428204 0.012639 0.903594
vn -0.428204 0.012639 0.903594
vn -0.428204 0.012639 0.903594
vn -0.428204 0.012639 0.903594
vn -0.067755 0.973848 0.216862
vn -0.067755 0.973848 0.216862
vn -0.067755 0.973848 0.216862
vn -0.067755 0.973848 0.216862
vn 0.324766 0.931115 0.165988
vn 0.324766 0.931115 0.165988
vn 0.324766 0.931115 0.165988
vn 0.324766 0.931115 0.165988
vn 0.403143 0.905252 0.134145
vn 0.403143 0.905252 0.134145
vn 0.403143 0.905252 0.134145
vn 0.403143 0.905252 0.134145
vn 0.545148 0.790554 0.278995
vn 0.545148 0.790554 0.278995
vn 0.545148 0.790554 0.278995
vn 0.545148 0.790554 0.278995
vn 0.583506 0.738843 0.337092
vn 0.583506 0.738843 0.337092
vn 0.583506 0.738843 0.337092
vn 0.583506 0.738843 0.337092
vn 0.603890 0.722002 0.337683
vn 0.603890 0.722002 0.337683
vn 0.603890 0.722002 0.337683
vn 0.603890 0.722002 0.337683
vn 0.388046 0.906571 0.165981
vn 0.388046 0.906571 0.165981
vn 0.388046 0.906571 0.165981
vn 0.388046 0.906571 0.165981
vn 0.408819 0.856221 0.315836
vn 0.408819 0.856221 0.315836
vn 0.408819 0.856221 0.315836
vn 0.408819 0.856221 0.315836
vn 0.286766 0.938604 0.191799
vn 0.286766 0.938604 0.191799
vn 0.286766 0.938604 0.191799
vn 0.286766 0.938604 0.191799
vn 0.352825 0.894798 0.273589
vn 0.352825 0.894798 0.273589
vn 0.352825 0.894798 0.273589
vn 0.352825 0.894798 0.273589
vn 0.213853 -0.492164 -0.843825
vn 0.213853 -0.492164 -0.843825
vn 0.213853 -0.492164 -0.843825
vn 0.213853 -0.492164 -0.843825
vn 0.305025 -0.910967 0.277668
vn 0.305025 -0.910967 0.277668
vn 0.305025 -0.910967 0.277668
vn 0.305025 -0.910967 0.277668
vn 0.166449 -0.900184 0.402447
vn 0.166449 -0.900184 0.402447
vn 0.166449 -0.900184 0.402447
vn 0.166449 -0.900184 0.402447
vn 0.184873 -0.931048 0.314598
vn 0.184873 -0.931048 0.314598
vn 0.184873 -0.931048 0.314598
vn 0.184873 -0.931048 0.314598
vn -0.052748 -0.823528 0.564819
vn -0.052748 -0.823528 0.564819
vn -0.052748 -0.823528 0.564819
vn -0.052748 -0.823528 0.564819
vn -0.313579 0.108266 0.943370
vn -0.313579 0.108266 0.943370
vn -0.313579 0.108266 0.943370
vn -0.313579 0.108266 0.943370
vn 0.122377 0.951689 0.281624
vn 0.122377 0.951689 0.281624
vn 0.122377 0.951689 0.281624
vn 0.122377 0.951689 0.281624
vn 0.251110 0.947772 0.196651
vn 0.251110 0.947772 0.196651
vn 0.251110 0.947772 0.196651
vn 0.251110 0.947772 0.196651
vn 0.389611 0.888438 0.242654
vn 0.389611 0.888438 0.242654
vn 0.389611 0.888438 0.242654
vn 0.389611 0.888438 0.242654
vn 0.436218 0.796518 0.418656
vn 0.436218 0.796518 0.418656
vn 0.436218 0.796518 0.418656
vn 0.436218 0.796518 0.418656
vn 0.512488 0.810021 0.284995
vn 0.512488 0.810021 0.284995
vn 0.512488 0.810021 0.284995
vn 0.512488 0.810021 0.284995
vn 0.634823 0.696394 0.334715
vn 0.634823 0.696394 0.334715
vn 0.634823 0.696394 0.334715
vn 0.634823 0.696394 0.334715
vn 0.536164 0.771164 0.343270
vn 0.536164 0.771164 0.343270
vn 0.536164 0.771164 0.343270
vn 0.536164 0.771164 0.343270
vn 0.563555 0.753493 0.338605
vn 0.563555 0.753493 0.338605
vn 0.563555 0.753493 0.338605
vn 0.563555 0.753493 0.338605
vn 0.285567 0.864357 0.413930
vn 0.285567 0.864357 0.413930
vn 0.285567 0.864357 0.413930
vn 0.285567 0.864357 0.413930
vn 0.453464 0.822050 0.344390
vn 0.453464 0.822050 0.344390
vn 0.453464 0.822050 0.344390
vn 0.453464 0.822050 0.344390
vn 0.539806 0.779468 0.317867
vn 0.539806 0.779468 0.317867
vn 0.539806 0.779468 0.317867
vn 0.539806 0.779468 0.317867
vn 0.609572 0.727275 0.315425
vn 0.609572 0.727275 0.315425
vn 0.609572 0.727275 0.315425
vn 0.609572 0.727275 0.315425
vn 0.644829 0.697644 0.312232
vn 0.644829 0.697644 0.312232
vn 0.644829 0.697644 0.312232
vn 0.644829 0.697644 0.312232
vn 0.266674 0.843224 0.466753
vn 0.266674 0.843224 0.466753
vn 0.266674 0.843224 0.466753
vn 0.266674 0.843224 0.466753
vn 0.446339 0.786567 0.426726
vn 0.446339 0.786567 0.426726
vn 0.446339 0.786567 0.426726
vn 0.446339 0.786567 0.426726
vn 0.542009 0.741927 0.394678
vn 0.542009 0.741927 0.394678
vn 0.542009 0.741927 0.394678
vn 0.542009 0.741927 0.394678
vn 0.591650 0.706643 0.388081
vn 0.591650 0.706643 0.388081
vn 0.591650 0.706643 0.388081
vn 0.591650 0.706643 0.388081
vn 0.623500 0.686704 0.373746
vn 0.623500 0.686704 0.373746
vn 0.623500 0.686704 0.373746
vn 0.623500 0.686704 0.373746
vn 0.312297 0.906370 0.284541
vn 0.312297 0.906370 0.284541
vn 0.312297 0.906370 0.284541
vn 0.312297 0.906370 0.284541
vn -0.042058 0.997027 -0.064557
vn -0.042058 0.997027 -0.064557
vn -0.042058 0.997027 -0.064557
vn -0.042058 0.997027 -0.064557
vn 0.988663 -0.019631 0.148861
vn 0.988663 -0.019631 0.148861
vn 0.988663 -0.019631 0.148861
vn 0.988663 -0.019631 0.148861
vn 0.241765 -0.968638 -0.057365
vn 0.241765 -0.968638 -0.057365
vn 0.241765 -0.968638 -0.057365
vn 0.241765 -0.968638 -0.057365
vn 0.574012 0.728039 0.374792
vn 0.574012 0.728039 0.374792
vn 0.574012 0.728039 0.374792
vn 0.574012 0.728039 0.374792
vn 0.374283 0.874687 0.307954
vn 0.374283 0.874687 0.307954
vn 0.374283 0.874687 0.307954
vn 0.374283 0.874687 0.307954
vn 0.385733 0.910189 0.150885
vn 0.385733 0.910189 0.150885
vn 0.385733 0.910189 0.150885
vn 0.385733 0.910189 0.150885
vn 0.991122 0.123534 0.049166
vn 0.991122 0.123534 0.049166
vn 0.991122 0.123534 0.049166
vn 0.991122 0.123534 0.049166
vn 0.032149 -0.989527 -0.140720
vn 0.032149 -0.989527 -0.140720
vn 0.032149 -0.989527 -0.140720
vn 0.032149 -0.989527 -0.140720
vn -0.945350 -0.059123 0.320652
vn -0.945350 -0.059123 0.320652
vn -0.945350 -0.059123 0.320652
vn -0.945350 -0.059123 0.320652
vn 0.351503 0.926976 -0.130999
vn 0.351503 0.926976 -0.130999
vn 0.351503 0.926976 -0.130999
vn 0.351503 0.926976 -0.130999
vn 0.409281 0.887424 0.212055
vn 0.409281 0.887424 0.212055
vn 0.409281 0.887424 0.212055
vn 0.409281 0.887424 0.212055
vn 0.404876 0.864936 0.296582
vn 0.404876 0.864936 0.296582
vn 0.404876 0.864936 0.296582
vn 0.404876 0.864936 0.296582
vn 0.351478 0.856761 0.377390
vn 0.351478 0.856761 0.377390
vn 0.351478 0.856761 0.377390
vn 0.351478 0.856761 0.377390
vn 0.470305 0.733375 0.490892
vn 0.470305 0.733375 0.490892
vn 0.470305 0.733375 0.490892
vn 0.470305 0.733375 0.490892
vn 0.235970 -0.967163 0.094411
vn 0.235970 -0.967163 0.094411
vn 0.235970 -0.967163 0.094411
vn 0.235970 -0.967163 0.094411
vn -0.124318 -0.883200 0.452220
vn -0.124318 -0.883200 0.452220
vn -0.124318 -0.883200 0.452220
vn -0.124318 -0.883200 0.452220
vn -0.045203 -0.807129 0.588642
vn -0.045203 -0.807129 0.588642
vn -0.045203 -0.807129 0.588642
vn -0.045203 -0.807129 0.588642
vn 0.326468 0.919915 -0.217200
vn 0.326468 0.919915 -0.217200
vn 0.326468 0.919915 -0.217200
vn 0.326468 0.919915 -0.217200
vn 0.621742 0.010720 0.783149
vn 0.621742 0.010720 0.783149
vn 0.621742 0.010720 0.783149
vn 0.621742 0.010720 0.783149
vn -0.042526 -0.940142 0.338119
vn -0.042526 -0.940142 0.338119
vn -0.042526 -0.940142 0.338119
vn -0.042526 -0.940142 0.338119
vn 0.203916 0.976800 0.065418
vn 0.203916 0.976800 0.065418
vn 0.203916 0.976800 0.065418
vn 0.203916 0.976800 0.065418
vn 0.428165 0.903378 0.024132
vn 0.428165 0.903378 0.024132
vn 0.428165 0.903378 0.024132
vn 0.428165 0.903378 0.024132
vn 0.996667 0.025136 -0.077611
vn 0.996667 0.025136 -0.077611
vn 0.996667 0.025136 -0.077611
vn 0.996667 0.025136 -0.077611
vn 0.024774 -0.999408 0.023884
vn 0.024774 -0.999408 0.023884
vn 0.024774 -0.999408 0.023884
vn 0.024774 -0.999408 0.023884
vn 0.243912 0.966634 0.078266
vn 0.243912 0.966634 0.078266
vn 0.243912 0.966634 0.078266
vn 0.243912 0.966634 0.078266
vn 0.013486 0.999851 0.010786
vn 0.013486 0.999851 0.010786
vn 0.013486 0.999851 0.010786
vn 0.013486 0.999851 0.010786
vn 0.226462 0.005526 0.974005
vn 0.226462 0.005526 0.974005
vn 0.226462 0.005526 0.974005
vn 0.226462 0.005526 0.974005
vn 0.164698 -0.977384 0.132650
vn 0.164698 -0.977384 0.132650
vn 0.164698 -0.977384 0.132650
vn 0.164698 -0.977384 0.132650
vn -0.017635 -0.998470 -0.052417
vn -0.017635 -0.998470 -0.052417
vn -0.017635 -0.998470 -0.052417
vn -0.017635 -0.998470 -0.052417
vn -0.756759 -0.030032 0.653004
vn -0.756759 -0.030032 0.653004
vn -0.756759 -0.030032 0.653004
vn -0.756759 -0.030032 0.653004
vn 0.218835 0.947997 0.231114
vn 0.218835 0.947997 0.231114
vn 0.218835 0.947997 0.231114
vn 0.218835 0.947997 0.231114
vn 0.229301 0.970430 0.075415
vn 0.229301 0.970430 0.075415
vn 0.229301 0.970430 0.075415
vn 0.229301 0.970430 0.075415
vn 0.275020 0.885670 0.374102
vn 0.275020 0.885670 0.374102
vn 0.275020 0.885670 0.374102
vn 0.275020 0.885670 0.374102
vn 0.446035 0.843702 0.298698
vn 0.446035 0.843702 0.298698
vn 0.446035 0.843702 0.298698
vn 0.446035 0.843702 0.298698
vn 0.413652 0.668672 0.617876
vn 0.413652 0.668672 0.617876
vn 0.413652 0.668672 0.617876
vn 0.413652 0.668672 0.617876
vn 0.275297 0.847479 0.453862
vn 0.275297 0.847479 0.453862
vn 0.275297 0.847479 0.453862
vn 0.275297 0.847479 0.453862
vn 0.185132 0.809568 0.557069
vn 0.185132 0.809568 0.557069
vn 0.185132 0.809568 0.557069
vn 0.185132 0.809568 0.557069
vn 0.235954 0.771342 0.591065
vn 0.235954 0.771342 0.591065
vn 0.235954 0.771342 0.591065
vn 0.235954 0.771342 0.591065
vn 0.202557 0.698604 0.686239
vn 0.202557 0.698604 0.686239
vn 0.202557 0.698604 0.686239
vn 0.202557 0.698604 0.686239
vn -0.401567 -0.725960 -0.558325
vn -0.401567 -0.725960 -0.558325
vn -0.401567 -0.725960 -0.558325
vn -0.401567 -0.725960 -0.558325
vn 0.406483 0.909706 -0.084890
vn 0.406483 0.909706 -0.084890
vn 0.406483 0.909706 -0.084890
vn 0.406483 0.909706 -0.084890
vn 0.768092 0.445232 -0.460221
vn 0.768092 0.445232 -0.460221
vn 0.768092 0.445232 -0.460221
vn 0.768092 0.445232 -0.460221
vn 0.628423 0.750814 -0.203378
vn 0.628423 0.750814 -0.203378
vn 0.628423 0.750814 -0.203378
vn 0.628423 0.750814 -0.203378
vn 0.564475 0.825348 -0.012993
vn 0.564475 0.825348 -0.012993
vn 0.564475 0.825348 -0.012993
vn 0.564475 0.825348 -0.012993
vn 0.354133 0.729738 -0.584870
vn 0.354133 0.729738 -0.584870
vn 0.354133 0.729738 -0.584870
vn 0.354133 0.729738 -0.584870
vn 0.477790 0.535689 -0.696243
vn 0.477790 0.535689 -0.696243
vn 0.477790 0.535689 -0.696243
vn 0.477790 0.535689 -0.696243
vn 0.329423 0.702981 -0.630316
vn 0.329423 0.702981 -0.630316
vn 0.329423 0.702981 -0.630316
vn 0.329423 0.702981 -0.630316
vn 0.533176 0.687399 -0.493159
vn 0.533176 0.687399 -0.493159
vn 0.533176 0.687399 -0.493159
vn 0.533176 0.687399 -0.493159
vn 0.416099 0.872111 -0.257456
vn 0.416099 0.872111 -0.257456
vn 0.416099 0.872111 -0.257456
vn 0.416099 0.872111 -0.257456
vn 0.427002 0.750744 -0.504036
vn 0.427002 0.750744 -0.504036
vn 0.427002 0.750744 -0.504036
vn 0.427002 0.750744 -0.504036
vn 0.226944 -0.971929 0.062049
vn 0.226944 -0.971929 0.062049
vn 0.226944 -0.971929 0.062049
vn 0.226944 -0.971929 0.062049
vn 0.421270 -0.796193 -0.434291
vn 0.421270 -0.796193 -0.434291
vn 0.421270 -0.796193 -0.434291
vn 0.421270 -0.796193 -0.434291
vn 0.006195 -0.909741 0.415129
vn 0.006195 -0.909741 0.415129
vn 0.006195 -0.909741 0.415129
vn 0.006195 -0.909741 0.415129
vn -0.022068 -0.926511 0.375620
vn -0.022068 -0.926511 0.375620
vn -0.022068 -0.926511 0.375620
vn -0.022068 -0.926511 0.375620
vn 0.189589 -0.579556 0.792572
vn 0.189589 -0.579556 0.792572
vn 0.189589 -0.579556 0.792572
vn 0.189589 -0.579556 0.792572
vn -0.011275 -0.930866 0.365187
vn -0.011275 -0.930866 0.365187
vn -0.011275 -0.930866 0.365187
vn -0.011275 -0.930866 0.365187
vn 0.092638 -0.876898 0.471666
vn 0.092638 -0.876898 0.471666
vn 0.092638 -0.876898 0.471666
vn 0.092638 -0.876898 0.471666
vn 0.435794 -0.740602 0.511461
vn 0.435794 -0.740602 0.511461
vn 0.435794 -0.740602 0.511461
vn 0.435794 -0.740602 0.511461
vn 0.515879 -0.796205 0.316112
vn 0.515879 -0.796205 0.316112
vn 0.515879 -0.796205 0.316112
vn 0.515879 -0.796205 0.316112
vn 0.427647 -0.879692 -0.207990
vn 0.427647 -0.879692 -0.207990
vn 0.427647 -0.879692 -0.207990
vn 0.427647 -0.879692 -0.207990
vn 0.600137 -0.750600 -0.276468
vn 0.600137 -0.750600 -0.276468
vn 0.600137 -0.750600 -0.276468
vn 0.600137 -0.750600 -0.276468
vn 0.138325 -0.946762 -0.290703
vn 0.138325 -0.946762 -0.290703
vn 0.138325 -0.946762 -0.290703
vn 0.138325 -0.946762 -0.290703
vn 0.125922 -0.969289 -0.211239
vn 0.125922 -0.969289 -0.211239
vn 0.125922 -0.969289 -0.211239
vn 0.125922 -0.969289 -0.211239
vn -0.062691 -0.980613 -0.185655
vn -0.062691 -0.980613 -0.185655
vn -0.062691 -0.980613 -0.185655
vn -0.062691 -0.980613 -0.185655
vn 0.308578 -0.785806 -0.535993
vn 0.308578 -0.785806 -0.535993
vn 0.308578 -0.785806 -0.535993
vn 0.308578 -0.785806 -0.535993
vn 0.247011 -0.776781 -0.579308
vn 0.247011 -0.776781 -0.579308
vn 0.247011 -0.776781 -0.579308
vn 0.247011 -0.776781 -0.579308
vn 0.218220 -0.648504 -0.729262
vn 0.218220 -0.648504 -0.729262
vn 0.218220 -0.648504 -0.729262
vn 0.218220 -0.648504 -0.729262
vn 0.287024 -0.418558 -0.861642
vn 0.287024 -0.418558 -0.861642
vn 0.287024 -0.418558 -0.861642
vn 0.287024 -0.418558 -0.861642
vn 0.259914 -0.770031 -0.582663
vn 0.259914 -0.770031 -0.582663
vn 0.259914 -0.770031 -0.582663
vn 0.259914 -0.770031 -0.582663
vn 0.347727 -0.656186 -0.669705
vn 0.347727 -0.656186 -0.669705
vn 0.347727 -0.656186 -0.669705
vn 0.347727 -0.656186 -0.669705
vn 0.000000 -0.985502 -0.169662
vn 0.000000 -0.985502 -0.169662
vn 0.000000 -0.985502 -0.169662
vn 0.000000 -0.985502 -0.169662
vn 0.093041 -0.984280 -0.150121
vn 0.093041 -0.984280 -0.150121
vn 0.093041 -0.984280 -0.150121
vn 0.093041 -0.984280 -0.150121
vn -0.625418 -0.190826 -0.756597
vn -0.625418 -0.190826 -0.756597
vn -0.625418 -0.190826 -0.756597
vn -0.625418 -0.190826 -0.756597
vn -0.251351 -0.701367 -0.667013
vn -0.251351 -0.701367 -0.667013
vn -0.251351 -0.701367 -0.667013
vn -0.251351 -0.701367 -0.667013
vn 0.374930 0.765595 0.522773
vn 0.374930 0.765595 0.522773
vn 0.374930 0.765595 0.522773
vn 0.374930 0.765595 0.522773
vn 0.893271 0.106021 0.436837
vn 0.893271 0.106021 0.436837
vn 0.893271 0.106021 0.436837
vn 0.893271 0.106021 0.436837
vn 0.878195 -0.167710 0.447937
vn 0.878195 -0.167710 0.447937
vn 0.878195 -0.167710 0.447937
vn 0.878195 -0.167710 0.447937
vn 0.228331 -0.777384 0.586122
vn 0.228331 -0.777384 0.586122
vn 0.228331 -0.777384 0.586122
vn 0.228331 -0.777384 0.586122
vn -0.974186 0.217930 0.058890
vn -0.974186 0.217930 0.058890
vn -0.974186 0.217930 0.058890
vn -0.974186 0.217930 0.058890
vn -0.889419 0.435774 -0.137964
vn -0.889419 0.435774 -0.137964
vn -0.889419 0.435774 -0.137964
vn -0.889419 0.435774 -0.137964
vn -0.980182 0.064944 -0.187151
vn -0.980182 0.064944 -0.187151
vn -0.980182 0.064944 -0.187151
vn -0.980182 0.064944 -0.187151
vn -0.598290 -0.630203 -0.494868
vn -0.598290 -0.630203 -0.494868
vn -0.598290 -0.630203 -0.494868
vn -0.598290 -0.630203 -0.494868
vn 0.017484 -0.567306 -0.823322
vn 0.017484 -0.567306 -0.823322
vn 0.017484 -0.567306 -0.823322
vn 0.017484 -0.567306 -0.823322
vn 0.358867 -0.673799 -0.645917
vn 0.358867 -0.673799 -0.645917
vn 0.358867 -0.673799 -0.645917
vn 0.358867 -0.673799 -0.645917
vn 0.226571 -0.441647 -0.868109
vn 0.226571 -0.441647 -0.868109
vn 0.226571 -0.441647 -0.868109
vn 0.226571 -0.441647 -0.868109
vn 0.240093 -0.451917 -0.859143
vn 0.240093 -0.451917 -0.859143
vn 0.240093 -0.451917 -0.859143
vn 0.240093 -0.451917 -0.859143
vn 0.346725 -0.827472 -0.441668
vn 0.346725 -0.827472 -0.441668
vn 0.346725 -0.827472 -0.441668
vn 0.346725 -0.827472 -0.441668
vn 0.182988 -0.921042 -0.343797
vn 0.182988 -0.921042 -0.343797
vn 0.182988 -0.921042 -0.343797
vn 0.182988 -0.921042 -0.343797
vn 0.069596 -0.956340 -0.283849
vn 0.069596 -0.956340 -0.283849
vn 0.069596 -0.956340 -0.283849
vn 0.069596 -0.956340 -0.283849
vn 0.005086 -0.969373 -0.245540
vn 0.005086 -0.969373 -0.245540
vn 0.005086 -0.969373 -0.245540
vn 0.005086 -0.969373 -0.245540
vn 0.346838 -0.937782 -0.016368
vn 0.346838 -0.937782 -0.016368
vn 0.346838 -0.937782 -0.016368
vn 0.346838 -0.937782 -0.016368
vn 0.445939 -0.890844 -0.086812
vn 0.445939 -0.890844 -0.086812
vn 0.445939 -0.890844 -0.086812
vn 0.445939 -0.890844 -0.086812
vn -0.467281 -0.390656 0.793118
vn -0.467281 -0.390656 0.793118
vn -0.467281 -0.390656 0.793118
vn -0.467281 -0.390656 0.793118
vn 0.335937 -0.941575 0.024135
vn 0.335937 -0.941575 0.024135
vn 0.335937 -0.941575 0.024135
vn 0.335937 -0.941575 0.024135
vn 0.756987 -0.405241 0.512592
vn 0.756987 -0.405241 0.512592
vn 0.756987 -0.405241 0.512592
vn 0.756987 -0.405241 0.512592
vn -0.358817 0.364495 0.859298
vn -0.358817 0.364495 0.859298
vn -0.358817 0.364495 0.859298
vn -0.358817 0.364495 0.859298
vn -0.460203 0.697097 0.549790
vn -0.460203 0.697097 0.549790
vn -0.460203 0.697097 0.549790
vn -0.460203 0.697097 0.549790
vn 0.401829 -0.243687 0.882695
vn 0.401829 -0.243687 0.882695
vn 0.401829 -0.243687 0.882695
vn 0.401829 -0.243687 0.882695
vn 0.219255 -0.815640 0.535405
vn 0.219255 -0.815640 0.535405
vn 0.219255 -0.815640 0.535405
vn 0.219255 -0.815640 0.535405
vn 0.456470 -0.888910 0.038400
vn 0.456470 -0.888910 0.038400
vn 0.456470 -0.888910 0.038400
vn 0.456470 -0.888910 0.038400
vn 0.929765 -0.140062 -0.340470
vn 0.929765 -0.140062 -0.340470
vn 0.929765 -0.140062 -0.340470
vn 0.929765 -0.140062 -0.340470
vn 0.908125 0.388815 -0.155347
vn 0.908125 0.388815 -0.155347
vn 0.908125 0.388815 -0.155347
vn 0.908125 0.388815 -0.155347
vn 0.698884 0.713199 0.053928
vn 0.698884 0.713199 0.053928
vn 0.698884 0.713199 0.053928
vn 0.698884 0.713199 0.053928
vn 0.572826 0.817287 0.062556
vn 0.572826 0.817287 0.062556
vn 0.572826 0.817287 0.062556
vn 0.572826 0.817287 0.062556
vn 0.381735 0.919574 0.093073
vn 0.381735 0.919574 0.093073
vn 0.381735 0.919574 0.093073
vn 0.381735 0.919574 0.093073
vn 0.654308 0.578618 0.486911
vn 0.654308 0.578618 0.486911
vn 0.654308 0.578618 0.486911
vn 0.654308 0.578618 0.486911
vn 0.242123 -0.725002 0.644786
vn 0.242123 -0.725002 0.644786
vn 0.242123 -0.725002 0.644786
vn 0.242123 -0.725002 0.644786
vn 0.116818 -0.834539 0.538422
vn 0.116818 -0.834539 0.538422
vn 0.116818 -0.834539 0.538422
vn 0.116818 -0.834539 0.538422
vn -0.136537 -0.899754 0.414488
vn -0.136537 -0.899754 0.414488
vn -0.136537 -0.899754 0.414488
vn -0.136537 -0.899754 0.414488
vn 0.160905 0.608289 0.777235
vn 0.160905 0.608289 0.777235
vn 0.160905 0.608289 0.777235
vn 0.160905 0.608289 0.777235
vn -0.608429 -0.644843 0.462592
vn -0.608429 -0.644843 0.462592
vn -0.608429 -0.644843 0.462592
vn -0.608429 -0.644843 0.462592
vn -0.732016 -0.620417 -0.281486
vn -0.732016 -0.620417 -0.281486
vn -0.732016 -0.620417 -0.281486
vn -0.732016 -0.620417 -0.281486
vn 0.855312 0.455957 0.246060
vn 0.855312 0.455957 0.246060
vn 0.855312 0.455957 0.246060
vn 0.855312 0.455957 0.246060
vn -0.301214 0.238171 0.923333
vn -0.301214 0.238171 0.923333
vn -0.301214 0.238171 0.923333
vn -0.301214 0.238171 0.923333
vn -0.266670 -0.278560 0.922655
vn -0.266670 -0.278560 0.922655
vn -0.266670 -0.278560 0.922655
vn -0.266670 -0.278560 0.922655
vn 0.167197 -0.985697 -0.021135
vn 0.167197 -0.985697 -0.021135
vn 0.167197 -0.985697 -0.021135
vn 0.167197 -0.985697 -0.021135
vn 0.789056 0.512342 0.338964
vn 0.789056 0.512342 0.338964
vn 0.789056 0.512342 0.338964
vn 0.789056 0.512342 0.338964
vn 0.647184 0.734791 0.203063
vn 0.647184 0.734791 0.203063
vn 0.647184 0.734791 0.203063
vn 0.647184 0.734791 0.203063
vn 0.903361 0.413046 0.115461
vn 0.903361 0.413046 0.115461
vn 0.903361 0.413046 0.115461
vn 0.903361 0.413046 0.115461
vn -0.040798 0.500876 -0.864557
vn -0.040798 0.500876 -0.864557
vn -0.040798 0.500876 -0.864557
vn -0.040798 0.500876 -0.864557
vn 0.108177 0.278573 -0.954304
vn 0.108177 0.278573 -0.954304
vn 0.108177 0.278573 -0.954304
vn 0.108177 0.278573 -0.954304
vn 0.304688 0.033438 -0.951865
vn 0.304688 0.033438 -0.951865
vn 0.304688 0.033438 -0.951865
vn 0.304688 0.033438 -0.951865
vn 0.567384 0.161402 -0.807480
vn 0.567384 0.161402 -0.807480
vn 0.567384 0.161402 -0.807480
vn 0.567384 0.161402 -0.807480
vn 0.530014 0.386832 -0.754617
vn 0.530014 0.386832 -0.754617
vn 0.530014 0.386832 -0.754617
vn 0.530014 0.386832 -0.754617
vn 0.451989 0.425398 -0.784055
vn 0.451989 0.425398 -0.784055
vn 0.451989 0.425398 -0.784055
vn 0.451989 0.425398 -0.784055
vn 0.066620 0.577494 -0.813672
vn 0.066620 0.577494 -0.813672
vn 0.066620 0.577494 -0.813672
vn 0.066620 0.577494 -0.813672
vn 0.524130 0.051929 -0.850054
vn 0.524130 0.051929 -0.850054
vn 0.524130 0.051929 -0.850054
vn 0.524130 0.051929 -0.850054
vn 0.422391 0.288204 -0.859374
vn 0.422391 0.288204 -0.859374
vn 0.422391 0.288204 -0.859374
vn 0.422391 0.288204 -0.859374
vn 0.455909 0.253919 -0.853037
vn 0.455909 0.253919 -0.853037
vn 0.455909 0.253919 -0.853037
vn 0.455909 0.253919 -0.853037
vn 0.463312 0.333988 -0.820850
vn 0.463312 0.333988 -0.820850
vn 0.463312 0.333988 -0.820850
vn 0.463312 0.333988 -0.820850
vn 0.086991 0.498037 -0.862781
vn 0.086991 0.498037 -0.862781
vn 0.086991 0.498037 -0.862781
vn 0.086991 0.498037 -0.862781
vn 0.279774 0.385797 -0.879140
vn 0.279774 0.385797 -0.879140
vn 0.279774 0.385797 -0.879140
vn 0.279774 0.385797 -0.879140
vn 0.202531 0.436407 -0.876659
vn 0.202531 0.436407 -0.876659
vn 0.202531 0.436407 -0.876659
vn 0.202531 0.436407 -0.876659
vn 0.241692 0.331690 -0.911903
vn 0.241692 0.331690 -0.911903
vn 0.241692 0.331690 -0.911903
vn 0.241692 0.331690 -0.911903
vn 0.160099 0.351077 -0.922558
vn 0.160099 0.351077 -0.922558
vn 0.160099 0.351077 -0.922558
vn 0.160099 0.351077 -0.922558
vn 0.392731 0.240367 -0.887686
vn 0.392731 0.240367 -0.887686
vn 0.392731 0.240367 -0.887686
vn 0.392731 0.240367 -0.887686
vn 0.983718 0.133752 -0.120039
vn 0.983718 0.133752 -0.120039
vn 0.983718 0.133752 -0.120039
vn 0.983718 0.133752 -0.120039
vn 0.956739 -0.278713 -0.083486
vn 0.956739 -0.278713 -0.083486
vn 0.956739 -0.278713 -0.083486
vn 0.956739 -0.278713 -0.083486
vn 0.391579 -0.909836 -0.137346
vn 0.391579 -0.909836 -0.137346
vn 0.391579 -0.909836 -0.137346
vn 0.391579 -0.909836 -0.137346
vn -0.382605 -0.914628 -0.130648
vn -0.382605 -0.914628 -0.130648
vn -0.382605 -0.914628 -0.130648
vn -0.382605 -0.914628 -0.130648
vn -0.965366 -0.245143 -0.089298
vn -0.965366 -0.245143 -0.089298
vn -0.965366 -0.245143 -0.089298
vn -0.965366 -0.245143 -0.089298
vn -0.990052 0.106104 -0.092412
vn -0.990052 0.106104 -0.092412
vn -0.990052 0.106104 -0.092412
vn -0.990052 0.106104 -0.092412
vn -0.922700 0.364110 -0.126682
vn -0.922700 0.364110 -0.126682
vn -0.922700 0.364110 -0.126682
vn -0.922700 0.364110 -0.126682
vn 0.082525 -0.995445 0.047731
vn 0.082525 -0.995445 0.047731
vn 0.082525 -0.995445 0.047731
vn 0.082525 -0.995445 0.047731
vn 0.279053 -0.722000 0.633123
vn 0.279053 -0.722000 0.633123
vn 0.279053 -0.722000 0.633123
vn 0.279053 -0.722000 0.633123
vn -0.386633 -0.877163 -0.284781
vn -0.386633 -0.877163 -0.284781
vn -0.386633 -0.877163 -0.284781
vn -0.386633 -0.877163 -0.284781
vn -0.039862 -0.858579 -0.511129
vn -0.039862 -0.858579 -0.511129
vn -0.039862 -0.858579 -0.511129
vn -0.039862 -0.858579 -0.511129
vn 0.040920 -0.854374 -0.518046
vn 0.040920 -0.854374 -0.518046
vn 0.040920 -0.854374 -0.518046
vn 0.040920 -0.854374 -0.518046
vn 0.417602 -0.839411 -0.347848
vn 0.417602 -0.839411 -0.347848
vn 0.417602 -0.839411 -0.347848
vn 0.417602 -0.839411 -0.347848
vn 0.449149 0.290586 -0.844882
vn 0.449149 0.290586 -0.844882
vn 0.449149 0.290586 -0.844882
vn 0.449149 0.290586 -0.844882
vn 0.560843 0.188354 -0.806212
vn 0.560843 0.188354 -0.806212
vn 0.560843 0.188354 -0.806212
vn 0.560843 0.188354 -0.806212
vn 0.678800 0.007352 -0.734286
vn 0.678800 0.007352 -0.734286
vn 0.678800 0.007352 -0.734286
vn 0.678800 0.007352 -0.734286
vn 0.912375 -0.030547 -0.408213
vn 0.912375 -0.030547 -0.408213
vn 0.912375 -0.030547 -0.408213
vn 0.912375 -0.030547 -0.408213
vn 0.776976 -0.092244 -0.622735
vn 0.776976 -0.092244 -0.622735
vn 0.776976 -0.092244 -0.622735
vn 0.776976 -0.092244 -0.622735
vn 0.590066 -0.606739 -0.532626
vn 0.590066 -0.606739 -0.532626
vn 0.590066 -0.606739 -0.532626
vn 0.590066 -0.606739 -0.532626
vn 0.727031 0.014722 -0.686447
vn 0.727031 0.014722 -0.686447
vn 0.727031 0.014722 -0.686447
vn 0.727031 0.014722 -0.686447
vn 0.253551 -0.960685 -0.113119
vn 0.253551 -0.960685 -0.113119
vn 0.253551 -0.960685 -0.113119
vn 0.253551 -0.960685 -0.113119
vn 0.231046 -0.966727 -0.109803
vn 0.231046 -0.966727 -0.109803
vn 0.231046 -0.966727 -0.109803
vn 0.231046 -0.966727 -0.109803
vn 0.376672 -0.912437 -0.159930
vn 0.376672 -0.912437 -0.159930
vn 0.376672 -0.912437 -0.159930
vn 0.376672 -0.912437 -0.159930
vn 0.387691 -0.897086 -0.211973
vn 0.387691 -0.897086 -0.211973
vn 0.387691 -0.897086 -0.211973
vn 0.387691 -0.897086 -0.211973
vn 0.386213 -0.881474 -0.271740
vn 0.386213 -0.881474 -0.271740
vn 0.386213 -0.881474 -0.271740
vn 0.386213 -0.881474 -0.271740
vn 0.346174 -0.926213 -0.149306
vn 0.346174 -0.926213 -0.149306
vn 0.346174 -0.926213 -0.149306
vn 0.346174 -0.926213 -0.149306
vn 0.795249 -0.164508 -0.583537
vn 0.795249 -0.164508 -0.583537
vn 0.795249 -0.164508 -0.583537
vn 0.795249 -0.164508 -0.583537
vn 0.730877 -0.552107 -0.401245
vn 0.730877 -0.552107 -0.401245
vn 0.730877 -0.552107 -0.401245
vn 0.730877 -0.552107 -0.401245
vn 0.713916 -0.008563 -0.700179
vn 0.713916 -0.008563 -0.700179
vn 0.713916 -0.008563 -0.700179
vn 0.713916 -0.008563 -0.700179
vn 0.774814 0.007056 -0.632149
vn 0.774814 0.007056 -0.632149
vn 0.774814 0.007056 -0.632149
vn 0.774814 0.007056 -0.632149
vn 0.878456 0.143170 -0.455870
vn 0.878456 0.143170 -0.455870
vn 0.878456 0.143170 -0.455870
vn 0.878456 0.143170 -0.455870
vn 0.440228 -0.873565 -0.207564
vn 0.440228 -0.873565 -0.207564
vn 0.440228 -0.873565 -0.207564
vn 0.440228 -0.873565 -0.207564
vn 0.723554 -0.346229 -0.597157
vn 0.723554 -0.346229 -0.597157
vn 0.723554 -0.346229 -0.597157
vn 0.723554 -0.346229 -0.597157
vn 0.671624 -0.367784 -0.643161
vn 0.671624 -0.367784 -0.643161
vn 0.671624 -0.367784 -0.643161
vn 0.671624 -0.367784 -0.643161
vn 0.593493 -0.600378 -0.536015
vn 0.593493 -0.600378 -0.536015
vn 0.593493 -0.600378 -0.536015
vn 0.593493 -0.600378 -0.536015
vn 0.440652 -0.879383 -0.180310
vn 0.440652 -0.879383 -0.180310
vn 0.440652 -0.879383 -0.180310
vn 0.440652 -0.879383 -0.180310
vn 0.716683 -0.521833 -0.462662
vn 0.716683 -0.521833 -0.462662
vn 0.716683 -0.521833 -0.462662
vn 0.716683 -0.521833 -0.462662
vn 0.555692 -0.298810 -0.775834
vn 0.555692 -0.298810 -0.775834
vn 0.555692 -0.298810 -0.775834
vn 0.555692 -0.298810 -0.775834
vn 0.400687 -0.222063 -0.888897
vn 0.400687 -0.222063 -0.888897
vn 0.400687 -0.222063 -0.888897
vn 0.400687 -0.222063 -0.888897
vn 0.658663 -0.523850 -0.540133
vn 0.658663 -0.523850 -0.540133
vn 0.658663 -0.523850 -0.540133
vn 0.658663 -0.523850 -0.540133
vn 0.638720 -0.388876 -0.663937
vn 0.638720 -0.388876 -0.663937
vn 0.638720 -0.388876 -0.663937
vn 0.638720 -0.388876 -0.663937
vn -0.080067 -0.871762 0.483343
vn -0.080067 -0.871762 0.483343
vn -0.080067 -0.871762 0.483343
vn -0.080067 -0.871762 0.483343
vn 0.468687 -0.877251 -0.103746
vn 0.468687 -0.877251 -0.103746
vn 0.468687 -0.877251 -0.103746
vn 0.468687 -0.877251 -0.103746
vn -0.741870 -0.664222 -0.091865
vn -0.741870 -0.664222 -0.091865
vn -0.741870 -0.664222 -0.091865
vn -0.741870 -0.664222 -0.091865
vn -0.739025 -0.663370 -0.117395
vn -0.739025 -0.663370 -0.117395
vn -0.739025 -0.663370 -0.117395
vn -0.739025 -0.663370 -0.117395
vn -0.749607 -0.647279 -0.138273
vn -0.749607 -0.647279 -0.138273
vn -0.749607 -0.647279 -0.138273
vn -0.749607 -0.647279 -0.138273
vn -0.762396 -0.633843 -0.130367
vn -0.762396 -0.633843 -0.130367
vn -0.762396 -0.633843 -0.130367
vn -0.762396 -0.633843 -0.130367
vn -0.756925 -0.647976 -0.084801
vn -0.756925 -0.647976 -0.084801
vn -0.756925 -0.647976 -0.084801
vn -0.756925 -0.647976 -0.084801
vn -0.728995 -0.684448 -0.009886
vn -0.728995 -0.684448 -0.009886
vn -0.728995 -0.684448 -0.009886
vn -0.728995 -0.684448 -0.009886
vn -0.715088 -0.696420 0.060406
vn -0.715088 -0.696420 0.060406
vn -0.715088 -0.696420 0.060406
vn -0.715088 -0.696420 0.060406
vn -0.757062 -0.646088 0.097102
vn -0.757062 -0.646088 0.097102
vn -0.757062 -0.646088 0.097102
vn -0.757062 -0.646088 0.097102
vn -0.748721 -0.661765 0.038534
vn -0.748721 -0.661765 0.038534
vn -0.748721 -0.661765 0.038534
vn -0.748721 -0.661765 0.038534
vn -0.814604 -0.579981 0.006568
vn -0.814604 -0.579981 0.006568
vn -0.814604 -0.579981 0.006568
vn -0.814604 -0.579981 0.006568
vn -0.814736 -0.579820 -0.003743
vn -0.814736 -0.579820 -0.003743
vn -0.814736 -0.579820 -0.003743
vn -0.814736 -0.579820 -0.003743
vn -0.815447 -0.576908 -0.047146
vn -0.815447 -0.576908 -0.047146
vn -0.815447 -0.576908 -0.047146
vn -0.815447 -0.576908 -0.047146
vn -0.787498 -0.614254 -0.050394
vn -0.787498 -0.614254 -0.050394
vn -0.787498 -0.614254 -0.050394
vn -0.787498 -0.614254 -0.050394
vn -0.733840 -0.676316 -0.063843
vn -0.733840 -0.676316 -0.063843
vn -0.733840 -0.676316 -0.063843
vn -0.733840 -0.676316 -0.063843
vn -0.706778 -0.703582 -0.073739
vn -0.706778 -0.703582 -0.073739
vn -0.706778 -0.703582 -0.073739
vn -0.706778 -0.703582 -0.073739
vn -0.564023 -0.819988 0.097463
vn -0.564023 -0.819988 0.097463
vn -0.564023 -0.819988 0.097463
vn -0.564023 -0.819988 0.097463
vn -0.714653 -0.693902 -0.088155
vn -0.714653 -0.693902 -0.088155
vn -0.714653 -0.693902 -0.088155
vn -0.714653 -0.693902 -0.088155
vn -0.390812 -0.914770 0.102287
vn -0.390812 -0.914770 0.102287
vn -0.390812 -0.914770 0.102287
vn -0.390812 -0.914770 0.102287
vn -0.684942 -0.634585 -0.357988
vn -0.684942 -0.634585 -0.357988
vn -0.684942 -0.634585 -0.357988
vn -0.684942 -0.634585 -0.357988
vn 0.363849 -0.610708 0.703313
vn 0.363849 -0.610708 0.703313
vn 0.363849 -0.610708 0.703313
vn 0.363849 -0.610708 0.703313
vn 0.411731 -0.397722 -0.819936
vn 0.411731 -0.397722 -0.819936
vn 0.411731 -0.397722 -0.819936
vn 0.411731 -0.397722 -0.819936
vn -0.727084 -0.682258 -0.076635
vn -0.727084 -0.682258 -0.076635
vn -0.727084 -0.682258 -0.076635
vn -0.727084 -0.682258 -0.076635
vn 0.000001 -0.993894 0.110343
vn 0.000001 -0.993894 0.110343
vn 0.000001 -0.993894 0.110343
vn 0.000001 -0.993894 0.110343
vn -0.016277 -0.994417 0.104256
vn -0.016277 -0.994417 0.104256
vn -0.016277 -0.994417 0.104256
vn -0.016277 -0.994417 0.104256
vn 0.030175 -0.988392 0.148897
vn 0.030175 -0.988392 0.148897
vn 0.030175 -0.988392 0.148897
vn 0.030175 -0.988392 0.148897
vn 0.000000 -0.988642 0.150289
vn 0.000000 -0.988642 0.150289
vn 0.000000 -0.988642 0.150289
vn 0.000000 -0.988642 0.150289
vn 0.000000 -0.988642 0.150289
vn 0.000000 -0.988642 0.150289
vn 0.000000 -0.988642 0.150289
vn 0.000000 -0.988642 0.150289
vn -0.030175 -0.988392 0.148897
vn -0.030175 -0.988392 0.148897
vn -0.030175 -0.988392 0.148897
vn -0.030175 -0.988392 0.148897
vn -0.017315 -0.987172 0.158717
vn -0.017315 -0.987172 0.158717
vn -0.017315 -0.987172 0.158717
vn -0.017315 -0.987172 0.158717
vn 0.274326 -0.691868 -0.667880
vn 0.274326 -0.691868 -0.667880
vn 0.274326 -0.691868 -0.667880
vn 0.274326 -0.691868 -0.667880
vn 0.000000 -0.990790 0.135407
vn 0.000000 -0.990790 0.135407
vn 0.000000 -0.990790 0.135407
vn 0.000000 -0.990790 0.135407
vn 0.000000 -0.990790 0.135407
vn 0.000000 -0.990790 0.135407
vn 0.000000 -0.990790 0.135407
vn 0.000000 -0.990790 0.135407
vn 0.017315 -0.987172 0.158717
vn 0.017315 -0.987172 0.158717
vn 0.017315 -0.987172 0.158717
vn 0.017315 -0.987172 0.158717
vn 0.121839 0.391260 0.912179
vn 0.121839 0.391260 0.912179
vn 0.121839 0.391260 0.912179
vn 0.121839 0.391260 0.912179
vn 0.179088 -0.557579 0.810576
vn 0.179088 -0.557579 0.810576
vn 0.179088 -0.557579 0.810576
vn 0.179088 -0.557579 0.810576
vn -0.592174 -0.782593 -0.192038
vn -0.592174 -0.782593 -0.192038
vn -0.592174 -0.782593 -0.192038
vn -0.592174 -0.782593 -0.192038
vn 0.598305 -0.363907 0.713865
vn 0.598305 -0.363907 0.713865
vn 0.598305 -0.363907 0.713865
vn 0.598305 -0.363907 0.713865
vn -0.786544 -0.617042 0.024649
vn -0.786544 -0.617042 0.024649
vn -0.786544 -0.617042 0.024649
vn -0.786544 -0.617042 0.024649
vn -0.741868 -0.667104 0.067854
vn -0.741868 -0.667104 0.067854
vn -0.741868 -0.667104 0.067854
vn -0.741868 -0.667104 0.067854
vn -0.630933 -0.745628 0.214389
vn -0.630933 -0.745628 0.214389
vn -0.630933 -0.745628 0.214389
vn -0.630933 -0.745628 0.214389
vn -0.467398 -0.794924 0.386826
vn -0.467398 -0.794924 0.386826
vn -0.467398 -0.794924 0.386826
vn -0.467398 -0.794924 0.386826
vn -0.522381 -0.783276 0.337042
vn -0.522381 -0.783276 0.337042
vn -0.522381 -0.783276 0.337042
vn -0.522381 -0.783276 0.337042
vn 0.377201 -0.830758 -0.409341
vn 0.377201 -0.830758 -0.409341
vn 0.377201 -0.830758 -0.409341
vn 0.377201 -0.830758 -0.409341
vn 0.485701 0.737942 0.468547
vn 0.485701 0.737942 0.468547
vn 0.485701 0.737942 0.468547
vn 0.485701 0.737942 0.468547
vn 0.256131 -0.279164 0.925453
vn 0.256131 -0.279164 0.925453
vn 0.256131 -0.279164 0.925453
vn 0.256131 -0.279164 0.925453
vn 0.085518 -0.732343 0.675544
vn 0.085518 -0.732343 0.675544
vn 0.085518 -0.732343 0.675544
vn 0.085518 -0.732343 0.675544
vn 0.409292 0.898652 0.157809
vn 0.409292 0.898652 0.157809
vn 0.409292 0.898652 0.157809
vn 0.409292 0.898652 0.157809
vn 0.365708 0.919652 0.143174
vn 0.365708 0.919652 0.143174
vn 0.365708 0.919652 0.143174
vn 0.365708 0.919652 0.143174
vn 0.237229 0.961477 0.138871
vn 0.237229 0.961477 0.138871
vn 0.237229 0.961477 0.138871
vn 0.237229 0.961477 0.138871
vn -0.801684 0.591491 0.086264
vn -0.801684 0.591491 0.086264
vn -0.801684 0.591491 0.086264
vn -0.801684 0.591491 0.086264
vn -0.396871 -0.855478 0.332642
vn -0.396871 -0.855478 0.332642
vn -0.396871 -0.855478 0.332642
vn -0.396871 -0.855478 0.332642
vn -0.132717 -0.715319 0.686080
vn -0.132717 -0.715319 0.686080
vn -0.132717 -0.715319 0.686080
vn -0.132717 -0.715319 0.686080
vn -0.657162 -0.750436 0.070590
vn -0.657162 -0.750436 0.070590
vn -0.657162 -0.750436 0.070590
vn -0.657162 -0.750436 0.070590
vn -0.608428 -0.793261 0.023491
vn -0.608428 -0.793261 0.023491
vn -0.608428 -0.793261 0.023491
vn -0.608428 -0.793261 0.023491
vn -0.641144 -0.752496 0.150613
vn -0.641144 -0.752496 0.150613
vn -0.641144 -0.752496 0.150613
vn -0.641144 -0.752496 0.150613
vn -0.299414 -0.811549 0.501736
vn -0.299414 -0.811549 0.501736
vn -0.299414 -0.811549 0.501736
vn -0.299414 -0.811549 0.501736
vn -0.355364 -0.834177 0.421740
vn -0.355364 -0.834177 0.421740
vn -0.355364 -0.834177 0.421740
vn -0.355364 -0.834177 0.421740
vn 0.283975 -0.871609 0.399570
vn 0.283975 -0.871609 0.399570
vn 0.283975 -0.871609 0.399570
vn 0.283975 -0.871609 0.399570
vn -0.328157 -0.852579 0.406722
vn -0.328157 -0.852579 0.406722
vn -0.328157 -0.852579 0.406722
vn -0.328157 -0.852579 0.406722
vn -0.361893 -0.923886 -0.124370
vn -0.361893 -0.923886 -0.124370
vn -0.361893 -0.923886 -0.124370
vn -0.361893 -0.923886 -0.124370
vn -0.503617 -0.863919 -0.003850
vn -0.503617 -0.863919 -0.003850
vn -0.503617 -0.863919 -0.003850
vn -0.503617 -0.863919 -0.003850
vn -0.444866 -0.837750 0.316653
vn -0.444866 -0.837750 0.316653
vn -0.444866 -0.837750 0.316653
vn -0.444866 -0.837750 0.316653
vn -0.402181 -0.835621 0.374149
vn -0.402181 -0.835621 0.374149
vn -0.402181 -0.835621 0.374149
vn -0.402181 -0.835621 0.374149
vn -0.105996 -0.657950 0.745564
vn -0.105996 -0.657950 0.745564
vn -0.105996 -0.657950 0.745564
vn -0.105996 -0.657950 0.745564
vn -0.049555 -0.945376 0.322194
vn -0.049555 -0.945376 0.322194
vn -0.049555 -0.945376 0.322194
vn -0.049555 -0.945376 0.322194
vn 0.170701 -0.960168 0.221222
vn 0.170701 -0.960168 0.221222
vn 0.170701 -0.960168 0.221222
vn 0.170701 -0.960168 0.221222
vn 0.333875 -0.916174 0.221703
vn 0.333875 -0.916174 0.221703
vn 0.333875 -0.916174 0.221703
vn 0.333875 -0.916174 0.221703
vn -0.482543 -0.680618 0.551281
vn -0.482543 -0.680618 0.551281
vn -0.482543 -0.680618 0.551281
vn -0.482543 -0.680618 0.551281
vn 0.093677 -0.781681 -0.616603
vn 0.093677 -0.781681 -0.616603
vn 0.093677 -0.781681 -0.616603
vn 0.093677 -0.781681 -0.616603
vn 0.316996 -0.599538 -0.734893
vn 0.316996 -0.599538 -0.734893
vn 0.316996 -0.599538 -0.734893
vn 0.316996 -0.599538 -0.734893
vn 0.415274 -0.578874 -0.701750
vn 0.415274 -0.578874 -0.701750
vn 0.415274 -0.578874 -0.701750
vn 0.415274 -0.578874 -0.701750
vn 0.380487 -0.647065 -0.660710
vn 0.380487 -0.647065 -0.660710
vn 0.380487 -0.647065 -0.660710
vn 0.380487 -0.647065 -0.660710
vn -0.897959 -0.385195 0.212828
vn -0.897959 -0.385195 0.212828
vn -0.897959 -0.385195 0.212828
vn -0.897959 -0.385195 0.212828
vn -0.797488 -0.603318 0.004384
vn -0.797488 -0.603318 0.004384
vn -0.797488 -0.603318 0.004384
vn -0.797488 -0.603318 0.004384
vn -0.795359 -0.603746 -0.053796
vn -0.795359 -0.603746 -0.053796
vn -0.795359 -0.603746 -0.053796
vn -0.795359 -0.603746 -0.053796
vn -0.619922 -0.767473 0.163347
vn -0.619922 -0.767473 0.163347
vn -0.619922 -0.767473 0.163347
vn -0.619922 -0.767473 0.163347
vn -0.778545 -0.600754 -0.181556
vn -0.778545 -0.600754 -0.181556
vn -0.778545 -0.600754 -0.181556
vn -0.778545 -0.600754 -0.181556
vn -0.615320 -0.787311 -0.039019
vn -0.615320 -0.787311 -0.039019
vn -0.615320 -0.787311 -0.039019
vn -0.615320 -0.787311 -0.039019
vn -0.600330 -0.797795 0.055919
vn -0.600330 -0.797795 0.055919
vn -0.600330 -0.797795 0.055919
vn -0.600330 -0.797795 0.055919
vn -0.527154 -0.837581 0.143413
vn -0.527154 -0.837581 0.143413
vn -0.527154 -0.837581 0.143413
vn -0.527154 -0.837581 0.143413
vn -0.100846 -0.982862 -0.154309
vn -0.100846 -0.982862 -0.154309
vn -0.100846 -0.982862 -0.154309
vn -0.100846 -0.982862 -0.154309
vn 0.101119 -0.854896 0.508849
vn 0.101119 -0.854896 0.508849
vn 0.101119 -0.854896 0.508849
vn 0.101119 -0.854896 0.508849
vn 0.388290 -0.795503 0.465194
vn 0.388290 -0.795503 0.465194
vn 0.388290 -0.795503 0.465194
vn 0.388290 -0.795503 0.465194
vn 0.066613 -0.986753 0.147927
vn 0.066613 -0.986753 0.147927
vn 0.066613 -0.986753 0.147927
vn 0.066613 -0.986753 0.147927
vn 0.336343 -0.023364 0.941450
vn 0.336343 -0.023364 0.941450
vn 0.336343 -0.023364 0.941450
vn 0.336343 -0.023364 0.941450
vn 0.285952 0.941311 -0.179343
vn 0.285952 0.941311 -0.179343
vn 0.285952 0.941311 -0.179343
vn 0.285952 0.941311 -0.179343
vn 0.328855 0.941066 0.079049
vn 0.328855 0.941066 0.079049
vn 0.328855 0.941066 0.079049
vn 0.328855 0.941066 0.079049
vn 0.373765 0.875260 0.306953
vn 0.373765 0.875260 0.306953
vn 0.373765 0.875260 0.306953
vn 0.373765 0.875260 0.306953
vn 0.547761 0.688212 0.475733
vn 0.547761 0.688212 0.475733
vn 0.547761 0.688212 0.475733
vn 0.547761 0.688212 0.475733
vn 0.521699 0.654059 0.547757
vn 0.521699 0.654059 0.547757
vn 0.521699 0.654059 0.547757
vn 0.521699 0.654059 0.547757
vn 0.299381 0.815613 0.495123
vn 0.299381 0.815613 0.495123
vn 0.299381 0.815613 0.495123
vn 0.299381 0.815613 0.495123
vn -0.203512 -0.917640 0.341349
vn -0.203512 -0.917640 0.341349
vn -0.203512 -0.917640 0.341349
vn -0.203512 -0.917640 0.341349
vn 0.153086 -0.742067 0.652611
vn 0.153086 -0.742067 0.652611
vn 0.153086 -0.742067 0.652611
vn 0.153086 -0.742067 0.652611
vn 0.133647 -0.892398 0.431003
vn 0.133647 -0.892398 0.431003
vn 0.133647 -0.892398 0.431003
vn 0.133647 -0.892398 0.431003
vn 0.451541 0.430356 0.781604
vn 0.451541 0.430356 0.781604
vn 0.451541 0.430356 0.781604
vn 0.451541 0.430356 0.781604
vn 0.608677 0.765859 0.207297
vn 0.608677 0.765859 0.207297
vn 0.608677 0.765859 0.207297
vn 0.608677 0.765859 0.207297
vn 0.642891 0.748117 0.164356
vn 0.642891 0.748117 0.164356
vn 0.642891 0.748117 0.164356
vn 0.642891 0.748117 0.164356
vn 0.810223 0.582286 0.066947
vn 0.810223 0.582286 0.066947
vn 0.810223 0.582286 0.066947
vn 0.810223 0.582286 0.066947
vn 0.842696 0.507686 0.179215
vn 0.842696 0.507686 0.179215
vn 0.842696 0.507686 0.179215
vn 0.842696 0.507686 0.179215
vn 0.818696 0.573677 0.025141
vn 0.818696 0.573677 0.025141
vn 0.818696 0.573677 0.025141
vn 0.818696 0.573677 0.025141
vn 0.932856 0.357306 -0.045952
vn 0.932856 0.357306 -0.045952
vn 0.932856 0.357306 -0.045952
vn 0.932856 0.357306 -0.045952
vn 0.940985 0.335259 0.046359
vn 0.940985 0.335259 0.046359
vn 0.940985 0.335259 0.046359
vn 0.940985 0.335259 0.046359
vn 0.533651 -0.828344 -0.170476
vn 0.533651 -0.828344 -0.170476
vn 0.533651 -0.828344 -0.170476
vn 0.533651 -0.828344 -0.170476
vn 0.902330 0.429534 -0.036083
vn 0.902330 0.429534 -0.036083
vn 0.902330 0.429534 -0.036083
vn 0.902330 0.429534 -0.036083
vn 0.525962 -0.794255 -0.304177
vn 0.525962 -0.794255 -0.304177
vn 0.525962 -0.794255 -0.304177
vn 0.525962 -0.794255 -0.304177
vn 0.483543 -0.823556 -0.296548
vn 0.483543 -0.823556 -0.296548
vn 0.483543 -0.823556 -0.296548
vn 0.483543 -0.823556 -0.296548
vn -0.650024 -0.757025 -0.066195
vn -0.650024 -0.757025 -0.066195
vn -0.650024 -0.757025 -0.066195
vn -0.650024 -0.757025 -0.066195
vn 0.797015 0.603936 -0.005357
vn 0.797015 0.603936 -0.005357
vn 0.797015 0.603936 -0.005357
vn 0.797015 0.603936 -0.005357
vn 0.929291 0.366436 -0.046301
vn 0.929291 0.366436 -0.046301
vn 0.929291 0.366436 -0.046301
vn 0.929291 0.366436 -0.046301
vn 0.711826 0.695599 0.097195
vn 0.711826 0.695599 0.097195
vn 0.711826 0.695599 0.097195
vn 0.711826 0.695599 0.097195
vn 0.902289 0.428422 -0.048252
vn 0.902289 0.428422 -0.048252
vn 0.902289 0.428422 -0.048252
vn 0.902289 0.428422 -0.048252
vn 0.669709 0.728940 0.141904
vn 0.669709 0.728940 0.141904
vn 0.669709 0.728940 0.141904
vn 0.669709 0.728940 0.141904
vn 0.691615 0.714935 0.102644
vn 0.691615 0.714935 0.102644
vn 0.691615 0.714935 0.102644
vn 0.691615 0.714935 0.102644
vn -0.675250 -0.737302 0.020573
vn -0.675250 -0.737302 0.020573
vn -0.675250 -0.737302 0.020573
vn -0.675250 -0.737302 0.020573
vn -0.673168 -0.739178 0.021442
vn -0.673168 -0.739178 0.021442
vn -0.673168 -0.739178 0.021442
vn -0.673168 -0.739178 0.021442
vn -0.643149 -0.765584 -0.015465
vn -0.643149 -0.765584 -0.015465
vn -0.643149 -0.765584 -0.015465
vn -0.643149 -0.765584 -0.015465
vn -0.683759 -0.722964 -0.098985
vn -0.683759 -0.722964 -0.098985
vn -0.683759 -0.722964 -0.098985
vn -0.683759 -0.722964 -0.098985
vn -0.718540 -0.682448 -0.134039
vn -0.718540 -0.682448 -0.134039
vn -0.718540 -0.682448 -0.134039
vn -0.718540 -0.682448 -0.134039
vn -0.745017 -0.648930 -0.154399
vn -0.745017 -0.648930 -0.154399
vn -0.745017 -0.648930 -0.154399
vn -0.745017 -0.648930 -0.154399
vn -0.033954 0.913808 0.404724
vn -0.033954 0.913808 0.404724
vn -0.033954 0.913808 0.404724
vn -0.033954 0.913808 0.404724
vn 0.333852 0.897262 0.288902
vn 0.333852 0.897262 0.288902
vn 0.333852 0.897262 0.288902
vn 0.333852 0.897262 0.288902
vn 0.519462 0.819076 0.243462
vn 0.519462 0.819076 0.243462
vn 0.519462 0.819076 0.243462
vn 0.519462 0.819076 0.243462
vn 0.459511 0.483395 0.745103
vn 0.459511 0.483395 0.745103
vn 0.459511 0.483395 0.745103
vn 0.459511 0.483395 0.745103
vn -0.561044 -0.629271 0.537817
vn -0.561044 -0.629271 0.537817
vn -0.561044 -0.629271 0.537817
vn -0.561044 -0.629271 0.537817
vn -0.670505 -0.675479 -0.306841
vn -0.670505 -0.675479 -0.306841
vn -0.670505 -0.675479 -0.306841
vn -0.670505 -0.675479 -0.306841
vn -0.791901 0.059274 0.607766
vn -0.791901 0.059274 0.607766
vn -0.791901 0.059274 0.607766
vn -0.791901 0.059274 0.607766
vn 0.822954 -0.022043 -0.567680
vn 0.822954 -0.022043 -0.567680
vn 0.822954 -0.022043 -0.567680
vn 0.822954 -0.022043 -0.567680
vn 0.771602 -0.063445 -0.632934
vn 0.771602 -0.063445 -0.632934
vn 0.771602 -0.063445 -0.632934
vn 0.771602 -0.063445 -0.632934
vn -0.768083 -0.611681 0.189459
vn -0.768083 -0.611681 0.189459
vn -0.768083 -0.611681 0.189459
vn -0.768083 -0.611681 0.189459
vn 0.281383 0.152892 -0.947337
vn 0.281383 0.152892 -0.947337
vn 0.281383 0.152892 -0.947337
vn 0.281383 0.152892 -0.947337
vn 0.223767 0.006520 -0.974621
vn 0.223767 0.006520 -0.974621
vn 0.223767 0.006520 -0.974621
vn 0.223767 0.006520 -0.974621
vn 0.724243 0.672447 0.152597
vn 0.724243 0.672447 0.152597
vn 0.724243 0.672447 0.152597
vn 0.724243 0.672447 0.152597
vn 0.857802 0.500462 -0.117103
vn 0.857802 0.500462 -0.117103
vn 0.857802 0.500462 -0.117103
vn 0.857802 0.500462 -0.117103
vn 0.466771 0.831128 -0.302242
vn 0.466771 0.831128 -0.302242
vn 0.466771 0.831128 -0.302242
vn 0.466771 0.831128 -0.302242
vn 0.384248 0.919103 0.087198
vn 0.384248 0.919103 0.087198
vn 0.384248 0.919103 0.087198
vn 0.384248 0.919103 0.087198
vn 0.246386 -0.948862 0.197368
vn 0.246386 -0.948862 0.197368
vn 0.246386 -0.948862 0.197368
vn 0.246386 -0.948862 0.197368
vn 0.517416 -0.855572 0.016661
vn 0.517416 -0.855572 0.016661
vn 0.517416 -0.855572 0.016661
vn 0.517416 -0.855572 0.016661
vn -0.503102 -0.857484 -0.107745
vn -0.503102 -0.857484 -0.107745
vn -0.503102 -0.857484 -0.107745
vn -0.503102 -0.857484 -0.107745
vn 0.876276 0.437859 0.201046
vn 0.876276 0.437859 0.201046
vn 0.876276 0.437859 0.201046
vn 0.876276 0.437859 0.201046
vn 0.982065 0.188012 -0.014123
vn 0.982065 0.188012 -0.014123
vn 0.982065 0.188012 -0.014123
vn 0.982065 0.188012 -0.014123
vn 0.879961 0.464011 0.101801
vn 0.879961 0.464011 0.101801
vn 0.879961 0.464011 0.101801
vn 0.879961 0.464011 0.101801
vn 0.824377 0.553265 0.119583
vn 0.824377 0.553265 0.119583
vn 0.824377 0.553265 0.119583
vn 0.824377 0.553265 0.119583
vn 0.918346 0.389338 0.071112
vn 0.918346 0.389338 0.071112
vn 0.918346 0.389338 0.071112
vn 0.918346 0.389338 0.071112
vn 0.447477 -0.863136 -0.234011
vn 0.447477 -0.863136 -0.234011
vn 0.447477 -0.863136 -0.234011
vn 0.447477 -0.863136 -0.234011
vn 0.411844 -0.168040 -0.895627
vn 0.411844 -0.168040 -0.895627
vn 0.411844 -0.168040 -0.895627
vn 0.411844 -0.168040 -0.895627
vn 0.557374 -0.778039 -0.289809
vn 0.557374 -0.778039 -0.289809
vn 0.557374 -0.778039 -0.289809
vn 0.557374 -0.778039 -0.289809
vn 0.357792 -0.881357 -0.308535
vn 0.357792 -0.881357 -0.308535
vn 0.357792 -0.881357 -0.308535
vn 0.357792 -0.881357 -0.308535
vn 0.836537 0.539141 -0.097641
vn 0.836537 0.539141 -0.097641
vn 0.836537 0.539141 -0.097641
vn 0.836537 0.539141 -0.097641
vn 0.812463 0.557430 -0.170806
vn 0.812463 0.557430 -0.170806
vn 0.812463 0.557430 -0.170806
vn 0.812463 0.557430 -0.170806
vn 0.872001 0.470841 -0.133879
vn 0.872001 0.470841 -0.133879
vn 0.872001 0.470841 -0.133879
vn 0.872001 0.470841 -0.133879
vn -0.764404 -0.423914 0.485781
vn -0.764404 -0.423914 0.485781
vn -0.764404 -0.423914 0.485781
vn -0.764404 -0.423914 0.485781
vn 0.755087 0.646175 -0.110914
vn 0.755087 0.646175 -0.110914
vn 0.755087 0.646175 -0.110914
vn 0.755087 0.646175 -0.110914
vn 0.835136 0.500926 -0.227203
vn 0.835136 0.500926 -0.227203
vn 0.835136 0.500926 -0.227203
vn 0.835136 0.500926 -0.227203
vn 0.839597 0.487595 -0.239432
vn 0.839597 0.487595 -0.239432
vn 0.839597 0.487595 -0.239432
vn 0.839597 0.487595 -0.239432
vn 0.812653 0.508105 -0.285349
vn 0.812653 0.508105 -0.285349
vn 0.812653 0.508105 -0.285349
vn 0.812653 0.508105 -0.285349
vn 0.781483 0.546547 -0.300951
vn 0.781483 0.546547 -0.300951
vn 0.781483 0.546547 -0.300951
vn 0.781483 0.546547 -0.300951
vn -0.865597 -0.448497 0.222693
vn -0.865597 -0.448497 0.222693
vn -0.865597 -0.448497 0.222693
vn -0.865597 -0.448497 0.222693
vn -0.861031 -0.460365 0.216078
vn -0.861031 -0.460365 0.216078
vn -0.861031 -0.460365 0.216078
vn -0.861031 -0.460365 0.216078
vn -0.884902 -0.354836 0.301728
vn -0.884902 -0.354836 0.301728
vn -0.884902 -0.354836 0.301728
vn -0.884902 -0.354836 0.301728
vn -0.794531 -0.501177 0.342844
vn -0.794531 -0.501177 0.342844
vn -0.794531 -0.501177 0.342844
vn -0.794531 -0.501177 0.342844
vn -0.793803 -0.528459 0.301011
vn -0.793803 -0.528459 0.301011
vn -0.793803 -0.528459 0.301011
vn -0.793803 -0.528459 0.301011
vn -0.797833 -0.527881 0.291212
vn -0.797833 -0.527881 0.291212
vn -0.797833 -0.527881 0.291212
vn -0.797833 -0.527881 0.291212
vn -0.853419 -0.380493 0.356233
vn -0.853419 -0.380493 0.356233
vn -0.853419 -0.380493 0.356233
vn -0.853419 -0.380493 0.356233
vn -0.756397 -0.559564 0.338749
vn -0.756397 -0.559564 0.338749
vn -0.756397 -0.559564 0.338749
vn -0.756397 -0.559564 0.338749
vn -0.675371 -0.527525 0.515355
vn -0.675371 -0.527525 0.515355
vn -0.675371 -0.527525 0.515355
vn -0.675371 -0.527525 0.515355
vn -0.736880 -0.517254 0.435266
vn -0.736880 -0.517254 0.435266
vn -0.736880 -0.517254 0.435266
vn -0.736880 -0.517254 0.435266
vn -0.429924 -0.896567 -0.106461
vn -0.429924 -0.896567 -0.106461
vn -0.429924 -0.896567 -0.106461
vn -0.429924 -0.896567 -0.106461
vn -0.754494 -0.612706 0.235225
vn -0.754494 -0.612706 0.235225
vn -0.754494 -0.612706 0.235225
vn -0.754494 -0.612706 0.235225
vn -0.853108 -0.453432 0.258084
vn -0.853108 -0.453432 0.258084
vn -0.853108 -0.453432 0.258084
vn -0.853108 -0.453432 0.258084
vn -0.862980 -0.416785 0.285579
vn -0.862980 -0.416785 0.285579
vn -0.862980 -0.416785 0.285579
vn -0.862980 -0.416785 0.285579
vn -0.783192 -0.588349 0.201136
vn -0.783192 -0.588349 0.201136
vn -0.783192 -0.588349 0.201136
vn -0.783192 -0.588349 0.201136
vn -0.873008 -0.455546 0.174170
vn -0.873008 -0.455546 0.174170
vn -0.873008 -0.455546 0.174170
vn -0.873008 -0.455546 0.174170
vn 0.816165 0.551555 -0.172230
vn 0.816165 0.551555 -0.172230
vn 0.816165 0.551555 -0.172230
vn 0.816165 0.551555 -0.172230
vn 0.822358 0.024742 -0.568432
vn 0.822358 0.024742 -0.568432
vn 0.822358 0.024742 -0.568432
vn 0.822358 0.024742 -0.568432
vn -0.422278 -0.900037 -0.107768
vn -0.422278 -0.900037 -0.107768
vn -0.422278 -0.900037 -0.107768
vn -0.422278 -0.900037 -0.107768
vn -0.747929 -0.636955 0.186793
vn -0.747929 -0.636955 0.186793
vn -0.747929 -0.636955 0.186793
vn -0.747929 -0.636955 0.186793
vn -0.836668 -0.429674 0.339658
vn -0.836668 -0.429674 0.339658
vn -0.836668 -0.429674 0.339658
vn -0.836668 -0.429674 0.339658
vn -0.807504 -0.502801 0.308428
vn -0.807504 -0.502801 0.308428
vn -0.807504 -0.502801 0.308428
vn -0.807504 -0.502801 0.308428
vn -0.814801 -0.485434 0.316946
vn -0.814801 -0.485434 0.316946
vn -0.814801 -0.485434 0.316946
vn -0.814801 -0.485434 0.316946
vn 0.085180 -0.675645 -0.732289
vn 0.085180 -0.675645 -0.732289
vn 0.085180 -0.675645 -0.732289
vn 0.085180 -0.675645 -0.732289
vn 0.171346 -0.634546 -0.753653
vn 0.171346 -0.634546 -0.753653
vn 0.171346 -0.634546 -0.753653
vn 0.171346 -0.634546 -0.753653
vn 0.355914 -0.450027 -0.819024
vn 0.355914 -0.450027 -0.819024
vn 0.355914 -0.450027 -0.819024
vn 0.355914 -0.450027 -0.819024
vn 0.604759 0.358409 -0.711203
vn 0.604759 0.358409 -0.711203
vn 0.604759 0.358409 -0.711203
vn 0.604759 0.358409 -0.711203
vn 0.445048 0.506658 -0.738397
vn 0.445048 0.506658 -0.738397
vn 0.445048 0.506658 -0.738397
vn 0.445048 0.506658 -0.738397
vn 0.159847 0.617882 -0.769851
vn 0.159847 0.617882 -0.769851
vn 0.159847 0.617882 -0.769851
vn 0.159847 0.617882 -0.769851
vn 0.569496 0.409973 -0.712458
vn 0.569496 0.409973 -0.712458
vn 0.569496 0.409973 -0.712458
vn 0.569496 0.409973 -0.712458
vn 0.553271 0.344129 -0.758595
vn 0.553271 0.344129 -0.758595
vn 0.553271 0.344129 -0.758595
vn 0.553271 0.344129 -0.758595
vn 0.950004 0.307831 0.052267
vn 0.950004 0.307831 0.052267
vn 0.950004 0.307831 0.052267
vn 0.950004 0.307831 0.052267
vn 0.600182 -0.799846 -0.005204
vn 0.600182 -0.799846 -0.005204
vn 0.600182 -0.799846 -0.005204
vn 0.600182 -0.799846 -0.005204
vn -0.460194 -0.861351 0.215164
vn -0.460194 -0.861351 0.215164
vn -0.460194 -0.861351 0.215164
vn -0.460194 -0.861351 0.215164
vn -0.596138 -0.785910 0.164209
vn -0.596138 -0.785910 0.164209
vn -0.596138 -0.785910 0.164209
vn -0.596138 -0.785910 0.164209
vn -0.579185 -0.812766 0.062905
vn -0.579185 -0.812766 0.062905
vn -0.579185 -0.812766 0.062905
vn -0.579185 -0.812766 0.062905
vn -0.562495 -0.810407 -0.163829
vn -0.562495 -0.810407 -0.163829
vn -0.562495 -0.810407 -0.163829
vn -0.562495 -0.810407 -0.163829
vn -0.546649 -0.836167 -0.044718
vn -0.546649 -0.836167 -0.044718
vn -0.546649 -0.836167 -0.044718
vn -0.546649 -0.836167 -0.044718
vn -0.605846 -0.776900 -0.171399
vn -0.605846 -0.776900 -0.171399
vn -0.605846 -0.776900 -0.171399
vn -0.605846 -0.776900 -0.171399
vn 0.347582 0.022410 0.937382
vn 0.347582 0.022410 0.937382
vn 0.347582 0.022410 0.937382
vn 0.347582 0.022410 0.937382
vn 0.338963 -0.269921 0.901247
vn 0.338963 -0.269921 0.901247
vn 0.338963 -0.269921 0.901247
vn 0.338963 -0.269921 0.901247
vn 0.507308 -0.001009 -0.861764
vn 0.507308 -0.001009 -0.861764
vn 0.507308 -0.001009 -0.861764
vn 0.507308 -0.001009 -0.861764
vn 0.303182 -0.911220 -0.278854
vn 0.303182 -0.911220 -0.278854
vn 0.303182 -0.911220 -0.278854
vn 0.303182 -0.911220 -0.278854
vn 0.450005 -0.658759 -0.602937
vn 0.450005 -0.658759 -0.602937
vn 0.450005 -0.658759 -0.602937
vn 0.450005 -0.658759 -0.602937
vn 0.872150 0.049306 -0.486748
vn 0.872150 0.049306 -0.486748
vn 0.872150 0.049306 -0.486748
vn 0.872150 0.049306 -0.486748
vn 0.267372 -0.859245 -0.436130
vn 0.267372 -0.859245 -0.436130
vn 0.267372 -0.859245 -0.436130
vn 0.267372 -0.859245 -0.436130
vn 0.090984 -0.910386 -0.403633
vn 0.090984 -0.910386 -0.403633
vn 0.090984 -0.910386 -0.403633
vn 0.090984 -0.910386 -0.403633
vn -0.010259 -0.926197 -0.376900
vn -0.010259 -0.926197 -0.376900
vn -0.010259 -0.926197 -0.376900
vn -0.010259 -0.926197 -0.376900
vn 0.248402 -0.808135 -0.534054
vn 0.248402 -0.808135 -0.534054
vn 0.248402 -0.808135 -0.534054
vn 0.248402 -0.808135 -0.534054
vn 0.507310 -0.821061 -0.261717
vn 0.507310 -0.821061 -0.261717
vn 0.507310 -0.821061 -0.261717
vn 0.507310 -0.821061 -0.261717
vn 0.277707 -0.939471 -0.200682
vn 0.277707 -0.939471 -0.200682
vn 0.277707 -0.939471 -0.200682
vn 0.277707 -0.939471 -0.200682
vn 0.008786 -0.999216 -0.038611
vn 0.008786 -0.999216 -0.038611
vn 0.008786 -0.999216 -0.038611
vn 0.008786 -0.999216 -0.038611
vn 0.765773 -0.570542 -0.296773
vn 0.765773 -0.570542 -0.296773
vn 0.765773 -0.570542 -0.296773
vn 0.765773 -0.570542 -0.296773
vn 0.261217 0.127966 -0.956760
vn 0.261217 0.127966 -0.956760
vn 0.261217 0.127966 -0.956760
vn 0.261217 0.127966 -0.956760
vn 0.881136 0.382308 -0.278279
vn 0.881136 0.382308 -0.278279
vn 0.881136 0.382308 -0.278279
vn 0.881136 0.382308 -0.278279
vn 0.771945 0.175512 -0.610980
vn 0.771945 0.175512 -0.610980
vn 0.771945 0.175512 -0.610980
vn 0.771945 0.175512 -0.610980
vn 0.510209 0.206092 -0.834993
vn 0.510209 0.206092 -0.834993
vn 0.510209 0.206092 -0.834993
vn 0.510209 0.206092 -0.834993
vn 0.745401 0.529606 -0.404839
vn 0.745401 0.529606 -0.404839
vn 0.745401 0.529606 -0.404839
vn 0.745401 0.529606 -0.404839
vn 0.136645 -0.984805 -0.107179
vn 0.136645 -0.984805 -0.107179
vn 0.136645 -0.984805 -0.107179
vn 0.136645 -0.984805 -0.107179
vn 0.358160 -0.907451 -0.219669
vn 0.358160 -0.907451 -0.219669
vn 0.358160 -0.907451 -0.219669
vn 0.358160 -0.907451 -0.219669
vn 0.838455 0.302416 -0.453362
vn 0.838455 0.302416 -0.453362
vn 0.838455 0.302416 -0.453362
vn 0.838455 0.302416 -0.453362
vn 0.818603 0.532244 -0.215885
vn 0.818603 0.532244 -0.215885
vn 0.818603 0.532244 -0.215885
vn 0.818603 0.532244 -0.215885
vn 0.688910 0.724836 0.003952
vn 0.688910 0.724836 0.003952
vn 0.688910 0.724836 0.003952
vn 0.688910 0.724836 0.003952
vn 0.047127 -0.972231 -0.229229
vn 0.047127 -0.972231 -0.229229
vn 0.047127 -0.972231 -0.229229
vn 0.047127 -0.972231 -0.229229
vn 0.592248 -0.796918 0.119011
vn 0.592248 -0.796918 0.119011
vn 0.592248 -0.796918 0.119011
vn 0.592248 -0.796918 0.119011
vn 0.427076 0.175984 -0.886925
vn 0.427076 0.175984 -0.886925
vn 0.427076 0.175984 -0.886925
vn 0.427076 0.175984 -0.886925
vn 0.748746 -0.629110 -0.208806
vn 0.748746 -0.629110 -0.208806
vn 0.748746 -0.629110 -0.208806
vn 0.748746 -0.629110 -0.208806
vn 0.608388 0.788003 -0.094421
vn 0.608388 0.788003 -0.094421
vn 0.608388 0.788003 -0.094421
vn 0.608388 0.788003 -0.094421
vn 0.556373 0.830477 -0.027518
vn 0.556373 0.830477 -0.027518
vn 0.556373 0.830477 -0.027518
vn 0.556373 0.830477 -0.027518
vn 0.170985 -0.972750 -0.156594
vn 0.170985 -0.972750 -0.156594
vn 0.170985 -0.972750 -0.156594
vn 0.170985 -0.972750 -0.156594
vn 0.404411 -0.910045 -0.090937
vn 0.404411 -0.910045 -0.090937
vn 0.404411 -0.910045 -0.090937
vn 0.404411 -0.910045 -0.090937
vn 0.391295 -0.912617 -0.118397
vn 0.391295 -0.912617 -0.118397
vn 0.391295 -0.912617 -0.118397
vn 0.391295 -0.912617 -0.118397
vn 0.204381 -0.969908 -0.132315
vn 0.204381 -0.969908 -0.132315
vn 0.204381 -0.969908 -0.132315
vn 0.204381 -0.969908 -0.132315
vn 0.217457 -0.974480 -0.055682
vn 0.217457 -0.974480 -0.055682
vn 0.217457 -0.974480 -0.055682
vn 0.217457 -0.974480 -0.055682
vn 0.331635 -0.911307 -0.244002
vn 0.331635 -0.911307 -0.244002
vn 0.331635 -0.911307 -0.244002
vn 0.331635 -0.911307 -0.244002
vn 0.212399 -0.882132 -0.420393
vn 0.212399 -0.882132 -0.420393
vn 0.212399 -0.882132 -0.420393
vn 0.212399 -0.882132 -0.420393
vn 0.828721 0.327759 -0.453646
vn 0.828721 0.327759 -0.453646
vn 0.828721 0.327759 -0.453646
vn 0.828721 0.327759 -0.453646
vn 0.796897 0.259694 -0.545449
vn 0.796897 0.259694 -0.545449
vn 0.796897 0.259694 -0.545449
vn 0.796897 0.259694 -0.545449
vn 0.518075 0.328586 -0.789702
vn 0.518075 0.328586 -0.789702
vn 0.518075 0.328586 -0.789702
vn 0.518075 0.328586 -0.789702
vn -0.765962 0.462671 -0.446361
vn -0.765962 0.462671 -0.446361
vn -0.765962 0.462671 -0.446361
vn -0.765962 0.462671 -0.446361
vn -0.042832 -0.886754 0.460254
vn -0.042832 -0.886754 0.460254
vn -0.042832 -0.886754 0.460254
vn -0.042832 -0.886754 0.460254
vn -0.877305 -0.386298 0.284797
vn -0.877305 -0.386298 0.284797
vn -0.877305 -0.386298 0.284797
vn -0.877305 -0.386298 0.284797
vn -0.739842 -0.411010 0.532640
vn -0.739842 -0.411010 0.532640
vn -0.739842 -0.411010 0.532640
vn -0.739842 -0.411010 0.532640
vn -0.954986 -0.206147 0.213319
vn -0.954986 -0.206147 0.213319
vn -0.954986 -0.206147 0.213319
vn -0.954986 -0.206147 0.213319
vn -0.951062 0.087166 0.296453
vn -0.951062 0.087166 0.296453
vn -0.951062 0.087166 0.296453
vn -0.951062 0.087166 0.296453
vn -0.932836 0.117557 0.340583
vn -0.932836 0.117557 0.340583
vn -0.932836 0.117557 0.340583
vn -0.932836 0.117557 0.340583
vn -0.920917 0.137870 0.364559
vn -0.920917 0.137870 0.364559
vn -0.920917 0.137870 0.364559
vn -0.920917 0.137870 0.364559
vn -0.921189 0.179056 0.345470
vn -0.921189 0.179056 0.345470
vn -0.921189 0.179056 0.345470
vn -0.921189 0.179056 0.345470
vn -0.867763 0.256603 0.425608
vn -0.867763 0.256603 0.425608
vn -0.867763 0.256603 0.425608
vn -0.867763 0.256603 0.425608
vn -0.863690 0.019037 0.503664
vn -0.863690 0.019037 0.503664
vn -0.863690 0.019037 0.503664
vn -0.863690 0.019037 0.503664
vn -0.711934 -0.194038 0.674907
vn -0.711934 -0.194038 0.674907
vn -0.711934 -0.194038 0.674907
vn -0.711934 -0.194038 0.674907
vn -0.716369 -0.262230 0.646568
vn -0.716369 -0.262230 0.646568
vn -0.716369 -0.262230 0.646568
vn -0.716369 -0.262230 0.646568
vn -0.612652 0.167425 0.772416
vn -0.612652 0.167425 0.772416
vn -0.612652 0.167425 0.772416
vn -0.612652 0.167425 0.772416
vn -0.607985 0.360845 0.707209
vn -0.607985 0.360845 0.707209
vn -0.607985 0.360845 0.707209
vn -0.607985 0.360845 0.707209
vn -0.621584 0.244616 0.744175
vn -0.621584 0.244616 0.744175
vn -0.621584 0.244616 0.744175
vn -0.621584 0.244616 0.744175
vn 0.819854 0.557621 -0.129993
vn 0.819854 0.557621 -0.129993
vn 0.819854 0.557621 -0.129993
vn 0.819854 0.557621 -0.129993
vn 0.690555 0.720449 -0.063930
vn 0.690555 0.720449 -0.063930
vn 0.690555 0.720449 -0.063930
vn 0.690555 0.720449 -0.063930
vn 0.430020 -0.617320 0.658785
vn 0.430020 -0.617320 0.658785
vn 0.430020 -0.617320 0.658785
vn 0.430020 -0.617320 0.658785
vn 0.197682 0.210235 0.957457
vn 0.197682 0.210235 0.957457
vn 0.197682 0.210235 0.957457
vn 0.197682 0.210235 0.957457
vn 0.910846 0.399300 -0.104499
vn 0.910846 0.399300 -0.104499
vn 0.910846 0.399300 -0.104499
vn 0.910846 0.399300 -0.104499
vn 0.680842 0.731955 0.026374
vn 0.680842 0.731955 0.026374
vn 0.680842 0.731955 0.026374
vn 0.680842 0.731955 0.026374
vn 0.673408 0.737750 0.047404
vn 0.673408 0.737750 0.047404
vn 0.673408 0.737750 0.047404
vn 0.673408 0.737750 0.047404
vn 0.678648 0.727029 0.104239
vn 0.678648 0.727029 0.104239
vn 0.678648 0.727029 0.104239
vn 0.678648 0.727029 0.104239
vn -0.035746 0.681753 0.730709
vn -0.035746 0.681753 0.730709
vn -0.035746 0.681753 0.730709
vn -0.035746 0.681753 0.730709
vn 0.765097 0.642463 -0.043206
vn 0.765097 0.642463 -0.043206
vn 0.765097 0.642463 -0.043206
vn 0.765097 0.642463 -0.043206
vn 0.858742 0.478124 -0.184281
vn 0.858742 0.478124 -0.184281
vn 0.858742 0.478124 -0.184281
vn 0.858742 0.478124 -0.184281
vn 0.702995 0.711106 0.011233
vn 0.702995 0.711106 0.011233
vn 0.702995 0.711106 0.011233
vn 0.702995 0.711106 0.011233
vn 0.758240 0.645345 0.092750
vn 0.758240 0.645345 0.092750
vn 0.758240 0.645345 0.092750
vn 0.758240 0.645345 0.092750
vn 0.828735 0.520172 -0.206445
vn 0.828735 0.520172 -0.206445
vn 0.828735 0.520172 -0.206445
vn 0.828735 0.520172 -0.206445
vn 0.875766 0.479295 -0.057526
vn 0.875766 0.479295 -0.057526
vn 0.875766 0.479295 -0.057526
vn 0.875766 0.479295 -0.057526
vn 0.814644 0.576838 -0.060110
vn 0.814644 0.576838 -0.060110
vn 0.814644 0.576838 -0.060110
vn 0.814644 0.576838 -0.060110
vn 0.780628 0.623573 -0.042149
vn 0.780628 0.623573 -0.042149
vn 0.780628 0.623573 -0.042149
vn 0.780628 0.623573 -0.042149
vn 0.843397 0.527638 -0.101385
vn 0.843397 0.527638 -0.101385
vn 0.843397 0.527638 -0.101385
vn 0.843397 0.527638 -0.101385
vn 0.825723 0.532505 -0.186064
vn 0.825723 0.532505 -0.186064
vn 0.825723 0.532505 -0.186064
vn 0.825723 0.532505 -0.186064
vn 0.828089 0.558961 -0.042786
vn 0.828089 0.558961 -0.042786
vn 0.828089 0.558961 -0.042786
vn 0.828089 0.558961 -0.042786
vn 0.776446 0.630175 0.003353
vn 0.776446 0.630175 0.003353
vn 0.776446 0.630175 0.003353
vn 0.776446 0.630175 0.003353
vn 0.714453 0.699626 0.008988
vn 0.714453 0.699626 0.008988
vn 0.714453 0.699626 0.008988
vn 0.714453 0.699626 0.008988
vn 0.686904 0.720142 0.097764
vn 0.686904 0.720142 0.097764
vn 0.686904 0.720142 0.097764
vn 0.686904 0.720142 0.097764
vn 0.907765 0.407488 -0.099581
vn 0.907765 0.407488 -0.099581
vn 0.907765 0.407488 -0.099581
vn 0.907765 0.407488 -0.099581
vn 0.787831 0.615572 -0.019836
vn 0.787831 0.615572 -0.019836
vn 0.787831 0.615572 -0.019836
vn 0.787831 0.615572 -0.019836
vn 0.790879 0.609872 -0.050667
vn 0.790879 0.609872 -0.050667
vn 0.790879 0.609872 -0.050667
vn 0.790879 0.609872 -0.050667
vn 0.954586 0.126223 -0.269875
vn 0.954586 0.126223 -0.269875
vn 0.954586 0.126223 -0.269875
vn 0.954586 0.126223 -0.269875
vn 0.696806 -0.617847 0.364316
vn 0.696806 -0.617847 0.364316
vn 0.696806 -0.617847 0.364316
vn 0.696806 -0.617847 0.364316
vn 0.105178 0.776065 0.621820
vn 0.105178 0.776065 0.621820
vn 0.105178 0.776065 0.621820
vn 0.105178 0.776065 0.621820
vn 0.418841 0.236384 0.876752
vn 0.418841 0.236384 0.876752
vn 0.418841 0.236384 0.876752
vn 0.418841 0.236384 0.876752
vn 0.491251 0.135791 0.860368
vn 0.491251 0.135791 0.860368
vn 0.491251 0.135791 0.860368
vn 0.491251 0.135791 0.860368
vn 0.547159 -0.679352 0.488976
vn 0.547159 -0.679352 0.488976
vn 0.547159 -0.679352 0.488976
vn 0.547159 -0.679352 0.488976
vn 0.988676 0.041323 -0.144265
vn 0.988676 0.041323 -0.144265
vn 0.988676 0.041323 -0.144265
vn 0.988676 0.041323 -0.144265
vn 0.896650 0.067391 -0.437582
vn 0.896650 0.067391 -0.437582
vn 0.896650 0.067391 -0.437582
vn 0.896650 0.067391 -0.437582
vn -0.439962 -0.841086 0.314656
vn -0.439962 -0.841086 0.314656
vn -0.439962 -0.841086 0.314656
vn -0.439962 -0.841086 0.314656
vn -0.785894 -0.508346 0.352072
vn -0.785894 -0.508346 0.352072
vn -0.785894 -0.508346 0.352072
vn -0.785894 -0.508346 0.352072
vn 0.375405 -0.914707 0.149605
vn 0.375405 -0.914707 0.149605
vn 0.375405 -0.914707 0.149605
vn 0.375405 -0.914707 0.149605
vn -0.443445 -0.567056 0.694121
vn -0.443445 -0.567056 0.694121
vn -0.443445 -0.567056 0.694121
vn -0.443445 -0.567056 0.694121
vn 0.321999 0.299535 0.898107
vn 0.321999 0.299535 0.898107
vn 0.321999 0.299535 0.898107
vn 0.321999 0.299535 0.898107
vn 0.232529 0.363370 0.902160
vn 0.232529 0.363370 0.902160
vn 0.232529 0.363370 0.902160
vn 0.232529 0.363370 0.902160
vn -0.736762 -0.356146 0.574754
vn -0.736762 -0.356146 0.574754
vn -0.736762 -0.356146 0.574754
vn -0.736762 -0.356146 0.574754
vn -0.718192 -0.627844 0.300020
vn -0.718192 -0.627844 0.300020
vn -0.718192 -0.627844 0.300020
vn -0.718192 -0.627844 0.300020
vn -0.569019 -0.689887 0.447519
vn -0.569019 -0.689887 0.447519
vn -0.569019 -0.689887 0.447519
vn -0.569019 -0.689887 0.447519
vn -0.686345 -0.474780 0.550921
vn -0.686345 -0.474780 0.550921
vn -0.686345 -0.474780 0.550921
vn -0.686345 -0.474780 0.550921
vn -0.832102 -0.495074 0.250017
vn -0.832102 -0.495074 0.250017
vn -0.832102 -0.495074 0.250017
vn -0.832102 -0.495074 0.250017
vn -0.219546 -0.957257 -0.188302
vn -0.219546 -0.957257 -0.188302
vn -0.219546 -0.957257 -0.188302
vn -0.219546 -0.957257 -0.188302
vn -0.412664 -0.880079 -0.234879
vn -0.412664 -0.880079 -0.234879
vn -0.412664 -0.880079 -0.234879
vn -0.412664 -0.880079 -0.234879
vn -0.151179 -0.987074 -0.053198
vn -0.151179 -0.987074 -0.053198
vn -0.151179 -0.987074 -0.053198
vn -0.151179 -0.987074 -0.053198
vn -0.856993 -0.366625 0.362146
vn -0.856993 -0.366625 0.362146
vn -0.856993 -0.366625 0.362146
vn -0.856993 -0.366625 0.362146
vn -0.778820 -0.552464 0.297024
vn -0.778820 -0.552464 0.297024
vn -0.778820 -0.552464 0.297024
vn -0.778820 -0.552464 0.297024
vn -0.734686 -0.362049 0.573722
vn -0.734686 -0.362049 0.573722
vn -0.734686 -0.362049 0.573722
vn -0.734686 -0.362049 0.573722
vn -0.605108 -0.658816 0.446996
vn -0.605108 -0.658816 0.446996
vn -0.605108 -0.658816 0.446996
vn -0.605108 -0.658816 0.446996
vn -0.634968 -0.649366 0.418497
vn -0.634968 -0.649366 0.418497
vn -0.634968 -0.649366 0.418497
vn -0.634968 -0.649366 0.418497
vn -0.874304 -0.451552 0.178028
vn -0.874304 -0.451552 0.178028
vn -0.874304 -0.451552 0.178028
vn -0.874304 -0.451552 0.178028
vn -0.835082 -0.501381 0.226396
vn -0.835082 -0.501381 0.226396
vn -0.835082 -0.501381 0.226396
vn -0.835082 -0.501381 0.226396
vn -0.614794 -0.483062 0.623442
vn -0.614794 -0.483062 0.623442
vn -0.614794 -0.483062 0.623442
vn -0.614794 -0.483062 0.623442
vn -0.833115 -0.434562 0.342163
vn -0.833115 -0.434562 0.342163
vn -0.833115 -0.434562 0.342163
vn -0.833115 -0.434562 0.342163
vn -0.768012 -0.563402 0.304525
vn -0.768012 -0.563402 0.304525
vn -0.768012 -0.563402 0.304525
vn -0.768012 -0.563402 0.304525
vn -0.647994 -0.584813 0.487953
vn -0.647994 -0.584813 0.487953
vn -0.647994 -0.584813 0.487953
vn -0.647994 -0.584813 0.487953
vn -0.607972 -0.660500 0.440580
vn -0.607972 -0.660500 0.440580
vn -0.607972 -0.660500 0.440580
vn -0.607972 -0.660500 0.440580
vn -0.651569 -0.607111 0.454835
vn -0.651569 -0.607111 0.454835
vn -0.651569 -0.607111 0.454835
vn -0.651569 -0.607111 0.454835
vn -0.706895 -0.599446 0.375452
vn -0.706895 -0.599446 0.375452
vn -0.706895 -0.599446 0.375452
vn -0.706895 -0.599446 0.375452
vn -0.794458 -0.521484 0.311274
vn -0.794458 -0.521484 0.311274
vn -0.794458 -0.521484 0.311274
vn -0.794458 -0.521484 0.311274
vn -0.663961 -0.552853 0.503498
vn -0.663961 -0.552853 0.503498
vn -0.663961 -0.552853 0.503498
vn -0.663961 -0.552853 0.503498
vn -0.659790 -0.642862 0.389109
vn -0.659790 -0.642862 0.389109
vn -0.659790 -0.642862 0.389109
vn -0.659790 -0.642862 0.389109
vn -0.809789 -0.464110 -0.358948
vn -0.809789 -0.464110 -0.358948
vn -0.809789 -0.464110 -0.358948
vn -0.809789 -0.464110 -0.358948
vn -0.311223 0.405597 -0.859436
vn -0.311223 0.405597 -0.859436
vn -0.311223 0.405597 -0.859436
vn -0.311223 0.405597 -0.859436
vn -0.784970 -0.336430 -0.520229
vn -0.784970 -0.336430 -0.520229
vn -0.784970 -0.336430 -0.520229
vn -0.784970 -0.336430 -0.520229
vn -0.172029 0.164453 -0.971268
vn -0.172029 0.164453 -0.971268
vn -0.172029 0.164453 -0.971268
vn -0.172029 0.164453 -0.971268
vn -0.768863 -0.424321 -0.478331
vn -0.768863 -0.424321 -0.478331
vn -0.768863 -0.424321 -0.478331
vn -0.768863 -0.424321 -0.478331
vn -0.771379 -0.537332 -0.340953
vn -0.771379 -0.537332 -0.340953
vn -0.771379 -0.537332 -0.340953
vn -0.771379 -0.537332 -0.340953
vn -0.749568 -0.609985 -0.257036
vn -0.749568 -0.609985 -0.257036
vn -0.749568 -0.609985 -0.257036
vn -0.749568 -0.609985 -0.257036
vn 0.635566 0.282977 -0.718318
vn 0.635566 0.282977 -0.718318
vn 0.635566 0.282977 -0.718318
vn 0.635566 0.282977 -0.718318
vn 0.708816 0.152677 -0.688672
vn 0.708816 0.152677 -0.688672
vn 0.708816 0.152677 -0.688672
vn 0.708816 0.152677 -0.688672
vn 0.728790 0.259593 -0.633623
vn 0.728790 0.259593 -0.633623
vn 0.728790 0.259593 -0.633623
vn 0.728790 0.259593 -0.633623
vn 0.773443 0.008966 -0.633803
vn 0.773443 0.008966 -0.633803
vn 0.773443 0.008966 -0.633803
vn 0.773443 0.008966 -0.633803
vn 0.563507 0.318953 -0.762056
vn 0.563507 0.318953 -0.762056
vn 0.563507 0.318953 -0.762056
vn 0.563507 0.318953 -0.762056
vn 0.687349 0.440967 -0.577148
vn 0.687349 0.440967 -0.577148
vn 0.687349 0.440967 -0.577148
vn 0.687349 0.440967 -0.577148
vn 0.550044 0.323612 -0.769888
vn 0.550044 0.323612 -0.769888
vn 0.550044 0.323612 -0.769888
vn 0.550044 0.323612 -0.769888
vn 0.694265 0.515918 -0.501821
vn 0.694265 0.515918 -0.501821
vn 0.694265 0.515918 -0.501821
vn 0.694265 0.515918 -0.501821
vn 0.579999 0.461041 -0.671597
vn 0.579999 0.461041 -0.671597
vn 0.579999 0.461041 -0.671597
vn 0.579999 0.461041 -0.671597
vn 0.673843 -0.381343 -0.632861
vn 0.673843 -0.381343 -0.632861
vn 0.673843 -0.381343 -0.632861
vn 0.673843 -0.381343 -0.632861
vn 0.619888 -0.458589 -0.636737
vn 0.619888 -0.458589 -0.636737
vn 0.619888 -0.458589 -0.636737
vn 0.619888 -0.458589 -0.636737
vn 0.669428 -0.561173 -0.486775
vn 0.669428 -0.561173 -0.486775
vn 0.669428 -0.561173 -0.486775
vn 0.669428 -0.561173 -0.486775
vn -0.350000 0.403889 -0.845206
vn -0.350000 0.403889 -0.845206
vn -0.350000 0.403889 -0.845206
vn -0.350000 0.403889 -0.845206
vn -0.345048 -0.799386 -0.491858
vn -0.345048 -0.799386 -0.491858
vn -0.345048 -0.799386 -0.491858
vn -0.345048 -0.799386 -0.491858
vn -0.517500 -0.718018 -0.465450
vn -0.517500 -0.718018 -0.465450
vn -0.517500 -0.718018 -0.465450
vn -0.517500 -0.718018 -0.465450
vn -0.717997 -0.625540 -0.305254
vn -0.717997 -0.625540 -0.305254
vn -0.717997 -0.625540 -0.305254
vn -0.717997 -0.625540 -0.305254
vn 0.743817 0.596615 -0.301309
vn 0.743817 0.596615 -0.301309
vn 0.743817 0.596615 -0.301309
vn 0.743817 0.596615 -0.301309
vn 0.564356 0.068491 -0.822686
vn 0.564356 0.068491 -0.822686
vn 0.564356 0.068491 -0.822686
vn 0.564356 0.068491 -0.822686
vn 0.979196 0.141986 0.144967
vn 0.979196 0.141986 0.144967
vn 0.979196 0.141986 0.144967
vn 0.979196 0.141986 0.144967
vn -0.379588 0.910946 -0.161527
vn -0.379588 0.910946 -0.161527
vn -0.379588 0.910946 -0.161527
vn -0.379588 0.910946 -0.161527
vn 0.763000 0.619264 -0.185319
vn 0.763000 0.619264 -0.185319
vn 0.763000 0.619264 -0.185319
vn 0.763000 0.619264 -0.185319
vn 0.571899 0.696142 0.433955
vn 0.571899 0.696142 0.433955
vn 0.571899 0.696142 0.433955
vn 0.571899 0.696142 0.433955
vn 0.911130 0.128718 0.391502
vn 0.911130 0.128718 0.391502
vn 0.911130 0.128718 0.391502
vn 0.911130 0.128718 0.391502
vn 0.956968 0.279778 -0.077045
vn 0.956968 0.279778 -0.077045
vn 0.956968 0.279778 -0.077045
vn 0.956968 0.279778 -0.077045
vn 0.924183 0.381853 -0.008631
vn 0.924183 0.381853 -0.008631
vn 0.924183 0.381853 -0.008631
vn 0.924183 0.381853 -0.008631
vn 0.630449 0.740281 -0.233492
vn 0.630449 0.740281 -0.233492
vn 0.630449 0.740281 -0.233492
vn 0.630449 0.740281 -0.233492
vn 0.807616 0.538538 -0.240278
vn 0.807616 0.538538 -0.240278
vn 0.807616 0.538538 -0.240278
vn 0.807616 0.538538 -0.240278
vn 0.246392 0.929607 -0.274085
vn 0.246392 0.929607 -0.274085
vn 0.246392 0.929607 -0.274085
vn 0.246392 0.929607 -0.274085
vn 0.786611 0.563743 -0.251865
vn 0.786611 0.563743 -0.251865
vn 0.786611 0.563743 -0.251865
vn 0.786611 0.563743 -0.251865
vn 0.999114 0.035703 0.022283
vn 0.999114 0.035703 0.022283
vn 0.999114 0.035703 0.022283
vn 0.999114 0.035703 0.022283
vn -0.625898 0.749075 -0.217115
vn -0.625898 0.749075 -0.217115
vn -0.625898 0.749075 -0.217115
vn -0.625898 0.749075 -0.217115
vn 0.702630 -0.458266 -0.544337
vn 0.702630 -0.458266 -0.544337
vn 0.702630 -0.458266 -0.544337
vn 0.702630 -0.458266 -0.544337
vn 0.572849 0.014845 -0.819527
vn 0.572849 0.014845 -0.819527
vn 0.572849 0.014845 -0.819527
vn 0.572849 0.014845 -0.819527
vn 0.820271 0.571953 0.004971
vn 0.820271 0.571953 0.004971
vn 0.820271 0.571953 0.004971
vn 0.820271 0.571953 0.004971
vn 0.816061 0.577340 0.026889
vn 0.816061 0.577340 0.026889
vn 0.816061 0.577340 0.026889
vn 0.816061 0.577340 0.026889
vn 0.832738 0.541964 -0.113236
vn 0.832738 0.541964 -0.113236
vn 0.832738 0.541964 -0.113236
vn 0.832738 0.541964 -0.113236
vn 0.718531 0.695200 0.020262
vn 0.718531 0.695200 0.020262
vn 0.718531 0.695200 0.020262
vn 0.718531 0.695200 0.020262
vn 0.781185 0.624292 -0.003120
vn 0.781185 0.624292 -0.003120
vn 0.781185 0.624292 -0.003120
vn 0.781185 0.624292 -0.003120
vn 0.823982 0.566427 0.014650
vn 0.823982 0.566427 0.014650
vn 0.823982 0.566427 0.014650
vn 0.823982 0.566427 0.014650
vn 0.807145 0.585862 -0.072676
vn 0.807145 0.585862 -0.072676
vn 0.807145 0.585862 -0.072676
vn 0.807145 0.585862 -0.072676
vn 0.748944 0.629865 -0.205800
vn 0.748944 0.629865 -0.205800
vn 0.748944 0.629865 -0.205800
vn 0.748944 0.629865 -0.205800
vn 0.806593 0.575362 -0.135522
vn 0.806593 0.575362 -0.135522
vn 0.806593 0.575362 -0.135522
vn 0.806593 0.575362 -0.135522
vn 0.811915 0.577854 -0.082944
vn 0.811915 0.577854 -0.082944
vn 0.811915 0.577854 -0.082944
vn 0.811915 0.577854 -0.082944
vn 0.749356 0.628738 -0.207734
vn 0.749356 0.628738 -0.207734
vn 0.749356 0.628738 -0.207734
vn 0.749356 0.628738 -0.207734
vn 0.813787 0.579454 -0.044530
vn 0.813787 0.579454 -0.044530
vn 0.813787 0.579454 -0.044530
vn 0.813787 0.579454 -0.044530
vn 0.745204 0.648439 -0.155557
vn 0.745204 0.648439 -0.155557
vn 0.745204 0.648439 -0.155557
vn 0.745204 0.648439 -0.155557
vn 0.751825 0.636491 -0.172161
vn 0.751825 0.636491 -0.172161
vn 0.751825 0.636491 -0.172161
vn 0.751825 0.636491 -0.172161
vn 0.786816 0.604103 -0.126413
vn 0.786816 0.604103 -0.126413
vn 0.786816 0.604103 -0.126413
vn 0.786816 0.604103 -0.126413
vn 0.778393 0.584951 -0.227898
vn 0.778393 0.584951 -0.227898
vn 0.778393 0.584951 -0.227898
vn 0.778393 0.584951 -0.227898
vn 0.849014 0.432974 -0.302835
vn 0.849014 0.432974 -0.302835
vn 0.849014 0.432974 -0.302835
vn 0.849014 0.432974 -0.302835
vn 0.787287 0.611556 -0.078602
vn 0.787287 0.611556 -0.078602
vn 0.787287 0.611556 -0.078602
vn 0.787287 0.611556 -0.078602
vn 0.797715 0.595041 -0.097862
vn 0.797715 0.595041 -0.097862
vn 0.797715 0.595041 -0.097862
vn 0.797715 0.595041 -0.097862
vn 0.793589 0.607623 -0.031810
vn 0.793589 0.607623 -0.031810
vn 0.793589 0.607623 -0.031810
vn 0.793589 0.607623 -0.031810
vn 0.783295 0.619669 -0.049588
vn 0.783295 0.619669 -0.049588
vn 0.783295 0.619669 -0.049588
vn 0.783295 0.619669 -0.049588
vn 0.798948 0.598055 -0.063345
vn 0.798948 0.598055 -0.063345
vn 0.798948 0.598055 -0.063345
vn 0.798948 0.598055 -0.063345
vn 0.783580 0.621156 -0.012938
vn 0.783580 0.621156 -0.012938
vn 0.783580 0.621156 -0.012938
vn 0.783580 0.621156 -0.012938
vn 0.781737 0.623606 0.001724
vn 0.781737 0.623606 0.001724
vn 0.781737 0.623606 0.001724
vn 0.781737 0.623606 0.001724
vn 0.810441 0.585678 -0.012939
vn 0.810441 0.585678 -0.012939
vn 0.810441 0.585678 -0.012939
vn 0.810441 0.585678 -0.012939
vn 0.769664 0.638237 -0.016455
vn 0.769664 0.638237 -0.016455
vn 0.769664 0.638237 -0.016455
vn 0.769664 0.638237 -0.016455
vn 0.775497 0.631215 -0.013117
vn 0.775497 0.631215 -0.013117
vn 0.775497 0.631215 -0.013117
vn 0.775497 0.631215 -0.013117
vn 0.804474 0.593165 -0.031243
vn 0.804474 0.593165 -0.031243
vn 0.804474 0.593165 -0.031243
vn 0.804474 0.593165 -0.031243
vn 0.809120 0.585348 -0.051893
vn 0.809120 0.585348 -0.051893
vn 0.809120 0.585348 -0.051893
vn 0.809120 0.585348 -0.051893
vn 0.760914 0.633691 -0.139445
vn 0.760914 0.633691 -0.139445
vn 0.760914 0.633691 -0.139445
vn 0.760914 0.633691 -0.139445
vn 0.756841 0.627646 -0.182349
vn 0.756841 0.627646 -0.182349
vn 0.756841 0.627646 -0.182349
vn 0.756841 0.627646 -0.182349
vn 0.884250 0.467014 -0.000259
vn 0.884250 0.467014 -0.000259
vn 0.884250 0.467014 -0.000259
vn 0.884250 0.467014 -0.000259
vn 0.701529 0.712558 -0.010819
vn 0.701529 0.712558 -0.010819
vn 0.701529 0.712558 -0.010819
vn 0.701529 0.712558 -0.010819
vn 0.723238 0.658343 0.208593
vn 0.723238 0.658343 0.208593
vn 0.723238 0.658343 0.208593
vn 0.723238 0.658343 0.208593
vn 0.747401 0.660640 0.070338
vn 0.747401 0.660640 0.070338
vn 0.747401 0.660640 0.070338
vn 0.747401 0.660640 0.070338
vn 0.394266 0.907329 -0.145973
vn 0.394266 0.907329 -0.145973
vn 0.394266 0.907329 -0.145973
vn 0.394266 0.907329 -0.145973
vn 0.700754 0.672613 -0.237773
vn 0.700754 0.672613 -0.237773
vn 0.700754 0.672613 -0.237773
vn 0.700754 0.672613 -0.237773
vn 0.963938 -0.198472 0.177290
vn 0.963938 -0.198472 0.177290
vn 0.963938 -0.198472 0.177290
vn 0.963938 -0.198472 0.177290
vn 0.065947 0.990094 0.123957
vn 0.065947 0.990094 0.123957
vn 0.065947 0.990094 0.123957
vn 0.065947 0.990094 0.123957
vn 0.352703 0.898120 0.262642
vn 0.352703 0.898120 0.262642
vn 0.352703 0.898120 0.262642
vn 0.352703 0.898120 0.262642
vn 0.670857 0.724965 -0.156133
vn 0.670857 0.724965 -0.156133
vn 0.670857 0.724965 -0.156133
vn 0.670857 0.724965 -0.156133
vn 0.719554 0.531882 0.446479
vn 0.719554 0.531882 0.446479
vn 0.719554 0.531882 0.446479
vn 0.719554 0.531882 0.446479
vn 0.927424 -0.206756 0.311666
vn 0.927424 -0.206756 0.311666
vn 0.927424 -0.206756 0.311666
vn 0.927424 -0.206756 0.311666
vn 0.796824 0.582699 -0.159793
vn 0.796824 0.582699 -0.159793
vn 0.796824 0.582699 -0.159793
vn 0.796824 0.582699 -0.159793
vn 0.813079 0.566910 -0.132349
vn 0.813079 0.566910 -0.132349
vn 0.813079 0.566910 -0.132349
vn 0.813079 0.566910 -0.132349
vn -0.041637 0.982444 -0.181853
vn -0.041637 0.982444 -0.181853
vn -0.041637 0.982444 -0.181853
vn -0.041637 0.982444 -0.181853
vn 0.678488 0.711318 -0.183524
vn 0.678488 0.711318 -0.183524
vn 0.678488 0.711318 -0.183524
vn 0.678488 0.711318 -0.183524
vn 0.962524 -0.270632 0.017513
vn 0.962524 -0.270632 0.017513
vn 0.962524 -0.270632 0.017513
vn 0.962524 -0.270632 0.017513
vn 0.790132 0.587836 -0.173611
vn 0.790132 0.587836 -0.173611
vn 0.790132 0.587836 -0.173611
vn 0.790132 0.587836 -0.173611
vn 0.991094 0.054870 -0.121337
vn 0.991094 0.054870 -0.121337
vn 0.991094 0.054870 -0.121337
vn 0.991094 0.054870 -0.121337
vn -0.808638 0.587910 0.021573
vn -0.808638 0.587910 0.021573
vn -0.808638 0.587910 0.021573
vn -0.808638 0.587910 0.021573
vn 0.813777 -0.566111 0.131473
vn 0.813777 -0.566111 0.131473
vn 0.813777 -0.566111 0.131473
vn 0.813777 -0.566111 0.131473
vn 0.578053 0.790689 -0.201656
vn 0.578053 0.790689 -0.201656
vn 0.578053 0.790689 -0.201656
vn 0.578053 0.790689 -0.201656
vn 0.789024 0.460646 -0.406505
vn 0.789024 0.460646 -0.406505
vn 0.789024 0.460646 -0.406505
vn 0.789024 0.460646 -0.406505
vn 0.283792 0.035848 -0.958216
vn 0.283792 0.035848 -0.958216
vn 0.283792 0.035848 -0.958216
vn 0.283792 0.035848 -0.958216
vn -0.210956 0.915048 -0.343781
vn -0.210956 0.915048 -0.343781
vn -0.210956 0.915048 -0.343781
vn -0.210956 0.915048 -0.343781
vn 0.988410 -0.136371 -0.066700
vn 0.988410 -0.136371 -0.066700
vn 0.988410 -0.136371 -0.066700
vn 0.988410 -0.136371 -0.066700
vn 0.938448 -0.109721 -0.327531
vn 0.938448 -0.109721 -0.327531
vn 0.938448 -0.109721 -0.327531
vn 0.938448 -0.109721 -0.327531
vn 0.656322 0.499189 -0.565731
vn 0.656322 0.499189 -0.565731
vn 0.656322 0.499189 -0.565731
vn 0.656322 0.499189 -0.565731
vn 0.750059 0.588815 -0.301179
vn 0.750059 0.588815 -0.301179
vn 0.750059 0.588815 -0.301179
vn 0.750059 0.588815 -0.301179
vn 0.816618 0.553130 -0.164873
vn 0.816618 0.553130 -0.164873
vn 0.816618 0.553130 -0.164873
vn 0.816618 0.553130 -0.164873
vn 0.769153 0.616655 0.167750
vn 0.769153 0.616655 0.167750
vn 0.769153 0.616655 0.167750
vn 0.769153 0.616655 0.167750
vn -0.439340 0.874684 -0.204716
vn -0.439340 0.874684 -0.204716
vn -0.439340 0.874684 -0.204716
vn -0.439340 0.874684 -0.204716
vn -0.582633 -0.250143 -0.773284
vn -0.582633 -0.250143 -0.773284
vn -0.582633 -0.250143 -0.773284
vn -0.582633 -0.250143 -0.773284
vn 0.871732 -0.488276 0.040870
vn 0.871732 -0.488276 0.040870
vn 0.871732 -0.488276 0.040870
vn 0.871732 -0.488276 0.040870
vn 0.457213 0.368199 -0.809559
vn 0.457213 0.368199 -0.809559
vn 0.457213 0.368199 -0.809559
vn 0.457213 0.368199 -0.809559
vn 0.727742 0.647717 -0.225510
vn 0.727742 0.647717 -0.225510
vn 0.727742 0.647717 -0.225510
vn 0.727742 0.647717 -0.225510
vn 0.821128 0.567273 0.062856
vn 0.821128 0.567273 0.062856
vn 0.821128 0.567273 0.062856
vn 0.821128 0.567273 0.062856
vn 0.789948 0.065634 -0.609651
vn 0.789948 0.065634 -0.609651
vn 0.789948 0.065634 -0.609651
vn 0.789948 0.065634 -0.609651
vn 0.819067 0.419525 -0.391317
vn 0.819067 0.419525 -0.391317
vn 0.819067 0.419525 -0.391317
vn 0.819067 0.419525 -0.391317
vn 0.817098 0.191325 -0.543825
vn 0.817098 0.191325 -0.543825
vn 0.817098 0.191325 -0.543825
vn 0.817098 0.191325 -0.543825
vn 0.823190 0.567654 0.011272
vn 0.823190 0.567654 0.011272
vn 0.823190 0.567654 0.011272
vn 0.823190 0.567654 0.011272
vn 0.769679 0.589584 -0.244918
vn 0.769679 0.589584 -0.244918
vn 0.769679 0.589584 -0.244918
vn 0.769679 0.589584 -0.244918
vn 0.759031 0.553965 -0.342046
vn 0.759031 0.553965 -0.342046
vn 0.759031 0.553965 -0.342046
vn 0.759031 0.553965 -0.342046
vn 0.675556 0.730548 -0.099616
vn 0.675556 0.730548 -0.099616
vn 0.675556 0.730548 -0.099616
vn 0.675556 0.730548 -0.099616
vn 0.810157 0.574519 -0.116506
vn 0.810157 0.574519 -0.116506
vn 0.810157 0.574519 -0.116506
vn 0.810157 0.574519 -0.116506
vn 0.670474 0.693625 0.263342
vn 0.670474 0.693625 0.263342
vn 0.670474 0.693625 0.263342
vn 0.670474 0.693625 0.263342
vn 0.860119 0.510045 0.007058
vn 0.860119 0.510045 0.007058
vn 0.860119 0.510045 0.007058
vn 0.860119 0.510045 0.007058
vn 0.813955 0.578065 0.057605
vn 0.813955 0.578065 0.057605
vn 0.813955 0.578065 0.057605
vn 0.813955 0.578065 0.057605
vn 0.559130 0.479464 -0.676379
vn 0.559130 0.479464 -0.676379
vn 0.559130 0.479464 -0.676379
vn 0.559130 0.479464 -0.676379
vn -0.358903 0.853061 0.378782
vn -0.358903 0.853061 0.378782
vn -0.358903 0.853061 0.378782
vn -0.358903 0.853061 0.378782
vn 0.691981 0.720266 0.048768
vn 0.691981 0.720266 0.048768
vn 0.691981 0.720266 0.048768
vn 0.691981 0.720266 0.048768
vn 0.886133 0.463324 0.009927
vn 0.886133 0.463324 0.009927
vn 0.886133 0.463324 0.009927
vn 0.886133 0.463324 0.009927
vn 0.856502 0.515789 0.019124
vn 0.856502 0.515789 0.019124
vn 0.856502 0.515789 0.019124
vn 0.856502 0.515789 0.019124
vn 0.884183 0.444409 0.143947
vn 0.884183 0.444409 0.143947
vn 0.884183 0.444409 0.143947
vn 0.884183 0.444409 0.143947
vn 0.874636 0.477183 -0.085488
vn 0.874636 0.477183 -0.085488
vn 0.874636 0.477183 -0.085488
vn 0.874636 0.477183 -0.085488
vn 0.784682 0.619891 -0.003051
vn 0.784682 0.619891 -0.003051
vn 0.784682 0.619891 -0.003051
vn 0.784682 0.619891 -0.003051
vn 0.775187 0.631601 0.012860
vn 0.775187 0.631601 0.012860
vn 0.775187 0.631601 0.012860
vn 0.775187 0.631601 0.012860
vn 0.782610 0.611150 -0.118395
vn 0.782610 0.611150 -0.118395
vn 0.782610 0.611150 -0.118395
vn 0.782610 0.611150 -0.118395
vn 0.815084 0.546467 -0.192383
vn 0.815084 0.546467 -0.192383
vn 0.815084 0.546467 -0.192383
vn 0.815084 0.546467 -0.192383
vn 0.786479 0.585867 -0.195477
vn 0.786479 0.585867 -0.195477
vn 0.786479 0.585867 -0.195477
vn 0.786479 0.585867 -0.195477
vn 0.821287 0.563905 -0.086592
vn 0.821287 0.563905 -0.086592
vn 0.821287 0.563905 -0.086592
vn 0.821287 0.563905 -0.086592
vn 0.800768 0.594927 -0.069515
vn 0.800768 0.594927 -0.069515
vn 0.800768 0.594927 -0.069515
vn 0.800768 0.594927 -0.069515
vn 0.823617 0.495597 -0.275751
vn 0.823617 0.495597 -0.275751
vn 0.823617 0.495597 -0.275751
vn 0.823617 0.495597 -0.275751
vn 0.212111 -0.928066 0.306108
vn 0.212111 -0.928066 0.306108
vn 0.212111 -0.928066 0.306108
vn 0.212111 -0.928066 0.306108
vn -0.658314 -0.748106 0.083435
vn -0.658314 -0.748106 0.083435
vn -0.658314 -0.748106 0.083435
vn -0.658314 -0.748106 0.083435
vn 0.099682 -0.930458 0.352578
vn 0.099682 -0.930458 0.352578
vn 0.099682 -0.930458 0.352578
vn 0.099682 -0.930458 0.352578
vn -0.314343 -0.860901 0.400048
vn -0.314343 -0.860901 0.400048
vn -0.314343 -0.860901 0.400048
vn -0.314343 -0.860901 0.400048
vn -0.456018 -0.847814 0.270664
vn -0.456018 -0.847814 0.270664
vn -0.456018 -0.847814 0.270664
vn -0.456018 -0.847814 0.270664
vn -0.602471 -0.782998 0.154738
vn -0.602471 -0.782998 0.154738
vn -0.602471 -0.782998 0.154738
vn -0.602471 -0.782998 0.154738
vn -0.695059 -0.717387 0.047409
vn -0.695059 -0.717387 0.047409
vn -0.695059 -0.717387 0.047409
vn -0.695059 -0.717387 0.047409
vn -0.753831 -0.656627 -0.024090
vn -0.753831 -0.656627 -0.024090
vn -0.753831 -0.656627 -0.024090
vn -0.753831 -0.656627 -0.024090
vn -0.760345 -0.645886 -0.068605
vn -0.760345 -0.645886 -0.068605
vn -0.760345 -0.645886 -0.068605
vn -0.760345 -0.645886 -0.068605
vn -0.762761 -0.638151 -0.104679
vn -0.762761 -0.638151 -0.104679
vn -0.762761 -0.638151 -0.104679
vn -0.762761 -0.638151 -0.104679
vn -0.756170 -0.642506 -0.124067
vn -0.756170 -0.642506 -0.124067
vn -0.756170 -0.642506 -0.124067
vn -0.756170 -0.642506 -0.124067
vn -0.741507 -0.659277 -0.124588
vn -0.741507 -0.659277 -0.124588
vn -0.741507 -0.659277 -0.124588
vn -0.741507 -0.659277 -0.124588
vn -0.712020 -0.693505 -0.109904
vn -0.712020 -0.693505 -0.109904
vn -0.712020 -0.693505 -0.109904
vn -0.712020 -0.693505 -0.109904
vn -0.687246 -0.722978 -0.070680
vn -0.687246 -0.722978 -0.070680
vn -0.687246 -0.722978 -0.070680
vn -0.687246 -0.722978 -0.070680
vn -0.644767 -0.762005 -0.060199
vn -0.644767 -0.762005 -0.060199
vn -0.644767 -0.762005 -0.060199
vn -0.644767 -0.762005 -0.060199
vn -0.550394 -0.828144 -0.106039
vn -0.550394 -0.828144 -0.106039
vn -0.550394 -0.828144 -0.106039
vn -0.550394 -0.828144 -0.106039
vn -0.547410 -0.817465 -0.179148
vn -0.547410 -0.817465 -0.179148
vn -0.547410 -0.817465 -0.179148
vn -0.547410 -0.817465 -0.179148
vn -0.616113 -0.782834 -0.087036
vn -0.616113 -0.782834 -0.087036
vn -0.616113 -0.782834 -0.087036
vn -0.616113 -0.782834 -0.087036
vn -0.097105 -0.849017 0.519366
vn -0.097105 -0.849017 0.519366
vn -0.097105 -0.849017 0.519366
vn -0.097105 -0.849017 0.519366
vn 0.547345 0.705167 0.450726
vn 0.547345 0.705167 0.450726
vn 0.547345 0.705167 0.450726
vn 0.547345 0.705167 0.450726
vn 0.544078 0.720943 0.429208
vn 0.544078 0.720943 0.429208
vn 0.544078 0.720943 0.429208
vn 0.544078 0.720943 0.429208
vn 0.667208 0.709678 0.226254
vn 0.667208 0.709678 0.226254
vn 0.667208 0.709678 0.226254
vn 0.667208 0.709678 0.226254
vn 0.665914 0.726805 0.168262
vn 0.665914 0.726805 0.168262
vn 0.665914 0.726805 0.168262
vn 0.665914 0.726805 0.168262
vn 0.676854 0.722600 0.140418
vn 0.676854 0.722600 0.140418
vn 0.676854 0.722600 0.140418
vn 0.676854 0.722600 0.140418
vn 0.675493 0.727292 0.121472
vn 0.675493 0.727292 0.121472
vn 0.675493 0.727292 0.121472
vn 0.675493 0.727292 0.121472
vn 0.677961 0.723423 0.130494
vn 0.677961 0.723423 0.130494
vn 0.677961 0.723423 0.130494
vn 0.677961 0.723423 0.130494
vn 0.669993 0.731080 0.128962
vn 0.669993 0.731080 0.128962
vn 0.669993 0.731080 0.128962
vn 0.669993 0.731080 0.128962
vn 0.652915 0.748436 0.116385
vn 0.652915 0.748436 0.116385
vn 0.652915 0.748436 0.116385
vn 0.652915 0.748436 0.116385
vn 0.666100 0.741543 0.080151
vn 0.666100 0.741543 0.080151
vn 0.666100 0.741543 0.080151
vn 0.666100 0.741543 0.080151
vn 0.705226 0.708041 -0.036518
vn 0.705226 0.708041 -0.036518
vn 0.705226 0.708041 -0.036518
vn 0.705226 0.708041 -0.036518
vn 0.361408 0.925030 -0.117063
vn 0.361408 0.925030 -0.117063
vn 0.361408 0.925030 -0.117063
vn 0.361408 0.925030 -0.117063
vn 0.424576 0.902448 0.072961
vn 0.424576 0.902448 0.072961
vn 0.424576 0.902448 0.072961
vn 0.424576 0.902448 0.072961
vn 0.106083 -0.873149 0.475771
vn 0.106083 -0.873149 0.475771
vn 0.106083 -0.873149 0.475771
vn 0.106083 -0.873149 0.475771
vn -0.077309 -0.948034 0.308633
vn -0.077309 -0.948034 0.308633
vn -0.077309 -0.948034 0.308633
vn -0.077309 -0.948034 0.308633
vn 0.170739 -0.898277 0.404903
vn 0.170739 -0.898277 0.404903
vn 0.170739 -0.898277 0.404903
vn 0.170739 -0.898277 0.404903
vn 0.216826 -0.948562 0.230689
vn 0.216826 -0.948562 0.230689
vn 0.216826 -0.948562 0.230689
vn 0.216826 -0.948562 0.230689
vn 0.186654 -0.523895 -0.831080
vn 0.186654 -0.523895 -0.831080
vn 0.186654 -0.523895 -0.831080
vn 0.186654 -0.523895 -0.831080
vn 0.359657 0.891025 0.276986
vn 0.359657 0.891025 0.276986
vn 0.359657 0.891025 0.276986
vn 0.359657 0.891025 0.276986
vn 0.291059 0.936336 0.196368
vn 0.291059 0.936336 0.196368
vn 0.291059 0.936336 0.196368
vn 0.291059 0.936336 0.196368
vn 0.418929 0.845617 0.330802
vn 0.418929 0.845617 0.330802
vn 0.418929 0.845617 0.330802
vn 0.418929 0.845617 0.330802
vn 0.478382 0.791818 0.379704
vn 0.478382 0.791818 0.379704
vn 0.478382 0.791818 0.379704
vn 0.478382 0.791818 0.379704
vn 0.577957 0.678899 0.452837
vn 0.577957 0.678899 0.452837
vn 0.577957 0.678899 0.452837
vn 0.577957 0.678899 0.452837
vn 0.591479 0.706463 0.388668
vn 0.591479 0.706463 0.388668
vn 0.591479 0.706463 0.388668
vn 0.591479 0.706463 0.388668
vn 0.577494 0.736386 0.352471
vn 0.577494 0.736386 0.352471
vn 0.577494 0.736386 0.352471
vn 0.577494 0.736386 0.352471
vn 0.573353 0.754015 0.320513
vn 0.573353 0.754015 0.320513
vn 0.573353 0.754015 0.320513
vn 0.573353 0.754015 0.320513
vn 0.574961 0.769438 0.278181
vn 0.574961 0.769438 0.278181
vn 0.574961 0.769438 0.278181
vn 0.574961 0.769438 0.278181
vn 0.572484 0.781165 0.249085
vn 0.572484 0.781165 0.249085
vn 0.572484 0.781165 0.249085
vn 0.572484 0.781165 0.249085
vn 0.580788 0.789531 0.198309
vn 0.580788 0.789531 0.198309
vn 0.580788 0.789531 0.198309
vn 0.580788 0.789531 0.198309
vn 0.591191 0.791956 0.152640
vn 0.591191 0.791956 0.152640
vn 0.591191 0.791956 0.152640
vn 0.591191 0.791956 0.152640
vn 0.591722 0.798501 0.110730
vn 0.591722 0.798501 0.110730
vn 0.591722 0.798501 0.110730
vn 0.591722 0.798501 0.110730
vn 0.589880 0.805601 0.055208
vn 0.589880 0.805601 0.055208
vn 0.589880 0.805601 0.055208
vn 0.589880 0.805601 0.055208
vn 0.588598 0.807595 0.036645
vn 0.588598 0.807595 0.036645
vn 0.588598 0.807595 0.036645
vn 0.588598 0.807595 0.036645
vn 0.582944 0.811852 0.032759
vn 0.582944 0.811852 0.032759
vn 0.582944 0.811852 0.032759
vn 0.582944 0.811852 0.032759
vn 0.559032 0.827369 0.054248
vn 0.559032 0.827369 0.054248
vn 0.559032 0.827369 0.054248
vn 0.559032 0.827369 0.054248
vn 0.540079 0.841610 -0.002671
vn 0.540079 0.841610 -0.002671
vn 0.540079 0.841610 -0.002671
vn 0.540079 0.841610 -0.002671
vn 0.598683 0.784692 -0.160738
vn 0.598683 0.784692 -0.160738
vn 0.598683 0.784692 -0.160738
vn 0.598683 0.784692 -0.160738
vn 0.715504 0.342377 -0.608960
vn 0.715504 0.342377 -0.608960
vn 0.715504 0.342377 -0.608960
vn 0.715504 0.342377 -0.608960
vn 0.504067 0.398607 -0.766178
vn 0.504067 0.398607 -0.766178
vn 0.504067 0.398607 -0.766178
vn 0.504067 0.398607 -0.766178
vn 0.254890 0.764606 -0.591953
vn 0.254890 0.764606 -0.591953
vn 0.254890 0.764606 -0.591953
vn 0.254890 0.764606 -0.591953
vn 0.557737 0.642384 -0.525615
vn 0.557737 0.642384 -0.525615
vn 0.557737 0.642384 -0.525615
vn 0.557737 0.642384 -0.525615
vn 0.672360 0.598590 -0.435456
vn 0.672360 0.598590 -0.435456
vn 0.672360 0.598590 -0.435456
vn 0.672360 0.598590 -0.435456
vn -0.020878 0.114477 -0.993207
vn -0.020878 0.114477 -0.993207
vn -0.020878 0.114477 -0.993207
vn -0.020878 0.114477 -0.993207
vn 0.766623 0.607618 -0.207580
vn 0.766623 0.607618 -0.207580
vn 0.766623 0.607618 -0.207580
vn 0.766623 0.607618 -0.207580
vn 0.175359 0.087885 -0.980574
vn 0.175359 0.087885 -0.980574
vn 0.175359 0.087885 -0.980574
vn 0.175359 0.087885 -0.980574
vn 0.405353 0.010243 -0.914103
vn 0.405353 0.010243 -0.914103
vn 0.405353 0.010243 -0.914103
vn 0.405353 0.010243 -0.914103
vn 0.546981 0.035235 -0.836403
vn 0.546981 0.035235 -0.836403
vn 0.546981 0.035235 -0.836403
vn 0.546981 0.035235 -0.836403
vn 0.774570 0.489284 -0.400803
vn 0.774570 0.489284 -0.400803
vn 0.774570 0.489284 -0.400803
vn 0.774570 0.489284 -0.400803
vn 0.808113 0.560266 -0.181812
vn 0.808113 0.560266 -0.181812
vn 0.808113 0.560266 -0.181812
vn 0.808113 0.560266 -0.181812
vn 0.790676 0.501058 -0.351813
vn 0.790676 0.501058 -0.351813
vn 0.790676 0.501058 -0.351813
vn 0.790676 0.501058 -0.351813
vn 0.820282 0.563444 -0.098333
vn 0.820282 0.563444 -0.098333
vn 0.820282 0.563444 -0.098333
vn 0.820282 0.563444 -0.098333
vn 0.783670 0.575591 -0.233574
vn 0.783670 0.575591 -0.233574
vn 0.783670 0.575591 -0.233574
vn 0.783670 0.575591 -0.233574
vn 0.701625 0.589165 -0.400757
vn 0.701625 0.589165 -0.400757
vn 0.701625 0.589165 -0.400757
vn 0.701625 0.589165 -0.400757
vn 0.758347 0.543727 -0.359542
vn 0.758347 0.543727 -0.359542
vn 0.758347 0.543727 -0.359542
vn 0.758347 0.543727 -0.359542
vn 0.773957 0.599557 -0.203768
vn 0.773957 0.599557 -0.203768
vn 0.773957 0.599557 -0.203768
vn 0.773957 0.599557 -0.203768
vn 0.809777 0.568359 -0.145703
vn 0.809777 0.568359 -0.145703
vn 0.809777 0.568359 -0.145703
vn 0.809777 0.568359 -0.145703
vn 0.835823 0.533147 -0.130976
vn 0.835823 0.533147 -0.130976
vn 0.835823 0.533147 -0.130976
vn 0.835823 0.533147 -0.130976
vn 0.775584 0.595829 -0.208467
vn 0.775584 0.595829 -0.208467
vn 0.775584 0.595829 -0.208467
vn 0.775584 0.595829 -0.208467
vn 0.715973 0.645333 -0.266322
vn 0.715973 0.645333 -0.266322
vn 0.715973 0.645333 -0.266322
vn 0.715973 0.645333 -0.266322
vn 0.726893 0.660832 -0.186891
vn 0.726893 0.660832 -0.186891
vn 0.726893 0.660832 -0.186891
vn 0.726893 0.660832 -0.186891
vn 0.802976 0.570531 -0.172404
vn 0.802976 0.570531 -0.172404
vn 0.802976 0.570531 -0.172404
vn 0.802976 0.570531 -0.172404
vn 0.760430 0.626544 -0.170846
vn 0.760430 0.626544 -0.170846
vn 0.760430 0.626544 -0.170846
vn 0.760430 0.626544 -0.170846
vn 0.755701 0.643823 -0.120033
vn 0.755701 0.643823 -0.120033
vn 0.755701 0.643823 -0.120033
vn 0.755701 0.643823 -0.120033
vn 0.741715 0.654358 -0.147225
vn 0.741715 0.654358 -0.147225
vn 0.741715 0.654358 -0.147225
vn 0.741715 0.654358 -0.147225
vn 0.777220 0.608509 -0.160143
vn 0.777220 0.608509 -0.160143
vn 0.777220 0.608509 -0.160143
vn 0.777220 0.608509 -0.160143
vn 0.784928 0.608591 -0.116216
vn 0.784928 0.608591 -0.116216
vn 0.784928 0.608591 -0.116216
vn 0.784928 0.608591 -0.116216
vn 0.757641 0.638205 -0.136654
vn 0.757641 0.638205 -0.136654
vn 0.757641 0.638205 -0.136654
vn 0.757641 0.638205 -0.136654
vn 0.746846 0.636703 -0.191910
vn 0.746846 0.636703 -0.191910
vn 0.746846 0.636703 -0.191910
vn 0.746846 0.636703 -0.191910
vn 0.618710 -0.271573 -0.737188
vn 0.618710 -0.271573 -0.737188
vn 0.618710 -0.271573 -0.737188
vn 0.618710 -0.271573 -0.737188
vn -0.050666 0.228318 0.972267
vn -0.050666 0.228318 0.972267
vn -0.050666 0.228318 0.972267
vn -0.050666 0.228318 0.972267
vn -0.545644 0.685311 0.482309
vn -0.545644 0.685311 0.482309
vn -0.545644 0.685311 0.482309
vn -0.545644 0.685311 0.482309
vn 0.004172 -0.983521 -0.180743
vn 0.004172 -0.983521 -0.180743
vn 0.004172 -0.983521 -0.180743
vn 0.004172 -0.983521 -0.180743
vn -0.945344 -0.041855 0.323377
vn -0.945344 -0.041855 0.323377
vn -0.945344 -0.041855 0.323377
vn -0.945344 -0.041855 0.323377
vn -0.956884 0.012463 0.290202
vn -0.956884 0.012463 0.290202
vn -0.956884 0.012463 0.290202
vn -0.956884 0.012463 0.290202
vn -0.943766 0.083224 0.319968
vn -0.943766 0.083224 0.319968
vn -0.943766 0.083224 0.319968
vn -0.943766 0.083224 0.319968
vn -0.901292 0.138645 0.410428
vn -0.901292 0.138645 0.410428
vn -0.901292 0.138645 0.410428
vn -0.901292 0.138645 0.410428
vn -0.821730 0.200030 0.533618
vn -0.821730 0.200030 0.533618
vn -0.821730 0.200030 0.533618
vn -0.821730 0.200030 0.533618
vn -0.709624 0.244483 0.660804
vn -0.709624 0.244483 0.660804
vn -0.709624 0.244483 0.660804
vn -0.709624 0.244483 0.660804
vn -0.716874 0.310789 0.624101
vn -0.716874 0.310789 0.624101
vn -0.716874 0.310789 0.624101
vn -0.716874 0.310789 0.624101
vn -0.688801 0.095819 0.718591
vn -0.688801 0.095819 0.718591
vn -0.688801 0.095819 0.718591
vn -0.688801 0.095819 0.718591
vn -0.500411 -0.172963 0.848335
vn -0.500411 -0.172963 0.848335
vn -0.500411 -0.172963 0.848335
vn -0.500411 -0.172963 0.848335
vn -0.964145 -0.130081 0.231310
vn -0.964145 -0.130081 0.231310
vn -0.964145 -0.130081 0.231310
vn -0.964145 -0.130081 0.231310
vn -0.911834 -0.138781 0.386391
vn -0.911834 -0.138781 0.386391
vn -0.911834 -0.138781 0.386391
vn -0.911834 -0.138781 0.386391
vn -0.965134 0.250551 0.075767
vn -0.965134 0.250551 0.075767
vn -0.965134 0.250551 0.075767
vn -0.965134 0.250551 0.075767
vn -0.949650 -0.017844 0.312804
vn -0.949650 -0.017844 0.312804
vn -0.949650 -0.017844 0.312804
vn -0.949650 -0.017844 0.312804
vn 0.265678 -0.962063 0.062053
vn 0.265678 -0.962063 0.062053
vn 0.265678 -0.962063 0.062053
vn 0.265678 -0.962063 0.062053
vn -0.608254 -0.198571 0.768503
vn -0.608254 -0.198571 0.768503
vn -0.608254 -0.198571 0.768503
vn -0.608254 -0.198571 0.768503
vn 0.234264 -0.972008 0.017894
vn 0.234264 -0.972008 0.017894
vn 0.234264 -0.972008 0.017894
vn 0.234264 -0.972008 0.017894
vn -0.920825 -0.241853 0.305922
vn -0.920825 -0.241853 0.305922
vn -0.920825 -0.241853 0.305922
vn -0.920825 -0.241853 0.305922
vn -0.924449 -0.271032 0.268208
vn -0.924449 -0.271032 0.268208
vn -0.924449 -0.271032 0.268208
vn -0.924449 -0.271032 0.268208
vn -0.891845 -0.325267 0.314347
vn -0.891845 -0.325267 0.314347
vn -0.891845 -0.325267 0.314347
vn -0.891845 -0.325267 0.314347
vn -0.856399 -0.348918 0.380574
vn -0.856399 -0.348918 0.380574
vn -0.856399 -0.348918 0.380574
vn -0.856399 -0.348918 0.380574
vn -0.815962 -0.287648 0.501463
vn -0.815962 -0.287648 0.501463
vn -0.815962 -0.287648 0.501463
vn -0.815962 -0.287648 0.501463
vn -0.765070 -0.114500 0.633686
vn -0.765070 -0.114500 0.633686
vn -0.765070 -0.114500 0.633686
vn -0.765070 -0.114500 0.633686
vn -0.802092 0.149651 0.578146
vn -0.802092 0.149651 0.578146
vn -0.802092 0.149651 0.578146
vn -0.802092 0.149651 0.578146
vn -0.487667 0.145430 0.860832
vn -0.487667 0.145430 0.860832
vn -0.487667 0.145430 0.860832
vn -0.487667 0.145430 0.860832
vn -0.555634 -0.101104 0.825257
vn -0.555634 -0.101104 0.825257
vn -0.555634 -0.101104 0.825257
vn -0.555634 -0.101104 0.825257
vn -0.981609 0.145770 0.123266
vn -0.981609 0.145770 0.123266
vn -0.981609 0.145770 0.123266
vn -0.981609 0.145770 0.123266
vn -0.946732 0.011034 0.321833
vn -0.946732 0.011034 0.321833
vn -0.946732 0.011034 0.321833
vn -0.946732 0.011034 0.321833
vn -0.952159 -0.158543 0.261262
vn -0.952159 -0.158543 0.261262
vn -0.952159 -0.158543 0.261262
vn -0.952159 -0.158543 0.261262
vn -0.909209 -0.241506 0.339138
vn -0.909209 -0.241506 0.339138
vn -0.909209 -0.241506 0.339138
vn -0.909209 -0.241506 0.339138
vn 0.221687 -0.426687 0.876808
vn 0.221687 -0.426687 0.876808
vn 0.221687 -0.426687 0.876808
vn 0.221687 -0.426687 0.876808
vn -0.347002 -0.302608 0.887704
vn -0.347002 -0.302608 0.887704
vn -0.347002 -0.302608 0.887704
vn -0.347002 -0.302608 0.887704
vn 0.306160 -0.614498 0.727089
vn 0.306160 -0.614498 0.727089
vn 0.306160 -0.614498 0.727089
vn 0.306160 -0.614498 0.727089
vn -0.448922 -0.885007 0.123418
vn -0.448922 -0.885007 0.123418
vn -0.448922 -0.885007 0.123418
vn -0.448922 -0.885007 0.123418
vn -0.456547 -0.872798 0.172591
vn -0.456547 -0.872798 0.172591
vn -0.456547 -0.872798 0.172591
vn -0.456547 -0.872798 0.172591
vn -0.444050 -0.871661 0.207430
vn -0.444050 -0.871661 0.207430
vn -0.444050 -0.871661 0.207430
vn -0.444050 -0.871661 0.207430
vn -0.423851 -0.872471 0.243197
vn -0.423851 -0.872471 0.243197
vn -0.423851 -0.872471 0.243197
vn -0.423851 -0.872471 0.243197
vn -0.329160 -0.884510 0.330598
vn -0.329160 -0.884510 0.330598
vn -0.329160 -0.884510 0.330598
vn -0.329160 -0.884510 0.330598
vn -0.370435 -0.871880 0.320318
vn -0.370435 -0.871880 0.320318
vn -0.370435 -0.871880 0.320318
vn -0.370435 -0.871880 0.320318
vn -0.504459 -0.659149 0.557713
vn -0.504459 -0.659149 0.557713
vn -0.504459 -0.659149 0.557713
vn -0.504459 -0.659149 0.557713
vn -0.714009 -0.656089 0.244415
vn -0.714009 -0.656089 0.244415
vn -0.714009 -0.656089 0.244415
vn -0.714009 -0.656089 0.244415
vn -0.512241 -0.790777 0.335083
vn -0.512241 -0.790777 0.335083
vn -0.512241 -0.790777 0.335083
vn -0.512241 -0.790777 0.335083
vn -0.445261 -0.865117 0.230902
vn -0.445261 -0.865117 0.230902
vn -0.445261 -0.865117 0.230902
vn -0.445261 -0.865117 0.230902
vn -0.425696 -0.890152 0.162517
vn -0.425696 -0.890152 0.162517
vn -0.425696 -0.890152 0.162517
vn -0.425696 -0.890152 0.162517
vn -0.143967 -0.988224 0.051831
vn -0.143967 -0.988224 0.051831
vn -0.143967 -0.988224 0.051831
vn -0.143967 -0.988224 0.051831
vn -0.137000 -0.986240 0.092533
vn -0.137000 -0.986240 0.092533
vn -0.137000 -0.986240 0.092533
vn -0.137000 -0.986240 0.092533
vn -0.144414 -0.981720 0.123981
vn -0.144414 -0.981720 0.123981
vn -0.144414 -0.981720 0.123981
vn -0.144414 -0.981720 0.123981
vn -0.121830 -0.975652 0.182378
vn -0.121830 -0.975652 0.182378
vn -0.121830 -0.975652 0.182378
vn -0.121830 -0.975652 0.182378
vn -0.151581 -0.952246 0.265047
vn -0.151581 -0.952246 0.265047
vn -0.151581 -0.952246 0.265047
vn -0.151581 -0.952246 0.265047
vn -0.263885 -0.950685 0.162980
vn -0.263885 -0.950685 0.162980
vn -0.263885 -0.950685 0.162980
vn -0.263885 -0.950685 0.162980
vn -0.469696 -0.664918 0.580750
vn -0.469696 -0.664918 0.580750
vn -0.469696 -0.664918 0.580750
vn -0.469696 -0.664918 0.580750
vn -0.138473 -0.967960 0.209472
vn -0.138473 -0.967960 0.209472
vn -0.138473 -0.967960 0.209472
vn -0.138473 -0.967960 0.209472
vn -0.148349 -0.964771 0.217276
vn -0.148349 -0.964771 0.217276
vn -0.148349 -0.964771 0.217276
vn -0.148349 -0.964771 0.217276
vn -0.161078 -0.970828 0.177613
vn -0.161078 -0.970828 0.177613
vn -0.161078 -0.970828 0.177613
vn -0.161078 -0.970828 0.177613
vn -0.157875 -0.983027 0.093447
vn -0.157875 -0.983027 0.093447
vn -0.157875 -0.983027 0.093447
vn -0.157875 -0.983027 0.093447
vn -0.046163 -0.997337 0.056454
vn -0.046163 -0.997337 0.056454
vn -0.046163 -0.997337 0.056454
vn -0.046163 -0.997337 0.056454
vn -0.053113 -0.996413 0.065877
vn -0.053113 -0.996413 0.065877
vn -0.053113 -0.996413 0.065877
vn -0.053113 -0.996413 0.065877
vn -0.046549 -0.992534 0.112735
vn -0.046549 -0.992534 0.112735
vn -0.046549 -0.992534 0.112735
vn -0.046549 -0.992534 0.112735
vn -0.019927 -0.979438 0.200758
vn -0.019927 -0.979438 0.200758
vn -0.019927 -0.979438 0.200758
vn -0.019927 -0.979438 0.200758
vn -0.036780 -0.988311 0.147947
vn -0.036780 -0.988311 0.147947
vn -0.036780 -0.988311 0.147947
vn -0.036780 -0.988311 0.147947
vn -0.152597 -0.985914 0.068475
vn -0.152597 -0.985914 0.068475
vn -0.152597 -0.985914 0.068475
vn -0.152597 -0.985914 0.068475
vn -0.327869 -0.723354 0.607668
vn -0.327869 -0.723354 0.607668
vn -0.327869 -0.723354 0.607668
vn -0.327869 -0.723354 0.607668
vn 0.107876 -0.975849 0.189951
vn 0.107876 -0.975849 0.189951
vn 0.107876 -0.975849 0.189951
vn 0.107876 -0.975849 0.189951
vn 0.063617 -0.983030 0.172063
vn 0.063617 -0.983030 0.172063
vn 0.063617 -0.983030 0.172063
vn 0.063617 -0.983030 0.172063
vn 0.020007 -0.991074 0.131805
vn 0.020007 -0.991074 0.131805
vn 0.020007 -0.991074 0.131805
vn 0.020007 -0.991074 0.131805
vn -0.026732 -0.997901 0.058987
vn -0.026732 -0.997901 0.058987
vn -0.026732 -0.997901 0.058987
vn -0.026732 -0.997901 0.058987
vn -0.074878 -0.671799 -0.736939
vn -0.074878 -0.671799 -0.736939
vn -0.074878 -0.671799 -0.736939
vn -0.074878 -0.671799 -0.736939
vn -0.219455 -0.879158 -0.422991
vn -0.219455 -0.879158 -0.422991
vn -0.219455 -0.879158 -0.422991
vn -0.219455 -0.879158 -0.422991
vn -0.105107 0.397630 -0.911506
vn -0.105107 0.397630 -0.911506
vn -0.105107 0.397630 -0.911506
vn -0.105143 0.397623 -0.911505
vn -0.105143 0.397623 -0.911505
vn -0.105143 0.397623 -0.911505
vn -0.105143 0.397623 -0.911505
vn -0.105082 0.397640 -0.911504
vn -0.105082 0.397640 -0.911504
vn -0.105082 0.397640 -0.911504
vn -0.105082 0.397640 -0.911504
vn -0.105216 0.397638 -0.911490
vn -0.105216 0.397638 -0.911490
vn -0.105216 0.397638 -0.911490
vn -0.105216 0.397638 -0.911490
vn -0.105204 0.397626 -0.911496
vn -0.105204 0.397626 -0.911496
vn -0.105204 0.397626 -0.911496
vn -0.105204 0.397626 -0.911496
vn 0.105241 0.397618 -0.911496
vn 0.105241 0.397618 -0.911496
vn 0.105241 0.397618 -0.911496
vn 0.105241 0.397618 -0.911496
vn 0.105228 0.397635 -0.911490
vn 0.105228 0.397635 -0.911490
vn 0.105228 0.397635 -0.911490
vn 0.105228 0.397635 -0.911490
vn 0.105205 0.397631 -0.911494
vn 0.105205 0.397631 -0.911494
vn 0.105205 0.397631 -0.911494
vn 0.105205 0.397631 -0.911494
vn 0.105193 0.397614 -0.911503
vn 0.105193 0.397614 -0.911503
vn 0.105193 0.397614 -0.911503
vn 0.105137 0.397624 -0.911505
vn 0.105137 0.397624 -0.911505
vn 0.105137 0.397624 -0.911505
vn 0.105137 0.397624 -0.911505
vn -0.005926 0.966101 -0.258096
vn -0.005926 0.966101 -0.258096
vn -0.005926 0.966101 -0.258096
vn -0.005926 0.966101 -0.258096
vn 0.679611 0.684812 -0.262986
vn 0.679611 0.684812 -0.262986
vn 0.679611 0.684812 -0.262986
vn 0.679611 0.684812 -0.262986
vn 0.985096 -0.061760 -0.160533
vn 0.985096 -0.061760 -0.160533
vn 0.985096 -0.061760 -0.160533
vn 0.985096 -0.061760 -0.160533
vn 0.021962 0.985152 -0.170273
vn 0.021962 0.985152 -0.170273
vn 0.021962 0.985152 -0.170273
vn 0.021962 0.985152 -0.170273
vn -0.243662 0.968656 -0.048324
vn -0.243662 0.968656 -0.048324
vn -0.243662 0.968656 -0.048324
vn -0.243662 0.968656 -0.048324
vn 0.269357 -0.947486 -0.172384
vn 0.269357 -0.947486 -0.172384
vn 0.269357 -0.947486 -0.172384
vn 0.269357 -0.947486 -0.172384
vn 0.367358 -0.913901 -0.172720
vn 0.367358 -0.913901 -0.172720
vn 0.367358 -0.913901 -0.172720
vn 0.367358 -0.913901 -0.172720
vn 0.935511 0.137257 -0.325545
vn 0.935511 0.137257 -0.325545
vn 0.935511 0.137257 -0.325545
vn 0.935511 0.137257 -0.325545
vn 0.965530 -0.096034 -0.241930
vn 0.965530 -0.096034 -0.241930
vn 0.965530 -0.096034 -0.241930
vn 0.965530 -0.096034 -0.241930
vn 0.950543 0.189694 -0.245935
vn 0.950543 0.189694 -0.245935
vn 0.950543 0.189694 -0.245935
vn 0.950543 0.189694 -0.245935
vn 0.152815 -0.025632 0.987922
vn 0.152815 -0.025632 0.987922
vn 0.152815 -0.025632 0.987922
vn 0.152815 -0.025632 0.987922
vn 0.201950 -0.136212 0.969878
vn 0.201950 -0.136212 0.969878
vn 0.201950 -0.136212 0.969878
vn 0.201950 -0.136212 0.969878
vn -0.127259 -0.970755 0.203570
vn -0.127259 -0.970755 0.203570
vn -0.127259 -0.970755 0.203570
vn -0.127259 -0.970755 0.203570
vn 0.047181 -0.691165 -0.721155
vn 0.047181 -0.691165 -0.721155
vn 0.047181 -0.691165 -0.721155
vn 0.047181 -0.691165 -0.721155
vn 0.546361 0.793964 -0.266667
vn 0.546361 0.793964 -0.266667
vn 0.546361 0.793964 -0.266667
vn 0.546361 0.793964 -0.266667
vn -0.000000 0.999343 -0.036231
vn -0.000000 0.999343 -0.036231
vn -0.000000 0.999343 -0.036231
vn -0.000000 0.999343 -0.036231
vn 0.517645 0.352183 -0.779751
vn 0.517645 0.352183 -0.779751
vn 0.517645 0.352183 -0.779751
vn 0.517645 0.352183 -0.779751
vn 0.150086 -0.038385 -0.987928
vn 0.150086 -0.038385 -0.987928
vn 0.150086 -0.038385 -0.987928
vn 0.150086 -0.038385 -0.987928
vn 0.972451 -0.217327 -0.084308
vn 0.972451 -0.217327 -0.084308
vn 0.972451 -0.217327 -0.084308
vn 0.972451 -0.217327 -0.084308
vn 0.934476 -0.302295 -0.188074
vn 0.934476 -0.302295 -0.188074
vn 0.934476 -0.302295 -0.188074
vn 0.934476 -0.302295 -0.188074
vn 0.867533 -0.425464 -0.257617
vn 0.867533 -0.425464 -0.257617
vn 0.867533 -0.425464 -0.257617
vn 0.867533 -0.425464 -0.257617
vn 0.825917 -0.473684 -0.305752
vn 0.825917 -0.473684 -0.305752
vn 0.825917 -0.473684 -0.305752
vn 0.825917 -0.473684 -0.305752
vn 0.780527 -0.534782 -0.323706
vn 0.780527 -0.534782 -0.323706
vn 0.780527 -0.534782 -0.323706
vn 0.780527 -0.534782 -0.323706
vn 0.748547 -0.584207 -0.313656
vn 0.748547 -0.584207 -0.313656
vn 0.748547 -0.584207 -0.313656
vn 0.748547 -0.584207 -0.313656
vn 0.698011 -0.553287 -0.454593
vn 0.698011 -0.553287 -0.454593
vn 0.698011 -0.553287 -0.454593
vn 0.698011 -0.553287 -0.454593
vn 0.663238 -0.466901 -0.584910
vn 0.663238 -0.466901 -0.584910
vn 0.663238 -0.466901 -0.584910
vn 0.663238 -0.466901 -0.584910
vn 0.693989 -0.403208 -0.596492
vn 0.693989 -0.403208 -0.596492
vn 0.693989 -0.403208 -0.596492
vn 0.693989 -0.403208 -0.596492
vn 0.631965 -0.286474 -0.720106
vn 0.631965 -0.286474 -0.720106
vn 0.631965 -0.286474 -0.720106
vn 0.631965 -0.286474 -0.720106
vn 0.458327 -0.227232 -0.859245
vn 0.458327 -0.227232 -0.859245
vn 0.458327 -0.227232 -0.859245
vn 0.458327 -0.227232 -0.859245
vn 0.431692 -0.232032 -0.871667
vn 0.431692 -0.232032 -0.871667
vn 0.431692 -0.232032 -0.871667
vn 0.431692 -0.232032 -0.871667
vn 0.160055 -0.319819 -0.933862
vn 0.160055 -0.319819 -0.933862
vn 0.160055 -0.319819 -0.933862
vn 0.160055 -0.319819 -0.933862
vn 0.129863 -0.371819 -0.919177
vn 0.129863 -0.371819 -0.919177
vn 0.129863 -0.371819 -0.919177
vn 0.129863 -0.371819 -0.919177
vn 0.059512 -0.414942 -0.907899
vn 0.059512 -0.414942 -0.907899
vn 0.059512 -0.414942 -0.907899
vn 0.059512 -0.414942 -0.907899
vn 0.382304 0.864600 0.326054
vn 0.382304 0.864600 0.326054
vn 0.382304 0.864600 0.326054
vn 0.382304 0.864600 0.326054
vn 0.833211 -0.543542 0.101590
vn 0.833211 -0.543542 0.101590
vn 0.833211 -0.543542 0.101590
vn 0.833211 -0.543542 0.101590
vn 0.412205 -0.911091 0.000306
vn 0.412205 -0.911091 0.000306
vn 0.412205 -0.911091 0.000306
vn 0.412205 -0.911091 0.000306
vn 0.207874 -0.977200 -0.043232
vn 0.207874 -0.977200 -0.043232
vn 0.207874 -0.977200 -0.043232
vn 0.207874 -0.977200 -0.043232
vn 0.034228 -0.998851 -0.033559
vn 0.034228 -0.998851 -0.033559
vn 0.034228 -0.998851 -0.033559
vn 0.034228 -0.998851 -0.033559
vn 0.884292 -0.466298 -0.024379
vn 0.884292 -0.466298 -0.024379
vn 0.884292 -0.466298 -0.024379
vn 0.884292 -0.466298 -0.024379
vn 0.479281 -0.877659 0.001946
vn 0.479281 -0.877659 0.001946
vn 0.479281 -0.877659 0.001946
vn 0.479281 -0.877659 0.001946
vn 0.229285 -0.973026 -0.025488
vn 0.229285 -0.973026 -0.025488
vn 0.229285 -0.973026 -0.025488
vn 0.229285 -0.973026 -0.025488
vn 0.024699 -0.999312 -0.027676
vn 0.024699 -0.999312 -0.027676
vn 0.024699 -0.999312 -0.027676
vn 0.024699 -0.999312 -0.027676
vn 0.350876 0.901218 0.254348
vn 0.350876 0.901218 0.254348
vn 0.350876 0.901218 0.254348
vn 0.350876 0.901218 0.254348
vn 0.363041 0.858521 -0.362138
vn 0.363041 0.858521 -0.362138
vn 0.363041 0.858521 -0.362138
vn 0.363041 0.858521 -0.362138
vn -0.743092 0.617815 -0.257136
vn -0.743092 0.617815 -0.257136
vn -0.743092 0.617815 -0.257136
vn -0.743092 0.617815 -0.257136
vn 0.976671 -0.142713 -0.160459
vn 0.976671 -0.142713 -0.160459
vn 0.976671 -0.142713 -0.160459
vn 0.976671 -0.142713 -0.160459
vn 0.984291 -0.084935 -0.154783
vn 0.984291 -0.084935 -0.154783
vn 0.984291 -0.084935 -0.154783
vn 0.984291 -0.084935 -0.154783
vn 0.987191 0.159534 0.001633
vn 0.987191 0.159534 0.001633
vn 0.987191 0.159534 0.001633
vn 0.987191 0.159534 0.001633
vn 0.685733 0.631681 0.361593
vn 0.685733 0.631681 0.361593
vn 0.685733 0.631681 0.361593
vn 0.685733 0.631681 0.361593
vn 0.005922 0.966101 -0.258095
vn 0.005922 0.966101 -0.258095
vn 0.005922 0.966101 -0.258095
vn 0.005922 0.966101 -0.258095
vn -0.679607 0.684815 -0.262988
vn -0.679607 0.684815 -0.262988
vn -0.679607 0.684815 -0.262988
vn -0.679607 0.684815 -0.262988
vn -0.985096 -0.061759 -0.160533
vn -0.985096 -0.061759 -0.160533
vn -0.985096 -0.061759 -0.160533
vn -0.985096 -0.061759 -0.160533
vn -0.021962 0.985152 -0.170272
vn -0.021962 0.985152 -0.170272
vn -0.021962 0.985152 -0.170272
vn -0.021962 0.985152 -0.170272
vn 0.243660 0.968656 -0.048324
vn 0.243660 0.968656 -0.048324
vn 0.243660 0.968656 -0.048324
vn 0.243660 0.968656 -0.048324
vn -0.708483 0.705265 -0.025569
vn -0.708483 0.705265 -0.025569
vn -0.708483 0.705265 -0.025569
vn -0.708483 0.705265 -0.025569
vn -1.000000 0.000000 0.000000
vn -1.000000 0.000000 0.000000
vn -1.000000 0.000000 0.000000
vn -1.000000 0.000000 0.000000
vn -0.269355 -0.947497 -0.172330
vn -0.269355 -0.947497 -0.172330
vn -0.269355 -0.947497 -0.172330
vn -0.269355 -0.947497 -0.172330
vn -0.367360 -0.913915 -0.172646
vn -0.367360 -0.913915 -0.172646
vn -0.367360 -0.913915 -0.172646
vn -0.367360 -0.913915 -0.172646
vn -0.935551 0.137244 -0.325436
vn -0.935551 0.137244 -0.325436
vn -0.935551 0.137244 -0.325436
vn -0.935551 0.137244 -0.325436
vn -0.965562 -0.095717 -0.241925
vn -0.965562 -0.095717 -0.241925
vn -0.965562 -0.095717 -0.241925
vn -0.965562 -0.095717 -0.241925
vn -0.950527 0.189786 -0.245926
vn -0.950527 0.189786 -0.245926
vn -0.950527 0.189786 -0.245926
vn -0.950527 0.189786 -0.245926
vn 0.127318 -0.970745 0.203578
vn 0.127318 -0.970745 0.203578
vn 0.127318 -0.970745 0.203578
vn 0.127318 -0.970745 0.203578
vn -0.546367 0.793959 -0.266669
vn -0.546367 0.793959 -0.266669
vn -0.546367 0.793959 -0.266669
vn -0.546367 0.793959 -0.266669
vn 0.142747 0.541724 -0.828347
vn 0.142747 0.541724 -0.828347
vn 0.142747 0.541724 -0.828347
vn 0.142747 0.541724 -0.828347
vn 0.479875 0.419839 -0.770360
vn 0.479875 0.419839 -0.770360
vn 0.479875 0.419839 -0.770360
vn 0.479875 0.419839 -0.770360
vn 0.409221 0.425211 -0.807300
vn 0.409221 0.425211 -0.807300
vn 0.409221 0.425211 -0.807300
vn 0.409221 0.425211 -0.807300
vn 0.451697 0.327841 -0.829753
vn 0.451697 0.327841 -0.829753
vn 0.451697 0.327841 -0.829753
vn 0.451697 0.327841 -0.829753
vn 0.506491 0.229311 -0.831194
vn 0.506491 0.229311 -0.831194
vn 0.506491 0.229311 -0.831194
vn 0.506491 0.229311 -0.831194
vn 0.475933 0.109587 -0.872627
vn 0.475933 0.109587 -0.872627
vn 0.475933 0.109587 -0.872627
vn 0.475933 0.109587 -0.872627
vn 0.247234 0.120123 -0.961481
vn 0.247234 0.120123 -0.961481
vn 0.247234 0.120123 -0.961481
vn 0.247234 0.120123 -0.961481
vn 0.172370 0.272977 -0.946453
vn 0.172370 0.272977 -0.946453
vn 0.172370 0.272977 -0.946453
vn 0.172370 0.272977 -0.946453
vn 0.141246 0.440420 -0.886612
vn 0.141246 0.440420 -0.886612
vn 0.141246 0.440420 -0.886612
vn 0.141246 0.440420 -0.886612
vn 0.736060 0.628738 -0.250806
vn 0.736060 0.628738 -0.250806
vn 0.736060 0.628738 -0.250806
vn 0.736060 0.628738 -0.250806
vn 0.674570 0.651179 -0.347738
vn 0.674570 0.651179 -0.347738
vn 0.674570 0.651179 -0.347738
vn 0.674570 0.651179 -0.347738
vn 0.694955 0.624616 -0.356220
vn 0.694955 0.624616 -0.356220
vn 0.694955 0.624616 -0.356220
vn 0.694955 0.624616 -0.356220
vn 0.605449 0.620606 -0.498277
vn 0.605449 0.620606 -0.498277
vn 0.605449 0.620606 -0.498277
vn 0.605449 0.620606 -0.498277
vn 0.596827 0.538586 -0.594746
vn 0.596827 0.538586 -0.594746
vn 0.596827 0.538586 -0.594746
vn 0.596827 0.538586 -0.594746
vn -0.108079 0.921018 0.374225
vn -0.108079 0.921018 0.374225
vn -0.108079 0.921018 0.374225
vn -0.108079 0.921018 0.374225
vn 0.000000 0.941358 -0.337408
vn 0.000000 0.941358 -0.337408
vn 0.000000 0.941358 -0.337408
vn 0.000000 0.941358 -0.337408
vn -0.128564 0.976835 0.171068
vn -0.128564 0.976835 0.171068
vn -0.128564 0.976835 0.171068
vn -0.128564 0.976835 0.171068
vn -0.058229 0.939458 0.337682
vn -0.058229 0.939458 0.337682
vn -0.058229 0.939458 0.337682
vn -0.058229 0.939458 0.337682
vn 0.000000 0.956079 -0.293111
vn 0.000000 0.956079 -0.293111
vn 0.000000 0.956079 -0.293111
vn 0.000000 0.956079 -0.293111
vn -0.061629 0.996388 -0.058415
vn -0.061629 0.996388 -0.058415
vn -0.061629 0.996388 -0.058415
vn -0.061629 0.996388 -0.058415
vn 0.000000 0.983026 -0.183467
vn 0.000000 0.983026 -0.183467
vn 0.000000 0.983026 -0.183467
vn 0.000000 0.983026 -0.183467
vn 0.000000 0.976877 0.213803
vn 0.000000 0.976877 0.213803
vn 0.000000 0.976877 0.213803
vn 0.000000 0.976877 0.213803
vn -0.106632 0.891914 0.439452
vn -0.106632 0.891914 0.439452
vn -0.106632 0.891914 0.439452
vn -0.106632 0.891914 0.439452
vn -0.114356 0.988204 0.101865
vn -0.114356 0.988204 0.101865
vn -0.114356 0.988204 0.101865
vn -0.114356 0.988204 0.101865
vn -0.120769 0.983293 0.136200
vn -0.120769 0.983293 0.136200
vn -0.120769 0.983293 0.136200
vn -0.120769 0.983293 0.136200
vn 0.729233 0.680915 -0.067637
vn 0.729233 0.680915 -0.067637
vn 0.729233 0.680915 -0.067637
vn 0.729233 0.680915 -0.067637
vn 0.726956 0.664630 -0.172633
vn 0.726956 0.664630 -0.172633
vn 0.726956 0.664630 -0.172633
vn 0.726956 0.664630 -0.172633
vn -0.115577 0.956484 0.267919
vn -0.115577 0.956484 0.267919
vn -0.115577 0.956484 0.267919
vn -0.115577 0.956484 0.267919
vn -0.998119 0.002221 0.061262
vn -0.998119 0.002221 0.061262
vn -0.998119 0.002221 0.061262
vn -0.998119 0.002221 0.061262
vn -0.813872 0.054002 0.578530
vn -0.813872 0.054002 0.578530
vn -0.813872 0.054002 0.578530
vn -0.813872 0.054002 0.578530
vn -0.954474 0.010807 0.298098
vn -0.954474 0.010807 0.298098
vn -0.954474 0.010807 0.298098
vn -0.954474 0.010807 0.298098
vn -0.869274 0.017910 0.494006
vn -0.869274 0.017910 0.494006
vn -0.869274 0.017910 0.494006
vn -0.869274 0.017910 0.494006
vn -0.999987 -0.000183 -0.005047
vn -0.999987 -0.000183 -0.005047
vn -0.999987 -0.000183 -0.005047
vn -0.999987 -0.000183 -0.005047
vn -0.999996 0.000105 0.002897
vn -0.999996 0.000105 0.002897
vn -0.999996 0.000105 0.002897
vn -0.999996 0.000105 0.002897
vn -0.856938 0.018674 0.515081
vn -0.856938 0.018674 0.515081
vn -0.856938 0.018674 0.515081
vn -0.856938 0.018674 0.515081
vn -0.870527 0.017830 0.491798
vn -0.870527 0.017830 0.491798
vn -0.870527 0.017830 0.491798
vn -0.870527 0.017830 0.491798
vn -0.748285 0.260936 0.609904
vn -0.748285 0.260936 0.609904
vn -0.748285 0.260936 0.609904
vn -0.748285 0.260936 0.609904
vn -0.999131 -0.005138 -0.041360
vn -0.999131 -0.005138 -0.041360
vn -0.999131 -0.005138 -0.041360
vn -0.999131 -0.005138 -0.041360
vn -0.289882 0.946996 0.138448
vn -0.289882 0.946996 0.138448
vn -0.289882 0.946996 0.138448
vn -0.289882 0.946996 0.138448
vn -0.172287 0.978713 0.111526
vn -0.172287 0.978713 0.111526
vn -0.172287 0.978713 0.111526
vn -0.172287 0.978713 0.111526
vn -0.485091 0.838322 0.248801
vn -0.485091 0.838322 0.248801
vn -0.485091 0.838322 0.248801
vn -0.485091 0.838322 0.248801
vn -0.183310 0.970614 0.155907
vn -0.183310 0.970614 0.155907
vn -0.183310 0.970614 0.155907
vn -0.183310 0.970614 0.155907
vn -0.397286 0.914560 0.075790
vn -0.397286 0.914560 0.075790
vn -0.397286 0.914560 0.075790
vn -0.397286 0.914560 0.075790
vn -0.582062 0.813068 -0.011184
vn -0.582062 0.813068 -0.011184
vn -0.582062 0.813068 -0.011184
vn -0.582062 0.813068 -0.011184
vn -0.130342 0.909242 0.395336
vn -0.130342 0.909242 0.395336
vn -0.130342 0.909242 0.395336
vn -0.130342 0.909242 0.395336
vn -0.121328 0.956084 0.266800
vn -0.121328 0.956084 0.266800
vn -0.121328 0.956084 0.266800
vn -0.121328 0.956084 0.266800
vn -0.650736 0.699199 0.296079
vn -0.650736 0.699199 0.296079
vn -0.650736 0.699199 0.296079
vn -0.650736 0.699199 0.296079
vn -0.645120 0.722249 -0.249353
vn -0.645120 0.722249 -0.249353
vn -0.645120 0.722249 -0.249353
vn -0.645120 0.722249 -0.249353
vn 0.000000 0.977898 0.209081
vn 0.000000 0.977898 0.209081
vn 0.000000 0.977898 0.209081
vn 0.000000 0.977898 0.209081
vn 0.019431 0.979753 0.199264
vn 0.019431 0.979753 0.199264
vn 0.019431 0.979753 0.199264
vn 0.019431 0.979753 0.199264
vn 0.000000 0.980442 0.196809
vn 0.000000 0.980442 0.196809
vn 0.000000 0.980442 0.196809
vn 0.000000 0.980442 0.196809
vn 0.000000 0.990665 0.136320
vn 0.000000 0.990665 0.136320
vn 0.000000 0.990665 0.136320
vn 0.000000 0.990665 0.136320
vn 0.000000 0.985764 0.168135
vn 0.000000 0.985764 0.168135
vn 0.000000 0.985764 0.168135
vn 0.000000 0.985764 0.168135
vn 0.000000 0.997672 0.068190
vn 0.000000 0.997672 0.068190
vn 0.000000 0.997672 0.068190
vn 0.000000 0.997672 0.068190
vn 0.000000 0.964453 0.264254
vn 0.000000 0.964453 0.264254
vn 0.000000 0.964453 0.264254
vn 0.000000 0.964453 0.264254
vn 0.000000 0.967642 0.252328
vn 0.000000 0.967642 0.252328
vn 0.000000 0.967642 0.252328
vn 0.000000 0.967642 0.252328
vn 0.000000 0.999344 -0.036227
vn 0.000000 0.999344 -0.036227
vn 0.000000 0.999344 -0.036227
vn 0.000000 0.999344 -0.036227
vn 0.000000 0.976213 -0.216812
vn 0.000000 0.976213 -0.216812
vn 0.000000 0.976213 -0.216812
vn 0.000000 0.976213 -0.216812
vn -0.255151 0.212115 0.943348
vn -0.255151 0.212115 0.943348
vn -0.255151 0.212115 0.943348
vn -0.255151 0.212115 0.943348
vn -0.548949 0.082469 0.831778
vn -0.548949 0.082469 0.831778
vn -0.548949 0.082469 0.831778
vn -0.548949 0.082469 0.831778
vn -0.425522 0.138415 0.894300
vn -0.425522 0.138415 0.894300
vn -0.425522 0.138415 0.894300
vn -0.425522 0.138415 0.894300
vn 0.025723 0.225720 0.973853
vn 0.025723 0.225720 0.973853
vn 0.025723 0.225720 0.973853
vn 0.025723 0.225720 0.973853
vn -0.079177 0.229510 0.970080
vn -0.079177 0.229510 0.970080
vn -0.079177 0.229510 0.970080
vn -0.079177 0.229510 0.970080
vn 0.130603 0.960335 0.246372
vn 0.130603 0.960335 0.246372
vn 0.130603 0.960335 0.246372
vn 0.130603 0.960335 0.246372
vn 0.012985 0.997070 0.075382
vn 0.012985 0.997070 0.075382
vn 0.012985 0.997070 0.075382
vn 0.012985 0.997070 0.075382
vn 0.018757 0.996818 0.077470
vn 0.018757 0.996818 0.077470
vn 0.018757 0.996818 0.077470
vn -0.320708 0.787608 0.526137
vn -0.320708 0.787608 0.526137
vn -0.320708 0.787608 0.526137
vn -0.320708 0.787608 0.526137
vn 0.069195 0.996948 -0.036144
vn 0.069195 0.996948 -0.036144
vn 0.069195 0.996948 -0.036144
vn 0.069195 0.996948 -0.036144
vn 0.000000 0.000000 0.000000
vn 0.000000 0.000000 0.000000
vn 0.000000 0.000000 0.000000
vn 0.000000 0.000000 0.000000
vn -0.941258 -0.290842 -0.171596
vn -0.941258 -0.290842 -0.171596
vn -0.941258 -0.290842 -0.171596
vn -0.941258 -0.290842 -0.171596
vn 0.931134 -0.215528 0.294171
vn 0.931134 -0.215528 0.294171
vn 0.931134 -0.215528 0.294171
vn 0.931134 -0.215528 0.294171
vn 0.989206 -0.102648 0.104567
vn 0.989206 -0.102648 0.104567
vn 0.989206 -0.102648 0.104567
vn 0.989206 -0.102648 0.104567
vn 0.863747 -0.503595 0.018257
vn 0.863747 -0.503595 0.018257
vn 0.863747 -0.503595 0.018257
vn 0.863747 -0.503595 0.018257
vn 0.150149 -0.988014 0.035821
vn 0.150149 -0.988014 0.035821
vn 0.150149 -0.988014 0.035821
vn 0.150149 -0.988014 0.035821
vn -0.135503 -0.990126 0.035897
vn -0.135503 -0.990126 0.035897
vn -0.135503 -0.990126 0.035897
vn -0.135503 -0.990126 0.035897
vn 0.624946 0.780155 -0.028284
vn 0.624946 0.780155 -0.028284
vn 0.624946 0.780155 -0.028284
vn 0.624946 0.780155 -0.028284
vn -0.054972 -0.887642 0.457242
vn -0.054972 -0.887642 0.457242
vn -0.054972 -0.887642 0.457242
vn -0.054972 -0.887642 0.457242
vn 0.000000 0.000000 0.000000
vn 0.000000 0.000000 0.000000
vn 0.000000 0.000000 0.000000
vn 0.000000 0.000000 0.000000
vn 0.000000 0.000000 0.000000
vn 0.000000 0.000000 0.000000
vn 0.000000 0.000000 0.000000
vn 0.000000 0.000000 0.000000
vn 0.000000 0.000000 0.000000
vn 0.000000 0.000000 0.000000
vn 0.000000 0.000000 0.000000
vn 0.000000 0.000000 0.000000
vn 0.000000 0.000000 0.000000
vn 0.000000 0.000000 0.000000
vn 0.000000 0.000000 0.000000
vn 0.000000 0.000000 0.000000
vn 0.000000 0.000000 0.000000
vn 0.000000 0.000000 0.000000
vn 0.000000 0.000000 0.000000
vn 0.000000 0.000000 0.000000
vn 0.000000 0.000000 0.000000
vn 0.000000 0.000000 0.000000
vn 0.000000 0.000000 0.000000
vn 0.000000 0.000000 0.000000
vn 0.941257 -0.290850 -0.171587
vn 0.941257 -0.290850 -0.171587
vn 0.941257 -0.290850 -0.171587
vn 0.941257 -0.290850 -0.171587
vn -0.931135 -0.215528 0.294170
vn -0.931135 -0.215528 0.294170
vn -0.931135 -0.215528 0.294170
vn -0.931135 -0.215528 0.294170
vn -0.989206 -0.102650 0.104569
vn -0.989206 -0.102650 0.104569
vn -0.989206 -0.102650 0.104569
vn -0.989206 -0.102650 0.104569
vn -0.863759 -0.503575 0.018257
vn -0.863759 -0.503575 0.018257
vn -0.863759 -0.503575 0.018257
vn -0.863759 -0.503575 0.018257
vn -0.150149 -0.988014 0.035821
vn -0.150149 -0.988014 0.035821
vn -0.150149 -0.988014 0.035821
vn -0.150149 -0.988014 0.035821
vn 0.135503 -0.990126 0.035897
vn 0.135503 -0.990126 0.035897
vn 0.135503 -0.990126 0.035897
vn 0.135503 -0.990126 0.035897
vn -0.249321 -0.918045 0.308273
vn -0.249321 -0.918045 0.308273
vn -0.249321 -0.918045 0.308273
vn -0.249321 -0.918045 0.308273
vn -0.878480 -0.468418 0.094117
vn -0.878480 -0.468418 0.094117
vn -0.878480 -0.468418 0.094117
vn -0.878480 -0.468418 0.094117
vn 0.000000 0.000000 0.000000
vn 0.000000 0.000000 0.000000
vn 0.000000 0.000000 0.000000
vn 0.000000 0.000000 0.000000
vn 0.000000 0.000000 0.000000
vn 0.000000 0.000000 0.000000
vn 0.000000 0.000000 0.000000
vn 0.000000 0.000000 0.000000
vn 0.000000 0.000000 0.000000
vn 0.000000 0.000000 0.000000
vn 0.000000 0.000000 0.000000
vn 0.000000 0.000000 0.000000
vn 0.000000 0.000000 0.000000
vn 0.000000 0.000000 0.000000
vn 0.000000 0.000000 0.000000
vn 0.000000 0.000000 0.000000
vn 0.000000 0.000000 0.000000
vn 0.000000 0.000000 0.000000
vn 0.000000 0.000000 0.000000
vn 0.000000 0.000000 0.000000
vn 0.703778 0.709954 -0.025739
vn 0.703778 0.709954 -0.025739
vn 0.703778 0.709954 -0.025739
vn 0.703778 0.709954 -0.025739
vn -0.953300 -0.301828 0.010943
vn -0.953300 -0.301828 0.010943
vn -0.953300 -0.301828 0.010943
vn -0.953300 -0.301828 0.010943
vn 0.995532 0.094358 -0.003421
vn 0.995532 0.094358 -0.003421
vn 0.995532 0.094358 -0.003421
vn 0.995532 0.094358 -0.003421
vn 0.987513 -0.157433 0.005708
vn 0.987513 -0.157433 0.005708
vn 0.987513 -0.157433 0.005708
vn 0.987513 -0.157433 0.005708
vn 0.878469 -0.468437 0.094121
vn 0.878469 -0.468437 0.094121
vn 0.878469 -0.468437 0.094121
vn 0.878469 -0.468437 0.094121
vn 0.249322 -0.918045 0.308273
vn 0.249322 -0.918045 0.308273
vn 0.249322 -0.918045 0.308273
vn 0.249322 -0.918045 0.308273
vn 0.054971 -0.887642 0.457242
vn 0.054971 -0.887642 0.457242
vn 0.054971 -0.887642 0.457242
vn 0.054971 -0.887642 0.457242
vn -0.987513 -0.157435 0.005708
vn -0.987513 -0.157435 0.005708
vn -0.987513 -0.157435 0.005708
vn -0.987513 -0.157435 0.005708
vn -0.995532 0.094359 -0.003421
vn -0.995532 0.094359 -0.003421
vn -0.995532 0.094359 -0.003421
vn -0.995532 0.094359 -0.003421
vn -0.624946 0.780155 -0.028284
vn -0.624946 0.780155 -0.028284
vn -0.624946 0.780155 -0.028284
vn -0.624946 0.780155 -0.028284
vn -0.069195 0.996948 -0.036144
vn -0.069195 0.996948 -0.036144
vn -0.069195 0.996948 -0.036144
vn -0.069195 0.996948 -0.036144
vn 1.000000 0.000000 0.000000
vn 1.000000 0.000000 0.000000
vn 1.000000 0.000000 0.000000
vn 1.000000 0.000000 0.000000
vn 0.708482 0.705265 -0.025569
vn 0.708482 0.705265 -0.025569
vn 0.708482 0.705265 -0.025569
vn 0.708482 0.705265 -0.025569
vn 0.000000 0.999344 -0.036231
vn 0.000000 0.999344 -0.036231
vn 0.000000 0.999344 -0.036231
vn 0.000000 0.999344 -0.036231
vn -0.703829 0.709903 -0.025737
vn -0.703829 0.709903 -0.025737
vn -0.703829 0.709903 -0.025737
vn -0.703829 0.709903 -0.025737
vn 0.953299 -0.301831 0.010943
vn 0.953299 -0.301831 0.010943
vn 0.953299 -0.301831 0.010943
vn 0.953299 -0.301831 0.010943
vn -0.125746 -0.760819 -0.636665
vn -0.125746 -0.760819 -0.636665
vn -0.125746 -0.760819 -0.636665
vn -0.125746 -0.760819 -0.636665
vn 0.119299 -0.757283 -0.642098
vn 0.119299 -0.757283 -0.642098
vn 0.119299 -0.757283 -0.642098
vn 0.119299 -0.757283 -0.642098
vn -0.260529 0.954967 0.141994
vn -0.260529 0.954967 0.141994
vn -0.260529 0.954967 0.141994
vn -0.260529 0.954967 0.141994
vn -0.189800 0.969164 0.157153
vn -0.189800 0.969164 0.157153
vn -0.189800 0.969164 0.157153
vn -0.189800 0.969164 0.157153
vn 0.189798 0.969175 0.157087
vn 0.189798 0.969175 0.157087
vn 0.189798 0.969175 0.157087
vn 0.189798 0.969175 0.157087
vn 0.261817 0.954689 0.141491
vn 0.261817 0.954689 0.141491
vn 0.261817 0.954689 0.141491
vn 0.261817 0.954689 0.141491
vn -0.318389 0.938912 -0.130663
vn -0.318389 0.938912 -0.130663
vn -0.318389 0.938912 -0.130663
vn -0.318389 0.938912 -0.130663
vn -0.204003 0.969941 -0.132656
vn -0.204003 0.969941 -0.132656
vn -0.204003 0.969941 -0.132656
vn -0.204003 0.969941 -0.132656
vn 0.204003 0.969941 -0.132656
vn 0.204003 0.969941 -0.132656
vn 0.204003 0.969941 -0.132656
vn 0.204003 0.969941 -0.132656
vn 0.321873 0.937746 -0.130501
vn 0.321873 0.937746 -0.130501
vn 0.321873 0.937746 -0.130501
vn 0.321873 0.937746 -0.130501
vn -0.517075 0.854118 -0.055816
vn -0.517075 0.854118 -0.055816
vn -0.517075 0.854118 -0.055816
vn -0.517075 0.854118 -0.055816
vn -0.182502 0.982955 -0.022211
vn -0.182502 0.982955 -0.022211
vn -0.182502 0.982955 -0.022211
vn -0.182502 0.982955 -0.022211
vn 0.182502 0.982955 -0.022211
vn 0.182502 0.982955 -0.022211
vn 0.182502 0.982955 -0.022211
vn 0.182502 0.982955 -0.022211
vn 0.524677 0.849436 -0.056336
vn 0.524677 0.849436 -0.056336
vn 0.524677 0.849436 -0.056336
vn 0.524677 0.849436 -0.056336
vn -0.405276 0.515034 -0.755309
vn -0.405276 0.515034 -0.755309
vn -0.405276 0.515034 -0.755309
vn -0.405276 0.515034 -0.755309
vn -0.242218 0.633257 -0.735062
vn -0.242218 0.633257 -0.735062
vn -0.242218 0.633257 -0.735062
vn -0.242218 0.633257 -0.735062
vn 0.234313 0.640070 -0.731715
vn 0.234313 0.640070 -0.731715
vn 0.234313 0.640070 -0.731715
vn 0.234313 0.640070 -0.731715
vn 0.424292 0.507080 -0.750231
vn 0.424292 0.507080 -0.750231
vn 0.424292 0.507080 -0.750231
vn 0.424292 0.507080 -0.750231
vn -0.233181 0.652803 -0.720746
vn -0.233181 0.652803 -0.720746
vn -0.233181 0.652803 -0.720746
vn -0.499546 0.552895 -0.666904
vn -0.499546 0.552895 -0.666904
vn -0.499546 0.552895 -0.666904
vn -0.499546 0.552895 -0.666904
vn 0.492299 0.528896 -0.691311
vn 0.492299 0.528896 -0.691311
vn 0.492299 0.528896 -0.691311
vn 0.492299 0.528896 -0.691311
vn 0.251403 0.623482 -0.740315
vn 0.251403 0.623482 -0.740315
vn 0.251403 0.623482 -0.740315
vn 0.712609 0.140171 -0.687416
vn 0.712609 0.140171 -0.687416
vn 0.712609 0.140171 -0.687416
vn 0.712609 0.140171 -0.687416
vn 0.756939 0.646813 -0.093142
vn 0.756939 0.646813 -0.093142
vn 0.756939 0.646813 -0.093142
vn 0.756939 0.646813 -0.093142
vn 0.692519 0.711070 -0.121638
vn 0.692519 0.711070 -0.121638
vn 0.692519 0.711070 -0.121638
vn 0.692519 0.711070 -0.121638
vn 0.617077 0.783562 0.072429
vn 0.617077 0.783562 0.072429
vn 0.617077 0.783562 0.072429
vn 0.617077 0.783562 0.072429
vn -0.679476 0.221041 -0.699609
vn -0.679476 0.221041 -0.699609
vn -0.679476 0.221041 -0.699609
vn -0.679476 0.221041 -0.699609
vn -0.731703 0.675494 -0.091203
vn -0.731703 0.675494 -0.091203
vn -0.731703 0.675494 -0.091203
vn -0.731703 0.675494 -0.091203
vn -0.672733 0.729461 -0.123761
vn -0.672733 0.729461 -0.123761
vn -0.672733 0.729461 -0.123761
vn -0.672733 0.729461 -0.123761
vn -0.450355 0.892418 0.027747
vn -0.450355 0.892418 0.027747
vn -0.450355 0.892418 0.027747
vn -0.450355 0.892418 0.027747
vn 0.911737 0.408524 0.042944
vn 0.911737 0.408524 0.042944
vn 0.911737 0.408524 0.042944
vn 0.911737 0.408524 0.042944
vn 0.863321 0.483927 -0.143146
vn 0.863321 0.483927 -0.143146
vn 0.863321 0.483927 -0.143146
vn 0.863321 0.483927 -0.143146
vn 0.975373 0.112821 -0.189524
vn 0.975373 0.112821 -0.189524
vn 0.975373 0.112821 -0.189524
vn 0.975373 0.112821 -0.189524
vn 0.615484 -0.602890 -0.507645
vn 0.615484 -0.602890 -0.507645
vn 0.615484 -0.602890 -0.507645
vn 0.615484 -0.602890 -0.507645
vn -0.972162 0.104104 -0.209914
vn -0.972162 0.104104 -0.209914
vn -0.972162 0.104104 -0.209914
vn 0.972163 0.104102 -0.209911
vn 0.972163 0.104102 -0.209911
vn 0.972163 0.104102 -0.209911
s off
g Turtle GEO Turtle
usemtl lambert2SG
f 150/7/1 151/6/2 152/1160/3 153/1156/4
f 154/1124/5 155/1123/6 156/1/7 157/4/8
f 158/1157/9 159/1162/10 160/1136/11 161/1135/12
f 162/2/13 163/3/14 164/1751/15 165/1246/16
f 166/25/17 165/1246/18 167/1249/19 168/1113/20
f 169/1130/21 154/1124/22 157/4/23 170/5/24
f 171/8/25 151/6/26 150/7/27 172/79/28
f 150/7/29 153/1156/30 173/1159/31 174/56/32
f 172/79/33 150/7/34 174/56/35 175/80/36
f 176/1749/37 171/8/38 172/79/39 177/1750/40
f 178/1333/41 179/1065/42 180/1068/43 181/1331/44
f 182/1064/45 183/1335/46 184/1339/47 185/1337/48
f 186/1340/49 187/1222/50 188/974/51 189/1341/52
f 190/22/53 191/54/54 192/75/55 193/23/56
f 194/1043/57 195/1220/58 196/1219/59 197/1044/60
f 198/1711/61 197/1044/62 196/1219/63 199/1713/64
f 200/9/65 201/1710/66 202/1712/67 203/1218/68
f 203/1218/69 204/1217/70 205/1063/71 200/9/72
f 206/1332/73 207/1203/74 208/1216/75 209/1334/76
f 210/21/77 211/58/78 191/54/79 190/22/80
f 212/20/81 213/1066/82 194/1043/83 214/1045/84
f 215/1709/85 216/1046/86 197/1044/87 198/1711/88
f 217/10/89 218/1708/90 201/1710/91 200/9/92
f 200/9/93 205/1063/94 219/1062/95 217/10/96
f 220/1201/97 221/1199/98 222/1061/99 223/1202/100
f 224/1701/101 225/1698/102 226/1054/103 227/1053/104
f 228/1699/105 229/1700/106 230/1098/107 231/1099/108
f 232/12/109 233/64/110 234/59/111 235/18/112
f 236/13/113 232/12/114 235/18/115 237/19/116
f 236/13/117 237/19/118 238/1047/119 239/1049/120
f 240/1705/121 241/1050/122 242/1048/123 243/1707/124
f 244/14/125 245/1704/126 246/1706/127 247/11/128
f 247/11/129 248/1060/130 249/1058/131 244/14/132
f 250/65/133 251/1057/134 252/1059/135 253/62/136
f 235/18/137 234/59/138 211/58/139 210/21/140
f 237/19/141 212/20/142 214/1045/143 238/1047/144
f 243/1707/145 242/1048/146 216/1046/147 215/1709/148
f 247/11/149 246/1706/150 218/1708/151 217/10/152
f 217/10/153 219/1062/154 248/1060/155 247/11/156
f 253/62/157 252/1059/158 222/1061/159 221/1199/160
f 254/15/161 255/68/162 233/64/163 232/12/164
f 256/16/165 254/15/166 232/12/167 236/13/168
f 256/16/169 236/13/170 239/1049/171 257/1051/172
f 258/1703/173 259/1052/174 241/1050/175 240/1705/176
f 260/17/177 261/1702/178 245/1704/179 244/14/180
f 244/14/181 249/1058/182 262/1056/183 260/17/184
f 263/70/185 264/1055/186 251/1057/187 250/65/188
f 265/1129/189 266/1127/190 255/68/191 254/15/192
f 267/1128/193 265/1129/194 254/15/195 256/16/196
f 267/1128/197 256/16/198 257/1051/199 268/1119/200
f 224/1701/201 227/1053/202 259/1052/203 258/1703/204
f 230/1098/205 229/1700/206 261/1702/207 260/17/208
f 260/17/209 262/1056/210 269/1148/211 230/1098/212
f 270/1152/213 271/1150/214 264/1055/215 263/70/216
f 235/18/217 210/21/218 212/20/219 237/19/220
f 212/20/221 210/21/222 190/22/223 213/1066/224
f 213/1066/225 190/22/226 193/23/227 272/1221/228
f 272/1221/229 193/23/230 273/1236/231 274/1239/232
f 182/1064/233 275/981/234 276/977/235 179/1065/236
f 277/73/237 275/981/238 182/1064/239 185/1337/240
f 278/1723/241 277/73/242 185/1337/243 279/1718/244
f 193/23/245 192/75/246 280/1240/247 273/1236/248
f 281/1260/249 282/1197/250 283/49/251 284/984/252
f 284/984/253 283/49/254 285/1726/255 286/1728/256
f 287/1729/257 288/1727/258 289/971/259 290/1195/260
f 291/52/261 292/51/262 293/1231/263 294/24/264
f 295/1232/265 296/1228/266 297/1227/267 290/1195/268
f 298/1731/269 287/1729/270 290/1195/271 297/1227/272
f 299/1214/273 284/984/274 286/1728/275 300/1730/276
f 301/1198/277 302/1205/278 303/1262/279 304/1261/280
f 305/48/281 306/1226/282 307/1224/283 308/27/284
f 309/1229/285 310/47/286 311/29/287 312/1230/288
f 313/1735/289 314/1733/290 312/1230/291 311/29/292
f 315/1206/293 316/1212/294 317/1732/295 318/1734/296
f 166/25/297 168/1113/298 319/1112/299 170/26/300
f 320/1744/301 321/81/302 322/77/303 323/1742/304
f 174/56/305 324/69/306 325/44/307 175/80/308
f 326/33/309 327/45/310 328/28/311 329/32/312
f 330/34/313 331/46/314 327/45/315 326/33/316
f 331/46/317 330/34/318 332/35/319 333/30/320
f 334/1739/321 335/1737/322 333/30/323 332/35/324
f 336/36/325 337/1215/326 338/1736/327 339/1738/328
f 336/36/329 340/37/330 341/31/331 337/1215/332
f 342/66/333 343/61/334 341/31/335 340/37/336
f 327/45/337 305/48/338 308/27/339 328/28/340
f 310/47/341 331/46/342 333/30/343 311/29/344
f 335/1737/345 313/1735/346 311/29/347 333/30/348
f 337/1215/349 341/31/350 344/1211/351 315/1206/352
f 343/61/353 345/1208/354 344/1211/355 341/31/356
f 346/39/357 326/33/358 329/32/359 347/38/360
f 348/40/361 330/34/362 326/33/363 346/39/364
f 330/34/365 348/40/366 349/41/367 332/35/368
f 350/1741/369 334/1739/370 332/35/371 349/41/372
f 351/42/373 336/36/374 339/1738/375 352/1740/376
f 351/42/377 353/43/378 340/37/379 336/36/380
f 354/71/381 342/66/382 340/37/383 353/43/384
f 355/1114/385 346/39/386 347/38/387 356/1115/388
f 357/1111/389 348/40/390 346/39/391 355/1114/392
f 348/40/393 357/1111/394 358/1110/395 349/41/396
f 359/1743/397 350/1741/398 349/41/399 358/1110/400
f 322/77/401 351/42/402 352/1740/403 323/1742/404
f 322/77/405 325/44/406 353/43/407 351/42/408
f 324/69/409 354/71/410 353/43/411 325/44/412
f 327/45/413 331/46/414 310/47/415 305/48/416
f 310/47/417 309/1229/418 306/1226/419 305/48/420
f 296/1228/421 295/1232/422 292/51/423 360/1225/424
f 283/49/425 282/1197/426 361/983/427 362/50/428
f 363/1725/429 285/1726/430 283/49/431 362/50/432
f 288/1727/433 364/1724/434 365/972/435 289/971/436
f 292/51/437 291/52/438 366/1223/439 360/1225/440
f 367/1330/441 181/1331/442 180/1068/443 368/1256/444
f 365/74/445 189/1341/446 188/974/447 369/973/448
f 370/1243/449 294/1242/450 293/1234/451 371/1237/452
f 366/76/453 192/75/454 191/54/455 307/53/456
f 307/53/457 191/54/458 211/58/459 308/57/460
f 372/1131/461 169/1130/462 170/55/463 319/1116/464
f 270/1152/465 324/69/466 174/56/467 173/1159/468
f 328/60/469 234/59/470 233/64/471 329/63/472
f 342/66/473 250/65/474 253/62/475 343/61/476
f 308/57/477 211/58/478 234/59/479 328/60/480
f 343/61/481 253/62/482 221/1199/483 345/1208/484
f 329/63/485 233/64/486 255/68/487 347/67/488
f 354/71/489 263/70/490 250/65/491 342/66/492
f 347/67/493 255/68/494 266/1127/495 356/1117/496
f 324/69/497 270/1152/498 263/70/499 354/71/500
f 368/1256/501 180/1068/502 373/1067/503 374/1257/504
f 375/978/505 376/976/506 373/1067/507 276/977/508
f 362/72/509 361/979/510 275/981/511 277/73/512
f 278/1723/513 363/1722/514 362/72/515 277/73/516
f 377/1720/517 189/1341/518 365/74/519 364/1721/520
f 291/1241/521 280/1240/522 192/75/523 366/76/524
f 378/1747/525 177/1750/526 172/79/527 379/78/528
f 175/80/529 325/44/530 322/77/531 321/81/532
f 380/1745/533 359/1743/534 358/1110/535 381/1248/536
f 382/1247/537 383/1746/538 380/1745/539 381/1248/540
f 378/1747/541 379/78/542 321/81/543 320/1744/544
f 379/78/545 172/79/546 175/80/547 321/81/548
f 384/1696/549 385/1101/550 386/1103/551 387/1694/552
f 158/1157/553 161/1135/554 388/1102/555 389/1158/556
f 390/1660/557 391/1663/558 392/944/559 393/82/560
f 393/83/561 392/87/562 394/89/563 395/84/564
f 396/85/565 397/88/566 398/165/567 399/86/568
f 395/84/569 394/89/570 397/88/571 396/85/572
f 399/86/573 398/165/574 400/99/575 401/98/576
f 402/945/577 403/1666/578 404/1645/579 405/948/580
f 406/106/581 394/89/582 392/87/583 407/107/584
f 398/165/585 397/88/586 408/100/587 409/166/588
f 397/88/589 394/89/590 406/106/591 408/100/592
f 400/99/593 398/165/594 410/90/595 411/97/596
f 412/105/597 413/288/598 414/287/599 415/110/600
f 416/104/601 412/103/602 415/111/603 417/112/604
f 410/90/605 418/153/606 419/154/607 420/91/608
f 421/102/609 416/104/610 417/112/611 422/158/612
f 411/97/613 410/90/614 420/91/615 423/96/616
f 424/120/617 425/1621/618 426/1622/619 427/1616/620
f 428/118/621 424/117/622 427/123/623 429/124/624
f 420/91/625 419/154/626 430/155/627 431/92/628
f 432/114/629 428/118/630 429/124/631 433/161/632
f 423/96/633 420/91/634 431/92/635 434/95/636
f 435/130/637 436/129/638 437/131/639 438/132/640
f 431/92/641 430/155/642 439/192/643 440/184/644
f 441/126/645 435/130/646 438/132/647 442/164/648
f 434/95/649 431/92/650 440/184/651 443/285/652
f 444/140/653 445/1556/654 446/1558/655 447/1553/656
f 448/138/657 444/137/658 447/141/659 449/142/660
f 450/134/661 448/138/662 449/142/663 451/185/664
f 452/286/665 440/184/666 453/283/667 454/282/668
f 455/1565/669 456/1567/670 457/1566/671 458/1560/672
f 459/1555/673 455/1565/674 458/1560/675 460/145/676
f 461/187/677 459/144/678 460/146/679 462/190/680
f 463/1292/681 464/1291/682 465/284/683 466/196/684
f 467/93/685 468/1551/686 469/1547/687 470/94/688
f 471/1562/689 472/1564/690 473/1563/691 474/168/692
f 475/152/693 471/1562/694 474/168/695 476/167/696
f 477/150/697 475/149/698 476/169/699 478/170/700
f 479/200/701 477/150/702 478/170/703 480/201/704
f 481/180/705 482/1280/706 483/1281/707 467/93/708
f 484/219/709 485/1273/710 486/1274/711 487/228/712
f 488/217/713 484/219/714 487/228/715 489/227/716
f 490/215/717 488/214/718 489/229/719 491/230/720
f 492/176/721 493/270/722 494/269/723 495/239/724
f 496/211/725 490/215/726 491/230/727 497/268/728
f 463/1292/729 466/196/730 492/176/731 498/1285/732
f 467/93/733 470/94/734 499/177/735 481/180/736
f 500/1305/737 501/1304/738 502/1279/739 503/179/740
f 504/1283/741 495/239/742 505/1315/743 506/1311/744
f 503/179/745 507/178/746 508/1307/747 500/1305/748
f 509/265/749 510/264/750 511/278/751 512/1278/752
f 509/265/753 513/1302/754 514/1301/755 515/262/756
f 507/178/757 516/1284/758 517/1309/759 508/1307/760
f 470/94/761 518/1289/762 519/1286/763 499/177/764
f 470/94/765 469/1547/766 520/1290/767 518/1289/768
f 521/1549/769 443/285/770 522/280/771 523/1550/772
f 524/1523/773 434/95/774 443/285/775 521/1549/776
f 525/1522/777 423/96/778 434/95/779 524/1523/780
f 526/1521/781 411/97/782 423/96/783 525/1522/784
f 527/1519/785 400/99/786 411/97/787 526/1521/788
f 401/98/789 400/99/790 527/1519/791 528/1517/792
f 408/100/793 406/106/794 529/109/795 530/101/796
f 418/153/797 409/166/798 408/100/799 530/101/800
f 421/102/801 531/157/802 418/153/803 530/101/804
f 530/101/805 529/109/806 416/104/807 421/102/808
f 529/109/809 532/108/810 412/103/811 416/104/812
f 532/946/813 533/1649/814 413/288/815 412/105/816
f 534/1646/817 535/1648/818 536/122/819 537/289/820
f 405/948/821 404/1645/822 538/1650/823 539/949/824
f 406/106/825 407/107/826 532/108/827 529/109/828
f 540/1647/829 541/1630/830 542/290/831 543/121/832
f 415/110/833 414/287/834 544/1631/835 545/119/836
f 417/112/837 415/111/838 545/116/839 546/115/840
f 422/158/841 417/112/842 546/115/843 547/113/844
f 419/154/845 548/156/846 422/158/847 547/113/848
f 432/114/849 549/160/850 419/154/851 547/113/852
f 547/113/853 546/115/854 428/118/855 432/114/856
f 546/115/857 545/116/858 424/117/859 428/118/860
f 545/119/861 544/1631/862 425/1621/863 424/120/864
f 536/122/865 543/121/866 542/290/867 537/289/868
f 535/1648/869 540/1647/870 543/121/871 536/122/872
f 429/124/873 427/123/874 550/128/875 551/127/876
f 433/161/877 429/124/878 551/127/879 552/125/880
f 430/155/881 553/159/882 433/161/883 552/125/884
f 441/126/885 554/163/886 430/155/887 552/125/888
f 552/125/889 551/127/890 435/130/891 441/126/892
f 551/127/893 550/128/894 436/129/895 435/130/896
f 437/1611/897 555/1612/898 556/1634/899 557/139/900
f 438/132/901 437/131/902 557/136/903 558/135/904
f 442/164/905 438/132/906 558/135/907 559/133/908
f 439/192/909 560/162/910 442/164/911 559/133/912
f 450/134/913 561/193/914 439/192/915 559/133/916
f 559/133/917 558/135/918 448/138/919 450/134/920
f 558/135/921 557/136/922 444/137/923 448/138/924
f 557/139/925 556/1634/926 445/1556/927 444/140/928
f 449/142/929 447/141/930 562/143/931 563/186/932
f 451/185/933 449/142/934 563/186/935 564/189/936
f 563/186/937 562/143/938 459/144/939 461/187/940
f 460/145/941 458/1560/942 565/1561/943 566/151/944
f 462/190/945 460/146/946 566/148/947 567/147/948
f 568/191/949 567/147/950 477/150/951 479/200/952
f 567/147/953 566/148/954 475/149/955 477/150/956
f 566/151/957 565/1561/958 471/1562/959 475/152/960
f 419/154/961 418/153/962 531/157/963 548/156/964
f 430/155/965 419/154/966 549/160/967 553/159/968
f 439/192/969 430/155/970 554/163/971 560/162/972
f 548/156/973 531/157/974 421/102/975 422/158/976
f 553/159/977 549/160/978 432/114/979 433/161/980
f 560/162/981 554/163/982 441/126/983 442/164/984
f 569/194/985 561/193/986 450/134/987 451/185/988
f 398/165/989 409/166/990 418/153/991 410/90/992
f 474/168/993 473/1563/994 570/1587/995 571/175/996
f 476/167/997 474/168/998 571/175/999 572/174/1000
f 478/170/1001 476/169/1002 572/173/1003 573/172/1004
f 480/201/1005 478/170/1006 573/172/1007 574/171/1008
f 575/202/1009 576/205/1010 480/201/1011 574/171/1012
f 577/225/1013 578/224/1014 575/202/1015 574/171/1016
f 574/171/1017 573/172/1018 579/181/1019 577/225/1020
f 573/172/1021 572/173/1022 580/182/1023 579/181/1024
f 572/174/1025 571/175/1026 581/220/1027 580/183/1028
f 571/175/1029 570/1587/1030 582/221/1031 581/220/1032
f 498/1285/1033 492/176/1034 495/239/1035 504/1283/1036
f 499/177/1037 519/1286/1038 516/1284/1039 507/178/1040
f 481/180/1041 499/177/1042 507/178/1043 503/179/1044
f 503/179/1045 502/1279/1046 482/1280/1047 481/180/1048
f 466/196/1049 575/202/1050 493/270/1051 492/176/1052
f 577/225/1053 579/181/1054 583/209/1055 584/226/1056
f 579/181/1057 580/182/1058 585/208/1059 583/209/1060
f 580/183/1061 581/220/1062 586/207/1063 585/206/1064
f 440/184/1065 439/192/1066 587/198/1067 453/283/1068
f 588/203/1069 465/284/1070 453/283/1071 587/198/1072
f 589/195/1073 590/188/1074 461/187/1075 462/190/1076
f 564/189/1077 587/198/1078 569/194/1079 451/185/1080
f 590/188/1081 591/199/1082 587/198/1083 564/189/1084
f 563/186/1085 461/187/1086 590/188/1087 564/189/1088
f 589/195/1089 462/190/1090 567/147/1091 568/191/1092
f 588/203/1093 592/197/1094 589/195/1095 568/191/1096
f 479/200/1097 593/204/1098 588/203/1099 568/191/1100
f 587/198/1101 439/192/1102 561/193/1103 569/194/1104
f 589/195/1105 592/197/1106 591/199/1107 590/188/1108
f 575/202/1109 466/196/1110 465/284/1111 588/203/1112
f 592/197/1113 588/203/1114 587/198/1115 591/199/1116
f 576/205/1117 593/204/1118 479/200/1119 480/201/1120
f 575/202/1121 588/203/1122 593/204/1123 576/205/1124
f 586/207/1125 594/222/1126 595/1597/1127 596/218/1128
f 585/206/1129 586/207/1130 596/218/1131 597/216/1132
f 583/209/1133 585/208/1134 597/213/1135 598/212/1136
f 584/226/1137 583/209/1138 598/212/1139 599/210/1140
f 493/270/1141 600/223/1142 584/226/1143 599/210/1144
f 496/211/1145 601/271/1146 493/270/1147 599/210/1148
f 599/210/1149 598/212/1150 490/215/1151 496/211/1152
f 598/212/1153 597/213/1154 488/214/1155 490/215/1156
f 597/216/1157 596/218/1158 484/219/1159 488/217/1160
f 596/218/1161 595/1597/1162 485/1273/1163 484/219/1164
f 581/220/1165 582/221/1166 594/222/1167 586/207/1168
f 582/221/1169 570/1587/1170 595/1597/1171 594/222/1172
f 493/270/1173 575/202/1174 578/224/1175 600/223/1176
f 600/223/1177 578/224/1178 577/225/1179 584/226/1180
f 487/228/1181 486/1274/1182 602/1596/1183 603/235/1184
f 489/227/1185 487/228/1186 603/235/1187 604/234/1188
f 491/230/1189 489/229/1190 604/233/1191 605/232/1192
f 497/268/1193 491/230/1194 605/232/1195 606/231/1196
f 494/269/1197 607/272/1198 497/268/1199 606/231/1200
f 608/275/1201 609/274/1202 494/269/1203 606/231/1204
f 606/231/1205 605/232/1206 610/238/1207 608/275/1208
f 605/232/1209 604/233/1210 611/237/1211 610/238/1212
f 604/234/1213 603/235/1214 612/257/1215 611/236/1216
f 603/235/1217 602/1596/1218 613/254/1219 612/257/1220
f 614/1312/1221 615/1314/1222 616/1282/1223 617/1287/1224
f 618/1308/1225 619/1310/1226 620/1288/1227 621/1487/1228
f 622/1471/1229 623/1303/1230 624/1306/1231 625/1486/1232
f 626/252/1233 611/236/1234 612/257/1235 627/256/1236
f 610/238/1237 611/237/1238 626/250/1239 628/249/1240
f 608/275/1241 610/238/1242 628/249/1243 629/246/1244
f 630/258/1245 631/240/1246 632/242/1247 633/259/1248
f 634/243/1249 631/241/1250 630/260/1251 635/261/1252
f 636/244/1253 634/243/1254 635/261/1255 637/1295/1256
f 638/1316/1257 505/1315/1258 495/239/1259 494/269/1260
f 639/1276/1261 640/1275/1262 633/259/1263 632/242/1264
f 641/251/1265 642/253/1266 632/242/1267 631/240/1268
f 643/248/1269 641/247/1270 631/241/1271 634/243/1272
f 642/253/1273 644/1601/1274 639/1276/1275 632/242/1276
f 638/1316/1277 645/273/1278 629/246/1279 646/245/1280
f 636/244/1281 647/1298/1282 638/1316/1283 646/245/1284
f 616/1282/1285 615/1314/1286 648/1313/1287 649/1300/1288
f 646/245/1289 643/248/1290 634/243/1291 636/244/1292
f 643/248/1293 646/245/1294 629/246/1295 628/249/1296
f 641/247/1297 643/248/1298 628/249/1299 626/250/1300
f 642/253/1301 641/251/1302 626/252/1303 627/256/1304
f 644/1601/1305 642/253/1306 627/256/1307 650/255/1308
f 602/1596/1309 644/1601/1310 650/255/1311 613/254/1312
f 613/254/1313 650/255/1314 627/256/1315 612/257/1316
f 633/259/1317 640/1275/1318 651/1600/1319 652/267/1320
f 653/266/1321 630/258/1322 633/259/1323 652/267/1324
f 635/261/1325 630/260/1326 653/263/1327 515/262/1328
f 637/1295/1329 635/261/1330 515/262/1331 514/1301/1332
f 515/262/1333 653/263/1334 510/264/1335 509/265/1336
f 653/266/1337 652/267/1338 654/277/1339 510/276/1340
f 652/267/1341 651/1600/1342 655/1277/1343 654/277/1344
f 607/272/1345 601/271/1346 496/211/1347 497/268/1348
f 638/1316/1349 494/269/1350 609/274/1351 645/273/1352
f 494/269/1353 493/270/1354 601/271/1355 607/272/1356
f 645/273/1357 609/274/1358 608/275/1359 629/246/1360
f 647/1298/1361 636/244/1362 637/1295/1363 656/1299/1364
f 510/276/1365 654/277/1366 657/1245/1367 511/1244/1368
f 654/277/1369 655/1277/1370 658/1448/1371 657/1245/1372
f 659/1436/1373 660/1294/1374 661/1293/1375 662/1439/1376
f 661/1293/1377 663/1297/1378 664/279/1379 662/1439/1380
f 512/1278/1381 511/278/1382 665/1440/1383 664/279/1384
f 666/1296/1385 512/1278/1386 664/279/1387 663/1297/1388
f 667/1548/1389 668/281/1390 520/1290/1391 469/1547/1392
f 668/281/1393 454/282/1394 464/1291/1395 520/1290/1396
f 522/280/1397 452/286/1398 454/282/1399 668/281/1400
f 523/1550/1401 522/280/1402 668/281/1403 667/1548/1404
f 467/93/1405 483/1281/1406 669/1552/1407 468/1551/1408
f 454/282/1409 453/283/1410 465/284/1411 464/1291/1412
f 443/285/1413 440/184/1414 452/286/1415 522/280/1416
f 413/288/1417 533/1649/1418 534/1646/1419 537/289/1420
f 544/1631/1421 414/287/1422 542/290/1423 541/1630/1424
f 414/287/1425 413/288/1426 537/289/1427 542/290/1428
f 425/1621/1429 544/1631/1430 670/1632/1431 671/1623/1432
f 556/1634/1433 555/1612/1434 672/1613/1435 673/1633/1436
f 445/1556/1437 556/1634/1438 674/1635/1439 675/1557/1440
f 676/371/1441 677/1356/1442 678/1354/1443 679/925/1444
f 3/2389/1445 2/2390/1446 680/291/1447 681/1006/1448
f 680/291/1449 676/371/1450 679/925/1451 681/1006/1452
f 2/2390/1453 1/2493/1454 676/371/1455 680/291/1456
f 682/908/1457 171/913/1458 683/912/1459 684/868/1460
f 685/1272/1461 528/1541/1462 686/1358/1463 687/1357/1464
f 688/776/1465 689/773/1466 690/915/1467 691/327/1468
f 692/742/1469 688/776/1470 691/327/1471 693/325/1472
f 694/746/1473 692/742/1474 693/325/1475 695/320/1476
f 696/743/1477 694/746/1478 695/320/1479 697/317/1480
f 698/711/1481 696/743/1482 697/317/1483 699/315/1484
f 700/790/1485 698/711/1486 699/315/1487 701/309/1488
f 702/792/1489 700/790/1490 701/309/1491 703/307/1492
f 704/939/1493 702/792/1494 703/307/1495 705/938/1496
f 706/1037/1497 707/941/1498 708/1254/1499 709/1253/1500
f 682/908/1501 710/1252/1502 151/1251/1503 171/913/1504
f 711/1355/1505 712/372/1506 713/370/1507 714/1353/1508
f 715/373/1509 716/374/1510 717/367/1511 718/369/1512
f 719/376/1513 720/375/1514 721/355/1515 722/366/1516
f 723/922/1517 720/375/1518 19/2503/1519 98/3099/1520
f 724/352/1521 725/353/1522 28/2449/1523 5/2393/1524
f 726/350/1525 724/352/1526 5/2393/1527 27/2440/1528
f 727/346/1529 728/348/1530 6/2439/1531 7/2438/1532
f 729/342/1533 730/343/1534 26/2437/1535 8/2394/1536
f 731/340/1537 729/342/1538 8/2394/1539 25/2426/1540
f 732/334/1541 733/335/1542 24/2424/1543 10/2395/1544
f 734/332/1545 732/334/1546 10/2395/1547 23/2415/1548
f 735/360/1549 11/2414/1550 20/2396/1551 736/361/1552
f 22/2413/1553 13/3285/1554 737/1097/1555 738/304/1556
f 117/3316/1557 15/3292/1558 156/1105/1559 155/1125/1560
f 739/1012/1561 740/1351/1562 714/1353/1563 713/370/1564
f 741/365/1565 742/1013/1566 718/369/1567 717/367/1568
f 743/292/1569 744/364/1570 722/366/1571 721/355/1572
f 745/918/1573 743/292/1574 721/355/1575 746/920/1576
f 747/293/1577 748/330/1578 749/354/1579 750/351/1580
f 751/323/1581 747/293/1582 750/351/1583 752/349/1584
f 753/322/1585 754/324/1586 755/347/1587 756/345/1588
f 757/294/1589 758/321/1590 759/344/1591 760/341/1592
f 761/313/1593 757/294/1594 760/341/1595 762/339/1596
f 763/295/1597 764/312/1598 765/336/1599 766/333/1600
f 767/305/1601 763/295/1602 766/333/1603 768/331/1604
f 769/302/1605 770/306/1606 771/363/1607 772/362/1608
f 773/296/1609 774/298/1610 775/300/1611 776/1096/1612
f 152/297/1613 773/296/1614 776/1096/1615 777/1122/1616
f 20/2396/1617 21/2409/1618 778/358/1619 736/361/1620
f 779/1015/1621 780/1014/1622 742/1013/1623 741/365/1624
f 781/1016/1625 782/368/1626 744/364/1627 743/292/1628
f 783/916/1629 781/1016/1630 743/292/1631 745/918/1632
f 784/328/1633 785/329/1634 748/330/1635 747/293/1636
f 786/326/1637 784/328/1638 747/293/1639 751/323/1640
f 695/320/1641 693/325/1642 754/324/1643 753/322/1644
f 787/318/1645 788/319/1646 758/321/1647 757/294/1648
f 789/316/1649 787/318/1650 757/294/1651 761/313/1652
f 790/310/1653 791/311/1654 764/312/1655 763/295/1656
f 792/308/1657 790/310/1658 763/295/1659 767/305/1660
f 705/938/1661 703/307/1662 770/306/1663 769/302/1664
f 774/298/1665 707/941/1666 793/940/1667 794/299/1668
f 708/1254/1669 707/941/1670 774/298/1671 773/296/1672
f 708/1254/1673 773/296/1674 152/297/1675 151/1251/1676
f 794/299/1677 793/940/1678 705/938/1679 769/302/1680
f 795/303/1681 796/301/1682 794/299/1683 769/302/1684
f 796/301/1685 775/300/1686 774/298/1687 794/299/1688
f 776/1096/1689 775/300/1690 796/301/1691 737/1097/1692
f 795/303/1693 738/304/1694 737/1097/1695 796/301/1696
f 21/2409/1697 29/2476/1698 797/356/1699 778/358/1700
f 798/359/1701 795/303/1702 769/302/1703 772/362/1704
f 798/359/1705 799/357/1706 738/304/1707 795/303/1708
f 12/2477/1709 22/2413/1710 738/304/1711 799/357/1712
f 735/360/1713 734/332/1714 23/2415/1715 11/2414/1716
f 770/306/1717 767/305/1718 768/331/1719 771/363/1720
f 703/307/1721 792/308/1722 767/305/1723 770/306/1724
f 703/307/1725 701/309/1726 790/310/1727 792/308/1728
f 701/309/1729 699/315/1730 791/311/1731 790/310/1732
f 764/312/1733 791/311/1734 699/315/1735 800/314/1736
f 765/336/1737 764/312/1738 800/314/1739 801/337/1740
f 24/2424/1741 733/335/1742 802/338/1743 9/2425/1744
f 802/338/1745 731/340/1746 25/2426/1747 9/2425/1748
f 800/314/1749 761/313/1750 762/339/1751 801/337/1752
f 699/315/1753 789/316/1754 761/313/1755 800/314/1756
f 699/315/1757 697/317/1758 787/318/1759 789/316/1760
f 697/317/1761 695/320/1762 788/319/1763 787/318/1764
f 758/321/1765 788/319/1766 695/320/1767 753/322/1768
f 759/344/1769 758/321/1770 753/322/1771 756/345/1772
f 26/2437/1773 730/343/1774 727/346/1775 7/2438/1776
f 728/348/1777 726/350/1778 27/2440/1779 6/2439/1780
f 754/324/1781 751/323/1782 752/349/1783 755/347/1784
f 693/325/1785 786/326/1786 751/323/1787 754/324/1788
f 693/325/1789 691/327/1790 784/328/1791 786/326/1792
f 691/327/1793 690/915/1794 785/329/1795 784/328/1796
f 748/330/1797 785/329/1798 690/915/1799 803/917/1800
f 749/354/1801 748/330/1802 803/917/1803 804/919/1804
f 28/2449/1805 725/353/1806 805/921/1807 4/3098/1808
f 771/363/1809 768/331/1810 734/332/1811 735/360/1812
f 768/331/1813 766/333/1814 732/334/1815 734/332/1816
f 766/333/1817 765/336/1818 733/335/1819 732/334/1820
f 802/338/1821 733/335/1822 765/336/1823 801/337/1824
f 801/337/1825 762/339/1826 731/340/1827 802/338/1828
f 762/339/1829 760/341/1830 729/342/1831 731/340/1832
f 760/341/1833 759/344/1834 730/343/1835 729/342/1836
f 727/346/1837 730/343/1838 759/344/1839 756/345/1840
f 756/345/1841 755/347/1842 728/348/1843 727/346/1844
f 755/347/1845 752/349/1846 726/350/1847 728/348/1848
f 752/349/1849 750/351/1850 724/352/1851 726/350/1852
f 750/351/1853 749/354/1854 725/353/1855 724/352/1856
f 805/921/1857 725/353/1858 749/354/1859 804/919/1860
f 746/920/1861 721/355/1862 720/375/1863 723/922/1864
f 29/2476/1865 12/2477/1866 799/357/1867 797/356/1868
f 778/358/1869 797/356/1870 799/357/1871 798/359/1872
f 736/361/1873 778/358/1874 798/359/1875 772/362/1876
f 735/360/1877 736/361/1878 772/362/1879 771/363/1880
f 782/368/1881 779/1015/1882 741/365/1883 744/364/1884
f 722/366/1885 744/364/1886 741/365/1887 717/367/1888
f 716/374/1889 719/376/1890 722/366/1891 717/367/1892
f 781/1016/1893 806/1018/1894 779/1015/1895 782/368/1896
f 718/369/1897 742/1013/1898 739/1012/1899 713/370/1900
f 712/372/1901 715/373/1902 718/369/1903 713/370/1904
f 1/2493/1905 16/3561/1906 677/1356/1907 676/371/1908
f 126/3564/1909 17/2495/1910 712/372/1911 711/1355/1912
f 17/2495/1913 31/2497/1914 715/373/1915 712/372/1916
f 31/2497/1917 18/2499/1918 716/374/1919 715/373/1920
f 18/2499/1921 30/2501/1922 719/376/1923 716/374/1924
f 30/2501/1925 19/2503/1926 720/375/1927 719/376/1928
f 807/962/1929 32/3149/1930 67/2735/1931 808/591/1932
f 809/958/1933 810/960/1934 811/589/1935 812/587/1936
f 813/550/1937 51/2512/1938 42/2510/1939 814/552/1940
f 815/394/1941 816/549/1942 817/551/1943 818/392/1944
f 55/2519/1945 62/2576/1946 819/562/1947 820/560/1948
f 821/592/1949 66/2727/1950 37/3133/1951 822/952/1952
f 823/610/1953 824/607/1954 825/583/1955 826/582/1956
f 49/2505/1957 875/380/1958 827/408/1959 58/2544/1960
f 827/408/1961 875/380/1962 874/378/1963 828/406/1964
f 829/1862/1965 831/404/1966 832/935/1967 830/1863/1968
f 1986/1977/1969 1985/1976/1970 835/377/1971 836/379/1972
f 1987/4233/1973 1986/1977/1974 836/379/1975 44/2508/1976
f 828/406/1977 874/378/1978 873/464/1979 837/463/1980
f 838/383/1981 839/580/1982 840/600/1983 841/594/1984
f 843/1388/1985 844/524/1986 845/525/1987 842/1387/1988
f 849/1364/1989 846/536/1990 847/539/1991 848/1394/1992
f 850/933/1993 832/935/1994 831/404/1995 851/460/1996
f 852/566/1997 54/2518/1998 56/3527/1999 853/1319/2000
f 856/1390/2001 857/528/2002 854/537/2003 855/1365/2004
f 48/2511/2005 64/2589/2006 858/556/2007 859/554/2008
f 860/456/2009 861/449/2010 862/482/2011 863/480/2012
f 866/1378/2013 867/466/2014 864/523/2015 865/1361/2016
f 869/1393/2017 870/541/2018 871/576/2019 868/1392/2020
f 835/377/2021 872/469/2022 873/464/2023 874/378/2024
f 836/379/2025 835/377/2026 874/378/2027 875/380/2028
f 49/2505/2029 44/2508/2030 836/379/2031 875/380/2032
f 1979/1971/2033 1978/1969/2034 880/1377/2035 881/1401/2036
f 882/461/2037 883/403/2038 884/407/2039 885/462/2040
f 886/409/2041 884/407/2042 883/403/2043 887/405/2044
f 45/2545/2045 886/409/2046 887/405/2047 57/2540/2048
f 888/486/2049 889/385/2050 890/381/2051 891/483/2052
f 892/382/2053 838/383/2054 893/395/2055 894/393/2056
f 895/1317/2057 896/936/2058 897/934/2059 898/1318/2060
f 899/937/2061 896/936/2062 895/1317/2063 876/1941/2064
f 133/3119/2065 899/937/2066 876/1941/2067 39/4195/2068
f 889/385/2069 900/522/2070 901/443/2071 890/381/2072
f 900/522/2073 889/385/2074 902/447/2075 903/446/2076
f 854/537/2077 857/528/2078 904/529/2079 905/538/2080
f 846/536/2081 906/543/2082 907/546/2083 847/539/2084
f 871/576/2085 870/541/2086 908/540/2087 909/445/2088
f 1969/1951/2089 928/1373/2090 912/1368/2091 1970/1953/2092
f 914/1366/2093 1972/1957/2094 1971/1955/2095 917/1371/2096
f 918/1399/2097 919/1362/2098 1976/1965/2099 1975/1963/2100
f 922/1374/2101 1977/1967/2102 1976/1965/2103 919/1362/2104
f 890/381/2105 901/443/2106 924/467/2107 892/382/2108
f 891/483/2109 890/381/2110 892/382/2111 894/393/2112
f 818/392/2113 817/551/2114 925/553/2115 926/481/2116
f 42/2510/2117 48/2511/2118 859/554/2119 814/552/2120
f 40/2728/2121 929/598/2122 930/384/2123 53/2517/2124
f 893/395/2125 838/383/2126 841/594/2127 931/595/2128
f 932/396/2129 933/547/2130 816/549/2131 815/394/2132
f 934/548/2133 52/2516/2134 51/2512/2135 813/550/2136
f 838/383/2137 892/382/2138 924/467/2139 839/580/2140
f 1984/1975/2141 872/469/2142 835/377/2143 1985/1976/2144
f 839/580/2145 936/468/2146 937/442/2147 938/581/2148
f 841/594/2149 840/600/2150 939/605/2151 940/604/2152
f 941/586/2153 942/588/2154 933/547/2155 932/396/2156
f 943/590/2157 33/2738/2158 52/2516/2159 934/548/2160
f 935/1980/2161 834/1982/2162 944/608/2163 826/582/2164
f 930/384/2165 944/608/2166 834/1982/2167 833/1984/2168
f 53/2517/2169 930/384/2170 833/1984/2171 50/4241/2172
f 945/453/2173 946/509/2174 947/487/2175 948/454/2176
f 949/577/2177 950/504/2178 951/506/2179 952/451/2180
f 952/451/2181 951/506/2182 953/510/2183 954/452/2184
f 955/564/2185 41/2577/2186 54/2518/2187 852/566/2188
f 947/487/2189 956/489/2190 957/455/2191 948/454/2192
f 958/558/2193 34/2590/2194 55/2519/2195 820/560/2196
f 959/490/2197 960/488/2198 961/414/2199 962/412/2200
f 963/511/2201 964/507/2202 965/416/2203 966/436/2204
f 964/507/2205 967/505/2206 968/418/2207 965/416/2208
f 969/459/2209 902/447/2210 889/385/2211 888/486/2212
f 970/542/2213 971/534/2214 972/517/2215 973/520/2216
f 855/1365/2217 854/537/2218 846/536/2219 849/1364/2220
f 974/410/2221 975/457/2222 976/387/2223 977/390/2224
f 978/476/2225 976/387/2226 975/457/2227 979/474/2228
f 980/411/2229 981/413/2230 982/398/2231 983/399/2232
f 984/434/2233 985/415/2234 986/388/2235 987/432/2236
f 985/415/2237 988/417/2238 989/402/2239 986/388/2240
f 990/427/2241 974/410/2242 977/390/2243 991/428/2244
f 977/390/2245 976/387/2246 992/386/2247 993/391/2248
f 994/479/2249 992/386/2250 976/387/2251 978/476/2252
f 983/399/2253 982/398/2254 995/397/2255 996/400/2256
f 987/432/2257 986/388/2258 997/389/2259 998/430/2260
f 986/388/2261 989/402/2262 999/401/2263 997/389/2264
f 991/428/2265 977/390/2266 993/391/2267 1000/429/2268
f 926/481/2269 891/483/2270 894/393/2271 818/392/2272
f 818/392/2273 894/393/2274 893/395/2275 815/394/2276
f 815/394/2277 893/395/2278 931/595/2279 932/396/2280
f 932/396/2281 931/595/2282 1001/597/2283 941/586/2284
f 812/587/2285 1002/585/2286 1003/956/2287 809/958/2288
f 1004/437/2289 961/414/2290 960/488/2291 1005/508/2292
f 1006/433/2293 982/398/2294 981/413/2295 1007/435/2296
f 1008/431/2297 995/397/2298 982/398/2299 1006/433/2300
f 1009/1856/2301 1010/423/2302 1011/422/2303 1012/1861/2304
f 1013/1860/2305 1861/1857/2306 1009/1856/2307 1012/1861/2308
f 1014/1391/2309 1015/533/2310 857/528/2311 856/1390/2312
f 1016/512/2313 902/447/2314 969/459/2315 1017/513/2316
f 845/525/2317 844/524/2318 903/446/2319 1018/448/2320
f 962/412/2321 1019/473/2322 1020/492/2323 959/490/2324
f 1021/477/2325 1022/475/2326 980/411/2327 983/399/2328
f 1023/478/2329 1021/477/2330 983/399/2331 996/400/2332
f 1024/1320/2333 125/3526/2334 35/3174/2335 1025/2012/2336
f 1026/579/2337 1027/578/2338 1028/515/2339 1029/502/2340
f 968/418/2341 967/505/2342 1030/503/2343 1031/420/2344
f 989/402/2345 988/417/2346 1032/421/2347 1033/1855/2348
f 999/401/2349 989/402/2350 1033/1855/2351 1034/1854/2352
f 1035/1395/2353 1973/1959/2354 1972/1957/2355 914/1366/2356
f 851/460/2357 831/404/2358 883/403/2359 882/461/2360
f 887/405/2361 883/403/2362 831/404/2363 829/1862/2364
f 57/2540/2365 887/405/2366 829/1862/2367 38/4073/2368
f 917/1371/2369 1971/1955/2370 1970/1953/2371 912/1368/2372
f 885/462/2373 884/407/2374 828/406/2375 837/463/2376
f 827/408/2377 828/406/2378 884/407/2379 886/409/2380
f 58/2544/2381 827/408/2382 886/409/2383 45/2545/2384
f 1026/579/2385 1029/502/2386 950/504/2387 949/577/2388
f 1037/419/2389 1038/987/2390 46/3171/2391 61/2557/2392
f 1039/955/2393 1040/1525/2394 1041/1535/2395 1042/957/2396
f 1043/924/2397 1040/923/2398 1039/950/2399 1044/953/2400
f 60/2762/2401 1043/924/2402 1044/953/2403 105/3132/2404
f 990/427/2405 1045/439/2406 1046/440/2407 974/410/2408
f 1047/458/2409 975/457/2410 974/410/2411 1046/440/2412
f 980/411/2413 1022/475/2414 1019/473/2415 962/412/2416
f 961/414/2417 981/413/2418 980/411/2419 962/412/2420
f 1007/435/2421 981/413/2422 961/414/2423 1004/437/2424
f 965/416/2425 985/415/2426 984/434/2427 966/436/2428
f 968/418/2429 988/417/2430 985/415/2431 965/416/2432
f 988/417/2433 968/418/2434 1031/420/2435 1032/421/2436
f 970/542/2437 973/520/2438 1048/568/2439 1049/573/2440
f 1050/444/2441 1051/450/2442 1052/567/2443 1037/419/2444
f 1050/444/2445 1037/419/2446 61/2557/2447 36/2585/2448
f 1053/424/2449 1054/501/2450 1055/500/2451 1056/425/2452
f 1030/503/2453 1054/501/2454 1053/424/2455 1031/420/2456
f 1010/423/2457 1032/421/2458 1031/420/2459 1053/424/2460
f 1033/1855/2461 1032/421/2462 1010/423/2463 1009/1856/2464
f 1055/500/2465 1057/499/2466 1058/438/2467 1056/425/2468
f 1011/422/2469 1056/425/2470 1058/438/2471 1059/426/2472
f 1011/422/2473 1059/426/2474 1060/1858/2475 1012/1861/2476
f 1011/422/2477 1010/423/2478 1053/424/2479 1056/425/2480
f 1059/426/2481 1058/438/2482 1045/439/2483 990/427/2484
f 1059/426/2485 990/427/2486 991/428/2487 1060/1858/2488
f 1862/1859/2489 1060/1858/2490 991/428/2491 1000/429/2492
f 998/430/2493 1008/431/2494 1006/433/2495 987/432/2496
f 987/432/2497 1006/433/2498 1007/435/2499 984/434/2500
f 984/434/2501 1007/435/2502 1004/437/2503 966/436/2504
f 966/436/2505 1004/437/2506 1005/508/2507 963/511/2508
f 954/452/2509 953/510/2510 946/509/2511 945/453/2512
f 62/2576/2513 41/2577/2514 955/564/2515 819/562/2516
f 1061/498/2517 1045/439/2518 1058/438/2519 1057/499/2520
f 1062/497/2521 1046/440/2522 1045/439/2523 1061/498/2524
f 1063/496/2525 1047/458/2526 1046/440/2527 1062/497/2528
f 901/443/2529 867/466/2530 1064/465/2531 924/467/2532
f 1969/1951/2533 1968/1949/2534 1066/1383/2535 928/1373/2536
f 1966/441/2537 937/442/2538 936/468/2539 1068/4506/2540
f 1067/4505/2541 936/468/2542 1064/465/2543 1069/1379/2544
f 900/522/2545 864/523/2546 867/466/2547 901/443/2548
f 1050/444/2549 36/2585/2550 63/3110/2551 1070/930/2552
f 1070/930/2553 909/445/2554 1051/450/2555 1050/444/2556
f 909/445/2557 908/540/2558 1071/569/2559 1051/450/2560
f 1071/569/2561 908/540/2562 907/546/2563 1072/545/2564
f 1073/530/2565 1018/448/2566 1016/512/2567 1074/521/2568
f 903/446/2569 902/447/2570 1016/512/2571 1018/448/2572
f 1075/485/2573 1076/484/2574 862/482/2575 861/449/2576
f 1017/513/2577 969/459/2578 1077/495/2579 1078/514/2580
f 1075/485/2581 861/449/2582 956/489/2583 1079/491/2584
f 957/455/2585 956/489/2586 861/449/2587 860/456/2588
f 64/2589/2589 34/2590/2590 958/558/2591 858/556/2592
f 1051/450/2593 1071/569/2594 1080/572/2595 1052/567/2596
f 1081/1322/2597 949/577/2598 952/451/2599 1082/565/2600
f 1082/565/2601 952/451/2602 954/452/2603 1083/563/2604
f 1083/563/2605 954/452/2606 945/453/2607 1084/561/2608
f 1084/561/2609 945/453/2610 948/454/2611 1085/559/2612
f 1085/559/2613 948/454/2614 957/455/2615 1086/557/2616
f 1086/557/2617 957/455/2618 860/456/2619 1087/555/2620
f 1087/555/2621 860/456/2622 863/480/2623 925/553/2624
f 972/517/2625 1074/521/2626 1016/512/2627 1088/518/2628
f 1089/472/2629 979/474/2630 975/457/2631 1047/458/2632
f 1090/494/2633 1089/472/2634 1047/458/2635 1063/496/2636
f 969/459/2637 888/486/2638 1091/493/2639 1077/495/2640
f 1978/1969/2641 1977/1967/2642 922/1374/2643 880/1377/2644
f 897/934/2645 921/1962/2646 920/1964/2647 898/1318/2648
f 851/460/2649 1036/1958/2650 1092/1960/2651 850/933/2652
f 1036/1958/2653 851/460/2654 882/461/2655 915/1956/2656
f 915/1956/2657 882/461/2658 885/462/2659 916/1954/2660
f 916/1954/2661 885/462/2662 837/463/2663 913/1952/2664
f 873/464/2665 927/1950/2666 913/1952/2667 837/463/2668
f 872/469/2669 1065/1948/2670 927/1950/2671 873/464/2672
f 1069/1379/2673 1064/465/2674 867/466/2675 866/1378/2676
f 839/580/2677 924/467/2678 1064/465/2679 936/468/2680
f 1968/1949/2681 1967/1947/2682 1094/470/2683 1066/1383/2684
f 1984/1975/2685 1093/1974/2686 1065/1948/2687 872/469/2688
f 1094/470/2689 1967/1947/2690 1966/1946/2691 1068/471/2692
f 888/486/2693 1075/485/2694 1079/491/2695 1091/493/2696
f 1090/494/2697 1020/492/2698 1019/473/2699 1089/472/2700
f 1089/472/2701 1019/473/2702 1022/475/2703 979/474/2704
f 979/474/2705 1022/475/2706 1021/477/2707 978/476/2708
f 978/476/2709 1021/477/2710 1023/478/2711 994/479/2712
f 925/553/2713 863/480/2714 862/482/2715 926/481/2716
f 926/481/2717 862/482/2718 1076/484/2719 891/483/2720
f 891/483/2721 1076/484/2722 1075/485/2723 888/486/2724
f 1005/508/2725 960/488/2726 947/487/2727 946/509/2728
f 956/489/2729 947/487/2730 960/488/2731 959/490/2732
f 1020/492/2733 1079/491/2734 956/489/2735 959/490/2736
f 1091/493/2737 1079/491/2738 1020/492/2739 1090/494/2740
f 1091/493/2741 1090/494/2742 1063/496/2743 1077/495/2744
f 1077/495/2745 1063/496/2746 1062/497/2747 1078/514/2748
f 1078/514/2749 1062/497/2750 1061/498/2751 1088/518/2752
f 1088/518/2753 1061/498/2754 1057/499/2755 1095/519/2756
f 1096/516/2757 1095/519/2758 1057/499/2759 1055/500/2760
f 1054/501/2761 1028/515/2762 1096/516/2763 1055/500/2764
f 1029/502/2765 1028/515/2766 1054/501/2767 1030/503/2768
f 967/505/2769 950/504/2770 1029/502/2771 1030/503/2772
f 951/506/2773 950/504/2774 967/505/2775 964/507/2776
f 953/510/2777 951/506/2778 964/507/2779 963/511/2780
f 1005/508/2781 946/509/2782 953/510/2783 963/511/2784
f 1097/532/2785 845/525/2786 1018/448/2787 1073/530/2788
f 1088/518/2789 1016/512/2790 1017/513/2791 1078/514/2792
f 1101/986/2793 1098/575/2794 1099/571/2795 1100/985/2796
f 1027/578/2797 1099/571/2798 1102/570/2799 1028/515/2800
f 1100/985/2801 1099/571/2802 1027/578/2803 1103/1325/2804
f 1048/568/2805 1096/516/2806 1028/515/2807 1102/570/2808
f 973/520/2809 1095/519/2810 1096/516/2811 1048/568/2812
f 972/517/2813 1088/518/2814 1095/519/2815 973/520/2816
f 1104/535/2817 905/538/2818 904/529/2819 1105/527/2820
f 1104/535/2821 1105/527/2822 1106/526/2823 971/534/2824
f 1107/531/2825 1073/530/2826 1074/521/2827 1106/526/2828
f 972/517/2829 971/534/2830 1106/526/2831 1074/521/2832
f 864/523/2833 900/522/2834 903/446/2835 844/524/2836
f 865/1361/2837 864/523/2838 844/524/2839 843/1388/2840
f 842/1387/2841 845/525/2842 1097/532/2843 1108/1389/2844
f 1106/526/2845 1105/527/2846 904/529/2847 1107/531/2848
f 857/528/2849 1015/533/2850 1107/531/2851 904/529/2852
f 1015/533/2853 1097/532/2854 1073/530/2855 1107/531/2856
f 1108/1389/2857 1097/532/2858 1015/533/2859 1014/1391/2860
f 1109/544/2861 1104/535/2862 971/534/2863 970/542/2864
f 906/543/2865 905/538/2866 1104/535/2867 1109/544/2868
f 846/536/2869 854/537/2870 905/538/2871 906/543/2872
f 848/1394/2873 847/539/2874 870/541/2875 869/1393/2876
f 847/539/2877 907/546/2878 908/540/2879 870/541/2880
f 970/542/2881 1049/573/2882 1072/545/2883 1109/544/2884
f 906/543/2885 1109/544/2886 1072/545/2887 907/546/2888
f 810/960/2889 807/962/2890 808/591/2891 811/589/2892
f 942/588/2893 943/590/2894 934/548/2895 933/547/2896
f 933/547/2897 934/548/2898 813/550/2899 816/549/2900
f 816/549/2901 813/550/2902 814/552/2903 817/551/2904
f 859/554/2905 925/553/2906 817/551/2907 814/552/2908
f 858/556/2909 1087/555/2910 925/553/2911 859/554/2912
f 958/558/2913 1086/557/2914 1087/555/2915 858/556/2916
f 1086/557/2917 958/558/2918 820/560/2919 1085/559/2920
f 819/562/2921 1084/561/2922 1085/559/2923 820/560/2924
f 955/564/2925 1083/563/2926 1084/561/2927 819/562/2928
f 1083/563/2929 955/564/2930 852/566/2931 1082/565/2932
f 1082/565/2933 852/566/2934 853/1319/2935 1081/1322/2936
f 1052/567/2937 1080/572/2938 1098/575/2939 1101/986/2940
f 1038/987/2941 1037/419/2942 1052/567/2943 1101/986/2944
f 1049/573/2945 1048/568/2946 1102/570/2947 1110/574/2948
f 1049/573/2949 1080/572/2950 1071/569/2951 1072/545/2952
f 1110/574/2953 1102/570/2954 1099/571/2955 1098/575/2956
f 1080/572/2957 1049/573/2958 1110/574/2959 1098/575/2960
f 1111/932/2961 871/576/2962 909/445/2963 1070/930/2964
f 868/1392/2965 871/576/2966 1111/932/2967 1112/4163/2968
f 1113/1324/2969 1114/1323/2970 1024/1320/2971 1025/2012/2972
f 1115/1321/2973 1026/579/2974 949/577/2975 1081/1322/2976
f 1103/1325/2977 1027/578/2978 1026/579/2979 1115/1321/2980
f 839/580/2981 938/581/2982 825/601/2983 840/600/2984
f 935/1980/2985 826/582/2986 825/583/2987 938/1978/2988
f 1116/584/2989 1117/954/2990 1003/956/2991 1002/585/2992
f 1118/599/2993 929/598/2994 821/592/2995 1116/593/2996
f 929/598/2997 40/2728/2998 66/2727/2999 821/592/3000
f 1118/596/3001 1116/584/3002 1002/585/3003 1001/597/3004
f 941/586/3005 1001/597/3006 1002/585/3007 812/587/3008
f 811/589/3009 942/588/3010 941/586/3011 812/587/3012
f 808/591/3013 943/590/3014 942/588/3015 811/589/3016
f 67/2735/3017 33/2738/3018 943/590/3019 808/591/3020
f 821/592/3021 822/952/3022 1117/951/3023 1116/593/3024
f 841/594/3025 940/604/3026 1001/597/3027 931/595/3028
f 1119/603/3029 1118/596/3030 1001/597/3031 940/604/3032
f 944/608/3033 930/384/3034 929/598/3035 1120/609/3036
f 929/598/3037 1118/599/3038 1119/606/3039 1120/609/3040
f 840/600/3041 825/601/3042 824/602/3043 939/605/3044
f 824/602/3045 1119/603/3046 940/604/3047 939/605/3048
f 1120/609/3049 1119/606/3050 824/607/3051 823/610/3052
f 944/608/3053 1120/609/3054 823/610/3055 826/582/3056
f 1121/1009/3057 1122/1542/3058 1123/1545/3059 1124/1007/3060
f 1125/613/3061 1126/611/3062 1127/612/3063 1040/923/3064
f 1128/1146/3065 1129/1145/3066 1125/613/3067 1040/923/3068
f 121/3335/3069 1130/1142/3070 1043/924/3071 60/2762/3072
f 1131/825/3073 1132/1768/3074 1133/1766/3075 1134/672/3076
f 1135/705/3077 1136/704/3078 1137/701/3079 1138/646/3080
f 1139/808/3081 1140/832/3082 1141/831/3083 1142/805/3084
f 1143/738/3085 1144/737/3086 1145/733/3087 1146/653/3088
f 1147/770/3089 1148/769/3090 1149/767/3091 1150/766/3092
f 1151/1655/3093 1152/639/3094 1153/2030/3095 1154/1656/3096
f 1155/674/3097 1156/897/3098 1157/895/3099 1158/876/3100
f 1159/648/3101 1160/615/3102 1161/617/3103 1162/649/3104
f 1163/616/3105 1164/622/3106 1165/624/3107 1166/618/3108
f 1167/1777/3109 1168/1778/3110 1169/838/3111 1170/846/3112
f 1171/1781/3113 1172/1782/3114 1173/644/3115 1174/839/3116
f 1175/651/3117 1176/645/3118 1177/1784/3119 1178/1786/3120
f 1179/619/3121 1180/652/3122 1181/1788/3123 1182/1790/3124
f 1183/626/3125 1184/620/3126 1185/1792/3127 1186/1794/3128
f 1174/839/3129 1173/644/3130 1187/702/3131 1188/703/3132
f 1189/734/3133 1190/736/3134 1176/645/3135 1175/651/3136
f 1149/767/3137 1148/769/3138 1180/652/3139 1179/619/3140
f 1191/629/3141 1192/630/3142 1193/621/3143 1194/768/3144
f 1195/631/3145 1196/638/3146 1197/1021/3147 1198/1023/3148
f 1199/614/3149 71/2763/3150 69/3078/3151 1200/902/3152
f 1201/623/3153 1202/632/3154 1203/633/3155 1204/625/3156
f 93/2094/3157 71/2763/3158 1199/614/3159 1205/2095/3160
f 1199/614/3161 1200/902/3162 1206/1537/3163 1207/2038/3164
f 3141/2792/3165 3184/4013/3166 3948/4307/3167 3173/4306/3168
f 1212/1773/3169 1213/1181/3170 1214/842/3171 1215/1775/3172
f 1193/621/3173 1192/630/3174 1216/1022/3175 1217/664/3176
f 1218/713/3177 1219/747/3178 1220/748/3179 1221/715/3180
f 1222/730/3181 1143/738/3182 1146/653/3183 1223/666/3184
f 1224/698/3185 1135/705/3186 1138/646/3187 1225/668/3188
f 1226/806/3189 1141/831/3190 1227/855/3191 1228/847/3192
f 1229/812/3193 1230/811/3194 1231/794/3195 1232/670/3196
f 1191/629/3197 1194/768/3198 1184/620/3199 1183/626/3200
f 1233/635/3201 1234/637/3202 1235/628/3203 1236/627/3204
f 1237/1798/3205 1233/635/3206 1236/627/3207 1238/1796/3208
f 1152/639/3209 1239/636/3210 1240/2031/3211 1153/2030/3212
f 1234/637/3213 1196/638/3214 1195/631/3215 1235/628/3216
f 1205/2095/3217 1199/614/3218 1207/2038/3219 1243/2096/3220
f 70/2847/3221 75/2818/3222 1244/898/3223 1245/676/3224
f 1246/863/3225 1131/825/3226 1134/672/3227 1247/862/3228
f 80/2810/3229 77/2769/3230 1160/615/3231 1159/648/3232
f 1164/622/3233 1163/616/3234 72/2768/3235 78/2778/3236
f 1202/632/3237 1201/623/3238 73/2777/3239 79/2789/3240
f 74/2093/3241 3138/2791/3242 3135/2765/3243 93/2094/3244
f 1161/617/3245 1248/1791/3246 1249/1789/3247 1162/649/3248
f 1250/1795/3249 1251/1793/3250 1166/618/3251 1165/624/3252
f 1203/633/3253 1252/1799/3254 1253/1797/3255 1204/625/3256
f 1257/826/3257 1258/1772/3258 1259/1774/3259 1260/845/3260
f 2021/2033/3261 1240/2031/3262 1239/636/3263 1261/634/3264
f 1262/1800/3265 2022/2035/3266 2021/2033/3267 1261/634/3268
f 1163/616/3269 1160/615/3270 77/2769/3271 72/2768/3272
f 1160/615/3273 1163/616/3274 1166/618/3275 1161/617/3276
f 1251/1793/3277 1248/1791/3278 1161/617/3279 1166/618/3280
f 1184/620/3281 1179/619/3282 1182/1790/3283 1185/1792/3284
f 1194/768/3285 1149/767/3286 1179/619/3287 1184/620/3288
f 1263/764/3289 1264/765/3290 1194/768/3291 1193/621/3292
f 1263/764/3293 1193/621/3294 1217/664/3295 1265/761/3296
f 1201/623/3297 1164/622/3298 78/2778/3299 73/2777/3300
f 1164/622/3301 1201/623/3302 1204/625/3303 1165/624/3304
f 1253/1797/3305 1250/1795/3306 1165/624/3307 1204/625/3308
f 1236/627/3309 1183/626/3310 1186/1794/3311 1238/1796/3312
f 1235/628/3313 1191/629/3314 1183/626/3315 1236/627/3316
f 1235/628/3317 1195/631/3318 1192/630/3319 1191/629/3320
f 1192/630/3321 1195/631/3322 1198/1023/3323 1216/1022/3324
f 1153/2030/3325 1241/2032/3326 1266/1657/3327 1154/1656/3328
f 1208/2098/3329 1202/632/3330 79/2789/3331 74/2093/3332
f 1202/632/3333 1208/2098/3334 1211/2097/3335 1203/633/3336
f 1211/2097/3337 1254/1801/3338 1252/1799/3339 1203/633/3340
f 1262/1800/3341 1261/634/3342 1233/635/3343 1237/1798/3344
f 1261/634/3345 1239/636/3346 1234/637/3347 1233/635/3348
f 1239/636/3349 1152/639/3350 1196/638/3351 1234/637/3352
f 1196/638/3353 1152/639/3354 1151/1655/3355 1197/1021/3356
f 1267/650/3357 1268/1787/3358 1269/1785/3359 1270/642/3360
f 1271/641/3361 1272/647/3362 1267/650/3363 1270/642/3364
f 81/2801/3365 85/2809/3366 1272/647/3367 1271/641/3368
f 1273/1780/3369 1274/836/3370 1275/643/3371 1276/1783/3372
f 1277/834/3373 1278/640/3374 1275/643/3375 1274/836/3376
f 82/3000/3377 84/2800/3378 1278/640/3379 1277/834/3380
f 1279/1779/3381 1280/1776/3382 1281/843/3383 1282/835/3384
f 1283/841/3385 1284/833/3386 1282/835/3387 1281/843/3388
f 83/3009/3389 94/2999/3390 1284/833/3391 1283/841/3392
f 1285/1184/3393 1286/840/3394 1214/842/3395 1213/1181/3396
f 95/3010/3397 1286/840/3398 1285/1184/3399 122/3384/3400
f 84/2800/3401 81/2801/3402 1271/641/3403 1278/640/3404
f 1278/640/3405 1271/641/3406 1270/642/3407 1275/643/3408
f 1270/642/3409 1269/1785/3410 1276/1783/3411 1275/643/3412
f 1173/644/3413 1172/1782/3414 1177/1784/3415 1176/645/3416
f 1187/702/3417 1173/644/3418 1176/645/3419 1190/736/3420
f 1138/646/3421 1137/701/3422 1287/700/3423 1288/686/3424
f 1138/646/3425 1288/686/3426 1289/687/3427 1225/668/3428
f 85/2809/3429 80/2810/3430 1159/648/3431 1272/647/3432
f 1272/647/3433 1159/648/3434 1162/649/3435 1267/650/3436
f 1162/649/3437 1249/1789/3438 1268/1787/3439 1267/650/3440
f 1180/652/3441 1175/651/3442 1178/1786/3443 1181/1788/3444
f 1148/769/3445 1189/734/3446 1175/651/3447 1180/652/3448
f 1146/653/3449 1145/733/3450 1290/732/3451 1291/712/3452
f 1146/653/3453 1291/712/3454 1292/714/3455 1223/666/3456
f 1188/703/3457 1293/706/3458 1294/787/3459 1295/793/3460
f 1296/786/3461 1294/787/3462 1293/706/3463 1297/699/3464
f 1298/823/3465 1229/812/3466 1232/670/3467 1299/821/3468
f 1300/827/3469 1301/809/3470 1229/812/3471 1298/823/3472
f 1302/1771/3473 1258/1772/3474 1257/826/3475 1303/828/3476
f 1131/825/3477 1246/863/3478 1304/865/3479 1212/1773/3480
f 1305/1178/3481 1306/893/3482 1285/1184/3483 1307/1180/3484
f 87/3070/3485 1308/900/3486 1244/898/3487 75/2818/3488
f 1309/844/3489 1301/809/3490 1257/826/3491 1260/845/3492
f 1310/1185/3493 1311/896/3494 1308/900/3495 1312/899/3496
f 1244/898/3497 1156/897/3498 1155/674/3499 1245/676/3500
f 1313/759/3501 1314/665/3502 1315/657/3503 1316/757/3504
f 1317/667/3505 1318/717/3506 1319/716/3507 1320/659/3508
f 1321/669/3509 1322/689/3510 1323/688/3511 1324/658/3512
f 1325/784/3513 1326/697/3514 1327/695/3515 1328/781/3516
f 1329/671/3517 1330/796/3518 1331/795/3519 1332/654/3520
f 1333/673/3521 1334/1764/3522 1335/1762/3523 1336/655/3524
f 1337/656/3525 1338/675/3526 1339/878/3527 1340/877/3528
f 1341/718/3529 1342/750/3530 1343/749/3531 1344/719/3532
f 1345/819/3533 1329/671/3534 1332/654/3535 1346/817/3536
f 1347/861/3537 1333/673/3538 1336/655/3539 1348/859/3540
f 1349/1171/3541 1338/675/3542 1337/656/3543 1350/1172/3544
f 1314/665/3545 1351/1025/3546 1352/1024/3547 1315/657/3548
f 1353/696/3549 1321/669/3550 1324/658/3551 1354/694/3552
f 1355/728/3553 1317/667/3554 1320/659/3555 1356/726/3556
f 1357/801/3557 1358/803/3558 1359/850/3559 1360/849/3560
f 1316/755/3561 1315/661/3562 1361/772/3563 1362/771/3564
f 1320/663/3565 1319/720/3566 1363/740/3567 1364/677/3568
f 1324/662/3569 1323/690/3570 1365/708/3571 1366/678/3572
f 1328/779/3573 1327/691/3574 1367/789/3575 1368/788/3576
f 1332/660/3577 1331/797/3578 1369/798/3579 1370/867/3580
f 1336/871/3581 1335/1759/3582 1371/1758/3583 1372/911/3584
f 1373/995/3585 1337/682/3586 1340/879/3587 1374/967/3588
f 1344/721/3589 1343/751/3590 1375/752/3591 1376/741/3592
f 1346/815/3593 1332/660/3594 1370/867/3595 1377/866/3596
f 1378/872/3597 1372/911/3598 1379/1192/3599 1380/1189/3600
f 1315/661/3601 1352/1031/3602 1381/1030/3603 1361/772/3604
f 1354/692/3605 1324/662/3606 1366/678/3607 1382/693/3608
f 1356/723/3609 1320/663/3610 1364/677/3611 1383/724/3612
f 1384/1039/3613 1357/800/3614 1360/853/3615 1385/1040/3616
f 1217/664/3617 1216/1022/3618 1351/1025/3619 1314/665/3620
f 1265/761/3621 1217/664/3622 1314/665/3623 1313/759/3624
f 1221/715/3625 1220/748/3626 1342/750/3627 1341/718/3628
f 1223/666/3629 1292/714/3630 1318/717/3631 1317/667/3632
f 1222/730/3633 1223/666/3634 1317/667/3635 1355/728/3636
f 1225/668/3637 1289/687/3638 1322/689/3639 1321/669/3640
f 1224/698/3641 1225/668/3642 1321/669/3643 1353/696/3644
f 1325/784/3645 1296/786/3646 1297/699/3647 1326/697/3648
f 1358/803/3649 1226/806/3650 1228/847/3651 1359/850/3652
f 1232/670/3653 1231/794/3654 1330/796/3655 1329/671/3656
f 1299/821/3657 1232/670/3658 1329/671/3659 1345/819/3660
f 1134/672/3661 1133/1766/3662 1334/1764/3663 1333/673/3664
f 1247/862/3665 1134/672/3666 1333/673/3667 1347/861/3668
f 1338/675/3669 1155/674/3670 1158/876/3671 1339/878/3672
f 1245/676/3673 1155/674/3674 1338/675/3675 1349/1171/3676
f 1386/1170/3677 70/2847/3678 1245/676/3679 1349/1171/3680
f 1387/1269/3681 395/679/3682 1388/909/3683 1389/1271/3684
f 1361/772/3685 1381/1030/3686 1390/1017/3687 689/773/3688
f 1391/774/3689 689/773/3690 688/776/3691 1392/753/3692
f 1376/741/3693 1375/752/3694 1393/775/3695 692/742/3696
f 1364/677/3697 1363/740/3698 1394/739/3699 1395/745/3700
f 1383/724/3701 1364/677/3702 1395/745/3703 1396/744/3704
f 1366/678/3705 1365/708/3706 1397/707/3707 1398/710/3708
f 1382/693/3709 1366/678/3710 1398/710/3711 1399/709/3712
f 1400/791/3713 700/790/3714 702/792/3715 1401/777/3716
f 1370/867/3717 1369/798/3718 1402/1250/3719 684/868/3720
f 1403/869/3721 684/868/3722 683/912/3723 1404/813/3724
f 1388/909/3725 395/679/3726 396/680/3727 399/681/3728
f 1388/909/3729 399/681/3730 401/901/3731 1405/910/3732
f 1406/1350/3733 686/1358/3734 1122/1542/3735 1121/1009/3736
f 1407/1169/3737 1350/1168/3738 1337/682/3739 1373/995/3740
f 70/2847/3741 1386/1170/3742 1408/1173/3743 88/683/3744
f 115/684/3745 111/1164/3746 1409/1163/3747 1410/685/3748
f 1410/685/3749 1409/1163/3750 1411/1069/3751 1412/914/3752
f 113/1092/3753 3347/1081/3754 3445/929/3755 108/1000/3756
f 109/926/3757 3443/927/3758 3343/1077/3759 132/1071/3760
f 3141/2792/3761 3173/4306/3762 3135/2765/3763 3138/2791/3764
f 1243/2096/3765 2024/2040/3766 1254/1801/3767 1211/2097/3768
f 2024/2040/3769 2023/2037/3770 1254/1801/3771
f 1188/703/3772 1187/702/3773 1137/701/3774 1136/704/3775
f 1288/686/3776 1287/700/3777 1190/736/3778 1419/735/3779
f 1289/687/3780 1288/686/3781 1419/735/3782 1420/731/3783
f 1322/689/3784 1289/687/3785 1420/731/3786 1421/729/3787
f 1323/688/3788 1322/689/3789 1421/729/3790 1422/727/3791
f 1365/708/3792 1323/690/3793 1422/722/3794 1423/725/3795
f 1398/710/3796 1397/707/3797 696/743/3798 698/711/3799
f 1367/789/3800 1382/693/3801 1399/709/3802 700/790/3803
f 1327/691/3804 1354/692/3805 1382/693/3806 1367/789/3807
f 1326/697/3808 1353/696/3809 1354/694/3810 1327/695/3811
f 1297/699/3812 1224/698/3813 1353/696/3814 1326/697/3815
f 1293/706/3816 1135/705/3817 1224/698/3818 1297/699/3819
f 1287/700/3820 1137/701/3821 1187/702/3822 1190/736/3823
f 1188/703/3824 1136/704/3825 1135/705/3826 1293/706/3827
f 1397/707/3828 1365/708/3829 1423/725/3830 696/743/3831
f 700/790/3832 1399/709/3833 1398/710/3834 698/711/3835
f 1144/737/3836 1190/736/3837 1189/734/3838 1145/733/3839
f 1291/712/3840 1290/732/3841 1148/769/3842 1218/713/3843
f 1292/714/3844 1291/712/3845 1218/713/3846 1221/715/3847
f 1318/717/3848 1292/714/3849 1221/715/3850 1341/718/3851
f 1319/716/3852 1318/717/3853 1341/718/3854 1344/719/3855
f 1363/740/3856 1319/720/3857 1344/721/3858 1376/741/3859
f 1395/745/3860 1394/739/3861 692/742/3862 694/746/3863
f 1423/725/3864 1383/724/3865 1396/744/3866 696/743/3867
f 1422/722/3868 1356/723/3869 1383/724/3870 1423/725/3871
f 1421/729/3872 1355/728/3873 1356/726/3874 1422/727/3875
f 1420/731/3876 1222/730/3877 1355/728/3878 1421/729/3879
f 1419/735/3880 1143/738/3881 1222/730/3882 1420/731/3883
f 1290/732/3884 1145/733/3885 1189/734/3886 1148/769/3887
f 1419/735/3888 1190/736/3889 1144/737/3890 1143/738/3891
f 1394/739/3892 1363/740/3893 1376/741/3894 692/742/3895
f 696/743/3896 1396/744/3897 1395/745/3898 694/746/3899
f 1219/747/3900 1147/770/3901 1150/766/3902 1424/763/3903
f 1220/748/3904 1219/747/3905 1424/763/3906 1425/762/3907
f 1342/750/3908 1220/748/3909 1425/762/3910 1426/760/3911
f 1343/749/3912 1342/750/3913 1426/760/3914 1427/758/3915
f 1375/752/3916 1343/751/3917 1427/754/3918 1428/756/3919
f 1392/753/3920 1393/775/3921 1375/752/3922 1428/756/3923
f 1428/756/3924 1362/771/3925 1391/774/3926 1392/753/3927
f 1427/754/3928 1316/755/3929 1362/771/3930 1428/756/3931
f 1426/760/3932 1313/759/3933 1316/757/3934 1427/758/3935
f 1425/762/3936 1265/761/3937 1313/759/3938 1426/760/3939
f 1424/763/3940 1263/764/3941 1265/761/3942 1425/762/3943
f 1424/763/3944 1150/766/3945 1264/765/3946 1263/764/3947
f 1264/765/3948 1150/766/3949 1149/767/3950 1194/768/3951
f 1218/713/3952 1148/769/3953 1147/770/3954 1219/747/3955
f 1362/771/3956 1361/772/3957 689/773/3958 1391/774/3959
f 692/742/3960 1393/775/3961 1392/753/3962 688/776/3963
f 1429/848/3964 1430/858/3965 1431/830/3966 1432/785/3967
f 1433/851/3968 1429/848/3969 1432/785/3970 1434/783/3971
f 1435/852/3972 1433/851/3973 1434/783/3974 1436/782/3975
f 1437/942/3976 1435/854/3977 1436/778/3978 1438/780/3979
f 1401/777/3980 1439/943/3981 1437/942/3982 1438/780/3983
f 1438/780/3984 1368/788/3985 1400/791/3986 1401/777/3987
f 1436/778/3988 1328/779/3989 1368/788/3990 1438/780/3991
f 1434/783/3992 1325/784/3993 1328/781/3994 1436/782/3995
f 1434/783/3996 1432/785/3997 1296/786/3998 1325/784/3999
f 1432/785/4000 1431/830/4001 1294/787/4002 1296/786/4003
f 1440/829/4004 1295/793/4005 1294/787/4006 1431/830/4007
f 1368/788/4008 1367/789/4009 700/790/4010 1400/791/4011
f 704/939/4012 1439/943/4013 1401/777/4014 702/792/4015
f 1440/829/4016 1441/837/4017 1188/703/4018 1295/793/4019
f 1230/811/4020 1142/805/4021 1442/807/4022 1231/794/4023
f 1330/796/4024 1231/794/4025 1442/807/4026 1443/804/4027
f 1331/795/4028 1330/796/4029 1443/804/4030 1444/802/4031
f 1369/798/4032 1331/797/4033 1444/799/4034 1445/1038/4035
f 1402/1250/4036 1369/798/4037 1445/1038/4038 706/1037/4039
f 1444/799/4040 1357/800/4041 1384/1039/4042 1445/1038/4043
f 1443/804/4044 1358/803/4045 1357/801/4046 1444/802/4047
f 1442/807/4048 1226/806/4049 1358/803/4050 1443/804/4051
f 1142/805/4052 1141/831/4053 1226/806/4054 1442/807/4055
f 1139/808/4056 1142/805/4057 1230/811/4058 1446/810/4059
f 1309/844/4060 1139/808/4061 1446/810/4062 1301/809/4063
f 1447/856/4064 1441/837/4065 1440/829/4066 1448/857/4067
f 1447/856/4068 1140/832/4069 1139/808/4070 1309/844/4071
f 1301/809/4072 1446/810/4073 1230/811/4074 1229/812/4075
f 1449/1769/4076 1302/1771/4077 1303/828/4078 1450/824/4079
f 1451/1767/4080 1449/1769/4081 1450/824/4082 1452/822/4083
f 1453/1765/4084 1451/1767/4085 1452/822/4086 1454/820/4087
f 1455/1763/4088 1453/1765/4089 1454/820/4090 1456/818/4091
f 1457/1761/4092 1455/1760/4093 1456/814/4094 1458/816/4095
f 1404/813/4096 1459/1756/4097 1457/1761/4098 1458/816/4099
f 1458/816/4100 1377/866/4101 1403/869/4102 1404/813/4103
f 1456/814/4104 1346/815/4105 1377/866/4106 1458/816/4107
f 1454/820/4108 1345/819/4109 1346/817/4110 1456/818/4111
f 1452/822/4112 1299/821/4113 1345/819/4114 1454/820/4115
f 1450/824/4116 1298/823/4117 1299/821/4118 1452/822/4119
f 1303/828/4120 1300/827/4121 1298/823/4122 1450/824/4123
f 1131/825/4124 1212/1773/4125 1460/1770/4126 1132/1768/4127
f 1257/826/4128 1301/809/4129 1300/827/4130 1303/828/4131
f 1170/846/4132 1169/838/4133 1441/837/4134 1447/856/4135
f 1430/858/4136 1448/857/4137 1440/829/4138 1431/830/4139
f 1447/856/4140 1227/855/4141 1141/831/4142 1140/832/4143
f 94/2999/4144 82/3000/4145 1277/834/4146 1284/833/4147
f 1282/835/4148 1284/833/4149 1277/834/4150 1274/836/4151
f 1273/1780/4152 1279/1779/4153 1282/835/4154 1274/836/4155
f 1169/838/4156 1168/1778/4157 1171/1781/4158 1174/839/4159
f 1441/837/4160 1169/838/4161 1174/839/4162 1188/703/4163
f 83/3009/4164 1283/841/4165 1286/840/4166 95/3010/4167
f 1214/842/4168 1286/840/4169 1283/841/4170 1281/843/4171
f 1215/1775/4172 1214/842/4173 1281/843/4174 1280/1776/4175
f 1260/845/4176 1259/1774/4177 1167/1777/4178 1170/846/4179
f 1309/844/4180 1260/845/4181 1170/846/4182 1447/856/4183
f 1228/847/4184 1227/855/4185 1430/858/4186 1429/848/4187
f 1359/850/4188 1228/847/4189 1429/848/4190 1433/851/4191
f 1360/849/4192 1359/850/4193 1433/851/4194 1435/852/4195
f 1385/1040/4196 1360/853/4197 1435/854/4198 1437/942/4199
f 1227/855/4200 1447/856/4201 1448/857/4202 1430/858/4203
f 1461/1179/4204 1307/1180/4205 1462/1182/4206 1463/864/4207
f 1464/1176/4208 1461/1179/4209 1463/864/4210 1465/873/4211
f 1466/875/4212 1467/1174/4213 1468/874/4214 1469/860/4215
f 1469/1187/4216 1348/870/4217 1378/872/4218 1380/1189/4219
f 1468/874/4220 1347/861/4221 1348/859/4222 1469/860/4223
f 1465/873/4224 1247/862/4225 1347/861/4226 1468/874/4227
f 1463/864/4228 1246/863/4229 1247/862/4230 1465/873/4231
f 1462/1182/4232 1304/865/4233 1246/863/4234 1463/864/4235
f 1470/890/4236 1471/1183/4237 1306/893/4238 1472/892/4239
f 1212/1773/4240 1304/865/4241 1462/1182/4242 1213/1181/4243
f 1377/866/4244 1370/867/4245 684/868/4246 1403/869/4247
f 1348/870/4248 1336/871/4249 1372/911/4250 1378/872/4251
f 1373/995/4252 1374/967/4253 1473/970/4254 1474/966/4255
f 1467/1174/4256 1464/1176/4257 1465/873/4258 1468/874/4259
f 1475/881/4260 1476/880/4261 1467/1174/4262 1466/875/4263
f 1473/970/4264 1475/882/4265 1466/1186/4266 1477/1188/4267
f 1158/876/4268 1157/895/4269 1470/890/4270 1478/889/4271
f 1339/878/4272 1158/876/4273 1478/889/4274 1479/887/4275
f 1340/877/4276 1339/878/4277 1479/887/4278 1480/885/4279
f 1374/967/4280 1340/879/4281 1480/883/4282 1481/968/4283
f 1482/891/4284 1472/892/4285 1483/1177/4286 1484/1175/4287
f 1485/888/4288 1482/891/4289 1484/1175/4290 1476/880/4291
f 1486/886/4292 1485/888/4293 1476/880/4294 1475/881/4295
f 1487/969/4296 1486/884/4297 1475/882/4298 1473/970/4299
f 1481/968/4300 1480/883/4301 1486/884/4302 1487/969/4303
f 1480/885/4304 1479/887/4305 1485/888/4306 1486/886/4307
f 1479/887/4308 1478/889/4309 1482/891/4310 1485/888/4311
f 1478/889/4312 1470/890/4313 1472/892/4314 1482/891/4315
f 1157/895/4316 1488/894/4317 1471/1183/4318 1470/890/4319
f 1472/892/4320 1306/893/4321 1305/1178/4322 1483/1177/4323
f 1311/896/4324 1310/1185/4325 1471/1183/4326 1488/894/4327
f 1156/897/4328 1311/896/4329 1488/894/4330 1157/895/4331
f 1308/900/4332 1311/896/4333 1156/897/4334 1244/898/4335
f 86/3385/4336 1310/1185/4337 1312/899/4338 96/3069/4339
f 96/3069/4340 1312/899/4341 1308/900/4342 87/3070/4343
f 1405/910/4344 401/901/4345 528/1541/4346 685/1272/4347
f 1489/905/4348 59/3080/4349 106/3146/4350 1490/963/4351
f 1042/957/4352 1041/1535/4353 1491/1534/4354 1492/959/4355
f 1491/1534/4356 1493/906/4357 1494/961/4358 1492/959/4359
f 1493/906/4360 1489/905/4361 1490/963/4362 1494/961/4363
f 97/3079/4364 1495/904/4365 1496/907/4366 68/3074/4367
f 1200/902/4368 1496/903/4369 1497/1538/4370 1206/1537/4371
f 1200/902/4372 69/3078/4373 68/3077/4374 1496/903/4375
f 1497/1533/4376 1496/907/4377 1493/906/4378 1491/1534/4379
f 97/3079/4380 59/3080/4381 1489/905/4382 1495/904/4383
f 1495/904/4384 1489/905/4385 1493/906/4386 1496/907/4387
f 682/908/4388 684/868/4389 1402/1250/4390 710/1252/4391
f 1389/1271/4392 1388/909/4393 1405/910/4394 685/1272/4395
f 1372/911/4396 1371/1758/4397 1498/1757/4398 1499/1755/4399
f 1379/1192/4400 1372/911/4401 1499/1755/4402 1500/1193/4403
f 1501/1108/4404 1373/995/4405 1474/966/4406 1502/1106/4407
f 1459/1756/4408 1404/813/4409 683/912/4410 1503/1754/4411
f 1503/1754/4412 683/912/4413 171/913/4414 176/1752/4415
f 1500/1193/4416 1499/1755/4417 163/1753/4418 162/965/4419
f 1412/914/4420 1411/1069/4421 1504/1104/4422 1505/994/4423
f 689/773/4424 1390/1017/4425 783/916/4426 690/915/4427
f 690/915/4428 783/916/4429 745/918/4430 803/917/4431
f 803/917/4432 745/918/4433 746/920/4434 804/919/4435
f 804/919/4436 746/920/4437 723/922/4438 805/921/4439
f 805/921/4440 723/922/4441 98/3099/4442 4/3098/4443
f 678/1354/4444 1506/1352/4445 1507/1010/4446 679/925/4447
f 1508/1004/4448 1509/1144/4449 1510/1143/4450 1511/1141/4451
f 110/3194/4452 1508/1004/4453 1511/1141/4454 99/3334/4455
f 1130/1142/4456 1128/1146/4457 1040/923/4458 1043/924/4459
f 1124/1007/4460 1123/1545/4461 1509/1147/4462 1508/1005/4463
f 1507/1010/4464 1512/1008/4465 681/1006/4466 679/925/4467
f 3444/928/4468 3445/929/4469 3347/1081/4470 3345/1078/4471
f 3443/927/4472 3444/928/4473 3345/1078/4474 3343/1077/4475
f 1417/1089/4476 113/1092/4477 108/1000/4478 1515/1090/4479
f 1513/1852/4480 109/997/4481 132/1083/4482 1413/1853/4483
f 148/3282/4484 100/996/4485 1516/998/4486 1517/1342/4487
f 1516/998/4488 1518/999/4489 1519/1343/4490 1517/1342/4491
f 1518/999/4492 1520/1002/4493 1521/1344/4494 1519/1343/4495
f 1520/1002/4496 101/1001/4497 102/3283/4498 1521/1344/4499
f 100/3104/4500 3446/3105/4501 3443/927/4502 109/926/4503
f 3443/927/4504 3446/3105/4505 3448/3106/4506 3444/928/4507
f 3444/928/4508 3448/3106/4509 3450/3107/4510 3445/929/4511
f 108/1000/4512 3445/929/4513 3450/3107/4514 101/1001/4515
f 910/1925/4516 911/931/4517 47/3109/4518 149/4161/4519
f 1112/4163/4520 1111/932/4521 910/1925/4522 1525/4461/4523
f 1070/930/4524 63/3110/4525 47/3109/4526 911/931/4527
f 1070/930/4528 911/931/4529 910/1925/4530 1111/932/4531
f 850/933/4532 1092/1960/4533 921/1962/4534 897/934/4535
f 832/935/4536 850/933/4537 897/934/4538 896/936/4539
f 830/1863/4540 832/935/4541 896/936/4542 899/937/4543
f 134/4074/4544 830/1863/4545 899/937/4546 133/3119/4547
f 704/939/4548 705/938/4549 793/940/4550 1526/1042/4551
f 704/939/4552 1526/1042/4553 1527/1041/4554 1439/943/4555
f 793/940/4556 707/941/4557 706/1037/4558 1526/1042/4559
f 1527/1041/4560 1385/1040/4561 1437/942/4562 1439/943/4563
f 532/946/4564 539/949/4565 538/1650/4566 533/1649/4567
f 407/947/4568 392/944/4569 402/945/4570 405/948/4571
f 392/944/4572 391/1663/4573 403/1666/4574 402/945/4575
f 532/946/4576 407/947/4577 405/948/4578 539/949/4579
f 105/3132/4580 1044/953/4581 822/952/4582 37/3133/4583
f 1039/950/4584 1117/951/4585 822/952/4586 1044/953/4587
f 1117/954/4588 1039/955/4589 1042/957/4590 1003/956/4591
f 1003/956/4592 1042/957/4593 1492/959/4594 809/958/4595
f 1494/961/4596 810/960/4597 809/958/4598 1492/959/4599
f 1490/963/4600 807/962/4601 810/960/4602 1494/961/4603
f 106/3146/4604 32/3149/4605 807/962/4606 1490/963/4607
f 165/964/4608 166/1107/4609 1500/1193/4610 162/965/4611
f 1474/966/4612 1528/1191/4613 1529/1190/4614 1502/1106/4615
f 1473/970/4616 1477/1188/4617 1528/1191/4618 1474/966/4619
f 1374/967/4620 1481/968/4621 1487/969/4622 1473/970/4623
f 369/1194/4624 290/1195/4625 289/971/4626 365/972/4627
f 188/974/4628 1530/1238/4629 1531/1235/4630 369/973/4631
f 187/1222/4632 274/1239/4633 1530/1238/4634 188/974/4635
f 1532/1196/4636 1533/1258/4637 376/1255/4638 1534/982/4639
f 375/978/4640 1535/980/4641 1534/975/4642 376/976/4643
f 276/977/4644 275/981/4645 1535/980/4646 375/978/4647
f 361/979/4648 1534/975/4649 1535/980/4650 275/981/4651
f 282/1197/4652 1532/1196/4653 1534/982/4654 361/983/4655
f 281/1260/4656 284/984/4657 299/1214/4658 1536/1259/4659
f 1537/1263/4660 1538/1328/4661 1533/1258/4662 1532/1196/4663
f 1539/2026/4664 107/3173/4665 43/3170/4666 1540/2027/4667
f 65/3449/4668 1541/2024/4669 1540/2027/4670 43/3170/4671
f 123/3450/4672 46/3171/4673 1038/987/4674 1542/2022/4675
f 1100/985/4676 1543/2018/4677 1544/2020/4678 1101/986/4679
f 1545/2016/4680 1543/2018/4681 1100/985/4682 1103/1325/4683
f 1025/2012/4684 1546/2014/4685 1547/1326/4686 1113/1324/4687
f 1025/2012/4688 35/3174/4689 107/3173/4690 1539/2026/4691
f 1101/986/4692 1544/2020/4693 1542/2022/4694 1038/987/4695
f 2013/2013/4696 2012/2029/4697 1548/989/4698 1549/990/4699
f 2020/2028/4700 1550/988/4701 1548/989/4702 2012/2029/4703
f 2020/2028/4704 2019/2025/4705 1551/1988/4706 1550/988/4707
f 2016/2019/4708 2015/2017/4709 1552/992/4710 1553/993/4711
f 2018/2023/4712 2017/2021/4713 1554/1990/4714 1555/1989/4715
f 2017/2021/4716 2016/2019/4717 1553/993/4718 1554/1990/4719
f 1555/1989/4720 1551/1988/4721 2019/2025/4722 2018/2023/4723
f 2015/2017/4724 2014/2015/4725 1556/991/4726 1552/992/4727
f 2014/2015/4728 2013/2013/4729 1549/990/4730 1556/991/4731
f 1550/988/4732 1551/1988/4733 1999/4177/4734 1998/4180/4735
f 1548/989/4736 1550/988/4737 1998/4180/4738 1997/4175/4739
f 1549/990/4740 1548/989/4741 1997/4175/4742 1996/4174/4743
f 1556/991/4744 1549/990/4745 1996/4174/4746 1995/4172/4747
f 1552/992/4748 1556/991/4749 1995/4172/4750 1994/4173/4751
f 1553/993/4752 1552/992/4753 1994/4173/4754 2002/4171/4755
f 2002/4171/4756 2001/4176/4757 1554/1990/4758 1553/993/4759
f 1504/1104/4760 112/3291/4761 114/3184/4762 1505/994/4763
f 1407/1169/4764 1373/995/4765 1501/1108/4766 1564/1165/4767
f 1513/1852/4768 1516/998/4769 100/996/4770 109/997/4771
f 1514/1851/4772 1518/999/4773 1516/998/4774 1513/1852/4775
f 1515/1090/4776 1520/1002/4777 1518/999/4778 1514/1851/4779
f 108/1000/4780 101/1001/4781 1520/1002/4782 1515/1090/4783
f 3/3193/4784 681/1003/4785 1508/1004/4786 110/3194/4787
f 1512/1008/4788 1124/1007/4789 1508/1005/4790 681/1006/4791
f 1507/1010/4792 1121/1009/4793 1124/1007/4794 1512/1008/4795
f 1506/1352/4796 1406/1350/4797 1121/1009/4798 1507/1010/4799
f 739/1012/4800 1565/1011/4801 1566/1349/4802 740/1351/4803
f 1567/1360/4804 1568/1359/4805 1566/1349/4806 1565/1011/4807
f 1567/1360/4808 1565/1011/4809 739/1012/4810 1569/1345/4811
f 1569/1345/4812 739/1012/4813 742/1013/4814 780/1014/4815
f 806/1018/4816 1569/1345/4817 780/1014/4818 779/1015/4819
f 781/1016/4820 1570/1264/4821 1571/1032/4822 806/1018/4823
f 783/916/4824 1390/1017/4825 1570/1264/4826 781/1016/4827
f 1390/1017/4828 1381/1030/4829 1572/1265/4830 1570/1264/4831
f 1573/1346/4832 1569/1345/4833 806/1018/4834 1571/1032/4835
f 1574/1028/4836 390/1654/4837 393/1019/4838 1575/1029/4839
f 1387/1269/4840 1575/1035/4841 393/1020/4842 395/679/4843
f 1574/1028/4844 1197/1021/4845 1151/1655/4846 390/1654/4847
f 1198/1023/4848 1197/1021/4849 1574/1028/4850 1576/1027/4851
f 1216/1022/4852 1198/1023/4853 1576/1027/4854 1351/1025/4855
f 1577/1270/4856 1389/1271/4857 1578/1348/4858 1579/1347/4859
f 1352/1024/4860 1351/1025/4861 1576/1027/4862 1580/1026/4863
f 1580/1026/4864 1576/1027/4865 1574/1028/4866 1575/1029/4867
f 1381/1030/4868 1352/1031/4869 1580/1034/4870 1572/1265/4871
f 1570/1264/4872 1581/1266/4873 1573/1346/4874 1571/1032/4875
f 1580/1034/4876 1582/1033/4877 1583/1267/4878 1572/1265/4879
f 1573/1346/4880 1581/1266/4881 1577/1270/4882 1579/1347/4883
f 1583/1267/4884 1582/1033/4885 1584/1036/4886 1585/1268/4887
f 1585/1268/4888 1584/1036/4889 1575/1035/4890 1387/1269/4891
f 1582/1033/4892 1580/1034/4893 1575/1035/4894 1584/1036/4895
f 1384/1039/4896 1526/1042/4897 706/1037/4898 1445/1038/4899
f 1384/1039/4900 1385/1040/4901 1527/1041/4902 1526/1042/4903
f 214/1045/4904 194/1043/4905 197/1044/4906 216/1046/4907
f 238/1047/4908 214/1045/4909 216/1046/4910 242/1048/4911
f 239/1049/4912 238/1047/4913 242/1048/4914 241/1050/4915
f 257/1051/4916 239/1049/4917 241/1050/4918 259/1052/4919
f 268/1119/4920 257/1051/4921 259/1052/4922 227/1053/4923
f 226/1054/4924 1586/1120/4925 268/1119/4926 227/1053/4927
f 225/1698/4928 1587/1697/4929 1586/1120/4930 226/1054/4931
f 228/1699/4932 231/1099/4933 385/1101/4934 384/1696/4935
f 1588/1151/4936 1589/1100/4937 1590/1149/4938 1591/1154/4939
f 264/1055/4940 271/1150/4941 269/1148/4942 262/1056/4943
f 251/1057/4944 264/1055/4945 262/1056/4946 249/1058/4947
f 252/1059/4948 251/1057/4949 249/1058/4950 248/1060/4951
f 222/1061/4952 252/1059/4953 248/1060/4954 219/1062/4955
f 223/1202/4956 222/1061/4957 219/1062/4958 205/1063/4959
f 208/1216/4960 223/1202/4961 205/1063/4962 204/1217/4963
f 183/1335/4964 182/1064/4965 179/1065/4966 178/1333/4967
f 213/1066/4968 272/1221/4969 195/1220/4970 194/1043/4971
f 179/1065/4972 276/977/4973 373/1067/4974 180/1068/4975
f 280/1240/4976 370/1243/4977 371/1237/4978 273/1236/4979
f 1411/1069/4980 1409/1163/4981 170/1109/4982 157/1070/4983
f 1504/1104/4984 1411/1069/4985 157/1070/4986 156/1105/4987
f 1592/1153/4988 1593/1155/4989 1591/1154/4990 1590/1149/4991
f 132/1071/4992 3343/1077/4993 3340/1072/4994 115/1073/4995
f 3347/1081/4996 3435/1074/4997 3342/1075/4998 3345/1078/4999
f 3340/1076/5000 3343/1077/5001 3345/1078/5002 3342/1079/5003
f 114/1091/5004 3435/1080/5005 3347/1081/5006 113/1092/5007
f 1410/1082/5008 1413/1853/5009 132/1083/5010 115/1084/5011
f 1415/1850/5012 1412/1085/5013 1505/1086/5014 1417/1089/5015
f 1412/1087/5016 1415/1850/5017 1413/1853/5018 1410/1088/5019
f 1415/1850/5020 1417/1089/5021 1515/1090/5022 1514/1851/5023
f 114/1091/5024 113/1092/5025 1417/1089/5026 1505/1093/5027
f 1595/3267/5028 2079/4497/5029 4024/4495/5030 89/1094/5031
f 1596/3268/5032 1595/3267/5033 89/1094/5034 90/1095/5035
f 148/3282/5036 1517/1342/5037 1957/1935/5038 129/4189/5039
f 102/3283/5040 131/4193/5041 1959/1936/5042 1521/1344/5043
f 116/3329/5044 777/1122/5045 776/1096/5046 120/3284/5047
f 120/3284/5048 776/1096/5049 737/1097/5050 13/3285/5051
f 230/1098/5052 269/1148/5053 1589/1100/5054 231/1099/5055
f 385/1101/5056 231/1099/5057 1589/1100/5058 1588/1151/5059
f 386/1103/5060 385/1101/5061 1588/1151/5062 388/1102/5063
f 161/1135/5064 1599/1126/5065 386/1103/5066 388/1102/5067
f 1599/1126/5068 1600/1692/5069 387/1694/5070 386/1103/5071
f 112/3291/5072 1504/1104/5073 156/1105/5074 15/3292/5075
f 1502/1106/5076 1529/1190/5077 1500/1193/5078 166/1107/5079
f 170/1109/5080 1501/1108/5081 1502/1106/5082 166/1107/5083
f 1501/1108/5084 170/1109/5085 1409/1163/5086 1564/1165/5087
f 357/1111/5088 167/1249/5089 381/1248/5090 358/1110/5091
f 168/1113/5092 167/1249/5093 357/1111/5094 355/1114/5095
f 319/1112/5096 168/1113/5097 355/1114/5098 356/1115/5099
f 266/1127/5100 372/1131/5101 319/1116/5102 356/1117/5103
f 1601/1133/5104 1602/1695/5105 1603/1693/5106 1604/1691/5107
f 154/1124/5108 169/1130/5109 1605/1134/5110 1606/1139/5111
f 1607/1118/5112 1608/1686/5113 1609/1688/5114 160/1136/5115
f 1586/1120/5116 1601/1133/5117 267/1128/5118 268/1119/5119
f 1586/1120/5120 1587/1697/5121 1602/1695/5122 1601/1133/5123
f 116/3329/5124 1607/1137/5125 160/1121/5126 777/1122/5127
f 1606/1139/5128 1610/1140/5129 155/1123/5130 154/1124/5131
f 1610/1138/5132 14/3331/5133 117/3316/5134 155/1125/5135
f 161/1135/5136 1611/1690/5137 1600/1692/5138 1599/1126/5139
f 265/1129/5140 1612/1132/5141 372/1131/5142 266/1127/5143
f 267/1128/5144 1601/1133/5145 1612/1132/5146 265/1129/5147
f 1612/1132/5148 1605/1134/5149 169/1130/5150 372/1131/5151
f 1605/1134/5152 1612/1132/5153 1601/1133/5154 1604/1691/5155
f 1606/1139/5156 1605/1134/5157 1604/1691/5158 1613/1689/5159
f 1611/1690/5160 161/1135/5161 160/1136/5162 1609/1688/5163
f 1607/1137/5164 116/3329/5165 128/3899/5166 1608/1684/5167
f 1614/1685/5168 119/3898/5169 14/3331/5170 1610/1138/5171
f 1606/1139/5172 1613/1689/5173 1614/1687/5174 1610/1140/5175
f 99/3334/5176 1511/1141/5177 1130/1142/5178 121/3335/5179
f 1511/1141/5180 1510/1143/5181 1128/1146/5182 1130/1142/5183
f 1510/1143/5184 1509/1144/5185 1129/1145/5186 1128/1146/5187
f 1123/1545/5188 1615/1544/5189 1129/1540/5190 1509/1147/5191
f 661/1293/5192 1616/1473/5193 1617/1501/5194 663/1297/5195
f 271/1150/5196 1590/1149/5197 1589/1100/5198 269/1148/5199
f 270/1152/5200 1592/1153/5201 1590/1149/5202 271/1150/5203
f 1591/1154/5204 389/1158/5205 388/1102/5206 1588/1151/5207
f 270/1152/5208 173/1159/5209 1593/1155/5210 1592/1153/5211
f 152/1160/5212 159/1162/5213 158/1157/5214 153/1156/5215
f 1591/1154/5216 1593/1155/5217 173/1159/5218 389/1158/5219
f 153/1156/5220 158/1157/5221 389/1158/5222 173/1159/5223
f 152/1160/5224 777/1161/5225 160/1136/5226 159/1162/5227
f 1564/1165/5228 1409/1163/5229 111/1164/5230 118/1166/5231
f 88/3365/5232 1407/1169/5233 1564/1165/5234 118/1166/5235
f 1408/1167/5236 1350/1168/5237 1407/1169/5238 88/3365/5239
f 1386/1170/5240 1349/1171/5241 1350/1172/5242 1408/1173/5243
f 1467/1174/5244 1476/880/5245 1484/1175/5246 1464/1176/5247
f 1484/1175/5248 1483/1177/5249 1461/1179/5250 1464/1176/5251
f 1483/1177/5252 1305/1178/5253 1307/1180/5254 1461/1179/5255
f 1307/1180/5256 1285/1184/5257 1213/1181/5258 1462/1182/5259
f 1310/1185/5260 1285/1184/5261 1306/893/5262 1471/1183/5263
f 122/3384/5264 1285/1184/5265 1310/1185/5266 86/3385/5267
f 1380/1189/5268 1477/1188/5269 1466/1186/5270 1469/1187/5271
f 1528/1191/5272 1477/1188/5273 1380/1189/5274 1379/1192/5275
f 1529/1190/5276 1528/1191/5277 1379/1192/5278 1500/1193/5279
f 369/1194/5280 1531/1233/5281 295/1232/5282 290/1195/5283
f 312/1230/5284 314/1733/5285 298/1731/5286 297/1227/5287
f 316/1212/5288 299/1214/5289 300/1730/5290 317/1732/5291
f 1536/1259/5292 1618/1213/5293 301/1198/5294 304/1261/5295
f 281/1260/5296 1537/1263/5297 1532/1196/5298 282/1197/5299
f 1619/1210/5300 301/1198/5301 1618/1213/5302 1620/1207/5303
f 1621/1204/5304 1622/1200/5305 303/1262/5306 302/1205/5307
f 1622/1200/5308 1623/1329/5309 1538/1328/5310 303/1262/5311
f 206/1332/5312 1623/1329/5313 1622/1200/5314 207/1203/5315
f 302/1205/5316 301/1198/5317 1619/1210/5318 1624/1209/5319
f 220/1201/5320 1621/1204/5321 345/1208/5322 221/1199/5323
f 207/1203/5324 1622/1200/5325 1621/1204/5326 220/1201/5327
f 220/1201/5328 223/1202/5329 208/1216/5330 207/1203/5331
f 315/1206/5332 344/1211/5333 1619/1210/5334 1620/1207/5335
f 345/1208/5336 1621/1204/5337 302/1205/5338 1624/1209/5339
f 316/1212/5340 315/1206/5341 1620/1207/5342 1618/1213/5343
f 345/1208/5344 1624/1209/5345 1619/1210/5346 344/1211/5347
f 316/1212/5348 1618/1213/5349 1536/1259/5350 299/1214/5351
f 337/1215/5352 315/1206/5353 318/1734/5354 338/1736/5355
f 204/1217/5356 1625/1336/5357 209/1334/5358 208/1216/5359
f 1626/1338/5360 1625/1336/5361 204/1217/5362 203/1218/5363
f 203/1218/5364 202/1712/5365 1627/1714/5366 1626/1338/5367
f 199/1713/5368 196/1219/5369 186/1340/5370 1628/1715/5371
f 196/1219/5372 195/1220/5373 187/1222/5374 186/1340/5375
f 195/1220/5376 272/1221/5377 274/1239/5378 187/1222/5379
f 306/1226/5380 360/1225/5381 366/1223/5382 307/1224/5383
f 309/1229/5384 296/1228/5385 360/1225/5386 306/1226/5387
f 297/1227/5388 296/1228/5389 309/1229/5390 312/1230/5391
f 293/1231/5392 292/51/5393 295/1232/5394 1531/1233/5395
f 371/1237/5396 293/1234/5397 1531/1235/5398 1530/1238/5399
f 273/1236/5400 371/1237/5401 1530/1238/5402 274/1239/5403
f 280/1240/5404 291/1241/5405 294/1242/5406 370/1243/5407
f 1035/1395/5408 1629/1400/5409 1974/1961/5410 1973/1959/5411
f 1974/1961/5412 1629/1400/5413 918/1399/5414 1975/1963/5415
f 620/1288/5416 1630/1499/5417 1631/1484/5418 621/1487/5419
f 65/3449/5420 123/3450/5421 1542/2022/5422 1541/2024/5423
f 1980/1973/5424 1979/1971/5425 881/1401/5426 1964/1945/5427
f 511/1244/5428 657/1245/5429 1632/1446/5430 665/1434/5431
f 657/1245/5432 658/1448/5433 1633/1447/5434 1632/1446/5435
f 382/1247/5436 165/1246/5437 164/1751/5438 383/1746/5439
f 165/1246/5440 382/1247/5441 381/1248/5442 167/1249/5443
f 709/1253/5444 710/1252/5445 1402/1250/5446 706/1037/5447
f 151/1251/5448 710/1252/5449 709/1253/5450 708/1254/5451
f 189/1341/5452 377/1720/5453 1634/1719/5454 1635/1717/5455
f 1533/1258/5456 374/1257/5457 373/1067/5458 376/1255/5459
f 374/1257/5460 1636/1327/5461 367/1330/5462 368/1256/5463
f 374/1257/5464 1533/1258/5465 1538/1328/5466 1636/1327/5467
f 1536/1259/5468 304/1261/5469 1537/1263/5470 281/1260/5471
f 304/1261/5472 303/1262/5473 1538/1328/5474 1537/1263/5475
f 1570/1264/5476 1572/1265/5477 1583/1267/5478 1581/1266/5479
f 1577/1270/5480 1581/1266/5481 1583/1267/5482 1585/1268/5483
f 1585/1268/5484 1387/1269/5485 1389/1271/5486 1577/1270/5487
f 1389/1271/5488 685/1272/5489 687/1357/5490 1578/1348/5491
f 485/1273/5492 595/1597/5493 602/1596/5494 486/1274/5495
f 644/1601/5496 651/1600/5497 640/1275/5498 639/1276/5499
f 655/1277/5500 651/1600/5501 1637/1579/5502 658/1448/5503
f 513/1302/5504 509/265/5505 512/1278/5506 666/1296/5507
f 623/1303/5508 622/1471/5509 1638/1582/5510 1639/1573/5511
f 1640/1591/5512 502/1279/5513 501/1304/5514 1641/1592/5515
f 1642/1590/5516 482/1280/5517 502/1279/5518 1640/1591/5519
f 1643/1583/5520 483/1281/5521 482/1280/5522 1642/1590/5523
f 1644/1584/5524 669/1552/5525 483/1281/5526 1643/1583/5527
f 1645/1500/5528 617/1287/5529 616/1282/5530 1646/1497/5531
f 1647/1496/5532 1646/1497/5533 616/1282/5534 649/1300/5535
f 620/1288/5536 617/1287/5537 1645/1500/5538 1630/1499/5539
f 516/1284/5540 504/1283/5541 506/1311/5542 517/1309/5543
f 519/1286/5544 498/1285/5545 504/1283/5546 516/1284/5547
f 518/1289/5548 463/1292/5549 498/1285/5550 519/1286/5551
f 619/1310/5552 614/1312/5553 617/1287/5554 620/1288/5555
f 518/1289/5556 520/1290/5557 464/1291/5558 463/1292/5559
f 1648/1474/5560 1616/1473/5561 661/1293/5562 660/1294/5563
f 1648/1474/5564 660/1294/5565 659/1436/5566 1649/1475/5567
f 624/1306/5568 618/1308/5569 621/1487/5570 625/1486/5571
f 514/1301/5572 648/1313/5573 656/1299/5574 637/1295/5575
f 666/1296/5576 1647/1496/5577 649/1300/5578 513/1302/5579
f 1617/1501/5580 1647/1496/5581 666/1296/5582 663/1297/5583
f 638/1316/5584 647/1298/5585 656/1299/5586 648/1313/5587
f 649/1300/5588 648/1313/5589 514/1301/5590 513/1302/5591
f 501/1304/5592 623/1303/5593 1639/1573/5594 1641/1592/5595
f 623/1303/5596 501/1304/5597 500/1305/5598 624/1306/5599
f 500/1305/5600 508/1307/5601 618/1308/5602 624/1306/5603
f 508/1307/5604 517/1309/5605 619/1310/5606 618/1308/5607
f 517/1309/5608 506/1311/5609 614/1312/5610 619/1310/5611
f 506/1311/5612 505/1315/5613 615/1314/5614 614/1312/5615
f 648/1313/5616 615/1314/5617 505/1315/5618 638/1316/5619
f 876/1941/5620 895/1317/5621 878/1970/5622 877/1972/5623
f 895/1317/5624 898/1318/5625 879/1968/5626 878/1970/5627
f 898/1318/5628 920/1964/5629 923/1966/5630 879/1968/5631
f 1115/1321/5632 1113/1324/5633 1547/1326/5634 1103/1325/5635
f 1114/1323/5636 1081/1322/5637 853/1319/5638 1024/1320/5639
f 853/1319/5640 56/3527/5641 125/3526/5642 1024/1320/5643
f 1115/1321/5644 1081/1322/5645 1114/1323/5646 1113/1324/5647
f 1103/1325/5648 1547/1326/5649 1546/2014/5650 1545/2016/5651
f 1636/1327/5652 1538/1328/5653 1623/1329/5654 367/1330/5655
f 1623/1329/5656 206/1332/5657 181/1331/5658 367/1330/5659
f 209/1334/5660 178/1333/5661 181/1331/5662 206/1332/5663
f 1625/1336/5664 183/1335/5665 178/1333/5666 209/1334/5667
f 184/1339/5668 183/1335/5669 1625/1336/5670 1626/1338/5671
f 279/1718/5672 185/1337/5673 184/1339/5674 1650/1716/5675
f 1626/1338/5676 1627/1714/5677 1650/1716/5678 184/1339/5679
f 1628/1715/5680 186/1340/5681 189/1341/5682 1635/1717/5683
f 1958/1937/5684 1957/1935/5685 1517/1342/5686 1519/1343/5687
f 1519/1343/5688 1521/1344/5689 1959/1936/5690 1958/1937/5691
f 1579/1347/5692 1567/1360/5693 1569/1345/5694 1573/1346/5695
f 687/1357/5696 1567/1360/5697 1579/1347/5698 1578/1348/5699
f 1568/1359/5700 686/1358/5701 1406/1350/5702 1566/1349/5703
f 740/1351/5704 1566/1349/5705 1406/1350/5706 1506/1352/5707
f 714/1353/5708 740/1351/5709 1506/1352/5710 678/1354/5711
f 677/1356/5712 711/1355/5713 714/1353/5714 678/1354/5715
f 16/3561/5716 126/3564/5717 711/1355/5718 677/1356/5719
f 687/1357/5720 686/1358/5721 1568/1359/5722 1567/1360/5723
f 843/1388/5724 1651/1413/5725 1652/1411/5726 865/1361/5727
f 848/1394/5728 1653/1427/5729 1654/1425/5730 849/1364/5731
f 855/1365/5732 1655/1423/5733 1656/1421/5734 856/1390/5735
f 865/1361/5736 1652/1411/5737 1657/1409/5738 866/1378/5739
f 880/1377/5740 1658/1376/5741 1659/1402/5742 881/1401/5743
f 917/1371/5744 1661/1370/5745 1662/1367/5746 914/1366/5747
f 918/1399/5748 1663/1398/5749 1664/1363/5750 919/1362/5751
f 919/1362/5752 1664/1363/5753 1665/1375/5754 922/1374/5755
f 1660/1369/5756 912/1368/5757 928/1373/5758 1666/1372/5759
f 849/1364/5760 1654/1425/5761 1655/1423/5762 855/1365/5763
f 1108/1389/5764 1667/1417/5765 1668/1415/5766 842/1387/5767
f 914/1366/5768 1662/1367/5769 1669/1396/5770 1035/1395/5771
f 912/1368/5772 1660/1369/5773 1661/1370/5774 917/1371/5775
f 1066/1383/5776 1670/1382/5777 1666/1372/5778 928/1373/5779
f 1067/4505/5780 1671/1405/5781 1672/1384/5782 1068/4506/5783
f 1069/1379/5784 1673/1407/5785 1671/1405/5786 1067/4505/5787
f 922/1374/5788 1665/1375/5789 1658/1376/5790 880/1377/5791
f 866/1378/5792 1657/1409/5793 1673/1407/5794 1069/1379/5795
f 1094/1380/5796 1674/1381/5797 1670/1382/5798 1066/1383/5799
f 1068/4506/5800 1672/1384/5801 1674/1385/5802 1094/1386/5803
f 1112/4163/5804 1675/4162/5805 1676/1431/5806 868/1392/5807
f 842/1387/5808 1668/1415/5809 1651/1413/5810 843/1388/5811
f 1014/1391/5812 1677/1419/5813 1667/1417/5814 1108/1389/5815
f 856/1390/5816 1656/1421/5817 1677/1419/5818 1014/1391/5819
f 1676/1431/5820 1678/1429/5821 869/1393/5822 868/1392/5823
f 869/1393/5824 1678/1429/5825 1653/1427/5826 848/1394/5827
f 3872/4403/5828 4011/4402/5829 3998/1889/5830 144/1940/5831
f 1035/1395/5832 1669/1396/5833 1680/1397/5834 1629/1400/5835
f 1680/1397/5836 1663/1398/5837 918/1399/5838 1629/1400/5839
f 881/1401/5840 1659/1402/5841 1965/1944/5842 1964/1945/5843
f 1671/1405/5844 1864/1404/5845 1863/1403/5846 1672/1384/5847
f 1673/1407/5848 1865/1406/5849 1864/1404/5850 1671/1405/5851
f 1657/1409/5852 1866/1408/5853 1865/1406/5854 1673/1407/5855
f 1652/1411/5856 1867/1410/5857 1866/1408/5858 1657/1409/5859
f 1651/1413/5860 1868/1412/5861 1867/1410/5862 1652/1411/5863
f 1668/1415/5864 1869/1414/5865 1868/1412/5866 1651/1413/5867
f 1667/1417/5868 1870/1416/5869 1869/1414/5870 1668/1415/5871
f 1677/1419/5872 1871/1418/5873 1870/1416/5874 1667/1417/5875
f 1656/1421/5876 1872/1420/5877 1871/1418/5878 1677/1419/5879
f 1655/1423/5880 1873/1422/5881 1872/1420/5882 1656/1421/5883
f 1654/1425/5884 1874/1424/5885 1873/1422/5886 1655/1423/5887
f 1653/1427/5888 1875/1426/5889 1874/1424/5890 1654/1425/5891
f 1678/1429/5892 1876/1428/5893 1875/1426/5894 1653/1427/5895
f 1877/1430/5896 1876/1428/5897 1678/1429/5898 1676/1431/5899
f 1675/4162/5900 1878/1433/5901 1877/1430/5902 1676/1431/5903
f 1679/4460/5904 1879/1432/5905 1878/1433/5906 1675/4162/5907
f 1681/1452/5908 1682/1454/5909 1683/1445/5910 1684/1451/5911
f 1632/1446/5912 1685/1453/5913 1686/1450/5914 665/1434/5915
f 659/1436/5916 1684/1435/5917 1683/1476/5918 1649/1475/5919
f 1684/1435/5920 659/1436/5921 662/1439/5922 1686/1441/5923
f 1687/1460/5924 1688/1462/5925 1689/1437/5926 1690/1438/5927
f 1688/1462/5928 1691/1463/5929 1692/1449/5930 1689/1437/5931
f 1693/1455/5932 1694/1456/5933 1695/1443/5934 1696/1444/5935
f 1697/1458/5936 1687/1460/5937 1690/1438/5938 1698/1442/5939
f 662/1439/5940 664/279/5941 665/1440/5942 1686/1441/5943
f 1694/1456/5944 1697/1458/5945 1698/1442/5946 1695/1443/5947
f 1682/1454/5948 1693/1455/5949 1696/1444/5950 1683/1445/5951
f 1699/1459/5952 1700/1575/5953 1701/1580/5954 1702/1461/5955
f 1700/1575/5956 1699/1459/5957 1703/1457/5958 1704/1577/5959
f 1685/1453/5960 1632/1446/5961 1633/1447/5962 1705/1578/5963
f 1633/1447/5964 658/1448/5965 1637/1579/5966 1705/1578/5967
f 1691/1463/5968 1706/1469/5969 1707/1470/5970 1692/1449/5971
f 1638/1582/5972 622/1471/5973 1708/1472/5974 1709/1464/5975
f 1686/1450/5976 1685/1453/5977 1681/1452/5978 1684/1451/5979
f 1682/1454/5980 1681/1452/5981 1685/1453/5982 1705/1578/5983
f 1693/1455/5984 1682/1454/5985 1705/1578/5986 1704/1577/5987
f 1694/1456/5988 1693/1455/5989 1704/1577/5990 1703/1457/5991
f 1697/1458/5992 1694/1456/5993 1703/1457/5994 1699/1459/5995
f 1687/1460/5996 1697/1458/5997 1699/1459/5998 1702/1461/5999
f 1688/1462/6000 1687/1460/6001 1702/1461/6002 1701/1580/6003
f 1691/1463/6004 1688/1462/6005 1701/1580/6006 1709/1464/6007
f 1706/1469/6008 1691/1463/6009 1709/1464/6010 1708/1472/6011
f 1706/1469/6012 1708/1472/6013 1710/1485/6014 1711/1489/6015
f 1712/1494/6016 1713/1495/6017 1690/1466/6018 1689/1465/6019
f 1712/1494/6020 1689/1465/6021 1692/1467/6022 1714/1483/6023
f 1698/1477/6024 1690/1466/6025 1713/1495/6026 1715/1498/6027
f 1692/1467/6028 1707/1468/6029 1716/1482/6030 1714/1483/6031
f 1707/1468/6032 1717/1488/6033 1718/1491/6034 1716/1482/6035
f 1706/1469/6036 1711/1489/6037 1717/1488/6038 1707/1470/6039
f 622/1471/6040 625/1486/6041 1710/1485/6042 1708/1472/6043
f 1719/1481/6044 1720/1502/6045 1648/1474/6046 1649/1475/6047
f 1720/1502/6048 1617/1501/6049 1616/1473/6050 1648/1474/6051
f 1649/1475/6052 1683/1476/6053 1696/1478/6054 1719/1481/6055
f 1719/1481/6056 1721/1480/6057 1722/1505/6058 1720/1502/6059
f 1698/1477/6060 1715/1498/6061 1721/1480/6062 1695/1479/6063
f 1696/1478/6064 1695/1479/6065 1721/1480/6066 1719/1481/6067
f 1723/1493/6068 1724/1503/6069 1712/1494/6070 1714/1483/6071
f 1725/1510/6072 1631/1484/6073 1630/1499/6074 1726/1512/6075
f 1727/1492/6076 1716/1482/6077 1718/1491/6078 1728/1490/6079
f 1716/1482/6080 1727/1492/6081 1723/1493/6082 1714/1483/6083
f 1729/1508/6084 621/1487/6085 1631/1484/6086 1725/1510/6087
f 1711/1489/6088 1710/1485/6089 1729/1508/6090 1728/1490/6091
f 1710/1485/6092 625/1486/6093 621/1487/6094 1729/1508/6095
f 1717/1488/6096 1711/1489/6097 1728/1490/6098 1718/1491/6099
f 1727/1492/6100 1728/1490/6101 1729/1508/6102 1730/1507/6103
f 1730/1507/6104 1731/1509/6105 1723/1493/6106 1727/1492/6107
f 1731/1509/6108 1732/1511/6109 1724/1503/6110 1723/1493/6111
f 1712/1494/6112 1724/1503/6113 1733/1504/6114 1713/1495/6115
f 1733/1504/6116 1734/1506/6117 1715/1498/6118 1713/1495/6119
f 1617/1501/6120 1735/1516/6121 1646/1497/6122 1647/1496/6123
f 1645/1500/6124 1646/1497/6125 1735/1516/6126 1736/1515/6127
f 1721/1480/6128 1715/1498/6129 1734/1506/6130 1722/1505/6131
f 1630/1499/6132 1645/1500/6133 1736/1515/6134 1726/1512/6135
f 1735/1516/6136 1617/1501/6137 1720/1502/6138 1722/1505/6139
f 1732/1511/6140 1737/1514/6141 1733/1504/6142 1724/1503/6143
f 1737/1514/6144 1738/1513/6145 1734/1506/6146 1733/1504/6147
f 1722/1505/6148 1734/1506/6149 1738/1513/6150 1735/1516/6151
f 1731/1509/6152 1730/1507/6153 1729/1508/6154 1725/1510/6155
f 1732/1511/6156 1731/1509/6157 1725/1510/6158 1726/1512/6159
f 1737/1514/6160 1732/1511/6161 1726/1512/6162 1736/1515/6163
f 1738/1513/6164 1737/1514/6165 1736/1515/6166 1735/1516/6167
f 1739/1546/6168 528/1517/6169 527/1519/6170 1740/1518/6171
f 1741/1810/6172 1742/1807/6173 1740/1518/6174 1743/1520/6175
f 1740/1518/6176 527/1519/6177 526/1521/6178 1743/1520/6179
f 1744/1823/6180 1741/1810/6181 1743/1520/6182 1745/1811/6183
f 1745/1811/6184 1743/1520/6185 526/1521/6186 525/1522/6187
f 1746/1813/6188 1745/1811/6189 525/1522/6190 524/1523/6191
f 1747/1814/6192 1746/1813/6193 524/1523/6194 521/1549/6195
f 1748/1527/6196 1749/1804/6197 1750/1536/6198 1751/1528/6199
f 1127/1524/6200 1751/1532/6201 1041/1535/6202 1040/1525/6203
f 1126/1526/6204 1748/1527/6205 1751/1528/6206 1127/1529/6207
f 1739/1543/6208 1748/1530/6209 1126/1531/6210 1125/1539/6211
f 1749/1804/6212 1255/2036/6213 1256/2039/6214 1750/1536/6215
f 1241/2032/6216 1242/2034/6217 1752/1803/6218 1266/1657/6219
f 1207/2038/6220 1206/1537/6221 1750/1536/6222 1256/2039/6223
f 1751/1532/6224 1497/1533/6225 1491/1534/6226 1041/1535/6227
f 1750/1536/6228 1206/1537/6229 1497/1538/6230 1751/1528/6231
f 1615/1544/6232 1739/1543/6233 1125/1539/6234 1129/1540/6235
f 1122/1542/6236 686/1358/6237 528/1541/6238 1739/1543/6239
f 1122/1542/6240 1739/1543/6241 1615/1544/6242 1123/1545/6243
f 1742/1807/6244 1748/1806/6245 1739/1546/6246 1740/1518/6247
f 1753/1815/6248 667/1548/6249 469/1547/6250 468/1551/6251
f 1753/1815/6252 1754/1816/6253 523/1550/6254 667/1548/6255
f 1754/1816/6256 1747/1814/6257 521/1549/6258 523/1550/6259
f 669/1552/6260 1644/1584/6261 1755/1835/6262 1756/1817/6263
f 468/1551/6264 669/1552/6265 1756/1817/6266 1753/1815/6267
f 562/1554/6268 447/1553/6269 446/1558/6270 1757/1568/6271
f 562/1554/6272 1757/1568/6273 455/1565/6274 459/1555/6275
f 675/1557/6276 1758/1572/6277 1759/1571/6278 1760/1559/6279
f 1760/1559/6280 446/1558/6281 445/1556/6282 675/1557/6283
f 1760/1559/6284 1761/1569/6285 1757/1568/6286 446/1558/6287
f 1759/1571/6288 1762/1570/6289 1761/1569/6290 1760/1559/6291
f 565/1561/6292 458/1560/6293 457/1566/6294 1763/1588/6295
f 565/1561/6296 1763/1588/6297 472/1564/6298 471/1562/6299
f 473/1563/6300 472/1564/6301 1763/1588/6302 570/1587/6303
f 1757/1568/6304 1764/1589/6305 456/1567/6306 455/1565/6307
f 457/1566/6308 456/1567/6309 1764/1589/6310 1763/1588/6311
f 1757/1568/6312 1761/1569/6313 1762/1570/6314 1764/1589/6315
f 674/1635/6316 1765/1636/6317 1758/1572/6318 675/1557/6319
f 1762/1570/6320 1759/1571/6321 1766/1637/6322 1764/1589/6323
f 1766/1637/6324 1759/1571/6325 1758/1572/6326 1765/1636/6327
f 1767/1576/6328 1637/1579/6329 651/1600/6330 1768/1599/6331
f 1768/1599/6332 1769/1581/6333 1770/1574/6334 1767/1576/6335
f 1769/1581/6336 1641/1592/6337 1639/1573/6338 1638/1582/6339
f 1770/1574/6340 1769/1581/6341 1701/1580/6342 1700/1575/6343
f 1704/1577/6344 1767/1576/6345 1770/1574/6346 1700/1575/6347
f 1767/1576/6348 1704/1577/6349 1705/1578/6350 1637/1579/6351
f 1701/1580/6352 1769/1581/6353 1638/1582/6354 1709/1464/6355
f 1771/1586/6356 1644/1584/6357 1643/1583/6358 1772/1585/6359
f 1773/1593/6360 1772/1585/6361 1643/1583/6362 1642/1590/6363
f 1774/1605/6364 1775/1607/6365 1772/1585/6366 1773/1593/6367
f 1771/1586/6368 1776/1836/6369 1755/1835/6370 1644/1584/6371
f 1777/1606/6372 595/1597/6373 570/1587/6374 1778/1608/6375
f 1775/1607/6376 1779/1609/6377 1771/1586/6378 1772/1585/6379
f 1779/1609/6380 1780/1829/6381 1776/1836/6382 1771/1586/6383
f 570/1587/6384 1763/1588/6385 1781/1610/6386 1778/1608/6387
f 1764/1589/6388 1782/1830/6389 1781/1610/6390 1763/1588/6391
f 1783/1831/6392 1782/1830/6393 1764/1589/6394 1766/1637/6395
f 1784/1594/6396 1640/1591/6397 1641/1592/6398 1785/1595/6399
f 1773/1593/6400 1642/1590/6401 1640/1591/6402 1784/1594/6403
f 1785/1595/6404 1641/1592/6405 1769/1581/6406 1768/1599/6407
f 1786/1602/6408 1787/1603/6409 1784/1594/6410 1785/1595/6411
f 1787/1603/6412 1774/1605/6413 1773/1593/6414 1784/1594/6415
f 1768/1599/6416 1788/1598/6417 1786/1602/6418 1785/1595/6419
f 644/1601/6420 602/1596/6421 1789/1604/6422 1788/1598/6423
f 602/1596/6424 595/1597/6425 1777/1606/6426 1789/1604/6427
f 1788/1598/6428 1768/1599/6429 651/1600/6430 644/1601/6431
f 1787/1603/6432 1786/1602/6433 1788/1598/6434 1789/1604/6435
f 1774/1605/6436 1787/1603/6437 1789/1604/6438 1777/1606/6439
f 1775/1607/6440 1774/1605/6441 1777/1606/6442 1778/1608/6443
f 1779/1609/6444 1775/1607/6445 1778/1608/6446 1781/1610/6447
f 1780/1829/6448 1779/1609/6449 1781/1610/6450 1782/1830/6451
f 673/1633/6452 672/1613/6453 1790/1615/6454 1791/1638/6455
f 672/1613/6456 1792/1619/6457 1793/1614/6458 1790/1615/6459
f 436/1618/6460 1794/1620/6461 555/1612/6462 437/1611/6463
f 555/1612/6464 1794/1620/6465 1792/1619/6466 672/1613/6467
f 1795/1625/6468 1796/1639/6469 1793/1614/6470 1792/1619/6471
f 1793/1614/6472 1796/1639/6473 1791/1638/6474 1790/1615/6475
f 550/1617/6476 427/1616/6477 426/1622/6478 1797/1626/6479
f 550/1617/6480 1797/1626/6481 1794/1620/6482 436/1618/6483
f 1795/1625/6484 1792/1619/6485 1794/1620/6486 1797/1626/6487
f 670/1632/6488 1798/1644/6489 1799/1629/6490 671/1623/6491
f 426/1622/6492 425/1621/6493 671/1623/6494 1800/1624/6495
f 1797/1626/6496 426/1622/6497 1800/1624/6498 1801/1627/6499
f 671/1623/6500 1799/1629/6501 1802/1628/6502 1800/1624/6503
f 1801/1627/6504 1800/1624/6505 1802/1628/6506 1803/1641/6507
f 1797/1626/6508 1804/1640/6509 1796/1639/6510 1795/1625/6511
f 1802/1628/6512 1805/1643/6513 1806/1642/6514 1803/1641/6515
f 1803/1641/6516 1804/1640/6517 1797/1626/6518 1801/1627/6519
f 1798/1644/6520 1805/1643/6521 1802/1628/6522 1799/1629/6523
f 1807/1652/6524 544/1631/6525 541/1630/6526 540/1647/6527
f 544/1631/6528 1807/1652/6529 1798/1644/6530 670/1632/6531
f 1791/1638/6532 1808/1833/6533 556/1634/6534 673/1633/6535
f 556/1634/6536 1808/1833/6537 1765/1636/6538 674/1635/6539
f 1765/1636/6540 1808/1833/6541 1783/1831/6542 1766/1637/6543
f 1808/1833/6544 1791/1638/6545 1796/1639/6546 1809/1832/6547
f 1809/1832/6548 1796/1639/6549 1804/1640/6550 1810/1680/6551
f 1806/1642/6552 1810/1680/6553 1804/1640/6554 1803/1641/6555
f 1810/1680/6556 1806/1642/6557 1805/1643/6558 1811/1681/6559
f 1805/1643/6560 1798/1644/6561 1807/1652/6562 1811/1681/6563
f 1807/1652/6564 1812/1677/6565 1813/1683/6566 1811/1681/6567
f 404/1645/6568 1814/1662/6569 1815/1651/6570 538/1650/6571
f 404/1645/6572 403/1666/6573 1816/1665/6574 1814/1662/6575
f 534/1646/6576 533/1649/6577 1817/1653/6578 535/1648/6579
f 1817/1653/6580 1807/1652/6581 540/1647/6582 535/1648/6583
f 533/1649/6584 538/1650/6585 1815/1651/6586 1817/1653/6587
f 1818/1670/6588 1817/1653/6589 1815/1651/6590 1814/1662/6591
f 1817/1653/6592 1819/1661/6593 1812/1677/6594 1807/1652/6595
f 1818/1670/6596 1820/1672/6597 1819/1661/6598 1817/1653/6599
f 1821/1659/6600 390/1654/6601 1151/1655/6602 1154/1656/6603
f 1822/1658/6604 1266/1657/6605 1752/1803/6606 1823/1802/6607
f 1154/1656/6608 1266/1657/6609 1822/1658/6610 1821/1659/6611
f 1824/1669/6612 1825/1676/6613 1826/1679/6614 1827/1678/6615
f 1828/1675/6616 1829/1809/6617 1830/1822/6618 1831/1812/6619
f 1832/1808/6620 1829/1809/6621 1828/1675/6622 1833/1674/6623
f 1822/1668/6624 1823/1805/6625 1832/1808/6626 1833/1674/6627
f 1831/1812/6628 1826/1679/6629 1825/1676/6630 1828/1675/6631
f 390/1660/6632 1821/1667/6633 1834/1664/6634 391/1663/6635
f 1824/1669/6636 1819/1661/6637 1820/1672/6638 1835/1671/6639
f 1827/1678/6640 1812/1677/6641 1819/1661/6642 1824/1669/6643
f 1834/1664/6644 1818/1670/6645 1814/1662/6646 1816/1665/6647
f 391/1663/6648 1834/1664/6649 1816/1665/6650 403/1666/6651
f 1821/1667/6652 1822/1668/6653 1833/1674/6654 1834/1664/6655
f 1833/1674/6656 1836/1673/6657 1835/1671/6658 1834/1664/6659
f 1835/1671/6660 1836/1673/6661 1825/1676/6662 1824/1669/6663
f 1818/1670/6664 1834/1664/6665 1835/1671/6666 1820/1672/6667
f 1836/1673/6668 1833/1674/6669 1828/1675/6670 1825/1676/6671
f 1827/1678/6672 1826/1679/6673 1837/1819/6674 1838/1682/6675
f 1838/1682/6676 1813/1683/6677 1812/1677/6678 1827/1678/6679
f 1839/1820/6680 1837/1819/6681 1826/1679/6682 1831/1812/6683
f 1840/1834/6684 1809/1832/6685 1810/1680/6686 1811/1681/6687
f 1811/1681/6688 1813/1683/6689 1841/1837/6690 1840/1834/6691
f 1838/1682/6692 1837/1819/6693 1842/1840/6694 1843/1841/6695
f 1838/1682/6696 1843/1841/6697 1841/1837/6698 1813/1683/6699
f 1844/1821/6700 1756/1817/6701 1755/1835/6702 1845/1838/6703
f 1608/1684/6704 128/3899/6705 119/3898/6706 1614/1685/6707
f 1609/1688/6708 1608/1686/6709 1614/1687/6710 1613/1689/6711
f 1604/1691/6712 1611/1690/6713 1609/1688/6714 1613/1689/6715
f 1600/1692/6716 1611/1690/6717 1604/1691/6718 1603/1693/6719
f 387/1694/6720 1600/1692/6721 1603/1693/6722 1602/1695/6723
f 1587/1697/6724 384/1696/6725 387/1694/6726 1602/1695/6727
f 225/1698/6728 228/1699/6729 384/1696/6730 1587/1697/6731
f 225/1698/6732 224/1701/6733 229/1700/6734 228/1699/6735
f 261/1702/6736 229/1700/6737 224/1701/6738 258/1703/6739
f 245/1704/6740 261/1702/6741 258/1703/6742 240/1705/6743
f 246/1706/6744 245/1704/6745 240/1705/6746 243/1707/6747
f 218/1708/6748 246/1706/6749 243/1707/6750 215/1709/6751
f 201/1710/6752 218/1708/6753 215/1709/6754 198/1711/6755
f 202/1712/6756 201/1710/6757 198/1711/6758 199/1713/6759
f 1627/1714/6760 202/1712/6761 199/1713/6762 1628/1715/6763
f 1650/1716/6764 1627/1714/6765 1628/1715/6766 1635/1717/6767
f 1634/1719/6768 279/1718/6769 1650/1716/6770 1635/1717/6771
f 377/1720/6772 278/1723/6773 279/1718/6774 1634/1719/6775
f 377/1720/6776 364/1721/6777 363/1722/6778 278/1723/6779
f 364/1724/6780 288/1727/6781 285/1726/6782 363/1725/6783
f 286/1728/6784 285/1726/6785 288/1727/6786 287/1729/6787
f 300/1730/6788 286/1728/6789 287/1729/6790 298/1731/6791
f 317/1732/6792 300/1730/6793 298/1731/6794 314/1733/6795
f 318/1734/6796 317/1732/6797 314/1733/6798 313/1735/6799
f 338/1736/6800 318/1734/6801 313/1735/6802 335/1737/6803
f 339/1738/6804 338/1736/6805 335/1737/6806 334/1739/6807
f 352/1740/6808 339/1738/6809 334/1739/6810 350/1741/6811
f 323/1742/6812 352/1740/6813 350/1741/6814 359/1743/6815
f 380/1745/6816 320/1744/6817 323/1742/6818 359/1743/6819
f 383/1746/6820 378/1747/6821 320/1744/6822 380/1745/6823
f 383/1746/6824 164/1751/6825 177/1750/6826 378/1747/6827
f 163/1748/6828 176/1749/6829 177/1750/6830 164/1751/6831
f 1499/1755/6832 1503/1754/6833 176/1752/6834 163/1753/6835
f 1498/1757/6836 1459/1756/6837 1503/1754/6838 1499/1755/6839
f 1457/1761/6840 1459/1756/6841 1498/1757/6842 1371/1758/6843
f 1371/1758/6844 1335/1759/6845 1455/1760/6846 1457/1761/6847
f 1335/1762/6848 1334/1764/6849 1453/1765/6850 1455/1763/6851
f 1334/1764/6852 1133/1766/6853 1451/1767/6854 1453/1765/6855
f 1133/1766/6856 1132/1768/6857 1449/1769/6858 1451/1767/6859
f 1132/1768/6860 1460/1770/6861 1302/1771/6862 1449/1769/6863
f 1460/1770/6864 1212/1773/6865 1258/1772/6866 1302/1771/6867
f 1259/1774/6868 1258/1772/6869 1212/1773/6870 1215/1775/6871
f 1167/1777/6872 1259/1774/6873 1215/1775/6874 1280/1776/6875
f 1280/1776/6876 1279/1779/6877 1168/1778/6878 1167/1777/6879
f 1171/1781/6880 1168/1778/6881 1279/1779/6882 1273/1780/6883
f 1273/1780/6884 1276/1783/6885 1172/1782/6886 1171/1781/6887
f 1177/1784/6888 1172/1782/6889 1276/1783/6890 1269/1785/6891
f 1178/1786/6892 1177/1784/6893 1269/1785/6894 1268/1787/6895
f 1181/1788/6896 1178/1786/6897 1268/1787/6898 1249/1789/6899
f 1182/1790/6900 1181/1788/6901 1249/1789/6902 1248/1791/6903
f 1185/1792/6904 1182/1790/6905 1248/1791/6906 1251/1793/6907
f 1186/1794/6908 1185/1792/6909 1251/1793/6910 1250/1795/6911
f 1238/1796/6912 1186/1794/6913 1250/1795/6914 1253/1797/6915
f 1252/1799/6916 1237/1798/6917 1238/1796/6918 1253/1797/6919
f 1254/1801/6920 1262/1800/6921 1237/1798/6922 1252/1799/6923
f 2023/2037/6924 2022/2035/6925 1262/1800/6926 1254/1801/6927
f 1752/1803/6928 1242/2034/6929 1255/2036/6930 1749/1804/6931
f 1823/1802/6932 1752/1803/6933 1749/1804/6934 1748/1527/6935
f 1832/1808/6936 1823/1805/6937 1748/1806/6938 1742/1807/6939
f 1742/1807/6940 1741/1810/6941 1829/1809/6942 1832/1808/6943
f 1830/1822/6944 1829/1809/6945 1741/1810/6946 1744/1823/6947
f 1746/1813/6948 1846/1826/6949 1744/1823/6950 1745/1811/6951
f 1831/1812/6952 1830/1822/6953 1847/1825/6954 1839/1820/6955
f 1747/1814/6956 1848/1824/6957 1846/1826/6958 1746/1813/6959
f 1848/1824/6960 1747/1814/6961 1754/1816/6962 1849/1818/6963
f 1753/1815/6964 1756/1817/6965 1849/1818/6966 1754/1816/6967
f 1849/1818/6968 1756/1817/6969 1844/1821/6970 1850/1828/6971
f 1839/1820/6972 1847/1825/6973 1851/1827/6974 1852/1845/6975
f 1851/1827/6976 1848/1824/6977 1849/1818/6978 1850/1828/6979
f 1842/1840/6980 1837/1819/6981 1839/1820/6982 1852/1845/6983
f 1853/1842/6984 1850/1828/6985 1844/1821/6986 1845/1838/6987
f 1846/1826/6988 1847/1825/6989 1830/1822/6990 1744/1823/6991
f 1848/1824/6992 1851/1827/6993 1847/1825/6994 1846/1826/6995
f 1852/1845/6996 1851/1827/6997 1850/1828/6998 1853/1842/6999
f 1780/1829/7000 1854/1847/7001 1855/1839/7002 1776/1836/7003
f 1854/1847/7004 1780/1829/7005 1782/1830/7006 1783/1831/7007
f 1808/1833/7008 1856/1848/7009 1854/1847/7010 1783/1831/7011
f 1809/1832/7012 1840/1834/7013 1856/1848/7014 1808/1833/7015
f 1840/1834/7016 1841/1837/7017 1857/1849/7018 1856/1848/7019
f 1855/1839/7020 1845/1838/7021 1755/1835/7022 1776/1836/7023
f 1854/1847/7024 1858/1846/7025 1859/1843/7026 1855/1839/7027
f 1857/1849/7028 1841/1837/7029 1843/1841/7030 1860/1844/7031
f 1859/1843/7032 1858/1846/7033 1857/1849/7034 1860/1844/7035
f 1859/1843/7036 1853/1842/7037 1845/1838/7038 1855/1839/7039
f 1842/1840/7040 1852/1845/7041 1860/1844/7042 1843/1841/7043
f 1853/1842/7044 1859/1843/7045 1860/1844/7046 1852/1845/7047
f 1858/1846/7048 1854/1847/7049 1856/1848/7050 1857/1849/7051
f 1415/1850/7052 1514/1851/7053 1513/1852/7054 1413/1853/7055
f 1034/1854/7056 1033/1855/7057 1009/1856/7058 1861/1857/7059
f 1060/1858/7060 1862/1859/7061 1013/1860/7062 1012/1861/7063
f 38/4073/7064 829/1862/7065 830/1863/7066 134/4074/7067
f 1882/1877/7068 1881/1888/7069 1869/1875/7070 1870/1864/7071
f 1883/1878/7072 1882/1877/7073 1870/1864/7074 1871/1865/7075
f 1884/1879/7076 1883/1878/7077 1871/1865/7078 1872/1866/7079
f 1885/1880/7080 1884/1879/7081 1872/1866/7082 1873/1867/7083
f 1886/1881/7084 1885/1880/7085 1873/1867/7086 1874/1868/7087
f 1887/1882/7088 1886/1881/7089 1874/1868/7090 1875/1869/7091
f 1888/1883/7092 1887/1882/7093 1875/1869/7094 1876/1870/7095
f 1889/1884/7096 1888/1883/7097 1876/1870/7098 1877/1871/7099
f 1890/1890/7100 1889/1884/7101 1877/1871/7102 1878/1876/7103
f 1892/1885/7104 1891/4381/7105 1865/4380/7106 1866/1872/7107
f 1893/1886/7108 1892/1885/7109 1866/1872/7110 1867/1873/7111
f 1894/1887/7112 1893/1886/7113 1867/1873/7114 1868/1874/7115
f 1881/1888/7116 1894/1887/7117 1868/1874/7118 1869/1875/7119
f 144/1940/7120 3998/1889/7121 3996/4432/7122 1942/4384/7123
f 1896/4115/7124 1890/1890/7125 1878/1876/7126 1879/4116/7127
f 3890/1926/7128 3916/4433/7129 3996/4432/7130 3998/1889/7131
f 1898/1892/7132 1897/1902/7133 1881/1888/7134 1882/1877/7135
f 1899/1893/7136 1898/1892/7137 1882/1877/7138 1883/1878/7139
f 1900/1894/7140 1899/1893/7141 1883/1878/7142 1884/1879/7143
f 1901/1895/7144 1900/1894/7145 1884/1879/7146 1885/1880/7147
f 1902/1896/7148 1901/1895/7149 1885/1880/7150 1886/1881/7151
f 1903/1897/7152 1902/1896/7153 1886/1881/7154 1887/1882/7155
f 1904/1898/7156 1903/1897/7157 1887/1882/7158 1888/1883/7159
f 1905/1909/7160 1904/1898/7161 1888/1883/7162 1889/1884/7163
f 1906/1920/7164 1905/1909/7165 1889/1884/7166 1890/1890/7167
f 1908/1899/7168 1907/4382/7169 1891/4381/7170 1892/1885/7171
f 1909/1900/7172 1908/1899/7173 1892/1885/7174 1893/1886/7175
f 1910/1901/7176 1909/1900/7177 1893/1886/7178 1894/1887/7179
f 1897/1902/7180 1910/1901/7181 1894/1887/7182 1881/1888/7183
f 3890/1926/7184 3998/1889/7185 4011/4402/7186 3825/4388/7187
f 1912/4110/7188 1906/1920/7189 1890/1890/7190 1896/4115/7191
f 1963/1929/7192 3609/1891/7193 3809/4092/7194 1961/4113/7195
f 1914/1903/7196 1913/1913/7197 1897/1902/7198 1898/1892/7199
f 1915/1904/7200 1914/1903/7201 1898/1892/7202 1899/1893/7203
f 1916/1905/7204 1915/1904/7205 1899/1893/7206 1900/1894/7207
f 1917/1906/7208 1916/1905/7209 1900/1894/7210 1901/1895/7211
f 1918/1907/7212 1917/1906/7213 1901/1895/7214 1902/1896/7215
f 1919/1908/7216 1918/1907/7217 1902/1896/7218 1903/1897/7219
f 1905/1909/7220 1919/1908/7221 1903/1897/7222 1904/1898/7223
f 1921/1910/7224 1920/4383/7225 1907/4382/7226 1908/1899/7227
f 1922/1911/7228 1921/1910/7229 1908/1899/7230 1909/1900/7231
f 1923/1912/7232 1922/1911/7233 1909/1900/7234 1910/1901/7235
f 1913/1913/7236 1923/1912/7237 1910/1901/7238 1897/1902/7239
f 1925/1914/7240 1924/1924/7241 1913/1913/7242 1914/1903/7243
f 1926/1915/7244 1925/1914/7245 1914/1903/7246 1915/1904/7247
f 1927/1916/7248 1926/1915/7249 1915/1904/7250 1916/1905/7251
f 1928/1917/7252 1927/1916/7253 1916/1905/7254 1917/1906/7255
f 1929/1918/7256 1928/1917/7257 1917/1906/7258 1918/1907/7259
f 1930/1919/7260 1929/1918/7261 1918/1907/7262 1919/1908/7263
f 1906/1920/7264 1930/1919/7265 1919/1908/7266 1905/1909/7267
f 1932/1921/7268 1931/4385/7269 1920/4383/7270 1921/1910/7271
f 1933/1922/7272 1932/1921/7273 1921/1910/7274 1922/1911/7275
f 1934/1923/7276 1933/1922/7277 1922/1911/7278 1923/1912/7279
f 1924/1924/7280 1934/1923/7281 1923/1912/7282 1913/1913/7283
f 1936/4093/7284 1935/4096/7285 1924/1924/7286 1925/1914/7287
f 1937/4089/7288 1936/4093/7289 1925/1914/7290 1926/1915/7291
f 1938/2001/7292 1937/4089/7293 1926/1915/7294 1927/1916/7295
f 1939/1996/7296 1938/2001/7297 1927/1916/7298 1928/1917/7299
f 1940/1994/7300 1939/1996/7301 1928/1917/7302 1929/1918/7303
f 1941/1942/7304 1940/1994/7305 1929/1918/7306 1930/1919/7307
f 1912/4110/7308 1941/1942/7309 1930/1919/7310 1906/1920/7311
f 1943/1938/7312 1942/4384/7313 1931/4385/7314 1932/1921/7315
f 1944/1933/7316 1943/1938/7317 1932/1921/7318 1933/1922/7319
f 1945/1931/7320 1944/1933/7321 1933/1922/7322 1934/1923/7323
f 1935/4096/7324 1945/1931/7325 1934/1923/7326 1924/1924/7327
f 137/4095/7328 3865/4159/7329 3875/4158/7330 147/1932/7331
f 147/1932/7332 3875/4158/7333 3874/4156/7334 146/1934/7335
f 146/1934/7336 3874/4156/7337 3873/4154/7338 145/1939/7339
f 145/1939/7340 3873/4154/7341 3872/4403/7342 144/1940/7343
f 136/4109/7344 3842/4151/7345 3871/4150/7346 143/1943/7347
f 143/1943/7348 3871/4150/7349 3870/4148/7350 142/1995/7351
f 142/1995/7352 3870/4148/7353 3869/4146/7354 141/1997/7355
f 141/1997/7356 3869/4146/7357 3868/4144/7358 140/2002/7359
f 140/2002/7360 3868/4144/7361 3867/4142/7362 139/4090/7363
f 139/4090/7364 3867/4142/7365 3866/4140/7366 138/4094/7367
f 138/4094/7368 3866/4140/7369 3865/4159/7370 137/4095/7371
f 135/4114/7372 3826/4112/7373 3842/4151/7374 136/4109/7375
f 1961/4113/7376 3809/4092/7377 3826/4112/7378 135/4114/7379
f 3890/1926/7380 3825/4388/7381 3917/4271/7382 1948/1928/7383
f 149/4161/7384 4022/4462/7385 1525/4461/7386 910/1925/7387
f 3140/2003/7388 2005/1927/7389 1948/1928/7390 3917/4271/7391
f 1948/1928/7392 1949/4185/7393 3916/4433/7394 3890/1926/7395
f 2005/1927/7396 2007/1998/7397 1949/4185/7398 1948/1928/7399
f 1963/1929/7400 1961/4113/7401 1879/4116/7402 1679/1930/7403
f 1935/4096/7404 137/4095/7405 147/1932/7406 1945/1931/7407
f 1945/1931/7408 147/1932/7409 146/1934/7410 1944/1933/7411
f 1944/1933/7412 146/1934/7413 145/1939/7414 1943/1938/7415
f 130/4192/7416 129/4189/7417 1957/1935/7418 1958/1937/7419
f 1959/1936/7420 131/4193/7421 130/4192/7422 1958/1937/7423
f 1943/1938/7424 145/1939/7425 144/1940/7426 1942/4384/7427
f 876/1941/7428 877/1972/7429 1960/4230/7430 39/4195/7431
f 136/4109/7432 143/1943/7433 1941/1942/7434 1912/4110/7435
f 1941/1942/7436 143/1943/7437 142/1995/7438 1940/1994/7439
f 1964/1945/7440 1965/1944/7441 127/4196/7442 124/4198/7443
f 124/4198/7444 1981/4227/7445 1980/1973/7446 1964/1945/7447
f 1967/1947/7448 1093/1974/7449 937/1979/7450 1966/1946/7451
f 1065/1948/7452 1093/1974/7453 1967/1947/7454 1968/1949/7455
f 927/1950/7456 1065/1948/7457 1968/1949/7458 1969/1951/7459
f 927/1950/7460 1969/1951/7461 1970/1953/7462 913/1952/7463
f 1971/1955/7464 916/1954/7465 913/1952/7466 1970/1953/7467
f 1972/1957/7468 915/1956/7469 916/1954/7470 1971/1955/7471
f 1973/1959/7472 1036/1958/7473 915/1956/7474 1972/1957/7475
f 1974/1961/7476 1092/1960/7477 1036/1958/7478 1973/1959/7479
f 1092/1960/7480 1974/1961/7481 1975/1963/7482 921/1962/7483
f 1976/1965/7484 920/1964/7485 921/1962/7486 1975/1963/7487
f 1977/1967/7488 923/1966/7489 920/1964/7490 1976/1965/7491
f 879/1968/7492 923/1966/7493 1977/1967/7494 1978/1969/7495
f 878/1970/7496 879/1968/7497 1978/1969/7498 1979/1971/7499
f 877/1972/7500 878/1970/7501 1979/1971/7502 1980/1973/7503
f 1981/4227/7504 1960/4230/7505 877/1972/7506 1980/1973/7507
f 1983/4390/7508 1982/2054/7509 1670/2053/7510 1674/1986/7511
f 1988/1981/7512 937/1979/7513 1093/1974/7514 1984/1975/7515
f 1988/1981/7516 1984/1975/7517 1985/1976/7518 1989/1983/7519
f 1990/1985/7520 1989/1983/7521 1985/1976/7522 1986/1977/7523
f 1991/4242/7524 1990/1985/7525 1986/1977/7526 1987/4233/7527
f 935/1980/7528 938/1978/7529 937/1979/7530 1988/1981/7531
f 935/1980/7532 1988/1981/7533 1989/1983/7534 834/1982/7535
f 833/1984/7536 834/1982/7537 1989/1983/7538 1990/1985/7539
f 50/4241/7540 833/1984/7541 1990/1985/7542 1991/4242/7543
f 1863/4389/7544 1983/4390/7545 1674/1986/7546 1672/1987/7547
f 2000/4178/7548 1999/4177/7549 1551/1988/7550 1555/1989/7551
f 2001/4176/7552 2000/4178/7553 1555/1989/7554 1554/1990/7555
f 1911/4182/7556 1993/1991/7557 1992/2011/7558 3935/4181/7559
f 1947/4184/7560 2004/1993/7561 1993/1991/7562 1911/4182/7563
f 1956/4264/7564 3489/4263/7565 2003/1992/7566 1946/4183/7567
f 1946/4183/7568 2003/1992/7569 2004/1993/7570 1947/4184/7571
f 1940/1994/7572 142/1995/7573 141/1997/7574 1939/1996/7575
f 1939/1996/7576 141/1997/7577 140/2002/7578 1938/2001/7579
f 1949/4185/7580 2007/1998/7581 2008/1999/7582 1950/4186/7583
f 1950/4186/7584 2008/1999/7585 2009/2000/7586 1951/4187/7587
f 1951/4187/7588 2009/2000/7589 2010/4254/7590 1952/4253/7591
f 1938/2001/7592 140/2002/7593 139/4090/7594 1937/4089/7595
f 3927/4272/7596 3988/2004/7597 3140/2003/7598 3917/4271/7599
f 3928/4273/7600 1557/2005/7601 3988/2004/7602 3927/4272/7603
f 3929/4274/7604 1558/2006/7605 1557/2005/7606 3928/4273/7607
f 3930/4275/7608 1559/2007/7609 1558/2006/7610 3929/4274/7611
f 3931/4277/7612 1560/2009/7613 1559/2007/7614 3930/4275/7615
f 3932/4276/7616 1561/2008/7617 1560/2009/7618 3931/4277/7619
f 3933/4278/7620 1562/2852/7621 1561/2010/7622 3932/4279/7623
f 3935/4181/7624 1992/2011/7625 1563/2764/7626 3934/4266/7627
f 1025/2012/7628 1539/2026/7629 2012/2029/7630 2013/2013/7631
f 1546/2014/7632 1025/2012/7633 2013/2013/7634 2014/2015/7635
f 1545/2016/7636 1546/2014/7637 2014/2015/7638 2015/2017/7639
f 1543/2018/7640 1545/2016/7641 2015/2017/7642 2016/2019/7643
f 1544/2020/7644 1543/2018/7645 2016/2019/7646 2017/2021/7647
f 1542/2022/7648 1544/2020/7649 2017/2021/7650 2018/2023/7651
f 2019/2025/7652 1541/2024/7653 1542/2022/7654 2018/2023/7655
f 1540/2027/7656 1541/2024/7657 2019/2025/7658 2020/2028/7659
f 1539/2026/7660 1540/2027/7661 2020/2028/7662 2012/2029/7663
f 1241/2032/7664 1153/2030/7665 1240/2031/7666 2021/2033/7667
f 1241/2032/7668 2021/2033/7669 2022/2035/7670 1242/2034/7671
f 1242/2034/7672 2022/2035/7673 2023/2037/7674 1255/2036/7675
f 1255/2036/7676 2023/2037/7677 2024/2040/7678 1256/2039/7679
f 1243/2096/7680 1207/2038/7681 1256/2039/7682 2024/2040/7683
f 2026/2087/7684 2025/2090/7685 1659/2052/7686 1658/2046/7687
f 2028/2056/7688 2027/2055/7689 1662/2042/7690 1661/2043/7691
f 2030/2059/7692 2029/2084/7693 1664/2041/7694 1663/2048/7695
f 2029/2084/7696 2031/2088/7697 1665/2047/7698 1664/2041/7699
f 2033/2058/7700 2032/2057/7701 1660/2044/7702 1666/2045/7703
f 2027/2055/7704 2034/2061/7705 1669/2050/7706 1662/2042/7707
f 2032/2057/7708 2028/2056/7709 1661/2043/7710 1660/2044/7711
f 2035/2062/7712 2033/2058/7713 1666/2045/7714 1670/2053/7715
f 2031/2088/7716 2026/2087/7717 1658/2046/7718 1665/2047/7719
f 2036/2060/7720 2030/2059/7721 1663/2048/7722 1680/2049/7723
f 2034/2061/7724 2036/2060/7725 1680/2049/7726 1669/2050/7727
f 2038/2089/7728 2037/4366/7729 127/4320/7730 1965/2051/7731
f 2025/2090/7732 2038/2089/7733 1965/2051/7734 1659/2052/7735
f 2039/2063/7736 2035/2062/7737 1670/2053/7738 1982/2054/7739
f 2041/2065/7740 2040/2064/7741 2027/2055/7742 2028/2056/7743
f 2043/2068/7744 2042/2083/7745 2029/2084/7746 2030/2059/7747
f 2045/2067/7748 2044/2066/7749 2032/2057/7750 2033/2058/7751
f 2040/2064/7752 2046/2070/7753 2034/2061/7754 2027/2055/7755
f 2044/2066/7756 2041/2065/7757 2028/2056/7758 2032/2057/7759
f 2047/2072/7760 2045/2067/7761 2033/2058/7762 2035/2062/7763
f 2048/2069/7764 2043/2068/7765 2030/2059/7766 2036/2060/7767
f 2046/2070/7768 2048/2069/7769 2036/2060/7770 2034/2061/7771
f 2049/4392/7772 2050/2073/7773 2039/2063/7774 1982/4391/7775
f 2050/2073/7776 2047/2072/7777 2035/2062/7778 2039/2063/7779
f 2052/2075/7780 2051/2074/7781 2040/2064/7782 2041/2065/7783
f 2054/2078/7784 2053/2085/7785 2042/2083/7786 2043/2068/7787
f 2056/2077/7788 2055/2076/7789 2044/2066/7790 2045/2067/7791
f 2051/2074/7792 2057/2080/7793 2046/2070/7794 2040/2064/7795
f 2055/2076/7796 2052/2075/7797 2041/2065/7798 2044/2066/7799
f 2058/2081/7800 2056/2077/7801 2045/2067/7802 2047/2072/7803
f 2059/2079/7804 2054/2078/7805 2043/2068/7806 2048/2069/7807
f 2057/2080/7808 2059/2079/7809 2048/2069/7810 2046/2070/7811
f 2060/2071/7812 2061/2082/7813 2050/2073/7814 2049/4392/7815
f 2061/2082/7816 2058/2081/7817 2047/2072/7818 2050/2073/7819
f 2063/4345/7820 2062/4342/7821 2051/2074/7822 2052/2075/7823
f 2074/2086/7824 2053/2085/7825 2054/2078/7826 2065/4351/7827
f 2067/4349/7828 2066/4346/7829 2055/2076/7830 2056/2077/7831
f 2062/4342/7832 2068/4354/7833 2057/2080/7834 2051/2074/7835
f 2066/4346/7836 2063/4345/7837 2052/2075/7838 2055/2076/7839
f 2069/4357/7840 2067/4349/7841 2056/2077/7842 2058/2081/7843
f 2070/4353/7844 2065/4351/7845 2054/2078/7846 2059/2079/7847
f 2068/4354/7848 2070/4353/7849 2059/2079/7850 2057/2080/7851
f 2071/4416/7852 2072/4358/7853 2061/2082/7854 2060/4393/7855
f 2072/4358/7856 2069/4357/7857 2058/2081/7858 2061/2082/7859
f 2074/2086/7860 2073/2091/7861 2025/2090/7862 2026/2087/7863
f 2042/2083/7864 2053/2085/7865 2031/2088/7866 2029/2084/7867
f 2053/2085/7868 2074/2086/7869 2026/2087/7870 2031/2088/7871
f 2075/2092/7872 2064/4372/7873 2037/4366/7874 2038/2089/7875
f 2073/2091/7876 2075/2092/7877 2038/2089/7878 2025/2090/7879
f 2076/4370/7880 2073/2091/7881 2074/2086/7882 2065/4351/7883
f 2077/4373/7884 2075/2092/7885 2073/2091/7886 2076/4370/7887
f 2064/4372/7888 2075/2092/7889 2077/4373/7890
f 1205/2095/7891 1208/2098/7892 74/2093/7893 93/2094/7894
f 1205/2095/7895 1243/2096/7896 1211/2097/7897 1208/2098/7898
f 2080/2105/7899 2083/3353/7900 2082/3357/7901 2081/2104/7902
f 2084/3313/7903 2087/2103/7904 2086/2099/7905 2085/3314/7906
f 2088/3356/7907 2091/3327/7908 2090/3326/7909 2089/3358/7910
f 2092/2100/7911 2095/3453/7912 2094/3963/7913 2093/2101/7914
f 2096/2124/7915 2098/3305/7916 2097/3301/7917 2095/3453/7918
f 2099/3322/7919 2100/2102/7920 2087/2103/7921 2084/3313/7922
f 2101/2106/7923 2102/2179/7924 2080/2105/7925 2081/2104/7926
f 2080/2105/7927 2104/2153/7928 2103/3354/7929 2083/3353/7930
f 2102/2179/7931 2105/2178/7932 2104/2153/7933 2080/2105/7934
f 2106/3965/7935 2107/3964/7936 2102/2179/7937 2101/2106/7938
f 2108/3541/7939 2111/3539/7940 2110/3260/7941 2109/3259/7942
f 2112/2121/7943 2115/3544/7944 2114/3546/7945 2113/3543/7946
f 2116/3423/7947 2119/3547/7948 2118/3160/7949 2117/3425/7950
f 2120/2120/7951 2123/2122/7952 2122/2173/7953 2121/2151/7954
f 2124/3258/7955 2127/3237/7956 2126/3422/7957 2125/3424/7958
f 2128/3924/7959 2129/3926/7960 2126/3422/7961 2127/3237/7962
f 2130/2107/7963 2133/3421/7964 2132/3927/7965 2131/3925/7966
f 2133/3421/7967 2130/2107/7968 2135/3256/7969 2134/3420/7970
f 2136/3538/7971 2139/3540/7972 2138/3406/7973 2137/3405/7974
f 2140/2119/7975 2120/2120/7976 2121/2151/7977 2141/2157/7978
f 2142/2118/7979 2144/3239/7980 2124/3258/7981 2143/3257/7982
f 2145/3922/7983 2128/3924/7984 2127/3237/7985 2146/3238/7986
f 2147/2108/7987 2130/2107/7988 2131/3925/7989 2148/3923/7990
f 2130/2107/7991 2147/2108/7992 2149/3254/7993 2135/3256/7994
f 2150/3404/7995 2153/3407/7996 2152/3255/7997 2151/3401/7998
f 2154/3914/7999 2157/3246/8000 2156/3247/8001 2155/3912/8002
f 2158/3913/8003 2161/3288/8004 2160/3287/8005 2159/3915/8006
f 2162/2110/8007 2165/2116/8008 2164/2156/8009 2163/2161/8010
f 2166/2111/8011 2167/2117/8012 2165/2116/8013 2162/2110/8014
f 2166/2111/8015 2169/3243/8016 2168/3241/8017 2167/2117/8018
f 2170/3918/8019 2173/3920/8020 2172/3240/8021 2171/3242/8022
f 2174/2112/8023 2177/2109/8024 2176/3921/8025 2175/3919/8026
f 2177/2109/8027 2174/2112/8028 2179/3250/8029 2178/3252/8030
f 2180/2163/8031 2183/2159/8032 2182/3253/8033 2181/3251/8034
f 2165/2116/8035 2140/2119/8036 2141/2157/8037 2164/2156/8038
f 2167/2117/8039 2168/3241/8040 2144/3239/8041 2142/2118/8042
f 2173/3920/8043 2145/3922/8044 2146/3238/8045 2172/3240/8046
f 2177/2109/8047 2147/2108/8048 2148/3923/8049 2176/3921/8050
f 2147/2108/8051 2177/2109/8052 2178/3252/8053 2149/3254/8054
f 2183/2159/8055 2151/3401/8056 2152/3255/8057 2182/3253/8058
f 2184/2113/8059 2162/2110/8060 2163/2161/8061 2185/2165/8062
f 2186/2114/8063 2166/2111/8064 2162/2110/8065 2184/2113/8066
f 2186/2114/8067 2187/3245/8068 2169/3243/8069 2166/2111/8070
f 2188/3916/8071 2170/3918/8072 2171/3242/8073 2189/3244/8074
f 2190/2115/8075 2174/2112/8076 2175/3919/8077 2191/3917/8078
f 2174/2112/8079 2190/2115/8080 2192/3248/8081 2179/3250/8082
f 2193/2168/8083 2180/2163/8084 2181/3251/8085 2194/3249/8086
f 2195/3320/8087 2184/2113/8088 2185/2165/8089 2196/3318/8090
f 2197/3319/8091 2186/2114/8092 2184/2113/8093 2195/3320/8094
f 2197/3319/8095 2198/3309/8096 2187/3245/8097 2186/2114/8098
f 2154/3914/8099 2188/3916/8100 2189/3244/8101 2157/3246/8102
f 2160/3287/8103 2190/2115/8104 2191/3917/8105 2159/3915/8106
f 2190/2115/8107 2160/3287/8108 2199/3343/8109 2192/3248/8110
f 2200/3349/8111 2193/2168/8112 2194/3249/8113 2201/3345/8114
f 2165/2116/8115 2167/2117/8116 2142/2118/8117 2140/2119/8118
f 2142/2118/8119 2143/3257/8120 2120/2120/8121 2140/2119/8122
f 2143/3257/8123 2202/3427/8124 2123/2122/8125 2120/2120/8126
f 2202/3427/8127 2204/3426/8128 2203/3442/8129 2123/2122/8130
f 2112/2121/8131 2109/3259/8132 2206/3261/8133 2205/3164/8134
f 2207/2169/8135 2115/3544/8136 2112/2121/8137 2205/3164/8138
f 2208/3935/8139 2209/3933/8140 2115/3544/8141 2207/2169/8142
f 2123/2122/8143 2203/3442/8144 2210/3445/8145 2122/2173/8146
f 2211/3466/8147 2214/3169/8148 2213/2148/8149 2212/3398/8150
f 2214/3169/8151 2216/3943/8152 2215/3941/8153 2213/2148/8154
f 2217/3942/8155 2220/3397/8156 2219/3158/8157 2218/3940/8158
f 2221/2149/8159 2224/2123/8160 2223/3436/8161 2222/3439/8162
f 2225/3438/8163 2220/3397/8164 2227/3432/8165 2226/3435/8166
f 2228/3944/8167 2227/3432/8168 2220/3397/8169 2217/3942/8170
f 2229/3416/8171 2230/3945/8172 2216/3943/8173 2214/3169/8174
f 2231/3400/8175 2234/3467/8176 2233/3469/8177 2232/3408/8178
f 2235/2146/8179 2238/2127/8180 2237/3428/8181 2236/3430/8182
f 2239/3434/8183 2242/3433/8184 2241/2129/8185 2240/2145/8186
f 2243/3948/8187 2241/2129/8188 2242/3433/8189 2244/3946/8190
f 2245/3410/8191 2248/3949/8192 2247/3947/8193 2246/3415/8194
f 2096/2124/8195 2100/2125/8196 2249/3302/8197 2098/3305/8198
f 2250/3959/8199 2253/3957/8200 2252/2174/8201 2251/2177/8202
f 2104/2153/8203 2105/2178/8204 2255/2175/8205 2254/2166/8206
f 2256/2132/8207 2259/2131/8208 2258/2126/8209 2257/2143/8210
f 2260/2133/8211 2256/2132/8212 2257/2143/8213 2261/2144/8214
f 2261/2144/8215 2263/2128/8216 2262/2134/8217 2260/2133/8218
f 2264/3952/8219 2262/2134/8220 2263/2128/8221 2265/3950/8222
f 2266/2135/8223 2269/3953/8224 2268/3951/8225 2267/3419/8226
f 2266/2135/8227 2267/3419/8228 2271/2130/8229 2270/2136/8230
f 2272/2162/8231 2270/2136/8232 2271/2130/8233 2273/2158/8234
f 2257/2143/8235 2258/2126/8236 2238/2127/8237 2235/2146/8238
f 2240/2145/8239 2241/2129/8240 2263/2128/8241 2261/2144/8242
f 2265/3950/8243 2263/2128/8244 2241/2129/8245 2243/3948/8246
f 2267/3419/8247 2245/3410/8248 2274/3412/8249 2271/2130/8250
f 2273/2158/8251 2271/2130/8252 2274/3412/8253 2275/3411/8254
f 2276/2138/8255 2277/2137/8256 2259/2131/8257 2256/2132/8258
f 2278/2139/8259 2276/2138/8260 2256/2132/8261 2260/2133/8262
f 2260/2133/8263 2262/2134/8264 2279/2140/8265 2278/2139/8266
f 2280/3954/8267 2279/2140/8268 2262/2134/8269 2264/3952/8270
f 2281/2141/8271 2282/3955/8272 2269/3953/8273 2266/2135/8274
f 2281/2141/8275 2266/2135/8276 2270/2136/8277 2283/2142/8278
f 2284/2167/8279 2283/2142/8280 2270/2136/8281 2272/2162/8282
f 2285/3304/8283 2286/3303/8284 2277/2137/8285 2276/2138/8286
f 2287/3300/8287 2285/3304/8288 2276/2138/8289 2278/2139/8290
f 2278/2139/8291 2279/2140/8292 2288/3299/8293 2287/3300/8294
f 2289/3956/8295 2288/3299/8296 2279/2140/8297 2280/3954/8298
f 2252/2174/8299 2253/3957/8300 2282/3955/8301 2281/2141/8302
f 2252/2174/8303 2281/2141/8304 2283/2142/8305 2255/2175/8306
f 2254/2166/8307 2255/2175/8308 2283/2142/8309 2284/2167/8310
f 2257/2143/8311 2235/2146/8312 2240/2145/8313 2261/2144/8314
f 2240/2145/8315 2235/2146/8316 2236/3430/8317 2239/3434/8318
f 2226/3435/8319 2290/3431/8320 2222/3439/8321 2225/3438/8322
f 2213/2148/8323 2292/2147/8324 2291/3167/8325 2212/3398/8326
f 2293/3939/8327 2292/2147/8328 2213/2148/8329 2215/3941/8330
f 2218/3940/8331 2219/3158/8332 2295/3157/8333 2294/3938/8334
f 2222/3439/8335 2290/3431/8336 2296/3429/8337 2221/2149/8338
f 2297/3537/8339 2298/3463/8340 2110/3260/8341 2111/3539/8342
f 2295/2171/8343 2299/3159/8344 2118/3160/8345 2119/3547/8346
f 2300/3446/8347 2301/3444/8348 2223/3441/8349 2224/3447/8350
f 2296/2172/8351 2237/2150/8352 2121/2151/8353 2122/2173/8354
f 2237/2150/8355 2238/2154/8356 2141/2157/8357 2121/2151/8358
f 2302/3321/8359 2249/3307/8360 2100/2152/8361 2099/3322/8362
f 2200/3349/8363 2103/3354/8364 2104/2153/8365 2254/2166/8366
f 2258/2155/8367 2259/2160/8368 2163/2161/8369 2164/2156/8370
f 2272/2162/8371 2273/2158/8372 2183/2159/8373 2180/2163/8374
f 2238/2154/8375 2258/2155/8376 2164/2156/8377 2141/2157/8378
f 2273/2158/8379 2275/3411/8380 2151/3401/8381 2183/2159/8382
f 2259/2160/8383 2277/2164/8384 2185/2165/8385 2163/2161/8386
f 2284/2167/8387 2272/2162/8388 2180/2163/8389 2193/2168/8390
f 2277/2164/8391 2286/3306/8392 2196/3318/8393 2185/2165/8394
f 2254/2166/8395 2284/2167/8396 2193/2168/8397 2200/3349/8398
f 2298/3463/8399 2304/3464/8400 2303/3462/8401 2110/3260/8402
f 2305/3162/8403 2206/3261/8404 2303/3462/8405 2306/3161/8406
f 2292/2170/8407 2207/2169/8408 2205/3164/8409 2291/3163/8410
f 2208/3935/8411 2207/2169/8412 2292/2170/8413 2293/3936/8414
f 2307/3934/8415 2294/3937/8416 2295/2171/8417 2119/3547/8418
f 2221/3448/8419 2296/2172/8420 2122/2173/8421 2210/3445/8422
f 2308/3961/8423 2309/2176/8424 2102/2179/8425 2107/3964/8426
f 2105/2178/8427 2251/2177/8428 2252/2174/8429 2255/2175/8430
f 2310/3958/8431 2311/3454/8432 2288/3299/8433 2289/3956/8434
f 2312/3455/8435 2311/3454/8436 2310/3958/8437 2313/3960/8438
f 2308/3961/8439 2250/3959/8440 2251/2177/8441 2309/2176/8442
f 2309/2176/8443 2251/2177/8444 2105/2178/8445 2102/2179/8446
f 2314/3911/8447 2317/3909/8448 2316/3290/8449 2315/3289/8450
f 2088/3356/8451 2319/3355/8452 2318/3348/8453 2091/3327/8454
f 2320/3872/8455 2323/2180/8456 2322/3126/8457 2321/3876/8458
f 2323/2181/8459 2325/2182/8460 2324/2187/8461 2322/2185/8462
f 2326/2183/8463 2329/2184/8464 2328/2262/8465 2327/2186/8466
f 2325/2182/8467 2326/2183/8468 2327/2186/8469 2324/2187/8470
f 2329/2184/8471 2331/2195/8472 2330/2196/8473 2328/2262/8474
f 2332/3127/8475 2335/3130/8476 2334/3857/8477 2333/3877/8478
f 2336/2202/8479 2337/2205/8480 2322/2185/8481 2324/2187/8482
f 2328/2262/8483 2339/2264/8484 2338/2197/8485 2327/2186/8486
f 2327/2186/8487 2338/2197/8488 2336/2202/8489 2324/2187/8490
f 2330/2196/8491 2341/2194/8492 2340/2263/8493 2328/2262/8494
f 2342/2201/8495 2345/2206/8496 2344/2385/8497 2343/2388/8498
f 2346/2199/8499 2347/2208/8500 2345/2207/8501 2342/2200/8502
f 2340/2263/8503 2350/2188/8504 2349/2246/8505 2348/2245/8506
f 2351/2251/8507 2352/2250/8508 2347/2208/8509 2346/2199/8510
f 2341/2194/8511 2353/2193/8512 2350/2188/8513 2340/2263/8514
f 2354/2215/8515 2357/3828/8516 2356/3834/8517 2355/3833/8518
f 2358/2211/8519 2359/2219/8520 2357/2218/8521 2354/2212/8522
f 2350/2188/8523 2361/2189/8524 2360/2248/8525 2349/2246/8526
f 2362/2255/8527 2363/2254/8528 2359/2219/8529 2358/2211/8530
f 2353/2193/8531 2364/2192/8532 2361/2189/8533 2350/2188/8534
f 2365/2222/8535 2368/2226/8536 2367/2225/8537 2366/2223/8538
f 2361/2189/8539 2370/2384/8540 2369/2247/8541 2360/2248/8542
f 2371/2259/8543 2372/2258/8544 2368/2226/8545 2365/2222/8546
f 2364/2192/8547 2373/2191/8548 2370/2384/8549 2361/2189/8550
f 2374/2233/8551 2377/3764/8552 2376/3768/8553 2375/3767/8554
f 2378/2229/8555 2379/2235/8556 2377/2234/8557 2374/2230/8558
f 2380/2261/8559 2381/2283/8560 2379/2235/8561 2378/2229/8562
f 2382/2383/8563 2384/2377/8564 2383/2381/8565 2370/2384/8566
f 2385/3775/8567 2388/3770/8568 2387/3776/8569 2386/3777/8570
f 2389/3766/8571 2390/2238/8572 2388/3770/8573 2385/3775/8574
f 2391/2286/8575 2392/2288/8576 2390/2239/8577 2389/2236/8578
f 2393/3497/8579 2396/2295/8580 2395/2294/8581 2394/2380/8582
f 2397/2379/8583 2400/2190/8584 2399/3758/8585 2398/3762/8586
f 2401/3772/8587 2404/2266/8588 2403/3773/8589 2402/3774/8590
f 2405/2244/8591 2406/2265/8592 2404/2266/8593 2401/3772/8594
f 2407/2240/8595 2408/2269/8596 2406/2268/8597 2405/2241/8598
f 2409/2301/8599 2410/2300/8600 2408/2269/8601 2407/2240/8602
f 2411/2278/8603 2397/2379/8604 2413/3488/8605 2412/3487/8606
f 2414/2316/8607 2417/2326/8608 2416/3480/8609 2415/3479/8610
f 2418/2314/8611 2419/2325/8612 2417/2326/8613 2414/2316/8614
f 2420/2310/8615 2421/2328/8616 2419/2327/8617 2418/2311/8618
f 2422/2279/8619 2425/2274/8620 2424/2365/8621 2423/2368/8622
f 2426/2363/8623 2427/2362/8624 2421/2328/8625 2420/2310/8626
f 2393/3497/8627 2428/3493/8628 2422/2279/8629 2396/2295/8630
f 2397/2379/8631 2411/2278/8632 2429/2276/8633 2400/2190/8634
f 2430/3511/8635 2433/2277/8636 2432/3486/8637 2431/3510/8638
f 2434/3491/8639 2436/3517/8640 2435/3520/8641 2425/2274/8642
f 2433/2277/8643 2430/3511/8644 2438/3513/8645 2437/2275/8646
f 2439/3485/8647 2442/3484/8648 2441/2376/8649 2440/2358/8650
f 2439/3485/8651 2445/2357/8652 2444/3508/8653 2443/3507/8654
f 2437/2275/8655 2438/3513/8656 2447/3515/8657 2446/3490/8658
f 2400/2190/8659 2429/2276/8660 2449/3492/8661 2448/3496/8662
f 2400/2190/8663 2448/3496/8664 2450/3498/8665 2399/3758/8666
f 2451/3761/8667 2453/3760/8668 2452/2382/8669 2373/2191/8670
f 2454/3735/8671 2451/3761/8672 2373/2191/8673 2364/2192/8674
f 2455/3734/8675 2454/3735/8676 2364/2192/8677 2353/2193/8678
f 2456/3732/8679 2455/3734/8680 2353/2193/8681 2341/2194/8682
f 2457/3731/8683 2456/3732/8684 2341/2194/8685 2330/2196/8686
f 2331/2195/8687 2458/3730/8688 2457/3731/8689 2330/2196/8690
f 2338/2197/8691 2460/2198/8692 2459/2203/8693 2336/2202/8694
f 2348/2245/8695 2460/2198/8696 2338/2197/8697 2339/2264/8698
f 2351/2251/8699 2460/2198/8700 2348/2245/8701 2461/2252/8702
f 2460/2198/8703 2351/2251/8704 2346/2199/8705 2459/2203/8706
f 2459/2203/8707 2346/2199/8708 2342/2200/8709 2462/2204/8710
f 2462/3128/8711 2342/2201/8712 2343/2388/8713 2463/3861/8714
f 2464/3858/8715 2467/2387/8716 2466/2216/8717 2465/3859/8718
f 2335/3130/8719 2469/3129/8720 2468/3862/8721 2334/3857/8722
f 2336/2202/8723 2459/2203/8724 2462/2204/8725 2337/2205/8726
f 2470/3860/8727 2473/2217/8728 2472/2386/8729 2471/3842/8730
f 2345/2206/8731 2475/2214/8732 2474/3843/8733 2344/2385/8734
f 2347/2208/8735 2476/2210/8736 2475/2213/8737 2345/2207/8738
f 2352/2250/8739 2477/2209/8740 2476/2210/8741 2347/2208/8742
f 2349/2246/8743 2477/2209/8744 2352/2250/8745 2478/2249/8746
f 2362/2255/8747 2477/2209/8748 2349/2246/8749 2479/2256/8750
f 2477/2209/8751 2362/2255/8752 2358/2211/8753 2476/2210/8754
f 2476/2210/8755 2358/2211/8756 2354/2212/8757 2475/2213/8758
f 2475/2214/8759 2354/2215/8760 2355/3833/8761 2474/3843/8762
f 2466/2216/8763 2467/2387/8764 2472/2386/8765 2473/2217/8766
f 2465/3859/8767 2466/2216/8768 2473/2217/8769 2470/3860/8770
f 2359/2219/8771 2481/2221/8772 2480/2224/8773 2357/2218/8774
f 2363/2254/8775 2482/2220/8776 2481/2221/8777 2359/2219/8778
f 2360/2248/8779 2482/2220/8780 2363/2254/8781 2483/2253/8782
f 2371/2259/8783 2482/2220/8784 2360/2248/8785 2484/2260/8786
f 2482/2220/8787 2371/2259/8788 2365/2222/8789 2481/2221/8790
f 2481/2221/8791 2365/2222/8792 2366/2223/8793 2480/2224/8794
f 2367/3823/8795 2487/2232/8796 2486/3846/8797 2485/3824/8798
f 2368/2226/8799 2488/2228/8800 2487/2231/8801 2367/2225/8802
f 2372/2258/8803 2489/2227/8804 2488/2228/8805 2368/2226/8806
f 2369/2247/8807 2489/2227/8808 2372/2258/8809 2490/2257/8810
f 2380/2261/8811 2489/2227/8812 2369/2247/8813 2491/2291/8814
f 2489/2227/8815 2380/2261/8816 2378/2229/8817 2488/2228/8818
f 2488/2228/8819 2378/2229/8820 2374/2230/8821 2487/2231/8822
f 2487/2232/8823 2374/2233/8824 2375/3767/8825 2486/3846/8826
f 2379/2235/8827 2493/2284/8828 2492/2237/8829 2377/2234/8830
f 2381/2283/8831 2494/2285/8832 2493/2284/8833 2379/2235/8834
f 2493/2284/8835 2391/2286/8836 2389/2236/8837 2492/2237/8838
f 2390/2238/8839 2496/2243/8840 2495/3771/8841 2388/3770/8842
f 2392/2288/8843 2497/2287/8844 2496/2242/8845 2390/2239/8846
f 2498/2289/8847 2409/2301/8848 2407/2240/8849 2497/2287/8850
f 2497/2287/8851 2407/2240/8852 2405/2241/8853 2496/2242/8854
f 2496/2243/8855 2405/2244/8856 2401/3772/8857 2495/3771/8858
f 2349/2246/8859 2478/2249/8860 2461/2252/8861 2348/2245/8862
f 2360/2248/8863 2483/2253/8864 2479/2256/8865 2349/2246/8866
f 2369/2247/8867 2490/2257/8868 2484/2260/8869 2360/2248/8870
f 2478/2249/8871 2352/2250/8872 2351/2251/8873 2461/2252/8874
f 2483/2253/8875 2363/2254/8876 2362/2255/8877 2479/2256/8878
f 2490/2257/8879 2372/2258/8880 2371/2259/8881 2484/2260/8882
f 2499/2290/8883 2381/2283/8884 2380/2261/8885 2491/2291/8886
f 2328/2262/8887 2340/2263/8888 2348/2245/8889 2339/2264/8890
f 2404/2266/8891 2501/2273/8892 2500/3799/8893 2403/3773/8894
f 2406/2265/8895 2502/2272/8896 2501/2273/8897 2404/2266/8898
f 2408/2269/8899 2503/2271/8900 2502/2267/8901 2406/2268/8902
f 2410/2300/8903 2504/2270/8904 2503/2271/8905 2408/2269/8906
f 2505/2302/8907 2504/2270/8908 2410/2300/8909 2506/2303/8910
f 2507/2323/8911 2504/2270/8912 2505/2302/8913 2508/2324/8914
f 2504/2270/8915 2507/2323/8916 2509/2280/8917 2503/2271/8918
f 2503/2271/8919 2509/2280/8920 2510/2281/8921 2502/2267/8922
f 2502/2272/8923 2510/2282/8924 2511/2317/8925 2501/2273/8926
f 2501/2273/8927 2511/2317/8928 2512/2319/8929 2500/3799/8930
f 2428/3493/8931 2434/3491/8932 2425/2274/8933 2422/2279/8934
f 2429/2276/8935 2437/2275/8936 2446/3490/8937 2449/3492/8938
f 2411/2278/8939 2433/2277/8940 2437/2275/8941 2429/2276/8942
f 2433/2277/8943 2411/2278/8944 2412/3487/8945 2432/3486/8946
f 2396/2295/8947 2422/2279/8948 2423/2368/8949 2505/2302/8950
f 2507/2323/8951 2514/2322/8952 2513/2307/8953 2509/2280/8954
f 2509/2280/8955 2513/2307/8956 2515/2306/8957 2510/2281/8958
f 2510/2282/8959 2515/2305/8960 2516/2318/8961 2511/2317/8962
f 2370/2384/8963 2383/2381/8964 2517/2298/8965 2369/2247/8966
f 2518/2299/8967 2517/2298/8968 2383/2381/8969 2395/2294/8970
f 2519/2292/8971 2392/2288/8972 2391/2286/8973 2520/2293/8974
f 2494/2285/8975 2381/2283/8976 2499/2290/8977 2517/2298/8978
f 2520/2293/8979 2494/2285/8980 2517/2298/8981 2521/2297/8982
f 2493/2284/8983 2494/2285/8984 2520/2293/8985 2391/2286/8986
f 2519/2292/8987 2498/2289/8988 2497/2287/8989 2392/2288/8990
f 2518/2299/8991 2498/2289/8992 2519/2292/8993 2522/2296/8994
f 2409/2301/8995 2498/2289/8996 2518/2299/8997 2523/2304/8998
f 2517/2298/8999 2499/2290/9000 2491/2291/9001 2369/2247/9002
f 2519/2292/9003 2520/2293/9004 2521/2297/9005 2522/2296/9006
f 2505/2302/9007 2518/2299/9008 2395/2294/9009 2396/2295/9010
f 2522/2296/9011 2521/2297/9012 2517/2298/9013 2518/2299/9014
f 2506/2303/9015 2410/2300/9016 2409/2301/9017 2523/2304/9018
f 2505/2302/9019 2506/2303/9020 2523/2304/9021 2518/2299/9022
f 2516/2318/9023 2526/2315/9024 2525/3809/9025 2524/2320/9026
f 2515/2305/9027 2527/2313/9028 2526/2315/9029 2516/2318/9030
f 2513/2307/9031 2528/2309/9032 2527/2312/9033 2515/2306/9034
f 2514/2322/9035 2529/2308/9036 2528/2309/9037 2513/2307/9038
f 2423/2368/9039 2529/2308/9040 2514/2322/9041 2530/2321/9042
f 2426/2363/9043 2529/2308/9044 2423/2368/9045 2531/2367/9046
f 2529/2308/9047 2426/2363/9048 2420/2310/9049 2528/2309/9050
f 2528/2309/9051 2420/2310/9052 2418/2311/9053 2527/2312/9054
f 2527/2313/9055 2418/2314/9056 2414/2316/9057 2526/2315/9058
f 2526/2315/9059 2414/2316/9060 2415/3479/9061 2525/3809/9062
f 2511/2317/9063 2516/2318/9064 2524/2320/9065 2512/2319/9066
f 2512/2319/9067 2524/2320/9068 2525/3809/9069 2500/3799/9070
f 2423/2368/9071 2530/2321/9072 2508/2324/9073 2505/2302/9074
f 2530/2321/9075 2514/2322/9076 2507/2323/9077 2508/2324/9078
f 2417/2326/9079 2533/2333/9080 2532/3808/9081 2416/3480/9082
f 2419/2325/9083 2534/2332/9084 2533/2333/9085 2417/2326/9086
f 2421/2328/9087 2535/2330/9088 2534/2331/9089 2419/2327/9090
f 2427/2362/9091 2536/2329/9092 2535/2330/9093 2421/2328/9094
f 2424/2365/9095 2536/2329/9096 2427/2362/9097 2537/2366/9098
f 2538/2371/9099 2536/2329/9100 2424/2365/9101 2539/2372/9102
f 2536/2329/9103 2538/2371/9104 2540/2336/9105 2535/2330/9106
f 2535/2330/9107 2540/2336/9108 2541/2335/9109 2534/2331/9110
f 2534/2332/9111 2541/2334/9112 2542/2350/9113 2533/2333/9114
f 2533/2333/9115 2542/2350/9116 2543/2349/9117 2532/3808/9118
f 2544/3518/9119 2547/3495/9120 2546/3489/9121 2545/3521/9122
f 2548/3514/9123 2551/3698/9124 2550/3494/9125 2549/3516/9126
f 2552/3684/9127 2555/3699/9128 2554/3512/9129 2553/3509/9130
f 2556/2346/9131 2557/2351/9132 2542/2350/9133 2541/2334/9134
f 2540/2336/9135 2558/2344/9136 2556/2343/9137 2541/2335/9138
f 2538/2371/9139 2559/2370/9140 2558/2344/9141 2540/2336/9142
f 2560/2354/9143 2563/2353/9144 2562/2339/9145 2561/2337/9146
f 2564/2340/9147 2565/2356/9148 2560/2355/9149 2561/2338/9150
f 2566/2373/9151 2567/3501/9152 2565/2356/9153 2564/2340/9154
f 2568/2364/9155 2424/2365/9156 2425/2274/9157 2435/3520/9158
f 2569/3481/9159 2562/2339/9160 2563/2353/9161 2570/3482/9162
f 2571/2347/9163 2561/2337/9164 2562/2339/9165 2572/2348/9166
f 2573/2345/9167 2564/2340/9168 2561/2338/9169 2571/2342/9170
f 2572/2348/9171 2562/2339/9172 2569/3481/9173 2574/3810/9174
f 2568/2364/9175 2576/2341/9176 2559/2370/9177 2575/2369/9178
f 2566/2373/9179 2576/2341/9180 2568/2364/9181 2577/3505/9182
f 2546/3489/9183 2579/3506/9184 2578/3519/9185 2545/3521/9186
f 2576/2341/9187 2566/2373/9188 2564/2340/9189 2573/2345/9190
f 2573/2345/9191 2558/2344/9192 2559/2370/9193 2576/2341/9194
f 2571/2342/9195 2556/2343/9196 2558/2344/9197 2573/2345/9198
f 2572/2348/9199 2557/2351/9200 2556/2346/9201 2571/2347/9202
f 2574/3810/9203 2580/2352/9204 2557/2351/9205 2572/2348/9206
f 2532/3808/9207 2543/2349/9208 2580/2352/9209 2574/3810/9210
f 2543/2349/9211 2542/2350/9212 2557/2351/9213 2580/2352/9214
f 2563/2353/9215 2582/2361/9216 2581/3811/9217 2570/3482/9218
f 2583/2360/9219 2582/2361/9220 2563/2353/9221 2560/2354/9222
f 2565/2356/9223 2445/2357/9224 2583/2359/9225 2560/2355/9226
f 2567/3501/9227 2444/3508/9228 2445/2357/9229 2565/2356/9230
f 2445/2357/9231 2439/3485/9232 2440/2358/9233 2583/2359/9234
f 2583/2360/9235 2440/2374/9236 2584/2375/9237 2582/2361/9238
f 2582/2361/9239 2584/2375/9240 2585/3483/9241 2581/3811/9242
f 2537/2366/9243 2427/2362/9244 2426/2363/9245 2531/2367/9246
f 2568/2364/9247 2575/2369/9248 2539/2372/9249 2424/2365/9250
f 2424/2365/9251 2537/2366/9252 2531/2367/9253 2423/2368/9254
f 2575/2369/9255 2559/2370/9256 2538/2371/9257 2539/2372/9258
f 2577/3505/9259 2586/3504/9260 2567/3501/9261 2566/2373/9262
f 2440/2374/9263 2441/3451/9264 2587/3452/9265 2584/2375/9266
f 2584/2375/9267 2587/3452/9268 2588/3662/9269 2585/3483/9270
f 2589/3649/9271 2592/3652/9272 2591/3499/9273 2590/3500/9274
f 2591/3499/9275 2592/3652/9276 2594/3655/9277 2593/3502/9278
f 2442/3484/9279 2594/3655/9280 2595/3654/9281 2441/2376/9282
f 2596/3503/9283 2593/3502/9284 2594/3655/9285 2442/3484/9286
f 2597/3759/9287 2399/3758/9288 2450/3498/9289 2598/2378/9290
f 2598/2378/9291 2450/3498/9292 2394/2380/9293 2384/2377/9294
f 2452/2382/9295 2598/2378/9296 2384/2377/9297 2382/2383/9298
f 2453/3760/9299 2597/3759/9300 2598/2378/9301 2452/2382/9302
f 2397/2379/9303 2398/3762/9304 2599/3763/9305 2413/3488/9306
f 2384/2377/9307 2394/2380/9308 2395/2294/9309 2383/2381/9310
f 2373/2191/9311 2452/2382/9312 2382/2383/9313 2370/2384/9314
f 2343/2388/9315 2467/2387/9316 2464/3858/9317 2463/3861/9318
f 2474/3843/9319 2471/3842/9320 2472/2386/9321 2344/2385/9322
f 2344/2385/9323 2472/2386/9324 2467/2387/9325 2343/2388/9326
f 2355/3833/9327 2601/3835/9328 2600/3844/9329 2474/3843/9330
f 2486/3846/9331 2603/3845/9332 2602/3825/9333 2485/3824/9334
f 2375/3767/9335 2605/3780/9336 2604/3847/9337 2486/3846/9338
f 2606/2494/9339 2609/3103/9340 2608/3559/9341 2607/3562/9342
f 3/2389/9343 2611/3197/9344 2610/2391/9345 2/2390/9346
f 2610/2391/9347 2611/3197/9348 2609/3103/9349 2606/2494/9350
f 2/2390/9351 2610/2391/9352 2606/2494/9353 1/2493/9354
f 2612/3085/9355 2614/3040/9356 2613/3090/9357 2101/2392/9358
f 2615/3478/9359 2617/3565/9360 2616/3568/9361 2458/3072/9362
f 2618/2942/9363 2621/2445/9364 2620/3092/9365 2619/2940/9366
f 2622/2908/9367 2623/2443/9368 2621/2445/9369 2618/2942/9370
f 2624/2912/9371 2625/2433/9372 2623/2443/9373 2622/2908/9374
f 2626/2911/9375 2627/2431/9376 2625/2433/9377 2624/2912/9378
f 2628/2877/9379 2629/2429/9380 2627/2431/9381 2626/2911/9382
f 2630/2876/9383 2631/2420/9384 2629/2429/9385 2628/2877/9386
f 2632/2957/9387 2633/2418/9388 2631/2420/9389 2630/2876/9390
f 2634/3122/9391 2635/3121/9392 2633/2418/9393 2632/2957/9394
f 2636/3232/9395 2639/3459/9396 2638/3458/9397 2637/2402/9398
f 2612/3085/9399 2101/2392/9400 2081/3457/9401 2640/3460/9402
f 2641/3563/9403 2644/3560/9404 2643/2491/9405 2642/2496/9406
f 2645/2498/9407 2648/2492/9408 2647/2488/9409 2646/2500/9410
f 2649/2502/9411 2652/2489/9412 2651/2475/9413 2650/2474/9414
f 2653/3100/9415 98/3099/9416 19/2503/9417 2650/2474/9418
f 2654/2471/9419 5/2393/9420 28/2449/9421 2655/2473/9422
f 2656/2469/9423 27/2440/9424 5/2393/9425 2654/2471/9426
f 2657/2465/9427 7/2438/9428 6/2439/9429 2658/2467/9430
f 2659/2461/9431 8/2394/9432 26/2437/9433 2660/2463/9434
f 2661/2459/9435 25/2426/9436 8/2394/9437 2659/2461/9438
f 2662/2453/9439 10/2395/9440 24/2424/9441 2663/2455/9442
f 2664/2451/9443 23/2415/9444 10/2395/9445 2662/2453/9446
f 2665/2482/9447 2666/2485/9448 20/2396/9449 11/2414/9450
f 22/2413/9451 2668/2412/9452 2667/2408/9453 13/3285/9454
f 117/3316/9455 2085/3315/9456 2086/3293/9457 15/3292/9458
f 2669/3205/9459 2643/2491/9460 2644/3560/9461 2670/3558/9462
f 2671/2486/9463 2647/2488/9464 2648/2492/9465 2672/3204/9466
f 2673/2397/9467 2651/2475/9468 2652/2489/9469 2674/2487/9470
f 2675/3094/9471 2676/3096/9472 2651/2475/9473 2673/2397/9474
f 2677/2398/9475 2680/2470/9476 2679/2472/9477 2678/2448/9478
f 2681/2442/9479 2682/2468/9480 2680/2470/9481 2677/2398/9482
f 2683/2435/9483 2686/2464/9484 2685/2466/9485 2684/2441/9486
f 2687/2399/9487 2690/2460/9488 2689/2462/9489 2688/2436/9490
f 2691/2428/9491 2692/2458/9492 2690/2460/9493 2687/2399/9494
f 2693/2400/9495 2696/2452/9496 2695/2454/9497 2694/2423/9498
f 2697/2417/9499 2698/2450/9500 2696/2452/9501 2693/2400/9502
f 2699/2410/9503 2702/2484/9504 2701/2483/9505 2700/2416/9506
f 2703/2404/9507 2706/3286/9508 2705/2406/9509 2704/2401/9510
f 2082/2403/9511 2707/3311/9512 2706/3286/9513 2703/2404/9514
f 20/2396/9515 2666/2485/9516 2708/2481/9517 21/2409/9518
f 2709/3206/9519 2671/2486/9520 2672/3204/9521 2710/3207/9522
f 2711/3209/9523 2673/2397/9524 2674/2487/9525 2712/2490/9526
f 2713/3208/9527 2675/3094/9528 2673/2397/9529 2711/3209/9530
f 2714/2446/9531 2677/2398/9532 2678/2448/9533 2715/2447/9534
f 2716/2444/9535 2681/2442/9536 2677/2398/9537 2714/2446/9538
f 2625/2433/9539 2683/2435/9540 2684/2441/9541 2623/2443/9542
f 2717/2432/9543 2687/2399/9544 2688/2436/9545 2718/2434/9546
f 2719/2430/9547 2691/2428/9548 2687/2399/9549 2717/2432/9550
f 2720/2421/9551 2693/2400/9552 2694/2423/9553 2721/2422/9554
f 2722/2419/9555 2697/2417/9556 2693/2400/9557 2720/2421/9558
f 2635/3121/9559 2699/2410/9560 2700/2416/9561 2633/2418/9562
f 2704/2401/9563 2724/2405/9564 2723/3123/9565 2637/2402/9566
f 2638/3458/9567 2703/2404/9568 2704/2401/9569 2637/2402/9570
f 2638/3458/9571 2081/3457/9572 2082/2403/9573 2703/2404/9574
f 2724/2405/9575 2699/2410/9576 2635/3121/9577 2723/3123/9578
f 2725/2411/9579 2699/2410/9580 2724/2405/9581 2726/2407/9582
f 2726/2407/9583 2724/2405/9584 2704/2401/9585 2705/2406/9586
f 2706/3286/9587 2667/2408/9588 2726/2407/9589 2705/2406/9590
f 2725/2411/9591 2726/2407/9592 2667/2408/9593 2668/2412/9594
f 21/2409/9595 2708/2481/9596 2727/2479/9597 29/2476/9598
f 2728/2480/9599 2702/2484/9600 2699/2410/9601 2725/2411/9602
f 2728/2480/9603 2725/2411/9604 2668/2412/9605 2729/2478/9606
f 12/2477/9607 2729/2478/9608 2668/2412/9609 22/2413/9610
f 2665/2482/9611 11/2414/9612 23/2415/9613 2664/2451/9614
f 2700/2416/9615 2701/2483/9616 2698/2450/9617 2697/2417/9618
f 2633/2418/9619 2700/2416/9620 2697/2417/9621 2722/2419/9622
f 2633/2418/9623 2722/2419/9624 2720/2421/9625 2631/2420/9626
f 2631/2420/9627 2720/2421/9628 2721/2422/9629 2629/2429/9630
f 2694/2423/9631 2730/2427/9632 2629/2429/9633 2721/2422/9634
f 2695/2454/9635 2731/2456/9636 2730/2427/9637 2694/2423/9638
f 24/2424/9639 9/2425/9640 2732/2457/9641 2663/2455/9642
f 2732/2457/9643 9/2425/9644 25/2426/9645 2661/2459/9646
f 2730/2427/9647 2731/2456/9648 2692/2458/9649 2691/2428/9650
f 2629/2429/9651 2730/2427/9652 2691/2428/9653 2719/2430/9654
f 2629/2429/9655 2719/2430/9656 2717/2432/9657 2627/2431/9658
f 2627/2431/9659 2717/2432/9660 2718/2434/9661 2625/2433/9662
f 2688/2436/9663 2683/2435/9664 2625/2433/9665 2718/2434/9666
f 2689/2462/9667 2686/2464/9668 2683/2435/9669 2688/2436/9670
f 26/2437/9671 7/2438/9672 2657/2465/9673 2660/2463/9674
f 2658/2467/9675 6/2439/9676 27/2440/9677 2656/2469/9678
f 2684/2441/9679 2685/2466/9680 2682/2468/9681 2681/2442/9682
f 2623/2443/9683 2684/2441/9684 2681/2442/9685 2716/2444/9686
f 2623/2443/9687 2716/2444/9688 2714/2446/9689 2621/2445/9690
f 2621/2445/9691 2714/2446/9692 2715/2447/9693 2620/3092/9694
f 2678/2448/9695 2733/3093/9696 2620/3092/9697 2715/2447/9698
f 2679/2472/9699 2734/3095/9700 2733/3093/9701 2678/2448/9702
f 28/2449/9703 4/3098/9704 2735/3097/9705 2655/2473/9706
f 2701/2483/9707 2665/2482/9708 2664/2451/9709 2698/2450/9710
f 2698/2450/9711 2664/2451/9712 2662/2453/9713 2696/2452/9714
f 2696/2452/9715 2662/2453/9716 2663/2455/9717 2695/2454/9718
f 2732/2457/9719 2731/2456/9720 2695/2454/9721 2663/2455/9722
f 2731/2456/9723 2732/2457/9724 2661/2459/9725 2692/2458/9726
f 2692/2458/9727 2661/2459/9728 2659/2461/9729 2690/2460/9730
f 2690/2460/9731 2659/2461/9732 2660/2463/9733 2689/2462/9734
f 2657/2465/9735 2686/2464/9736 2689/2462/9737 2660/2463/9738
f 2686/2464/9739 2657/2465/9740 2658/2467/9741 2685/2466/9742
f 2685/2466/9743 2658/2467/9744 2656/2469/9745 2682/2468/9746
f 2682/2468/9747 2656/2469/9748 2654/2471/9749 2680/2470/9750
f 2680/2470/9751 2654/2471/9752 2655/2473/9753 2679/2472/9754
f 2735/3097/9755 2734/3095/9756 2679/2472/9757 2655/2473/9758
f 2676/3096/9759 2653/3100/9760 2650/2474/9761 2651/2475/9762
f 29/2476/9763 2727/2479/9764 2729/2478/9765 12/2477/9766
f 2708/2481/9767 2728/2480/9768 2729/2478/9769 2727/2479/9770
f 2666/2485/9771 2702/2484/9772 2728/2480/9773 2708/2481/9774
f 2665/2482/9775 2701/2483/9776 2702/2484/9777 2666/2485/9778
f 2712/2490/9779 2674/2487/9780 2671/2486/9781 2709/3206/9782
f 2652/2489/9783 2647/2488/9784 2671/2486/9785 2674/2487/9786
f 2646/2500/9787 2647/2488/9788 2652/2489/9789 2649/2502/9790
f 2711/3209/9791 2712/2490/9792 2709/3206/9793 2736/3211/9794
f 2648/2492/9795 2643/2491/9796 2669/3205/9797 2672/3204/9798
f 2642/2496/9799 2643/2491/9800 2648/2492/9801 2645/2498/9802
f 1/2493/9803 2606/2494/9804 2607/3562/9805 16/3561/9806
f 126/3564/9807 2641/3563/9808 2642/2496/9809 17/2495/9810
f 17/2495/9811 2642/2496/9812 2645/2498/9813 31/2497/9814
f 31/2497/9815 2645/2498/9816 2646/2500/9817 18/2499/9818
f 18/2499/9819 2646/2500/9820 2649/2502/9821 30/2501/9822
f 30/2501/9823 2649/2502/9824 2650/2474/9825 19/2503/9826
f 2737/3148/9827 2738/2736/9828 67/2735/9829 32/3149/9830
f 2739/3143/9831 2742/2731/9832 2741/2733/9833 2740/3145/9834
f 2743/2693/9835 2744/2694/9836 42/2510/9837 51/2512/9838
f 2745/2529/9839 2748/2527/9840 2747/2695/9841 2746/2692/9842
f 55/2519/9843 2750/2702/9844 2749/2704/9845 62/2576/9846
f 2751/2726/9847 2752/3136/9848 37/3133/9849 66/2727/9850
f 2753/2757/9851 2756/2756/9852 2755/2725/9853 2754/2753/9854
f 49/2505/9855 58/2544/9856 2757/2547/9857 2805/2506/9858
f 2757/2547/9859 2758/2543/9860 2804/2504/9861 2805/2506/9862
f 2759/4076/9863 2760/4075/9864 2762/3118/9865 2761/2538/9866
f 3912/4234/9867 2766/2507/9868 2765/2515/9869 3911/4232/9870
f 1987/4233/9871 44/2508/9872 2766/2507/9873 3912/4234/9874
f 2758/2543/9875 2767/2604/9876 2803/2605/9877 2804/2504/9878
f 2768/2513/9879 2771/2740/9880 2770/2747/9881 2769/2606/9882
f 2773/3597/9883 2772/3596/9884 2775/2671/9885 2774/2669/9886
f 2779/3572/9887 2778/3603/9888 2777/2684/9889 2776/2680/9890
f 2780/3116/9891 2781/2601/9892 2761/2538/9893 2762/3118/9894
f 2782/2709/9895 2783/3524/9896 56/3527/9897 54/2518/9898
f 2786/3599/9899 2785/3573/9900 2784/2683/9901 2787/2673/9902
f 48/2511/9903 2789/2696/9904 2788/2698/9905 64/2589/9906
f 2790/2597/9907 2793/2620/9908 2792/2622/9909 2791/2588/9910
f 2796/3587/9911 2795/3569/9912 2794/2670/9913 2797/2584/9914
f 2799/3602/9915 2798/3601/9916 2801/2720/9917 2800/2685/9918
f 2765/2515/9919 2804/2504/9920 2803/2605/9921 2802/2609/9922
f 2766/2507/9923 2805/2506/9924 2804/2504/9925 2765/2515/9926
f 49/2505/9927 2805/2506/9928 2766/2507/9929 44/2508/9930
f 3906/4225/9931 2811/3611/9932 2810/3584/9933 3905/4223/9934
f 2812/2602/9935 2815/2603/9936 2814/2542/9937 2813/2539/9938
f 2816/2546/9939 2817/2541/9940 2813/2539/9941 2814/2542/9942
f 45/2545/9943 57/2540/9944 2817/2541/9945 2816/2546/9946
f 2818/2624/9947 2821/2623/9948 2820/2509/9949 2819/2520/9950
f 2822/2514/9951 2824/2528/9952 2823/2530/9953 2768/2513/9954
f 2825/3522/9955 2828/3523/9956 2827/3115/9957 2826/3117/9958
f 2829/3120/9959 2806/4194/9960 2825/3522/9961 2826/3117/9962
f 133/3119/9963 39/4195/9964 2806/4194/9965 2829/3120/9966
f 2819/2520/9967 2820/2509/9968 2831/2583/9969 2830/2668/9970
f 2830/2668/9971 2833/2667/9972 2832/2587/9973 2819/2520/9974
f 2784/2683/9975 2835/2682/9976 2834/2674/9977 2787/2673/9978
f 2776/2680/9979 2777/2684/9980 2837/2687/9981 2836/2681/9982
f 2801/2720/9983 2839/2719/9984 2838/2686/9985 2800/2685/9986
f 3896/4206/9987 3897/4207/9988 2842/3576/9989 2858/3580/9990
f 2844/3574/9991 2847/3577/9992 3898/4209/9993 3899/4211/9994
f 2848/3609/9995 3902/4217/9996 3903/4219/9997 2849/3570/9998
f 2852/3583/9999 2849/3570/10000 3903/4219/10001 3904/4221/10002
f 2820/2509/10003 2822/2514/10004 2854/2608/10005 2831/2583/10006
f 2821/2623/10007 2824/2528/10008 2822/2514/10009 2820/2509/10010
f 2748/2527/10011 2856/2621/10012 2855/2697/10013 2747/2695/10014
f 42/2510/10015 2744/2694/10016 2789/2696/10017 48/2511/10018
f 40/2728/10019 53/2517/10020 2860/2744/10021 2859/2745/10022
f 2823/2530/10023 2861/2741/10024 2771/2740/10025 2768/2513/10026
f 2862/2531/10027 2745/2529/10028 2746/2692/10029 2863/2690/10030
f 2864/2691/10031 2743/2693/10032 51/2512/10033 52/2516/10034
f 2768/2513/10035 2769/2606/10036 2854/2608/10037 2822/2514/10038
f 3910/4231/10039 3911/4232/10040 2765/2515/10041 2802/2609/10042
f 2769/2606/10043 2868/2724/10044 2867/2582/10045 2866/4507/10046
f 2771/2740/10047 2870/2751/10048 2869/2750/10049 2770/2747/10050
f 2871/2732/10051 2862/2531/10052 2863/2690/10053 2872/2734/10054
f 2873/2737/10055 2864/2691/10056 52/2516/10057 33/2738/10058
f 2865/4237/10059 2756/2756/10060 2874/2755/10061 2764/4240/10062
f 2860/2744/10063 2763/4244/10064 2764/4240/10065 2874/2755/10066
f 53/2517/10067 50/4241/10068 2763/4244/10069 2860/2744/10070
f 2875/2594/10071 2878/2595/10072 2877/2628/10073 2876/2651/10074
f 2879/2721/10075 2882/2592/10076 2881/2647/10077 2880/2645/10078
f 2882/2592/10079 2884/2593/10080 2883/2650/10081 2881/2647/10082
f 2885/2707/10083 2782/2709/10084 54/2518/10085 41/2577/10086
f 2877/2628/10087 2878/2595/10088 2887/2596/10089 2886/2630/10090
f 2888/2701/10091 2750/2702/10092 55/2519/10093 34/2590/10094
f 2889/2629/10095 2892/2549/10096 2891/2551/10097 2890/2627/10098
f 2893/2649/10099 2896/2574/10100 2895/2553/10101 2894/2646/10102
f 2894/2646/10103 2895/2553/10104 2898/2556/10105 2897/2644/10106
f 2899/2600/10107 2818/2624/10108 2819/2520/10109 2832/2587/10110
f 2900/2688/10111 2903/2660/10112 2902/2663/10113 2901/2666/10114
f 2785/3573/10115 2779/3572/10116 2776/2680/10117 2784/2683/10118
f 2904/2548/10119 2907/2526/10120 2906/2521/10121 2905/2598/10122
f 2908/2616/10123 2909/2614/10124 2905/2598/10125 2906/2521/10126
f 2910/2550/10127 2913/2535/10128 2912/2532/10129 2911/2552/10130
f 2914/2572/10131 2917/2570/10132 2916/2523/10133 2915/2554/10134
f 2915/2554/10135 2916/2523/10136 2919/2537/10137 2918/2555/10138
f 2920/2565/10139 2921/2567/10140 2907/2526/10141 2904/2548/10142
f 2907/2526/10143 2923/2525/10144 2922/2522/10145 2906/2521/10146
f 2924/2617/10147 2908/2616/10148 2906/2521/10149 2922/2522/10150
f 2913/2535/10151 2926/2534/10152 2925/2533/10153 2912/2532/10154
f 2917/2570/10155 2928/2568/10156 2927/2524/10157 2916/2523/10158
f 2916/2523/10159 2927/2524/10160 2929/2536/10161 2919/2537/10162
f 2921/2567/10163 2930/2566/10164 2923/2525/10165 2907/2526/10166
f 2856/2621/10167 2748/2527/10168 2824/2528/10169 2821/2623/10170
f 2748/2527/10171 2745/2529/10172 2823/2530/10173 2824/2528/10174
f 2745/2529/10175 2862/2531/10176 2861/2741/10177 2823/2530/10178
f 2862/2531/10179 2871/2732/10180 2931/2742/10181 2861/2741/10182
f 2742/2731/10183 2739/3143/10184 2933/3140/10185 2932/2730/10186
f 2934/2575/10187 2935/2648/10188 2890/2627/10189 2891/2551/10190
f 2936/2571/10191 2937/2573/10192 2911/2552/10193 2912/2532/10194
f 2938/2569/10195 2936/2571/10196 2912/2532/10197 2925/2533/10198
f 2939/4067/10199 2942/4070/10200 2941/2561/10201 2940/2559/10202
f 2943/4071/10203 2942/4070/10204 2939/4067/10205 3791/4066/10206
f 2944/3600/10207 2786/3599/10208 2787/2673/10209 2945/2677/10210
f 2946/2655/10211 2947/2654/10212 2899/2600/10213 2832/2587/10214
f 2775/2671/10215 2948/2652/10216 2833/2667/10217 2774/2669/10218
f 2892/2549/10219 2889/2629/10220 2950/2631/10221 2949/2613/10222
f 2951/2619/10223 2913/2535/10224 2910/2550/10225 2952/2615/10226
f 2953/2618/10227 2926/2534/10228 2913/2535/10229 2951/2619/10230
f 2954/3525/10231 2955/4281/10232 35/3174/10233 125/3526/10234
f 2956/2722/10235 2959/2643/10236 2958/2657/10237 2957/2723/10238
f 2898/2556/10239 2961/2558/10240 2960/2642/10241 2897/2644/10242
f 2919/2537/10243 2963/4068/10244 2962/2560/10245 2918/2555/10246
f 2929/2536/10247 2964/4065/10248 2963/4068/10249 2919/2537/10250
f 2965/3605/10251 2844/3574/10252 3899/4211/10253 3900/4213/10254
f 2781/2601/10255 2812/2602/10256 2813/2539/10257 2761/2538/10258
f 2817/2541/10259 2759/4076/10260 2761/2538/10261 2813/2539/10262
f 57/2540/10263 38/4073/10264 2759/4076/10265 2817/2541/10266
f 2847/3577/10267 2842/3576/10268 3897/4207/10269 3898/4209/10270
f 2815/2603/10271 2767/2604/10272 2758/2543/10273 2814/2542/10274
f 2757/2547/10275 2816/2546/10276 2814/2542/10277 2758/2543/10278
f 58/2544/10279 45/2545/10280 2816/2546/10281 2757/2547/10282
f 2956/2722/10283 2879/2721/10284 2880/2645/10285 2959/2643/10286
f 2967/2711/10287 61/2557/10288 46/3171/10289 2968/3176/10290
f 2969/3139/10291 2972/3141/10292 2971/3743/10293 2970/3737/10294
f 2973/3101/10295 2974/3135/10296 2969/3134/10297 2970/3102/10298
f 60/2762/10299 105/3132/10300 2974/3135/10301 2973/3101/10302
f 2920/2565/10303 2904/2548/10304 2976/2580/10305 2975/2579/10306
f 2977/2599/10307 2976/2580/10308 2904/2548/10309 2905/2598/10310
f 2910/2550/10311 2892/2549/10312 2949/2613/10313 2952/2615/10314
f 2891/2551/10315 2892/2549/10316 2910/2550/10317 2911/2552/10318
f 2937/2573/10319 2934/2575/10320 2891/2551/10321 2911/2552/10322
f 2895/2553/10323 2896/2574/10324 2914/2572/10325 2915/2554/10326
f 2898/2556/10327 2895/2553/10328 2915/2554/10329 2918/2555/10330
f 2918/2555/10331 2962/2560/10332 2961/2558/10333 2898/2556/10334
f 2900/2688/10335 2979/2718/10336 2978/2658/10337 2903/2660/10338
f 2980/2586/10339 2967/2711/10340 2982/2710/10341 2981/2591/10342
f 2980/2586/10343 36/2585/10344 61/2557/10345 2967/2711/10346
f 2983/2563/10347 2986/2562/10348 2985/2640/10349 2984/2641/10350
f 2960/2642/10351 2961/2558/10352 2983/2563/10353 2984/2641/10354
f 2940/2559/10355 2983/2563/10356 2961/2558/10357 2962/2560/10358
f 2963/4068/10359 2939/4067/10360 2940/2559/10361 2962/2560/10362
f 2985/2640/10363 2986/2562/10364 2988/2578/10365 2987/2639/10366
f 2941/2561/10367 2989/2564/10368 2988/2578/10369 2986/2562/10370
f 2941/2561/10371 2942/4070/10372 2990/4069/10373 2989/2564/10374
f 2941/2561/10375 2986/2562/10376 2983/2563/10377 2940/2559/10378
f 2989/2564/10379 2920/2565/10380 2975/2579/10381 2988/2578/10382
f 2989/2564/10383 2990/4069/10384 2921/2567/10385 2920/2565/10386
f 3792/4072/10387 2930/2566/10388 2921/2567/10389 2990/4069/10390
f 2928/2568/10391 2917/2570/10392 2936/2571/10393 2938/2569/10394
f 2917/2570/10395 2914/2572/10396 2937/2573/10397 2936/2571/10398
f 2914/2572/10399 2896/2574/10400 2934/2575/10401 2937/2573/10402
f 2896/2574/10403 2893/2649/10404 2935/2648/10405 2934/2575/10406
f 2884/2593/10407 2875/2594/10408 2876/2651/10409 2883/2650/10410
f 62/2576/10411 2749/2704/10412 2885/2707/10413 41/2577/10414
f 2991/2638/10415 2987/2639/10416 2988/2578/10417 2975/2579/10418
f 2992/2637/10419 2991/2638/10420 2975/2579/10421 2976/2580/10422
f 2993/2636/10423 2992/2637/10424 2976/2580/10425 2977/2599/10426
f 2831/2583/10427 2854/2608/10428 2994/2607/10429 2797/2584/10430
f 3896/4206/10431 2858/3580/10432 2996/3590/10433 3895/4203/10434
f 3893/2581/10435 2998/3593/10436 2866/4507/10437 2867/2582/10438
f 2997/3582/10439 2999/3588/10440 2994/2607/10441 2866/4507/10442
f 2830/2668/10443 2831/2583/10444 2797/2584/10445 2794/2670/10446
f 2980/2586/10447 3000/3111/10448 63/3110/10449 36/2585/10450
f 3000/3111/10451 2980/2586/10452 2981/2591/10453 2839/2719/10454
f 2839/2719/10455 2981/2591/10456 3001/2713/10457 2838/2686/10458
f 3001/2713/10459 3002/2712/10460 2837/2687/10461 2838/2686/10462
f 3003/2676/10463 3004/2664/10464 2946/2655/10465 2948/2652/10466
f 2833/2667/10467 2948/2652/10468 2946/2655/10469 2832/2587/10470
f 3005/2625/10471 2791/2588/10472 2792/2622/10473 3006/2626/10474
f 2947/2654/10475 3008/2653/10476 3007/2635/10477 2899/2600/10478
f 3005/2625/10479 3009/2632/10480 2886/2630/10481 2791/2588/10482
f 2887/2596/10483 2790/2597/10484 2791/2588/10485 2886/2630/10486
f 64/2589/10487 2788/2698/10488 2888/2701/10489 34/2590/10490
f 2981/2591/10491 2982/2710/10492 3010/2715/10493 3001/2713/10494
f 3011/3531/10495 3012/2708/10496 2882/2592/10497 2879/2721/10498
f 3012/2708/10499 3013/2706/10500 2884/2593/10501 2882/2592/10502
f 3013/2706/10503 3014/2705/10504 2875/2594/10505 2884/2593/10506
f 3014/2705/10507 3015/2703/10508 2878/2595/10509 2875/2594/10510
f 3015/2703/10511 3016/2700/10512 2887/2596/10513 2878/2595/10514
f 3016/2700/10515 3017/2699/10516 2790/2597/10517 2887/2596/10518
f 3017/2699/10519 2855/2697/10520 2793/2620/10521 2790/2597/10522
f 2902/2663/10523 3018/2662/10524 2946/2655/10525 3004/2664/10526
f 3019/2612/10527 2977/2599/10528 2905/2598/10529 2909/2614/10530
f 3020/2634/10531 2993/2636/10532 2977/2599/10533 3019/2612/10534
f 2899/2600/10535 3007/2635/10536 3021/2633/10537 2818/2624/10538
f 3905/4223/10539 2810/3584/10540 2852/3583/10541 3904/4221/10542
f 2827/3115/10543 2828/3523/10544 2850/4220/10545 2851/4218/10546
f 2781/2601/10547 2780/3116/10548 3022/4215/10549 2966/4214/10550
f 2966/4214/10551 2845/4212/10552 2812/2602/10553 2781/2601/10554
f 2845/4212/10555 2846/4210/10556 2815/2603/10557 2812/2602/10558
f 2846/4210/10559 2843/4208/10560 2767/2604/10561 2815/2603/10562
f 2803/2605/10563 2767/2604/10564 2843/4208/10565 2857/4205/10566
f 2802/2609/10567 2803/2605/10568 2857/4205/10569 2995/4204/10570
f 2999/3588/10571 2796/3587/10572 2797/2584/10573 2994/2607/10574
f 2769/2606/10575 2866/4507/10576 2994/2607/10577 2854/2608/10578
f 3895/4203/10579 2996/3590/10580 3024/2610/10581 3894/4201/10582
f 3910/4231/10583 2802/2609/10584 2995/4204/10585 3023/4202/10586
f 3024/2610/10587 2998/2611/10588 3893/4200/10589 3894/4201/10590
f 2818/2624/10591 3021/2633/10592 3009/2632/10593 3005/2625/10594
f 3020/2634/10595 3019/2612/10596 2949/2613/10597 2950/2631/10598
f 3019/2612/10599 2909/2614/10600 2952/2615/10601 2949/2613/10602
f 2909/2614/10603 2908/2616/10604 2951/2619/10605 2952/2615/10606
f 2908/2616/10607 2924/2617/10608 2953/2618/10609 2951/2619/10610
f 2855/2697/10611 2856/2621/10612 2792/2622/10613 2793/2620/10614
f 2856/2621/10615 2821/2623/10616 3006/2626/10617 2792/2622/10618
f 2821/2623/10619 2818/2624/10620 3005/2625/10621 3006/2626/10622
f 2935/2648/10623 2876/2651/10624 2877/2628/10625 2890/2627/10626
f 2886/2630/10627 2889/2629/10628 2890/2627/10629 2877/2628/10630
f 2950/2631/10631 2889/2629/10632 2886/2630/10633 3009/2632/10634
f 3021/2633/10635 3020/2634/10636 2950/2631/10637 3009/2632/10638
f 3021/2633/10639 3007/2635/10640 2993/2636/10641 3020/2634/10642
f 3007/2635/10643 3008/2653/10644 2992/2637/10645 2993/2636/10646
f 3008/2653/10647 3018/2662/10648 2991/2638/10649 2992/2637/10650
f 3018/2662/10651 3025/2661/10652 2987/2639/10653 2991/2638/10654
f 3026/2659/10655 2985/2640/10656 2987/2639/10657 3025/2661/10658
f 2984/2641/10659 2985/2640/10660 3026/2659/10661 2958/2657/10662
f 2959/2643/10663 2960/2642/10664 2984/2641/10665 2958/2657/10666
f 2897/2644/10667 2960/2642/10668 2959/2643/10669 2880/2645/10670
f 2881/2647/10671 2894/2646/10672 2897/2644/10673 2880/2645/10674
f 2883/2650/10675 2893/2649/10676 2894/2646/10677 2881/2647/10678
f 2935/2648/10679 2893/2649/10680 2883/2650/10681 2876/2651/10682
f 3027/2678/10683 3003/2676/10684 2948/2652/10685 2775/2671/10686
f 3018/2662/10687 3008/2653/10688 2947/2654/10689 2946/2655/10690
f 3031/3175/10691 3030/3172/10692 3029/2656/10693 3028/2716/10694
f 2957/2723/10695 2958/2657/10696 3032/2714/10697 3029/2656/10698
f 3030/3172/10699 3033/3532/10700 2957/2723/10701 3029/2656/10702
f 2978/2658/10703 3032/2714/10704 2958/2657/10705 3026/2659/10706
f 2903/2660/10707 2978/2658/10708 3026/2659/10709 3025/2661/10710
f 2902/2663/10711 2903/2660/10712 3025/2661/10713 3018/2662/10714
f 3034/2679/10715 3035/2672/10716 2834/2674/10717 2835/2682/10718
f 3034/2679/10719 2901/2666/10720 3036/2665/10721 3035/2672/10722
f 3037/2675/10723 3036/2665/10724 3004/2664/10725 3003/2676/10726
f 2902/2663/10727 3004/2664/10728 3036/2665/10729 2901/2666/10730
f 2794/2670/10731 2774/2669/10732 2833/2667/10733 2830/2668/10734
f 2795/3569/10735 2773/3597/10736 2774/2669/10737 2794/2670/10738
f 2772/3596/10739 3038/3598/10740 3027/2678/10741 2775/2671/10742
f 3036/2665/10743 3037/2675/10744 2834/2674/10745 3035/2672/10746
f 2787/2673/10747 2834/2674/10748 3037/2675/10749 2945/2677/10750
f 2945/2677/10751 3037/2675/10752 3003/2676/10753 3027/2678/10754
f 3038/3598/10755 2944/3600/10756 2945/2677/10757 3027/2678/10758
f 3039/2689/10759 2900/2688/10760 2901/2666/10761 3034/2679/10762
f 2836/2681/10763 3039/2689/10764 3034/2679/10765 2835/2682/10766
f 2776/2680/10767 2836/2681/10768 2835/2682/10769 2784/2683/10770
f 2778/3603/10771 2799/3602/10772 2800/2685/10773 2777/2684/10774
f 2777/2684/10775 2800/2685/10776 2838/2686/10777 2837/2687/10778
f 2900/2688/10779 3039/2689/10780 3002/2712/10781 2979/2718/10782
f 2836/2681/10783 2837/2687/10784 3002/2712/10785 3039/2689/10786
f 2740/3145/10787 2741/2733/10788 2738/2736/10789 2737/3148/10790
f 2872/2734/10791 2863/2690/10792 2864/2691/10793 2873/2737/10794
f 2863/2690/10795 2746/2692/10796 2743/2693/10797 2864/2691/10798
f 2746/2692/10799 2747/2695/10800 2744/2694/10801 2743/2693/10802
f 2789/2696/10803 2744/2694/10804 2747/2695/10805 2855/2697/10806
f 2788/2698/10807 2789/2696/10808 2855/2697/10809 3017/2699/10810
f 2888/2701/10811 2788/2698/10812 3017/2699/10813 3016/2700/10814
f 3016/2700/10815 3015/2703/10816 2750/2702/10817 2888/2701/10818
f 2749/2704/10819 2750/2702/10820 3015/2703/10821 3014/2705/10822
f 2885/2707/10823 2749/2704/10824 3014/2705/10825 3013/2706/10826
f 3013/2706/10827 3012/2708/10828 2782/2709/10829 2885/2707/10830
f 3012/2708/10831 3011/3531/10832 2783/3524/10833 2782/2709/10834
f 2982/2710/10835 3031/3175/10836 3028/2716/10837 3010/2715/10838
f 2968/3176/10839 3031/3175/10840 2982/2710/10841 2967/2711/10842
f 2979/2718/10843 3040/2717/10844 3032/2714/10845 2978/2658/10846
f 2979/2718/10847 3002/2712/10848 3001/2713/10849 3010/2715/10850
f 3040/2717/10851 3028/2716/10852 3029/2656/10853 3032/2714/10854
f 3010/2715/10855 3028/2716/10856 3040/2717/10857 2979/2718/10858
f 3041/3112/10859 3000/3111/10860 2839/2719/10861 2801/2720/10862
f 2798/3601/10863 3042/3604/10864 3041/3112/10865 2801/2720/10866
f 3043/3529/10867 2955/4281/10868 2954/3525/10869 3044/3530/10870
f 3045/3528/10871 3011/3531/10872 2879/2721/10873 2956/2722/10874
f 3033/3532/10875 3045/3528/10876 2956/2722/10877 2957/2723/10878
f 2769/2606/10879 2770/2747/10880 2755/2748/10881 2868/2724/10882
f 2865/4237/10883 2868/4236/10884 2755/2725/10885 2756/2756/10886
f 3046/2729/10887 2932/2730/10888 2933/3140/10889 3047/3138/10890
f 3048/2746/10891 3046/2739/10892 2751/2726/10893 2859/2745/10894
f 2859/2745/10895 2751/2726/10896 66/2727/10897 40/2728/10898
f 3048/2743/10899 2931/2742/10900 2932/2730/10901 3046/2729/10902
f 2871/2732/10903 2742/2731/10904 2932/2730/10905 2931/2742/10906
f 2741/2733/10907 2742/2731/10908 2871/2732/10909 2872/2734/10910
f 2738/2736/10911 2741/2733/10912 2872/2734/10913 2873/2737/10914
f 67/2735/10915 2738/2736/10916 2873/2737/10917 33/2738/10918
f 2751/2726/10919 3046/2739/10920 3047/3137/10921 2752/3136/10922
f 2771/2740/10923 2861/2741/10924 2931/2742/10925 2870/2751/10926
f 3049/2752/10927 2870/2751/10928 2931/2742/10929 3048/2743/10930
f 2874/2755/10931 3050/2758/10932 2859/2745/10933 2860/2744/10934
f 2859/2745/10935 3050/2758/10936 3049/2754/10937 3048/2746/10938
f 2770/2747/10939 2869/2750/10940 2754/2749/10941 2755/2748/10942
f 2754/2749/10943 2869/2750/10944 2870/2751/10945 3049/2752/10946
f 3050/2758/10947 2753/2757/10948 2754/2753/10949 3049/2754/10950
f 2874/2755/10951 2756/2756/10952 2753/2757/10953 3050/2758/10954
f 3051/3202/10955 3054/3200/10956 3053/3753/10957 3052/3752/10958
f 3055/2761/10959 2970/3102/10960 3057/2759/10961 3056/2760/10962
f 3058/3339/10963 2970/3102/10964 3055/2761/10965 3059/3340/10966
f 121/3335/10967 60/2762/10968 2973/3101/10969 3060/3337/10970
f 3061/2992/10971 3064/2838/10972 3063/3980/10973 3062/3982/10974
f 3065/2872/10975 3068/2808/10976 3067/2870/10977 3066/2873/10978
f 3069/2975/10979 3072/2974/10980 3071/2973/10981 3070/2998/10982
f 3073/2904/10983 3076/2817/10984 3075/2902/10985 3074/2905/10986
f 3077/2938/10987 3080/2935/10988 3079/2934/10989 3078/2900/10990
f 3081/3866/10991 3084/3868/10992 3083/4299/10993 3082/2799/10994
f 3085/2840/10995 3088/3047/10996 3087/3063/10997 3086/3067/10998
f 3089/2812/10999 3092/2813/11000 3091/2773/11001 3090/2770/11002
f 3093/2771/11003 3096/2772/11004 3095/2782/11005 3094/2779/11006
f 3097/3990/11007 3100/3017/11008 3099/3008/11009 3098/3992/11010
f 3101/3994/11011 3104/3007/11012 3103/2807/11013 3102/3996/11014
f 3105/2816/11015 3108/4000/11016 3107/3998/11017 3106/2806/11018
f 3109/2775/11019 3112/4004/11020 3111/4002/11021 3110/2815/11022
f 3113/2784/11023 3116/4008/11024 3115/4006/11025 3114/2774/11026
f 3104/3007/11027 3118/3006/11028 3117/2869/11029 3103/2807/11030
f 3119/2901/11031 3105/2816/11032 3106/2806/11033 3120/2906/11034
f 3079/2934/11035 3109/2775/11036 3110/2815/11037 3078/2900/11038
f 3121/2786/11039 3124/2933/11040 3123/2776/11041 3122/2787/11042
f 3125/2788/11043 3128/3217/11044 3127/3215/11045 3126/2798/11046
f 3129/2766/11047 3130/3075/11048 69/3078/11049 71/2763/11050
f 3131/2780/11051 3134/2781/11052 3133/2793/11053 3132/2790/11054
f 93/2094/11055 3135/2765/11056 3129/2766/11057 71/2763/11058
f 3129/2766/11059 3137/4309/11060 3136/3749/11061 3130/3075/11062
f 3934/4266/11063 1563/2764/11064 76/2767/11065 3490/4267/11066
f 3142/3037/11067 3145/3987/11068 3144/3014/11069 3143/3381/11070
f 3123/2776/11071 3147/2830/11072 3146/3216/11073 3122/2787/11074
f 3148/2936/11075 3151/2881/11076 3150/2915/11077 3149/2937/11078
f 3152/2898/11079 3153/2832/11080 3076/2817/11081 3073/2904/11082
f 3154/2867/11083 3155/2834/11084 3068/2808/11085 3065/2872/11086
f 3156/2972/11087 3158/3020/11088 3157/3027/11089 3071/2973/11090
f 3159/2977/11091 3162/2836/11092 3161/2960/11093 3160/2978/11094
f 3121/2786/11095 3113/2784/11096 3114/2774/11097 3124/2933/11098
f 3163/2795/11099 3166/2783/11100 3165/2785/11101 3164/2797/11102
f 3167/4012/11103 3168/4010/11104 3166/2783/11105 3163/2795/11106
f 3082/2799/11107 3083/4299/11108 3170/4298/11109 3169/2796/11110
f 3164/2797/11111 3165/2785/11112 3125/2788/11113 3126/2798/11114
f 3135/2765/11115 3173/4306/11116 3137/4309/11117 3129/2766/11118
f 70/2847/11119 3175/2841/11120 3174/3066/11121 75/2818/11122
f 3176/3036/11123 3177/3034/11124 3064/2838/11125 3061/2992/11126
f 80/2810/11127 3089/2812/11128 3090/2770/11129 77/2769/11130
f 3094/2779/11131 78/2778/11132 72/2768/11133 3093/2771/11134
f 3132/2790/11135 79/2789/11136 73/2777/11137 3131/2780/11138
f 3490/4267/11139 76/2767/11140 1209/2851/11141 3491/4268/11142
f 3091/2773/11143 3092/2813/11144 3179/4001/11145 3178/4003/11146
f 3180/4007/11147 3095/2782/11148 3096/2772/11149 3181/4005/11150
f 3133/2793/11151 3134/2781/11152 3183/4009/11153 3182/4011/11154
f 3187/2993/11155 3190/3018/11156 3189/3988/11157 3188/3986/11158
f 3945/4301/11159 3191/2794/11160 3169/2796/11161 3170/4298/11162
f 3192/4014/11163 3191/2794/11164 3945/4301/11165 3946/4303/11166
f 3093/2771/11167 72/2768/11168 77/2769/11169 3090/2770/11170
f 3090/2770/11171 3091/2773/11172 3096/2772/11173 3093/2771/11174
f 3181/4005/11175 3096/2772/11176 3091/2773/11177 3178/4003/11178
f 3114/2774/11179 3115/4006/11180 3112/4004/11181 3109/2775/11182
f 3124/2933/11183 3114/2774/11184 3109/2775/11185 3079/2934/11186
f 3193/2931/11187 3123/2776/11188 3124/2933/11189 3194/2932/11190
f 3193/2931/11191 3195/2929/11192 3147/2830/11193 3123/2776/11194
f 3131/2780/11195 73/2777/11196 78/2778/11197 3094/2779/11198
f 3094/2779/11199 3095/2782/11200 3134/2781/11201 3131/2780/11202
f 3183/4009/11203 3134/2781/11204 3095/2782/11205 3180/4007/11206
f 3166/2783/11207 3168/4010/11208 3116/4008/11209 3113/2784/11210
f 3165/2785/11211 3166/2783/11212 3113/2784/11213 3121/2786/11214
f 3165/2785/11215 3121/2786/11216 3122/2787/11217 3125/2788/11218
f 3122/2787/11219 3146/3216/11220 3128/3217/11221 3125/2788/11222
f 3083/4299/11223 3084/3868/11224 3196/3871/11225 3171/4300/11226
f 3138/2791/11227 74/2093/11228 79/2789/11229 3132/2790/11230
f 3132/2790/11231 3133/2793/11232 3141/2792/11233 3138/2791/11234
f 3141/2792/11235 3133/2793/11236 3182/4011/11237 3184/4013/11238
f 3192/4014/11239 3167/4012/11240 3163/2795/11241 3191/2794/11242
f 3191/2794/11243 3163/2795/11244 3164/2797/11245 3169/2796/11246
f 3169/2796/11247 3164/2797/11248 3126/2798/11249 3082/2799/11250
f 3126/2798/11251 3127/3215/11252 3081/3866/11253 3082/2799/11254
f 3197/2814/11255 3200/2804/11256 3199/3997/11257 3198/3999/11258
f 3201/2803/11259 3200/2804/11260 3197/2814/11261 3202/2811/11262
f 81/2801/11263 3201/2803/11264 3202/2811/11265 85/2809/11266
f 3203/3993/11267 3206/3995/11268 3205/2805/11269 3204/3003/11270
f 3207/3001/11271 3204/3003/11272 3205/2805/11273 3208/2802/11274
f 82/3000/11275 3207/3001/11276 3208/2802/11277 84/2800/11278
f 3209/3991/11279 3212/3004/11280 3211/3013/11281 3210/3989/11282
f 3213/3011/11283 3211/3013/11284 3212/3004/11285 3214/3002/11286
f 83/3009/11287 3213/3011/11288 3214/3002/11289 94/2999/11290
f 3215/3387/11291 3143/3381/11292 3144/3014/11293 3216/3012/11294
f 95/3010/11295 122/3384/11296 3215/3387/11297 3216/3012/11298
f 84/2800/11299 3208/2802/11300 3201/2803/11301 81/2801/11302
f 3208/2802/11303 3205/2805/11304 3200/2804/11305 3201/2803/11306
f 3200/2804/11307 3205/2805/11308 3206/3995/11309 3199/3997/11310
f 3103/2807/11311 3106/2806/11312 3107/3998/11313 3102/3996/11314
f 3117/2869/11315 3120/2906/11316 3106/2806/11317 3103/2807/11318
f 3068/2808/11319 3218/2853/11320 3217/2868/11321 3067/2870/11322
f 3068/2808/11323 3155/2834/11324 3219/2854/11325 3218/2853/11326
f 85/2809/11327 3202/2811/11328 3089/2812/11329 80/2810/11330
f 3202/2811/11331 3197/2814/11332 3092/2813/11333 3089/2812/11334
f 3092/2813/11335 3197/2814/11336 3198/3999/11337 3179/4001/11338
f 3110/2815/11339 3111/4002/11340 3108/4000/11341 3105/2816/11342
f 3078/2900/11343 3110/2815/11344 3105/2816/11345 3119/2901/11346
f 3076/2817/11347 3221/2880/11348 3220/2899/11349 3075/2902/11350
f 3076/2817/11351 3153/2832/11352 3222/2882/11353 3221/2880/11354
f 3118/3006/11355 3225/2959/11356 3224/2955/11357 3223/2871/11358
f 3226/2954/11359 3227/2866/11360 3223/2871/11361 3224/2955/11362
f 3228/2991/11363 3229/2989/11364 3162/2836/11365 3159/2977/11366
f 3230/2995/11367 3228/2991/11368 3159/2977/11369 3231/2976/11370
f 3232/3985/11371 3233/2994/11372 3187/2993/11373 3188/3986/11374
f 3061/2992/11375 3142/3037/11376 3234/3038/11377 3176/3036/11378
f 3235/3379/11379 3237/3378/11380 3215/3387/11381 3236/3383/11382
f 87/3070/11383 75/2818/11384 3174/3066/11385 3238/3065/11386
f 3239/3015/11387 3190/3018/11388 3187/2993/11389 3231/2976/11390
f 3240/3386/11391 3242/3071/11392 3238/3065/11393 3241/3068/11394
f 3174/3066/11395 3175/2841/11396 3085/2840/11397 3086/3067/11398
f 3243/2927/11399 3246/2925/11400 3245/2822/11401 3244/2829/11402
f 3247/2831/11403 3250/2824/11404 3249/2883/11405 3248/2886/11406
f 3251/2833/11407 3254/2823/11408 3253/2855/11409 3252/2856/11410
f 3255/2952/11411 3258/2950/11412 3257/2862/11413 3256/2864/11414
f 3259/2835/11415 3262/2819/11416 3261/2961/11417 3260/2962/11418
f 3263/2837/11419 3266/2820/11420 3265/3976/11421 3264/3978/11422
f 3267/2821/11423 3270/3048/11424 3269/3049/11425 3268/2839/11426
f 3271/2885/11427 3274/2884/11428 3273/2916/11429 3272/2917/11430
f 3275/2987/11431 3276/2985/11432 3262/2819/11433 3259/2835/11434
f 3277/3032/11435 3278/3031/11436 3266/2820/11437 3263/2837/11438
f 3279/3371/11439 3280/3370/11440 3267/2821/11441 3268/2839/11442
f 3244/2829/11443 3245/2822/11444 3282/3218/11445 3281/3219/11446
f 3283/2865/11447 3284/2863/11448 3254/2823/11449 3251/2833/11450
f 3285/2896/11451 3286/2894/11452 3250/2824/11453 3247/2831/11454
f 3287/2968/11455 3290/3021/11456 3289/3024/11457 3288/2970/11458
f 3246/2923/11459 3292/2922/11460 3291/2941/11461 3245/2826/11462
f 3250/2828/11463 3294/2842/11464 3293/2910/11465 3249/2888/11466
f 3254/2827/11467 3296/2843/11468 3295/2875/11469 3253/2857/11470
f 3258/2948/11471 3298/2947/11472 3297/2859/11473 3257/2858/11474
f 3262/2825/11475 3300/3041/11476 3299/2964/11477 3261/2963/11478
f 3266/3044/11479 3302/3088/11480 3301/3972/11481 3265/3975/11482
f 3303/3185/11483 3304/3153/11484 3270/3050/11485 3267/2846/11486
f 3274/2887/11487 3306/2909/11488 3305/2919/11489 3273/2918/11490
f 3276/2983/11491 3307/2982/11492 3300/3041/11493 3262/2825/11494
f 3308/3043/11495 3310/3390/11496 3309/3394/11497 3302/3088/11498
f 3245/2826/11499 3291/2941/11500 3311/3224/11501 3282/3225/11502
f 3284/2861/11503 3312/2860/11504 3296/2843/11505 3254/2827/11506
f 3286/2892/11507 3313/2891/11508 3294/2842/11509 3250/2828/11510
f 3314/3233/11511 3315/3236/11512 3290/3026/11513 3287/2966/11514
f 3147/2830/11515 3244/2829/11516 3281/3219/11517 3146/3216/11518
f 3195/2929/11519 3243/2927/11520 3244/2829/11521 3147/2830/11522
f 3151/2881/11523 3271/2885/11524 3272/2917/11525 3150/2915/11526
f 3153/2832/11527 3247/2831/11528 3248/2886/11529 3222/2882/11530
f 3152/2898/11531 3285/2896/11532 3247/2831/11533 3153/2832/11534
f 3155/2834/11535 3251/2833/11536 3252/2856/11537 3219/2854/11538
f 3154/2867/11539 3283/2865/11540 3251/2833/11541 3155/2834/11542
f 3255/2952/11543 3256/2864/11544 3227/2866/11545 3226/2954/11546
f 3288/2970/11547 3289/3024/11548 3158/3020/11549 3156/2972/11550
f 3162/2836/11551 3259/2835/11552 3260/2962/11553 3161/2960/11554
f 3229/2989/11555 3275/2987/11556 3259/2835/11557 3162/2836/11558
f 3064/2838/11559 3263/2837/11560 3264/3978/11561 3063/3980/11562
f 3177/3034/11563 3277/3032/11564 3263/2837/11565 3064/2838/11566
f 3268/2839/11567 3269/3049/11568 3088/3047/11569 3085/2840/11570
f 3175/2841/11571 3279/3371/11572 3268/2839/11573 3085/2840/11574
f 3316/3368/11575 3279/3371/11576 3175/2841/11577 70/2847/11578
f 3317/3477/11579 3319/3476/11580 3318/3087/11581 2325/3213/11582
f 3291/2941/11583 2619/2940/11584 3320/3210/11585 3311/3224/11586
f 3321/2939/11587 3322/2943/11588 2618/2942/11589 2619/2940/11590
f 3306/2909/11591 2622/2908/11592 3323/2944/11593 3305/2919/11594
f 3294/2842/11595 3325/2913/11596 3324/2907/11597 3293/2910/11598
f 3313/2891/11599 3326/2914/11600 3325/2913/11601 3294/2842/11602
f 3296/2843/11603 3328/2878/11604 3327/2874/11605 3295/2875/11606
f 3312/2860/11607 3329/2879/11608 3328/2878/11609 3296/2843/11610
f 3330/2956/11611 3331/2958/11612 2632/2957/11613 2630/2876/11614
f 3300/3041/11615 2614/3040/11616 3332/3456/11617 3299/2964/11618
f 3333/3039/11619 3334/3089/11620 2613/3090/11621 2614/3040/11622
f 3318/3087/11623 2329/2845/11624 2326/2844/11625 2325/3213/11626
f 3318/3087/11627 3335/3086/11628 2331/3073/11629 2329/2845/11630
f 3336/3555/11631 3051/3202/11632 3052/3752/11633 2616/3568/11634
f 3337/3366/11635 3303/3185/11636 3267/2846/11637 3280/3367/11638
f 70/2847/11639 88/2848/11640 3338/3369/11641 3316/3368/11642
f 115/2849/11643 3340/2850/11644 3339/3361/11645 111/3360/11646
f 3340/2850/11647 3342/3091/11648 3341/3263/11649 3339/3361/11650
f 4053/3192/11651 4054/4502/11652 4056/4501/11653 3526/3274/11654
f 4052/3191/11655 4053/3192/11656 3526/3274/11657 3527/3273/11658
f 3491/4268/11659 1209/2851/11660 2078/4375/11661 3493/4374/11662
f 3492/4377/11663 1210/4376/11664 1562/2852/11665 3933/4278/11666
f 3948/4307/11667 3184/4013/11668 3947/4305/11669
f 3118/3006/11670 3066/2873/11671 3067/2870/11672 3117/2869/11673
f 3218/2853/11674 3349/2903/11675 3120/2906/11676 3217/2868/11677
f 3219/2854/11678 3350/2897/11679 3349/2903/11680 3218/2853/11681
f 3252/2856/11682 3351/2895/11683 3350/2897/11684 3219/2854/11685
f 3253/2855/11686 3352/2893/11687 3351/2895/11688 3252/2856/11689
f 3295/2875/11690 3353/2890/11691 3352/2889/11692 3253/2857/11693
f 3328/2878/11694 2628/2877/11695 2626/2911/11696 3327/2874/11697
f 3297/2859/11698 2630/2876/11699 3329/2879/11700 3312/2860/11701
f 3257/2858/11702 3297/2859/11703 3312/2860/11704 3284/2861/11705
f 3256/2864/11706 3257/2862/11707 3284/2863/11708 3283/2865/11709
f 3227/2866/11710 3256/2864/11711 3283/2865/11712 3154/2867/11713
f 3223/2871/11714 3227/2866/11715 3154/2867/11716 3065/2872/11717
f 3217/2868/11718 3120/2906/11719 3117/2869/11720 3067/2870/11721
f 3118/3006/11722 3223/2871/11723 3065/2872/11724 3066/2873/11725
f 3327/2874/11726 2626/2911/11727 3353/2890/11728 3295/2875/11729
f 2630/2876/11730 2628/2877/11731 3328/2878/11732 3329/2879/11733
f 3074/2905/11734 3075/2902/11735 3119/2901/11736 3120/2906/11737
f 3221/2880/11738 3148/2936/11739 3078/2900/11740 3220/2899/11741
f 3222/2882/11742 3151/2881/11743 3148/2936/11744 3221/2880/11745
f 3248/2886/11746 3271/2885/11747 3151/2881/11748 3222/2882/11749
f 3249/2883/11750 3274/2884/11751 3271/2885/11752 3248/2886/11753
f 3293/2910/11754 3306/2909/11755 3274/2887/11756 3249/2888/11757
f 3325/2913/11758 2624/2912/11759 2622/2908/11760 3324/2907/11761
f 3353/2890/11762 2626/2911/11763 3326/2914/11764 3313/2891/11765
f 3352/2889/11766 3353/2890/11767 3313/2891/11768 3286/2892/11769
f 3351/2895/11770 3352/2893/11771 3286/2894/11772 3285/2896/11773
f 3350/2897/11774 3351/2895/11775 3285/2896/11776 3152/2898/11777
f 3349/2903/11778 3350/2897/11779 3152/2898/11780 3073/2904/11781
f 3220/2899/11782 3078/2900/11783 3119/2901/11784 3075/2902/11785
f 3349/2903/11786 3073/2904/11787 3074/2905/11788 3120/2906/11789
f 3324/2907/11790 2622/2908/11791 3306/2909/11792 3293/2910/11793
f 2626/2911/11794 2624/2912/11795 3325/2913/11796 3326/2914/11797
f 3149/2937/11798 3354/2930/11799 3080/2935/11800 3077/2938/11801
f 3150/2915/11802 3355/2928/11803 3354/2930/11804 3149/2937/11805
f 3272/2917/11806 3356/2926/11807 3355/2928/11808 3150/2915/11809
f 3273/2916/11810 3357/2924/11811 3356/2926/11812 3272/2917/11813
f 3305/2919/11814 3358/2921/11815 3357/2920/11816 3273/2918/11817
f 3322/2943/11818 3358/2921/11819 3305/2919/11820 3323/2944/11821
f 3358/2921/11822 3322/2943/11823 3321/2939/11824 3292/2922/11825
f 3357/2920/11826 3358/2921/11827 3292/2922/11828 3246/2923/11829
f 3356/2926/11830 3357/2924/11831 3246/2925/11832 3243/2927/11833
f 3355/2928/11834 3356/2926/11835 3243/2927/11836 3195/2929/11837
f 3354/2930/11838 3355/2928/11839 3195/2929/11840 3193/2931/11841
f 3354/2930/11842 3193/2931/11843 3194/2932/11844 3080/2935/11845
f 3194/2932/11846 3124/2933/11847 3079/2934/11848 3080/2935/11849
f 3148/2936/11850 3149/2937/11851 3077/2938/11852 3078/2900/11853
f 3292/2922/11854 3321/2939/11855 2619/2940/11856 3291/2941/11857
f 2622/2908/11858 2618/2942/11859 3322/2943/11860 3323/2944/11861
f 3359/3019/11862 3362/2953/11863 3361/2996/11864 3360/3028/11865
f 3363/3023/11866 3364/2951/11867 3362/2953/11868 3359/3019/11869
f 3365/3022/11870 3366/2949/11871 3364/2951/11872 3363/3023/11873
f 3367/3125/11874 3368/2946/11875 3366/2945/11876 3365/3025/11877
f 3331/2958/11878 3368/2946/11879 3367/3125/11880 3369/3124/11881
f 3368/2946/11882 3331/2958/11883 3330/2956/11884 3298/2947/11885
f 3366/2945/11886 3368/2946/11887 3298/2947/11888 3258/2948/11889
f 3364/2951/11890 3366/2949/11891 3258/2950/11892 3255/2952/11893
f 3364/2951/11894 3255/2952/11895 3226/2954/11896 3362/2953/11897
f 3362/2953/11898 3226/2954/11899 3224/2955/11900 3361/2996/11901
f 3370/2997/11902 3361/2996/11903 3224/2955/11904 3225/2959/11905
f 3298/2947/11906 3330/2956/11907 2630/2876/11908 3297/2859/11909
f 2634/3122/11910 2632/2957/11911 3331/2958/11912 3369/3124/11913
f 3370/2997/11914 3225/2959/11915 3118/3006/11916 3371/3005/11917
f 3160/2978/11918 3161/2960/11919 3372/2971/11920 3072/2974/11921
f 3260/2962/11922 3373/2969/11923 3372/2971/11924 3161/2960/11925
f 3261/2961/11926 3374/2967/11927 3373/2969/11928 3260/2962/11929
f 3299/2964/11930 3375/3231/11931 3374/2965/11932 3261/2963/11933
f 3332/3456/11934 2636/3232/11935 3375/3231/11936 3299/2964/11937
f 3374/2965/11938 3375/3231/11939 3314/3233/11940 3287/2966/11941
f 3373/2969/11942 3374/2967/11943 3287/2968/11944 3288/2970/11945
f 3372/2971/11946 3373/2969/11947 3288/2970/11948 3156/2972/11949
f 3072/2974/11950 3372/2971/11951 3156/2972/11952 3071/2973/11953
f 3069/2975/11954 3376/2979/11955 3160/2978/11956 3072/2974/11957
f 3239/3015/11958 3231/2976/11959 3376/2979/11960 3069/2975/11961
f 3377/3016/11962 3378/3029/11963 3370/2997/11964 3371/3005/11965
f 3377/3016/11966 3239/3015/11967 3069/2975/11968 3070/2998/11969
f 3231/2976/11970 3159/2977/11971 3160/2978/11972 3376/2979/11973
f 3379/3983/11974 3380/2990/11975 3233/2994/11976 3232/3985/11977
f 3381/3981/11978 3382/2988/11979 3380/2990/11980 3379/3983/11981
f 3383/3979/11982 3384/2986/11983 3382/2988/11984 3381/3981/11985
f 3385/3977/11986 3386/2984/11987 3384/2986/11988 3383/3979/11989
f 3387/3973/11990 3388/2981/11991 3386/2980/11992 3385/3974/11993
f 3334/3089/11994 3388/2981/11995 3387/3973/11996 3389/3971/11997
f 3388/2981/11998 3334/3089/11999 3333/3039/12000 3307/2982/12001
f 3386/2980/12002 3388/2981/12003 3307/2982/12004 3276/2983/12005
f 3384/2986/12006 3386/2984/12007 3276/2985/12008 3275/2987/12009
f 3382/2988/12010 3384/2986/12011 3275/2987/12012 3229/2989/12013
f 3380/2990/12014 3382/2988/12015 3229/2989/12016 3228/2991/12017
f 3233/2994/12018 3380/2990/12019 3228/2991/12020 3230/2995/12021
f 3061/2992/12022 3062/3982/12023 3390/3984/12024 3142/3037/12025
f 3187/2993/12026 3233/2994/12027 3230/2995/12028 3231/2976/12029
f 3100/3017/12030 3377/3016/12031 3371/3005/12032 3099/3008/12033
f 3360/3028/12034 3361/2996/12035 3370/2997/12036 3378/3029/12037
f 3377/3016/12038 3070/2998/12039 3071/2973/12040 3157/3027/12041
f 94/2999/12042 3214/3002/12043 3207/3001/12044 82/3000/12045
f 3212/3004/12046 3204/3003/12047 3207/3001/12048 3214/3002/12049
f 3203/3993/12050 3204/3003/12051 3212/3004/12052 3209/3991/12053
f 3099/3008/12054 3104/3007/12055 3101/3994/12056 3098/3992/12057
f 3371/3005/12058 3118/3006/12059 3104/3007/12060 3099/3008/12061
f 83/3009/12062 95/3010/12063 3216/3012/12064 3213/3011/12065
f 3144/3014/12066 3211/3013/12067 3213/3011/12068 3216/3012/12069
f 3145/3987/12070 3210/3989/12071 3211/3013/12072 3144/3014/12073
f 3190/3018/12074 3100/3017/12075 3097/3990/12076 3189/3988/12077
f 3239/3015/12078 3377/3016/12079 3100/3017/12080 3190/3018/12081
f 3158/3020/12082 3359/3019/12083 3360/3028/12084 3157/3027/12085
f 3289/3024/12086 3363/3023/12087 3359/3019/12088 3158/3020/12089
f 3290/3021/12090 3365/3022/12091 3363/3023/12092 3289/3024/12093
f 3315/3236/12094 3367/3125/12095 3365/3025/12096 3290/3026/12097
f 3157/3027/12098 3360/3028/12099 3378/3029/12100 3377/3016/12101
f 3391/3377/12102 3393/3035/12103 3392/3380/12104 3237/3378/12105
f 3394/3375/12106 3395/3033/12107 3393/3035/12108 3391/3377/12109
f 3396/3046/12110 3399/3030/12111 3398/3045/12112 3397/3372/12113
f 3399/3388/12114 3310/3390/12115 3308/3043/12116 3278/3042/12117
f 3398/3045/12118 3399/3030/12119 3278/3031/12120 3277/3032/12121
f 3395/3033/12122 3398/3045/12123 3277/3032/12124 3177/3034/12125
f 3393/3035/12126 3395/3033/12127 3177/3034/12128 3176/3036/12129
f 3392/3380/12130 3393/3035/12131 3176/3036/12132 3234/3038/12133
f 3400/3062/12134 3402/3061/12135 3236/3383/12136 3401/3382/12137
f 3142/3037/12138 3143/3381/12139 3392/3380/12140 3234/3038/12141
f 3307/2982/12142 3333/3039/12143 2614/3040/12144 3300/3041/12145
f 3278/3042/12146 3308/3043/12147 3302/3088/12148 3266/3044/12149
f 3303/3185/12150 3404/3152/12151 3403/3154/12152 3304/3153/12153
f 3397/3372/12154 3398/3045/12155 3395/3033/12156 3394/3375/12157
f 3405/3051/12158 3396/3046/12159 3397/3372/12160 3406/3373/12161
f 3403/3154/12162 3407/3391/12163 3396/3389/12164 3405/3052/12165
f 3088/3047/12166 3408/3059/12167 3400/3062/12168 3087/3063/12169
f 3269/3049/12170 3409/3057/12171 3408/3059/12172 3088/3047/12173
f 3270/3048/12174 3410/3055/12175 3409/3057/12176 3269/3049/12177
f 3304/3153/12178 3411/3156/12179 3410/3054/12180 3270/3050/12181
f 3412/3060/12182 3414/3374/12183 3413/3376/12184 3402/3061/12185
f 3415/3058/12186 3406/3373/12187 3414/3374/12188 3412/3060/12189
f 3416/3056/12190 3405/3051/12191 3406/3373/12192 3415/3058/12193
f 3417/3155/12194 3403/3154/12195 3405/3052/12196 3416/3053/12197
f 3411/3156/12198 3417/3155/12199 3416/3053/12200 3410/3054/12201
f 3410/3055/12202 3416/3056/12203 3415/3058/12204 3409/3057/12205
f 3409/3057/12206 3415/3058/12207 3412/3060/12208 3408/3059/12209
f 3408/3059/12210 3412/3060/12211 3402/3061/12212 3400/3062/12213
f 3087/3063/12214 3400/3062/12215 3401/3382/12216 3418/3064/12217
f 3402/3061/12218 3413/3376/12219 3235/3379/12220 3236/3383/12221
f 3241/3068/12222 3418/3064/12223 3401/3382/12224 3240/3386/12225
f 3086/3067/12226 3087/3063/12227 3418/3064/12228 3241/3068/12229
f 3238/3065/12230 3174/3066/12231 3086/3067/12232 3241/3068/12233
f 86/3385/12234 96/3069/12235 3242/3071/12236 3240/3386/12237
f 96/3069/12238 87/3070/12239 3238/3065/12240 3242/3071/12241
f 3335/3086/12242 2615/3478/12243 2458/3072/12244 2331/3073/12245
f 3419/3084/12246 3420/3147/12247 106/3146/12248 59/3080/12249
f 2972/3141/12250 3422/3142/12251 3421/3744/12252 2971/3743/12253
f 3421/3744/12254 3422/3142/12255 3424/3144/12256 3423/3083/12257
f 3423/3083/12258 3424/3144/12259 3420/3147/12260 3419/3084/12261
f 97/3079/12262 68/3074/12263 3426/3082/12264 3425/3081/12265
f 3130/3075/12266 3136/3749/12267 3427/3748/12268 3426/3076/12269
f 3130/3075/12270 3426/3076/12271 68/3077/12272 69/3078/12273
f 3427/3745/12274 3421/3744/12275 3423/3083/12276 3426/3082/12277
f 97/3079/12278 3425/3081/12279 3419/3084/12280 59/3080/12281
f 3425/3081/12282 3426/3082/12283 3423/3083/12284 3419/3084/12285
f 2612/3085/12286 2640/3460/12287 3332/3456/12288 2614/3040/12289
f 3319/3476/12290 2615/3478/12291 3335/3086/12292 3318/3087/12293
f 3302/3088/12294 3429/3968/12295 3428/3970/12296 3301/3972/12297
f 3309/3394/12298 3430/3393/12299 3429/3968/12300 3302/3088/12301
f 3431/3297/12302 3432/3296/12303 3404/3152/12304 3303/3185/12305
f 3389/3971/12306 3433/3969/12307 2613/3090/12308 3334/3089/12309
f 3433/3969/12310 2106/3967/12311 2101/2392/12312 2613/3090/12313
f 3430/3393/12314 2092/3151/12315 2093/3966/12316 3429/3968/12317
f 3342/3091/12318 3435/3183/12319 3434/3294/12320 3341/3263/12321
f 2619/2940/12322 2620/3092/12323 2713/3208/12324 3320/3210/12325
f 2620/3092/12326 2733/3093/12327 2675/3094/12328 2713/3208/12329
f 2733/3093/12330 2734/3095/12331 2676/3096/12332 2675/3094/12333
f 2734/3095/12334 2735/3097/12335 2653/3100/12336 2676/3096/12337
f 2735/3097/12338 4/3098/12339 98/3099/12340 2653/3100/12341
f 2608/3559/12342 2609/3103/12343 3437/3201/12344 3436/3557/12345
f 3438/3195/12346 3441/3336/12347 3440/3338/12348 3439/3341/12349
f 110/3194/12350 99/3334/12351 3441/3336/12352 3438/3195/12353
f 3060/3337/12354 2973/3101/12355 2970/3102/12356 3058/3339/12357
f 3054/3200/12358 3438/3198/12359 3439/3342/12360 3053/3753/12361
f 3437/3201/12362 2609/3103/12363 2611/3197/12364 3442/3199/12365
f 4051/3190/12366 4052/3189/12367 3527/3277/12368 3528/3279/12369
f 4050/3187/12370 4051/3190/12371 3528/3279/12372 4055/3108/12373
f 4045/4486/12374 91/4476/12375 103/3188/12376 3348/3186/12377
f 91/4476/12378 92/4478/12379 104/3272/12380 103/3188/12381
f 148/3282/12382 3447/3548/12383 3446/3105/12384 100/3104/12385
f 3446/3105/12386 3447/3548/12387 3449/3549/12388 3448/3106/12389
f 3448/3106/12390 3449/3549/12391 3451/3550/12392 3450/3107/12393
f 3450/3107/12394 3451/3550/12395 102/3283/12396 101/1001/12397
f 4059/3271/12398 4023/3266/12399 1416/4492/12400 1418/4491/12401
f 4057/3281/12402 4059/3271/12403 1418/4491/12404 3344/4489/12405
f 4055/3108/12406 4057/3281/12407 3344/4489/12408 3346/4487/12409
f 4050/3187/12410 4055/3108/12411 3346/4487/12412 3348/3186/12413
f 2840/3113/12414 149/4161/12415 47/3109/12416 2841/3114/12417
f 3042/3604/12418 3455/4458/12419 2840/3113/12420 3041/3112/12421
f 3000/3111/12422 2841/3114/12423 47/3109/12424 63/3110/12425
f 3000/3111/12426 3041/3112/12427 2840/3113/12428 2841/3114/12429
f 2780/3116/12430 2827/3115/12431 2851/4218/12432 3022/4215/12433
f 2762/3118/12434 2826/3117/12435 2827/3115/12436 2780/3116/12437
f 2760/4075/12438 2829/3120/12439 2826/3117/12440 2762/3118/12441
f 134/4074/12442 133/3119/12443 2829/3120/12444 2760/4075/12445
f 2634/3122/12446 3456/3234/12447 2723/3123/12448 2635/3121/12449
f 2634/3122/12450 3369/3124/12451 3457/3235/12452 3456/3234/12453
f 2723/3123/12454 3456/3234/12455 2636/3232/12456 2637/2402/12457
f 3457/3235/12458 3369/3124/12459 3367/3125/12460 3315/3236/12461
f 2462/3128/12462 2463/3861/12463 2468/3862/12464 2469/3129/12465
f 2337/3131/12466 2335/3130/12467 2332/3127/12468 2322/3126/12469
f 2322/3126/12470 2332/3127/12471 2333/3877/12472 2321/3876/12473
f 2462/3128/12474 2469/3129/12475 2335/3130/12476 2337/3131/12477
f 105/3132/12478 37/3133/12479 2752/3136/12480 2974/3135/12481
f 2969/3134/12482 2974/3135/12483 2752/3136/12484 3047/3137/12485
f 3047/3138/12486 2933/3140/12487 2972/3141/12488 2969/3139/12489
f 2933/3140/12490 2739/3143/12491 3422/3142/12492 2972/3141/12493
f 3424/3144/12494 3422/3142/12495 2739/3143/12496 2740/3145/12497
f 3420/3147/12498 3424/3144/12499 2740/3145/12500 2737/3148/12501
f 106/3146/12502 3420/3147/12503 2737/3148/12504 32/3149/12505
f 2095/3150/12506 2092/3151/12507 3430/3393/12508 2096/3295/12509
f 3404/3152/12510 3432/3296/12511 3459/3392/12512 3458/3395/12513
f 3403/3154/12514 3404/3152/12515 3458/3395/12516 3407/3391/12517
f 3304/3153/12518 3403/3154/12519 3417/3155/12520 3411/3156/12521
f 2299/3396/12522 2295/3157/12523 2219/3158/12524 2220/3397/12525
f 2118/3160/12526 2299/3159/12527 3461/3440/12528 3460/3443/12529
f 2117/3425/12530 2118/3160/12531 3460/3443/12532 2204/3426/12533
f 3462/3399/12534 3464/3168/12535 2306/3461/12536 3463/3465/12537
f 2305/3162/12538 2306/3161/12539 3464/3166/12540 3465/3165/12541
f 2206/3261/12542 2305/3162/12543 3465/3165/12544 2205/3164/12545
f 2291/3163/12546 2205/3164/12547 3465/3165/12548 3464/3166/12549
f 2212/3398/12550 2291/3167/12551 3464/3168/12552 3462/3399/12553
f 2211/3466/12554 3466/3417/12555 2229/3416/12556 2214/3169/12557
f 3467/3468/12558 3462/3399/12559 3463/3465/12560 3468/3535/12561
f 3469/4294/12562 3470/4297/12563 43/3170/12564 107/3173/12565
f 65/3449/12566 43/3170/12567 3470/4297/12568 3471/4293/12569
f 123/3450/12570 3472/4291/12571 2968/3176/12572 46/3171/12573
f 3030/3172/12574 3031/3175/12575 3474/4289/12576 3473/4287/12577
f 3475/4285/12578 3033/3532/12579 3030/3172/12580 3473/4287/12581
f 2955/4281/12582 3043/3529/12583 3477/3533/12584 3476/4283/12585
f 2955/4281/12586 3469/4294/12587 107/3173/12588 35/3174/12589
f 3031/3175/12590 2968/3176/12591 3472/4291/12592 3474/4289/12593
f 3937/4280/12594 3479/3179/12595 3478/3178/12596 3936/4295/12597
f 3944/4296/12598 3936/4295/12599 3478/3178/12600 3480/3177/12601
f 3944/4296/12602 3480/3177/12603 3481/4247/12604 3943/4292/12605
f 3940/4286/12606 3483/3182/12607 3482/3181/12608 3939/4284/12609
f 3942/4290/12610 3485/4251/12611 3484/4250/12612 3941/4288/12613
f 3941/4288/12614 3484/4250/12615 3483/3182/12616 3940/4286/12617
f 3485/4251/12618 3942/4290/12619 3943/4292/12620 3481/4247/12621
f 3939/4284/12622 3482/3181/12623 3486/3180/12624 3938/4282/12625
f 3938/4282/12626 3486/3180/12627 3479/3179/12628 3937/4280/12629
f 3480/3177/12630 3922/4169/12631 3923/4248/12632 3481/4247/12633
f 3478/3178/12634 3921/4165/12635 3922/4169/12636 3480/3177/12637
f 3479/3179/12638 3920/4168/12639 3921/4165/12640 3478/3178/12641
f 3486/3180/12642 3919/4166/12643 3920/4168/12644 3479/3179/12645
f 3482/3181/12646 3918/4167/12647 3919/4166/12648 3486/3180/12649
f 3483/3182/12650 3926/4164/12651 3918/4167/12652 3482/3181/12653
f 3926/4164/12654 3483/3182/12655 3484/4250/12656 3925/4249/12657
f 3434/3294/12658 3435/3183/12659 114/3184/12660 112/3291/12661
f 3337/3366/12662 3494/3363/12663 3431/3297/12664 3303/3185/12665
f 3348/3186/12666 103/3188/12667 4051/3190/12668 4050/3187/12669
f 103/3188/12670 104/3272/12671 4052/3189/12672 4051/3190/12673
f 104/3272/12674 1522/4064/12675 4053/3192/12676 4052/3191/12677
f 1522/4064/12678 1523/4503/12679 4054/4502/12680 4053/3192/12681
f 3/3193/12682 110/3194/12683 3438/3195/12684 2611/3196/12685
f 3442/3199/12686 2611/3197/12687 3438/3198/12688 3054/3200/12689
f 3437/3201/12690 3442/3199/12691 3054/3200/12692 3051/3202/12693
f 3436/3557/12694 3437/3201/12695 3051/3202/12696 3336/3555/12697
f 2669/3205/12698 2670/3558/12699 3496/3556/12700 3495/3203/12701
f 3497/3566/12702 3495/3203/12703 3496/3556/12704 3498/3567/12705
f 3497/3566/12706 3499/3552/12707 2669/3205/12708 3495/3203/12709
f 3499/3552/12710 2710/3207/12711 2672/3204/12712 2669/3205/12713
f 2736/3211/12714 2709/3206/12715 2710/3207/12716 3499/3552/12717
f 2711/3209/12718 2736/3211/12719 3501/3226/12720 3500/3470/12721
f 2713/3208/12722 2711/3209/12723 3500/3470/12724 3320/3210/12725
f 3320/3210/12726 3500/3470/12727 3502/3471/12728 3311/3224/12729
f 3503/3551/12730 3501/3226/12731 2736/3211/12732 3499/3552/12733
f 3504/3222/12734 3505/3221/12735 2323/3212/12736 2320/3867/12737
f 3317/3477/12738 2325/3213/12739 2323/3214/12740 3505/3229/12741
f 3504/3222/12742 2320/3867/12743 3081/3866/12744 3127/3215/12745
f 3128/3217/12746 3506/3223/12747 3504/3222/12748 3127/3215/12749
f 3146/3216/12750 3281/3219/12751 3506/3223/12752 3128/3217/12753
f 3507/3475/12754 3509/3554/12755 3508/3553/12756 3319/3476/12757
f 3282/3218/12758 3510/3220/12759 3506/3223/12760 3281/3219/12761
f 3510/3220/12762 3505/3221/12763 3504/3222/12764 3506/3223/12765
f 3311/3224/12766 3502/3471/12767 3510/3230/12768 3282/3225/12769
f 3500/3470/12770 3501/3226/12771 3503/3551/12772 3511/3473/12773
f 3510/3230/12774 3502/3471/12775 3513/3472/12776 3512/3227/12777
f 3503/3551/12778 3509/3554/12779 3507/3475/12780 3511/3473/12781
f 3513/3472/12782 3515/3474/12783 3514/3228/12784 3512/3227/12785
f 3515/3474/12786 3317/3477/12787 3505/3229/12788 3514/3228/12789
f 3512/3227/12790 3514/3228/12791 3505/3229/12792 3510/3230/12793
f 3314/3233/12794 3375/3231/12795 2636/3232/12796 3456/3234/12797
f 3314/3233/12798 3456/3234/12799 3457/3235/12800 3315/3236/12801
f 2144/3239/12802 2146/3238/12803 2127/3237/12804 2124/3258/12805
f 2168/3241/12806 2172/3240/12807 2146/3238/12808 2144/3239/12809
f 2169/3243/12810 2171/3242/12811 2172/3240/12812 2168/3241/12813
f 2187/3245/12814 2189/3244/12815 2171/3242/12816 2169/3243/12817
f 2198/3309/12818 2157/3246/12819 2189/3244/12820 2187/3245/12821
f 2156/3247/12822 2157/3246/12823 2198/3309/12824 3516/3310/12825
f 2155/3912/12826 2156/3247/12827 3516/3310/12828 3517/3910/12829
f 2158/3913/12830 2314/3911/12831 2315/3289/12832 2161/3288/12833
f 3518/3347/12834 3521/3351/12835 3520/3346/12836 3519/3344/12837
f 2194/3249/12838 2192/3248/12839 2199/3343/12840 2201/3345/12841
f 2181/3251/12842 2179/3250/12843 2192/3248/12844 2194/3249/12845
f 2182/3253/12846 2178/3252/12847 2179/3250/12848 2181/3251/12849
f 2152/3255/12850 2149/3254/12851 2178/3252/12852 2182/3253/12853
f 2153/3407/12854 2135/3256/12855 2149/3254/12856 2152/3255/12857
f 2138/3406/12858 2134/3420/12859 2135/3256/12860 2153/3407/12861
f 2113/3543/12862 2108/3541/12863 2109/3259/12864 2112/2121/12865
f 2143/3257/12866 2124/3258/12867 2125/3424/12868 2202/3427/12869
f 2109/3259/12870 2110/3260/12871 2303/3462/12872 2206/3261/12873
f 2210/3445/12874 2203/3442/12875 2301/3444/12876 2300/3446/12877
f 3341/3263/12878 2087/3262/12879 2100/3298/12880 3339/3361/12881
f 3434/3294/12882 2086/3293/12883 2087/3262/12884 3341/3263/12885
f 3522/3350/12886 3520/3346/12887 3521/3351/12888 3523/3352/12889
f 1597/3270/12890 1596/3269/12891 90/3264/12892 1594/3265/12893
f 4059/3271/12894 1597/3270/12895 1594/3265/12896 4023/3266/12897
f 1598/3275/12898 4058/4499/12899 2079/4497/12900 1595/3267/12901
f 3524/3276/12902 1598/3275/12903 1595/3267/12904 1596/3268/12905
f 3525/3280/12906 3524/3278/12907 1596/3269/12908 1597/3270/12909
f 4057/3281/12910 3525/3280/12911 1597/3270/12912 4059/3271/12913
f 3526/3274/12914 4056/4501/12915 4058/4499/12916 1598/3275/12917
f 92/4478/12918 1414/4481/12919 1522/4064/12920 104/3272/12921
f 3527/3273/12922 3526/3274/12923 1598/3275/12924 3524/3276/12925
f 3528/3279/12926 3527/3277/12927 3524/3278/12928 3525/3280/12929
f 4055/3108/12930 3528/3279/12931 3525/3280/12932 4057/3281/12933
f 148/3282/12934 129/4189/12935 3887/4188/12936 3447/3548/12937
f 102/3283/12938 3451/3550/12939 3889/4190/12940 131/4193/12941
f 116/3329/12942 120/3284/12943 2706/3286/12944 2707/3311/12945
f 120/3284/12946 13/3285/12947 2667/2408/12948 2706/3286/12949
f 2160/3287/12950 2161/3288/12951 3519/3344/12952 2199/3343/12953
f 2315/3289/12954 3518/3347/12955 3519/3344/12956 2161/3288/12957
f 2316/3290/12958 2318/3348/12959 3518/3347/12960 2315/3289/12961
f 2091/3327/12962 2318/3348/12963 2316/3290/12964 3529/3317/12965
f 3529/3317/12966 2316/3290/12967 2317/3909/12968 3530/3907/12969
f 112/3291/12970 15/3292/12971 2086/3293/12972 3434/3294/12973
f 3432/3296/12974 2096/3295/12975 3430/3393/12976 3459/3392/12977
f 2100/3298/12978 2096/3295/12979 3432/3296/12980 3431/3297/12981
f 3431/3297/12982 3494/3363/12983 3339/3361/12984 2100/3298/12985
f 2287/3300/12986 2288/3299/12987 2311/3454/12988 2097/3301/12989
f 2098/3305/12990 2285/3304/12991 2287/3300/12992 2097/3301/12993
f 2249/3302/12994 2286/3303/12995 2285/3304/12996 2098/3305/12997
f 2196/3318/12998 2286/3306/12999 2249/3307/13000 2302/3321/13001
f 3531/3323/13002 3534/3904/13003 3533/3906/13004 3532/3908/13005
f 2084/3313/13006 3536/3332/13007 3535/3325/13008 2099/3322/13009
f 3537/3308/13010 2090/3326/13011 3539/3903/13012 3538/3901/13013
f 3516/3310/13014 2198/3309/13015 2197/3319/13016 3531/3323/13017
f 3516/3310/13018 3531/3323/13019 3532/3908/13020 3517/3910/13021
f 116/3329/13022 2707/3311/13023 2090/3312/13024 3537/3328/13025
f 3536/3332/13026 2084/3313/13027 2085/3314/13028 3540/3333/13029
f 3540/3330/13030 2085/3315/13031 117/3316/13032 14/3331/13033
f 2091/3327/13034 3529/3317/13035 3530/3907/13036 3541/3905/13037
f 2195/3320/13038 2196/3318/13039 2302/3321/13040 3542/3324/13041
f 2197/3319/13042 2195/3320/13043 3542/3324/13044 3531/3323/13045
f 3542/3324/13046 2302/3321/13047 2099/3322/13048 3535/3325/13049
f 3535/3325/13050 3534/3904/13051 3531/3323/13052 3542/3324/13053
f 3536/3332/13054 3543/3902/13055 3534/3904/13056 3535/3325/13057
f 3541/3905/13058 3539/3903/13059 2090/3326/13060 2091/3327/13061
f 3537/3328/13062 3538/3896/13063 128/3899/13064 116/3329/13065
f 3544/3897/13066 3540/3330/13067 14/3331/13068 119/3898/13069
f 3536/3332/13070 3540/3333/13071 3544/3900/13072 3543/3902/13073
f 99/3334/13074 121/3335/13075 3060/3337/13076 3441/3336/13077
f 3441/3336/13078 3060/3337/13079 3058/3339/13080 3440/3338/13081
f 3440/3338/13082 3058/3339/13083 3059/3340/13084 3439/3341/13085
f 3053/3753/13086 3439/3342/13087 3059/3750/13088 3545/3754/13089
f 2591/3499/13090 2593/3502/13091 3547/3715/13092 3546/3687/13093
f 2201/3345/13094 2199/3343/13095 3519/3344/13096 3520/3346/13097
f 2200/3349/13098 2201/3345/13099 3520/3346/13100 3522/3350/13101
f 3521/3351/13102 3518/3347/13103 2318/3348/13104 2319/3355/13105
f 2200/3349/13106 3522/3350/13107 3523/3352/13108 2103/3354/13109
f 2082/3357/13110 2083/3353/13111 2088/3356/13112 2089/3358/13113
f 3521/3351/13114 2319/3355/13115 2103/3354/13116 3523/3352/13117
f 2083/3353/13118 2103/3354/13119 2319/3355/13120 2088/3356/13121
f 2082/3357/13122 2089/3358/13123 2090/3326/13124 2707/3359/13125
f 3494/3363/13126 118/3362/13127 111/3360/13128 3339/3361/13129
f 88/3365/13130 118/3362/13131 3494/3363/13132 3337/3366/13133
f 3338/3364/13134 88/3365/13135 3337/3366/13136 3280/3367/13137
f 3316/3368/13138 3338/3369/13139 3280/3370/13140 3279/3371/13141
f 3397/3372/13142 3394/3375/13143 3414/3374/13144 3406/3373/13145
f 3414/3374/13146 3394/3375/13147 3391/3377/13148 3413/3376/13149
f 3413/3376/13150 3391/3377/13151 3237/3378/13152 3235/3379/13153
f 3237/3378/13154 3392/3380/13155 3143/3381/13156 3215/3387/13157
f 3240/3386/13158 3401/3382/13159 3236/3383/13160 3215/3387/13161
f 122/3384/13162 86/3385/13163 3240/3386/13164 3215/3387/13165
f 3310/3390/13166 3399/3388/13167 3396/3389/13168 3407/3391/13169
f 3458/3395/13170 3309/3394/13171 3310/3390/13172 3407/3391/13173
f 3459/3392/13174 3430/3393/13175 3309/3394/13176 3458/3395/13177
f 2299/3396/13178 2220/3397/13179 2225/3438/13180 3461/3437/13181
f 2242/3433/13182 2227/3432/13183 2228/3944/13184 2244/3946/13185
f 2246/3415/13186 2247/3947/13187 2230/3945/13188 2229/3416/13189
f 3466/3417/13190 2234/3467/13191 2231/3400/13192 3548/3418/13193
f 2211/3466/13194 2212/3398/13195 3462/3399/13196 3467/3468/13197
f 3549/3413/13198 3550/3409/13199 3548/3418/13200 2231/3400/13201
f 3551/3402/13202 2232/3408/13203 2233/3469/13204 3552/3403/13205
f 3552/3403/13206 2233/3469/13207 3468/3535/13208 3553/3536/13209
f 2136/3538/13210 2137/3405/13211 3552/3403/13212 3553/3536/13213
f 2232/3408/13214 3554/3414/13215 3549/3413/13216 2231/3400/13217
f 2150/3404/13218 2151/3401/13219 2275/3411/13220 3551/3402/13221
f 2137/3405/13222 2150/3404/13223 3551/3402/13224 3552/3403/13225
f 2150/3404/13226 2137/3405/13227 2138/3406/13228 2153/3407/13229
f 2245/3410/13230 3550/3409/13231 3549/3413/13232 2274/3412/13233
f 2275/3411/13234 3554/3414/13235 2232/3408/13236 3551/3402/13237
f 2246/3415/13238 3548/3418/13239 3550/3409/13240 2245/3410/13241
f 2275/3411/13242 2274/3412/13243 3549/3413/13244 3554/3414/13245
f 2246/3415/13246 2229/3416/13247 3466/3417/13248 3548/3418/13249
f 2267/3419/13250 2268/3951/13251 2248/3949/13252 2245/3410/13253
f 2134/3420/13254 2138/3406/13255 2139/3540/13256 3555/3542/13257
f 3556/3545/13258 2133/3421/13259 2134/3420/13260 3555/3542/13261
f 2133/3421/13262 3556/3545/13263 3557/3929/13264 2132/3927/13265
f 2129/3926/13266 3558/3928/13267 2116/3423/13268 2126/3422/13269
f 2126/3422/13270 2116/3423/13271 2117/3425/13272 2125/3424/13273
f 2125/3424/13274 2117/3425/13275 2204/3426/13276 2202/3427/13277
f 2236/3430/13278 2237/3428/13279 2296/3429/13280 2290/3431/13281
f 2239/3434/13282 2236/3430/13283 2290/3431/13284 2226/3435/13285
f 2227/3432/13286 2242/3433/13287 2239/3434/13288 2226/3435/13289
f 2223/3436/13290 3461/3437/13291 2225/3438/13292 2222/3439/13293
f 2301/3444/13294 3460/3443/13295 3461/3440/13296 2223/3441/13297
f 2203/3442/13298 2204/3426/13299 3460/3443/13300 2301/3444/13301
f 2210/3445/13302 2300/3446/13303 2224/3447/13304 2221/3448/13305
f 2965/3605/13306 3900/4213/13307 3901/4216/13308 3559/3608/13309
f 3901/4216/13310 3902/4217/13311 2848/3609/13312 3559/3608/13313
f 2550/3494/13314 2551/3698/13315 3561/3696/13316 3560/3712/13317
f 65/3449/13318 3471/4293/13319 3472/4291/13320 123/3450/13321
f 3907/4228/13322 3891/4199/13323 2811/3611/13324 3906/4225/13325
f 2441/3451/13326 2595/3647/13327 3562/3660/13328 2587/3452/13329
f 2587/3452/13330 3562/3660/13331 3563/3661/13332 2588/3662/13333
f 2312/3455/13334 2313/3960/13335 2094/3963/13336 2095/3453/13337
f 2095/3453/13338 2097/3301/13339 2311/3454/13340 2312/3455/13341
f 2639/3459/13342 2636/3232/13343 3332/3456/13344 2640/3460/13345
f 2081/3457/13346 2638/3458/13347 2639/3459/13348 2640/3460/13349
f 2119/3547/13350 3565/3930/13351 3564/3932/13352 2307/3934/13353
f 3463/3465/13354 2306/3461/13355 2303/3462/13356 2304/3464/13357
f 2304/3464/13358 2298/3463/13359 2297/3537/13360 3566/3534/13361
f 2304/3464/13362 3566/3534/13363 3468/3535/13364 3463/3465/13365
f 3466/3417/13366 2211/3466/13367 3467/3468/13368 2234/3467/13369
f 2234/3467/13370 3467/3468/13371 3468/3535/13372 2233/3469/13373
f 3500/3470/13374 3511/3473/13375 3513/3472/13376 3502/3471/13377
f 3507/3475/13378 3515/3474/13379 3513/3472/13380 3511/3473/13381
f 3515/3474/13382 3507/3475/13383 3319/3476/13384 3317/3477/13385
f 3319/3476/13386 3508/3553/13387 2617/3565/13388 2615/3478/13389
f 2415/3479/13390 2416/3480/13391 2532/3808/13392 2525/3809/13393
f 2574/3810/13394 2569/3481/13395 2570/3482/13396 2581/3811/13397
f 2585/3483/13398 2588/3662/13399 3567/3788/13400 2581/3811/13401
f 2443/3507/13402 2596/3503/13403 2442/3484/13404 2439/3485/13405
f 2553/3509/13406 3569/3784/13407 3568/3793/13408 2552/3684/13409
f 3570/3802/13410 3571/3804/13411 2431/3510/13412 2432/3486/13413
f 3572/3803/13414 3570/3802/13415 2432/3486/13416 2412/3487/13417
f 3573/3795/13418 3572/3803/13419 2412/3487/13420 2413/3488/13421
f 3574/3796/13422 3573/3795/13423 2413/3488/13424 2599/3763/13425
f 3575/3713/13426 3576/3709/13427 2546/3489/13428 2547/3495/13429
f 3577/3708/13430 2579/3506/13431 2546/3489/13432 3576/3709/13433
f 2550/3494/13434 3560/3712/13435 3575/3713/13436 2547/3495/13437
f 2446/3490/13438 2447/3515/13439 2436/3517/13440 2434/3491/13441
f 2449/3492/13442 2446/3490/13443 2434/3491/13444 2428/3493/13445
f 2448/3496/13446 2449/3492/13447 2428/3493/13448 2393/3497/13449
f 2549/3516/13450 2550/3494/13451 2547/3495/13452 2544/3518/13453
f 2448/3496/13454 2393/3497/13455 2394/2380/13456 2450/3498/13457
f 3578/3686/13458 2590/3500/13459 2591/3499/13460 3546/3687/13461
f 3578/3686/13462 3579/3688/13463 2589/3649/13464 2590/3500/13465
f 2554/3512/13466 2555/3699/13467 2551/3698/13468 2548/3514/13469
f 2444/3508/13470 2567/3501/13471 2586/3504/13472 2578/3519/13473
f 2596/3503/13474 2443/3507/13475 2579/3506/13476 3577/3708/13477
f 3547/3715/13478 2593/3502/13479 2596/3503/13480 3577/3708/13481
f 2568/2364/13482 2578/3519/13483 2586/3504/13484 2577/3505/13485
f 2579/3506/13486 2443/3507/13487 2444/3508/13488 2578/3519/13489
f 2431/3510/13490 3571/3804/13491 3569/3784/13492 2553/3509/13493
f 2553/3509/13494 2554/3512/13495 2430/3511/13496 2431/3510/13497
f 2430/3511/13498 2554/3512/13499 2548/3514/13500 2438/3513/13501
f 2438/3513/13502 2548/3514/13503 2549/3516/13504 2447/3515/13505
f 2447/3515/13506 2549/3516/13507 2544/3518/13508 2436/3517/13509
f 2436/3517/13510 2544/3518/13511 2545/3521/13512 2435/3520/13513
f 2578/3519/13514 2568/2364/13515 2435/3520/13516 2545/3521/13517
f 2806/4194/13518 2807/4229/13519 2808/4226/13520 2825/3522/13521
f 2825/3522/13522 2808/4226/13523 2809/4224/13524 2828/3523/13525
f 2828/3523/13526 2809/4224/13527 2853/4222/13528 2850/4220/13529
f 3045/3528/13530 3033/3532/13531 3477/3533/13532 3043/3529/13533
f 3044/3530/13534 2954/3525/13535 2783/3524/13536 3011/3531/13537
f 2783/3524/13538 2954/3525/13539 125/3526/13540 56/3527/13541
f 3045/3528/13542 3043/3529/13543 3044/3530/13544 3011/3531/13545
f 3033/3532/13546 3475/4285/13547 3476/4283/13548 3477/3533/13549
f 3566/3534/13550 2297/3537/13551 3553/3536/13552 3468/3535/13553
f 3553/3536/13554 2297/3537/13555 2111/3539/13556 2136/3538/13557
f 2139/3540/13558 2136/3538/13559 2111/3539/13560 2108/3541/13561
f 3555/3542/13562 2139/3540/13563 2108/3541/13564 2113/3543/13565
f 2114/3546/13566 3556/3545/13567 3555/3542/13568 2113/3543/13569
f 2209/3933/13570 3580/3931/13571 2114/3546/13572 2115/3544/13573
f 3556/3545/13574 2114/3546/13575 3580/3931/13576 3557/3929/13577
f 3558/3928/13578 3565/3930/13579 2119/3547/13580 2116/3423/13581
f 3888/4191/13582 3449/3549/13583 3447/3548/13584 3887/4188/13585
f 3449/3549/13586 3888/4191/13587 3889/4190/13588 3451/3550/13589
f 3509/3554/13590 3503/3551/13591 3499/3552/13592 3497/3566/13593
f 2617/3565/13594 3508/3553/13595 3509/3554/13596 3497/3566/13597
f 3498/3567/13598 3496/3556/13599 3336/3555/13600 2616/3568/13601
f 2670/3558/13602 3436/3557/13603 3336/3555/13604 3496/3556/13605
f 2644/3560/13606 2608/3559/13607 3436/3557/13608 2670/3558/13609
f 2607/3562/13610 2608/3559/13611 2644/3560/13612 2641/3563/13613
f 16/3561/13614 2607/3562/13615 2641/3563/13616 126/3564/13617
f 2617/3565/13618 3497/3566/13619 3498/3567/13620 2616/3568/13621
f 2773/3597/13622 2795/3569/13623 3582/3621/13624 3581/3623/13625
f 2778/3603/13626 2779/3572/13627 3584/3635/13628 3583/3637/13629
f 2785/3573/13630 2786/3599/13631 3586/3631/13632 3585/3633/13633
f 2795/3569/13634 2796/3587/13635 3587/3619/13636 3582/3621/13637
f 2810/3584/13638 2811/3611/13639 3589/3612/13640 3588/3585/13641
f 2847/3577/13642 2844/3574/13643 3592/3575/13644 3591/3578/13645
f 2848/3609/13646 2849/3570/13647 3594/3571/13648 3593/3610/13649
f 2849/3570/13650 2852/3583/13651 3595/3586/13652 3594/3571/13653
f 3590/3579/13654 3596/3581/13655 2858/3580/13656 2842/3576/13657
f 2779/3572/13658 2785/3573/13659 3585/3633/13660 3584/3635/13661
f 3038/3598/13662 2772/3596/13663 3598/3625/13664 3597/3627/13665
f 2844/3574/13666 2965/3605/13667 3599/3606/13668 3592/3575/13669
f 2842/3576/13670 2847/3577/13671 3591/3578/13672 3590/3579/13673
f 2996/3590/13674 2858/3580/13675 3596/3581/13676 3600/3591/13677
f 2997/3582/13678 2998/3593/13679 3602/3613/13680 3601/3615/13681
f 2999/3588/13682 2997/3582/13683 3601/3615/13684 3603/3617/13685
f 2852/3583/13686 2810/3584/13687 3588/3585/13688 3595/3586/13689
f 2796/3587/13690 2999/3588/13691 3603/3617/13692 3587/3619/13693
f 3024/3589/13694 2996/3590/13695 3600/3591/13696 3604/3592/13697
f 2998/3593/13698 3024/3594/13699 3604/3595/13700 3602/3613/13701
f 3042/3604/13702 2798/3601/13703 3606/3641/13704 3605/3644/13705
f 2772/3596/13706 2773/3597/13707 3581/3623/13708 3598/3625/13709
f 2944/3600/13710 3038/3598/13711 3597/3627/13712 3607/3629/13713
f 2786/3599/13714 2944/3600/13715 3607/3629/13716 3586/3631/13717
f 3606/3641/13718 2798/3601/13719 2799/3602/13720 3608/3639/13721
f 2799/3602/13722 2778/3603/13723 3583/3637/13724 3608/3639/13725
f 3609/3643/13726 3455/4458/13727 3042/3604/13728 3605/3644/13729
f 2965/3605/13730 3559/3608/13731 3610/3607/13732 3599/3606/13733
f 3610/3607/13734 3559/3608/13735 2848/3609/13736 3593/3610/13737
f 2811/3611/13738 3891/4199/13739 3892/4197/13740 3589/3612/13741
f 3601/3615/13742 3602/3613/13743 3793/3614/13744 3794/3616/13745
f 3603/3617/13746 3601/3615/13747 3794/3616/13748 3795/3618/13749
f 3587/3619/13750 3603/3617/13751 3795/3618/13752 3796/3620/13753
f 3582/3621/13754 3587/3619/13755 3796/3620/13756 3797/3622/13757
f 3581/3623/13758 3582/3621/13759 3797/3622/13760 3798/3624/13761
f 3598/3625/13762 3581/3623/13763 3798/3624/13764 3799/3626/13765
f 3597/3627/13766 3598/3625/13767 3799/3626/13768 3800/3628/13769
f 3607/3629/13770 3597/3627/13771 3800/3628/13772 3801/3630/13773
f 3586/3631/13774 3607/3629/13775 3801/3630/13776 3802/3632/13777
f 3585/3633/13778 3586/3631/13779 3802/3632/13780 3803/3634/13781
f 3584/3635/13782 3585/3633/13783 3803/3634/13784 3804/3636/13785
f 3583/3637/13786 3584/3635/13787 3804/3636/13788 3805/3638/13789
f 3608/3639/13790 3583/3637/13791 3805/3638/13792 3806/3640/13793
f 3807/3642/13794 3606/3641/13795 3608/3639/13796 3806/3640/13797
f 3605/3644/13798 3606/3641/13799 3807/3642/13800 3808/3645/13801
f 3609/3643/13802 3605/3644/13803 3808/3645/13804 3809/3646/13805
f 3611/3667/13806 3614/3665/13807 3613/3658/13808 3612/3668/13809
f 3562/3660/13810 2595/3647/13811 3616/3664/13812 3615/3666/13813
f 2589/3649/13814 3579/3688/13815 3613/3689/13816 3614/3648/13817
f 3614/3648/13818 3616/3653/13819 2592/3652/13820 2589/3649/13821
f 3617/3675/13822 3620/3651/13823 3619/3650/13824 3618/3676/13825
f 3618/3676/13826 3619/3650/13827 3622/3663/13828 3621/3677/13829
f 3623/3669/13830 3626/3659/13831 3625/3656/13832 3624/3671/13833
f 3627/3673/13834 3628/3657/13835 3620/3651/13836 3617/3675/13837
f 2592/3652/13838 3616/3653/13839 2595/3654/13840 2594/3655/13841
f 3624/3671/13842 3625/3656/13843 3628/3657/13844 3627/3673/13845
f 3612/3668/13846 3613/3658/13847 3626/3659/13848 3623/3669/13849
f 3629/3672/13850 3632/3674/13851 3631/3791/13852 3630/3785/13853
f 3630/3785/13854 3634/3790/13855 3633/3670/13856 3629/3672/13857
f 3615/3666/13858 3635/3789/13859 3563/3661/13860 3562/3660/13861
f 3563/3661/13862 3635/3789/13863 3567/3788/13864 2588/3662/13865
f 3621/3677/13866 3622/3663/13867 3637/3683/13868 3636/3682/13869
f 3568/3793/13870 3639/3792/13871 3638/3685/13872 2552/3684/13873
f 3616/3664/13874 3614/3665/13875 3611/3667/13876 3615/3666/13877
f 3612/3668/13878 3635/3789/13879 3615/3666/13880 3611/3667/13881
f 3623/3669/13882 3634/3790/13883 3635/3789/13884 3612/3668/13885
f 3624/3671/13886 3633/3670/13887 3634/3790/13888 3623/3669/13889
f 3627/3673/13890 3629/3672/13891 3633/3670/13892 3624/3671/13893
f 3617/3675/13894 3632/3674/13895 3629/3672/13896 3627/3673/13897
f 3618/3676/13898 3631/3791/13899 3632/3674/13900 3617/3675/13901
f 3621/3677/13902 3639/3792/13903 3631/3791/13904 3618/3676/13905
f 3636/3682/13906 3638/3685/13907 3639/3792/13908 3621/3677/13909
f 3636/3682/13910 3641/3702/13911 3640/3697/13912 3638/3685/13913
f 3642/3706/13914 3619/3678/13915 3620/3679/13916 3643/3707/13917
f 3642/3706/13918 3644/3695/13919 3622/3680/13920 3619/3678/13921
f 3628/3690/13922 3645/3711/13923 3643/3707/13924 3620/3679/13925
f 3622/3680/13926 3644/3695/13927 3646/3694/13928 3637/3681/13929
f 3637/3681/13930 3646/3694/13931 3648/3701/13932 3647/3700/13933
f 3636/3682/13934 3637/3683/13935 3647/3700/13936 3641/3702/13937
f 2552/3684/13938 3638/3685/13939 3640/3697/13940 2555/3699/13941
f 3649/3692/13942 3579/3688/13943 3578/3686/13944 3650/3714/13945
f 3650/3714/13946 3578/3686/13947 3546/3687/13948 3547/3715/13949
f 3579/3688/13950 3649/3692/13951 3626/3691/13952 3613/3689/13953
f 3649/3692/13954 3650/3714/13955 3652/3718/13956 3651/3710/13957
f 3628/3690/13958 3625/3693/13959 3651/3710/13960 3645/3711/13961
f 3626/3691/13962 3649/3692/13963 3651/3710/13964 3625/3693/13965
f 3653/3705/13966 3644/3695/13967 3642/3706/13968 3654/3716/13969
f 3655/3722/13970 3656/3724/13971 3560/3712/13972 3561/3696/13973
f 3657/3704/13974 3658/3703/13975 3648/3701/13976 3646/3694/13977
f 3646/3694/13978 3644/3695/13979 3653/3705/13980 3657/3704/13981
f 3659/3720/13982 3655/3722/13983 3561/3696/13984 2551/3698/13985
f 3641/3702/13986 3658/3703/13987 3659/3720/13988 3640/3697/13989
f 3640/3697/13990 3659/3720/13991 2551/3698/13992 2555/3699/13993
f 3647/3700/13994 3648/3701/13995 3658/3703/13996 3641/3702/13997
f 3657/3704/13998 3660/3721/13999 3659/3720/14000 3658/3703/14001
f 3660/3721/14002 3657/3704/14003 3653/3705/14004 3661/3723/14005
f 3661/3723/14006 3653/3705/14007 3654/3716/14008 3662/3725/14009
f 3642/3706/14010 3643/3707/14011 3663/3717/14012 3654/3716/14013
f 3663/3717/14014 3643/3707/14015 3645/3711/14016 3664/3719/14017
f 3547/3715/14018 3577/3708/14019 3576/3709/14020 3665/3727/14021
f 3575/3713/14022 3666/3728/14023 3665/3727/14024 3576/3709/14025
f 3651/3710/14026 3652/3718/14027 3664/3719/14028 3645/3711/14029
f 3560/3712/14030 3656/3724/14031 3666/3728/14032 3575/3713/14033
f 3665/3727/14034 3652/3718/14035 3650/3714/14036 3547/3715/14037
f 3662/3725/14038 3654/3716/14039 3663/3717/14040 3667/3729/14041
f 3667/3729/14042 3663/3717/14043 3664/3719/14044 3668/3726/14045
f 3652/3718/14046 3665/3727/14047 3668/3726/14048 3664/3719/14049
f 3661/3723/14050 3655/3722/14051 3659/3720/14052 3660/3721/14053
f 3662/3725/14054 3656/3724/14055 3655/3722/14056 3661/3723/14057
f 3667/3729/14058 3666/3728/14059 3656/3724/14060 3662/3725/14061
f 3668/3726/14062 3665/3727/14063 3666/3728/14064 3667/3729/14065
f 3669/3757/14066 3670/3756/14067 2457/3731/14068 2458/3730/14069
f 3671/4023/14070 3673/3733/14071 3670/3756/14072 3672/4021/14073
f 3670/3756/14074 3673/3733/14075 2456/3732/14076 2457/3731/14077
f 3674/4036/14078 3675/4025/14079 3673/3733/14080 3671/4023/14081
f 3675/4025/14082 2455/3734/14083 2456/3732/14084 3673/3733/14085
f 3676/4027/14086 2454/3735/14087 2455/3734/14088 3675/4025/14089
f 3677/4028/14090 2451/3761/14091 2454/3735/14092 3676/4027/14093
f 3678/4016/14094 3681/3747/14095 3680/3746/14096 3679/4017/14097
f 3057/3736/14098 2970/3737/14099 2971/3743/14100 3681/3742/14101
f 3056/3738/14102 3057/3739/14103 3681/3747/14104 3678/4016/14105
f 3669/3755/14106 3055/3751/14107 3056/3740/14108 3678/3741/14109
f 3679/4017/14110 3680/3746/14111 3186/4308/14112 3185/4304/14113
f 3171/4300/14114 3196/3871/14115 3682/4018/14116 3172/4302/14117
f 3137/4309/14118 3186/4308/14119 3680/3746/14120 3136/3749/14121
f 3681/3742/14122 2971/3743/14123 3421/3744/14124 3427/3745/14125
f 3680/3746/14126 3681/3747/14127 3427/3748/14128 3136/3749/14129
f 3545/3754/14130 3059/3750/14131 3055/3751/14132 3669/3755/14133
f 3052/3752/14134 3669/3755/14135 2458/3072/14136 2616/3568/14137
f 3052/3752/14138 3053/3753/14139 3545/3754/14140 3669/3755/14141
f 3672/4021/14142 3670/3756/14143 3669/3757/14144 3678/4019/14145
f 3683/4029/14146 2398/3762/14147 2399/3758/14148 2597/3759/14149
f 3683/4029/14150 2597/3759/14151 2453/3760/14152 3684/4030/14153
f 3684/4030/14154 2453/3760/14155 2451/3761/14156 3677/4028/14157
f 2599/3763/14158 3686/4031/14159 3685/4050/14160 3574/3796/14161
f 2398/3762/14162 3683/4029/14163 3686/4031/14164 2599/3763/14165
f 2492/3765/14166 3687/3778/14167 2376/3768/14168 2377/3764/14169
f 2492/3765/14170 2389/3766/14171 2385/3775/14172 3687/3778/14173
f 2605/3780/14174 3690/3769/14175 3689/3783/14176 3688/3782/14177
f 3690/3769/14178 2605/3780/14179 2375/3767/14180 2376/3768/14181
f 3690/3769/14182 2376/3768/14183 3687/3778/14184 3691/3779/14185
f 3689/3783/14186 3690/3769/14187 3691/3779/14188 3692/3781/14189
f 2495/3771/14190 3693/3800/14191 2387/3776/14192 2388/3770/14193
f 2495/3771/14194 2401/3772/14195 2402/3774/14196 3693/3800/14197
f 2403/3773/14198 2500/3799/14199 3693/3800/14200 2402/3774/14201
f 3687/3778/14202 2385/3775/14203 2386/3777/14204 3694/3801/14205
f 2387/3776/14206 3693/3800/14207 3694/3801/14208 2386/3777/14209
f 3687/3778/14210 3694/3801/14211 3692/3781/14212 3691/3779/14213
f 2604/3847/14214 2605/3780/14215 3688/3782/14216 3695/3848/14217
f 3692/3781/14218 3694/3801/14219 3696/3849/14220 3689/3783/14221
f 3696/3849/14222 3695/3848/14223 3688/3782/14224 3689/3783/14225
f 3697/3787/14226 3698/3812/14227 2581/3811/14228 3567/3788/14229
f 3698/3812/14230 3697/3787/14231 3700/3786/14232 3699/3794/14233
f 3699/3794/14234 3568/3793/14235 3569/3784/14236 3571/3804/14237
f 3700/3786/14238 3630/3785/14239 3631/3791/14240 3699/3794/14241
f 3634/3790/14242 3630/3785/14243 3700/3786/14244 3697/3787/14245
f 3697/3787/14246 3567/3788/14247 3635/3789/14248 3634/3790/14249
f 3631/3791/14250 3639/3792/14251 3568/3793/14252 3699/3794/14253
f 3701/3798/14254 3702/3797/14255 3573/3795/14256 3574/3796/14257
f 3703/3806/14258 3572/3803/14259 3573/3795/14260 3702/3797/14261
f 3704/3818/14262 3703/3806/14263 3702/3797/14264 3705/3820/14265
f 3701/3798/14266 3574/3796/14267 3685/4050/14268 3706/4049/14269
f 3707/3817/14270 3708/3819/14271 2500/3799/14272 2525/3809/14273
f 3705/3820/14274 3702/3797/14275 3701/3798/14276 3709/3822/14277
f 3709/3822/14278 3701/3798/14279 3706/4049/14280 3710/4044/14281
f 2500/3799/14282 3708/3819/14283 3711/3821/14284 3693/3800/14285
f 3694/3801/14286 3693/3800/14287 3711/3821/14288 3712/4043/14289
f 3713/4045/14290 3696/3849/14291 3694/3801/14292 3712/4043/14293
f 3714/3805/14294 3715/3807/14295 3571/3804/14296 3570/3802/14297
f 3703/3806/14298 3714/3805/14299 3570/3802/14300 3572/3803/14301
f 3715/3807/14302 3698/3812/14303 3699/3794/14304 3571/3804/14305
f 3716/3814/14306 3715/3807/14307 3714/3805/14308 3717/3816/14309
f 3717/3816/14310 3714/3805/14311 3703/3806/14312 3704/3818/14313
f 3698/3812/14314 3715/3807/14315 3716/3814/14316 3718/3813/14317
f 2574/3810/14318 3718/3813/14319 3719/3815/14320 2532/3808/14321
f 2532/3808/14322 3719/3815/14323 3707/3817/14324 2525/3809/14325
f 3718/3813/14326 2574/3810/14327 2581/3811/14328 3698/3812/14329
f 3717/3816/14330 3719/3815/14331 3718/3813/14332 3716/3814/14333
f 3704/3818/14334 3707/3817/14335 3719/3815/14336 3717/3816/14337
f 3705/3820/14338 3708/3819/14339 3707/3817/14340 3704/3818/14341
f 3709/3822/14342 3711/3821/14343 3708/3819/14344 3705/3820/14345
f 3710/4044/14346 3712/4043/14347 3711/3821/14348 3709/3822/14349
f 2603/3845/14350 3721/3850/14351 3720/3827/14352 2602/3825/14353
f 2602/3825/14354 3720/3827/14355 3723/3826/14356 3722/3832/14357
f 2366/3830/14358 2367/3823/14359 2485/3824/14360 3724/3831/14361
f 2485/3824/14362 2602/3825/14363 3722/3832/14364 3724/3831/14365
f 3725/3837/14366 3722/3832/14367 3723/3826/14368 3726/3851/14369
f 3723/3826/14370 3720/3827/14371 3721/3850/14372 3726/3851/14373
f 2480/3829/14374 3727/3839/14375 2356/3834/14376 2357/3828/14377
f 2480/3829/14378 2366/3830/14379 3724/3831/14380 3727/3839/14381
f 3725/3837/14382 3727/3839/14383 3724/3831/14384 3722/3832/14385
f 2600/3844/14386 2601/3835/14387 3729/3840/14388 3728/3856/14389
f 2356/3834/14390 3730/3836/14391 2601/3835/14392 2355/3833/14393
f 3727/3839/14394 3731/3838/14395 3730/3836/14396 2356/3834/14397
f 2601/3835/14398 3730/3836/14399 3732/3841/14400 3729/3840/14401
f 3731/3838/14402 3733/3852/14403 3732/3841/14404 3730/3836/14405
f 3727/3839/14406 3725/3837/14407 3726/3851/14408 3734/3853/14409
f 3732/3841/14410 3733/3852/14411 3736/3854/14412 3735/3855/14413
f 3733/3852/14414 3731/3838/14415 3727/3839/14416 3734/3853/14417
f 3728/3856/14418 3729/3840/14419 3732/3841/14420 3735/3855/14421
f 3737/3864/14422 2470/3860/14423 2471/3842/14424 2474/3843/14425
f 2474/3843/14426 2600/3844/14427 3728/3856/14428 3737/3864/14429
f 3721/3850/14430 2603/3845/14431 2486/3846/14432 3738/4047/14433
f 2486/3846/14434 2604/3847/14435 3695/3848/14436 3738/4047/14437
f 3695/3848/14438 3696/3849/14439 3713/4045/14440 3738/4047/14441
f 3738/4047/14442 3739/4046/14443 3726/3851/14444 3721/3850/14445
f 3739/4046/14446 3740/3892/14447 3734/3853/14448 3726/3851/14449
f 3736/3854/14450 3733/3852/14451 3734/3853/14452 3740/3892/14453
f 3740/3892/14454 3741/3893/14455 3735/3855/14456 3736/3854/14457
f 3735/3855/14458 3741/3893/14459 3737/3864/14460 3728/3856/14461
f 3737/3864/14462 3741/3893/14463 3743/3895/14464 3742/3890/14465
f 2334/3857/14466 2468/3862/14467 3745/3863/14468 3744/3875/14469
f 2334/3857/14470 3744/3875/14471 3746/3878/14472 2333/3877/14473
f 2464/3858/14474 2465/3859/14475 3747/3865/14476 2463/3861/14477
f 3747/3865/14478 2465/3859/14479 2470/3860/14480 3737/3864/14481
f 2463/3861/14482 3747/3865/14483 3745/3863/14484 2468/3862/14485
f 3748/3882/14486 3744/3875/14487 3745/3863/14488 3747/3865/14489
f 3747/3865/14490 3737/3864/14491 3742/3890/14492 3749/3874/14493
f 3748/3882/14494 3747/3865/14495 3749/3874/14496 3750/3883/14497
f 3751/3869/14498 3084/3868/14499 3081/3866/14500 2320/3867/14501
f 3752/3870/14502 3753/4015/14503 3682/4018/14504 3196/3871/14505
f 3084/3868/14506 3751/3869/14507 3752/3870/14508 3196/3871/14509
f 3754/3873/14510 3757/3889/14511 3756/3891/14512 3755/3886/14513
f 3758/3887/14514 3761/4026/14515 3760/4037/14516 3759/4024/14517
f 3762/4022/14518 3763/3888/14519 3758/3887/14520 3759/4024/14521
f 3752/3880/14522 3763/3888/14523 3762/4022/14524 3753/4020/14525
f 3761/4026/14526 3758/3887/14527 3755/3886/14528 3756/3891/14529
f 2320/3872/14530 2321/3876/14531 3764/3884/14532 3751/3879/14533
f 3754/3873/14534 3765/3881/14535 3750/3883/14536 3749/3874/14537
f 3757/3889/14538 3754/3873/14539 3749/3874/14540 3742/3890/14541
f 3764/3884/14542 3746/3878/14543 3744/3875/14544 3748/3882/14545
f 2321/3876/14546 2333/3877/14547 3746/3878/14548 3764/3884/14549
f 3751/3879/14550 3764/3884/14551 3763/3888/14552 3752/3880/14553
f 3763/3888/14554 3764/3884/14555 3765/3881/14556 3766/3885/14557
f 3765/3881/14558 3754/3873/14559 3755/3886/14560 3766/3885/14561
f 3748/3882/14562 3750/3883/14563 3765/3881/14564 3764/3884/14565
f 3766/3885/14566 3755/3886/14567 3758/3887/14568 3763/3888/14569
f 3757/3889/14570 3768/3894/14571 3767/4034/14572 3756/3891/14573
f 3768/3894/14574 3757/3889/14575 3742/3890/14576 3743/3895/14577
f 3769/4033/14578 3761/4026/14579 3756/3891/14580 3767/4034/14581
f 3770/4048/14582 3741/3893/14583 3740/3892/14584 3739/4046/14585
f 3741/3893/14586 3770/4048/14587 3771/4051/14588 3743/3895/14589
f 3768/3894/14590 3773/4055/14591 3772/4054/14592 3767/4034/14593
f 3768/3894/14594 3743/3895/14595 3771/4051/14596 3773/4055/14597
f 3774/4035/14598 3775/4053/14599 3685/4050/14600 3686/4031/14601
f 3538/3896/14602 3544/3897/14603 119/3898/14604 128/3899/14605
f 3539/3903/14606 3543/3902/14607 3544/3900/14608 3538/3901/14609
f 3534/3904/14610 3543/3902/14611 3539/3903/14612 3541/3905/14613
f 3530/3907/14614 3533/3906/14615 3534/3904/14616 3541/3905/14617
f 2317/3909/14618 3532/3908/14619 3533/3906/14620 3530/3907/14621
f 3517/3910/14622 3532/3908/14623 2317/3909/14624 2314/3911/14625
f 2155/3912/14626 3517/3910/14627 2314/3911/14628 2158/3913/14629
f 2155/3912/14630 2158/3913/14631 2159/3915/14632 2154/3914/14633
f 2191/3917/14634 2188/3916/14635 2154/3914/14636 2159/3915/14637
f 2175/3919/14638 2170/3918/14639 2188/3916/14640 2191/3917/14641
f 2176/3921/14642 2173/3920/14643 2170/3918/14644 2175/3919/14645
f 2148/3923/14646 2145/3922/14647 2173/3920/14648 2176/3921/14649
f 2131/3925/14650 2128/3924/14651 2145/3922/14652 2148/3923/14653
f 2132/3927/14654 2129/3926/14655 2128/3924/14656 2131/3925/14657
f 3557/3929/14658 3558/3928/14659 2129/3926/14660 2132/3927/14661
f 3580/3931/14662 3565/3930/14663 3558/3928/14664 3557/3929/14665
f 3564/3932/14666 3565/3930/14667 3580/3931/14668 2209/3933/14669
f 2307/3934/14670 3564/3932/14671 2209/3933/14672 2208/3935/14673
f 2307/3934/14674 2208/3935/14675 2293/3936/14676 2294/3937/14677
f 2294/3938/14678 2293/3939/14679 2215/3941/14680 2218/3940/14681
f 2216/3943/14682 2217/3942/14683 2218/3940/14684 2215/3941/14685
f 2230/3945/14686 2228/3944/14687 2217/3942/14688 2216/3943/14689
f 2247/3947/14690 2244/3946/14691 2228/3944/14692 2230/3945/14693
f 2248/3949/14694 2243/3948/14695 2244/3946/14696 2247/3947/14697
f 2268/3951/14698 2265/3950/14699 2243/3948/14700 2248/3949/14701
f 2269/3953/14702 2264/3952/14703 2265/3950/14704 2268/3951/14705
f 2282/3955/14706 2280/3954/14707 2264/3952/14708 2269/3953/14709
f 2253/3957/14710 2289/3956/14711 2280/3954/14712 2282/3955/14713
f 2310/3958/14714 2289/3956/14715 2253/3957/14716 2250/3959/14717
f 2313/3960/14718 2310/3958/14719 2250/3959/14720 2308/3961/14721
f 2313/3960/14722 2308/3961/14723 2107/3964/14724 2094/3963/14725
f 2093/3962/14726 2094/3963/14727 2107/3964/14728 2106/3965/14729
f 3429/3968/14730 2093/3966/14731 2106/3967/14732 3433/3969/14733
f 3428/3970/14734 3429/3968/14735 3433/3969/14736 3389/3971/14737
f 3387/3973/14738 3301/3972/14739 3428/3970/14740 3389/3971/14741
f 3301/3972/14742 3387/3973/14743 3385/3974/14744 3265/3975/14745
f 3265/3976/14746 3385/3977/14747 3383/3979/14748 3264/3978/14749
f 3264/3978/14750 3383/3979/14751 3381/3981/14752 3063/3980/14753
f 3063/3980/14754 3381/3981/14755 3379/3983/14756 3062/3982/14757
f 3062/3982/14758 3379/3983/14759 3232/3985/14760 3390/3984/14761
f 3390/3984/14762 3232/3985/14763 3188/3986/14764 3142/3037/14765
f 3189/3988/14766 3145/3987/14767 3142/3037/14768 3188/3986/14769
f 3097/3990/14770 3210/3989/14771 3145/3987/14772 3189/3988/14773
f 3210/3989/14774 3097/3990/14775 3098/3992/14776 3209/3991/14777
f 3101/3994/14778 3203/3993/14779 3209/3991/14780 3098/3992/14781
f 3203/3993/14782 3101/3994/14783 3102/3996/14784 3206/3995/14785
f 3107/3998/14786 3199/3997/14787 3206/3995/14788 3102/3996/14789
f 3108/4000/14790 3198/3999/14791 3199/3997/14792 3107/3998/14793
f 3111/4002/14794 3179/4001/14795 3198/3999/14796 3108/4000/14797
f 3112/4004/14798 3178/4003/14799 3179/4001/14800 3111/4002/14801
f 3115/4006/14802 3181/4005/14803 3178/4003/14804 3112/4004/14805
f 3116/4008/14806 3180/4007/14807 3181/4005/14808 3115/4006/14809
f 3168/4010/14810 3183/4009/14811 3180/4007/14812 3116/4008/14813
f 3182/4011/14814 3183/4009/14815 3168/4010/14816 3167/4012/14817
f 3184/4013/14818 3182/4011/14819 3167/4012/14820 3192/4014/14821
f 3947/4305/14822 3184/4013/14823 3192/4014/14824 3946/4303/14825
f 3682/4018/14826 3679/4017/14827 3185/4304/14828 3172/4302/14829
f 3753/4015/14830 3678/4016/14831 3679/4017/14832 3682/4018/14833
f 3762/4022/14834 3672/4021/14835 3678/4019/14836 3753/4020/14837
f 3672/4021/14838 3762/4022/14839 3759/4024/14840 3671/4023/14841
f 3760/4037/14842 3674/4036/14843 3671/4023/14844 3759/4024/14845
f 3676/4027/14846 3675/4025/14847 3674/4036/14848 3776/4039/14849
f 3761/4026/14850 3769/4033/14851 3777/4040/14852 3760/4037/14853
f 3677/4028/14854 3676/4027/14855 3776/4039/14856 3778/4038/14857
f 3778/4038/14858 3779/4032/14859 3684/4030/14860 3677/4028/14861
f 3683/4029/14862 3684/4030/14863 3779/4032/14864 3686/4031/14865
f 3779/4032/14866 3780/4042/14867 3774/4035/14868 3686/4031/14869
f 3769/4033/14870 3782/4057/14871 3781/4041/14872 3777/4040/14873
f 3781/4041/14874 3780/4042/14875 3779/4032/14876 3778/4038/14877
f 3772/4054/14878 3782/4057/14879 3769/4033/14880 3767/4034/14881
f 3783/4056/14882 3775/4053/14883 3774/4035/14884 3780/4042/14885
f 3776/4039/14886 3674/4036/14887 3760/4037/14888 3777/4040/14889
f 3778/4038/14890 3776/4039/14891 3777/4040/14892 3781/4041/14893
f 3782/4057/14894 3783/4056/14895 3780/4042/14896 3781/4041/14897
f 3710/4044/14898 3706/4049/14899 3785/4052/14900 3784/4063/14901
f 3784/4063/14902 3713/4045/14903 3712/4043/14904 3710/4044/14905
f 3738/4047/14906 3713/4045/14907 3784/4063/14908 3786/4062/14909
f 3739/4046/14910 3738/4047/14911 3786/4062/14912 3770/4048/14913
f 3770/4048/14914 3786/4062/14915 3787/4061/14916 3771/4051/14917
f 3785/4052/14918 3706/4049/14919 3685/4050/14920 3775/4053/14921
f 3784/4063/14922 3785/4052/14923 3789/4059/14924 3788/4060/14925
f 3787/4061/14926 3790/4058/14927 3773/4055/14928 3771/4051/14929
f 3789/4059/14930 3790/4058/14931 3787/4061/14932 3788/4060/14933
f 3789/4059/14934 3785/4052/14935 3775/4053/14936 3783/4056/14937
f 3772/4054/14938 3773/4055/14939 3790/4058/14940 3782/4057/14941
f 3783/4056/14942 3782/4057/14943 3790/4058/14944 3789/4059/14945
f 3788/4060/14946 3787/4061/14947 3786/4062/14948 3784/4063/14949
f 1414/4481/14950 4049/4480/14951 1523/4503/14952 1522/4064/14953
f 2964/4065/14954 3791/4066/14955 2939/4067/14956 2963/4068/14957
f 2990/4069/14958 2942/4070/14959 2943/4071/14960 3792/4072/14961
f 38/4073/14962 134/4074/14963 2760/4075/14964 2759/4076/14965
f 3799/4088/14966 3811/4108/14967 3812/4097/14968 3800/4077/14969
f 3800/4077/14970 3812/4097/14971 3813/4098/14972 3801/4078/14973
f 3801/4078/14974 3813/4098/14975 3814/4099/14976 3802/4079/14977
f 3802/4079/14978 3814/4099/14979 3815/4100/14980 3803/4080/14981
f 3803/4080/14982 3815/4100/14983 3816/4101/14984 3804/4081/14985
f 3804/4081/14986 3816/4101/14987 3817/4102/14988 3805/4082/14989
f 3805/4082/14990 3817/4102/14991 3818/4103/14992 3806/4083/14993
f 3806/4083/14994 3818/4103/14995 3819/4104/14996 3807/4084/14997
f 3807/4084/14998 3819/4104/14999 3820/4111/15000 3808/4091/15001
f 3795/4396/15002 3821/4397/15003 3822/4105/15004 3796/4085/15005
f 3796/4085/15006 3822/4105/15007 3823/4106/15008 3797/4086/15009
f 3797/4086/15010 3823/4106/15011 3824/4107/15012 3798/4087/15013
f 3798/4087/15014 3824/4107/15015 3811/4108/15016 3799/4088/15017
f 1937/4089/15018 139/4090/15019 138/4094/15020 1936/4093/15021
f 3808/4091/15022 3820/4111/15023 3826/4112/15024 3809/4092/15025
f 1936/4093/15026 138/4094/15027 137/4095/15028 1935/4096/15029
f 3811/4108/15030 3827/4127/15031 3828/4117/15032 3812/4097/15033
f 3812/4097/15034 3828/4117/15035 3829/4118/15036 3813/4098/15037
f 3813/4098/15038 3829/4118/15039 3830/4119/15040 3814/4099/15041
f 3814/4099/15042 3830/4119/15043 3831/4120/15044 3815/4100/15045
f 3815/4100/15046 3831/4120/15047 3832/4121/15048 3816/4101/15049
f 3816/4101/15050 3832/4121/15051 3833/4122/15052 3817/4102/15053
f 3817/4102/15054 3833/4122/15055 3834/4123/15056 3818/4103/15057
f 3818/4103/15058 3834/4123/15059 3835/4134/15060 3819/4104/15061
f 3819/4104/15062 3835/4134/15063 3836/4152/15064 3820/4111/15065
f 3821/4397/15066 3837/4398/15067 3838/4124/15068 3822/4105/15069
f 3822/4105/15070 3838/4124/15071 3839/4125/15072 3823/4106/15073
f 3823/4106/15074 3839/4125/15075 3840/4126/15076 3824/4107/15077
f 3824/4107/15078 3840/4126/15079 3827/4127/15080 3811/4108/15081
f 135/4114/15082 136/4109/15083 1912/4110/15084 1896/4115/15085
f 3820/4111/15086 3836/4152/15087 3842/4151/15088 3826/4112/15089
f 1961/4113/15090 135/4114/15091 1896/4115/15092 1879/4116/15093
f 3827/4127/15094 3843/4138/15095 3844/4128/15096 3828/4117/15097
f 3828/4117/15098 3844/4128/15099 3845/4129/15100 3829/4118/15101
f 3829/4118/15102 3845/4129/15103 3846/4130/15104 3830/4119/15105
f 3830/4119/15106 3846/4130/15107 3847/4131/15108 3831/4120/15109
f 3831/4120/15110 3847/4131/15111 3848/4132/15112 3832/4121/15113
f 3832/4121/15114 3848/4132/15115 3849/4133/15116 3833/4122/15117
f 3833/4122/15118 3849/4133/15119 3835/4134/15120 3834/4123/15121
f 3837/4398/15122 3850/4399/15123 3851/4135/15124 3838/4124/15125
f 3838/4124/15126 3851/4135/15127 3852/4136/15128 3839/4125/15129
f 3839/4125/15130 3852/4136/15131 3853/4137/15132 3840/4126/15133
f 3840/4126/15134 3853/4137/15135 3843/4138/15136 3827/4127/15137
f 3843/4138/15138 3854/4160/15139 3855/4139/15140 3844/4128/15141
f 3844/4128/15142 3855/4139/15143 3856/4141/15144 3845/4129/15145
f 3845/4129/15146 3856/4141/15147 3857/4143/15148 3846/4130/15149
f 3846/4130/15150 3857/4143/15151 3858/4145/15152 3847/4131/15153
f 3847/4131/15154 3858/4145/15155 3859/4147/15156 3848/4132/15157
f 3848/4132/15158 3859/4147/15159 3860/4149/15160 3849/4133/15161
f 3849/4133/15162 3860/4149/15163 3836/4152/15164 3835/4134/15165
f 3850/4399/15166 3861/4400/15167 3862/4153/15168 3851/4135/15169
f 3851/4135/15170 3862/4153/15171 3863/4155/15172 3852/4136/15173
f 3852/4136/15174 3863/4155/15175 3864/4157/15176 3853/4137/15177
f 3853/4137/15178 3864/4157/15179 3854/4160/15180 3843/4138/15181
f 3854/4160/15182 3865/4159/15183 3866/4140/15184 3855/4139/15185
f 3855/4139/15186 3866/4140/15187 3867/4142/15188 3856/4141/15189
f 3856/4141/15190 3867/4142/15191 3868/4144/15192 3857/4143/15193
f 3857/4143/15194 3868/4144/15195 3869/4146/15196 3858/4145/15197
f 3858/4145/15198 3869/4146/15199 3870/4148/15200 3859/4147/15201
f 3859/4147/15202 3870/4148/15203 3871/4150/15204 3860/4149/15205
f 3860/4149/15206 3871/4150/15207 3842/4151/15208 3836/4152/15209
f 3861/4400/15210 3872/4403/15211 3873/4154/15212 3862/4153/15213
f 3862/4153/15214 3873/4154/15215 3874/4156/15216 3863/4155/15217
f 3863/4155/15218 3874/4156/15219 3875/4158/15220 3864/4157/15221
f 3864/4157/15222 3875/4158/15223 3865/4159/15224 3854/4160/15225
f 149/4161/15226 2840/3113/15227 3455/4458/15228 4022/4462/15229
f 1675/4162/15230 1112/4163/15231 1525/4461/15232 1679/4460/15233
f 3924/4252/15234 1880/4170/15235 3925/4249/15236
f 3926/4164/15237 3925/4249/15238 1880/4170/15239 3918/4167/15240
f 3921/4165/15241 3920/4168/15242 1880/4170/15243 3922/4169/15244
f 3919/4166/15245 3918/4167/15246 1880/4170/15247 3920/4168/15248
f 3922/4169/15249 1880/4170/15250 3924/4252/15251 3923/4248/15252
f 2002/4171/15253 1994/4173/15254 1895/4179/15255 2001/4176/15256
f 1995/4172/15257 1996/4174/15258 1895/4179/15259 1994/4173/15260
f 1996/4174/15261 1997/4175/15262 1998/4180/15263 1895/4179/15264
f 2001/4176/15265 1895/4179/15266 2000/4178/15267
f 1999/4177/15268 2000/4178/15269 1895/4179/15270 1998/4180/15271
f 3883/4449/15272 3935/4181/15273 3934/4266/15274 3882/4265/15275
f 3884/4447/15276 1911/4182/15277 3935/4181/15278 3883/4449/15279
f 3886/4445/15280 1947/4184/15281 1911/4182/15282 3884/4447/15283
f 4017/4441/15284 1956/4264/15285 1946/4183/15286 3885/4442/15287
f 3885/4442/15288 1946/4183/15289 1947/4184/15290 3886/4445/15291
f 3916/4433/15292 1949/4185/15293 1950/4186/15294 3997/4434/15295
f 3997/4434/15296 1950/4186/15297 1951/4187/15298 4012/4430/15299
f 4012/4430/15300 1951/4187/15301 1952/4253/15302 4021/4428/15303
f 4021/4428/15304 1952/4253/15305 1953/4255/15306 4020/4426/15307
f 4020/4426/15308 1953/4255/15309 1954/4257/15310 4019/4424/15311
f 130/4192/15312 3888/4191/15313 3887/4188/15314 129/4189/15315
f 3889/4190/15316 3888/4191/15317 130/4192/15318 131/4193/15319
f 4019/4424/15320 1954/4257/15321 1955/4260/15322 4018/4422/15323
f 2806/4194/15324 39/4195/15325 1960/4230/15326 2807/4229/15327
f 4018/4421/15328 1955/4261/15329 1956/4264/15330 4017/4441/15331
f 4003/4417/15332 3882/4265/15333 1962/4269/15334 4016/4418/15335
f 3891/4199/15336 124/4198/15337 127/4196/15338 3892/4197/15339
f 124/4198/15340 3891/4199/15341 3907/4228/15342 1981/4227/15343
f 3894/4201/15344 3893/4200/15345 2867/4235/15346 3023/4202/15347
f 2995/4204/15348 3895/4203/15349 3894/4201/15350 3023/4202/15351
f 2857/4205/15352 3896/4206/15353 3895/4203/15354 2995/4204/15355
f 2857/4205/15356 2843/4208/15357 3897/4207/15358 3896/4206/15359
f 3898/4209/15360 3897/4207/15361 2843/4208/15362 2846/4210/15363
f 3899/4211/15364 3898/4209/15365 2846/4210/15366 2845/4212/15367
f 3900/4213/15368 3899/4211/15369 2845/4212/15370 2966/4214/15371
f 3901/4216/15372 3900/4213/15373 2966/4214/15374 3022/4215/15375
f 3022/4215/15376 2851/4218/15377 3902/4217/15378 3901/4216/15379
f 3903/4219/15380 3902/4217/15381 2851/4218/15382 2850/4220/15383
f 3904/4221/15384 3903/4219/15385 2850/4220/15386 2853/4222/15387
f 2809/4224/15388 3905/4223/15389 3904/4221/15390 2853/4222/15391
f 2808/4226/15392 3906/4225/15393 3905/4223/15394 2809/4224/15395
f 2807/4229/15396 3907/4228/15397 3906/4225/15398 2808/4226/15399
f 1981/4227/15400 3907/4228/15401 2807/4229/15402 1960/4230/15403
f 3600/4323/15404 3908/4413/15405 3909/4409/15406 3604/4245/15407
f 3913/4238/15408 3910/4231/15409 3023/4202/15410 2867/4235/15411
f 3913/4238/15412 3914/4239/15413 3911/4232/15414 3910/4231/15415
f 3915/4243/15416 3912/4234/15417 3911/4232/15418 3914/4239/15419
f 1991/4242/15420 1987/4233/15421 3912/4234/15422 3915/4243/15423
f 2865/4237/15424 3913/4238/15425 2867/4235/15426 2868/4236/15427
f 2865/4237/15428 2764/4240/15429 3914/4239/15430 3913/4238/15431
f 2763/4244/15432 3915/4243/15433 3914/4239/15434 2764/4240/15435
f 50/4241/15436 1991/4242/15437 3915/4243/15438 2763/4244/15439
f 3604/4245/15440 3909/4409/15441 3793/4411/15442 3602/4246/15443
f 3924/4252/15444 3485/4251/15445 3481/4247/15446 3923/4248/15447
f 3925/4249/15448 3484/4250/15449 3485/4251/15450 3924/4252/15451
f 1952/4253/15452 2010/4254/15453 2011/4256/15454 1953/4255/15455
f 1953/4255/15456 2011/4256/15457 3487/4258/15458 1954/4257/15459
f 1954/4257/15460 3487/4258/15461 3488/4259/15462 1955/4260/15463
f 1955/4261/15464 3488/4262/15465 3489/4263/15466 1956/4264/15467
f 3882/4265/15468 3934/4266/15469 3490/4267/15470 1962/4269/15471
f 1962/4269/15472 3490/4267/15473 3491/4268/15474 2006/4270/15475
f 2006/4270/15476 3491/4268/15477 3493/4374/15478 3810/4386/15479
f 3139/4387/15480 3492/4377/15481 3933/4278/15482 3881/4451/15483
f 3810/4386/15484 3493/4374/15485 3492/4377/15486 3139/4387/15487
f 4016/4418/15488 1962/4269/15489 2006/4270/15490 4015/4414/15491
f 4015/4414/15492 2006/4270/15493 3810/4386/15494 4013/4408/15495
f 3841/4404/15496 3927/4272/15497 3917/4271/15498 3825/4388/15499
f 3876/4405/15500 3928/4273/15501 3927/4272/15502 3841/4404/15503
f 3877/4436/15504 3929/4274/15505 3928/4273/15506 3876/4405/15507
f 3878/4438/15508 3930/4275/15509 3929/4274/15510 3877/4436/15511
f 3879/4456/15512 3931/4277/15513 3930/4275/15514 3878/4438/15515
f 3880/4455/15516 3932/4276/15517 3931/4277/15518 3879/4456/15519
f 3881/4451/15520 3933/4278/15521 3932/4279/15522 3880/4452/15523
f 2955/4281/15524 3937/4280/15525 3936/4295/15526 3469/4294/15527
f 3476/4283/15528 3938/4282/15529 3937/4280/15530 2955/4281/15531
f 3475/4285/15532 3939/4284/15533 3938/4282/15534 3476/4283/15535
f 3473/4287/15536 3940/4286/15537 3939/4284/15538 3475/4285/15539
f 3474/4289/15540 3941/4288/15541 3940/4286/15542 3473/4287/15543
f 3472/4291/15544 3942/4290/15545 3941/4288/15546 3474/4289/15547
f 3943/4292/15548 3942/4290/15549 3472/4291/15550 3471/4293/15551
f 3470/4297/15552 3944/4296/15553 3943/4292/15554 3471/4293/15555
f 3469/4294/15556 3936/4295/15557 3944/4296/15558 3470/4297/15559
f 3171/4300/15560 3945/4301/15561 3170/4298/15562 3083/4299/15563
f 3171/4300/15564 3172/4302/15565 3946/4303/15566 3945/4301/15567
f 3172/4302/15568 3185/4304/15569 3947/4305/15570 3946/4303/15571
f 3185/4304/15572 3186/4308/15573 3948/4307/15574 3947/4305/15575
f 3173/4306/15576 3948/4307/15577 3186/4308/15578 3137/4309/15579
f 3589/4322/15580 3949/4368/15581 3950/4362/15582 3588/4315/15583
f 3592/4311/15584 3951/4324/15585 3952/4325/15586 3591/4312/15587
f 3594/4310/15588 3953/4361/15589 3954/4328/15590 3593/4317/15591
f 3595/4316/15592 3955/4365/15593 3953/4361/15594 3594/4310/15595
f 3590/4313/15596 3956/4326/15597 3957/4327/15598 3596/4314/15599
f 3599/4319/15600 3958/4330/15601 3951/4324/15602 3592/4311/15603
f 3591/4312/15604 3952/4325/15605 3956/4326/15606 3590/4313/15607
f 3596/4314/15608 3957/4327/15609 3959/4331/15610 3600/4323/15611
f 3588/4315/15612 3950/4362/15613 3955/4365/15614 3595/4316/15615
f 3593/4317/15616 3954/4328/15617 3960/4329/15618 3610/4318/15619
f 3610/4318/15620 3960/4329/15621 3958/4330/15622 3599/4319/15623
f 127/4320/15624 2037/4366/15625 3961/4367/15626 3892/4321/15627
f 3892/4321/15628 3961/4367/15629 3949/4368/15630 3589/4322/15631
f 3600/4323/15632 3959/4331/15633 3962/4332/15634 3908/4413/15635
f 3951/4324/15636 3963/4333/15637 3964/4334/15638 3952/4325/15639
f 3953/4361/15640 3965/4360/15641 3966/4337/15642 3954/4328/15643
f 3956/4326/15644 3967/4335/15645 3968/4336/15646 3957/4327/15647
f 3958/4330/15648 3969/4339/15649 3963/4333/15650 3951/4324/15651
f 3952/4325/15652 3964/4334/15653 3967/4335/15654 3956/4326/15655
f 3957/4327/15656 3968/4336/15657 3970/4340/15658 3959/4331/15659
f 3954/4328/15660 3966/4337/15661 3971/4338/15662 3960/4329/15663
f 3960/4329/15664 3971/4338/15665 3969/4339/15666 3958/4330/15667
f 3962/4332/15668 3973/4341/15669 3972/4415/15670 3908/4413/15671
f 3959/4331/15672 3970/4340/15673 3973/4341/15674 3962/4332/15675
f 3963/4333/15676 3974/4343/15677 3975/4344/15678 3964/4334/15679
f 3965/4360/15680 3976/4364/15681 3977/4350/15682 3966/4337/15683
f 3967/4335/15684 3978/4347/15685 3979/4348/15686 3968/4336/15687
f 3969/4339/15688 3980/4355/15689 3974/4343/15690 3963/4333/15691
f 3964/4334/15692 3975/4344/15693 3978/4347/15694 3967/4335/15695
f 3968/4336/15696 3979/4348/15697 3981/4356/15698 3970/4340/15699
f 3966/4337/15700 3977/4350/15701 3982/4352/15702 3971/4338/15703
f 3971/4338/15704 3982/4352/15705 3980/4355/15706 3969/4339/15707
f 3973/4341/15708 3984/4359/15709 3983/4419/15710 3972/4415/15711
f 3970/4340/15712 3981/4356/15713 3984/4359/15714 3973/4341/15715
f 3974/4343/15716 2062/4342/15717 2063/4345/15718 3975/4344/15719
f 3977/4350/15720 3976/4364/15721 3986/4363/15722 2065/4351/15723
f 3978/4347/15724 2066/4346/15725 2067/4349/15726 3979/4348/15727
f 3980/4355/15728 2068/4354/15729 2062/4342/15730 3974/4343/15731
f 3975/4344/15732 2063/4345/15733 2066/4346/15734 3978/4347/15735
f 3979/4348/15736 2067/4349/15737 2069/4357/15738 3981/4356/15739
f 3977/4350/15740 2065/4351/15741 2070/4353/15742 3982/4352/15743
f 3982/4352/15744 2070/4353/15745 2068/4354/15746 3980/4355/15747
f 3984/4359/15748 2072/4358/15749 2071/4416/15750 3983/4419/15751
f 3981/4356/15752 2069/4357/15753 2072/4358/15754 3984/4359/15755
f 3949/4368/15756 3985/4369/15757 3986/4363/15758 3950/4362/15759
f 3955/4365/15760 3976/4364/15761 3965/4360/15762 3953/4361/15763
f 3950/4362/15764 3986/4363/15765 3976/4364/15766 3955/4365/15767
f 2037/4366/15768 2064/4372/15769 3987/4371/15770 3961/4367/15771
f 3961/4367/15772 3987/4371/15773 3985/4369/15774 3949/4368/15775
f 3986/4363/15776 3985/4369/15777 2076/4370/15778 2065/4351/15779
f 3985/4369/15780 3987/4371/15781 2077/4373/15782 2076/4370/15783
f 3987/4371/15784 2064/4372/15785 2077/4373/15786
f 3493/4374/15787 2078/4375/15788 1210/4376/15789 3492/4377/15790
f 4014/4410/15791 3139/4387/15792 3881/4451/15793 4004/4450/15794
f 1864/4378/15795 3990/4420/15796 3989/4440/15797 1863/4389/15798
f 1865/4380/15799 3991/4425/15800 3990/4423/15801 1864/4379/15802
f 1891/4381/15803 3992/4427/15804 3991/4425/15805 1865/4380/15806
f 1907/4382/15807 3993/4429/15808 3992/4427/15809 1891/4381/15810
f 1920/4383/15811 3994/4431/15812 3993/4429/15813 1907/4382/15814
f 1931/4385/15815 3995/4435/15816 3994/4431/15817 1920/4383/15818
f 1942/4384/15819 3996/4432/15820 3995/4435/15821 1931/4385/15822
f 4013/4408/15823 3810/4386/15824 3139/4387/15825 4014/4410/15826
f 4010/4401/15827 3841/4404/15828 3825/4388/15829 4011/4402/15830
f 1983/4390/15831 4000/4443/15832 3999/4444/15833 1982/4391/15834
f 1863/4389/15835 3989/4440/15836 4000/4443/15837 1983/4390/15838
f 1982/4391/15839 3999/4444/15840 4001/4446/15841 2049/4392/15842
f 2049/4392/15843 4001/4446/15844 4002/4448/15845 2060/4393/15846
f 2060/4393/15847 4002/4448/15848 4003/4417/15849 2071/4416/15850
f 3793/4411/15851 4004/4450/15852 4005/4453/15853 3794/4394/15854
f 3794/4395/15855 4005/4454/15856 4006/4457/15857 3795/4396/15858
f 3795/4396/15859 4006/4457/15860 4007/4439/15861 3821/4397/15862
f 3821/4397/15863 4007/4439/15864 4008/4437/15865 3837/4398/15866
f 3837/4398/15867 4008/4437/15868 4009/4406/15869 3850/4399/15870
f 3850/4399/15871 4009/4406/15872 4010/4401/15873 3861/4400/15874
f 3861/4400/15875 4010/4401/15876 4011/4402/15877 3872/4403/15878
f 4009/4406/15879 3876/4405/15880 3841/4404/15881 4010/4401/15882
f 4008/4437/15883 3877/4436/15884 3876/4405/15885 4009/4406/15886
f 3908/4407/15887 4013/4408/15888 4014/4410/15889 3909/4409/15890
f 3909/4409/15891 4014/4410/15892 4004/4450/15893 3793/4411/15894
f 3972/4415/15895 4015/4414/15896 4013/4412/15897 3908/4413/15898
f 3983/4419/15899 4016/4418/15900 4015/4414/15901 3972/4415/15902
f 2071/4416/15903 4003/4417/15904 4016/4418/15905 3983/4419/15906
f 3990/4420/15907 4018/4421/15908 4017/4441/15909 3989/4440/15910
f 3991/4425/15911 4019/4424/15912 4018/4422/15913 3990/4423/15914
f 3992/4427/15915 4020/4426/15916 4019/4424/15917 3991/4425/15918
f 3993/4429/15919 4021/4428/15920 4020/4426/15921 3992/4427/15922
f 3994/4431/15923 4012/4430/15924 4021/4428/15925 3993/4429/15926
f 3995/4435/15927 3997/4434/15928 4012/4430/15929 3994/4431/15930
f 3996/4432/15931 3916/4433/15932 3997/4434/15933 3995/4435/15934
f 4007/4439/15935 3878/4438/15936 3877/4436/15937 4008/4437/15938
f 4006/4457/15939 3879/4456/15940 3878/4438/15941 4007/4439/15942
f 4000/4443/15943 3885/4442/15944 3886/4445/15945 3999/4444/15946
f 3989/4440/15947 4017/4441/15948 3885/4442/15949 4000/4443/15950
f 3999/4444/15951 3886/4445/15952 3884/4447/15953 4001/4446/15954
f 4001/4446/15955 3884/4447/15956 3883/4449/15957 4002/4448/15958
f 4002/4448/15959 3883/4449/15960 3882/4265/15961 4003/4417/15962
f 4004/4450/15963 3881/4451/15964 3880/4452/15965 4005/4453/15966
f 4005/4454/15967 3880/4455/15968 3879/4456/15969 4006/4457/15970
f 3609/3643/15971 1963/4459/15972 4022/4462/15973 3455/4458/15974
f 1963/4459/15975 1679/4460/15976 1525/4461/15977 4022/4462/15978
f 4025/4493/15979 4026/4463/15980 4031/4466/15981 4030/4494/15982
f 4026/4463/15983 4027/4464/15984 4032/4467/15985 4031/4466/15986
f 4027/4464/15987 4028/4465/15988 4033/4468/15989 4032/4467/15990
f 4028/4465/15991 4029/4485/15992 4034/4484/15993 4033/4468/15994
f 4030/4494/15995 4031/4466/15996 4036/4469/15997 4035/4490/15998
f 4031/4466/15999 4032/4467/16000 4037/4470/16001 4036/4469/16002
f 4032/4467/16003 4033/4468/16004 4038/4471/16005 4037/4470/16006
f 4033/4468/16007 4034/4484/16008 4039/4483/16009 4038/4471/16010
f 4035/4490/16011 4036/4469/16012 4041/4472/16013 4040/4488/16014
f 4036/4469/16015 4037/4470/16016 4042/4473/16017 4041/4472/16018
f 4037/4470/16019 4038/4471/16020 4043/4474/16021 4042/4473/16022
f 4038/4471/16023 4039/4483/16024 4044/4482/16025 4043/4474/16026
f 4040/4488/16027 4041/4472/16028 4046/4475/16029 4045/4486/16030
f 4041/4472/16031 4042/4473/16032 4047/4477/16033 4046/4475/16034
f 4042/4473/16035 4043/4474/16036 4048/4479/16037 4047/4477/16038
f 4043/4474/16039 4044/4482/16040 4049/4480/16041 4048/4479/16042
f 4045/4486/16043 4046/4475/16044 91/4476/16045
f 4046/4475/16046 4047/4477/16047 92/4478/16048 91/4476/16049
f 4047/4477/16050 4048/4479/16051 1414/4481/16052 92/4478/16053
f 4048/4479/16054 4049/4480/16055 1414/4481/16056
f 1524/4504/16057 1523/4503/16058 4049/4480/16059 4044/4482/16060
f 3452/4500/16061 1524/4504/16062 4044/4482/16063 4039/4483/16064
f 3453/4498/16065 3452/4500/16066 4039/4483/16067 4034/4484/16068
f 3454/4496/16069 3453/4498/16070 4034/4484/16071 4029/4485/16072
f 3348/3186/16073 3346/4487/16074 4040/4488/16075 4045/4486/16076
f 3346/4487/16077 3344/4489/16078 4035/4490/16079 4040/4488/16080
f 3344/4489/16081 1418/4491/16082 4030/4494/16083 4035/4490/16084
f 1418/4491/16085 1416/4492/16086 4025/4493/16087 4030/4494/16088
f 4024/4495/16089 2079/4497/16090 3453/4498/16091 3454/4496/16092
f 2079/4497/16093 4058/4499/16094 3452/4500/16095 3453/4498/16096
f 4058/4499/16097 4056/4501/16098 1524/4504/16099 3452/4500/16100
f 4056/4501/16101 4054/4502/16102 1523/4503/16103 1524/4504/16104
f 1067/4505/16105 1068/4506/16106 936/468/16107
f 2997/3582/16108 2866/4507/16109 2998/3593/16110
