# This file uses centimeters as units for non-parametric coordinates.

mtllib frame_27.mtl
g default
v 69.526778 205.839836 805.845989
v 51.215202 196.385884 809.989613
v 32.903635 202.887901 818.006425
v 25.318740 221.537053 825.200473
v 32.903637 241.408955 827.357431
v 51.215206 250.862898 823.213859
v 69.526778 244.360902 815.196943
v 77.111681 225.711750 808.002895
v 58.835723 294.863752 427.037963
v 36.436712 285.475364 425.909533
v 14.037710 294.336227 429.211093
v 4.759739 316.255763 435.008658
v 14.037711 338.393820 439.906034
v 36.436716 347.782208 441.034463
v 58.835723 338.921347 437.732905
v 68.113692 317.001809 431.935339
v 107.769798 400.132806 -6.615784
v 85.101249 391.008180 -8.830779
v 62.432696 400.132806 -6.615784
v 53.043070 422.161603 -1.268314
v 62.432696 444.190399 4.079157
v 85.101249 453.315025 6.294151
v 107.769798 444.190401 4.079157
v 117.159428 422.161603 -1.268314
v 44.980289 506.289832 -443.927514
v 22.779020 496.919819 -445.131638
v 0.586474 505.796955 -441.897116
v -8.605452 527.694427 -436.008656
v 0.586474 549.854548 -431.202175
v 22.779018 559.226663 -430.006708
v 44.980289 550.347427 -433.232572
v 54.188494 528.416919 -438.984948
v 75.816945 604.673676 -837.141975
v 58.651787 595.311185 -833.375122
v 41.455066 601.914481 -825.775530
v 34.278140 620.591439 -818.696028
v 41.455066 640.435547 -816.424576
v 58.651787 649.788198 -820.150876
v 75.816945 643.194742 -827.791022
v 82.936651 624.632710 -835.343960
v 57.502059 216.665106 845.270361
v 50.999619 629.170260 -854.036306
v 46.210247 286.404981 654.073016
v 24.997250 294.105246 662.155625
v 3.784256 283.556287 665.808142
v -5.002454 260.937499 662.891131
v 3.784256 239.498682 655.113253
v 24.997248 231.798427 647.030592
v 46.210242 242.347386 643.378075
v 54.996948 264.966162 646.295138
v 110.585454 392.349140 217.638188
v 87.916896 401.473767 219.853169
v 65.248343 392.349141 217.638174
v 55.858717 370.320345 212.290704
v 65.248343 348.291548 206.943233
v 87.916896 339.166922 204.728239
v 110.585454 348.291548 206.943233
v 119.975076 370.320345 212.290704
v 45.344973 496.770588 -212.523864
v 22.676412 505.895212 -210.308870
v 0.007861 496.770586 -212.523865
v -9.381760 474.741790 -217.871335
v 0.007861 452.712993 -223.218805
v 22.676414 443.588368 -225.433800
v 45.344965 452.712993 -223.218805
v 54.734595 474.741790 -217.871335
v 78.008189 615.259814 -660.834144
v 57.901364 604.800827 -657.552266
v 49.563018 582.095907 -660.114457
v 57.901364 560.743234 -668.247206
v 78.008189 552.952969 -675.959074
v 98.144662 563.404764 -679.211323
v 106.538356 585.997410 -676.186619
v 98.144679 607.462371 -668.516434
v 61.277188 198.884782 807.058283
v 41.153225 197.262730 813.740293
v 26.923440 211.082990 822.098457
v 26.923440 232.249839 827.236691
v 41.153225 248.364009 826.145137
v 61.277188 249.986086 819.463024
v 75.506982 236.165826 811.104860
v 75.506982 214.998977 805.966626
v 48.538905 288.036924 425.909701
v 24.334525 287.751897 427.083863
v 7.219446 304.382567 432.000080
v 7.219446 328.186898 437.778560
v 24.334525 345.220635 441.034347
v 48.538905 345.505662 439.860185
v 65.653987 328.875005 434.943917
v 65.653987 305.070673 429.165437
v 97.349072 393.427233 -8.243556
v 72.853417 393.427233 -8.243556
v 55.532376 410.259437 -4.157554
v 55.532381 434.063768 1.620926
v 72.853417 450.895972 5.706928
v 97.349072 450.895972 5.706928
v 114.670109 434.063768 1.620926
v 114.670109 410.259437 -4.157554
v 34.772202 499.471209 -445.089578
v 10.787925 499.208660 -444.008011
v -6.168557 515.831062 -439.057735
v -6.168557 539.635393 -433.279255
v 10.787925 556.677398 -430.057527
v 34.772202 556.939948 -431.139094
v 51.745734 540.293618 -435.990798
v 51.745730 516.489286 -441.769277
v 68.083669 597.742300 -836.027224
v 49.212270 596.248133 -829.872033
v 35.805119 610.133673 -821.782792
v 35.805119 631.300523 -816.644558
v 49.212270 647.349424 -817.467241
v 68.083669 648.843591 -823.622431
v 81.427938 635.046397 -832.075613
v 81.427938 613.879560 -837.213898
v 58.235760 219.694052 737.905611
v 37.528544 209.043575 742.476516
v 16.821331 216.413011 751.421793
v 8.244128 237.485442 759.501409
v 16.821331 259.916950 761.982334
v 37.528544 270.567439 757.411378
v 58.235756 263.197992 748.466153
v 66.812966 242.125548 740.386588
v 85.396086 321.760352 316.237959
v 62.754489 312.609353 314.131610
v 40.112891 321.707592 316.455303
v 30.734432 343.725475 321.847731
v 40.112891 365.765192 327.150218
v 62.754489 374.916197 329.256541
v 85.396086 365.817948 326.932900
v 94.774543 343.800075 321.540420
v 76.557377 426.376915 -114.727861
v 53.888828 417.252289 -116.942855
v 31.220275 426.376915 -114.727861
v 21.830655 448.405711 -109.380390
v 31.220275 470.434508 -104.032920
v 53.888828 479.559133 -101.817925
v 76.557386 470.434510 -104.032919
v 85.947007 448.405711 -109.380390
v 74.624810 535.446089 -564.036127
v 53.452450 525.536017 -563.015491
v 32.306257 533.868880 -557.538844
v 23.547629 555.480724 -550.473749
v 32.306257 577.926473 -546.843903
v 53.452454 587.842861 -547.890561
v 74.624819 579.503684 -553.341186
v 83.432263 557.792747 -559.998079
v 68.891504 205.688810 835.344323
v 56.873373 199.484044 838.063892
v 44.855254 203.751399 843.325449
v 39.877192 215.991096 848.046932
v 44.855254 229.033277 849.462602
v 56.873377 235.238032 846.743085
v 68.891504 230.970689 841.481476
v 73.869579 218.730991 836.759993
v 63.031851 616.769693 -858.095091
v 51.770204 610.618911 -855.597916
v 40.478005 614.955076 -850.619811
v 35.762813 627.229959 -846.043277
v 40.478005 640.236954 -844.482658
v 51.770204 646.372876 -846.918618
v 63.031855 642.051572 -851.957937
v 67.695629 629.877042 -856.947879
v 45.459517 312.083329 548.291579
v 23.653517 320.363905 553.983611
v 36.458637 292.455779 658.398109
v 1.847516 310.395219 555.245706
v 13.535861 290.916632 664.738593
v -7.184825 288.016815 551.338435
v -2.672986 272.996094 665.135965
v 1.847516 266.337626 544.550766
v -2.672986 249.191762 659.357485
v 23.653515 258.057060 538.858681
v 13.535861 233.447881 650.788160
v 45.459517 268.025746 537.596586
v 36.458633 234.987041 644.447624
v 54.491858 290.404163 541.503806
v 52.667486 252.907592 644.050201
v 52.667486 276.711924 649.828681
v 119.401337 418.315754 110.669243
v 96.732788 427.440377 112.884243
v 100.164720 399.054714 219.265946
v 74.064230 418.315751 110.669249
v 75.669073 399.054714 219.265946
v 64.674608 396.286954 105.321778
v 58.348028 382.222510 215.179944
v 74.064230 374.258158 99.974308
v 58.348028 358.418179 209.401464
v 96.732788 365.133532 97.759313
v 75.669073 341.585975 205.315462
v 119.401328 374.258158 99.974308
v 100.164720 341.585975 205.315462
v 128.790950 396.286955 105.321778
v 117.485765 358.418179 209.401464
v 117.485765 382.222511 215.179944
v 33.958532 523.021116 -320.662385
v 11.336705 532.121205 -318.346319
v 34.924241 503.476159 -210.896093
v -11.284247 522.971825 -320.459341
v 10.428588 503.476159 -210.896093
v -20.654099 500.929901 -325.752733
v -6.892453 486.643955 -214.982095
v -11.284247 478.914232 -331.154281
v -6.892453 462.839624 -220.760575
v 11.336705 469.814360 -333.471249
v 10.428588 446.007421 -224.846577
v 33.958532 478.963521 -331.357326
v 34.924239 446.007421 -224.846577
v 43.330019 501.002150 -326.050357
v 52.245288 462.839624 -220.760575
v 52.245288 486.643957 -214.982095
v 74.045679 637.846604 -755.587741
v 54.595317 627.303974 -751.461108
v 67.144628 612.135518 -658.516131
v 46.502622 604.838206 -753.800899
v 51.775164 594.194253 -658.033378
v 54.595317 583.800035 -762.021650
v 51.775164 570.389921 -663.811858
v 74.045679 576.322740 -770.522603
v 67.144632 554.666779 -672.466616
v 93.495834 586.865646 -774.650370
v 88.878843 556.084533 -678.307024
v 101.588348 609.331689 -772.311713
v 104.306249 573.944356 -678.454280
v 93.495834 630.369588 -764.089827
v 104.306266 597.748689 -672.675800
v 88.878860 613.553259 -664.356488
v 48.733484 212.277236 739.389016
v 26.323607 210.501784 746.702963
v 10.477438 225.892042 755.915477
v 10.477438 249.432626 761.629932
v 26.323607 267.333778 760.498878
v 48.733484 269.109232 753.184932
v 64.579655 253.718973 743.972417
v 64.579655 230.178388 738.257962
v 74.987744 315.042653 314.660143
v 50.521224 315.014147 314.777575
v 33.220780 331.826199 318.946588
v 33.220780 355.630531 324.725068
v 50.521224 372.482885 328.728059
v 74.987753 372.511391 328.610628
v 92.288193 355.699346 324.441589
v 92.288193 331.895014 318.663109
v 66.136652 419.671342 -116.355632
v 41.641005 419.671342 -116.355632
v 24.319960 436.503545 -112.269630
v 24.319962 460.307877 -106.491150
v 41.641005 477.140080 -102.405148
v 66.136652 477.140080 -102.405148
v 83.457697 460.307878 -106.491150
v 83.457697 436.503545 -112.269630
v 64.885207 528.378351 -564.171966
v 42.025957 527.538218 -560.711056
v 25.869807 543.701378 -553.868939
v 25.869807 567.505722 -548.090511
v 42.025957 585.006957 -546.760571
v 64.885211 585.847090 -550.221481
v 81.092499 569.612046 -556.767468
v 81.092491 545.807714 -562.545948
v 63.931745 199.345473 833.015377
v 48.837052 198.128815 838.027374
v 38.163493 208.495178 844.296772
v 38.163498 224.372128 848.150887
v 48.837052 236.459158 847.332030
v 63.931745 237.675818 842.320034
v 74.605308 227.309453 836.050636
v 74.605308 211.432503 832.196520
v 59.438917 609.374682 -856.091689
v 45.282706 608.251624 -851.465274
v 35.218260 618.680791 -845.454597
v 35.218260 634.557729 -841.600430
v 45.282706 646.581967 -842.160618
v 59.438917 647.705027 -846.787033
v 69.438850 637.366506 -853.171132
v 69.438850 621.489556 -857.025247
v 35.435307 318.400892 551.517740
v 11.871728 317.488811 555.275037
v -4.790238 300.011667 553.845855
v -4.790238 276.207336 548.067375
v 11.871727 260.020060 541.324604
v 35.435303 260.932154 537.567255
v 52.097268 278.409298 538.996437
v 52.097268 302.213630 544.774918
v 108.980603 425.021324 112.297020
v 84.484956 425.021324 112.297020
v 67.163911 408.189120 108.211018
v 67.163911 384.384789 102.432538
v 84.484956 367.552585 98.346536
v 108.980603 367.552585 98.346536
v 126.301648 384.384789 102.432538
v 126.301648 408.189121 108.211018
v 23.559067 529.715386 -318.988059
v -0.885448 529.689131 -318.879902
v -18.170034 512.835945 -322.879466
v -18.170034 489.031613 -328.657946
v -0.885448 472.220392 -332.830386
v 23.559069 472.246647 -332.938543
v 40.845364 489.097438 -328.929111
v 40.845364 512.901771 -323.150631
v 63.526231 634.682952 -752.788642
v 48.614646 616.805228 -751.754099
v 48.614650 593.264645 -757.468554
v 63.526231 577.850931 -766.584455
v 84.565067 579.486367 -773.321599
v 99.476148 597.364792 -774.359028
v 99.476156 620.905376 -768.644572
v 84.565067 636.318363 -759.525684
v 65.648005 201.926978 806.259921
v 56.378232 197.141147 808.357551
v 46.052177 196.308845 811.786205
v 36.782412 199.600308 815.844590
v 29.480793 206.691792 820.133336
v 25.641132 216.132456 823.775128
v 25.641135 226.993636 826.411670
v 29.480793 237.053285 827.503561
v 36.782412 245.321825 826.943447
v 46.052181 250.107656 824.845817
v 56.378232 250.939959 821.417164
v 65.648001 247.648497 817.358778
v 72.949624 240.557024 813.069980
v 76.789291 231.116348 809.428240
v 76.789291 220.255168 806.791699
v 72.949624 210.195506 805.699858
v 54.025818 290.964467 426.338536
v 42.600646 286.175694 425.762903
v 30.272784 286.030510 426.360985
v 18.847610 290.550217 428.045031
v 10.130496 299.020612 430.548964
v 5.398034 310.201214 433.506183
v 5.398034 322.325322 436.449299
v 10.130497 333.617399 438.947303
v 18.847610 342.293079 440.605564
v 30.272784 347.081865 441.181146
v 42.600646 347.227049 440.583064
v 54.025822 342.707331 438.899070
v 62.742937 334.236962 436.395033
v 67.475398 323.056339 433.437891
v 67.475398 310.932231 430.494775
v 62.742933 299.640173 427.996694
v 102.902014 396.290172 -7.548580
v 91.339355 391.635925 -8.678394
v 78.863143 391.635925 -8.678394
v 67.300476 396.290172 -7.548580
v 58.478460 404.863209 -5.467483
v 53.689049 416.099549 -2.739872
v 53.689054 428.223656 0.203245
v 58.478460 439.459996 2.930856
v 67.300476 448.033033 5.011953
v 78.863143 452.687280 6.141767
v 91.339355 452.687280 6.141767
v 102.902014 448.033036 5.011953
v 111.724030 439.459998 2.930856
v 116.513453 428.223657 0.203245
v 116.513453 416.099549 -2.739872
v 111.724030 404.863209 -5.467483
v 40.211079 502.394538 -444.643378
v 28.887052 497.614695 -445.255802
v 16.671493 497.481407 -444.706723
v 5.351768 502.010783 -443.062508
v -3.284503 510.476374 -440.538788
v -7.973077 521.643068 -437.524270
v -7.973077 533.767175 -434.581154
v -3.284503 545.073161 -432.140449
v 5.351768 553.753645 -430.501975
v 16.671492 558.532762 -429.886562
v 28.887052 558.666050 -430.435641
v 40.211079 554.137402 -432.082845
v 48.856445 545.659052 -434.554006
v 53.554352 534.472469 -437.486595
v 53.554352 522.348361 -440.429712
v 48.856445 511.062263 -442.952346
v 72.180468 600.764282 -836.742317
v 63.491930 596.030549 -834.859300
v 53.809747 595.266366 -831.711266
v 45.105824 598.608539 -827.861774
v 38.224671 605.732907 -823.708494
v 34.586909 615.186642 -820.120549
v 34.586909 626.047809 -817.483956
v 38.224667 636.094400 -816.338269
v 45.105824 644.330056 -816.762917
v 53.809747 649.065178 -818.651653
v 63.491930 649.829364 -821.799686
v 72.180468 646.485816 -825.643510
v 79.027674 639.409113 -829.993163
v 82.632955 630.024074 -833.864099
v 82.632955 619.162894 -836.500640
v 79.027674 609.047620 -837.363388
v 64.819044 211.265458 776.249770
v 51.468843 230.322415 692.914701
v 44.928349 200.996252 780.750627
v 30.417580 219.615201 697.219146
v 25.037655 208.058954 789.458898
v 9.366316 227.157213 705.953684
v 16.798665 228.316342 797.273332
v 0.646599 248.530475 714.001619
v 25.037657 249.901936 799.616244
v 9.366316 271.214806 716.648625
v 44.928354 260.171155 795.115336
v 30.417580 281.922045 712.344076
v 64.819044 253.108440 786.407116
v 51.468847 274.380010 703.609642
v 73.058046 232.851028 778.592786
v 60.188566 253.006759 695.561656
v 71.235786 308.338279 371.529920
v 99.213643 335.091072 261.322330
v 48.675054 299.108152 369.749536
v 76.545086 325.966446 259.107335
v 26.114317 308.127264 372.399193
v 53.876532 335.091072 261.322330
v 16.769355 330.112363 377.926675
v 44.486910 357.119868 266.669800
v 26.114317 352.184863 383.094108
v 53.876532 379.148665 272.017271
v 48.675054 361.414990 384.874492
v 76.545086 388.273290 274.232265
v 71.235786 352.395880 382.224836
v 99.213643 379.148667 272.017271
v 80.580750 330.410773 376.697379
v 108.603265 357.119869 266.669801
v 93.582332 413.218322 -60.521305
v 59.532423 439.558497 -169.029125
v 70.913783 404.093697 -62.736299
v 36.863874 430.433872 -171.244119
v 48.245233 413.218322 -60.521305
v 14.195322 439.558497 -169.029125
v 38.855612 435.247119 -55.173834
v 4.805701 461.587294 -163.681654
v 48.245233 457.275915 -49.826364
v 14.195323 483.616090 -158.334184
v 70.913783 466.400541 -47.611369
v 36.863874 492.740716 -156.119189
v 93.582332 457.275917 -49.826363
v 59.532435 483.616092 -158.334183
v 102.971962 435.247119 -55.173834
v 68.922057 461.587294 -163.681654
v 58.803063 520.789033 -503.656681
v 88.915390 549.803721 -623.182104
v 37.069083 511.173644 -503.849986
v 68.306391 539.598578 -620.945929
v 15.352550 519.803291 -499.595937
v 47.728798 547.635082 -614.248436
v 6.358318 541.569426 -493.166436
v 39.202519 569.099266 -606.575056
v 15.352550 563.860884 -488.900996
v 47.728794 591.692675 -603.553495
v 37.069083 573.480489 -488.725056
v 68.306399 601.905423 -605.820999
v 58.803067 564.846628 -492.961739
v 88.915407 593.861329 -612.487214
v 67.829851 543.014436 -499.119123
v 97.500260 572.278264 -619.670875
v 64.851953 209.526751 840.953213
v 70.667020 204.220388 824.593078
v 57.502059 205.732111 842.616441
v 54.987315 196.125228 828.141141
v 50.152174 208.341902 845.834175
v 39.307622 201.692722 835.005746
v 47.107751 215.827288 848.721738
v 32.812884 217.661493 841.165767
v 50.152174 223.803462 849.587509
v 39.307622 234.677259 843.012712
v 57.502059 227.598089 847.924333
v 54.987323 242.772408 839.464702
v 64.851953 224.988324 844.706496
v 70.667011 237.204926 832.600045
v 67.896384 217.502925 841.818984
v 77.161766 221.236179 826.439921
v 68.758632 611.208641 -851.986830
v 57.891714 621.995468 -858.203354
v 54.064364 603.188869 -848.749324
v 51.003384 618.227771 -856.651117
v 39.334886 608.844672 -842.248505
v 44.096057 620.880315 -853.609504
v 33.183534 624.851768 -836.246365
v 41.217562 628.387478 -850.811651
v 39.334886 641.829208 -834.241539
v 44.096057 636.341875 -849.856170
v 54.064364 649.836062 -837.425815
v 51.003388 640.093736 -851.343173
v 68.758632 644.193179 -843.979863
v 57.891714 637.457041 -854.450071
v 74.847629 628.310289 -850.493673
v 60.743156 629.998735 -857.449192
v 44.151887 299.023321 602.092019
v 50.298881 325.433255 493.296829
v 22.669344 306.987386 609.087909
v 28.169422 334.030340 497.685004
v 41.655025 289.941750 656.265820
v 30.834805 293.869474 660.388517
v 1.186801 296.702178 611.653913
v 6.039965 324.378190 497.643139
v 19.159694 293.085566 663.617810
v 8.339474 287.704787 665.480931
v -7.711560 274.192662 608.286755
v -3.126357 302.130873 493.195858
v 0.083926 278.577420 665.683388
v -4.397955 267.040142 664.195481
v 1.186801 252.644572 600.959023
v 6.039964 280.320584 486.948250
v -4.397955 254.916035 661.252365
v 0.083926 243.980632 657.285049
v 22.669342 244.680529 593.963030
v 28.169420 271.723496 482.560074
v 8.339474 235.961926 652.920398
v 19.159694 232.034199 648.797700
v 44.151887 254.965726 591.397078
v 50.298881 281.375659 482.601888
v 30.834801 232.818119 645.568356
v 41.655021 238.198886 643.705286
v 53.050246 277.475267 594.764133
v 59.465200 303.622976 487.049169
v 49.910576 247.326241 643.502881
v 54.392454 258.863518 644.990788
v 54.392454 270.987639 647.933852
v 49.910576 281.923030 651.901221
v 117.408530 405.380479 163.955849
v 116.282271 431.228037 57.477354
v 94.739981 414.505103 166.170843
v 93.613722 440.352661 59.692348
v 105.717669 396.191778 218.570971
v 94.154994 400.846022 219.700784
v 72.071432 405.380477 163.955848
v 70.945173 431.228035 57.477354
v 81.678790 400.846022 219.700784
v 70.116123 396.191776 218.570970
v 62.681810 383.351681 158.608378
v 61.555551 409.199239 52.129883
v 61.294111 387.618738 216.489873
v 56.504701 376.382398 213.762262
v 72.071432 361.322884 153.260907
v 70.945173 387.170442 46.782413
v 56.504701 364.258291 210.819146
v 61.294111 353.021951 208.091535
v 94.739981 352.198258 151.045913
v 93.613714 378.045816 44.567418
v 70.116123 344.448914 206.010437
v 81.678790 339.794667 204.880623
v 117.408530 361.322884 153.260907
v 116.282271 387.170442 46.782413
v 94.154994 339.794667 204.880623
v 105.717669 344.448914 206.010437
v 126.798160 383.351681 158.608378
v 125.671901 409.199239 52.129883
v 114.539685 353.021951 208.091535
v 119.329092 364.258291 210.819146
v 119.329092 376.382399 213.762262
v 114.539685 387.618740 216.489874
v 36.832492 509.847908 -266.395619
v 36.686622 536.463272 -376.037074
v 14.163937 518.972532 -264.180625
v 14.204979 545.489737 -373.417716
v 40.477184 500.613223 -211.591068
v 28.914522 505.267467 -210.461254
v -8.504617 509.847906 -266.395619
v -8.273171 536.266126 -375.224947
v 16.438308 505.267467 -210.461254
v 4.875643 500.613221 -211.591069
v -17.894239 487.819109 -271.743090
v -17.583714 514.184795 -380.356001
v -3.946371 492.040183 -213.672166
v -8.735783 480.803843 -216.399777
v -8.504616 465.790313 -277.090560
v -8.273171 492.208533 -385.919887
v -8.735783 468.679736 -219.342893
v -3.946371 457.443396 -222.070504
v 14.163936 456.665687 -279.305555
v 14.204979 483.182892 -388.542646
v 4.875643 448.870359 -224.151601
v 16.438306 444.216112 -225.281416
v 36.832492 465.790313 -277.090560
v 36.686622 492.405677 -386.732016
v 28.914522 444.216112 -225.281416
v 40.477184 448.870359 -224.151601
v 46.222122 487.819110 -271.743090
v 46.003678 514.473794 -381.546522
v 49.299197 457.443396 -222.070504
v 54.088620 468.679736 -219.342893
v 54.088620 480.803844 -216.399777
v 49.299205 492.040185 -213.672165
v 78.935111 627.497664 -711.247719
v 66.298398 645.534251 -792.380173
v 59.105169 616.892305 -707.362864
v 47.626913 635.372754 -788.323021
v 72.474708 614.273856 -659.510878
v 62.219624 608.944587 -657.859948
v 50.869162 594.141604 -709.736464
v 39.845057 613.787535 -790.667480
v 54.391533 599.804047 -657.603232
v 50.137312 588.211546 -658.863644
v 59.105169 572.834712 -718.057805
v 47.626913 593.529772 -798.480367
v 50.137312 576.087414 -661.806657
v 54.391533 565.207260 -666.001571
v 78.935111 565.190819 -726.372649
v 66.298394 586.359336 -806.744830
v 62.219628 557.201725 -670.420480
v 72.474708 553.222501 -674.331039
v 98.782485 575.791975 -730.240192
v 84.951668 596.526111 -810.823727
v 83.543395 553.942242 -677.295995
v 93.813093 559.273976 -678.957076
v 107.051056 598.476620 -727.594473
v 92.700219 618.178450 -808.755766
v 101.672086 568.371086 -679.034887
v 105.958046 579.895967 -677.495916
v 98.782494 619.849583 -719.545302
v 84.951668 638.369093 -800.666381
v 105.958055 592.020075 -674.552800
v 101.672102 602.967875 -670.636547
v 93.813110 611.016839 -666.396542
v 83.543395 614.993597 -662.475833
v 55.742592 203.994483 777.676092
v 43.239306 210.094905 740.758033
v 41.791586 222.889322 694.283935
v 53.794485 215.523796 738.428173
v 34.114107 202.251150 784.857715
v 21.262602 212.946464 749.045458
v 19.043575 221.179174 701.328855
v 31.817783 209.190008 744.485755
v 18.820464 217.104644 793.840787
v 8.814271 231.531689 757.859165
v 2.958306 236.802100 710.396453
v 13.186368 220.790334 753.740776
v 18.820462 239.853994 799.363116
v 13.186368 254.963605 762.036252
v 2.958306 260.606442 716.174881
v 8.814271 243.529504 760.771623
v 34.114109 257.172912 798.189922
v 31.817783 269.516109 759.129861
v 19.043575 278.647900 715.279391
v 21.262602 264.087205 761.459772
v 55.742596 258.916231 791.008351
v 53.794489 266.664529 750.842540
v 41.791586 280.358060 708.234419
v 43.239310 270.421006 755.402139
v 71.036247 244.062751 782.025228
v 66.242824 248.079325 742.028729
v 57.876856 264.735148 699.166770
v 61.870723 258.820668 746.147169
v 71.036239 221.313400 776.502898
v 61.870723 224.647397 737.851693
v 57.876856 240.930791 693.388393
v 66.242824 236.081485 739.116373
v 60.864619 301.584205 370.101947
v 68.985178 313.244353 314.254109
v 88.792909 328.385499 259.694558
v 80.534098 317.912052 315.328505
v 36.485480 301.470192 370.571622
v 44.974884 317.870631 315.499139
v 64.297258 328.385499 259.694558
v 56.523799 313.229837 314.313907
v 19.246823 318.221781 374.989721
v 31.379642 337.664166 320.373107
v 46.976217 345.217703 263.780561
v 36.163359 326.433399 317.622540
v 19.246823 342.026110 380.768200
v 36.163363 361.030186 326.020879
v 46.976217 369.022033 269.559040
v 31.379640 349.788273 323.316223
v 36.485480 358.938931 384.522107
v 56.523799 374.281185 329.134094
v 64.297254 385.854237 273.645043
v 44.974884 369.613486 328.059698
v 60.864623 359.052944 384.052432
v 80.534098 369.654916 327.889038
v 88.792909 385.854237 273.645043
v 68.985178 374.295708 329.074270
v 78.103285 342.301357 379.634334
v 94.129341 349.861379 323.015070
v 106.113954 369.022035 269.559041
v 89.345614 361.092148 325.765637
v 78.103285 318.497026 373.855854
v 89.345623 326.495352 317.367324
v 106.113954 345.217703 263.780561
v 94.129341 337.737265 320.071979
v 83.161606 406.512750 -62.149076
v 60.126934 417.880034 -116.790471
v 49.111701 432.852925 -170.656896
v 71.689601 422.534280 -115.660657
v 58.665959 406.512750 -62.149076
v 36.088059 422.534280 -115.660657
v 24.616050 432.852925 -170.656896
v 47.650722 417.880034 -116.790471
v 41.344914 423.344954 -58.063074
v 22.476633 442.343658 -110.851948
v 7.295008 449.685129 -166.570894
v 27.266043 431.107318 -113.579560
v 41.344914 447.149284 -52.284594
v 27.266043 465.704105 -105.181221
v 7.295008 473.489459 -160.792415
v 22.476633 454.467765 -107.908832
v 58.665959 463.981488 -48.198592
v 47.650722 478.931389 -101.970310
v 24.616050 490.321663 -156.706412
v 36.088059 474.277142 -103.100124
v 83.161606 463.981488 -48.198592
v 71.689601 474.277144 -103.100123
v 49.111697 490.321663 -156.706412
v 60.126934 478.931389 -101.970310
v 100.482643 447.149286 -52.284594
v 85.301024 454.467765 -107.908832
v 66.432746 473.489461 -160.792414
v 80.511617 465.704107 -105.181220
v 100.482651 423.344954 -58.063074
v 80.511617 431.107318 -113.579560
v 66.432742 449.685129 -166.570894
v 85.301024 442.343658 -110.851948
v 48.807623 513.857386 -504.353140
v 59.274268 526.378492 -563.747683
v 79.432944 542.599067 -622.753920
v 70.072853 531.434568 -564.273196
v 25.334723 513.332287 -502.190007
v 36.846466 530.206565 -559.214463
v 57.187358 541.443888 -617.995181
v 47.632154 525.951971 -561.990639
v 8.742802 529.744863 -496.375353
v 24.150259 549.452481 -552.084586
v 41.463559 557.362473 -610.145544
v 28.617922 538.437012 -555.722074
v 8.742802 553.549192 -490.596874
v 28.617922 573.033799 -547.323735
v 41.463559 581.166803 -604.367064
v 24.150261 561.576588 -549.141470
v 25.334723 570.801025 -488.239523
v 47.632154 587.003326 -547.170478
v 57.187358 598.912626 -604.044697
v 36.846466 581.949427 -546.653931
v 48.807623 571.326124 -490.402656
v 70.072862 583.177432 -551.712663
v 79.432961 600.067831 -608.803539
v 59.274277 587.429834 -548.927470
v 65.433638 554.865643 -496.019959
v 82.824341 563.833512 -558.438821
v 95.218119 584.062978 -616.297789
v 78.328678 574.908659 -555.047171
v 65.433634 531.061312 -501.798439
v 78.328669 540.311870 -563.445511
v 95.218094 560.258646 -622.076269
v 82.824333 551.709404 -561.381937
v 63.795533 197.791868 825.448659
v 66.230443 201.858825 835.350262
v 61.185609 199.254252 836.491883
v 46.179105 196.371927 831.298085
v 52.561142 198.559090 839.355587
v 47.516315 200.350398 841.564194
v 33.722416 208.470121 838.614770
v 41.417900 206.273304 845.146234
v 39.328264 211.411136 847.128198
v 33.722418 226.999487 843.112756
v 39.328264 220.482548 849.330275
v 41.417900 225.957241 849.924546
v 46.179105 241.105779 842.157132
v 47.516315 232.863262 849.456663
v 52.561142 235.467810 848.315145
v 63.795533 242.525711 836.307759
v 61.185609 236.162972 845.451441
v 66.230443 234.371690 843.242731
v 76.252234 230.427538 828.990970
v 72.328863 228.448784 839.660691
v 74.418498 223.310951 837.678727
v 76.252234 211.898172 824.492983
v 74.418498 214.239538 835.476650
v 72.328863 208.764833 834.882430
v 62.320045 604.795333 -851.193906
v 55.812654 610.359414 -857.047546
v 60.539398 612.936718 -858.076836
v 45.800101 603.487300 -845.805500
v 42.986035 611.538340 -852.316244
v 47.725121 609.719339 -854.410770
v 34.055462 615.654030 -838.771135
v 35.250706 622.651587 -846.968554
v 37.233555 617.498208 -848.886469
v 34.055462 634.183395 -834.273148
v 37.233555 637.182157 -844.108208
v 35.250706 631.723000 -844.766477
v 45.800101 648.221152 -834.946452
v 47.725126 646.628071 -845.451263
v 42.986035 644.051204 -844.423776
v 62.320045 649.529174 -840.334807
v 60.539393 645.449584 -850.184367
v 55.812654 647.268133 -848.087987
v 73.993474 637.462522 -847.781446
v 68.209801 634.444482 -855.977566
v 66.251872 639.545915 -853.845657
v 73.993474 618.933132 -852.279329
v 66.251872 619.861964 -858.623918
v 68.209806 625.373094 -858.179747
v 34.276366 305.195375 605.917602
v 40.776956 315.744720 549.971012
v 40.125974 331.896314 495.923620
v 29.654257 319.968427 552.874409
v 11.062319 303.941255 611.083924
v 17.652772 319.503881 554.788096
v 16.212868 331.326261 498.271943
v 6.530076 314.419111 555.431814
v -5.352492 286.222261 610.651030
v -1.956256 305.517580 554.703938
v -0.696250 314.090964 495.846473
v -6.563428 294.102922 552.710906
v -5.352491 262.417944 604.872500
v -6.563428 281.978802 549.767841
v -0.696250 290.286634 490.067994
v -1.956256 270.920793 546.305599
v 11.062318 246.472516 597.133440
v 6.530076 262.676236 542.871333
v 16.212868 273.857522 484.321459
v 17.652772 258.452526 539.967935
v 34.276366 247.726649 591.967066
v 29.654255 258.917072 538.054248
v 40.125974 274.427576 481.973136
v 40.776956 264.001854 537.410478
v 50.691182 265.445654 592.399909
v 49.263288 272.903385 538.138355
v 57.035094 291.662873 484.398606
v 53.870458 284.318055 540.131335
v 50.691174 289.249986 598.178389
v 53.870458 296.442163 543.074452
v 57.035094 315.467204 490.177086
v 49.263288 307.500174 546.536694
v 106.987796 412.086050 165.583620
v 114.533544 422.158391 111.602039
v 105.861554 437.933608 59.105125
v 102.970885 426.812632 112.731859
v 82.492157 412.086050 165.583620
v 90.494673 426.812633 112.731852
v 81.365899 437.933608 59.105125
v 78.932015 422.158385 111.602045
v 65.171113 395.253845 161.497618
v 70.109994 413.585350 109.520941
v 64.044854 421.101403 55.019123
v 65.320584 402.349008 106.793336
v 65.171117 371.449516 155.719138
v 65.320584 390.224902 103.850214
v 64.044854 397.297074 49.240643
v 70.109994 378.988561 101.122609
v 82.492157 354.617311 151.633136
v 78.932015 370.415525 99.041505
v 81.365899 380.464869 45.154641
v 90.494673 365.761277 97.911698
v 106.987804 354.617311 151.633136
v 102.970885 365.761278 97.911691
v 105.861546 380.464869 45.154641
v 114.533544 370.415523 99.041512
v 124.308841 371.449516 155.719138
v 123.355560 378.988562 101.122602
v 123.182599 397.297074 49.240643
v 128.144983 390.224901 103.850220
v 124.308849 395.253847 161.497618
v 128.144983 402.349010 106.793330
v 123.182590 421.101405 55.019123
v 123.355560 413.585350 109.520948
v 26.411762 516.553479 -264.767848
v 29.100606 526.858493 -319.707921
v 26.350950 543.123625 -374.223030
v 17.561805 531.500171 -318.526348
v 1.916111 516.553479 -264.767848
v 5.111657 531.486843 -318.471446
v 2.059845 543.018605 -373.790404
v -6.426714 526.820113 -319.549835
v -15.404930 499.721274 -268.853850
v -15.230153 518.236331 -321.586670
v -15.115371 526.102483 -377.530707
v -20.009483 506.993024 -324.285580
v -15.404930 475.916945 -274.632329
v -20.009483 494.868917 -327.228696
v -15.115371 502.298147 -383.309160
v -15.230155 483.639544 -329.985009
v 1.916110 459.084740 -278.718332
v -6.426714 475.077252 -332.110368
v 2.059845 485.549867 -387.740888
v 5.111656 470.435488 -333.291607
v 26.411766 459.084740 -278.718332
v 17.561805 470.448816 -333.346510
v 26.350950 485.654880 -388.173489
v 29.100608 475.115627 -332.268455
v 43.732811 475.916945 -274.632329
v 37.904956 483.698133 -330.226364
v 43.532990 502.561440 -384.393793
v 42.685225 494.939445 -327.519235
v 43.732811 499.721276 -268.853850
v 42.685225 507.063553 -324.576119
v 43.532990 526.365766 -378.615287
v 37.904956 518.294922 -321.828025
v 68.223503 624.293127 -708.599157
v 68.684915 636.832307 -754.021833
v 56.155068 642.602539 -789.579662
v 58.771727 631.461267 -751.930289
v 53.055732 606.249931 -707.696504
v 51.170923 622.347741 -751.395287
v 41.761311 625.331616 -788.604180
v 47.042594 610.889123 -752.558922
v 53.055732 582.445589 -713.474932
v 47.042594 598.891308 -755.471380
v 41.761311 602.582278 -794.126561
v 51.170923 588.174484 -759.690814
v 68.223503 566.824376 -722.549590
v 58.771727 580.320538 -764.344654
v 56.155068 587.680766 -802.911819
v 68.684915 576.506194 -768.665888
v 89.650892 568.399647 -729.038886
v 79.406417 577.337025 -772.088460
v 76.437328 589.286619 -809.527100
v 89.319525 582.708165 -774.180416
v 104.852745 586.394948 -729.744239
v 96.920018 591.822116 -774.717170
v 90.795021 606.608214 -810.711321
v 101.048279 603.280859 -773.554051
v 104.852754 610.199280 -723.965759
v 101.048279 615.278675 -770.641592
v 90.795021 629.357553 -805.188939
v 96.920018 625.995389 -766.421694
v 89.650900 625.868398 -715.088453
v 89.319533 633.848881 -761.765999
v 76.437328 644.208381 -796.194892
v 79.406426 637.663125 -757.444354
v 50.451587 201.953724 779.041062
v 36.210629 220.678460 695.577439
v 46.948352 226.139942 693.381861
v 60.569134 207.177233 776.751649
v 29.287569 204.655834 787.138502
v 13.886805 223.654430 703.620880
v 24.624531 219.807431 699.165623
v 39.405112 201.063345 782.708959
v 17.285712 222.546137 795.701343
v 1.246488 242.513526 712.344252
v 5.694199 231.611558 708.239202
v 21.476532 212.242070 791.726482
v 21.476532 245.144739 799.713576
v 5.694199 266.208345 716.637541
v 1.246489 254.637633 715.287368
v 17.285712 234.165074 798.521829
v 39.405112 259.213683 796.824901
v 24.624531 280.858786 713.985784
v 13.886805 275.397291 716.181413
v 29.287569 253.990161 799.114365
v 60.569134 256.511560 788.727513
v 46.948356 277.882806 705.942394
v 36.210629 281.729815 710.397600
v 50.451591 260.104061 793.157004
v 72.570998 238.621258 780.164671
v 59.588679 259.023721 697.218971
v 55.140963 269.925690 701.324022
v 68.380171 248.925325 784.139532
v 68.380171 216.022655 776.152439
v 55.140963 235.328888 692.925734
v 59.588674 246.899600 694.275906
v 72.570998 227.002309 777.344237
v 54.883486 299.764928 369.782325
v 82.783191 326.594191 259.259720
v 94.345858 331.248437 260.389534
v 66.391155 304.472986 370.690467
v 30.958946 304.307288 371.373054
v 58.744313 331.248437 260.389534
v 70.306980 326.594191 259.259720
v 42.466613 299.706852 370.021568
v 17.412260 324.053311 376.442751
v 45.132886 351.057814 265.198242
v 49.922300 339.821475 262.470631
v 22.178893 312.839267 373.623291
v 22.178893 347.436054 382.021630
v 49.922300 374.418262 270.868970
v 45.132886 363.181922 268.141359
v 17.412260 336.177418 379.385867
v 42.466613 360.758207 384.841729
v 70.306980 387.645546 274.079881
v 58.744313 382.991299 272.950067
v 30.958946 356.050150 383.933587
v 66.391159 356.215850 383.251000
v 94.345858 382.991301 272.950067
v 82.783191 387.645546 274.079881
v 54.883490 360.816283 384.602486
v 79.937845 336.469825 378.181304
v 107.957289 363.181923 268.141359
v 103.167875 374.418264 270.868970
v 75.171214 347.683877 381.000738
v 75.171214 313.087088 372.602398
v 103.167875 339.821475 262.470631
v 107.957289 351.057814 265.198242
v 79.937845 324.345718 375.238187
v 77.151889 404.721441 -62.583915
v 43.101979 431.061616 -171.091735
v 54.664642 435.715863 -169.961921
v 88.714547 409.375688 -61.454101
v 53.113014 409.375688 -61.454101
v 19.063105 435.715863 -169.961921
v 30.625768 431.061616 -171.091735
v 64.675677 404.721441 -62.583915
v 39.501587 429.185065 -56.645392
v 5.451678 455.525240 -165.153212
v 10.241091 444.288900 -167.880824
v 44.290998 417.948725 -59.373004
v 44.290998 452.545512 -50.974665
v 10.241091 478.885687 -159.482485
v 5.451678 467.649348 -162.210096
v 39.501587 441.309173 -53.702276
v 64.675677 465.772796 -47.763754
v 30.625768 492.112971 -156.271574
v 19.063105 487.458725 -157.401388
v 53.113014 461.118550 -48.893568
v 88.714547 461.118552 -48.893567
v 54.664647 487.458727 -157.401387
v 43.101979 492.112971 -156.271574
v 77.151889 465.772796 -47.763754
v 102.325986 441.309173 -53.702276
v 68.276077 467.649349 -162.210096
v 63.486667 478.885689 -159.482484
v 97.536564 452.545514 -50.974664
v 97.536564 417.948725 -59.373004
v 63.486659 444.288900 -167.880824
v 68.276077 455.525240 -165.153212
v 102.325986 429.185065 -56.645392
v 43.047045 511.935653 -504.250700
v 73.971969 540.521319 -622.008774
v 84.482894 545.727882 -623.154217
v 54.132428 516.841091 -504.155665
v 20.015355 516.073594 -500.993976
v 52.147193 544.039386 -616.198492
v 62.642638 539.934855 -619.592846
v 31.092140 511.669089 -503.152593
v 6.977093 535.528761 -494.726106
v 39.789357 563.082580 -608.233505
v 44.138813 552.144713 -612.190671
v 11.564826 524.431714 -498.027530
v 11.564826 559.028501 -489.629191
v 44.138813 586.741500 -603.792332
v 39.789357 575.206700 -605.290441
v 6.977093 547.652869 -491.782990
v 31.092140 572.720444 -488.332431
v 62.642638 600.986210 -604.772684
v 52.147193 595.782248 -603.637959
v 20.015355 567.816456 -488.433443
v 54.132432 568.583955 -491.595131
v 84.482911 597.470759 -610.593735
v 73.971978 601.572674 -607.188613
v 43.047045 572.987008 -489.430538
v 67.207547 549.063443 -497.593821
v 96.907078 578.309948 -618.074207
v 92.524019 589.319426 -614.412037
v 62.601139 560.200281 -494.456307
v 62.601135 525.603492 -502.854646
v 92.523994 554.722637 -622.810377
v 96.907061 566.185840 -621.017323
v 67.207542 536.939335 -500.536937
v 67.406804 200.599796 824.860465
v 62.503813 204.367180 840.526395
v 59.549994 196.543450 826.638371
v 50.424639 195.807912 829.668406
v 52.500309 203.560869 843.847974
v 42.567838 198.597691 833.108093
v 36.115243 204.864583 836.898150
v 45.426764 210.430837 848.002793
v 32.860851 212.866232 839.984861
v 32.860853 222.464484 842.314828
v 45.426764 220.952746 850.557031
v 36.115247 230.990768 843.240313
v 42.567838 238.297863 842.745274
v 52.500309 228.963033 850.014327
v 50.424648 242.354186 840.967472
v 59.549994 243.089722 837.937436
v 62.503818 229.769343 846.692748
v 67.406799 240.299970 834.497646
v 73.859399 234.033076 830.707589
v 69.577367 222.899376 842.537929
v 77.113801 226.031427 827.620878
v 77.113801 216.433175 825.290911
v 69.577371 212.377455 839.983742
v 73.859399 207.906878 824.365478
v 58.341457 603.574907 -850.119514
v 55.692915 616.831093 -858.610385
v 65.703811 607.587799 -851.718412
v 42.405751 605.732317 -844.074792
v 46.309839 616.083497 -855.530677
v 49.785108 602.899584 -847.337533
v 33.233665 620.055794 -837.424334
v 39.640592 622.998057 -851.559554
v 36.320330 612.034457 -840.429940
v 36.320330 638.160655 -834.087829
v 39.640592 633.519978 -849.005368
v 33.233665 629.654034 -835.094315
v 49.785108 649.445856 -836.038467
v 46.309839 641.485661 -849.364325
v 42.405751 645.432489 -834.437611
v 65.703807 647.287985 -842.081282
v 55.692915 642.233257 -852.444033
v 58.341457 650.121181 -838.820448
v 74.801995 633.092729 -849.259952
v 62.318522 635.380026 -856.667795
v 71.750438 641.040342 -845.950641
v 71.750429 614.914144 -852.292752
v 62.318527 624.858105 -859.221982
v 74.801995 623.494477 -851.589919
v 39.538783 302.616740 604.051453
v 45.546860 329.162614 494.696260
v 34.259174 333.547767 496.934589
v 28.581076 306.679004 607.619919
v 16.757611 306.040267 610.251181
v 22.079667 333.257424 498.130651
v 10.791983 328.334099 498.109301
v 5.799902 300.794028 611.560071
v -2.560548 291.769328 611.339587
v 2.179770 319.555763 496.873928
v -2.495742 308.207962 494.605480
v -7.099380 280.287788 609.622074
v -7.099380 268.163680 606.678958
v -2.495742 296.083854 491.662364
v 2.179770 284.958976 488.475589
v -2.560548 257.172541 602.941249
v 5.799902 249.051166 598.999538
v 10.791983 276.591225 485.548819
v 22.079667 272.206057 483.310541
v 16.757610 244.988887 595.431123
v 28.581072 245.627649 592.799758
v 34.259174 272.496412 482.114428
v 45.546860 277.419737 482.135778
v 39.538783 250.873876 591.490920
v 47.899235 259.898588 591.711352
v 54.159073 286.198086 483.371100
v 58.834583 297.545887 485.639548
v 52.438063 271.380141 593.428814
v 52.438063 283.504249 596.371930
v 58.834583 309.669996 488.582664
v 54.159077 320.794875 491.769439
v 47.899235 294.495377 600.109691
v 112.540746 409.223114 164.888645
v 111.414487 435.070672 58.410150
v 99.851828 439.724916 59.539964
v 100.978087 413.877358 166.018458
v 88.501875 413.877358 166.018458
v 87.375616 439.724916 59.539964
v 75.812958 435.070670 58.410150
v 76.939216 409.223112 164.888644
v 68.117196 400.650074 162.807547
v 66.990937 426.497632 56.329053
v 62.201527 415.261292 53.601441
v 63.327786 389.413734 160.079936
v 63.327786 377.289627 157.136820
v 62.201522 403.137185 50.658325
v 66.990937 391.900845 47.930714
v 68.117196 366.053287 154.409208
v 76.939216 357.480250 152.328111
v 75.812958 383.327808 45.849617
v 87.375616 378.673561 44.719803
v 88.501875 352.826003 151.198297
v 100.978087 352.826003 151.198297
v 99.851828 378.673561 44.719803
v 111.414487 383.327808 45.849617
v 112.540746 357.480250 152.328111
v 121.362762 366.053287 154.409208
v 120.236503 391.900845 47.930714
v 125.025926 403.137185 50.658325
v 126.152185 377.289627 157.136820
v 126.152185 389.413735 160.079936
v 125.025926 415.261293 53.601441
v 120.236503 426.497634 56.329053
v 121.362762 400.650076 162.807548
v 31.964707 513.690542 -265.462823
v 31.858266 540.284842 -375.017506
v 20.391057 544.888847 -373.680731
v 20.402044 518.344787 -264.333009
v 7.925830 518.344787 -264.333009
v 8.019104 544.835537 -373.461120
v -3.446384 540.131338 -374.385158
v -3.636834 513.690540 -265.462823
v -12.458849 505.117503 -267.543920
v -12.194101 531.515322 -376.289206
v -16.943178 520.251127 -378.902065
v -17.248261 493.881163 -270.271532
v -17.248260 481.757056 -273.214648
v -16.943178 508.127013 -381.845155
v -12.194101 496.918535 -384.687545
v -12.458849 470.520716 -275.942259
v -3.636834 461.947678 -278.023356
v -3.446384 488.388483 -386.945717
v 8.019104 483.784176 -388.281255
v 7.925829 457.293432 -279.153170
v 20.402044 457.293432 -279.153170
v 20.391057 483.837492 -388.500892
v 31.858268 488.541978 -387.578039
v 31.964711 461.947678 -278.023356
v 40.786724 470.520716 -275.942259
v 40.609623 497.152891 -385.652968
v 45.362439 508.409132 -383.007337
v 45.576146 481.757056 -273.214648
v 45.576146 493.881164 -270.271532
v 45.362439 520.533240 -380.064221
v 40.609623 531.749680 -377.254629
v 40.786728 505.117505 -267.543920
v 73.479478 626.471042 -709.756937
v 61.119013 644.612165 -790.816380
v 51.623101 639.444443 -788.756781
v 63.365847 621.066122 -707.794367
v 55.640113 611.873886 -707.324688
v 44.270318 630.622337 -788.253618
v 40.307879 619.639031 -789.430369
v 51.437066 600.259482 -708.494874
v 51.437066 588.135363 -711.437939
v 40.307879 608.020094 -792.250856
v 44.270322 597.719667 -796.240711
v 55.640113 577.277099 -715.723027
v 63.365852 569.323260 -720.354900
v 51.623097 590.110116 -800.732644
v 61.119009 586.461827 -804.932322
v 73.479478 565.419687 -724.577098
v 84.391761 566.219405 -727.871522
v 71.476693 587.279333 -808.300018
v 80.963699 592.446042 -810.355444
v 94.513974 571.625776 -729.840069
v 102.257889 580.792470 -730.204528
v 88.297078 601.295391 -810.970834
v 92.240557 612.318898 -809.959692
v 106.479614 592.367097 -728.870484
v 106.479614 604.491205 -725.927368
v 92.240557 623.937836 -807.139206
v 88.297078 634.198062 -802.983740
v 102.257906 615.389259 -721.806189
v 94.513990 623.368640 -717.279536
v 80.963699 641.780369 -798.379580
v 71.476702 645.429670 -794.184076
v 84.391761 627.270760 -713.051361
vt 0.610485 0.045765
vt 0.500000 0.000000
vt 0.389515 0.045765
vt 0.343750 0.156250
vt 0.389515 0.266735
vt 0.500000 0.312500
vt 0.610485 0.266735
vt 0.656250 0.156250
vt 0.375000 0.312500
vt 0.406250 0.312500
vt 0.437500 0.312500
vt 0.468750 0.312500
vt 0.500000 0.312500
vt 0.531250 0.312500
vt 0.562500 0.312500
vt 0.593750 0.312500
vt 0.625000 0.312500
vt 0.375000 0.406250
vt 0.406250 0.406250
vt 0.437500 0.406250
vt 0.468750 0.406250
vt 0.500000 0.406250
vt 0.531250 0.406250
vt 0.562500 0.406250
vt 0.593750 0.406250
vt 0.625000 0.406250
vt 0.375000 0.500000
vt 0.406250 0.500000
vt 0.437500 0.500000
vt 0.468750 0.500000
vt 0.500000 0.500000
vt 0.531250 0.500000
vt 0.562500 0.500000
vt 0.593750 0.500000
vt 0.625000 0.500000
vt 0.375000 0.593750
vt 0.406250 0.593750
vt 0.437500 0.593750
vt 0.468750 0.593750
vt 0.500000 0.593750
vt 0.531250 0.593750
vt 0.562500 0.593750
vt 0.593750 0.593750
vt 0.625000 0.593750
vt 0.375000 0.687500
vt 0.406250 0.687500
vt 0.437500 0.687500
vt 0.468750 0.687500
vt 0.500000 0.687500
vt 0.531250 0.687500
vt 0.562500 0.687500
vt 0.593750 0.687500
vt 0.625000 0.687500
vt 0.610485 0.733265
vt 0.500000 0.687500
vt 0.389515 0.733265
vt 0.343750 0.843750
vt 0.389515 0.954235
vt 0.500000 1.000000
vt 0.610485 0.954235
vt 0.656250 0.843750
vt 0.500000 0.156250
vt 0.500000 0.843750
vt 0.562500 0.360633
vt 0.531250 0.360633
vt 0.500000 0.360633
vt 0.468750 0.360633
vt 0.437500 0.360633
vt 0.406250 0.360633
vt 0.625000 0.360633
vt 0.375000 0.360633
vt 0.593750 0.360633
vt 0.562500 0.454334
vt 0.531250 0.454334
vt 0.500000 0.454334
vt 0.468750 0.454334
vt 0.437500 0.454334
vt 0.406250 0.454334
vt 0.625000 0.454334
vt 0.375000 0.454334
vt 0.593750 0.454334
vt 0.562500 0.547427
vt 0.531250 0.547427
vt 0.500000 0.547427
vt 0.468750 0.547427
vt 0.437500 0.547427
vt 0.406250 0.547427
vt 0.625000 0.547427
vt 0.375000 0.547427
vt 0.593750 0.547427
vt 0.531250 0.645177
vt 0.500000 0.645177
vt 0.468750 0.645177
vt 0.437500 0.645177
vt 0.406250 0.645177
vt 0.625000 0.645177
vt 0.375000 0.645177
vt 0.593750 0.645177
vt 0.562500 0.645177
vt 0.390625 0.336566
vt 0.421875 0.336566
vt 0.453125 0.336566
vt 0.484375 0.336566
vt 0.515625 0.336566
vt 0.546875 0.336566
vt 0.578125 0.336566
vt 0.609375 0.336566
vt 0.390625 0.430292
vt 0.421875 0.430292
vt 0.453125 0.430292
vt 0.484375 0.430292
vt 0.515625 0.430292
vt 0.546875 0.430292
vt 0.578125 0.430292
vt 0.609375 0.430292
vt 0.390625 0.523713
vt 0.421875 0.523713
vt 0.453125 0.523713
vt 0.484375 0.523713
vt 0.515625 0.523713
vt 0.546875 0.523713
vt 0.578125 0.523713
vt 0.609375 0.523713
vt 0.390625 0.619464
vt 0.421875 0.619464
vt 0.453125 0.619464
vt 0.484375 0.619464
vt 0.515625 0.619464
vt 0.546875 0.619464
vt 0.578125 0.619464
vt 0.609375 0.619464
vt 0.536828 0.067338
vt 0.463172 0.067338
vt 0.411088 0.119422
vt 0.411088 0.193078
vt 0.463172 0.245162
vt 0.536828 0.245162
vt 0.588912 0.193078
vt 0.588912 0.119422
vt 0.536828 0.932662
vt 0.463172 0.932662
vt 0.411088 0.880579
vt 0.411088 0.806921
vt 0.463172 0.754838
vt 0.536828 0.754838
vt 0.588912 0.806921
vt 0.588912 0.880579
vt 0.546875 0.383441
vt 0.515625 0.383441
vt 0.484375 0.383441
vt 0.453125 0.383441
vt 0.421875 0.383441
vt 0.390625 0.383441
vt 0.609375 0.383441
vt 0.578125 0.383441
vt 0.546875 0.477167
vt 0.515625 0.477167
vt 0.484375 0.477167
vt 0.453125 0.477167
vt 0.421875 0.477167
vt 0.390625 0.477167
vt 0.609375 0.477167
vt 0.578125 0.477167
vt 0.546875 0.570588
vt 0.515625 0.570588
vt 0.484375 0.570588
vt 0.453125 0.570588
vt 0.421875 0.570588
vt 0.390625 0.570588
vt 0.609375 0.570588
vt 0.578125 0.570588
vt 0.515625 0.666339
vt 0.484375 0.666339
vt 0.453125 0.666339
vt 0.421875 0.666339
vt 0.390625 0.666339
vt 0.609375 0.666339
vt 0.578125 0.666339
vt 0.546875 0.666339
vt 0.390625 0.312500
vt 0.406250 0.336566
vt 0.390625 0.360633
vt 0.375000 0.336566
vt 0.421875 0.312500
vt 0.437500 0.336566
vt 0.421875 0.360633
vt 0.453125 0.312500
vt 0.468750 0.336566
vt 0.453125 0.360633
vt 0.484375 0.312500
vt 0.500000 0.336566
vt 0.484375 0.360633
vt 0.515625 0.312500
vt 0.531250 0.336566
vt 0.515625 0.360633
vt 0.546875 0.312500
vt 0.562500 0.336566
vt 0.546875 0.360633
vt 0.578125 0.312500
vt 0.593750 0.336566
vt 0.578125 0.360633
vt 0.609375 0.312500
vt 0.625000 0.336566
vt 0.609375 0.360633
vt 0.390625 0.406250
vt 0.406250 0.430292
vt 0.390625 0.454334
vt 0.375000 0.430292
vt 0.421875 0.406250
vt 0.437500 0.430292
vt 0.421875 0.454334
vt 0.453125 0.406250
vt 0.468750 0.430292
vt 0.453125 0.454334
vt 0.484375 0.406250
vt 0.500000 0.430292
vt 0.484375 0.454334
vt 0.515625 0.406250
vt 0.531250 0.430292
vt 0.515625 0.454334
vt 0.546875 0.406250
vt 0.562500 0.430292
vt 0.546875 0.454334
vt 0.578125 0.406250
vt 0.593750 0.430292
vt 0.578125 0.454334
vt 0.609375 0.406250
vt 0.625000 0.430292
vt 0.609375 0.454334
vt 0.390625 0.500000
vt 0.406250 0.523713
vt 0.390625 0.547427
vt 0.375000 0.523713
vt 0.421875 0.500000
vt 0.437500 0.523713
vt 0.421875 0.547427
vt 0.453125 0.500000
vt 0.468750 0.523713
vt 0.453125 0.547427
vt 0.484375 0.500000
vt 0.500000 0.523713
vt 0.484375 0.547427
vt 0.515625 0.500000
vt 0.531250 0.523713
vt 0.515625 0.547427
vt 0.546875 0.500000
vt 0.562500 0.523713
vt 0.546875 0.547427
vt 0.578125 0.500000
vt 0.593750 0.523713
vt 0.578125 0.547427
vt 0.609375 0.500000
vt 0.625000 0.523713
vt 0.609375 0.547427
vt 0.390625 0.593750
vt 0.406250 0.619464
vt 0.390625 0.645177
vt 0.375000 0.619464
vt 0.421875 0.593750
vt 0.437500 0.619464
vt 0.421875 0.645177
vt 0.453125 0.593750
vt 0.468750 0.619464
vt 0.453125 0.645177
vt 0.484375 0.593750
vt 0.500000 0.619464
vt 0.484375 0.645177
vt 0.515625 0.593750
vt 0.531250 0.619464
vt 0.515625 0.645177
vt 0.546875 0.593750
vt 0.562500 0.619464
vt 0.546875 0.645177
vt 0.578125 0.593750
vt 0.593750 0.619464
vt 0.578125 0.645177
vt 0.609375 0.593750
vt 0.625000 0.619464
vt 0.609375 0.645177
vt 0.555243 0.022882
vt 0.555243 0.101007
vt 0.500000 0.078125
vt 0.444757 0.022882
vt 0.444757 0.101007
vt 0.366632 0.101007
vt 0.421875 0.156250
vt 0.366632 0.211493
vt 0.444757 0.211493
vt 0.444757 0.289618
vt 0.500000 0.234375
vt 0.555243 0.289618
vt 0.555243 0.211493
vt 0.633368 0.211493
vt 0.578125 0.156250
vt 0.633368 0.101007
vt 0.555243 0.977118
vt 0.500000 0.921875
vt 0.555243 0.898993
vt 0.444757 0.977118
vt 0.444757 0.898993
vt 0.366632 0.898993
vt 0.421875 0.843750
vt 0.366632 0.788507
vt 0.444757 0.788507
vt 0.444757 0.710382
vt 0.500000 0.765625
vt 0.555243 0.710382
vt 0.555243 0.788507
vt 0.633368 0.788507
vt 0.578125 0.843750
vt 0.633368 0.898993
vt 0.562500 0.383441
vt 0.531250 0.383441
vt 0.500000 0.383441
vt 0.468750 0.383441
vt 0.437500 0.383441
vt 0.406250 0.383441
vt 0.375000 0.383441
vt 0.625000 0.383441
vt 0.593750 0.383441
vt 0.562500 0.477167
vt 0.531250 0.477167
vt 0.500000 0.477167
vt 0.468750 0.477167
vt 0.437500 0.477167
vt 0.406250 0.477167
vt 0.375000 0.477167
vt 0.625000 0.477167
vt 0.593750 0.477167
vt 0.562500 0.570588
vt 0.531250 0.570588
vt 0.500000 0.570588
vt 0.468750 0.570588
vt 0.437500 0.570588
vt 0.406250 0.570588
vt 0.375000 0.570588
vt 0.625000 0.570588
vt 0.593750 0.570588
vt 0.531250 0.666339
vt 0.515625 0.687500
vt 0.500000 0.666339
vt 0.484375 0.687500
vt 0.468750 0.666339
vt 0.453125 0.687500
vt 0.437500 0.666339
vt 0.421875 0.687500
vt 0.406250 0.666339
vt 0.390625 0.687500
vt 0.375000 0.666339
vt 0.625000 0.666339
vt 0.609375 0.687500
vt 0.593750 0.666339
vt 0.578125 0.687500
vt 0.562500 0.666339
vt 0.546875 0.687500
vt 0.398438 0.324533
vt 0.398438 0.348600
vt 0.382812 0.348600
vt 0.382812 0.324533
vt 0.429688 0.324533
vt 0.429688 0.348600
vt 0.414062 0.348600
vt 0.414062 0.324533
vt 0.460938 0.324533
vt 0.460938 0.348600
vt 0.445312 0.348600
vt 0.445312 0.324533
vt 0.492188 0.324533
vt 0.492188 0.348600
vt 0.476562 0.348600
vt 0.476562 0.324533
vt 0.523438 0.324533
vt 0.523438 0.348600
vt 0.507812 0.348600
vt 0.507812 0.324533
vt 0.554688 0.324533
vt 0.554688 0.348600
vt 0.539062 0.348600
vt 0.539062 0.324533
vt 0.585938 0.324533
vt 0.585938 0.348600
vt 0.570312 0.348600
vt 0.570312 0.324533
vt 0.617188 0.324533
vt 0.617188 0.348600
vt 0.601562 0.348600
vt 0.601562 0.324533
vt 0.398438 0.418271
vt 0.398438 0.442313
vt 0.382812 0.442313
vt 0.382812 0.418271
vt 0.429688 0.418271
vt 0.429688 0.442313
vt 0.414062 0.442313
vt 0.414062 0.418271
vt 0.460938 0.418271
vt 0.460938 0.442313
vt 0.445312 0.442313
vt 0.445312 0.418271
vt 0.492188 0.418271
vt 0.492188 0.442313
vt 0.476562 0.442313
vt 0.476562 0.418271
vt 0.523438 0.418271
vt 0.523438 0.442313
vt 0.507812 0.442313
vt 0.507812 0.418271
vt 0.554688 0.418271
vt 0.554688 0.442313
vt 0.539062 0.442313
vt 0.539062 0.418271
vt 0.585938 0.418271
vt 0.585938 0.442313
vt 0.570312 0.442313
vt 0.570312 0.418271
vt 0.617188 0.418271
vt 0.617188 0.442313
vt 0.601562 0.442313
vt 0.601562 0.418271
vt 0.398438 0.511857
vt 0.398438 0.535570
vt 0.382812 0.535570
vt 0.382812 0.511857
vt 0.429688 0.511857
vt 0.429688 0.535570
vt 0.414062 0.535570
vt 0.414062 0.511857
vt 0.460938 0.511857
vt 0.460938 0.535570
vt 0.445312 0.535570
vt 0.445312 0.511857
vt 0.492188 0.511857
vt 0.492188 0.535570
vt 0.476562 0.535570
vt 0.476562 0.511857
vt 0.523438 0.511857
vt 0.523438 0.535570
vt 0.507812 0.535570
vt 0.507812 0.511857
vt 0.554688 0.511857
vt 0.554688 0.535570
vt 0.539062 0.535570
vt 0.539062 0.511857
vt 0.585938 0.511857
vt 0.585938 0.535570
vt 0.570312 0.535570
vt 0.570312 0.511857
vt 0.617188 0.511857
vt 0.617188 0.535570
vt 0.601562 0.535570
vt 0.601562 0.511857
vt 0.398438 0.606607
vt 0.398438 0.632320
vt 0.382812 0.632320
vt 0.382812 0.606607
vt 0.429688 0.606607
vt 0.429688 0.632320
vt 0.414062 0.632320
vt 0.414062 0.606607
vt 0.460938 0.606607
vt 0.460938 0.632320
vt 0.445312 0.632320
vt 0.445312 0.606607
vt 0.492188 0.606607
vt 0.492188 0.632320
vt 0.476562 0.632320
vt 0.476562 0.606607
vt 0.523438 0.606607
vt 0.523438 0.632320
vt 0.507812 0.632320
vt 0.507812 0.606607
vt 0.554688 0.606607
vt 0.554688 0.632320
vt 0.539062 0.632320
vt 0.539062 0.606607
vt 0.585938 0.606607
vt 0.585938 0.632320
vt 0.570312 0.632320
vt 0.570312 0.606607
vt 0.617188 0.606607
vt 0.617188 0.632320
vt 0.601562 0.632320
vt 0.601562 0.606607
vt 0.564450 0.059248
vt 0.523018 0.100680
vt 0.523018 0.042086
vt 0.476982 0.042086
vt 0.476982 0.100680
vt 0.435550 0.059248
vt 0.402998 0.091800
vt 0.444430 0.133232
vt 0.385836 0.133232
vt 0.385836 0.179268
vt 0.444430 0.179268
vt 0.402998 0.220700
vt 0.435550 0.253252
vt 0.476982 0.211820
vt 0.476982 0.270414
vt 0.523018 0.270414
vt 0.523018 0.211820
vt 0.564450 0.253252
vt 0.597002 0.220700
vt 0.555570 0.179268
vt 0.614164 0.179268
vt 0.614164 0.133232
vt 0.555570 0.133232
vt 0.597002 0.091800
vt 0.523018 0.957914
vt 0.523018 0.899320
vt 0.564450 0.940752
vt 0.435550 0.940752
vt 0.476982 0.899320
vt 0.476982 0.957914
vt 0.385836 0.866768
vt 0.444430 0.866768
vt 0.402998 0.908200
vt 0.402998 0.779300
vt 0.444430 0.820732
vt 0.385836 0.820732
vt 0.476982 0.729586
vt 0.476982 0.788180
vt 0.435550 0.746748
vt 0.564450 0.746748
vt 0.523018 0.788180
vt 0.523018 0.729586
vt 0.614164 0.820732
vt 0.555570 0.820732
vt 0.597002 0.779300
vt 0.597002 0.908200
vt 0.555570 0.866768
vt 0.614164 0.866768
vt 0.554688 0.372037
vt 0.554688 0.394846
vt 0.539062 0.394846
vt 0.539062 0.372037
vt 0.523438 0.372037
vt 0.523438 0.394846
vt 0.507812 0.394846
vt 0.507812 0.372037
vt 0.492188 0.372037
vt 0.492188 0.394846
vt 0.476562 0.394846
vt 0.476562 0.372037
vt 0.460938 0.372037
vt 0.460938 0.394846
vt 0.445312 0.394846
vt 0.445312 0.372037
vt 0.429688 0.372037
vt 0.429688 0.394846
vt 0.414062 0.394846
vt 0.414062 0.372037
vt 0.398438 0.372037
vt 0.398438 0.394846
vt 0.382812 0.394846
vt 0.382812 0.372037
vt 0.617188 0.372037
vt 0.617188 0.394846
vt 0.601562 0.394846
vt 0.601562 0.372037
vt 0.585938 0.372037
vt 0.585938 0.394846
vt 0.570312 0.394846
vt 0.570312 0.372037
vt 0.554688 0.465750
vt 0.554688 0.488584
vt 0.539062 0.488584
vt 0.539062 0.465750
vt 0.523438 0.465750
vt 0.523438 0.488584
vt 0.507812 0.488584
vt 0.507812 0.465750
vt 0.492188 0.465750
vt 0.492188 0.488584
vt 0.476562 0.488584
vt 0.476562 0.465750
vt 0.460938 0.465750
vt 0.460938 0.488584
vt 0.445312 0.488584
vt 0.445312 0.465750
vt 0.429688 0.465750
vt 0.429688 0.488584
vt 0.414062 0.488584
vt 0.414062 0.465750
vt 0.398438 0.465750
vt 0.398438 0.488584
vt 0.382812 0.488584
vt 0.382812 0.465750
vt 0.617188 0.465750
vt 0.617188 0.488584
vt 0.601562 0.488584
vt 0.601562 0.465750
vt 0.585938 0.465750
vt 0.585938 0.488584
vt 0.570312 0.488584
vt 0.570312 0.465750
vt 0.554688 0.559007
vt 0.554688 0.582169
vt 0.539062 0.582169
vt 0.539062 0.559007
vt 0.523438 0.559007
vt 0.523438 0.582169
vt 0.507812 0.582169
vt 0.507812 0.559007
vt 0.492188 0.559007
vt 0.492188 0.582169
vt 0.476562 0.582169
vt 0.476562 0.559007
vt 0.460938 0.559007
vt 0.460938 0.582169
vt 0.445312 0.582169
vt 0.445312 0.559007
vt 0.429688 0.559007
vt 0.429688 0.582169
vt 0.414062 0.582169
vt 0.414062 0.559007
vt 0.398438 0.559007
vt 0.398438 0.582169
vt 0.382812 0.582169
vt 0.382812 0.559007
vt 0.617188 0.559007
vt 0.617188 0.582169
vt 0.601562 0.582169
vt 0.601562 0.559007
vt 0.585938 0.559007
vt 0.585938 0.582169
vt 0.570312 0.582169
vt 0.570312 0.559007
vt 0.523438 0.655758
vt 0.523438 0.676919
vt 0.507812 0.676919
vt 0.507812 0.655758
vt 0.492188 0.655758
vt 0.492188 0.676919
vt 0.476562 0.676919
vt 0.476562 0.655758
vt 0.460938 0.655758
vt 0.460938 0.676919
vt 0.445312 0.676919
vt 0.445312 0.655758
vt 0.429688 0.655758
vt 0.429688 0.676919
vt 0.414062 0.676919
vt 0.414062 0.655758
vt 0.398438 0.655758
vt 0.398438 0.676919
vt 0.382812 0.676919
vt 0.382812 0.655758
vt 0.617188 0.655758
vt 0.617188 0.676919
vt 0.601562 0.676919
vt 0.601562 0.655758
vt 0.585938 0.655758
vt 0.585938 0.676919
vt 0.570312 0.676919
vt 0.570312 0.655758
vt 0.554688 0.655758
vt 0.554688 0.676919
vt 0.539062 0.676919
vt 0.539062 0.655758
vt 0.398438 0.312500
vt 0.406250 0.324533
vt 0.398438 0.336566
vt 0.390625 0.324533
vt 0.406250 0.348600
vt 0.398438 0.360633
vt 0.390625 0.348600
vt 0.382812 0.360633
vt 0.375000 0.348600
vt 0.382812 0.336566
vt 0.375000 0.324533
vt 0.382812 0.312500
vt 0.429688 0.312500
vt 0.437500 0.324533
vt 0.429688 0.336566
vt 0.421875 0.324533
vt 0.437500 0.348600
vt 0.429688 0.360633
vt 0.421875 0.348600
vt 0.414062 0.360633
vt 0.414062 0.336566
vt 0.414062 0.312500
vt 0.460938 0.312500
vt 0.468750 0.324533
vt 0.460938 0.336566
vt 0.453125 0.324533
vt 0.468750 0.348600
vt 0.460938 0.360633
vt 0.453125 0.348600
vt 0.445312 0.360633
vt 0.445312 0.336566
vt 0.445312 0.312500
vt 0.492188 0.312500
vt 0.500000 0.324533
vt 0.492188 0.336566
vt 0.484375 0.324533
vt 0.500000 0.348600
vt 0.492188 0.360633
vt 0.484375 0.348600
vt 0.476562 0.360633
vt 0.476562 0.336566
vt 0.476562 0.312500
vt 0.523438 0.312500
vt 0.531250 0.324533
vt 0.523438 0.336566
vt 0.515625 0.324533
vt 0.531250 0.348600
vt 0.523438 0.360633
vt 0.515625 0.348600
vt 0.507812 0.360633
vt 0.507812 0.336566
vt 0.507812 0.312500
vt 0.554688 0.312500
vt 0.562500 0.324533
vt 0.554688 0.336566
vt 0.546875 0.324533
vt 0.562500 0.348600
vt 0.554688 0.360633
vt 0.546875 0.348600
vt 0.539062 0.360633
vt 0.539062 0.336566
vt 0.539062 0.312500
vt 0.585938 0.312500
vt 0.593750 0.324533
vt 0.585938 0.336566
vt 0.578125 0.324533
vt 0.593750 0.348600
vt 0.585938 0.360633
vt 0.578125 0.348600
vt 0.570312 0.360633
vt 0.570312 0.336566
vt 0.570312 0.312500
vt 0.617188 0.312500
vt 0.625000 0.324533
vt 0.617188 0.336566
vt 0.609375 0.324533
vt 0.625000 0.348600
vt 0.617188 0.360633
vt 0.609375 0.348600
vt 0.601562 0.360633
vt 0.601562 0.336566
vt 0.601562 0.312500
vt 0.398438 0.406250
vt 0.406250 0.418271
vt 0.398438 0.430292
vt 0.390625 0.418271
vt 0.406250 0.442313
vt 0.398438 0.454334
vt 0.390625 0.442313
vt 0.382812 0.454334
vt 0.375000 0.442313
vt 0.382812 0.430292
vt 0.375000 0.418271
vt 0.382812 0.406250
vt 0.429688 0.406250
vt 0.437500 0.418271
vt 0.429688 0.430292
vt 0.421875 0.418271
vt 0.437500 0.442313
vt 0.429688 0.454334
vt 0.421875 0.442313
vt 0.414062 0.454334
vt 0.414062 0.430292
vt 0.414062 0.406250
vt 0.460938 0.406250
vt 0.468750 0.418271
vt 0.460938 0.430292
vt 0.453125 0.418271
vt 0.468750 0.442313
vt 0.460938 0.454334
vt 0.453125 0.442313
vt 0.445312 0.454334
vt 0.445312 0.430292
vt 0.445312 0.406250
vt 0.492188 0.406250
vt 0.500000 0.418271
vt 0.492188 0.430292
vt 0.484375 0.418271
vt 0.500000 0.442313
vt 0.492188 0.454334
vt 0.484375 0.442313
vt 0.476562 0.454334
vt 0.476562 0.430292
vt 0.476562 0.406250
vt 0.523438 0.406250
vt 0.531250 0.418271
vt 0.523438 0.430292
vt 0.515625 0.418271
vt 0.531250 0.442313
vt 0.523438 0.454334
vt 0.515625 0.442313
vt 0.507812 0.454334
vt 0.507812 0.430292
vt 0.507812 0.406250
vt 0.554688 0.406250
vt 0.562500 0.418271
vt 0.554688 0.430292
vt 0.546875 0.418271
vt 0.562500 0.442313
vt 0.554688 0.454334
vt 0.546875 0.442313
vt 0.539062 0.454334
vt 0.539062 0.430292
vt 0.539062 0.406250
vt 0.585938 0.406250
vt 0.593750 0.418271
vt 0.585938 0.430292
vt 0.578125 0.418271
vt 0.593750 0.442313
vt 0.585938 0.454334
vt 0.578125 0.442313
vt 0.570312 0.454334
vt 0.570312 0.430292
vt 0.570312 0.406250
vt 0.617188 0.406250
vt 0.625000 0.418271
vt 0.617188 0.430292
vt 0.609375 0.418271
vt 0.625000 0.442313
vt 0.617188 0.454334
vt 0.609375 0.442313
vt 0.601562 0.454334
vt 0.601562 0.430292
vt 0.601562 0.406250
vt 0.398438 0.500000
vt 0.406250 0.511857
vt 0.398438 0.523713
vt 0.390625 0.511857
vt 0.406250 0.535570
vt 0.398438 0.547427
vt 0.390625 0.535570
vt 0.382812 0.547427
vt 0.375000 0.535570
vt 0.382812 0.523713
vt 0.375000 0.511857
vt 0.382812 0.500000
vt 0.429688 0.500000
vt 0.437500 0.511857
vt 0.429688 0.523713
vt 0.421875 0.511857
vt 0.437500 0.535570
vt 0.429688 0.547427
vt 0.421875 0.535570
vt 0.414062 0.547427
vt 0.414062 0.523713
vt 0.414062 0.500000
vt 0.460938 0.500000
vt 0.468750 0.511857
vt 0.460938 0.523713
vt 0.453125 0.511857
vt 0.468750 0.535570
vt 0.460938 0.547427
vt 0.453125 0.535570
vt 0.445312 0.547427
vt 0.445312 0.523713
vt 0.445312 0.500000
vt 0.492188 0.500000
vt 0.500000 0.511857
vt 0.492188 0.523713
vt 0.484375 0.511857
vt 0.500000 0.535570
vt 0.492188 0.547427
vt 0.484375 0.535570
vt 0.476562 0.547427
vt 0.476562 0.523713
vt 0.476562 0.500000
vt 0.523438 0.500000
vt 0.531250 0.511857
vt 0.523438 0.523713
vt 0.515625 0.511857
vt 0.531250 0.535570
vt 0.523438 0.547427
vt 0.515625 0.535570
vt 0.507812 0.547427
vt 0.507812 0.523713
vt 0.507812 0.500000
vt 0.554688 0.500000
vt 0.562500 0.511857
vt 0.554688 0.523713
vt 0.546875 0.511857
vt 0.562500 0.535570
vt 0.554688 0.547427
vt 0.546875 0.535570
vt 0.539062 0.547427
vt 0.539062 0.523713
vt 0.539062 0.500000
vt 0.585938 0.500000
vt 0.593750 0.511857
vt 0.585938 0.523713
vt 0.578125 0.511857
vt 0.593750 0.535570
vt 0.585938 0.547427
vt 0.578125 0.535570
vt 0.570312 0.547427
vt 0.570312 0.523713
vt 0.570312 0.500000
vt 0.617188 0.500000
vt 0.625000 0.511857
vt 0.617188 0.523713
vt 0.609375 0.511857
vt 0.625000 0.535570
vt 0.617188 0.547427
vt 0.609375 0.535570
vt 0.601562 0.547427
vt 0.601562 0.523713
vt 0.601562 0.500000
vt 0.398438 0.593750
vt 0.406250 0.606607
vt 0.398438 0.619464
vt 0.390625 0.606607
vt 0.406250 0.632320
vt 0.398438 0.645177
vt 0.390625 0.632320
vt 0.382812 0.645177
vt 0.375000 0.632320
vt 0.382812 0.619464
vt 0.375000 0.606607
vt 0.382812 0.593750
vt 0.429688 0.593750
vt 0.437500 0.606607
vt 0.429688 0.619464
vt 0.421875 0.606607
vt 0.437500 0.632320
vt 0.429688 0.645177
vt 0.421875 0.632320
vt 0.414062 0.645177
vt 0.414062 0.619464
vt 0.414062 0.593750
vt 0.460938 0.593750
vt 0.468750 0.606607
vt 0.460938 0.619464
vt 0.453125 0.606607
vt 0.468750 0.632320
vt 0.460938 0.645177
vt 0.453125 0.632320
vt 0.445312 0.645177
vt 0.445312 0.619464
vt 0.445312 0.593750
vt 0.492188 0.593750
vt 0.500000 0.606607
vt 0.492188 0.619464
vt 0.484375 0.606607
vt 0.500000 0.632320
vt 0.492188 0.645177
vt 0.484375 0.632320
vt 0.476562 0.645177
vt 0.476562 0.619464
vt 0.476562 0.593750
vt 0.523438 0.593750
vt 0.531250 0.606607
vt 0.523438 0.619464
vt 0.515625 0.606607
vt 0.531250 0.632320
vt 0.523438 0.645177
vt 0.515625 0.632320
vt 0.507812 0.645177
vt 0.507812 0.619464
vt 0.507812 0.593750
vt 0.554688 0.593750
vt 0.562500 0.606607
vt 0.554688 0.619464
vt 0.546875 0.606607
vt 0.562500 0.632320
vt 0.554688 0.645177
vt 0.546875 0.632320
vt 0.539062 0.645177
vt 0.539062 0.619464
vt 0.539062 0.593750
vt 0.585938 0.593750
vt 0.593750 0.606607
vt 0.585938 0.619464
vt 0.578125 0.606607
vt 0.593750 0.632320
vt 0.585938 0.645177
vt 0.578125 0.632320
vt 0.570312 0.645177
vt 0.570312 0.619464
vt 0.570312 0.593750
vt 0.617188 0.593750
vt 0.625000 0.606607
vt 0.617188 0.619464
vt 0.609375 0.606607
vt 0.625000 0.632320
vt 0.617188 0.645177
vt 0.609375 0.632320
vt 0.601562 0.645177
vt 0.601562 0.619464
vt 0.601562 0.593750
vt 0.582864 0.034323
vt 0.582864 0.073386
vt 0.546036 0.084173
vt 0.546036 0.045110
vt 0.527621 0.128629
vt 0.500000 0.117188
vt 0.518414 0.072732
vt 0.500000 0.039063
vt 0.527621 0.011441
vt 0.472379 0.011441
vt 0.481586 0.072732
vt 0.453964 0.045110
vt 0.472379 0.128629
vt 0.453964 0.084173
vt 0.417136 0.073386
vt 0.417136 0.034323
vt 0.378073 0.073386
vt 0.427923 0.110214
vt 0.388860 0.110214
vt 0.460938 0.156250
vt 0.416482 0.137836
vt 0.382812 0.156250
vt 0.355191 0.128629
vt 0.355191 0.183871
vt 0.416482 0.174664
vt 0.388860 0.202286
vt 0.472379 0.183871
vt 0.427923 0.202286
vt 0.417136 0.239114
vt 0.378073 0.239114
vt 0.417136 0.278177
vt 0.453964 0.228327
vt 0.453964 0.267390
vt 0.500000 0.195312
vt 0.481586 0.239768
vt 0.500000 0.273438
vt 0.472379 0.301059
vt 0.527621 0.301059
vt 0.518414 0.239768
vt 0.546036 0.267390
vt 0.527621 0.183871
vt 0.546036 0.228327
vt 0.582864 0.239114
vt 0.582864 0.278177
vt 0.621927 0.239114
vt 0.572077 0.202286
vt 0.611140 0.202286
vt 0.539062 0.156250
vt 0.583518 0.174664
vt 0.617188 0.156250
vt 0.644809 0.183871
vt 0.644809 0.128629
vt 0.583518 0.137836
vt 0.611140 0.110214
vt 0.572077 0.110214
vt 0.621927 0.073386
vt 0.527621 0.988559
vt 0.500000 0.960938
vt 0.518414 0.927268
vt 0.546036 0.954890
vt 0.500000 0.882812
vt 0.527621 0.871371
vt 0.546036 0.915827
vt 0.582864 0.926614
vt 0.582864 0.965677
vt 0.417136 0.965677
vt 0.417136 0.926614
vt 0.453964 0.915827
vt 0.453964 0.954890
vt 0.472379 0.871371
vt 0.481586 0.927268
vt 0.472379 0.988559
vt 0.355191 0.871371
vt 0.382812 0.843750
vt 0.416482 0.862164
vt 0.388860 0.889786
vt 0.460938 0.843750
vt 0.427923 0.889786
vt 0.378073 0.926614
vt 0.378073 0.760886
vt 0.417136 0.760886
vt 0.427923 0.797714
vt 0.388860 0.797714
vt 0.472379 0.816129
vt 0.416482 0.825336
vt 0.355191 0.816129
vt 0.472379 0.698941
vt 0.500000 0.726562
vt 0.481586 0.760232
vt 0.453964 0.732610
vt 0.500000 0.804688
vt 0.453964 0.771673
vt 0.417136 0.721823
vt 0.582864 0.721823
vt 0.582864 0.760886
vt 0.546036 0.771673
vt 0.546036 0.732610
vt 0.527621 0.816129
vt 0.518414 0.760232
vt 0.527621 0.698941
vt 0.644809 0.816129
vt 0.617188 0.843750
vt 0.583518 0.825336
vt 0.611140 0.797714
vt 0.539062 0.843750
vt 0.572077 0.797714
vt 0.621927 0.760886
vt 0.621927 0.926614
vt 0.572077 0.889786
vt 0.611140 0.889786
vt 0.583518 0.862164
vt 0.644809 0.871371
vt 0.562500 0.372037
vt 0.554688 0.383441
vt 0.546875 0.372037
vt 0.562500 0.394846
vt 0.546875 0.394846
vt 0.531250 0.394846
vt 0.539062 0.383441
vt 0.531250 0.372037
vt 0.523438 0.383441
vt 0.515625 0.372037
vt 0.515625 0.394846
vt 0.500000 0.394846
vt 0.507812 0.383441
vt 0.500000 0.372037
vt 0.492188 0.383441
vt 0.484375 0.372037
vt 0.484375 0.394846
vt 0.468750 0.394846
vt 0.476562 0.383441
vt 0.468750 0.372037
vt 0.460938 0.383441
vt 0.453125 0.372037
vt 0.453125 0.394846
vt 0.437500 0.394846
vt 0.445312 0.383441
vt 0.437500 0.372037
vt 0.429688 0.383441
vt 0.421875 0.372037
vt 0.421875 0.394846
vt 0.406250 0.394846
vt 0.414062 0.383441
vt 0.406250 0.372037
vt 0.398438 0.383441
vt 0.390625 0.372037
vt 0.390625 0.394846
vt 0.375000 0.394846
vt 0.382812 0.383441
vt 0.375000 0.372037
vt 0.625000 0.372037
vt 0.617188 0.383441
vt 0.609375 0.372037
vt 0.625000 0.394846
vt 0.609375 0.394846
vt 0.593750 0.394846
vt 0.601562 0.383441
vt 0.593750 0.372037
vt 0.585938 0.383441
vt 0.578125 0.372037
vt 0.578125 0.394846
vt 0.570312 0.383441
vt 0.562500 0.465750
vt 0.554688 0.477167
vt 0.546875 0.465750
vt 0.562500 0.488584
vt 0.546875 0.488584
vt 0.531250 0.488584
vt 0.539062 0.477167
vt 0.531250 0.465750
vt 0.523438 0.477167
vt 0.515625 0.465750
vt 0.515625 0.488584
vt 0.500000 0.488584
vt 0.507812 0.477167
vt 0.500000 0.465750
vt 0.492188 0.477167
vt 0.484375 0.465750
vt 0.484375 0.488584
vt 0.468750 0.488584
vt 0.476562 0.477167
vt 0.468750 0.465750
vt 0.460938 0.477167
vt 0.453125 0.465750
vt 0.453125 0.488584
vt 0.437500 0.488584
vt 0.445312 0.477167
vt 0.437500 0.465750
vt 0.429688 0.477167
vt 0.421875 0.465750
vt 0.421875 0.488584
vt 0.406250 0.488584
vt 0.414062 0.477167
vt 0.406250 0.465750
vt 0.398438 0.477167
vt 0.390625 0.465750
vt 0.390625 0.488584
vt 0.375000 0.488584
vt 0.382812 0.477167
vt 0.375000 0.465750
vt 0.625000 0.465750
vt 0.617188 0.477167
vt 0.609375 0.465750
vt 0.625000 0.488584
vt 0.609375 0.488584
vt 0.593750 0.488584
vt 0.601562 0.477167
vt 0.593750 0.465750
vt 0.585938 0.477167
vt 0.578125 0.465750
vt 0.578125 0.488584
vt 0.570312 0.477167
vt 0.562500 0.559007
vt 0.554688 0.570588
vt 0.546875 0.559007
vt 0.562500 0.582169
vt 0.546875 0.582169
vt 0.531250 0.582169
vt 0.539062 0.570588
vt 0.531250 0.559007
vt 0.523438 0.570588
vt 0.515625 0.559007
vt 0.515625 0.582169
vt 0.500000 0.582169
vt 0.507812 0.570588
vt 0.500000 0.559007
vt 0.492188 0.570588
vt 0.484375 0.559007
vt 0.484375 0.582169
vt 0.468750 0.582169
vt 0.476562 0.570588
vt 0.468750 0.559007
vt 0.460938 0.570588
vt 0.453125 0.559007
vt 0.453125 0.582169
vt 0.437500 0.582169
vt 0.445312 0.570588
vt 0.437500 0.559007
vt 0.429688 0.570588
vt 0.421875 0.559007
vt 0.421875 0.582169
vt 0.406250 0.582169
vt 0.414062 0.570588
vt 0.406250 0.559007
vt 0.398438 0.570588
vt 0.390625 0.559007
vt 0.390625 0.582169
vt 0.375000 0.582169
vt 0.382812 0.570588
vt 0.375000 0.559007
vt 0.625000 0.559007
vt 0.617188 0.570588
vt 0.609375 0.559007
vt 0.625000 0.582169
vt 0.609375 0.582169
vt 0.593750 0.582169
vt 0.601562 0.570588
vt 0.593750 0.559007
vt 0.585938 0.570588
vt 0.578125 0.559007
vt 0.578125 0.582169
vt 0.570312 0.570588
vt 0.531250 0.655758
vt 0.523438 0.666339
vt 0.515625 0.655758
vt 0.531250 0.676919
vt 0.523438 0.687500
vt 0.515625 0.676919
vt 0.507812 0.687500
vt 0.500000 0.676919
vt 0.507812 0.666339
vt 0.500000 0.655758
vt 0.492188 0.666339
vt 0.484375 0.655758
vt 0.492188 0.687500
vt 0.484375 0.676919
vt 0.476562 0.687500
vt 0.468750 0.676919
vt 0.476562 0.666339
vt 0.468750 0.655758
vt 0.460938 0.666339
vt 0.453125 0.655758
vt 0.460938 0.687500
vt 0.453125 0.676919
vt 0.445312 0.687500
vt 0.437500 0.676919
vt 0.445312 0.666339
vt 0.437500 0.655758
vt 0.429688 0.666339
vt 0.421875 0.655758
vt 0.429688 0.687500
vt 0.421875 0.676919
vt 0.414062 0.687500
vt 0.406250 0.676919
vt 0.414062 0.666339
vt 0.406250 0.655758
vt 0.398438 0.666339
vt 0.390625 0.655758
vt 0.398438 0.687500
vt 0.390625 0.676919
vt 0.382812 0.687500
vt 0.375000 0.676919
vt 0.382812 0.666339
vt 0.375000 0.655758
vt 0.625000 0.655758
vt 0.617188 0.666339
vt 0.609375 0.655758
vt 0.625000 0.676919
vt 0.617188 0.687500
vt 0.609375 0.676919
vt 0.601562 0.687500
vt 0.593750 0.676919
vt 0.601562 0.666339
vt 0.593750 0.655758
vt 0.585938 0.666339
vt 0.578125 0.655758
vt 0.585938 0.687500
vt 0.578125 0.676919
vt 0.570312 0.687500
vt 0.562500 0.676919
vt 0.570312 0.666339
vt 0.562500 0.655758
vt 0.554688 0.666339
vt 0.546875 0.655758
vt 0.554688 0.687500
vt 0.546875 0.676919
vt 0.539062 0.687500
vt 0.539062 0.666339
vn 0.229056 -0.960334 -0.159037
vn 0.069479 -0.989543 -0.126404
vn 0.037684 -0.980296 -0.193908
vn 0.213867 -0.951051 -0.223074
vn 0.016569 -0.975421 -0.219728
vn 0.208932 -0.946465 -0.246072
vn 0.395411 -0.879887 -0.263531
vn 0.403287 -0.881287 -0.246357
vn 0.444737 -0.875354 -0.189640
vn 0.003167 -0.973069 -0.230491
vn -0.011407 -0.972419 -0.232961
vn 0.197710 -0.949575 -0.243348
vn 0.206237 -0.945844 -0.250691
vn 0.389275 -0.888474 -0.243063
vn 0.393982 -0.881470 -0.260362
vn 0.562886 -0.793035 -0.232927
vn 0.717757 -0.662958 -0.212864
vn 0.716983 -0.651698 -0.247436
vn 0.565389 -0.783003 -0.259309
vn 0.716435 -0.646348 -0.262593
vn 0.569619 -0.776637 -0.269016
vn 0.722197 -0.644102 -0.252122
vn 0.744631 -0.639764 -0.190336
vn 0.633616 -0.748152 -0.196975
vn 0.585903 -0.768869 -0.256042
vn -0.533610 -0.844977 0.035697
vn -0.655193 -0.750058 0.090196
vn -0.683932 -0.729428 0.013084
vn -0.544781 -0.837493 -0.042657
vn -0.700747 -0.712638 -0.033183
vn -0.552318 -0.829058 -0.087222
vn -0.379165 -0.914908 -0.138483
vn -0.362173 -0.926378 -0.103223
vn -0.325779 -0.944621 -0.039478
vn -0.712962 -0.697558 -0.071394
vn -0.724065 -0.681042 -0.109135
vn -0.572886 -0.805643 -0.150798
vn -0.560992 -0.818999 -0.120536
vn -0.403740 -0.895900 -0.185358
vn -0.390286 -0.905995 -0.163862
vn -0.217105 -0.952639 -0.212943
vn -0.201441 -0.958673 -0.200917
vn -0.184603 -0.965475 -0.183794
vn -0.094404 -0.990849 -0.096468
vn -0.154066 -0.975655 -0.156082
vn -0.934939 -0.228019 0.271840
vn -0.945630 -0.076724 0.316064
vn -0.970552 -0.056826 0.234094
vn -0.954967 -0.230275 0.187112
vn -0.983130 -0.043147 0.177744
vn -0.965419 -0.226104 0.129780
vn -0.911922 -0.403076 0.076998
vn -0.898920 -0.418963 0.128114
vn -0.874267 -0.441564 0.201688
vn -0.991468 -0.030749 0.126669
vn -0.997181 -0.017700 0.072913
vn -0.979054 -0.201817 0.026887
vn -0.973147 -0.216111 0.079259
vn -0.927843 -0.372510 -0.018524
vn -0.920898 -0.388613 0.030449
vn -0.844207 -0.532207 -0.063793
vn -0.835182 -0.549619 -0.019752
vn -0.822622 -0.568159 0.022093
vn -0.760256 -0.635401 0.135189
vn -0.801505 -0.594150 0.067633
vn -0.760258 0.502699 0.411462
vn -0.655193 0.625227 0.424045
vn -0.683932 0.642247 0.346057
vn -0.801506 0.497014 0.332513
vn -0.700747 0.648538 0.297241
vn -0.822622 0.494796 0.280124
vn -0.911921 0.322914 0.253231
vn -0.898919 0.313598 0.305942
vn -0.874267 0.299950 0.381690
vn -0.712962 0.652656 0.256370
vn -0.724065 0.655282 0.215256
vn -0.844207 0.502224 0.187314
vn -0.835181 0.497506 0.234436
vn -0.927843 0.339544 0.154326
vn -0.920898 0.331402 0.205232
vn -0.979054 0.167028 0.116424
vn -0.973146 0.155720 0.169521
vn -0.965419 0.141438 0.219001
vn -0.934938 0.078009 0.346128
vn -0.954967 0.118860 0.271864
vn -0.094404 0.924800 0.368555
vn 0.069479 0.937365 0.341351
vn 0.037684 0.960096 0.277121
vn -0.154066 0.938629 0.308609
vn 0.016569 0.967601 0.251939
vn -0.184603 0.942288 0.279314
vn -0.379164 0.876575 0.296397
vn -0.362173 0.870601 0.332992
vn -0.325779 0.857589 0.398007
vn 0.003167 0.970446 0.241296
vn -0.011407 0.971001 0.238802
vn -0.217105 0.944244 0.247524
vn -0.201441 0.944093 0.260978
vn -0.403740 0.881173 0.246025
vn -0.390286 0.880289 0.269757
vn -0.572886 0.785116 0.235358
vn -0.560991 0.783112 0.268375
vn -0.552318 0.776777 0.302593
vn -0.533609 0.734569 0.419130
vn -0.544781 0.763841 0.346065
vn 0.633615 0.755196 0.167961
vn 0.744630 0.655826 0.124167
vn 0.722197 0.688008 0.071247
vn 0.585902 0.800688 0.124967
vn 0.716434 0.694807 0.062971
vn 0.569619 0.813539 0.116998
vn 0.395411 0.902783 0.169210
vn 0.403287 0.896154 0.185115
vn 0.444736 0.864878 0.232800
vn 0.716984 0.692611 0.078894
vn 0.717757 0.686767 0.114781
vn 0.562886 0.811566 0.156589
vn 0.565389 0.814746 0.128543
vn 0.389275 0.901030 0.191338
vn 0.393982 0.902737 0.172753
vn 0.197710 0.955462 0.219098
vn 0.206237 0.955512 0.210861
vn 0.208932 0.953947 0.215252
vn 0.229056 0.926368 0.298958
vn 0.213868 0.947478 0.237792
vn 0.983795 0.171928 -0.050869
vn 0.996054 0.020937 -0.086249
vn 0.989044 0.034823 -0.143455
vn 0.973834 0.203617 -0.100932
vn 0.988714 0.035340 -0.145587
vn 0.971408 0.215620 -0.099368
vn 0.918579 0.392361 -0.047588
vn 0.918759 0.392261 -0.044864
vn 0.923047 0.384472 0.012881
vn 0.992483 0.028869 -0.118927
vn 0.997527 0.016581 -0.068306
vn 0.979055 0.202428 -0.021780
vn 0.974343 0.213299 -0.071832
vn 0.926824 0.374739 0.023822
vn 0.922379 0.385587 -0.023202
vn 0.841279 0.536157 0.069177
vn 0.837524 0.545727 0.027117
vn 0.832247 0.554350 0.007842
vn 0.828166 0.554864 0.079165
vn 0.827695 0.560916 0.017173
vn 0.828166 -0.529405 -0.184040
vn 0.827695 -0.506362 -0.241908
vn 0.832247 -0.496248 -0.247190
vn 0.918580 -0.326874 -0.222182
vn 0.918759 -0.328035 -0.219715
vn 0.923046 -0.347589 -0.164826
vn 0.841279 -0.508202 -0.184340
vn 0.837524 -0.497422 -0.226107
vn 0.926824 -0.343954 -0.150640
vn 0.922380 -0.332035 -0.197405
vn 0.979055 -0.169913 -0.112165
vn 0.974343 -0.156627 -0.161631
vn 0.971408 -0.146065 -0.187167
vn 0.983795 -0.129472 -0.124034
vn 0.973834 -0.134681 -0.183053
vn 0.201413 -0.959234 -0.198252
vn -0.002507 -0.970952 -0.239262
vn -0.000403 -0.971400 -0.237449
vn 0.200721 -0.961620 -0.187077
vn 0.000478 -0.971838 -0.235649
vn 0.199970 -0.962556 -0.183027
vn 0.382357 -0.915469 -0.125380
vn 0.384485 -0.913781 -0.131052
vn 0.387824 -0.909401 -0.150271
vn 0.001407 -0.972279 -0.233819
vn 0.004130 -0.972725 -0.231923
vn 0.202322 -0.959497 -0.196042
vn 0.200152 -0.961953 -0.185969
vn 0.384024 -0.910296 -0.154556
vn 0.382124 -0.914479 -0.133080
vn 0.551221 -0.827426 -0.107338
vn 0.703332 -0.708809 -0.053983
vn 0.698893 -0.715113 -0.012694
vn 0.548566 -0.832702 -0.075389
vn 0.697821 -0.716265 0.003292
vn 0.548496 -0.833754 -0.063300
vn 0.701140 -0.713007 -0.004810
vn 0.708244 -0.704984 -0.037262
vn 0.556926 -0.824928 -0.096581
vn 0.551471 -0.831227 -0.070295
vn -0.558777 -0.777659 -0.288122
vn -0.710175 -0.645566 -0.280885
vn -0.702122 -0.637594 -0.317016
vn -0.552006 -0.771716 -0.315823
vn -0.697988 -0.636110 -0.328903
vn -0.548325 -0.770781 -0.324402
vn -0.381890 -0.871603 -0.307356
vn -0.384865 -0.872085 -0.302235
vn -0.390244 -0.875898 -0.283747
vn -0.698328 -0.642078 -0.316344
vn -0.701513 -0.656293 -0.277775
vn -0.548512 -0.786911 -0.282675
vn -0.547709 -0.775624 -0.313723
vn -0.379860 -0.882753 -0.276503
vn -0.380788 -0.874980 -0.299017
vn -0.195845 -0.945610 -0.259744
vn -0.197997 -0.941526 -0.272629
vn -0.199216 -0.939666 -0.278103
vn -0.205253 -0.941317 -0.267942
vn -0.201301 -0.939689 -0.276520
vn -0.968101 -0.148982 -0.201455
vn -0.986575 0.038524 -0.158698
vn -0.976252 0.051105 -0.210526
vn -0.957937 -0.136917 -0.252211
vn -0.971918 0.055512 -0.228681
vn -0.953603 -0.133220 -0.269987
vn -0.901987 -0.310269 -0.300253
vn -0.906331 -0.313201 -0.283670
vn -0.916059 -0.324324 -0.235901
vn -0.975793 0.051590 -0.212523
vn -0.986476 0.038665 -0.159278
vn -0.967213 -0.153437 -0.202377
vn -0.957174 -0.138458 -0.254260
vn -0.913066 -0.332410 -0.236250
vn -0.904730 -0.316387 -0.285242
vn -0.825549 -0.500042 -0.261585
vn -0.819617 -0.484214 -0.306211
vn -0.818026 -0.477813 -0.320201
vn -0.831363 -0.489762 -0.262619
vn -0.822334 -0.479993 -0.305572
vn -0.831363 0.555659 -0.008844
vn -0.710175 0.702498 0.046356
vn -0.702122 0.711978 0.010592
vn -0.822334 0.566670 -0.051495
vn -0.697988 0.716109 -0.000653
vn -0.818026 0.571440 -0.065496
vn -0.901987 0.413398 -0.124583
vn -0.906331 0.408400 -0.108502
vn -0.916059 0.396385 -0.060949
vn -0.698328 0.715655 0.013245
vn -0.701513 0.710605 0.054038
vn -0.825549 0.564321 -0.003212
vn -0.819617 0.570715 -0.050128
vn -0.913066 0.403730 -0.057553
vn -0.904730 0.411952 -0.108438
vn -0.967213 0.229146 -0.109506
vn -0.957174 0.239622 -0.162481
vn -0.953603 0.242176 -0.178860
vn -0.968101 0.224764 -0.110729
vn -0.957937 0.237312 -0.161367
vn -0.205253 0.959399 0.193455
vn -0.002507 0.972586 0.232530
vn -0.000403 0.972153 0.234346
vn -0.201301 0.961884 0.185085
vn 0.000478 0.971717 0.236147
vn -0.199216 0.962590 0.183667
vn -0.381890 0.915515 0.126465
vn -0.384865 0.913595 0.131237
vn -0.390244 0.908507 0.149416
vn 0.001407 0.971270 0.237975
vn 0.004130 0.970797 0.239865
vn -0.195845 0.959455 0.202709
vn -0.197997 0.961733 0.189385
vn -0.379860 0.911277 0.158996
vn -0.380788 0.914692 0.135425
vn -0.548512 0.828932 0.109570
vn -0.547709 0.833136 0.076802
vn -0.548325 0.833728 0.065092
vn -0.558777 0.823207 0.100487
vn -0.552006 0.830626 0.073145
vn 0.556925 0.777398 0.292382
vn 0.708244 0.643606 0.290107
vn 0.701141 0.635857 0.322625
vn 0.551471 0.770944 0.318631
vn 0.697821 0.635038 0.331319
vn 0.548496 0.769982 0.326005
vn 0.382357 0.871065 0.308300
vn 0.384485 0.872166 0.302485
vn 0.387824 0.877085 0.283397
vn 0.698893 0.641344 0.316585
vn 0.703332 0.654672 0.277000
vn 0.551221 0.784550 0.283968
vn 0.548565 0.774590 0.314780
vn 0.384024 0.879844 0.279999
vn 0.382124 0.873716 0.301003
vn 0.202321 0.942590 0.265688
vn 0.200152 0.940155 0.275766
vn 0.199970 0.939341 0.278657
vn 0.201413 0.943370 0.263603
vn 0.200721 0.940367 0.274628
vn 0.964580 0.143841 0.221124
vn 0.982789 -0.043578 0.179520
vn 0.973346 -0.054100 0.222868
vn 0.955248 0.133696 0.263870
vn 0.970755 -0.056632 0.233297
vn 0.952525 0.131917 0.274397
vn 0.901135 0.308919 0.304180
vn 0.904137 0.310102 0.293894
vn 0.913108 0.319635 0.253114
vn 0.976067 -0.051301 0.211334
vn 0.987272 -0.037517 0.154551
vn 0.967993 0.154089 0.198108
vn 0.957422 0.138565 0.253265
vn 0.913934 0.332481 0.232768
vn 0.904993 0.316283 0.284522
vn 0.826698 0.499376 0.259216
vn 0.819965 0.483840 0.305870
vn 0.817491 0.476548 0.323437
vn 0.829045 0.486145 0.276310
vn 0.820763 0.477399 0.313749
vn 0.829045 -0.558722 0.022670
vn 0.820763 -0.568114 0.059951
vn 0.817491 -0.571799 0.068951
vn 0.901135 -0.413998 0.128692
vn 0.904137 -0.410333 0.119009
vn 0.913108 -0.400110 0.078396
vn 0.826699 -0.562643 0.001412
vn 0.819965 -0.570226 0.049996
vn 0.913934 -0.402197 0.054425
vn 0.904993 -0.411530 0.107847
vn 0.967993 -0.227768 0.105412
vn 0.957422 -0.239261 0.161548
vn 0.952525 -0.243041 0.183376
vn 0.964580 -0.229213 0.130565
vn 0.955248 -0.239795 0.173206
vn 0.201453 -0.940253 -0.274483
vn 0.003241 -0.970550 -0.240879
vn 0.000910 -0.971177 -0.238356
vn 0.199522 -0.936968 -0.286849
vn 0.000075 -0.971778 -0.235896
vn 0.198873 -0.936241 -0.289659
vn 0.380158 -0.864387 -0.329112
vn 0.380860 -0.866941 -0.321495
vn 0.382946 -0.875169 -0.295688
vn -0.000765 -0.972370 -0.233444
vn -0.003125 -0.972963 -0.230939
vn 0.196685 -0.943479 -0.266764
vn 0.198335 -0.938380 -0.283029
vn 0.380173 -0.878017 -0.290782
vn 0.380255 -0.868118 -0.319026
vn 0.547798 -0.779638 -0.303451
vn 0.699261 -0.646835 -0.304365
vn 0.693536 -0.628400 -0.352309
vn 0.545491 -0.765063 -0.342225
vn 0.691248 -0.621955 -0.367896
vn 0.544482 -0.759805 -0.355297
vn 0.693793 -0.628002 -0.352513
vn 0.700398 -0.645576 -0.304424
vn 0.549486 -0.777504 -0.305862
vn 0.545829 -0.764239 -0.343524
vn -0.547678 -0.832152 -0.087021
vn -0.699107 -0.714576 -0.025111
vn -0.693387 -0.720110 0.025612
vn -0.545364 -0.836928 -0.046136
vn -0.691191 -0.721464 0.041760
vn -0.544399 -0.838191 -0.032632
vn -0.380050 -0.919118 -0.103843
vn -0.380134 -0.917860 -0.114152
vn -0.380069 -0.913740 -0.143623
vn -0.693827 -0.719719 0.024662
vn -0.700447 -0.713214 -0.026450
vn -0.549463 -0.831136 -0.085453
vn -0.545792 -0.836676 -0.045651
vn -0.382874 -0.913277 -0.139039
vn -0.380769 -0.917844 -0.112152
vn -0.201352 -0.961412 -0.187466
vn -0.199395 -0.964191 -0.174864
vn -0.198740 -0.964870 -0.171837
vn -0.196579 -0.960852 -0.195242
vn -0.198204 -0.963766 -0.178524
vn -0.960092 -0.237026 0.148464
vn -0.978886 -0.048219 0.198638
vn -0.962421 -0.064061 0.263896
vn -0.944547 -0.249447 0.213556
vn -0.956519 -0.068804 0.283438
vn -0.938938 -0.252998 0.233210
vn -0.889257 -0.421934 0.176614
vn -0.894039 -0.419414 0.157438
vn -0.907140 -0.410037 0.094689
vn -0.963477 -0.063171 0.260233
vn -0.980412 -0.046462 0.191400
vn -0.961484 -0.235379 0.141932
vn -0.945489 -0.248735 0.210194
vn -0.908369 -0.408518 0.089321
vn -0.894797 -0.418854 0.154595
vn -0.822433 -0.567883 0.033370
vn -0.812201 -0.575902 0.093095
vn -0.808052 -0.578130 0.113219
vn -0.821283 -0.569316 0.037078
vn -0.811635 -0.576360 0.095171
vn -0.821283 0.488953 0.293972
vn -0.699107 0.646560 0.305303
vn -0.693387 0.628222 0.352918
vn -0.811635 0.468579 0.348829
vn -0.691191 0.622022 0.367890
vn -0.808052 0.461877 0.365680
vn -0.889258 0.294001 0.350407
vn -0.894039 0.300552 0.332210
vn -0.907140 0.320988 0.272145
vn -0.693827 0.628310 0.351895
vn -0.700447 0.645963 0.303489
vn -0.822433 0.489380 0.290020
vn -0.812201 0.469124 0.346774
vn -0.908369 0.322100 0.266678
vn -0.894797 0.301358 0.329426
vn -0.961484 0.144109 0.234053
vn -0.945489 0.124682 0.300840
vn -0.938938 0.117918 0.323250
vn -0.960092 0.142579 0.240612
vn -0.944547 0.123773 0.304155
vn -0.196579 0.943428 0.267020
vn 0.003241 0.972970 0.230908
vn 0.000910 0.972371 0.233439
vn -0.198204 0.938352 0.283214
vn 0.000075 0.971777 0.235900
vn -0.198740 0.936268 0.289663
vn -0.380050 0.864434 0.329113
vn -0.380134 0.868043 0.319375
vn -0.380069 0.877892 0.291294
vn -0.000765 0.971179 0.238351
vn -0.003126 0.970558 0.240849
vn -0.201352 0.940361 0.274188
vn -0.199395 0.937052 0.286661
vn -0.382874 0.875380 0.295156
vn -0.380769 0.867111 0.321144
vn -0.549463 0.777813 0.305118
vn -0.545792 0.764488 0.343030
vn -0.544399 0.759865 0.355294
vn -0.547678 0.779434 0.304190
vn -0.545364 0.764934 0.342715
vn 0.549486 0.831203 0.084650
vn 0.700398 0.713298 0.025442
vn 0.693793 0.719728 -0.025353
vn 0.545829 0.836682 0.045099
vn 0.691248 0.721408 -0.041796
vn 0.544482 0.838139 0.032603
vn 0.380158 0.919076 0.103822
vn 0.380860 0.917853 0.111762
vn 0.382946 0.913334 0.138470
vn 0.693536 0.719989 -0.024989
vn 0.699261 0.714391 0.026072
vn 0.547797 0.831994 0.087771
vn 0.545490 0.836819 0.046630
vn 0.380173 0.913616 0.144135
vn 0.380255 0.917768 0.114496
vn 0.196685 0.960780 0.195493
vn 0.198335 0.963706 0.178701
vn 0.198873 0.964844 0.171828
vn 0.201453 0.961452 0.187154
vn 0.199522 0.964202 0.174658
vn 0.961229 0.235625 -0.143245
vn 0.980138 0.046782 -0.192719
vn 0.963226 0.063384 -0.261107
vn 0.945256 0.248878 -0.211068
vn 0.956510 0.068812 -0.283467
vn 0.938934 0.252985 -0.233242
vn 0.889266 0.421903 -0.176649
vn 0.894611 0.418937 -0.155442
vn 0.908163 0.408698 -0.090582
vn 0.962661 0.063860 -0.263070
vn 0.979168 0.047900 -0.197323
vn 0.960361 0.236748 -0.147164
vn 0.944778 0.249275 -0.212736
vn 0.907377 0.409798 -0.093452
vn 0.894246 0.419268 -0.156651
vn 0.821477 0.569108 -0.035951
vn 0.811811 0.576231 -0.094447
vn 0.808080 0.578083 -0.113255
vn 0.822299 0.568007 -0.034531
vn 0.812084 0.575939 -0.093883
vn 0.822299 -0.488958 -0.291109
vn 0.812084 -0.468796 -0.347492
vn 0.808079 -0.461820 -0.365691
vn 0.889266 -0.293957 -0.350423
vn 0.894611 -0.301044 -0.330217
vn 0.908163 -0.321681 -0.267881
vn 0.821477 -0.489286 -0.292875
vn 0.811811 -0.468797 -0.348127
vn 0.907377 -0.321344 -0.270936
vn 0.894246 -0.300783 -0.331443
vn 0.960361 -0.142927 -0.239330
vn 0.944778 -0.123997 -0.303347
vn 0.938934 -0.117891 -0.323272
vn 0.961229 -0.143726 -0.235332
vn 0.945257 -0.124408 -0.301683
vn 0.202269 -0.959402 -0.196556
vn -0.004422 -0.970566 -0.240794
vn -0.000657 -0.971313 -0.237805
vn 0.212233 -0.960481 -0.180093
vn 0.001739 -0.972067 -0.234699
vn 0.222462 -0.959312 -0.173873
vn 0.418438 -0.901522 -0.110308
vn 0.403749 -0.907112 -0.118887
vn 0.390796 -0.908670 -0.146960
vn 0.005204 -0.972904 -0.231152
vn 0.037081 -0.973102 -0.227372
vn 0.260416 -0.944587 -0.199849
vn 0.231657 -0.956053 -0.179715
vn 0.454565 -0.874994 -0.166600
vn 0.431094 -0.893641 -0.124754
vn 0.622111 -0.772332 -0.128377
vn 0.763403 -0.640212 -0.085696
vn 0.746321 -0.665517 -0.009621
vn 0.602633 -0.795132 -0.067812
vn 0.732381 -0.680625 0.019186
vn 0.588439 -0.807244 -0.045796
vn 0.719750 -0.694171 0.009342
vn 0.711813 -0.701488 -0.035165
vn 0.560776 -0.822700 -0.093245
vn 0.573049 -0.817626 -0.055700
vn -0.562873 -0.768851 -0.303386
vn -0.712697 -0.633368 -0.301509
vn -0.718599 -0.604536 -0.343730
vn -0.572363 -0.747516 -0.337077
vn -0.731149 -0.586247 -0.348908
vn -0.586940 -0.733942 -0.341805
vn -0.416071 -0.850902 -0.320704
vn -0.403413 -0.858249 -0.317281
vn -0.394623 -0.870594 -0.293834
vn -0.745665 -0.586985 -0.315329
vn -0.746271 -0.623324 -0.233552
vn -0.592906 -0.765908 -0.248691
vn -0.600544 -0.734991 -0.314858
vn -0.410044 -0.876177 -0.253333
vn -0.426388 -0.852931 -0.301168
vn -0.198416 -0.948584 -0.246618
vn -0.223533 -0.935519 -0.273564
vn -0.219260 -0.933014 -0.285325
vn -0.208884 -0.938946 -0.273400
vn -0.212696 -0.934767 -0.284554
vn -0.962521 -0.136661 -0.234261
vn -0.980009 0.046932 -0.193336
vn -0.965045 0.061825 -0.254688
vn -0.949704 -0.112257 -0.292338
vn -0.962515 0.063983 -0.263575
vn -0.948735 -0.101679 -0.299270
vn -0.908389 -0.262676 -0.325317
vn -0.905462 -0.279350 -0.319533
vn -0.912912 -0.309925 -0.265592
vn -0.973954 0.053489 -0.220348
vn -0.993634 0.026574 -0.109475
vn -0.978776 -0.141721 -0.148026
vn -0.960576 -0.108681 -0.255896
vn -0.935507 -0.303345 -0.181131
vn -0.921181 -0.266623 -0.283439
vn -0.861049 -0.463232 -0.209786
vn -0.852559 -0.425348 -0.303683
vn -0.838642 -0.423634 -0.342364
vn -0.831212 -0.475429 -0.288192
vn -0.830678 -0.443139 -0.337048
vn -0.831212 0.554646 -0.038142
vn -0.712696 0.701114 0.022435
vn -0.718600 0.694848 -0.028306
vn -0.830679 0.548349 -0.096365
vn -0.731148 0.680968 -0.041293
vn -0.838642 0.533454 -0.110032
vn -0.908389 0.382592 -0.168679
vn -0.905463 0.394759 -0.155894
vn -0.912911 0.397201 -0.093938
vn -0.745665 0.666228 -0.011113
vn -0.746271 0.661029 0.078223
vn -0.861049 0.507860 0.025945
vn -0.852558 0.517242 -0.074870
vn -0.935507 0.352630 -0.021894
vn -0.921181 0.366901 -0.129652
vn -0.978777 0.193815 -0.066575
vn -0.960576 0.213908 -0.177587
vn -0.948735 0.227571 -0.219345
vn -0.962521 0.228855 -0.145532
vn -0.949704 0.233794 -0.208335
vn -0.208884 0.959794 0.187517
vn -0.004422 0.972946 0.230992
vn -0.000657 0.972239 0.233990
vn -0.212696 0.961194 0.175689
vn 0.001739 0.971485 0.237096
vn -0.219260 0.959989 0.174200
vn -0.416071 0.903237 0.105111
vn -0.403413 0.908197 0.111522
vn -0.394623 0.908418 0.138020
vn 0.005204 0.970602 0.240632
vn 0.037081 0.969045 0.244083
vn -0.198415 0.956080 0.215737
vn -0.223533 0.956823 0.185801
vn -0.410044 0.894811 0.176573
vn -0.426388 0.896083 0.123403
vn -0.592905 0.794686 0.130142
vn -0.600545 0.797545 0.057164
vn -0.586940 0.808968 0.032735
vn -0.562873 0.822377 0.082883
vn -0.572363 0.818864 0.043160
vn 0.560776 0.773888 0.294325
vn 0.711813 0.639538 0.290368
vn 0.719750 0.612629 0.326566
vn 0.573050 0.752165 0.325365
vn 0.732381 0.596078 0.329104
vn 0.588439 0.738397 0.329407
vn 0.418439 0.851760 0.315299
vn 0.403749 0.860662 0.310239
vn 0.390796 0.874917 0.286004
vn 0.746320 0.595859 0.296577
vn 0.763402 0.608250 0.217367
vn 0.622112 0.745232 0.240011
vn 0.602633 0.737728 0.304288
vn 0.454565 0.853994 0.253110
vn 0.431094 0.851380 0.298849
vn 0.260416 0.931085 0.255469
vn 0.231657 0.932044 0.278619
vn 0.222462 0.932262 0.285305
vn 0.202269 0.942742 0.265187
vn 0.212233 0.936153 0.280313
vn 0.965655 0.143346 0.216706
vn 0.983651 -0.042482 0.175004
vn 0.973286 -0.054162 0.223114
vn 0.956895 0.124020 0.262624
vn 0.972661 -0.054783 0.225673
vn 0.957426 0.116804 0.263993
vn 0.913927 0.279882 0.293945
vn 0.910291 0.292470 0.292971
vn 0.914789 0.317506 0.249701
vn 0.982198 -0.044314 0.182545
vn 0.996537 -0.019617 0.080807
vn 0.981753 0.147122 0.120487
vn 0.967381 0.123857 0.220983
vn 0.939481 0.304974 0.156099
vn 0.925004 0.283808 0.252629
vn 0.868765 0.457975 0.188431
vn 0.853708 0.440235 0.278165
vn 0.841132 0.438826 0.316115
vn 0.831644 0.482672 0.274583
vn 0.833126 0.454800 0.314736
vn 0.831644 -0.554843 0.022728
vn 0.833126 -0.548483 0.071190
vn 0.841133 -0.534917 0.079740
vn 0.913927 -0.383500 0.132909
vn 0.910291 -0.394241 0.126273
vn 0.914789 -0.396652 0.076340
vn 0.868766 -0.493395 -0.042513
vn 0.853710 -0.518769 0.045368
vn 0.939480 -0.342601 -0.001100
vn 0.925004 -0.368047 0.094392
vn 0.981752 -0.185990 0.039625
vn 0.967381 -0.211390 0.139602
vn 0.957426 -0.224842 0.181059
vn 0.965655 -0.226748 0.126866
vn 0.956895 -0.230626 0.176534
vn 0.763379 -0.645898 -0.008279
vn 0.704338 -0.709040 -0.034208
vn 0.688341 -0.582983 0.431644
vn 0.695390 -0.617562 0.367492
vn 0.510521 -0.814716 0.274966
vn 0.503060 -0.862999 -0.046512
vn 0.399612 -0.298509 0.866719
vn 0.323334 -0.223228 0.919578
vn 0.319210 -0.334795 0.886576
vn 0.410330 -0.423134 0.807828
vn 0.232035 -0.828482 0.509683
vn 0.266107 -0.849476 0.455607
vn 0.116947 -0.991185 0.062248
vn 0.222397 -0.974747 0.020218
vn 0.012359 -0.998252 0.057797
vn 0.194876 -0.868174 0.456395
vn -0.125312 -0.903035 0.410883
vn -0.257826 -0.960579 0.103985
vn 0.238613 -0.310991 0.919972
vn 0.226519 -0.446027 0.865881
vn -0.266092 -0.681604 0.681624
vn -0.271782 -0.726355 0.631303
vn -0.577446 -0.769625 0.272459
vn -0.506277 -0.834450 0.217662
vn -0.657093 -0.699302 0.281435
vn -0.327430 -0.684838 0.650989
vn -0.604858 -0.491932 0.626219
vn -0.810697 -0.473767 0.343968
vn 0.201102 -0.231082 0.951924
vn 0.096683 -0.324940 0.940780
vn -0.481656 -0.206731 0.851628
vn -0.529040 -0.234219 0.815633
vn -0.862570 -0.119349 0.491659
vn -0.869022 -0.214755 0.445736
vn -0.869022 -0.013506 0.494589
vn -0.529042 -0.165801 0.832240
vn -0.604862 0.150066 0.782063
vn -0.810700 0.263331 0.522898
vn 0.238618 -0.145413 0.960165
vn 0.096682 -0.142554 0.985054
vn -0.266090 0.293236 0.918264
vn -0.327430 0.310154 0.892521
vn -0.577445 0.559051 0.594995
vn -0.657095 0.492436 0.570730
vn -0.506276 0.641786 0.576017
vn -0.271782 0.356074 0.894061
vn -0.125312 0.614153 0.779175
vn -0.257826 0.805996 0.532820
vn 0.319212 -0.108944 0.941401
vn 0.226526 -0.000608 0.974005
vn 0.232034 0.502599 0.832799
vn 0.194879 0.562301 0.803641
vn 0.116947 0.852331 0.509760
vn 0.012359 0.860652 0.509045
vn 0.222397 0.856992 0.464870
vn 0.266103 0.546050 0.794367
vn 0.510521 0.597974 0.617895
vn 0.503059 0.788276 0.354333
vn 0.399610 -0.132088 0.907119
vn 0.410326 0.005671 0.911921
vn 0.688343 0.320196 0.650891
vn 0.695391 0.380339 0.609732
vn 0.763379 0.577808 0.288774
vn 0.704338 0.645811 0.294680
vn 0.832037 0.502401 0.235178
vn 0.729686 0.325054 0.601580
vn 0.888793 0.178077 0.422298
vn 0.957042 0.261438 0.125385
vn 0.437035 -0.212176 0.874061
vn 0.525438 -0.116033 0.842883
vn 0.864740 -0.118474 0.488045
vn 0.892051 -0.080021 0.444794
vn 0.996063 -0.020912 0.086145
vn 0.995017 0.049432 0.086594
vn 0.995017 -0.083632 0.054292
vn 0.892051 -0.132815 0.431978
vn 0.888793 -0.351872 0.293654
vn 0.957042 -0.289827 -0.008434
vn 0.525438 -0.283328 0.802272
vn 0.729685 -0.564691 0.385595
vn 0.832037 -0.554310 -0.021337
vn 0.099914 -0.919346 -0.380552
vn -0.072693 -0.936639 -0.342671
vn -0.121158 -0.847626 -0.516576
vn -0.010751 -0.853717 -0.520627
vn -0.231594 -0.487340 -0.841940
vn -0.194126 -0.550656 -0.811845
vn 0.133629 -0.592602 -0.794334
vn 0.266227 -0.787181 -0.556300
vn 0.338484 -0.840842 -0.422390
vn -0.317966 0.111148 -0.941565
vn -0.327512 0.222889 -0.918181
vn -0.247413 0.134992 -0.959460
vn -0.224344 0.000230 -0.974510
vn 0.256812 -0.278488 -0.925469
vn 0.268946 -0.332978 -0.903766
vn 0.573282 -0.529672 -0.625136
vn 0.658295 -0.595494 -0.460472
vn 0.543865 -0.707170 -0.451797
vn 0.509896 -0.610887 -0.605660
vn -0.643561 -0.754245 -0.130171
vn -0.752943 -0.653319 -0.079068
vn -0.781972 -0.573028 -0.245273
vn -0.724320 -0.640963 -0.254022
vn -0.704217 -0.321960 -0.632787
vn -0.716874 -0.382417 -0.582965
vn -0.531840 -0.593941 -0.603639
vn -0.526518 -0.784476 -0.327685
vn -0.455492 -0.865380 -0.208915
vn -0.398635 0.129871 -0.907868
vn -0.414969 -0.003746 -0.909828
vn -0.272481 -0.532168 -0.801593
vn -0.238563 -0.927107 -0.289069
vn -0.233621 -0.854862 -0.463285
vn -0.978398 -0.176760 0.107209
vn -0.989358 -0.034324 0.141397
vn -0.999478 0.007619 -0.031384
vn -0.996982 -0.069521 -0.034550
vn -0.883752 0.110392 -0.454749
vn -0.910460 0.071143 -0.407433
vn -0.906999 -0.172947 -0.383981
vn -0.957476 -0.277552 -0.078769
vn -0.923347 -0.381602 0.042553
vn -0.440324 0.211801 -0.872499
vn -0.530213 0.115934 -0.839901
vn -0.748024 -0.323509 -0.579484
vn -0.831938 -0.554002 -0.031005
vn -0.845040 -0.498897 -0.192380
vn -0.831938 0.506559 0.226445
vn -0.752942 0.616859 0.229267
vn -0.781972 0.621706 0.044748
vn -0.845040 0.531574 0.057766
vn -0.704217 0.576248 -0.414748
vn -0.748024 0.553187 -0.366668
vn -0.906999 0.329748 -0.261952
vn -0.957476 0.282776 0.057250
vn -0.923346 0.319622 0.212775
vn -0.398636 0.300825 -0.866368
vn -0.530211 0.282052 -0.799577
vn -0.910460 0.123578 -0.394704
vn -0.978398 0.107935 0.176319
vn -0.996982 0.077624 0.001169
vn -0.238564 0.956456 0.168164
vn -0.072693 0.989503 0.124899
vn -0.121158 0.990129 -0.070463
vn -0.233621 0.972126 -0.019786
vn -0.231593 0.819113 -0.524803
vn -0.272480 0.840454 -0.468394
vn -0.531840 0.804596 -0.264143
vn -0.526518 0.847404 0.068453
vn -0.455491 0.864850 0.211097
vn -0.317968 0.332910 -0.887732
vn -0.414970 0.420466 -0.806851
vn -0.716874 0.607135 -0.342751
vn -0.643559 0.729983 0.230123
vn -0.724319 0.686092 0.068120
vn 0.543865 0.835606 -0.077290
vn 0.658296 0.740335 -0.136201
vn 0.573283 0.757333 -0.312718
vn 0.509896 0.820581 -0.258173
vn 0.256812 0.671801 -0.694789
vn 0.268945 0.710277 -0.650519
vn 0.133627 0.890834 -0.434233
vn 0.266226 0.954624 -0.133479
vn 0.338484 0.940918 0.010130
vn -0.247413 0.319926 -0.914568
vn -0.224346 0.446590 -0.866156
vn -0.194128 0.861586 -0.469025
vn 0.099914 0.991503 0.083305
vn -0.010750 0.997399 -0.071271
vn 0.916876 0.236952 -0.321236
vn 0.926832 0.088573 -0.364879
vn 0.837581 0.128875 -0.530895
vn 0.844160 0.227071 -0.485627
vn 0.457373 0.209785 -0.864176
vn 0.500380 0.250416 -0.828801
vn 0.579003 0.495921 -0.647162
vn 0.790552 0.475038 -0.386478
vn 0.861061 0.441832 -0.251710
vn -0.216549 0.230304 -0.948718
vn -0.116518 0.335646 -0.934754
vn 0.306564 0.680031 -0.666015
vn 0.755622 0.628775 -0.183513
vn 0.646382 0.691653 -0.322191
vn 0.755622 -0.474657 -0.451371
vn 0.646381 -0.466957 -0.603442
vn 0.306563 -0.298998 -0.903670
vn 0.579006 -0.144018 -0.802503
vn 0.790553 -0.244975 -0.561261
vn 0.861061 -0.277254 -0.426268
vn -0.116520 0.130279 -0.984607
vn 0.500381 0.157446 -0.851369
vn 0.916876 -0.063301 -0.394122
vn 0.844160 0.020853 -0.535686
vn 0.705492 0.689875 0.162335
vn 0.545060 0.815762 0.193499
vn 0.715220 0.668812 0.202855
vn 0.558193 0.798866 0.224127
vn 0.382011 0.893451 0.236248
vn 0.366438 0.904953 0.216296
vn 0.715330 0.654194 0.245629
vn 0.561944 0.786121 0.257355
vn 0.390085 0.883608 0.258980
vn -0.007031 0.972516 0.232729
vn 0.200354 0.947042 0.250939
vn -0.024304 0.972111 0.233259
vn 0.187624 0.952588 0.239526
vn -0.042410 0.970670 0.236647
vn 0.170416 0.957919 0.230977
vn -0.246077 0.940992 0.232338
vn -0.230308 0.948363 0.218094
vn -0.416390 0.887855 0.195787
vn -0.429668 0.875885 0.219570
vn -0.211959 0.955262 0.206273
vn -0.398313 0.900622 0.173858
vn -0.719463 0.688500 0.091333
vn -0.567667 0.812001 0.135683
vn -0.733266 0.667216 0.130931
vn -0.584175 0.794294 0.166846
vn -0.740948 0.649514 0.170671
vn -0.594767 0.778854 0.199094
vn -0.854705 0.500694 0.137059
vn -0.850290 0.518365 0.091129
vn -0.931783 0.359527 0.050207
vn -0.934053 0.342677 0.100584
vn -0.840517 0.539981 0.044176
vn -0.925007 0.379943 -0.002185
vn -0.995232 0.023009 -0.094787
vn -0.976854 0.208382 -0.048305
vn -0.999288 0.008903 -0.036676
vn -0.981667 0.190446 0.007812
vn -0.999830 -0.004352 0.017927
vn -0.982668 0.175026 0.061074
vn -0.982668 -0.183548 -0.025969
vn -0.981667 -0.172832 -0.080373
vn -0.931783 -0.342532 -0.120217
vn -0.934053 -0.350654 -0.067721
vn -0.976854 -0.163044 -0.138468
vn -0.925007 -0.336655 -0.176138
vn -0.719463 -0.653747 -0.234496
vn -0.840517 -0.500136 -0.208312
vn -0.733266 -0.652987 -0.189548
vn -0.850290 -0.502454 -0.156674
vn -0.740948 -0.655475 -0.146114
vn -0.854705 -0.507808 -0.107753
vn -0.594767 -0.783452 -0.180154
vn -0.584175 -0.782388 -0.215892
vn -0.416390 -0.878805 -0.233068
vn -0.429668 -0.879071 -0.206445
vn -0.567667 -0.783836 -0.251705
vn -0.398313 -0.880097 -0.258410
vn -0.007031 -0.970981 -0.239053
vn -0.211960 -0.943517 -0.254654
vn -0.024304 -0.970864 -0.238397
vn -0.230308 -0.942806 -0.240986
vn -0.042410 -0.971136 -0.234725
vn -0.246077 -0.942786 -0.224947
vn 0.170416 -0.957205 -0.233917
vn 0.187624 -0.956387 -0.223876
vn 0.382011 -0.902329 -0.199676
vn 0.366438 -0.903403 -0.222681
vn 0.200354 -0.956691 -0.211190
vn 0.390085 -0.904004 -0.174961
vn 0.715331 -0.694000 -0.081643
vn 0.561944 -0.816622 -0.131709
vn 0.715220 -0.687382 -0.126359
vn 0.558193 -0.812714 -0.167082
vn 0.705492 -0.687523 -0.172027
vn 0.545060 -0.813687 -0.202048
vn 0.835728 -0.532406 -0.134545
vn 0.840553 -0.535657 -0.080884
vn 0.927008 -0.373381 -0.035244
vn 0.925692 -0.366376 -0.094142
vn 0.837561 -0.545572 -0.029035
vn 0.922385 -0.385670 0.021563
vn 0.992566 -0.028711 0.118276
vn 0.974232 -0.214238 0.070532
vn 0.998252 -0.013942 0.057435
vn 0.979651 -0.200422 0.010690
vn 0.999988 0.001148 -0.004729
vn 0.980548 -0.189519 -0.051068
vn 0.980548 0.191840 0.041507
vn 0.979651 0.173215 0.101390
vn 0.927008 0.347983 0.139867
vn 0.925692 0.368762 0.084312
vn 0.974232 0.158056 0.160906
vn 0.922385 0.332860 0.195985
vn 0.837561 0.498164 0.224331
vn 0.840553 0.513125 0.173707
vn 0.835729 0.534837 0.124527
vn 0.711745 0.666984 0.220343
vn 0.560022 0.793126 0.239429
vn 0.733608 0.662120 0.153024
vn 0.587601 0.787730 0.184951
vn 0.426105 0.880203 0.208990
vn 0.394010 0.884764 0.248894
vn 0.708383 0.699692 0.092871
vn 0.556095 0.819680 0.137413
vn 0.389472 0.904264 0.174978
vn 0.011517 0.972848 0.231156
vn 0.208859 0.955966 0.206173
vn 0.055675 0.970484 0.234650
vn 0.249643 0.941675 0.225668
vn 0.016953 0.970638 0.239946
vn 0.213907 0.944493 0.249354
vn -0.184640 0.957931 0.219720
vn -0.149513 0.960554 0.234481
vn -0.340523 0.912907 0.225046
vn -0.371235 0.908564 0.191561
vn -0.189566 0.949965 0.248255
vn -0.375388 0.891023 0.255270
vn -0.701906 0.670715 0.239728
vn -0.546291 0.798596 0.252608
vn -0.681748 0.709243 0.179429
vn -0.517958 0.830005 0.206911
vn -0.700299 0.704823 0.113160
vn -0.543266 0.824903 0.156195
vn -0.828896 0.555554 0.065510
vn -0.819499 0.554831 0.143473
vn -0.917255 0.384686 0.103250
vn -0.919941 0.391661 0.017614
vn -0.828808 0.515758 0.216960
vn -0.918588 0.348266 0.186833
vn -0.994122 -0.025540 0.105211
vn -0.974272 0.168401 0.149787
vn -0.999945 -0.002475 0.010195
vn -0.978111 0.199548 0.058983
vn -0.996623 0.019372 -0.079801
vn -0.976454 0.213527 -0.030731
vn -0.976454 -0.175673 -0.125209
vn -0.978111 -0.204382 -0.039070
vn -0.917255 -0.389210 -0.084613
vn -0.919941 -0.356147 -0.163915
vn -0.974272 -0.218333 0.055907
vn -0.918588 -0.395165 0.006366
vn -0.701906 -0.705978 -0.094463
vn -0.828808 -0.557828 -0.043652
vn -0.681748 -0.712572 -0.165715
vn -0.819499 -0.558860 -0.126875
vn -0.700299 -0.678261 -0.222582
vn -0.828896 -0.523758 -0.196492
vn -0.543266 -0.804708 -0.239391
vn -0.517958 -0.832493 -0.196659
vn -0.340523 -0.914483 -0.218551
vn -0.371235 -0.895272 -0.246318
vn -0.546291 -0.825531 -0.141648
vn -0.375388 -0.908892 -0.181658
vn 0.011517 -0.970555 -0.240604
vn -0.189566 -0.958058 -0.214916
vn 0.055675 -0.970056 -0.236414
vn -0.149513 -0.961154 -0.232012
vn 0.016953 -0.972621 -0.231778
vn -0.184640 -0.952054 -0.243927
vn 0.213907 -0.953699 -0.211430
vn 0.249643 -0.940335 -0.231188
vn 0.426106 -0.878058 -0.217826
vn 0.394010 -0.900407 -0.184454
vn 0.208859 -0.944097 -0.255066
vn 0.389472 -0.883847 -0.259085
vn 0.708383 -0.664398 -0.238261
vn 0.556095 -0.791455 -0.253688
vn 0.733607 -0.658588 -0.167577
vn 0.587601 -0.784855 -0.196792
vn 0.711745 -0.693775 -0.109980
vn 0.560023 -0.814628 -0.150852
vn 0.834988 -0.546429 -0.064887
vn 0.848637 -0.511951 -0.133121
vn 0.930722 -0.353072 -0.095372
vn 0.922794 -0.384823 -0.019038
vn 0.832276 -0.511532 -0.213662
vn 0.920369 -0.345940 -0.182337
vn 0.994722 0.024205 -0.099712
vn 0.975157 -0.167859 -0.144543
vn 0.999950 0.002369 -0.009761
vn 0.981804 -0.181958 -0.054339
vn 0.996992 -0.018283 0.075318
vn 0.977469 -0.209265 0.027631
vn 0.977469 0.173306 0.120500
vn 0.981804 0.186620 0.035133
vn 0.930722 0.357503 0.077119
vn 0.922794 0.350722 0.159515
vn 0.975157 0.215447 -0.051496
vn 0.920369 0.391036 -0.003436
vn 0.832276 0.552560 0.044645
vn 0.848637 0.516006 0.116414
vn 0.834988 0.515363 0.192862
vn 0.701805 0.705721 0.097092
vn 0.545922 0.825403 0.143804
vn 0.681840 0.711057 0.171733
vn 0.517573 0.831596 0.201410
vn 0.339289 0.914168 0.221765
vn 0.374699 0.908855 0.183256
vn 0.705620 0.669546 0.231965
vn 0.549827 0.797838 0.247274
vn 0.377735 0.890911 0.252178
vn -0.013869 0.972846 0.231036
vn 0.189831 0.950249 0.246963
vn -0.059379 0.970074 0.235439
vn 0.147105 0.961205 0.233334
vn -0.012907 0.970496 0.240772
vn 0.188521 0.958053 0.215859
vn -0.210267 0.943970 0.254378
vn -0.253799 0.940022 0.227913
vn -0.430254 0.877379 0.212340
vn -0.390773 0.883716 0.257569
vn -0.213180 0.954932 0.206539
vn -0.394937 0.901826 0.175311
vn -0.713383 0.694653 0.092424
vn -0.561805 0.815779 0.137406
vn -0.736551 0.657659 0.158042
vn -0.591336 0.783918 0.189194
vn -0.709339 0.664470 0.235196
vn -0.557235 0.791391 0.251375
vn -0.832998 0.511878 0.209991
vn -0.850446 0.511686 0.122141
vn -0.931627 0.353714 0.083417
vn -0.920944 0.346543 0.178239
vn -0.835787 0.547296 0.043892
vn -0.922230 0.386618 -0.004252
vn -0.994722 0.024204 -0.099708
vn -0.975693 0.212868 -0.052055
vn -0.999996 0.000638 -0.002626
vn -0.982089 0.183702 0.041899
vn -0.995180 -0.023134 0.095299
vn -0.975647 0.168702 0.140192
vn -0.975646 -0.214201 0.047242
vn -0.982089 -0.182467 -0.046988
vn -0.931627 -0.352592 -0.088038
vn -0.920944 -0.389694 -0.000482
vn -0.975693 -0.165311 -0.143858
vn -0.922230 -0.341640 -0.181036
vn -0.713383 -0.659715 -0.236348
vn -0.835787 -0.506508 -0.211918
vn -0.736551 -0.656924 -0.161072
vn -0.850446 -0.510737 -0.126052
vn -0.709339 -0.698350 -0.095627
vn -0.832998 -0.551185 -0.048066
vn -0.557235 -0.818563 -0.139440
vn -0.591336 -0.783413 -0.191274
vn -0.430254 -0.877084 -0.213554
vn -0.390773 -0.903453 -0.176265
vn -0.561805 -0.787984 -0.251906
vn -0.394937 -0.881834 -0.257670
vn -0.013869 -0.970498 -0.240709
vn -0.213180 -0.943347 -0.254266
vn -0.059379 -0.970053 -0.235525
vn -0.253799 -0.939895 -0.228436
vn -0.012907 -0.972873 -0.230979
vn -0.210267 -0.955538 -0.206725
vn 0.188521 -0.950393 -0.247415
vn 0.147105 -0.961206 -0.233330
vn 0.339289 -0.914100 -0.222046
vn 0.374700 -0.891723 -0.253833
vn 0.189831 -0.957718 -0.216194
vn 0.377735 -0.907375 -0.184354
vn 0.705621 -0.701380 -0.100826
vn 0.549827 -0.822412 -0.146041
vn 0.681840 -0.710655 -0.173386
vn 0.517573 -0.831385 -0.202277
vn 0.701805 -0.671692 -0.237274
vn 0.545923 -0.799470 -0.250633
vn 0.828942 -0.516732 -0.214112
vn 0.819803 -0.556183 -0.136323
vn 0.917494 -0.386138 -0.095410
vn 0.918858 -0.349215 -0.183708
vn 0.831981 -0.552361 -0.052003
vn 0.920897 -0.389787 -0.003755
vn 0.995419 -0.022554 0.092910
vn 0.975853 -0.213866 0.044402
vn 0.999998 0.000462 -0.001904
vn 0.978222 -0.201253 -0.050778
vn 0.994494 0.024720 -0.101835
vn 0.974617 -0.169303 -0.146485
vn 0.974617 0.217621 -0.052560
vn 0.978222 0.202135 0.047144
vn 0.917494 0.386906 0.092246
vn 0.918858 0.394575 -0.003154
vn 0.975853 0.169706 0.137513
vn 0.920897 0.348127 0.175373
vn 0.831981 0.514728 0.207032
vn 0.819803 0.556783 0.133849
vn 0.828942 0.557388 0.046630
vn 0.056434 0.972081 0.227757
vn -0.170941 0.957163 0.233706
vn -0.013922 0.976309 0.215934
vn -0.220186 0.945351 0.240479
vn -0.417007 0.872239 0.255548
vn -0.380622 0.896194 0.227955
vn -0.038634 0.980699 0.191669
vn -0.223814 0.947685 0.227597
vn -0.420742 0.869577 0.258479
vn -0.736352 0.618457 0.274402
vn -0.604650 0.747667 0.274576
vn -0.738271 0.627313 0.247862
vn -0.594593 0.761608 0.257706
vn -0.725875 0.662614 0.184523
vn -0.566967 0.796217 0.211156
vn -0.849477 0.505594 0.150878
vn -0.847702 0.478029 0.229976
vn -0.927299 0.313863 0.203979
vn -0.932728 0.342016 0.114205
vn -0.835608 0.480048 0.267044
vn -0.919385 0.305355 0.247971
vn -0.983346 -0.042873 0.176615
vn -0.969428 0.119639 0.214234
vn -0.991066 -0.031462 0.129608
vn -0.975355 0.141256 0.169498
vn -0.999477 -0.007627 0.031417
vn -0.982307 0.171822 0.074495
vn -0.982307 -0.186854 -0.012573
vn -0.975355 -0.203246 0.085871
vn -0.927299 -0.372452 0.037376
vn -0.932728 -0.356312 -0.055314
vn -0.969428 -0.204545 0.135539
vn -0.919385 -0.385060 0.080373
vn -0.736353 -0.675432 -0.039688
vn -0.835608 -0.549056 0.017230
vn -0.738270 -0.671136 -0.067335
vn -0.847702 -0.530266 -0.014787
vn -0.725875 -0.673468 -0.139809
vn -0.849477 -0.518498 -0.097719
vn -0.566967 -0.804412 -0.177395
vn -0.594593 -0.794998 -0.120158
vn -0.417007 -0.892326 -0.172799
vn -0.380622 -0.900964 -0.208303
vn -0.604651 -0.790342 -0.098774
vn -0.420743 -0.891304 -0.168974
vn -0.038634 -0.959428 -0.279295
vn -0.223814 -0.946560 -0.232230
vn -0.013922 -0.966651 -0.255717
vn -0.220186 -0.950392 -0.219711
vn 0.056434 -0.968315 -0.243272
vn -0.170941 -0.957785 -0.231145
vn 0.270210 -0.931675 -0.242834
vn 0.200395 -0.938860 -0.279970
vn 0.403793 -0.866793 -0.292612
vn 0.459524 -0.857131 -0.232732
vn 0.163897 -0.933691 -0.318369
vn 0.379651 -0.856706 -0.349170
vn 0.696457 -0.616185 -0.367783
vn 0.562482 -0.741430 -0.365918
vn 0.724250 -0.628538 -0.283552
vn 0.579353 -0.760320 -0.293706
vn 0.762384 -0.619028 -0.188615
vn 0.623395 -0.751890 -0.214570
vn 0.867641 -0.471544 -0.157627
vn 0.839090 -0.476203 -0.262982
vn 0.921371 -0.309990 -0.234482
vn 0.940092 -0.317662 -0.123767
vn 0.806647 -0.471878 -0.355883
vn 0.896692 -0.293382 -0.331466
vn 0.962505 0.063991 -0.263609
vn 0.948116 -0.105904 -0.299767
vn 0.986244 0.038993 -0.160630
vn 0.970110 -0.136807 -0.200426
vn 0.998831 0.011400 -0.046965
vn 0.983681 -0.157404 -0.087157
vn 0.983681 0.179845 -0.005290
vn 0.970110 0.213472 -0.115397
vn 0.921371 0.382994 -0.066261
vn 0.940092 0.339052 0.035649
vn 0.948116 0.231554 -0.217849
vn 0.896692 0.412701 -0.160065
vn 0.696456 0.716228 -0.044341
vn 0.806646 0.582526 -0.099928
vn 0.724250 0.688587 0.036179
vn 0.839090 0.543776 -0.015383
vn 0.762384 0.636609 0.116190
vn 0.867641 0.491332 0.076110
vn 0.623395 0.766584 0.154038
vn 0.579352 0.810359 0.087575
vn 0.403794 0.904479 0.137363
vn 0.459523 0.868440 0.186149
vn 0.562483 0.826678 0.014739
vn 0.379650 0.921447 0.082475
vn 0.163897 0.975741 0.145145
vn 0.200395 0.962730 0.181639
vn 0.270210 0.939318 0.211348
s 1
g worm2
usemtl lambert2SG
f 308/660/1 2/10/2 389/661/3 915/356/4
f 389/661/3 116/181/5 612/662/6 915/356/4
f 612/662/6 227/100/7 611/663/8 915/356/4
f 611/663/8 75/180/9 308/660/1 915/356/4
f 390/664/10 48/69/11 507/665/12 916/357/13
f 507/665/12 175/182/14 613/666/15 916/357/13
f 613/666/15 227/100/7 612/662/6 916/357/13
f 612/662/6 116/181/5 390/664/10 916/357/13
f 508/667/16 49/71/17 388/668/18 917/358/19
f 388/668/18 115/183/20 614/669/21 917/358/19
f 614/669/21 227/100/7 613/666/15 917/358/19
f 613/666/15 175/182/14 508/667/16 917/358/19
f 387/670/22 1/9/23 307/671/24 918/359/25
f 307/671/24 75/180/9 611/663/8 918/359/25
f 611/663/8 227/100/7 614/669/21 918/359/25
f 614/669/21 115/183/20 387/670/22 918/359/25
f 310/672/26 3/11/27 391/673/28 919/360/29
f 391/673/28 117/185/30 616/674/31 919/360/29
f 616/674/31 228/101/32 615/675/33 919/360/29
f 615/675/33 76/184/34 310/672/26 919/360/29
f 392/676/35 47/68/36 503/677/37 920/361/38
f 503/677/37 173/186/39 617/678/40 920/361/38
f 617/678/40 228/101/32 616/674/31 920/361/38
f 616/674/31 117/185/30 392/676/35 920/361/38
f 504/679/41 48/69/11 390/664/10 921/362/42
f 390/664/10 116/181/5 618/680/43 921/362/42
f 618/680/43 228/101/32 617/678/40 921/362/42
f 617/678/40 173/186/39 504/679/41 921/362/42
f 389/661/3 2/10/2 309/681/44 922/363/45
f 309/681/44 76/184/34 615/675/33 922/363/45
f 615/675/33 228/101/32 618/680/43 922/363/45
f 618/680/43 116/181/5 389/661/3 922/363/45
f 312/682/46 4/12/47 393/683/48 923/364/49
f 393/683/48 118/188/50 620/684/51 923/364/49
f 620/684/51 229/102/52 619/685/53 923/364/49
f 619/685/53 77/187/54 312/682/46 923/364/49
f 394/686/55 46/67/56 499/687/57 924/365/58
f 499/687/57 171/189/59 621/688/60 924/365/58
f 621/688/60 229/102/52 620/684/51 924/365/58
f 620/684/51 118/188/50 394/686/55 924/365/58
f 500/689/61 47/68/36 392/676/35 925/366/62
f 392/676/35 117/185/30 622/690/63 925/366/62
f 622/690/63 229/102/52 621/688/60 925/366/62
f 621/688/60 171/189/59 500/689/61 925/366/62
f 391/673/28 3/11/27 311/691/64 926/367/65
f 311/691/64 77/187/54 619/685/53 926/367/65
f 619/685/53 229/102/52 622/690/63 926/367/65
f 622/690/63 117/185/30 391/673/28 926/367/65
f 314/692/66 5/13/67 395/693/68 927/368/69
f 395/693/68 119/191/70 624/694/71 927/368/69
f 624/694/71 230/103/72 623/695/73 927/368/69
f 623/695/73 78/190/74 314/692/66 927/368/69
f 396/696/75 45/66/76 495/697/77 928/369/78
f 495/697/77 169/192/79 625/698/80 928/369/78
f 625/698/80 230/103/72 624/694/71 928/369/78
f 624/694/71 119/191/70 396/696/75 928/369/78
f 496/699/81 46/67/56 394/686/55 929/370/82
f 394/686/55 118/188/50 626/700/83 929/370/82
f 626/700/83 230/103/72 625/698/80 929/370/82
f 625/698/80 169/192/79 496/699/81 929/370/82
f 393/683/48 4/12/47 313/701/84 930/371/85
f 313/701/84 78/190/74 623/695/73 930/371/85
f 623/695/73 230/103/72 626/700/83 930/371/85
f 626/700/83 118/188/50 393/683/48 930/371/85
f 316/702/86 6/14/87 397/703/88 931/372/89
f 397/703/88 120/194/90 628/704/91 931/372/89
f 628/704/91 231/104/92 627/705/93 931/372/89
f 627/705/93 79/193/94 316/702/86 931/372/89
f 398/706/95 44/65/96 491/707/97 932/373/98
f 491/707/97 167/195/99 629/708/100 932/373/98
f 629/708/100 231/104/92 628/704/91 932/373/98
f 628/704/91 120/194/90 398/706/95 932/373/98
f 492/709/101 45/66/76 396/696/75 933/374/102
f 396/696/75 119/191/70 630/710/103 933/374/102
f 630/710/103 231/104/92 629/708/100 933/374/102
f 629/708/100 167/195/99 492/709/101 933/374/102
f 395/693/68 5/13/67 315/711/104 934/375/105
f 315/711/104 79/193/94 627/705/93 934/375/105
f 627/705/93 231/104/92 630/710/103 934/375/105
f 630/710/103 119/191/70 395/693/68 934/375/105
f 318/712/106 7/15/107 399/713/108 935/376/109
f 399/713/108 121/197/110 632/714/111 935/376/109
f 632/714/111 232/105/112 631/715/113 935/376/109
f 631/715/113 80/196/114 318/712/106 935/376/109
f 400/716/115 43/64/116 487/717/117 936/377/118
f 487/717/117 165/198/119 633/718/120 936/377/118
f 633/718/120 232/105/112 632/714/111 936/377/118
f 632/714/111 121/197/110 400/716/115 936/377/118
f 488/719/121 44/65/96 398/706/95 937/378/122
f 398/706/95 120/194/90 634/720/123 937/378/122
f 634/720/123 232/105/112 633/718/120 937/378/122
f 633/718/120 165/198/119 488/719/121 937/378/122
f 397/703/88 6/14/87 317/721/124 938/379/125
f 317/721/124 80/196/114 631/715/113 938/379/125
f 631/715/113 232/105/112 634/720/123 938/379/125
f 634/720/123 120/194/90 397/703/88 938/379/125
f 320/722/126 8/16/127 401/723/128 939/380/129
f 401/723/128 122/200/130 636/724/131 939/380/129
f 636/724/131 233/106/132 635/725/133 939/380/129
f 635/725/133 81/199/134 320/722/126 939/380/129
f 402/726/135 50/72/136 513/727/137 940/381/138
f 513/727/137 178/201/139 637/728/140 940/381/138
f 637/728/140 233/106/132 636/724/131 940/381/138
f 636/724/131 122/200/130 402/726/135 940/381/138
f 514/729/141 43/64/116 400/716/115 941/382/142
f 400/716/115 121/197/110 638/730/143 941/382/142
f 638/730/143 233/106/132 637/728/140 941/382/142
f 637/728/140 178/201/139 514/729/141 941/382/142
f 399/713/108 7/15/107 319/731/144 942/383/145
f 319/731/144 81/199/134 635/725/133 942/383/145
f 635/725/133 233/106/132 638/730/143 942/383/145
f 638/730/143 121/197/110 399/713/108 942/383/145
f 322/732/146 1/17/23 387/733/22 943/384/147
f 387/733/22 115/203/20 640/734/148 943/384/147
f 640/734/148 234/107/149 639/735/150 943/384/147
f 639/735/150 82/202/151 322/732/146 943/384/147
f 388/736/18 49/70/17 511/737/152 944/385/153
f 511/737/152 177/204/154 641/738/155 944/385/153
f 641/738/155 234/107/149 640/734/148 944/385/153
f 640/734/148 115/203/20 388/736/18 944/385/153
f 512/739/156 50/72/136 402/726/135 945/386/157
f 402/726/135 122/200/130 642/740/158 945/386/157
f 642/740/158 234/107/149 641/738/155 945/386/157
f 641/738/155 177/204/154 512/739/156 945/386/157
f 401/723/128 8/16/127 321/741/159 946/387/160
f 321/741/159 82/202/151 639/735/150 946/387/160
f 639/735/150 234/107/149 642/740/158 946/387/160
f 642/740/158 122/200/130 401/723/128 946/387/160
f 324/742/161 10/19/162 405/743/163 947/388/164
f 405/743/163 124/206/165 644/744/166 947/388/164
f 644/744/166 235/108/167 643/745/168 947/388/164
f 643/745/168 83/205/169 324/742/161 947/388/164
f 406/746/170 56/78/171 539/747/172 948/389/173
f 539/747/172 191/207/174 645/748/175 948/389/173
f 645/748/175 235/108/167 644/744/166 948/389/173
f 644/744/166 124/206/165 406/746/170 948/389/173
f 540/749/176 57/80/177 404/750/178 949/390/179
f 404/750/178 123/208/180 646/751/181 949/390/179
f 646/751/181 235/108/167 645/748/175 949/390/179
f 645/748/175 191/207/174 540/749/176 949/390/179
f 403/752/182 9/18/183 323/753/184 950/391/185
f 323/753/184 83/205/169 643/745/168 950/391/185
f 643/745/168 235/108/167 646/751/181 950/391/185
f 646/751/181 123/208/180 403/752/182 950/391/185
f 326/754/186 11/20/187 407/755/188 951/392/189
f 407/755/188 125/210/190 648/756/191 951/392/189
f 648/756/191 236/109/192 647/757/193 951/392/189
f 647/757/193 84/209/194 326/754/186 951/392/189
f 408/758/195 55/77/196 535/759/197 952/393/198
f 535/759/197 189/211/199 649/760/200 952/393/198
f 649/760/200 236/109/192 648/756/191 952/393/198
f 648/756/191 125/210/190 408/758/195 952/393/198
f 536/761/201 56/78/171 406/746/170 953/394/202
f 406/746/170 124/206/165 650/762/203 953/394/202
f 650/762/203 236/109/192 649/760/200 953/394/202
f 649/760/200 189/211/199 536/761/201 953/394/202
f 405/743/163 10/19/162 325/763/204 954/395/205
f 325/763/204 84/209/194 647/757/193 954/395/205
f 647/757/193 236/109/192 650/762/203 954/395/205
f 650/762/203 124/206/165 405/743/163 954/395/205
f 328/764/206 12/21/207 409/765/208 955/396/209
f 409/765/208 126/213/210 652/766/211 955/396/209
f 652/766/211 237/110/212 651/767/213 955/396/209
f 651/767/213 85/212/214 328/764/206 955/396/209
f 410/768/215 54/76/216 531/769/217 956/397/218
f 531/769/217 187/214/219 653/770/220 956/397/218
f 653/770/220 237/110/212 652/766/211 956/397/218
f 652/766/211 126/213/210 410/768/215 956/397/218
f 532/771/221 55/77/196 408/758/195 957/398/222
f 408/758/195 125/210/190 654/772/223 957/398/222
f 654/772/223 237/110/212 653/770/220 957/398/222
f 653/770/220 187/214/219 532/771/221 957/398/222
f 407/755/188 11/20/187 327/773/224 958/399/225
f 327/773/224 85/212/214 651/767/213 958/399/225
f 651/767/213 237/110/212 654/772/223 958/399/225
f 654/772/223 125/210/190 407/755/188 958/399/225
f 330/774/226 13/22/227 411/775/228 959/400/229
f 411/775/228 127/216/230 656/776/231 959/400/229
f 656/776/231 238/111/232 655/777/233 959/400/229
f 655/777/233 86/215/234 330/774/226 959/400/229
f 412/778/235 53/75/236 527/779/237 960/401/238
f 527/779/237 185/217/239 657/780/240 960/401/238
f 657/780/240 238/111/232 656/776/231 960/401/238
f 656/776/231 127/216/230 412/778/235 960/401/238
f 528/781/241 54/76/216 410/768/215 961/402/242
f 410/768/215 126/213/210 658/782/243 961/402/242
f 658/782/243 238/111/232 657/780/240 961/402/242
f 657/780/240 185/217/239 528/781/241 961/402/242
f 409/765/208 12/21/207 329/783/244 962/403/245
f 329/783/244 86/215/234 655/777/233 962/403/245
f 655/777/233 238/111/232 658/782/243 962/403/245
f 658/782/243 126/213/210 409/765/208 962/403/245
f 332/784/246 14/23/247 413/785/248 963/404/249
f 413/785/248 128/219/250 660/786/251 963/404/249
f 660/786/251 239/112/252 659/787/253 963/404/249
f 659/787/253 87/218/254 332/784/246 963/404/249
f 414/788/255 52/74/256 523/789/257 964/405/258
f 523/789/257 183/220/259 661/790/260 964/405/258
f 661/790/260 239/112/252 660/786/251 964/405/258
f 660/786/251 128/219/250 414/788/255 964/405/258
f 524/791/261 53/75/236 412/778/235 965/406/262
f 412/778/235 127/216/230 662/792/263 965/406/262
f 662/792/263 239/112/252 661/790/260 965/406/262
f 661/790/260 183/220/259 524/791/261 965/406/262
f 411/775/228 13/22/227 331/793/264 966/407/265
f 331/793/264 87/218/254 659/787/253 966/407/265
f 659/787/253 239/112/252 662/792/263 966/407/265
f 662/792/263 127/216/230 411/775/228 966/407/265
f 334/794/266 15/24/267 415/795/268 967/408/269
f 415/795/268 129/222/270 664/796/271 967/408/269
f 664/796/271 240/113/272 663/797/273 967/408/269
f 663/797/273 88/221/274 334/794/266 967/408/269
f 416/798/275 51/73/276 519/799/277 968/409/278
f 519/799/277 181/223/279 665/800/280 968/409/278
f 665/800/280 240/113/272 664/796/271 968/409/278
f 664/796/271 129/222/270 416/798/275 968/409/278
f 520/801/281 52/74/256 414/788/255 969/410/282
f 414/788/255 128/219/250 666/802/283 969/410/282
f 666/802/283 240/113/272 665/800/280 969/410/282
f 665/800/280 181/223/279 520/801/281 969/410/282
f 413/785/248 14/23/247 333/803/284 970/411/285
f 333/803/284 88/221/274 663/797/273 970/411/285
f 663/797/273 240/113/272 666/802/283 970/411/285
f 666/802/283 128/219/250 413/785/248 970/411/285
f 336/804/286 16/25/287 417/805/288 971/412/289
f 417/805/288 130/225/290 668/806/291 971/412/289
f 668/806/291 241/114/292 667/807/293 971/412/289
f 667/807/293 89/224/294 336/804/286 971/412/289
f 418/808/295 58/81/296 545/809/297 972/413/298
f 545/809/297 194/226/299 669/810/300 972/413/298
f 669/810/300 241/114/292 668/806/291 972/413/298
f 668/806/291 130/225/290 418/808/295 972/413/298
f 546/811/301 51/73/276 416/798/275 973/414/302
f 416/798/275 129/222/270 670/812/303 973/414/302
f 670/812/303 241/114/292 669/810/300 973/414/302
f 669/810/300 194/226/299 546/811/301 973/414/302
f 415/795/268 15/24/267 335/813/304 974/415/305
f 335/813/304 89/224/294 667/807/293 974/415/305
f 667/807/293 241/114/292 670/812/303 974/415/305
f 670/812/303 129/222/270 415/795/268 974/415/305
f 338/814/306 9/26/183 403/815/182 975/416/307
f 403/815/182 123/228/180 672/816/308 975/416/307
f 672/816/308 242/115/309 671/817/310 975/416/307
f 671/817/310 90/227/311 338/814/306 975/416/307
f 404/818/178 57/79/177 543/819/312 976/417/313
f 543/819/312 193/229/314 673/820/315 976/417/313
f 673/820/315 242/115/309 672/816/308 976/417/313
f 672/816/308 123/228/180 404/818/178 976/417/313
f 544/821/316 58/81/296 418/808/295 977/418/317
f 418/808/295 130/225/290 674/822/318 977/418/317
f 674/822/318 242/115/309 673/820/315 977/418/317
f 673/820/315 193/229/314 544/821/316 977/418/317
f 417/805/288 16/25/287 337/823/319 978/419/320
f 337/823/319 90/227/311 671/817/310 978/419/320
f 671/817/310 242/115/309 674/822/318 978/419/320
f 674/822/318 130/225/290 417/805/288 978/419/320
f 340/824/321 18/28/322 421/825/323 979/420/324
f 421/825/323 132/231/325 676/826/326 979/420/324
f 676/826/326 243/116/327 675/827/328 979/420/324
f 675/827/328 91/230/329 340/824/321 979/420/324
f 422/828/330 64/87/331 571/829/332 980/421/333
f 571/829/332 207/232/334 677/830/335 980/421/333
f 677/830/335 243/116/327 676/826/326 980/421/333
f 676/826/326 132/231/325 422/828/330 980/421/333
f 572/831/336 65/89/337 420/832/338 981/422/339
f 420/832/338 131/233/340 678/833/341 981/422/339
f 678/833/341 243/116/327 677/830/335 981/422/339
f 677/830/335 207/232/334 572/831/336 981/422/339
f 419/834/342 17/27/343 339/835/344 982/423/345
f 339/835/344 91/230/329 675/827/328 982/423/345
f 675/827/328 243/116/327 678/833/341 982/423/345
f 678/833/341 131/233/340 419/834/342 982/423/345
f 342/836/346 19/29/347 423/837/348 983/424/349
f 423/837/348 133/235/350 680/838/351 983/424/349
f 680/838/351 244/117/352 679/839/353 983/424/349
f 679/839/353 92/234/354 342/836/346 983/424/349
f 424/840/355 63/86/356 567/841/357 984/425/358
f 567/841/357 205/236/359 681/842/360 984/425/358
f 681/842/360 244/117/352 680/838/351 984/425/358
f 680/838/351 133/235/350 424/840/355 984/425/358
f 568/843/361 64/87/331 422/828/330 985/426/362
f 422/828/330 132/231/325 682/844/363 985/426/362
f 682/844/363 244/117/352 681/842/360 985/426/362
f 681/842/360 205/236/359 568/843/361 985/426/362
f 421/825/323 18/28/322 341/845/364 986/427/365
f 341/845/364 92/234/354 679/839/353 986/427/365
f 679/839/353 244/117/352 682/844/363 986/427/365
f 682/844/363 132/231/325 421/825/323 986/427/365
f 344/846/366 20/30/367 425/847/368 987/428/369
f 425/847/368 134/238/370 684/848/371 987/428/369
f 684/848/371 245/118/372 683/849/373 987/428/369
f 683/849/373 93/237/374 344/846/366 987/428/369
f 426/850/375 62/85/376 563/851/377 988/429/378
f 563/851/377 203/239/379 685/852/380 988/429/378
f 685/852/380 245/118/372 684/848/371 988/429/378
f 684/848/371 134/238/370 426/850/375 988/429/378
f 564/853/381 63/86/356 424/840/355 989/430/382
f 424/840/355 133/235/350 686/854/383 989/430/382
f 686/854/383 245/118/372 685/852/380 989/430/382
f 685/852/380 203/239/379 564/853/381 989/430/382
f 423/837/348 19/29/347 343/855/384 990/431/385
f 343/855/384 93/237/374 683/849/373 990/431/385
f 683/849/373 245/118/372 686/854/383 990/431/385
f 686/854/383 133/235/350 423/837/348 990/431/385
f 346/856/386 21/31/387 427/857/388 991/432/389
f 427/857/388 135/241/390 688/858/391 991/432/389
f 688/858/391 246/119/392 687/859/393 991/432/389
f 687/859/393 94/240/394 346/856/386 991/432/389
f 428/860/395 61/84/396 559/861/397 992/433/398
f 559/861/397 201/242/399 689/862/400 992/433/398
f 689/862/400 246/119/392 688/858/391 992/433/398
f 688/858/391 135/241/390 428/860/395 992/433/398
f 560/863/401 62/85/376 426/850/375 993/434/402
f 426/850/375 134/238/370 690/864/403 993/434/402
f 690/864/403 246/119/392 689/862/400 993/434/402
f 689/862/400 201/242/399 560/863/401 993/434/402
f 425/847/368 20/30/367 345/865/404 994/435/405
f 345/865/404 94/240/394 687/859/393 994/435/405
f 687/859/393 246/119/392 690/864/403 994/435/405
f 690/864/403 134/238/370 425/847/368 994/435/405
f 348/866/406 22/32/407 429/867/408 995/436/409
f 429/867/408 136/244/410 692/868/411 995/436/409
f 692/868/411 247/120/412 691/869/413 995/436/409
f 691/869/413 95/243/414 348/866/406 995/436/409
f 430/870/415 60/83/416 555/871/417 996/437/418
f 555/871/417 199/245/419 693/872/420 996/437/418
f 693/872/420 247/120/412 692/868/411 996/437/418
f 692/868/411 136/244/410 430/870/415 996/437/418
f 556/873/421 61/84/396 428/860/395 997/438/422
f 428/860/395 135/241/390 694/874/423 997/438/422
f 694/874/423 247/120/412 693/872/420 997/438/422
f 693/872/420 199/245/419 556/873/421 997/438/422
f 427/857/388 21/31/387 347/875/424 998/439/425
f 347/875/424 95/243/414 691/869/413 998/439/425
f 691/869/413 247/120/412 694/874/423 998/439/425
f 694/874/423 135/241/390 427/857/388 998/439/425
f 350/876/426 23/33/427 431/877/428 999/440/429
f 431/877/428 137/247/430 696/878/431 999/440/429
f 696/878/431 248/121/432 695/879/433 999/440/429
f 695/879/433 96/246/434 350/876/426 999/440/429
f 432/880/435 59/82/436 551/881/437 1000/441/438
f 551/881/437 197/248/439 697/882/440 1000/441/438
f 697/882/440 248/121/432 696/878/431 1000/441/438
f 696/878/431 137/247/430 432/880/435 1000/441/438
f 552/883/441 60/83/416 430/870/415 1001/442/442
f 430/870/415 136/244/410 698/884/443 1001/442/442
f 698/884/443 248/121/432 697/882/440 1001/442/442
f 697/882/440 197/248/439 552/883/441 1001/442/442
f 429/867/408 22/32/407 349/885/444 1002/443/445
f 349/885/444 96/246/434 695/879/433 1002/443/445
f 695/879/433 248/121/432 698/884/443 1002/443/445
f 698/884/443 136/244/410 429/867/408 1002/443/445
f 352/886/446 24/34/447 433/887/448 1003/444/449
f 433/887/448 138/250/450 700/888/451 1003/444/449
f 700/888/451 249/122/452 699/889/453 1003/444/449
f 699/889/453 97/249/454 352/886/446 1003/444/449
f 434/890/455 66/90/456 577/891/457 1004/445/458
f 577/891/457 210/251/459 701/892/460 1004/445/458
f 701/892/460 249/122/452 700/888/451 1004/445/458
f 700/888/451 138/250/450 434/890/455 1004/445/458
f 578/893/461 59/82/436 432/880/435 1005/446/462
f 432/880/435 137/247/430 702/894/463 1005/446/462
f 702/894/463 249/122/452 701/892/460 1005/446/462
f 701/892/460 210/251/459 578/893/461 1005/446/462
f 431/877/428 23/33/427 351/895/464 1006/447/465
f 351/895/464 97/249/454 699/889/453 1006/447/465
f 699/889/453 249/122/452 702/894/463 1006/447/465
f 702/894/463 137/247/430 431/877/428 1006/447/465
f 354/896/466 17/35/343 419/897/342 1007/448/467
f 419/897/342 131/253/340 704/898/468 1007/448/467
f 704/898/468 250/123/469 703/899/470 1007/448/467
f 703/899/470 98/252/471 354/896/466 1007/448/467
f 420/900/338 65/88/337 575/901/472 1008/449/473
f 575/901/472 209/254/474 705/902/475 1008/449/473
f 705/902/475 250/123/469 704/898/468 1008/449/473
f 704/898/468 131/253/340 420/900/338 1008/449/473
f 576/903/476 66/90/456 434/890/455 1009/450/477
f 434/890/455 138/250/450 706/904/478 1009/450/477
f 706/904/478 250/123/469 705/902/475 1009/450/477
f 705/902/475 209/254/474 576/903/476 1009/450/477
f 433/887/448 24/34/447 353/905/479 1010/451/480
f 353/905/479 98/252/471 703/899/470 1010/451/480
f 703/899/470 250/123/469 706/904/478 1010/451/480
f 706/904/478 138/250/450 433/887/448 1010/451/480
f 356/906/481 26/37/482 437/907/483 1011/452/484
f 437/907/483 140/256/485 708/908/486 1011/452/484
f 708/908/486 251/124/487 707/909/488 1011/452/484
f 707/909/488 99/255/489 356/906/481 1011/452/484
f 438/910/490 71/95/491 599/911/492 1012/453/493
f 599/911/492 221/257/494 709/912/495 1012/453/493
f 709/912/495 251/124/487 708/908/486 1012/453/493
f 708/908/486 140/256/485 438/910/490 1012/453/493
f 600/913/496 72/97/497 436/914/498 1013/454/499
f 436/914/498 139/258/500 710/915/501 1013/454/499
f 710/915/501 251/124/487 709/912/495 1013/454/499
f 709/912/495 221/257/494 600/913/496 1013/454/499
f 435/916/502 25/36/503 355/917/504 1014/455/505
f 355/917/504 99/255/489 707/909/488 1014/455/505
f 707/909/488 251/124/487 710/915/501 1014/455/505
f 710/915/501 139/258/500 435/916/502 1014/455/505
f 358/918/506 27/38/507 439/919/508 1015/456/509
f 439/919/508 141/260/510 712/920/511 1015/456/509
f 712/920/511 252/125/512 711/921/513 1015/456/509
f 711/921/513 100/259/514 358/918/506 1015/456/509
f 440/922/515 70/94/516 595/923/517 1016/457/518
f 595/923/517 219/261/519 713/924/520 1016/457/518
f 713/924/520 252/125/512 712/920/511 1016/457/518
f 712/920/511 141/260/510 440/922/515 1016/457/518
f 596/925/521 71/95/491 438/910/490 1017/458/522
f 438/910/490 140/256/485 714/926/523 1017/458/522
f 714/926/523 252/125/512 713/924/520 1017/458/522
f 713/924/520 219/261/519 596/925/521 1017/458/522
f 437/907/483 26/37/482 357/927/524 1018/459/525
f 357/927/524 100/259/514 711/921/513 1018/459/525
f 711/921/513 252/125/512 714/926/523 1018/459/525
f 714/926/523 140/256/485 437/907/483 1018/459/525
f 360/928/526 28/39/527 441/929/528 1019/460/529
f 441/929/528 142/263/530 716/930/531 1019/460/529
f 716/930/531 253/126/532 715/931/533 1019/460/529
f 715/931/533 101/262/534 360/928/526 1019/460/529
f 442/932/535 69/93/536 591/933/537 1020/461/538
f 591/933/537 217/264/539 717/934/540 1020/461/538
f 717/934/540 253/126/532 716/930/531 1020/461/538
f 716/930/531 142/263/530 442/932/535 1020/461/538
f 592/935/541 70/94/516 440/922/515 1021/462/542
f 440/922/515 141/260/510 718/936/543 1021/462/542
f 718/936/543 253/126/532 717/934/540 1021/462/542
f 717/934/540 217/264/539 592/935/541 1021/462/542
f 439/919/508 27/38/507 359/937/544 1022/463/545
f 359/937/544 101/262/534 715/931/533 1022/463/545
f 715/931/533 253/126/532 718/936/543 1022/463/545
f 718/936/543 141/260/510 439/919/508 1022/463/545
f 362/938/546 29/40/547 443/939/548 1023/464/549
f 443/939/548 143/266/550 720/940/551 1023/464/549
f 720/940/551 254/127/552 719/941/553 1023/464/549
f 719/941/553 102/265/554 362/938/546 1023/464/549
f 444/942/555 68/92/556 587/943/557 1024/465/558
f 587/943/557 215/267/559 721/944/560 1024/465/558
f 721/944/560 254/127/552 720/940/551 1024/465/558
f 720/940/551 143/266/550 444/942/555 1024/465/558
f 588/945/561 69/93/536 442/932/535 1025/466/562
f 442/932/535 142/263/530 722/946/563 1025/466/562
f 722/946/563 254/127/552 721/944/560 1025/466/562
f 721/944/560 215/267/559 588/945/561 1025/466/562
f 441/929/528 28/39/527 361/947/564 1026/467/565
f 361/947/564 102/265/554 719/941/553 1026/467/565
f 719/941/553 254/127/552 722/946/563 1026/467/565
f 722/946/563 142/263/530 441/929/528 1026/467/565
f 364/948/566 30/41/567 445/949/568 1027/468/569
f 445/949/568 144/269/570 724/950/571 1027/468/569
f 724/950/571 255/128/572 723/951/573 1027/468/569
f 723/951/573 103/268/574 364/948/566 1027/468/569
f 446/952/575 67/91/576 583/953/577 1028/469/578
f 583/953/577 213/270/579 725/954/580 1028/469/578
f 725/954/580 255/128/572 724/950/571 1028/469/578
f 724/950/571 144/269/570 446/952/575 1028/469/578
f 584/955/581 68/92/556 444/942/555 1029/470/582
f 444/942/555 143/266/550 726/956/583 1029/470/582
f 726/956/583 255/128/572 725/954/580 1029/470/582
f 725/954/580 213/270/579 584/955/581 1029/470/582
f 443/939/548 29/40/547 363/957/584 1030/471/585
f 363/957/584 103/268/574 723/951/573 1030/471/585
f 723/951/573 255/128/572 726/956/583 1030/471/585
f 726/956/583 143/266/550 443/939/548 1030/471/585
f 366/958/586 31/42/587 447/959/588 1031/472/589
f 447/959/588 145/272/590 728/960/591 1031/472/589
f 728/960/591 256/129/592 727/961/593 1031/472/589
f 727/961/593 104/271/594 366/958/586 1031/472/589
f 448/962/595 74/99/596 609/963/597 1032/473/598
f 609/963/597 226/273/599 729/964/600 1032/473/598
f 729/964/600 256/129/592 728/960/591 1032/473/598
f 728/960/591 145/272/590 448/962/595 1032/473/598
f 610/965/601 67/91/576 446/952/575 1033/474/602
f 446/952/575 144/269/570 730/966/603 1033/474/602
f 730/966/603 256/129/592 729/964/600 1033/474/602
f 729/964/600 226/273/599 610/965/601 1033/474/602
f 445/949/568 30/41/567 365/967/604 1034/475/605
f 365/967/604 104/271/594 727/961/593 1034/475/605
f 727/961/593 256/129/592 730/966/603 1034/475/605
f 730/966/603 144/269/570 445/949/568 1034/475/605
f 368/968/606 32/43/607 449/969/608 1035/476/609
f 449/969/608 146/275/610 732/970/611 1035/476/609
f 732/970/611 257/130/612 731/971/613 1035/476/609
f 731/971/613 105/274/614 368/968/606 1035/476/609
f 450/972/615 73/98/616 607/973/617 1036/477/618
f 607/973/617 225/276/619 733/974/620 1036/477/618
f 733/974/620 257/130/612 732/970/611 1036/477/618
f 732/970/611 146/275/610 450/972/615 1036/477/618
f 608/975/621 74/99/596 448/962/595 1037/478/622
f 448/962/595 145/272/590 734/976/623 1037/478/622
f 734/976/623 257/130/612 733/974/620 1037/478/622
f 733/974/620 225/276/619 608/975/621 1037/478/622
f 447/959/588 31/42/587 367/977/624 1038/479/625
f 367/977/624 105/274/614 731/971/613 1038/479/625
f 731/971/613 257/130/612 734/976/623 1038/479/625
f 734/976/623 145/272/590 447/959/588 1038/479/625
f 370/978/626 25/44/503 435/979/502 1039/480/627
f 435/979/502 139/278/500 736/980/628 1039/480/627
f 736/980/628 258/131/629 735/981/630 1039/480/627
f 735/981/630 106/277/631 370/978/626 1039/480/627
f 436/982/498 72/96/497 603/983/632 1040/481/633
f 603/983/632 223/279/634 737/984/635 1040/481/633
f 737/984/635 258/131/629 736/980/628 1040/481/633
f 736/980/628 139/278/500 436/982/498 1040/481/633
f 604/985/636 73/98/616 450/972/615 1041/482/637
f 450/972/615 146/275/610 738/986/638 1041/482/637
f 738/986/638 258/131/629 737/984/635 1041/482/637
f 737/984/635 223/279/634 604/985/636 1041/482/637
f 449/969/608 32/43/607 369/987/639 1042/483/640
f 369/987/639 106/277/631 735/981/630 1042/483/640
f 735/981/630 258/131/629 738/986/638 1042/483/640
f 738/986/638 146/275/610 449/969/608 1042/483/640
f 307/988/24 1/1/23 452/989/641 1043/484/642
f 452/989/641 147/281/643 740/990/644 1043/484/642
f 740/990/644 259/132/645 739/991/646 1043/484/642
f 739/991/646 75/280/9 307/988/24 1043/484/642
f 451/992/647 41/62/648 453/993/649 1044/485/650
f 453/993/649 148/282/651 741/994/652 1044/485/650
f 741/994/652 259/132/645 740/990/644 1044/485/650
f 740/990/644 147/281/643 451/992/647 1044/485/650
f 454/995/653 2/2/2 308/996/1 1045/486/654
f 308/996/1 75/280/9 739/991/646 1045/486/654
f 739/991/646 259/132/645 741/994/652 1045/486/654
f 741/994/652 148/282/651 454/995/653 1045/486/654
f 309/997/44 2/2/2 454/995/653 1046/487/655
f 454/995/653 148/282/651 743/998/656 1046/487/655
f 743/998/656 260/133/657 742/999/658 1046/487/655
f 742/999/658 76/283/34 309/997/44 1046/487/655
f 453/993/649 41/62/648 455/1000/659 1047/488/660
f 455/1000/659 149/284/661 744/1001/662 1047/488/660
f 744/1001/662 260/133/657 743/998/656 1047/488/660
f 743/998/656 148/282/651 453/993/649 1047/488/660
f 456/1002/663 3/3/27 310/1003/26 1048/489/664
f 310/1003/26 76/283/34 742/999/658 1048/489/664
f 742/999/658 260/133/657 744/1001/662 1048/489/664
f 744/1001/662 149/284/661 456/1002/663 1048/489/664
f 311/1004/64 3/3/27 456/1002/663 1049/490/665
f 456/1002/663 149/284/661 746/1005/666 1049/490/665
f 746/1005/666 261/134/667 745/1006/668 1049/490/665
f 745/1006/668 77/285/54 311/1004/64 1049/490/665
f 455/1000/659 41/62/648 457/1007/669 1050/491/670
f 457/1007/669 150/286/671 747/1008/672 1050/491/670
f 747/1008/672 261/134/667 746/1005/666 1050/491/670
f 746/1005/666 149/284/661 455/1000/659 1050/491/670
f 458/1009/673 4/4/47 312/1010/46 1051/492/674
f 312/1010/46 77/285/54 745/1006/668 1051/492/674
f 745/1006/668 261/134/667 747/1008/672 1051/492/674
f 747/1008/672 150/286/671 458/1009/673 1051/492/674
f 313/1011/84 4/4/47 458/1009/673 1052/493/675
f 458/1009/673 150/286/671 749/1012/676 1052/493/675
f 749/1012/676 262/135/677 748/1013/678 1052/493/675
f 748/1013/678 78/287/74 313/1011/84 1052/493/675
f 457/1007/669 41/62/648 459/1014/679 1053/494/680
f 459/1014/679 151/288/681 750/1015/682 1053/494/680
f 750/1015/682 262/135/677 749/1012/676 1053/494/680
f 749/1012/676 150/286/671 457/1007/669 1053/494/680
f 460/1016/683 5/5/67 314/1017/66 1054/495/684
f 314/1017/66 78/287/74 748/1013/678 1054/495/684
f 748/1013/678 262/135/677 750/1015/682 1054/495/684
f 750/1015/682 151/288/681 460/1016/683 1054/495/684
f 315/1018/104 5/5/67 460/1016/683 1055/496/685
f 460/1016/683 151/288/681 752/1019/686 1055/496/685
f 752/1019/686 263/136/687 751/1020/688 1055/496/685
f 751/1020/688 79/289/94 315/1018/104 1055/496/685
f 459/1014/679 41/62/648 461/1021/689 1056/497/690
f 461/1021/689 152/290/691 753/1022/692 1056/497/690
f 753/1022/692 263/136/687 752/1019/686 1056/497/690
f 752/1019/686 151/288/681 459/1014/679 1056/497/690
f 462/1023/693 6/6/87 316/1024/86 1057/498/694
f 316/1024/86 79/289/94 751/1020/688 1057/498/694
f 751/1020/688 263/136/687 753/1022/692 1057/498/694
f 753/1022/692 152/290/691 462/1023/693 1057/498/694
f 317/1025/124 6/6/87 462/1023/693 1058/499/695
f 462/1023/693 152/290/691 755/1026/696 1058/499/695
f 755/1026/696 264/137/697 754/1027/698 1058/499/695
f 754/1027/698 80/291/114 317/1025/124 1058/499/695
f 461/1021/689 41/62/648 463/1028/699 1059/500/700
f 463/1028/699 153/292/701 756/1029/702 1059/500/700
f 756/1029/702 264/137/697 755/1026/696 1059/500/700
f 755/1026/696 152/290/691 461/1021/689 1059/500/700
f 464/1030/703 7/7/107 318/1031/106 1060/501/704
f 318/1031/106 80/291/114 754/1027/698 1060/501/704
f 754/1027/698 264/137/697 756/1029/702 1060/501/704
f 756/1029/702 153/292/701 464/1030/703 1060/501/704
f 319/1032/144 7/7/107 464/1030/703 1061/502/705
f 464/1030/703 153/292/701 758/1033/706 1061/502/705
f 758/1033/706 265/138/707 757/1034/708 1061/502/705
f 757/1034/708 81/293/134 319/1032/144 1061/502/705
f 463/1028/699 41/62/648 465/1035/709 1062/503/710
f 465/1035/709 154/294/711 759/1036/712 1062/503/710
f 759/1036/712 265/138/707 758/1033/706 1062/503/710
f 758/1033/706 153/292/701 463/1028/699 1062/503/710
f 466/1037/713 8/8/127 320/1038/126 1063/504/714
f 320/1038/126 81/293/134 757/1034/708 1063/504/714
f 757/1034/708 265/138/707 759/1036/712 1063/504/714
f 759/1036/712 154/294/711 466/1037/713 1063/504/714
f 321/1039/159 8/8/127 466/1037/713 1064/505/715
f 466/1037/713 154/294/711 761/1040/716 1064/505/715
f 761/1040/716 266/139/717 760/1041/718 1064/505/715
f 760/1041/718 82/295/151 321/1039/159 1064/505/715
f 465/1035/709 41/62/648 451/992/647 1065/506/719
f 451/992/647 147/281/643 762/1042/720 1065/506/719
f 762/1042/720 266/139/717 761/1040/716 1065/506/719
f 761/1040/716 154/294/711 465/1035/709 1065/506/719
f 452/989/641 1/1/23 322/1043/146 1066/507/721
f 322/1043/146 82/295/151 760/1041/718 1066/507/721
f 760/1041/718 266/139/717 762/1042/720 1066/507/721
f 762/1042/720 147/281/643 452/989/641 1066/507/721
f 372/1044/722 34/59/723 469/1045/724 1067/508/725
f 469/1045/724 156/297/726 764/1046/727 1067/508/725
f 764/1046/727 267/140/728 763/1047/729 1067/508/725
f 763/1047/729 107/296/730 372/1044/722 1067/508/725
f 470/1048/731 42/63/732 468/1049/733 1068/509/734
f 468/1049/733 155/298/735 765/1050/736 1068/509/734
f 765/1050/736 267/140/728 764/1046/727 1068/509/734
f 764/1046/727 156/297/726 470/1048/731 1068/509/734
f 467/1051/737 33/60/738 371/1052/739 1069/510/740
f 371/1052/739 107/296/730 763/1047/729 1069/510/740
f 763/1047/729 267/140/728 765/1050/736 1069/510/740
f 765/1050/736 155/298/735 467/1051/737 1069/510/740
f 374/1053/741 35/58/742 471/1054/743 1070/511/744
f 471/1054/743 157/300/745 767/1055/746 1070/511/744
f 767/1055/746 268/141/747 766/1056/748 1070/511/744
f 766/1056/748 108/299/749 374/1053/741 1070/511/744
f 472/1057/750 42/63/732 470/1048/731 1071/512/751
f 470/1048/731 156/297/726 768/1058/752 1071/512/751
f 768/1058/752 268/141/747 767/1055/746 1071/512/751
f 767/1055/746 157/300/745 472/1057/750 1071/512/751
f 469/1045/724 34/59/723 373/1059/753 1072/513/754
f 373/1059/753 108/299/749 766/1056/748 1072/513/754
f 766/1056/748 268/141/747 768/1058/752 1072/513/754
f 768/1058/752 156/297/726 469/1045/724 1072/513/754
f 376/1060/755 36/57/756 473/1061/757 1073/514/758
f 473/1061/757 158/302/759 770/1062/760 1073/514/758
f 770/1062/760 269/142/761 769/1063/762 1073/514/758
f 769/1063/762 109/301/763 376/1060/755 1073/514/758
f 474/1064/764 42/63/732 472/1057/750 1074/515/765
f 472/1057/750 157/300/745 771/1065/766 1074/515/765
f 771/1065/766 269/142/761 770/1062/760 1074/515/765
f 770/1062/760 158/302/759 474/1064/764 1074/515/765
f 471/1054/743 35/58/742 375/1066/767 1075/516/768
f 375/1066/767 109/301/763 769/1063/762 1075/516/768
f 769/1063/762 269/142/761 771/1065/766 1075/516/768
f 771/1065/766 157/300/745 471/1054/743 1075/516/768
f 378/1067/769 37/56/770 475/1068/771 1076/517/772
f 475/1068/771 159/304/773 773/1069/774 1076/517/772
f 773/1069/774 270/143/775 772/1070/776 1076/517/772
f 772/1070/776 110/303/777 378/1067/769 1076/517/772
f 476/1071/778 42/63/732 474/1064/764 1077/518/779
f 474/1064/764 158/302/759 774/1072/780 1077/518/779
f 774/1072/780 270/143/775 773/1069/774 1077/518/779
f 773/1069/774 159/304/773 476/1071/778 1077/518/779
f 473/1061/757 36/57/756 377/1073/781 1078/519/782
f 377/1073/781 110/303/777 772/1070/776 1078/519/782
f 772/1070/776 270/143/775 774/1072/780 1078/519/782
f 774/1072/780 158/302/759 473/1061/757 1078/519/782
f 380/1074/783 38/55/784 477/1075/785 1079/520/786
f 477/1075/785 160/306/787 776/1076/788 1079/520/786
f 776/1076/788 271/144/789 775/1077/790 1079/520/786
f 775/1077/790 111/305/791 380/1074/783 1079/520/786
f 478/1078/792 42/63/732 476/1071/778 1080/521/793
f 476/1071/778 159/304/773 777/1079/794 1080/521/793
f 777/1079/794 271/144/789 776/1076/788 1080/521/793
f 776/1076/788 160/306/787 478/1078/792 1080/521/793
f 475/1068/771 37/56/770 379/1080/795 1081/522/796
f 379/1080/795 111/305/791 775/1077/790 1081/522/796
f 775/1077/790 271/144/789 777/1079/794 1081/522/796
f 777/1079/794 159/304/773 475/1068/771 1081/522/796
f 382/1081/797 39/54/798 479/1082/799 1082/523/800
f 479/1082/799 161/308/801 779/1083/802 1082/523/800
f 779/1083/802 272/145/803 778/1084/804 1082/523/800
f 778/1084/804 112/307/805 382/1081/797 1082/523/800
f 480/1085/806 42/63/732 478/1078/792 1083/524/807
f 478/1078/792 160/306/787 780/1086/808 1083/524/807
f 780/1086/808 272/145/803 779/1083/802 1083/524/807
f 779/1083/802 161/308/801 480/1085/806 1083/524/807
f 477/1075/785 38/55/784 381/1087/809 1084/525/810
f 381/1087/809 112/307/805 778/1084/804 1084/525/810
f 778/1084/804 272/145/803 780/1086/808 1084/525/810
f 780/1086/808 160/306/787 477/1075/785 1084/525/810
f 384/1088/811 40/61/812 481/1089/813 1085/526/814
f 481/1089/813 162/310/815 782/1090/816 1085/526/814
f 782/1090/816 273/146/817 781/1091/818 1085/526/814
f 781/1091/818 113/309/819 384/1088/811 1085/526/814
f 482/1092/820 42/63/732 480/1085/806 1086/527/821
f 480/1085/806 161/308/801 783/1093/822 1086/527/821
f 783/1093/822 273/146/817 782/1090/816 1086/527/821
f 782/1090/816 162/310/815 482/1092/820 1086/527/821
f 479/1082/799 39/54/798 383/1094/823 1087/528/824
f 383/1094/823 113/309/819 781/1091/818 1087/528/824
f 781/1091/818 273/146/817 783/1093/822 1087/528/824
f 783/1093/822 161/308/801 479/1082/799 1087/528/824
f 386/1095/825 33/60/738 467/1051/737 1088/529/826
f 467/1051/737 155/298/735 785/1096/827 1088/529/826
f 785/1096/827 274/147/828 784/1097/829 1088/529/826
f 784/1097/829 114/311/830 386/1095/825 1088/529/826
f 468/1049/733 42/63/732 482/1092/820 1089/530/831
f 482/1092/820 162/310/815 786/1098/832 1089/530/831
f 786/1098/832 274/147/828 785/1096/827 1089/530/831
f 785/1096/827 155/298/735 468/1049/733 1089/530/831
f 481/1089/813 40/61/812 385/1099/833 1090/531/834
f 385/1099/833 114/311/830 784/1097/829 1090/531/834
f 784/1097/829 274/147/828 786/1098/832 1090/531/834
f 786/1098/832 162/310/815 481/1089/813 1090/531/834
f 487/717/117 43/64/116 483/1100/835 1091/532/836
f 483/1100/835 163/312/837 788/1101/838 1091/532/836
f 788/1101/838 275/148/839 787/1102/840 1091/532/836
f 787/1102/840 165/198/119 487/717/117 1091/532/836
f 484/1103/841 15/24/267 334/794/266 1092/533/842
f 334/794/266 88/221/274 789/1104/843 1092/533/842
f 789/1104/843 275/148/839 788/1101/838 1092/533/842
f 788/1101/838 163/312/837 484/1103/841 1092/533/842
f 333/803/284 14/23/247 486/1105/844 1093/534/845
f 486/1105/844 164/313/846 790/1106/847 1093/534/845
f 790/1106/847 275/148/839 789/1104/843 1093/534/845
f 789/1104/843 88/221/274 333/803/284 1093/534/845
f 485/1107/848 44/65/96 488/719/121 1094/535/849
f 488/719/121 165/198/119 787/1102/840 1094/535/849
f 787/1102/840 275/148/839 790/1106/847 1094/535/849
f 790/1106/847 164/313/846 485/1107/848 1094/535/849
f 491/707/97 44/65/96 485/1107/848 1095/536/850
f 485/1107/848 164/313/846 792/1108/851 1095/536/850
f 792/1108/851 276/149/852 791/1109/853 1095/536/850
f 791/1109/853 167/195/99 491/707/97 1095/536/850
f 486/1105/844 14/23/247 332/784/246 1096/537/854
f 332/784/246 87/218/254 793/1110/855 1096/537/854
f 793/1110/855 276/149/852 792/1108/851 1096/537/854
f 792/1108/851 164/313/846 486/1105/844 1096/537/854
f 331/793/264 13/22/227 490/1111/856 1097/538/857
f 490/1111/856 166/314/858 794/1112/859 1097/538/857
f 794/1112/859 276/149/852 793/1110/855 1097/538/857
f 793/1110/855 87/218/254 331/793/264 1097/538/857
f 489/1113/860 45/66/76 492/709/101 1098/539/861
f 492/709/101 167/195/99 791/1109/853 1098/539/861
f 791/1109/853 276/149/852 794/1112/859 1098/539/861
f 794/1112/859 166/314/858 489/1113/860 1098/539/861
f 495/697/77 45/66/76 489/1113/860 1099/540/862
f 489/1113/860 166/314/858 796/1114/863 1099/540/862
f 796/1114/863 277/150/864 795/1115/865 1099/540/862
f 795/1115/865 169/192/79 495/697/77 1099/540/862
f 490/1111/856 13/22/227 330/774/226 1100/541/866
f 330/774/226 86/215/234 797/1116/867 1100/541/866
f 797/1116/867 277/150/864 796/1114/863 1100/541/866
f 796/1114/863 166/314/858 490/1111/856 1100/541/866
f 329/783/244 12/21/207 494/1117/868 1101/542/869
f 494/1117/868 168/315/870 798/1118/871 1101/542/869
f 798/1118/871 277/150/864 797/1116/867 1101/542/869
f 797/1116/867 86/215/234 329/783/244 1101/542/869
f 493/1119/872 46/67/56 496/699/81 1102/543/873
f 496/699/81 169/192/79 795/1115/865 1102/543/873
f 795/1115/865 277/150/864 798/1118/871 1102/543/873
f 798/1118/871 168/315/870 493/1119/872 1102/543/873
f 499/687/57 46/67/56 493/1119/872 1103/544/874
f 493/1119/872 168/315/870 800/1120/875 1103/544/874
f 800/1120/875 278/151/876 799/1121/877 1103/544/874
f 799/1121/877 171/189/59 499/687/57 1103/544/874
f 494/1117/868 12/21/207 328/764/206 1104/545/878
f 328/764/206 85/212/214 801/1122/879 1104/545/878
f 801/1122/879 278/151/876 800/1120/875 1104/545/878
f 800/1120/875 168/315/870 494/1117/868 1104/545/878
f 327/773/224 11/20/187 498/1123/880 1105/546/881
f 498/1123/880 170/316/882 802/1124/883 1105/546/881
f 802/1124/883 278/151/876 801/1122/879 1105/546/881
f 801/1122/879 85/212/214 327/773/224 1105/546/881
f 497/1125/884 47/68/36 500/689/61 1106/547/885
f 500/689/61 171/189/59 799/1121/877 1106/547/885
f 799/1121/877 278/151/876 802/1124/883 1106/547/885
f 802/1124/883 170/316/882 497/1125/884 1106/547/885
f 503/677/37 47/68/36 497/1125/884 1107/548/886
f 497/1125/884 170/316/882 804/1126/887 1107/548/886
f 804/1126/887 279/152/888 803/1127/889 1107/548/886
f 803/1127/889 173/186/39 503/677/37 1107/548/886
f 498/1123/880 11/20/187 326/754/186 1108/549/890
f 326/754/186 84/209/194 805/1128/891 1108/549/890
f 805/1128/891 279/152/888 804/1126/887 1108/549/890
f 804/1126/887 170/316/882 498/1123/880 1108/549/890
f 325/763/204 10/19/162 502/1129/892 1109/550/893
f 502/1129/892 172/317/894 806/1130/895 1109/550/893
f 806/1130/895 279/152/888 805/1128/891 1109/550/893
f 805/1128/891 84/209/194 325/763/204 1109/550/893
f 501/1131/896 48/69/11 504/679/41 1110/551/897
f 504/679/41 173/186/39 803/1127/889 1110/551/897
f 803/1127/889 279/152/888 806/1130/895 1110/551/897
f 806/1130/895 172/317/894 501/1131/896 1110/551/897
f 507/665/12 48/69/11 501/1131/896 1111/552/898
f 501/1131/896 172/317/894 808/1132/899 1111/552/898
f 808/1132/899 280/153/900 807/1133/901 1111/552/898
f 807/1133/901 175/182/14 507/665/12 1111/552/898
f 502/1129/892 10/19/162 324/742/161 1112/553/902
f 324/742/161 83/205/169 809/1134/903 1112/553/902
f 809/1134/903 280/153/900 808/1132/899 1112/553/902
f 808/1132/899 172/317/894 502/1129/892 1112/553/902
f 323/753/184 9/18/183 506/1135/904 1113/554/905
f 506/1135/904 174/318/906 810/1136/907 1113/554/905
f 810/1136/907 280/153/900 809/1134/903 1113/554/905
f 809/1134/903 83/205/169 323/753/184 1113/554/905
f 505/1137/908 49/71/17 508/667/16 1114/555/909
f 508/667/16 175/182/14 807/1133/901 1114/555/909
f 807/1133/901 280/153/900 810/1136/907 1114/555/909
f 810/1136/907 174/318/906 505/1137/908 1114/555/909
f 511/737/152 49/70/17 505/1138/908 1115/556/910
f 505/1138/908 174/319/906 812/1139/911 1115/556/910
f 812/1139/911 281/154/912 811/1140/913 1115/556/910
f 811/1140/913 177/204/154 511/737/152 1115/556/910
f 506/1141/904 9/26/183 338/814/306 1116/557/914
f 338/814/306 90/227/311 813/1142/915 1116/557/914
f 813/1142/915 281/154/912 812/1139/911 1116/557/914
f 812/1139/911 174/319/906 506/1141/904 1116/557/914
f 337/823/319 16/25/287 510/1143/916 1117/558/917
f 510/1143/916 176/320/918 814/1144/919 1117/558/917
f 814/1144/919 281/154/912 813/1142/915 1117/558/917
f 813/1142/915 90/227/311 337/823/319 1117/558/917
f 509/1145/920 50/72/136 512/739/156 1118/559/921
f 512/739/156 177/204/154 811/1140/913 1118/559/921
f 811/1140/913 281/154/912 814/1144/919 1118/559/921
f 814/1144/919 176/320/918 509/1145/920 1118/559/921
f 513/727/137 50/72/136 509/1145/920 1119/560/922
f 509/1145/920 176/320/918 816/1146/923 1119/560/922
f 816/1146/923 282/155/924 815/1147/925 1119/560/922
f 815/1147/925 178/201/139 513/727/137 1119/560/922
f 510/1143/916 16/25/287 336/804/286 1120/561/926
f 336/804/286 89/224/294 817/1148/927 1120/561/926
f 817/1148/927 282/155/924 816/1146/923 1120/561/926
f 816/1146/923 176/320/918 510/1143/916 1120/561/926
f 335/813/304 15/24/267 484/1103/841 1121/562/928
f 484/1103/841 163/312/837 818/1149/929 1121/562/928
f 818/1149/929 282/155/924 817/1148/927 1121/562/928
f 817/1148/927 89/224/294 335/813/304 1121/562/928
f 483/1100/835 43/64/116 514/729/141 1122/563/930
f 514/729/141 178/201/139 815/1147/925 1122/563/930
f 815/1147/925 282/155/924 818/1149/929 1122/563/930
f 818/1149/929 163/312/837 483/1100/835 1122/563/930
f 519/799/277 51/73/276 515/1150/931 1123/564/932
f 515/1150/931 179/321/933 820/1151/934 1123/564/932
f 820/1151/934 283/156/935 819/1152/936 1123/564/932
f 819/1152/936 181/223/279 519/799/277 1123/564/932
f 516/1153/937 23/33/427 350/876/426 1124/565/938
f 350/876/426 96/246/434 821/1154/939 1124/565/938
f 821/1154/939 283/156/935 820/1151/934 1124/565/938
f 820/1151/934 179/321/933 516/1153/937 1124/565/938
f 349/885/444 22/32/407 518/1155/940 1125/566/941
f 518/1155/940 180/322/942 822/1156/943 1125/566/941
f 822/1156/943 283/156/935 821/1154/939 1125/566/941
f 821/1154/939 96/246/434 349/885/444 1125/566/941
f 517/1157/944 52/74/256 520/801/281 1126/567/945
f 520/801/281 181/223/279 819/1152/936 1126/567/945
f 819/1152/936 283/156/935 822/1156/943 1126/567/945
f 822/1156/943 180/322/942 517/1157/944 1126/567/945
f 523/789/257 52/74/256 517/1157/944 1127/568/946
f 517/1157/944 180/322/942 824/1158/947 1127/568/946
f 824/1158/947 284/157/948 823/1159/949 1127/568/946
f 823/1159/949 183/220/259 523/789/257 1127/568/946
f 518/1155/940 22/32/407 348/866/406 1128/569/950
f 348/866/406 95/243/414 825/1160/951 1128/569/950
f 825/1160/951 284/157/948 824/1158/947 1128/569/950
f 824/1158/947 180/322/942 518/1155/940 1128/569/950
f 347/875/424 21/31/387 522/1161/952 1129/570/953
f 522/1161/952 182/323/954 826/1162/955 1129/570/953
f 826/1162/955 284/157/948 825/1160/951 1129/570/953
f 825/1160/951 95/243/414 347/875/424 1129/570/953
f 521/1163/956 53/75/236 524/791/261 1130/571/957
f 524/791/261 183/220/259 823/1159/949 1130/571/957
f 823/1159/949 284/157/948 826/1162/955 1130/571/957
f 826/1162/955 182/323/954 521/1163/956 1130/571/957
f 527/779/237 53/75/236 521/1163/956 1131/572/958
f 521/1163/956 182/323/954 828/1164/959 1131/572/958
f 828/1164/959 285/158/960 827/1165/961 1131/572/958
f 827/1165/961 185/217/239 527/779/237 1131/572/958
f 522/1161/952 21/31/387 346/856/386 1132/573/962
f 346/856/386 94/240/394 829/1166/963 1132/573/962
f 829/1166/963 285/158/960 828/1164/959 1132/573/962
f 828/1164/959 182/323/954 522/1161/952 1132/573/962
f 345/865/404 20/30/367 526/1167/964 1133/574/965
f 526/1167/964 184/324/966 830/1168/967 1133/574/965
f 830/1168/967 285/158/960 829/1166/963 1133/574/965
f 829/1166/963 94/240/394 345/865/404 1133/574/965
f 525/1169/968 54/76/216 528/781/241 1134/575/969
f 528/781/241 185/217/239 827/1165/961 1134/575/969
f 827/1165/961 285/158/960 830/1168/967 1134/575/969
f 830/1168/967 184/324/966 525/1169/968 1134/575/969
f 531/769/217 54/76/216 525/1169/968 1135/576/970
f 525/1169/968 184/324/966 832/1170/971 1135/576/970
f 832/1170/971 286/159/972 831/1171/973 1135/576/970
f 831/1171/973 187/214/219 531/769/217 1135/576/970
f 526/1167/964 20/30/367 344/846/366 1136/577/974
f 344/846/366 93/237/374 833/1172/975 1136/577/974
f 833/1172/975 286/159/972 832/1170/971 1136/577/974
f 832/1170/971 184/324/966 526/1167/964 1136/577/974
f 343/855/384 19/29/347 530/1173/976 1137/578/977
f 530/1173/976 186/325/978 834/1174/979 1137/578/977
f 834/1174/979 286/159/972 833/1172/975 1137/578/977
f 833/1172/975 93/237/374 343/855/384 1137/578/977
f 529/1175/980 55/77/196 532/771/221 1138/579/981
f 532/771/221 187/214/219 831/1171/973 1138/579/981
f 831/1171/973 286/159/972 834/1174/979 1138/579/981
f 834/1174/979 186/325/978 529/1175/980 1138/579/981
f 535/759/197 55/77/196 529/1175/980 1139/580/982
f 529/1175/980 186/325/978 836/1176/983 1139/580/982
f 836/1176/983 287/160/984 835/1177/985 1139/580/982
f 835/1177/985 189/211/199 535/759/197 1139/580/982
f 530/1173/976 19/29/347 342/836/346 1140/581/986
f 342/836/346 92/234/354 837/1178/987 1140/581/986
f 837/1178/987 287/160/984 836/1176/983 1140/581/986
f 836/1176/983 186/325/978 530/1173/976 1140/581/986
f 341/845/364 18/28/322 534/1179/988 1141/582/989
f 534/1179/988 188/326/990 838/1180/991 1141/582/989
f 838/1180/991 287/160/984 837/1178/987 1141/582/989
f 837/1178/987 92/234/354 341/845/364 1141/582/989
f 533/1181/992 56/78/171 536/761/201 1142/583/993
f 536/761/201 189/211/199 835/1177/985 1142/583/993
f 835/1177/985 287/160/984 838/1180/991 1142/583/993
f 838/1180/991 188/326/990 533/1181/992 1142/583/993
f 539/747/172 56/78/171 533/1181/992 1143/584/994
f 533/1181/992 188/326/990 840/1182/995 1143/584/994
f 840/1182/995 288/161/996 839/1183/997 1143/584/994
f 839/1183/997 191/207/174 539/747/172 1143/584/994
f 534/1179/988 18/28/322 340/824/321 1144/585/998
f 340/824/321 91/230/329 841/1184/999 1144/585/998
f 841/1184/999 288/161/996 840/1182/995 1144/585/998
f 840/1182/995 188/326/990 534/1179/988 1144/585/998
f 339/835/344 17/27/343 538/1185/1000 1145/586/1001
f 538/1185/1000 190/327/1002 842/1186/1003 1145/586/1001
f 842/1186/1003 288/161/996 841/1184/999 1145/586/1001
f 841/1184/999 91/230/329 339/835/344 1145/586/1001
f 537/1187/1004 57/80/177 540/749/176 1146/587/1005
f 540/749/176 191/207/174 839/1183/997 1146/587/1005
f 839/1183/997 288/161/996 842/1186/1003 1146/587/1005
f 842/1186/1003 190/327/1002 537/1187/1004 1146/587/1005
f 543/819/312 57/79/177 537/1188/1004 1147/588/1006
f 537/1188/1004 190/328/1002 844/1189/1007 1147/588/1006
f 844/1189/1007 289/162/1008 843/1190/1009 1147/588/1006
f 843/1190/1009 193/229/314 543/819/312 1147/588/1006
f 538/1191/1000 17/35/343 354/896/466 1148/589/1010
f 354/896/466 98/252/471 845/1192/1011 1148/589/1010
f 845/1192/1011 289/162/1008 844/1189/1007 1148/589/1010
f 844/1189/1007 190/328/1002 538/1191/1000 1148/589/1010
f 353/905/479 24/34/447 542/1193/1012 1149/590/1013
f 542/1193/1012 192/329/1014 846/1194/1015 1149/590/1013
f 846/1194/1015 289/162/1008 845/1192/1011 1149/590/1013
f 845/1192/1011 98/252/471 353/905/479 1149/590/1013
f 541/1195/1016 58/81/296 544/821/316 1150/591/1017
f 544/821/316 193/229/314 843/1190/1009 1150/591/1017
f 843/1190/1009 289/162/1008 846/1194/1015 1150/591/1017
f 846/1194/1015 192/329/1014 541/1195/1016 1150/591/1017
f 545/809/297 58/81/296 541/1195/1016 1151/592/1018
f 541/1195/1016 192/329/1014 848/1196/1019 1151/592/1018
f 848/1196/1019 290/163/1020 847/1197/1021 1151/592/1018
f 847/1197/1021 194/226/299 545/809/297 1151/592/1018
f 542/1193/1012 24/34/447 352/886/446 1152/593/1022
f 352/886/446 97/249/454 849/1198/1023 1152/593/1022
f 849/1198/1023 290/163/1020 848/1196/1019 1152/593/1022
f 848/1196/1019 192/329/1014 542/1193/1012 1152/593/1022
f 351/895/464 23/33/427 516/1153/937 1153/594/1024
f 516/1153/937 179/321/933 850/1199/1025 1153/594/1024
f 850/1199/1025 290/163/1020 849/1198/1023 1153/594/1024
f 849/1198/1023 97/249/454 351/895/464 1153/594/1024
f 515/1150/931 51/73/276 546/811/301 1154/595/1026
f 546/811/301 194/226/299 847/1197/1021 1154/595/1026
f 847/1197/1021 290/163/1020 850/1199/1025 1154/595/1026
f 850/1199/1025 179/321/933 515/1150/931 1154/595/1026
f 551/881/437 59/82/436 547/1200/1027 1155/596/1028
f 547/1200/1027 195/330/1029 852/1201/1030 1155/596/1028
f 852/1201/1030 291/164/1031 851/1202/1032 1155/596/1028
f 851/1202/1032 197/248/439 551/881/437 1155/596/1028
f 548/1203/1033 31/42/587 366/958/586 1156/597/1034
f 366/958/586 104/271/594 853/1204/1035 1156/597/1034
f 853/1204/1035 291/164/1031 852/1201/1030 1156/597/1034
f 852/1201/1030 195/330/1029 548/1203/1033 1156/597/1034
f 365/967/604 30/41/567 550/1205/1036 1157/598/1037
f 550/1205/1036 196/331/1038 854/1206/1039 1157/598/1037
f 854/1206/1039 291/164/1031 853/1204/1035 1157/598/1037
f 853/1204/1035 104/271/594 365/967/604 1157/598/1037
f 549/1207/1040 60/83/416 552/883/441 1158/599/1041
f 552/883/441 197/248/439 851/1202/1032 1158/599/1041
f 851/1202/1032 291/164/1031 854/1206/1039 1158/599/1041
f 854/1206/1039 196/331/1038 549/1207/1040 1158/599/1041
f 555/871/417 60/83/416 549/1207/1040 1159/600/1042
f 549/1207/1040 196/331/1038 856/1208/1043 1159/600/1042
f 856/1208/1043 292/165/1044 855/1209/1045 1159/600/1042
f 855/1209/1045 199/245/419 555/871/417 1159/600/1042
f 550/1205/1036 30/41/567 364/948/566 1160/601/1046
f 364/948/566 103/268/574 857/1210/1047 1160/601/1046
f 857/1210/1047 292/165/1044 856/1208/1043 1160/601/1046
f 856/1208/1043 196/331/1038 550/1205/1036 1160/601/1046
f 363/957/584 29/40/547 554/1211/1048 1161/602/1049
f 554/1211/1048 198/332/1050 858/1212/1051 1161/602/1049
f 858/1212/1051 292/165/1044 857/1210/1047 1161/602/1049
f 857/1210/1047 103/268/574 363/957/584 1161/602/1049
f 553/1213/1052 61/84/396 556/873/421 1162/603/1053
f 556/873/421 199/245/419 855/1209/1045 1162/603/1053
f 855/1209/1045 292/165/1044 858/1212/1051 1162/603/1053
f 858/1212/1051 198/332/1050 553/1213/1052 1162/603/1053
f 559/861/397 61/84/396 553/1213/1052 1163/604/1054
f 553/1213/1052 198/332/1050 860/1214/1055 1163/604/1054
f 860/1214/1055 293/166/1056 859/1215/1057 1163/604/1054
f 859/1215/1057 201/242/399 559/861/397 1163/604/1054
f 554/1211/1048 29/40/547 362/938/546 1164/605/1058
f 362/938/546 102/265/554 861/1216/1059 1164/605/1058
f 861/1216/1059 293/166/1056 860/1214/1055 1164/605/1058
f 860/1214/1055 198/332/1050 554/1211/1048 1164/605/1058
f 361/947/564 28/39/527 558/1217/1060 1165/606/1061
f 558/1217/1060 200/333/1062 862/1218/1063 1165/606/1061
f 862/1218/1063 293/166/1056 861/1216/1059 1165/606/1061
f 861/1216/1059 102/265/554 361/947/564 1165/606/1061
f 557/1219/1064 62/85/376 560/863/401 1166/607/1065
f 560/863/401 201/242/399 859/1215/1057 1166/607/1065
f 859/1215/1057 293/166/1056 862/1218/1063 1166/607/1065
f 862/1218/1063 200/333/1062 557/1219/1064 1166/607/1065
f 563/851/377 62/85/376 557/1219/1064 1167/608/1066
f 557/1219/1064 200/333/1062 864/1220/1067 1167/608/1066
f 864/1220/1067 294/167/1068 863/1221/1069 1167/608/1066
f 863/1221/1069 203/239/379 563/851/377 1167/608/1066
f 558/1217/1060 28/39/527 360/928/526 1168/609/1070
f 360/928/526 101/262/534 865/1222/1071 1168/609/1070
f 865/1222/1071 294/167/1068 864/1220/1067 1168/609/1070
f 864/1220/1067 200/333/1062 558/1217/1060 1168/609/1070
f 359/937/544 27/38/507 562/1223/1072 1169/610/1073
f 562/1223/1072 202/334/1074 866/1224/1075 1169/610/1073
f 866/1224/1075 294/167/1068 865/1222/1071 1169/610/1073
f 865/1222/1071 101/262/534 359/937/544 1169/610/1073
f 561/1225/1076 63/86/356 564/853/381 1170/611/1077
f 564/853/381 203/239/379 863/1221/1069 1170/611/1077
f 863/1221/1069 294/167/1068 866/1224/1075 1170/611/1077
f 866/1224/1075 202/334/1074 561/1225/1076 1170/611/1077
f 567/841/357 63/86/356 561/1225/1076 1171/612/1078
f 561/1225/1076 202/334/1074 868/1226/1079 1171/612/1078
f 868/1226/1079 295/168/1080 867/1227/1081 1171/612/1078
f 867/1227/1081 205/236/359 567/841/357 1171/612/1078
f 562/1223/1072 27/38/507 358/918/506 1172/613/1082
f 358/918/506 100/259/514 869/1228/1083 1172/613/1082
f 869/1228/1083 295/168/1080 868/1226/1079 1172/613/1082
f 868/1226/1079 202/334/1074 562/1223/1072 1172/613/1082
f 357/927/524 26/37/482 566/1229/1084 1173/614/1085
f 566/1229/1084 204/335/1086 870/1230/1087 1173/614/1085
f 870/1230/1087 295/168/1080 869/1228/1083 1173/614/1085
f 869/1228/1083 100/259/514 357/927/524 1173/614/1085
f 565/1231/1088 64/87/331 568/843/361 1174/615/1089
f 568/843/361 205/236/359 867/1227/1081 1174/615/1089
f 867/1227/1081 295/168/1080 870/1230/1087 1174/615/1089
f 870/1230/1087 204/335/1086 565/1231/1088 1174/615/1089
f 571/829/332 64/87/331 565/1231/1088 1175/616/1090
f 565/1231/1088 204/335/1086 872/1232/1091 1175/616/1090
f 872/1232/1091 296/169/1092 871/1233/1093 1175/616/1090
f 871/1233/1093 207/232/334 571/829/332 1175/616/1090
f 566/1229/1084 26/37/482 356/906/481 1176/617/1094
f 356/906/481 99/255/489 873/1234/1095 1176/617/1094
f 873/1234/1095 296/169/1092 872/1232/1091 1176/617/1094
f 872/1232/1091 204/335/1086 566/1229/1084 1176/617/1094
f 355/917/504 25/36/503 570/1235/1096 1177/618/1097
f 570/1235/1096 206/336/1098 874/1236/1099 1177/618/1097
f 874/1236/1099 296/169/1092 873/1234/1095 1177/618/1097
f 873/1234/1095 99/255/489 355/917/504 1177/618/1097
f 569/1237/1100 65/89/337 572/831/336 1178/619/1101
f 572/831/336 207/232/334 871/1233/1093 1178/619/1101
f 871/1233/1093 296/169/1092 874/1236/1099 1178/619/1101
f 874/1236/1099 206/336/1098 569/1237/1100 1178/619/1101
f 575/901/472 65/88/337 569/1238/1100 1179/620/1102
f 569/1238/1100 206/337/1098 876/1239/1103 1179/620/1102
f 876/1239/1103 297/170/1104 875/1240/1105 1179/620/1102
f 875/1240/1105 209/254/474 575/901/472 1179/620/1102
f 570/1241/1096 25/44/503 370/978/626 1180/621/1106
f 370/978/626 106/277/631 877/1242/1107 1180/621/1106
f 877/1242/1107 297/170/1104 876/1239/1103 1180/621/1106
f 876/1239/1103 206/337/1098 570/1241/1096 1180/621/1106
f 369/987/639 32/43/607 574/1243/1108 1181/622/1109
f 574/1243/1108 208/338/1110 878/1244/1111 1181/622/1109
f 878/1244/1111 297/170/1104 877/1242/1107 1181/622/1109
f 877/1242/1107 106/277/631 369/987/639 1181/622/1109
f 573/1245/1112 66/90/456 576/903/476 1182/623/1113
f 576/903/476 209/254/474 875/1240/1105 1182/623/1113
f 875/1240/1105 297/170/1104 878/1244/1111 1182/623/1113
f 878/1244/1111 208/338/1110 573/1245/1112 1182/623/1113
f 577/891/457 66/90/456 573/1245/1112 1183/624/1114
f 573/1245/1112 208/338/1110 880/1246/1115 1183/624/1114
f 880/1246/1115 298/171/1116 879/1247/1117 1183/624/1114
f 879/1247/1117 210/251/459 577/891/457 1183/624/1114
f 574/1243/1108 32/43/607 368/968/606 1184/625/1118
f 368/968/606 105/274/614 881/1248/1119 1184/625/1118
f 881/1248/1119 298/171/1116 880/1246/1115 1184/625/1118
f 880/1246/1115 208/338/1110 574/1243/1108 1184/625/1118
f 367/977/624 31/42/587 548/1203/1033 1185/626/1120
f 548/1203/1033 195/330/1029 882/1249/1121 1185/626/1120
f 882/1249/1121 298/171/1116 881/1248/1119 1185/626/1120
f 881/1248/1119 105/274/614 367/977/624 1185/626/1120
f 547/1200/1027 59/82/436 578/893/461 1186/627/1122
f 578/893/461 210/251/459 879/1247/1117 1186/627/1122
f 879/1247/1117 298/171/1116 882/1249/1121 1186/627/1122
f 882/1249/1121 195/330/1029 547/1200/1027 1186/627/1122
f 583/953/577 67/91/576 579/1250/1123 1187/628/1124
f 579/1250/1123 211/339/1125 884/1251/1126 1187/628/1124
f 884/1251/1126 299/172/1127 883/1252/1128 1187/628/1124
f 883/1252/1128 213/270/579 583/953/577 1187/628/1124
f 580/1253/1129 38/50/784 380/1254/783 1188/629/1130
f 380/1254/783 111/340/791 885/1255/1131 1188/629/1130
f 885/1255/1131 299/172/1127 884/1251/1126 1188/629/1130
f 884/1251/1126 211/339/1125 580/1253/1129 1188/629/1130
f 379/1256/795 37/49/770 582/1257/1132 1189/630/1133
f 582/1257/1132 212/341/1134 886/1258/1135 1189/630/1133
f 886/1258/1135 299/172/1127 885/1255/1131 1189/630/1133
f 885/1255/1131 111/340/791 379/1256/795 1189/630/1133
f 581/1259/1136 68/92/556 584/955/581 1190/631/1137
f 584/955/581 213/270/579 883/1252/1128 1190/631/1137
f 883/1252/1128 299/172/1127 886/1258/1135 1190/631/1137
f 886/1258/1135 212/341/1134 581/1259/1136 1190/631/1137
f 587/943/557 68/92/556 581/1259/1136 1191/632/1138
f 581/1259/1136 212/341/1134 888/1260/1139 1191/632/1138
f 888/1260/1139 300/173/1140 887/1261/1141 1191/632/1138
f 887/1261/1141 215/267/559 587/943/557 1191/632/1138
f 582/1257/1132 37/49/770 378/1262/769 1192/633/1142
f 378/1262/769 110/342/777 889/1263/1143 1192/633/1142
f 889/1263/1143 300/173/1140 888/1260/1139 1192/633/1142
f 888/1260/1139 212/341/1134 582/1257/1132 1192/633/1142
f 377/1264/781 36/48/756 586/1265/1144 1193/634/1145
f 586/1265/1144 214/343/1146 890/1266/1147 1193/634/1145
f 890/1266/1147 300/173/1140 889/1263/1143 1193/634/1145
f 889/1263/1143 110/342/777 377/1264/781 1193/634/1145
f 585/1267/1148 69/93/536 588/945/561 1194/635/1149
f 588/945/561 215/267/559 887/1261/1141 1194/635/1149
f 887/1261/1141 300/173/1140 890/1266/1147 1194/635/1149
f 890/1266/1147 214/343/1146 585/1267/1148 1194/635/1149
f 591/933/537 69/93/536 585/1267/1148 1195/636/1150
f 585/1267/1148 214/343/1146 892/1268/1151 1195/636/1150
f 892/1268/1151 301/174/1152 891/1269/1153 1195/636/1150
f 891/1269/1153 217/264/539 591/933/537 1195/636/1150
f 586/1265/1144 36/48/756 376/1270/755 1196/637/1154
f 376/1270/755 109/344/763 893/1271/1155 1196/637/1154
f 893/1271/1155 301/174/1152 892/1268/1151 1196/637/1154
f 892/1268/1151 214/343/1146 586/1265/1144 1196/637/1154
f 375/1272/767 35/47/742 590/1273/1156 1197/638/1157
f 590/1273/1156 216/345/1158 894/1274/1159 1197/638/1157
f 894/1274/1159 301/174/1152 893/1271/1155 1197/638/1157
f 893/1271/1155 109/344/763 375/1272/767 1197/638/1157
f 589/1275/1160 70/94/516 592/935/541 1198/639/1161
f 592/935/541 217/264/539 891/1269/1153 1198/639/1161
f 891/1269/1153 301/174/1152 894/1274/1159 1198/639/1161
f 894/1274/1159 216/345/1158 589/1275/1160 1198/639/1161
f 595/923/517 70/94/516 589/1275/1160 1199/640/1162
f 589/1275/1160 216/345/1158 896/1276/1163 1199/640/1162
f 896/1276/1163 302/175/1164 895/1277/1165 1199/640/1162
f 895/1277/1165 219/261/519 595/923/517 1199/640/1162
f 590/1273/1156 35/47/742 374/1278/741 1200/641/1166
f 374/1278/741 108/346/749 897/1279/1167 1200/641/1166
f 897/1279/1167 302/175/1164 896/1276/1163 1200/641/1166
f 896/1276/1163 216/345/1158 590/1273/1156 1200/641/1166
f 373/1280/753 34/46/723 594/1281/1168 1201/642/1169
f 594/1281/1168 218/347/1170 898/1282/1171 1201/642/1169
f 898/1282/1171 302/175/1164 897/1279/1167 1201/642/1169
f 897/1279/1167 108/346/749 373/1280/753 1201/642/1169
f 593/1283/1172 71/95/491 596/925/521 1202/643/1173
f 596/925/521 219/261/519 895/1277/1165 1202/643/1173
f 895/1277/1165 302/175/1164 898/1282/1171 1202/643/1173
f 898/1282/1171 218/347/1170 593/1283/1172 1202/643/1173
f 599/911/492 71/95/491 593/1283/1172 1203/644/1174
f 593/1283/1172 218/347/1170 900/1284/1175 1203/644/1174
f 900/1284/1175 303/176/1176 899/1285/1177 1203/644/1174
f 899/1285/1177 221/257/494 599/911/492 1203/644/1174
f 594/1281/1168 34/46/723 372/1286/722 1204/645/1178
f 372/1286/722 107/348/730 901/1287/1179 1204/645/1178
f 901/1287/1179 303/176/1176 900/1284/1175 1204/645/1178
f 900/1284/1175 218/347/1170 594/1281/1168 1204/645/1178
f 371/1288/739 33/45/738 598/1289/1180 1205/646/1181
f 598/1289/1180 220/349/1182 902/1290/1183 1205/646/1181
f 902/1290/1183 303/176/1176 901/1287/1179 1205/646/1181
f 901/1287/1179 107/348/730 371/1288/739 1205/646/1181
f 597/1291/1184 72/97/497 600/913/496 1206/647/1185
f 600/913/496 221/257/494 899/1285/1177 1206/647/1185
f 899/1285/1177 303/176/1176 902/1290/1183 1206/647/1185
f 902/1290/1183 220/349/1182 597/1291/1184 1206/647/1185
f 603/983/632 72/96/497 597/1292/1184 1207/648/1186
f 597/1292/1184 220/350/1182 904/1293/1187 1207/648/1186
f 904/1293/1187 304/177/1188 903/1294/1189 1207/648/1186
f 903/1294/1189 223/279/634 603/983/632 1207/648/1186
f 598/1295/1180 33/53/738 386/1296/825 1208/649/1190
f 386/1296/825 114/351/830 905/1297/1191 1208/649/1190
f 905/1297/1191 304/177/1188 904/1293/1187 1208/649/1190
f 904/1293/1187 220/350/1182 598/1295/1180 1208/649/1190
f 385/1298/833 40/52/812 602/1299/1192 1209/650/1193
f 602/1299/1192 222/352/1194 906/1300/1195 1209/650/1193
f 906/1300/1195 304/177/1188 905/1297/1191 1209/650/1193
f 905/1297/1191 114/351/830 385/1298/833 1209/650/1193
f 601/1301/1196 73/98/616 604/985/636 1210/651/1197
f 604/985/636 223/279/634 903/1294/1189 1210/651/1197
f 903/1294/1189 304/177/1188 906/1300/1195 1210/651/1197
f 906/1300/1195 222/352/1194 601/1301/1196 1210/651/1197
f 607/973/617 73/98/616 601/1301/1196 1211/652/1198
f 601/1301/1196 222/352/1194 908/1302/1199 1211/652/1198
f 908/1302/1199 305/178/1200 907/1303/1201 1211/652/1198
f 907/1303/1201 225/276/619 607/973/617 1211/652/1198
f 602/1299/1192 40/52/812 384/1304/811 1212/653/1202
f 384/1304/811 113/353/819 909/1305/1203 1212/653/1202
f 909/1305/1203 305/178/1200 908/1302/1199 1212/653/1202
f 908/1302/1199 222/352/1194 602/1299/1192 1212/653/1202
f 383/1306/823 39/51/798 606/1307/1204 1213/654/1205
f 606/1307/1204 224/354/1206 910/1308/1207 1213/654/1205
f 910/1308/1207 305/178/1200 909/1305/1203 1213/654/1205
f 909/1305/1203 113/353/819 383/1306/823 1213/654/1205
f 605/1309/1208 74/99/596 608/975/621 1214/655/1209
f 608/975/621 225/276/619 907/1303/1201 1214/655/1209
f 907/1303/1201 305/178/1200 910/1308/1207 1214/655/1209
f 910/1308/1207 224/354/1206 605/1309/1208 1214/655/1209
f 609/963/597 74/99/596 605/1309/1208 1215/656/1210
f 605/1309/1208 224/354/1206 912/1310/1211 1215/656/1210
f 912/1310/1211 306/179/1212 911/1311/1213 1215/656/1210
f 911/1311/1213 226/273/599 609/963/597 1215/656/1210
f 606/1307/1204 39/51/798 382/1312/797 1216/657/1214
f 382/1312/797 112/355/805 913/1313/1215 1216/657/1214
f 913/1313/1215 306/179/1212 912/1310/1211 1216/657/1214
f 912/1310/1211 224/354/1206 606/1307/1204 1216/657/1214
f 381/1314/809 38/50/784 580/1253/1129 1217/658/1216
f 580/1253/1129 211/339/1125 914/1315/1217 1217/658/1216
f 914/1315/1217 306/179/1212 913/1313/1215 1217/658/1216
f 913/1313/1215 112/355/805 381/1314/809 1217/658/1216
f 579/1250/1123 67/91/576 610/965/601 1218/659/1218
f 610/965/601 226/273/599 911/1311/1213 1218/659/1218
f 911/1311/1213 306/179/1212 914/1315/1217 1218/659/1218
f 914/1315/1217 211/339/1125 579/1250/1123 1218/659/1218
