# This file uses centimeters as units for non-parametric coordinates.

mtllib frame_21.mtl
g default
v 112.442150 207.862391 797.514113
v 94.781905 197.771092 804.283280
v 77.121659 203.635735 814.925738
v 69.806546 222.020912 823.207227
v 77.121659 242.156801 824.276692
v 94.781905 252.248093 817.507577
v 112.442150 246.383457 806.865067
v 119.757263 227.998293 798.583527
v -1.148042 294.662831 427.865653
v -23.430652 285.160542 427.206434
v -45.713258 293.907504 430.977205
v -54.943018 315.779860 436.969132
v -45.713258 337.965098 441.672146
v -23.430650 347.467386 442.331364
v -1.148038 338.720426 438.560594
v 8.081720 316.848069 432.568666
v 173.711429 400.132806 -6.615784
v 151.042905 391.008180 -8.830779
v 128.374330 400.132806 -6.615784
v 118.984709 422.161603 -1.268314
v 128.374330 444.190399 4.079157
v 151.042888 453.315025 6.294151
v 173.711429 444.190401 4.079157
v 183.101059 422.161603 -1.268314
v -11.031449 505.601100 -441.090295
v -33.493481 496.727341 -444.338729
v -55.955193 506.083383 -443.077049
v -65.259116 528.204253 -438.108874
v -55.955188 550.140976 -432.382108
v -33.493477 559.034173 -429.213748
v -11.031448 549.658695 -430.395354
v -1.726939 527.523801 -435.305766
v 208.241032 602.816117 -829.489802
v 189.578263 596.153194 -836.843761
v 170.914333 605.514809 -840.607008
v 163.181557 625.355052 -838.319634
v 170.914333 644.035875 -831.256054
v 189.578246 650.630207 -823.619515
v 208.241032 641.337196 -820.138899
v 215.971772 621.547174 -822.633157
v 120.297491 218.679932 836.970329
v 199.269663 630.376498 -859.005381
v -0.766386 285.949666 655.948677
v -21.350843 293.034886 666.564954
v -41.935295 281.870856 672.751243
v -50.461658 258.997324 670.883645
v -41.935295 237.813263 662.056302
v -21.350843 230.728041 651.440024
v -0.766388 241.892058 645.253787
v 7.759973 264.765604 647.121334
v 173.301817 392.349140 217.638188
v 150.633277 401.473767 219.853169
v 127.964719 392.349141 217.638174
v 118.575097 370.320345 212.290704
v 127.964719 348.291548 206.943233
v 150.633277 339.166922 204.728239
v 173.301817 348.291548 206.943233
v 182.691431 370.320345 212.290704
v -2.414357 496.770588 -212.523864
v -25.082910 505.895212 -210.308870
v -47.751463 496.770586 -212.523865
v -57.141085 474.741790 -217.871335
v -47.751463 452.712993 -223.218805
v -25.082910 443.588368 -225.433800
v -2.414357 452.712993 -223.218805
v 6.975267 474.741790 -217.871335
v 115.317363 614.605354 -658.138111
v 93.765448 606.749871 -665.581313
v 84.837996 585.232339 -673.034927
v 93.765448 562.692278 -676.276254
v 115.317363 552.298522 -673.263093
v 136.870364 560.087924 -665.547670
v 145.799785 581.557775 -657.897632
v 136.870364 604.145532 -654.852780
v 104.485991 200.620184 799.909329
v 85.077826 198.297717 809.476684
v 71.354162 211.622673 819.875243
v 71.354162 232.789522 825.013476
v 85.077818 249.398971 821.881631
v 104.485991 251.721476 812.314121
v 118.209648 238.396520 801.915563
v 118.209648 217.229670 796.777329
v -11.391351 287.783643 426.953086
v -35.469953 287.375535 428.634280
v -52.496094 303.919171 433.909027
v -52.496094 327.723503 439.687507
v -35.469949 344.844273 442.584764
v -11.391349 345.252381 440.903570
v 5.634794 328.708745 435.628824
v 5.634792 304.904426 429.850292
v 163.290712 393.427233 -8.243556
v 138.795065 393.427233 -8.243556
v 121.474020 410.259437 -4.157554
v 121.474020 434.063768 1.620926
v 138.795065 450.895972 5.706928
v 163.290712 450.895972 5.706928
v 180.611756 434.063768 1.620926
v 180.611756 410.259437 -4.157554
v -21.357315 499.012642 -443.200521
v -45.629567 499.273453 -444.274925
v -62.792529 516.277921 -440.898562
v -62.792529 540.082252 -435.120082
v -45.629567 556.742191 -430.324441
v -21.357315 556.481381 -429.250036
v -4.193737 539.454110 -432.532464
v -4.193738 515.649779 -438.310944
v 199.833221 597.111055 -833.426826
v 179.323019 598.595303 -839.541156
v 164.817849 614.649834 -840.387025
v 164.817849 635.816683 -835.248792
v 179.323019 649.696608 -827.136415
v 199.833221 648.212347 -821.022034
v 214.336120 632.241985 -820.522894
v 214.336120 611.075136 -825.661128
v 58.244477 220.433943 734.857644
v 38.261206 209.075046 742.346872
v 18.277931 215.736087 754.210369
v 10.000585 236.515097 763.498723
v 18.277929 259.240025 764.770911
v 38.261206 270.598923 757.281683
v 58.244485 263.937896 745.418135
v 66.521831 243.158884 736.129781
v 84.685588 321.740258 316.320738
v 62.055635 312.577870 314.261306
v 39.425678 321.664720 316.631914
v 30.052038 343.677881 322.043794
v 39.425678 365.722313 327.326855
v 62.055635 374.884714 329.386236
v 84.685597 365.797853 327.015679
v 94.059225 343.784703 321.603748
v 85.648536 426.376915 -114.727861
v 62.979987 417.252289 -116.942855
v 40.311433 426.376915 -114.727861
v 30.921812 448.405711 -109.380390
v 40.311433 470.434508 -104.032920
v 62.979987 479.559133 -101.817925
v 85.648536 470.434510 -104.032919
v 95.038158 448.405711 -109.380390
v 59.042965 533.282378 -555.122761
v 37.035320 524.958571 -560.636714
v 15.028635 534.825702 -561.480456
v 5.913181 557.150558 -557.352595
v 15.028635 578.883295 -550.785515
v 37.035325 587.265416 -545.511784
v 59.042965 577.339973 -544.427820
v 68.160163 554.973038 -548.382342
v 129.336588 208.058959 825.580543
v 117.745938 201.435915 830.023199
v 106.155289 205.284967 837.007946
v 101.354280 217.351375 842.443293
v 106.155289 230.566820 843.145202
v 117.745938 237.189878 838.702496
v 129.336588 233.340838 831.717697
v 134.137596 221.274404 826.282452
v 210.549179 616.179239 -855.662725
v 198.300716 611.797493 -860.453062
v 186.051109 617.950189 -862.958121
v 180.975818 630.979086 -861.487728
v 186.051109 643.232067 -856.820968
v 198.300699 647.551484 -851.773868
v 210.549179 641.461118 -849.525572
v 215.622653 628.479589 -851.191101
v -27.338726 311.503356 550.680764
v -48.772261 319.419453 557.874262
v -10.229054 291.717714 661.438553
v -70.205793 309.086300 560.637772
v -32.472630 289.513926 670.517013
v -79.083858 286.556908 557.352492
v -48.201211 271.123438 672.850333
v -70.205793 265.028694 549.942883
v -48.201211 247.319107 667.071853
v -48.772261 257.112608 542.749332
v -32.472630 232.045188 656.566529
v -27.338730 267.445761 539.985823
v -10.229056 234.248976 647.488068
v -18.460668 289.975153 543.271103
v 5.499527 252.639489 645.154646
v 5.499528 276.443821 650.933126
v 205.693341 418.315754 110.669243
v 183.024801 427.440377 112.884243
v 162.881100 399.054714 219.265946
v 160.356260 418.315751 110.669249
v 138.385445 399.054714 219.265946
v 150.966630 396.286954 105.321778
v 121.064408 382.222510 215.179944
v 160.356260 374.258158 99.974308
v 121.064400 358.418179 209.401464
v 183.024801 365.133532 97.759313
v 138.385453 341.585975 205.315462
v 205.693341 374.258158 99.974308
v 162.881100 341.585975 205.315462
v 215.082955 396.286955 105.321778
v 180.202128 358.418179 209.401464
v 180.202128 382.222511 215.179944
v -35.298935 522.952246 -320.378674
v -57.946834 532.101955 -318.267018
v -12.835083 503.476159 -210.896093
v -80.594707 523.000469 -320.577339
v -37.330738 503.476159 -210.896093
v -89.975764 500.980879 -325.962734
v -54.651783 486.643955 -214.982095
v -80.594707 478.942876 -331.272280
v -54.651783 462.839624 -220.760575
v -57.946838 469.795110 -333.391948
v -37.330738 446.007421 -224.846577
v -35.298935 478.894644 -331.073589
v -12.835083 446.007421 -224.846577
v -25.917824 500.912834 -325.682423
v 4.485959 462.839624 -220.760575
v 4.485959 486.643957 -214.982095
v 165.095018 637.865367 -755.665033
v 143.996808 630.355325 -764.031086
v 103.672868 612.879161 -661.579557
v 135.256351 609.219815 -771.850849
v 87.204842 596.999966 -669.591455
v 143.996808 586.851399 -774.591680
v 87.204842 573.195634 -675.369935
v 165.095018 576.341503 -770.599895
v 103.672868 555.410423 -675.530041
v 186.193193 583.851795 -762.234872
v 126.962136 554.002025 -669.728176
v 194.933668 604.987555 -754.416140
v 143.432240 569.803657 -661.396754
v 186.193193 627.355737 -751.674329
v 143.432240 593.607990 -655.618274
v 126.962136 611.470764 -655.777691
v 49.074401 212.692049 737.680203
v 27.448015 210.149938 748.152385
v 12.155843 224.998061 759.598214
v 12.155843 248.538657 765.312617
v 27.448011 266.981895 761.948455
v 49.074401 269.524045 751.476118
v 64.366571 254.675908 740.030342
v 64.366571 231.135323 734.315886
v 74.282606 315.017324 314.764487
v 49.828660 314.976515 314.932596
v 32.537108 331.779862 319.137473
v 32.537108 355.584194 324.915953
v 49.828660 372.445254 328.883080
v 74.282606 372.486062 328.714971
v 91.574163 355.682716 324.510095
v 91.574163 331.878384 318.731615
v 75.227810 419.671342 -116.355632
v 50.732163 419.671342 -116.355632
v 33.411119 436.503545 -112.269630
v 33.411119 460.307877 -106.491150
v 50.732163 477.140080 -102.405148
v 75.227810 477.140080 -102.405148
v 92.548855 460.307878 -106.491150
v 92.548855 436.503545 -112.269630
v 48.925817 526.950303 -558.289150
v 25.145059 527.784907 -561.727285
v 8.329808 545.170616 -559.921436
v 8.329808 568.974947 -554.142956
v 25.145059 585.253646 -547.776801
v 48.925817 584.419041 -544.338666
v 65.742912 566.964901 -545.862607
v 65.742908 543.160569 -551.641087
v 123.040287 201.511060 824.094282
v 108.482508 199.768991 831.270701
v 98.188580 209.763870 839.070420
v 98.188580 225.640820 842.924535
v 108.482500 238.099334 840.575357
v 123.040287 239.841405 833.398939
v 133.334207 229.846550 825.599116
v 133.334207 213.969600 821.745001
v 205.238988 609.422502 -856.288680
v 189.854540 610.535691 -860.874440
v 178.974118 622.589661 -861.557109
v 178.974135 638.466612 -857.702993
v 189.854540 648.866034 -851.569784
v 205.238988 647.752847 -846.984023
v 216.117088 635.785206 -846.656999
v 216.117088 619.908256 -850.511114
v -37.191716 317.653371 554.597139
v -60.352802 316.347429 559.976940
v -76.730162 298.591787 559.695023
v -76.730162 274.787456 553.916543
v -60.352807 258.878690 546.026456
v -37.191716 260.184632 540.646654
v -20.814356 277.940286 540.928520
v -20.814352 301.744619 546.707001
v 195.272590 425.021324 112.297020
v 170.776977 425.021324 112.297020
v 153.455932 408.189120 108.211018
v 153.455932 384.384789 102.432538
v 170.776977 367.552585 98.346536
v 195.272624 367.552585 98.346536
v 212.593652 384.384789 102.432538
v 212.593669 408.189121 108.211018
v -45.710175 529.669524 -318.799132
v -70.183493 529.695610 -318.906593
v -87.488725 512.880631 -323.063549
v -87.488725 489.076299 -328.842029
v -70.183497 472.226872 -332.857077
v -45.710175 472.200792 -332.749642
v -28.404882 489.013482 -328.583257
v -28.404882 512.817815 -322.804777
v 153.678700 636.331835 -759.581179
v 137.532325 620.830501 -768.336128
v 137.532325 597.289929 -774.050634
v 153.678700 579.499838 -773.377095
v 176.511335 577.875197 -766.684418
v 192.657660 593.377169 -757.932098
v 192.657660 616.917754 -752.217642
v 176.511335 634.707193 -752.888503
v 108.701339 203.814506 798.484287
v 99.761284 198.706049 801.910971
v 89.802525 197.514320 806.820273
v 80.862479 200.483170 812.207661
v 73.820555 207.320497 817.543399
v 70.117461 216.627534 821.735661
v 70.117461 227.488714 824.372203
v 73.820555 237.681990 824.913624
v 80.862470 246.204661 823.306621
v 89.802525 251.313132 819.879886
v 99.761284 252.504860 814.970584
v 108.701339 249.536025 809.583144
v 115.743254 242.698683 804.247458
v 119.446348 233.391683 800.055041
v 119.446348 222.530503 797.418499
v 115.743254 212.337190 796.877233
v -5.932948 290.739093 427.266963
v -17.298752 285.892218 426.930675
v -29.562550 285.684355 427.786963
v -40.928354 290.145949 429.710406
v -49.600171 298.572014 432.396954
v -54.308039 309.728576 435.453209
v -54.308039 321.852683 438.396325
v -49.600167 333.168801 440.795293
v -40.928354 341.888811 442.270939
v -29.562546 346.735710 442.607124
v -17.298751 346.943573 441.750836
v -5.932945 342.481957 439.827496
v 2.738871 334.055892 437.140948
v 7.446742 322.899353 434.084590
v 7.446741 310.775245 431.141474
v 2.738869 299.459103 428.742609
v 168.843644 396.290172 -7.548580
v 157.280986 391.635925 -8.678394
v 144.804791 391.635925 -8.678394
v 133.242115 396.290172 -7.548580
v 124.420099 404.863209 -5.467483
v 119.630693 416.099549 -2.739872
v 119.630693 428.223656 0.203245
v 124.420099 439.459996 2.930856
v 133.242115 448.033033 5.011953
v 144.804791 452.687280 6.141767
v 157.280986 452.687280 6.141767
v 168.843644 448.033036 5.011953
v 177.665661 439.459998 2.930856
v 182.455083 428.223657 0.203245
v 182.455083 416.099549 -2.739872
v 177.665661 404.863209 -5.467483
v -15.854946 501.813414 -442.249452
v -27.312257 497.287666 -443.908610
v -39.674683 497.420529 -444.455938
v -51.131839 502.192341 -443.810433
v -59.873339 510.852811 -442.089514
v -64.619038 522.135970 -439.554771
v -64.619038 534.260077 -436.611655
v -59.873339 545.449599 -433.691175
v -51.131839 553.935203 -431.249900
v -39.674683 558.471884 -429.635777
v -27.312257 558.339021 -429.088449
v -15.854946 553.556278 -429.688919
v -7.113119 544.883637 -431.359701
v -2.367084 533.593160 -433.864301
v -2.367084 521.469052 -436.807417
v -7.113120 510.286848 -439.758040
v 204.287844 599.489586 -831.491231
v 194.840330 596.115092 -835.207576
v 184.316129 596.876848 -838.345613
v 174.868043 601.617812 -840.258413
v 167.425056 609.856757 -840.696612
v 163.510367 619.900221 -839.538044
v 163.510367 630.761401 -836.901502
v 167.425056 640.218250 -833.326387
v 174.868043 647.339341 -829.159607
v 184.316129 650.675660 -825.286000
v 194.840330 649.913908 -822.147962
v 204.287844 645.211107 -820.392373
v 211.729603 637.017588 -820.141323
v 215.643131 627.000029 -821.406605
v 215.643131 616.138849 -824.043147
v 211.729603 606.656095 -827.511548
v 88.449527 212.713319 770.285335
v 26.836139 230.376188 692.693183
v 69.266322 201.751791 777.638199
v 6.483251 218.985558 699.812948
v 50.083117 208.122184 789.198426
v -13.869635 225.844192 711.362651
v 42.137172 228.092831 798.194080
v -22.300077 246.934365 720.576760
v 50.083121 249.965166 799.355772
v -13.869635 269.901797 722.057540
v 69.266318 260.926694 792.002908
v 6.483251 281.292415 714.937827
v 88.449527 254.556326 780.442578
v 26.836141 274.433796 703.388073
v 96.395480 234.585692 771.446872
v 35.266584 253.343595 694.174066
v 37.203217 308.257907 371.861012
v 132.863616 335.091072 261.322330
v 14.689042 298.982218 370.268317
v 110.195059 325.966446 259.107335
v -7.825131 307.955781 373.105612
v 87.526518 335.091072 261.322330
v -17.150812 329.922005 378.710850
v 78.136888 357.119868 266.669800
v -7.825131 352.013374 383.800553
v 87.526518 379.148665 272.017271
v 14.689044 361.289063 385.393247
v 110.195059 388.273290 274.232265
v 37.203225 352.315502 382.555953
v 132.863616 379.148667 272.017271
v 46.528897 330.349283 376.950689
v 142.253229 357.119869 266.669801
v 133.682839 413.218322 -60.521305
v 37.614233 439.558497 -169.029125
v 111.014298 404.093697 -62.736299
v 14.945678 430.433872 -171.244119
v 88.345740 413.218322 -60.521305
v -7.722872 439.558497 -169.029125
v 78.956119 435.247119 -55.173834
v -17.112497 461.587294 -163.681654
v 88.345740 457.275915 -49.826364
v -7.722872 483.616090 -158.334184
v 111.014298 466.400541 -47.611369
v 14.945679 492.740716 -156.119189
v 133.682839 457.275917 -49.826363
v 37.614233 483.616092 -158.334183
v 143.072469 435.247119 -55.173834
v 47.003855 461.587294 -163.681654
v 20.380046 519.411581 -497.982295
v 99.644128 546.934254 -611.361390
v -1.875459 510.788676 -502.264117
v 77.884412 538.905643 -618.091397
v -24.130328 520.376159 -501.955854
v 56.125840 549.056325 -620.103220
v -33.348555 542.589103 -497.366975
v 47.113052 571.495869 -616.447816
v -24.130328 564.433752 -491.260913
v 56.125844 593.113893 -609.408176
v -1.875458 573.095521 -487.139187
v 77.884420 601.212488 -602.966467
v 20.380048 563.469176 -487.287354
v 99.644128 590.991836 -600.666397
v 29.599442 541.228175 -491.760657
v 108.659020 568.501782 -604.113732
v 127.385958 211.797396 831.599337
v 125.213240 206.529108 815.082352
v 120.297500 207.746949 834.316358
v 110.091255 197.888198 820.878620
v 113.209033 210.100882 838.588091
v 94.969269 202.909943 829.991430
v 110.272890 217.480335 841.912043
v 88.705528 218.652676 837.082608
v 113.209033 225.562454 842.341374
v 94.969269 235.894480 837.998397
v 120.297491 229.612902 839.624353
v 110.091255 244.535379 832.202181
v 127.385958 227.258956 835.352671
v 125.213240 239.513646 823.089318
v 130.322101 219.879528 832.028616
v 131.476982 223.770937 815.998037
v 211.373517 609.970431 -846.886050
v 206.760589 622.119400 -858.713891
v 195.393238 604.256940 -853.149224
v 199.269797 619.441714 -861.651932
v 179.411662 612.281153 -856.405021
v 191.778282 623.202119 -863.174129
v 172.790085 629.276205 -854.472746
v 188.674587 631.170063 -862.274453
v 179.411662 645.265715 -848.398158
v 191.778299 638.663691 -859.420846
v 195.393238 650.904146 -841.825766
v 199.269797 641.307692 -856.344041
v 211.373500 642.954969 -838.879084
v 206.760589 637.580973 -854.960608
v 217.992873 626.015491 -841.040297
v 209.863341 629.640973 -855.975397
v -19.553979 298.391151 604.696230
v -21.932715 325.031425 494.952157
v -40.524379 305.854046 613.756680
v -43.829383 333.400710 500.278755
v -5.186635 289.354360 658.685561
v -15.686254 292.968364 664.100625
v -61.494782 295.067680 618.387193
v -65.726047 323.520745 501.175364
v -27.015431 291.845918 668.724515
v -37.515049 286.151419 671.880003
v -70.181007 272.350564 615.875241
v -74.795946 301.179091 497.116704
v -45.525986 276.784717 673.068390
v -49.875072 265.117491 672.115805
v -61.494782 251.010087 607.692252
v -65.726047 279.463152 490.480423
v -49.875072 252.993384 669.172689
v -45.525986 242.187930 664.670051
v -40.524379 243.547202 598.631750
v -43.829388 271.093866 485.153825
v -37.515049 234.408557 659.319470
v -27.015431 230.794563 653.904354
v -19.553981 254.333556 594.001288
v -21.932719 280.973818 484.257267
v -15.686257 231.917009 649.280463
v -5.186637 237.611496 646.125027
v -10.867757 277.050660 596.513292
v -12.862822 303.315485 488.315875
v 2.824302 246.978210 644.936588
v 7.173386 258.645449 645.889122
v 7.173386 270.769544 648.832289
v 2.824303 281.574999 653.334928
v 197.564735 405.380479 163.955849
v 197.728576 431.228037 57.477354
v 174.896194 414.505103 166.170843
v 175.060035 440.352661 59.692348
v 168.434033 396.191778 218.570971
v 156.871374 400.846022 219.700784
v 152.227653 405.380477 163.955848
v 152.391494 431.228035 57.477354
v 144.395162 400.846022 219.700784
v 132.832504 396.191776 218.570970
v 142.838023 383.351681 158.608378
v 143.001864 409.199239 52.129883
v 124.010487 387.618738 216.489873
v 119.221073 376.382398 213.762262
v 152.227653 361.322884 153.260907
v 152.391494 387.170442 46.782413
v 119.221073 364.258291 210.819146
v 124.010487 353.021951 208.091535
v 174.896211 352.198258 151.045913
v 175.060035 378.045816 44.567418
v 132.832504 344.448914 206.010437
v 144.395162 339.794667 204.880623
v 197.564735 361.322884 153.260907
v 197.728576 387.170442 46.782413
v 156.871374 339.794667 204.880623
v 168.434033 344.448914 206.010437
v 206.954365 383.351681 158.608378
v 207.118206 409.199239 52.129883
v 177.256049 353.021951 208.091535
v 182.045455 364.258291 210.819146
v 182.045455 376.382399 213.762262
v 177.256049 387.618740 216.489874
v -26.431508 509.847908 -266.395619
v -29.878346 536.187783 -374.902202
v -49.100061 518.972532 -264.180625
v -52.464287 545.412748 -373.100563
v -7.282139 500.613223 -211.591068
v -18.844804 505.267467 -210.461254
v -71.768619 509.847906 -266.395619
v -75.050104 536.380690 -375.696889
v -31.321018 505.267467 -210.461254
v -42.883683 500.613221 -211.591069
v -81.158241 487.819109 -271.743090
v -84.405458 514.388724 -381.196083
v -51.705695 492.040183 -213.672166
v -56.495110 480.803843 -216.399777
v -71.768619 465.790313 -277.090560
v -75.050104 492.323097 -386.391830
v -56.495110 468.679736 -219.342893
v -51.705695 457.443396 -222.070504
v -49.100066 456.665687 -279.305555
v -52.464291 483.105904 -388.225493
v -42.883683 448.870359 -224.151601
v -31.321020 444.216112 -225.281416
v -26.431508 465.790313 -277.090560
v -29.878344 492.130188 -385.597144
v -18.844804 444.216112 -225.281416
v -7.282139 448.870359 -224.151601
v -17.041887 487.819110 -271.743090
v -20.522767 514.116538 -380.074814
v 1.539876 457.443396 -222.070504
v 6.329290 468.679736 -219.342893
v 6.329290 480.803844 -216.399777
v 1.539877 492.040185 -213.672165
v 143.979729 627.112696 -709.661851
v 179.886696 645.994244 -794.275105
v 122.551607 619.415505 -717.757136
v 159.613565 638.813951 -802.498964
v 109.386537 614.332996 -659.754501
v 98.393470 610.324553 -663.544690
v 113.674980 597.967232 -725.496059
v 151.214436 618.509332 -810.118829
v 90.005909 602.235862 -667.621043
v 85.452211 591.259632 -671.420173
v 122.551599 575.357912 -728.452077
v 159.613548 596.970956 -812.656258
v 85.452203 579.135525 -674.363289
v 90.005909 567.639075 -676.019382
v 143.979729 564.805864 -724.786833
v 179.886696 586.819329 -808.639762
v 98.393478 558.581691 -676.105223
v 109.386537 553.281653 -674.574713
v 165.408498 572.464178 -716.531400
v 200.159154 594.039510 -800.580224
v 121.248273 552.564177 -671.619084
v 132.241863 556.535482 -667.675909
v 174.286278 593.884396 -708.676900
v 208.557088 614.373161 -793.079955
v 140.630534 564.582796 -663.429102
v 145.185376 575.534121 -659.527380
v 165.408498 616.521786 -705.836510
v 200.159154 635.882492 -790.422878
v 145.185376 587.658229 -656.584264
v 140.630534 599.179585 -655.030763
v 132.241863 608.278346 -655.115375
v 121.248273 613.615532 -656.798923
v 79.695911 205.126434 773.013040
v 43.772312 210.321756 739.823527
v 17.479922 222.628936 695.356588
v 53.958474 216.111762 736.006062
v 58.836737 202.630302 783.295807
v 22.563936 212.421491 751.208076
v -4.513418 220.180298 705.443703
v 32.750106 209.026112 745.160922
v 44.087063 216.951505 794.471640
v 10.550806 230.580833 761.776198
v -20.065061 235.281040 716.662428
v 14.770057 219.989052 757.041641
v 44.087063 239.700830 799.994073
v 14.770058 254.162310 765.337169
v -20.065061 259.085395 722.440805
v 10.550806 242.578648 764.688657
v 58.836733 257.552063 796.628015
v 32.750104 269.352213 759.805028
v -4.513419 277.649024 719.394239
v 22.563932 263.562207 763.622493
v 79.695911 260.048196 786.345248
v 53.958482 267.252494 748.420428
v 17.479924 280.097675 709.307072
v 43.772307 270.647856 754.467633
v 94.445590 245.727031 775.169260
v 65.971607 249.093148 737.852305
v 33.031566 264.996922 698.088398
v 61.752356 259.684917 742.586914
v 94.445582 222.977668 769.646982
v 61.752352 225.511658 734.291386
v 33.031566 241.192590 692.309918
v 65.971607 237.095333 734.939847
v 26.853458 301.482888 370.519322
v 68.283115 313.216002 314.370896
v 122.442882 328.385499 259.694558
v 79.826091 317.889512 315.421358
v 2.524628 301.319648 371.191784
v 44.285171 317.830204 315.665677
v 97.947235 328.385499 259.694558
v 55.828147 313.195220 314.456510
v -14.678456 318.036433 375.753258
v 30.696915 337.616903 320.567805
v 80.626190 345.217703 263.780561
v 35.478177 326.388538 317.807344
v -14.678456 341.840756 381.531764
v 35.478177 360.985331 326.205657
v 80.626190 369.022033 269.559040
v 30.696915 349.741011 323.510921
v 2.524629 358.788393 385.142243
v 55.828151 374.246575 329.276671
v 97.947243 385.854237 273.645043
v 44.285171 369.573059 328.226235
v 26.853458 358.951626 384.469806
v 79.826099 369.632382 327.981865
v 122.442882 385.854237 273.645043
v 68.283119 374.267358 329.191058
v 44.056543 342.234863 379.908255
v 93.414351 349.845681 323.079737
v 139.763927 369.022035 269.559041
v 88.633098 361.074036 325.840249
v 44.056539 318.430532 374.129775
v 88.633089 326.477253 317.441884
v 139.763927 345.217703 263.780561
v 93.414351 337.721567 320.136647
v 123.262113 406.512750 -62.149076
v 69.218093 417.880034 -116.790471
v 27.193503 432.852925 -170.656896
v 80.780760 422.534280 -115.660657
v 98.766475 406.512750 -62.149076
v 45.179218 422.534280 -115.660657
v 2.697853 432.852925 -170.656896
v 56.741885 417.880034 -116.790471
v 81.445430 423.344954 -58.063074
v 31.567787 442.343658 -110.851948
v -14.623191 449.685129 -166.570894
v 36.357202 431.107318 -113.579560
v 81.445430 447.149284 -52.284594
v 36.357202 465.704105 -105.181221
v -14.623190 473.489459 -160.792415
v 31.567787 454.467765 -107.908832
v 98.766475 463.981488 -48.198592
v 56.741881 478.931389 -101.970310
v 2.697853 490.321663 -156.706412
v 45.179218 474.277142 -103.100124
v 123.262122 463.981488 -48.198592
v 80.780760 474.277144 -103.100123
v 27.193503 490.321663 -156.706412
v 69.218093 478.931389 -101.970310
v 140.583158 447.149286 -52.284594
v 94.392182 454.467765 -107.908832
v 44.514548 473.489461 -160.792414
v 89.602776 465.704107 -105.181220
v 140.583167 423.344954 -58.063074
v 89.602776 431.107318 -113.579560
v 44.514548 449.685129 -166.570894
v 94.392191 442.343658 -110.851948
v 10.149042 512.940239 -500.574974
v 43.091391 525.370773 -559.596404
v 89.640889 540.738882 -615.090925
v 54.316907 529.614922 -556.777203
v -13.899805 513.461873 -502.723834
v 19.754264 530.827490 -561.772350
v 66.128217 541.886469 -619.818386
v 30.979309 525.795943 -561.347883
v -30.904686 530.638581 -500.057008
v 6.540297 551.068428 -558.741451
v 49.502475 559.485720 -618.892217
v 11.189868 539.681564 -560.848978
v -30.904689 554.442911 -494.278529
v 11.189868 574.278351 -552.450639
v 49.502475 583.290062 -613.113790
v 6.540298 563.192536 -555.798335
v -13.899804 570.930611 -488.773350
v 30.979311 586.847298 -546.527722
v 66.128217 599.355208 -605.867902
v 19.754268 582.570352 -549.211818
v 10.149042 570.408978 -486.624490
v 54.316911 581.357786 -544.216670
v 89.640889 598.207608 -601.140389
v 43.091391 586.422115 -544.776192
v 27.155153 553.186629 -489.103291
v 67.532856 561.058369 -547.006677
v 106.268835 580.526230 -601.728227
v 62.882291 572.467225 -544.989736
v 27.155155 529.382297 -494.881771
v 62.882283 537.870436 -553.388075
v 106.268835 556.721898 -607.506707
v 67.532856 548.934262 -549.949793
v 118.586169 199.861417 816.923193
v 126.770178 204.136349 825.968045
v 121.904782 201.356197 827.832961
v 101.596349 197.828319 825.298507
v 113.587086 200.360862 831.933227
v 108.721699 201.976578 834.865180
v 89.582710 209.492950 834.401246
v 102.840184 207.687218 839.321645
v 100.824872 212.752326 841.603191
v 89.582710 228.022316 838.899233
v 100.824872 221.823739 843.805268
v 102.840184 227.371168 844.099906
v 101.596349 242.562158 836.157606
v 108.721691 234.489429 842.757700
v 113.587078 237.269581 840.892785
v 118.586169 244.595260 827.782293
v 121.904782 238.264917 836.792519
v 126.770169 236.649214 833.860514
v 130.599799 232.930650 818.679451
v 132.651684 230.938575 829.404049
v 134.666997 225.873478 827.122451
v 130.599799 214.401284 814.181464
v 134.666997 216.802065 824.920374
v 132.651684 211.254636 824.625736
v 204.370345 604.577551 -850.296757
v 202.695655 610.906902 -859.302913
v 207.837159 612.747743 -857.298355
v 186.415810 605.876849 -855.649199
v 188.763701 614.127459 -862.982068
v 193.905677 611.542999 -861.923303
v 173.717739 619.941751 -856.434318
v 180.416449 626.485758 -862.763342
v 182.547007 621.016631 -863.380544
v 173.717739 638.471117 -851.936331
v 182.547024 640.700581 -858.602283
v 180.416449 635.557170 -860.561265
v 186.415810 650.610713 -844.790203
v 193.905660 648.451719 -852.963745
v 188.763701 646.640323 -855.089599
v 204.370345 649.311405 -839.437710
v 207.837142 645.260596 -849.405835
v 202.695638 647.815622 -850.343355
v 217.065825 635.341814 -839.045232
v 216.182089 632.976269 -849.929296
v 214.052389 638.424971 -849.227950
v 217.065825 616.812449 -843.543219
v 214.052389 618.741020 -854.006211
v 216.182072 623.904857 -852.131373
v -29.194065 304.332815 609.470901
v -31.941303 315.086483 552.682606
v -31.998609 331.389765 498.010337
v -42.874016 319.124279 556.351859
v -51.854695 302.537147 616.868116
v -54.670506 318.459137 559.091897
v -55.660158 330.573536 501.372778
v -65.603217 313.188431 560.501574
v -67.878177 284.435225 618.012691
v -73.944592 304.145082 560.357919
v -72.391399 313.164198 499.664264
v -78.473067 292.653397 558.682194
v -67.878177 260.630895 612.234212
v -78.473067 280.529290 555.739078
v -72.391399 289.359869 493.885785
v -73.944592 269.548295 551.959580
v -51.854691 245.068409 602.917632
v -65.603213 261.445569 547.941041
v -55.660158 273.104798 487.422294
v -54.670502 257.407782 544.271735
v -29.194071 246.864076 595.520417
v -42.874020 258.072924 541.531698
v -31.998611 273.921027 484.059853
v -31.941310 263.343617 540.122072
v -13.170585 264.966011 594.375790
v -23.599930 272.386979 540.265676
v -15.267368 291.330377 485.768316
v -19.071451 283.878664 541.941401
v -13.170583 288.770355 600.154219
v -19.071451 296.002771 544.884517
v -15.267366 315.134709 491.546795
v -23.599926 306.983768 548.664015
v 187.144018 412.086050 165.583620
v 200.825557 422.158391 111.602039
v 187.307859 437.933608 59.105125
v 189.262881 426.812632 112.731859
v 162.648371 412.086050 165.583620
v 176.786686 426.812633 112.731852
v 162.812229 437.933608 59.105125
v 165.224044 422.158385 111.602045
v 145.327326 395.253845 161.497618
v 156.402028 413.585350 109.520941
v 145.491184 421.101403 55.019123
v 151.612605 402.349008 106.793336
v 145.327326 371.449516 155.719138
v 151.612588 390.224902 103.850214
v 145.491184 397.297074 49.240643
v 156.402028 378.988561 101.122609
v 162.648387 354.617311 151.633136
v 165.224044 370.415525 99.041505
v 162.812229 380.464869 45.154641
v 176.786686 365.761277 97.911698
v 187.144018 354.617311 151.633136
v 189.262915 365.761278 97.911691
v 187.307859 380.464869 45.154641
v 200.825557 370.415523 99.041512
v 204.465062 371.449516 155.719138
v 209.647573 378.988562 101.122602
v 204.628904 397.297074 49.240643
v 214.436979 390.224901 103.850220
v 204.465062 395.253847 161.497618
v 214.436996 402.349010 106.793330
v 204.628920 421.101405 55.019123
v 209.647573 413.585350 109.520948
v -36.852238 516.553479 -264.767848
v -40.162290 526.800379 -319.468523
v -40.261126 542.940197 -373.467402
v -51.714416 531.467468 -318.391629
v -61.347893 516.553479 -264.767848
v -64.179252 531.480758 -318.446377
v -64.667423 543.044529 -373.897195
v -75.731373 526.838263 -319.624602
v -78.668938 499.721274 -268.853850
v -84.545338 518.273969 -321.741717
v -81.925234 526.281214 -378.266986
v -89.330378 507.042313 -324.488625
v -78.668930 475.916945 -274.632329
v -89.330378 494.918206 -327.431741
v -81.925242 502.476891 -384.045491
v -84.545338 483.677182 -330.140055
v -61.347893 459.084740 -278.718332
v -75.731373 475.095401 -332.185135
v -64.667423 485.575784 -387.847653
v -64.179257 470.429403 -333.266539
v -36.852238 459.084740 -278.718332
v -51.714420 470.416113 -333.211790
v -40.261126 485.471459 -387.417887
v -40.162290 475.057513 -332.029057
v -19.531195 475.916945 -274.632329
v -31.348296 483.620588 -329.906918
v -23.003072 502.225636 -383.010454
v -26.563219 494.851518 -327.157021
v -19.531193 499.721276 -268.853850
v -26.563219 506.975620 -324.213879
v -23.003072 526.029961 -377.231949
v -31.348294 518.217377 -321.508579
v 132.402204 625.469420 -713.444874
v 159.276543 637.680608 -757.516390
v 168.864812 644.672276 -798.105901
v 148.522103 633.852654 -761.781562
v 116.028407 609.716382 -721.976481
v 140.292839 625.952109 -766.243408
v 153.275769 629.733538 -806.737811
v 135.837409 615.178146 -770.227464
v 116.028399 585.912053 -727.754960
v 135.837400 603.180331 -773.139922
v 153.275769 606.984213 -812.260244
v 140.292839 591.778839 -774.538884
v 132.402212 568.000682 -727.395358
v 148.522103 582.711926 -774.195927
v 168.864795 589.750502 -811.438057
v 159.276543 577.354507 -772.160497
v 155.557431 566.435793 -720.948830
v 170.913475 576.526324 -768.748795
v 190.908411 588.155281 -804.866574
v 181.667899 580.354390 -764.484087
v 171.932447 582.143188 -712.229198
v 189.897179 588.255335 -760.023890
v 206.496141 603.142263 -796.433405
v 194.352593 599.029399 -756.040246
v 171.932430 605.947532 -706.450770
v 194.352593 611.027215 -753.127788
v 206.496141 625.891602 -790.911024
v 189.897162 622.428596 -751.728362
v 155.557431 623.904531 -706.998346
v 181.667899 631.495118 -752.069722
v 190.908411 643.077042 -791.534366
v 170.913475 636.852425 -754.104688
v 74.593109 202.901516 775.136653
v 12.084115 220.236879 697.396522
v 22.465616 226.046968 693.764867
v 84.350772 208.477171 771.396581
v 54.181873 204.866999 786.268611
v -9.499111 222.488143 708.425375
v 0.882389 218.989726 702.534143
v 63.939544 201.626657 780.388409
v 42.606897 222.339575 796.552272
v -21.720089 240.936904 718.839113
v -17.419931 230.179320 714.139279
v 46.648661 212.181367 791.976546
v 46.648661 245.084037 799.963640
v -17.419931 264.776119 722.537566
v -21.720089 253.061012 721.782229
v 42.606897 233.958512 799.372758
v 63.939540 259.776982 794.504402
v 0.882387 280.041094 717.354253
v -9.499113 274.231005 720.985908
v 54.181869 254.201314 798.244526
v 84.350780 257.811511 783.372393
v 22.465618 277.789832 706.325400
v 12.084116 281.288234 712.216683
v 74.593100 261.051853 789.252595
v 95.925747 240.338948 773.088680
v 34.686594 259.341069 695.911662
v 30.386436 270.098655 700.611496
v 91.883983 250.497144 777.664457
v 91.883983 217.594473 769.677364
v 30.386434 235.501866 692.213157
v 34.686594 247.216974 692.968494
v 95.925747 228.720011 770.268194
v 20.884667 299.651534 370.249449
v 116.433164 326.594191 259.259720
v 127.995823 331.248437 260.389534
v 32.368585 304.382838 371.061827
v -2.990499 304.145581 372.039205
v 92.394302 331.248437 260.389534
v 103.956953 326.594191 259.259720
v 8.493419 299.568392 370.591954
v -16.509232 323.864254 377.221566
v 78.782863 351.057814 265.198242
v 83.572286 339.821475 262.470631
v -11.752436 312.659829 374.362482
v -11.752436 347.256616 382.760821
v 83.572286 374.418262 270.868970
v 78.782863 363.181922 268.141359
v -16.509232 335.988362 380.164682
v 8.493421 360.619747 385.412115
v 103.956961 387.645546 274.079881
v 92.394302 382.991299 272.950067
v -2.990499 355.888443 384.599737
v 32.368589 356.125702 383.622360
v 127.995840 382.991301 272.950067
v 116.433173 387.645546 274.079881
v 20.884667 360.702889 385.069610
v 45.887322 336.407034 378.439973
v 141.607254 363.181923 268.141359
v 136.817848 374.418264 270.868970
v 41.130526 347.611454 381.299083
v 41.130522 313.014665 372.900744
v 136.817848 339.821475 262.470631
v 141.607254 351.057814 265.198242
v 45.887322 324.282926 375.496856
v 117.252396 404.721441 -62.583915
v 21.183786 431.061616 -171.091735
v 32.746449 435.715863 -169.961921
v 128.815063 409.375688 -61.454101
v 93.213525 409.375688 -61.454101
v -2.855090 435.715863 -169.961921
v 8.707572 431.061616 -171.091735
v 104.776192 404.721441 -62.583915
v 79.602094 429.185065 -56.645392
v -16.466520 455.525240 -165.153212
v -11.677107 444.288900 -167.880824
v 84.391509 417.948725 -59.373004
v 84.391509 452.545512 -50.974665
v -11.677105 478.885687 -159.482485
v -16.466522 467.649348 -162.210096
v 79.602094 441.309173 -53.702276
v 104.776192 465.772796 -47.763754
v 8.707572 492.112971 -156.271574
v -2.855091 487.458725 -157.401388
v 93.213525 461.118550 -48.893568
v 128.815063 461.118552 -48.893567
v 32.746449 487.458727 -157.401387
v 21.183786 492.112971 -156.271574
v 117.252404 465.772796 -47.763754
v 142.426494 441.309173 -53.702276
v 46.357879 467.649349 -162.210096
v 41.568465 478.885689 -159.482484
v 137.637079 452.545514 -50.974664
v 137.637079 417.948725 -59.373004
v 41.568465 444.288900 -167.880824
v 46.357879 455.525240 -165.153212
v 142.426494 429.185065 -56.645392
v 4.248876 511.281581 -501.556264
v 83.872213 539.237542 -616.720279
v 94.971255 543.330766 -613.279344
v 15.600834 515.678845 -499.367813
v -19.351400 516.436698 -502.489774
v 60.798204 544.998048 -620.147678
v 71.896678 539.822130 -619.128478
v -7.999755 511.547320 -502.650970
v -32.714371 536.514578 -498.787159
v 47.733110 565.405935 -617.804519
v 52.330326 553.960694 -619.671566
v -28.012381 525.184614 -501.129086
v -28.012383 559.781401 -492.730747
v 52.330326 588.557481 -611.273228
v 47.733110 577.530042 -614.861403
v -32.714371 548.638686 -495.844043
v -7.999755 572.598675 -487.830809
v 71.896687 600.873485 -604.308317
v 60.798208 596.740909 -607.587145
v -19.351396 568.179560 -489.929241
v 15.600835 567.421709 -486.807280
v 94.971255 595.073630 -600.718811
v 83.872213 600.288872 -601.900015
v 4.248877 572.332936 -486.736103
v 28.965132 547.304838 -490.349283
v 108.038730 574.595569 -602.772900
v 103.440307 586.067179 -601.014473
v 24.262474 558.649452 -488.067695
v 24.262472 524.052662 -496.466034
v 103.440307 551.470390 -609.412812
v 108.038722 562.471461 -605.716016
v 28.965132 535.180730 -493.292399
v 122.068994 202.795028 815.817249
v 125.121341 206.556095 831.509201
v 114.491637 198.465226 818.721654
v 105.690881 197.412077 823.060081
v 115.473649 205.401592 836.265157
v 98.113525 199.928400 827.626266
v 91.890436 205.970693 832.341555
v 108.651692 212.025371 841.434144
v 88.751793 213.859078 835.894849
v 88.751793 223.457331 838.224817
v 108.651692 222.547292 843.988331
v 91.890436 232.096878 838.683717
v 98.113525 239.628547 837.263550
v 115.473649 230.803755 842.431509
v 105.690873 243.958351 834.359146
v 114.491645 245.011498 830.020719
v 125.121341 231.958259 837.675553
v 122.068985 242.495202 825.454431
v 128.292073 236.452907 820.739142
v 131.943290 225.334493 832.506515
v 131.430717 228.564522 817.185847
v 131.430717 218.966269 814.855880
v 131.943290 214.812571 829.952328
v 128.292073 210.326710 814.397031
v 200.043420 603.975023 -851.767782
v 204.367501 617.311512 -860.589461
v 208.050807 606.839690 -848.636591
v 182.734944 608.670993 -856.180609
v 194.171925 618.049027 -863.627638
v 190.742988 604.648195 -854.540900
v 172.839152 624.473677 -855.623714
v 186.961314 626.038138 -864.083106
v 176.157251 615.957837 -856.592224
v 176.157268 642.084035 -850.250113
v 186.961314 636.560059 -861.528920
v 172.839152 634.071929 -853.293747
v 190.742954 651.194467 -843.241835
v 194.171925 643.451191 -857.461286
v 182.734944 648.371190 -846.543531
v 208.050807 646.539864 -838.999410
v 204.367501 642.713676 -854.423109
v 200.043420 650.521297 -840.468716
v 217.943958 630.817494 -839.887165
v 211.576548 634.782967 -854.208223
v 214.627104 639.304965 -838.801790
v 214.627104 613.178767 -845.143901
v 211.576548 624.261046 -856.762410
v 217.943958 621.219254 -842.217183
v -24.057104 301.876949 607.099008
v -26.634747 328.711865 496.553113
v -37.803693 332.980828 499.270083
v -34.753583 305.683580 611.720545
v -46.295175 304.768998 615.488148
v -49.855074 332.565102 500.982658
v -61.024022 327.525575 501.440000
v -56.991656 299.267139 617.850058
v -65.152788 290.047422 618.432943
v -69.545632 318.658592 500.569804
v -74.171963 307.262672 498.499583
v -69.583416 278.459974 617.151715
v -69.583416 266.335867 614.208599
v -74.171963 295.138564 495.556467
v -69.545636 284.061805 492.171465
v -65.152788 255.450635 610.034605
v -56.991656 247.524277 605.289525
v -61.024022 275.782713 488.879467
v -49.855078 271.513747 486.162497
v -46.295175 243.717643 600.667987
v -34.753587 244.632225 596.900384
v -37.803693 271.929473 484.449922
v -26.634749 276.968988 483.992631
v -24.057106 250.134085 594.538475
v -15.895969 259.353814 593.955538
v -18.113133 285.835983 484.862775
v -13.486804 297.231916 486.932945
v -11.465343 270.941249 595.236818
v -11.465342 283.065370 598.179883
v -13.486803 309.356012 489.876112
v -18.113130 320.432772 493.261115
v -15.895968 293.950616 602.353826
v 192.696950 409.223114 164.888645
v 192.860791 435.070672 58.410150
v 181.298150 439.724916 59.539964
v 181.134292 413.877358 166.018458
v 168.658080 413.877358 166.018458
v 168.821938 439.724916 59.539964
v 157.259279 435.070670 58.410150
v 157.095438 409.223112 164.888644
v 148.273422 400.650074 162.807547
v 148.437263 426.497632 56.329053
v 143.647840 415.261292 53.601441
v 143.483999 389.413734 160.079936
v 143.483999 377.289627 157.136820
v 143.647840 403.137185 50.658325
v 148.437263 391.900845 47.930714
v 148.273422 366.053287 154.409208
v 157.095438 357.480250 152.328111
v 157.259279 383.327808 45.849617
v 168.821938 378.673561 44.719803
v 168.658097 352.826003 151.198297
v 181.134308 352.826003 151.198297
v 181.298150 378.673561 44.719803
v 192.860791 383.327808 45.849617
v 192.696950 357.480250 152.328111
v 201.518967 366.053287 154.409208
v 201.682808 391.900845 47.930714
v 206.472231 403.137185 50.658325
v 206.308389 377.289627 157.136820
v 206.308389 389.413735 160.079936
v 206.472247 415.261293 53.601441
v 201.682808 426.497634 56.329053
v 201.518967 400.650076 162.807548
v -31.299291 513.690542 -265.462823
v -34.728415 540.052394 -374.059940
v -46.248935 544.758035 -373.141854
v -42.861956 518.344787 -264.333009
v -55.338172 518.344787 -264.333009
v -58.679635 544.811183 -373.360795
v -70.200101 540.203962 -374.684328
v -66.900839 513.690540 -265.462823
v -75.722851 505.117503 -267.543920
v -78.989907 531.665897 -376.909496
v -83.761838 520.448282 -379.714245
v -80.512265 493.881163 -270.271532
v -80.512265 481.757056 -273.214648
v -83.761838 508.324175 -382.657361
v -78.989915 497.069110 -385.307835
v -75.722851 470.520716 -275.942259
v -66.900839 461.947678 -278.023356
v -70.200097 488.461100 -387.244861
v -58.679639 483.759828 -388.180956
v -55.338172 457.293432 -279.153170
v -42.861956 457.293432 -279.153170
v -46.248935 483.706680 -387.962015
v -34.728415 488.309530 -386.620474
v -31.299293 461.947678 -278.023356
v -22.477276 470.520716 -275.942259
v -25.938474 496.842722 -384.375235
v -21.166412 508.057410 -381.558429
v -17.687866 481.757056 -273.214648
v -17.687864 493.881164 -270.271532
v -21.166412 520.181513 -378.615287
v -25.938474 531.439512 -375.976896
v -22.477276 505.117505 -267.543920
v 138.083028 626.881577 -711.448128
v 174.257454 645.891514 -796.086634
v 163.945420 642.240362 -800.274512
v 127.153110 622.954588 -715.573866
v 118.813540 614.930540 -719.916514
v 155.983465 634.611135 -804.685392
v 151.711041 624.282752 -808.560083
v 114.285721 603.989721 -723.861519
v 114.285712 591.865614 -726.804635
v 151.711041 612.663815 -811.380569
v 155.983465 601.708465 -812.672485
v 118.813531 580.333753 -728.314853
v 127.153119 571.211726 -728.134399
v 163.945420 592.906035 -812.250375
v 174.257437 587.741164 -810.202524
v 138.083028 565.830234 -726.268340
v 149.876481 565.033030 -722.984273
v 185.515887 586.926273 -806.845597
v 195.827567 590.599678 -802.749387
v 160.806709 568.938167 -718.768516
v 169.146945 576.937873 -714.325595
v 203.788833 598.254847 -798.445376
v 208.060583 608.598266 -794.632621
v 173.675420 587.864045 -710.320251
v 173.675420 599.988165 -707.377187
v 208.060583 620.217215 -791.812186
v 203.788849 631.157518 -790.458282
v 169.146945 611.534675 -705.927308
v 160.806709 620.681043 -706.208035
v 195.827584 639.934005 -790.773524
v 185.515887 645.076598 -792.729604
v 149.876481 626.084385 -708.164112
vt 0.610485 0.045765
vt 0.500000 0.000000
vt 0.389515 0.045765
vt 0.343750 0.156250
vt 0.389515 0.266735
vt 0.500000 0.312500
vt 0.610485 0.266735
vt 0.656250 0.156250
vt 0.375000 0.312500
vt 0.406250 0.312500
vt 0.437500 0.312500
vt 0.468750 0.312500
vt 0.500000 0.312500
vt 0.531250 0.312500
vt 0.562500 0.312500
vt 0.593750 0.312500
vt 0.625000 0.312500
vt 0.375000 0.406250
vt 0.406250 0.406250
vt 0.437500 0.406250
vt 0.468750 0.406250
vt 0.500000 0.406250
vt 0.531250 0.406250
vt 0.562500 0.406250
vt 0.593750 0.406250
vt 0.625000 0.406250
vt 0.375000 0.500000
vt 0.406250 0.500000
vt 0.437500 0.500000
vt 0.468750 0.500000
vt 0.500000 0.500000
vt 0.531250 0.500000
vt 0.562500 0.500000
vt 0.593750 0.500000
vt 0.625000 0.500000
vt 0.375000 0.593750
vt 0.406250 0.593750
vt 0.437500 0.593750
vt 0.468750 0.593750
vt 0.500000 0.593750
vt 0.531250 0.593750
vt 0.562500 0.593750
vt 0.593750 0.593750
vt 0.625000 0.593750
vt 0.375000 0.687500
vt 0.406250 0.687500
vt 0.437500 0.687500
vt 0.468750 0.687500
vt 0.500000 0.687500
vt 0.531250 0.687500
vt 0.562500 0.687500
vt 0.593750 0.687500
vt 0.625000 0.687500
vt 0.610485 0.733265
vt 0.500000 0.687500
vt 0.389515 0.733265
vt 0.343750 0.843750
vt 0.389515 0.954235
vt 0.500000 1.000000
vt 0.610485 0.954235
vt 0.656250 0.843750
vt 0.500000 0.156250
vt 0.500000 0.843750
vt 0.562500 0.360633
vt 0.531250 0.360633
vt 0.500000 0.360633
vt 0.468750 0.360633
vt 0.437500 0.360633
vt 0.406250 0.360633
vt 0.625000 0.360633
vt 0.375000 0.360633
vt 0.593750 0.360633
vt 0.562500 0.454334
vt 0.531250 0.454334
vt 0.500000 0.454334
vt 0.468750 0.454334
vt 0.437500 0.454334
vt 0.406250 0.454334
vt 0.625000 0.454334
vt 0.375000 0.454334
vt 0.593750 0.454334
vt 0.562500 0.547427
vt 0.531250 0.547427
vt 0.500000 0.547427
vt 0.468750 0.547427
vt 0.437500 0.547427
vt 0.406250 0.547427
vt 0.625000 0.547427
vt 0.375000 0.547427
vt 0.593750 0.547427
vt 0.531250 0.645177
vt 0.500000 0.645177
vt 0.468750 0.645177
vt 0.437500 0.645177
vt 0.406250 0.645177
vt 0.625000 0.645177
vt 0.375000 0.645177
vt 0.593750 0.645177
vt 0.562500 0.645177
vt 0.390625 0.336566
vt 0.421875 0.336566
vt 0.453125 0.336566
vt 0.484375 0.336566
vt 0.515625 0.336566
vt 0.546875 0.336566
vt 0.578125 0.336566
vt 0.609375 0.336566
vt 0.390625 0.430292
vt 0.421875 0.430292
vt 0.453125 0.430292
vt 0.484375 0.430292
vt 0.515625 0.430292
vt 0.546875 0.430292
vt 0.578125 0.430292
vt 0.609375 0.430292
vt 0.390625 0.523713
vt 0.421875 0.523713
vt 0.453125 0.523713
vt 0.484375 0.523713
vt 0.515625 0.523713
vt 0.546875 0.523713
vt 0.578125 0.523713
vt 0.609375 0.523713
vt 0.390625 0.619464
vt 0.421875 0.619464
vt 0.453125 0.619464
vt 0.484375 0.619464
vt 0.515625 0.619464
vt 0.546875 0.619464
vt 0.578125 0.619464
vt 0.609375 0.619464
vt 0.536828 0.067338
vt 0.463172 0.067338
vt 0.411088 0.119422
vt 0.411088 0.193078
vt 0.463172 0.245162
vt 0.536828 0.245162
vt 0.588912 0.193078
vt 0.588912 0.119422
vt 0.536828 0.932662
vt 0.463172 0.932662
vt 0.411088 0.880579
vt 0.411088 0.806921
vt 0.463172 0.754838
vt 0.536828 0.754838
vt 0.588912 0.806921
vt 0.588912 0.880579
vt 0.546875 0.383441
vt 0.515625 0.383441
vt 0.484375 0.383441
vt 0.453125 0.383441
vt 0.421875 0.383441
vt 0.390625 0.383441
vt 0.609375 0.383441
vt 0.578125 0.383441
vt 0.546875 0.477167
vt 0.515625 0.477167
vt 0.484375 0.477167
vt 0.453125 0.477167
vt 0.421875 0.477167
vt 0.390625 0.477167
vt 0.609375 0.477167
vt 0.578125 0.477167
vt 0.546875 0.570588
vt 0.515625 0.570588
vt 0.484375 0.570588
vt 0.453125 0.570588
vt 0.421875 0.570588
vt 0.390625 0.570588
vt 0.609375 0.570588
vt 0.578125 0.570588
vt 0.515625 0.666339
vt 0.484375 0.666339
vt 0.453125 0.666339
vt 0.421875 0.666339
vt 0.390625 0.666339
vt 0.609375 0.666339
vt 0.578125 0.666339
vt 0.546875 0.666339
vt 0.390625 0.312500
vt 0.406250 0.336566
vt 0.390625 0.360633
vt 0.375000 0.336566
vt 0.421875 0.312500
vt 0.437500 0.336566
vt 0.421875 0.360633
vt 0.453125 0.312500
vt 0.468750 0.336566
vt 0.453125 0.360633
vt 0.484375 0.312500
vt 0.500000 0.336566
vt 0.484375 0.360633
vt 0.515625 0.312500
vt 0.531250 0.336566
vt 0.515625 0.360633
vt 0.546875 0.312500
vt 0.562500 0.336566
vt 0.546875 0.360633
vt 0.578125 0.312500
vt 0.593750 0.336566
vt 0.578125 0.360633
vt 0.609375 0.312500
vt 0.625000 0.336566
vt 0.609375 0.360633
vt 0.390625 0.406250
vt 0.406250 0.430292
vt 0.390625 0.454334
vt 0.375000 0.430292
vt 0.421875 0.406250
vt 0.437500 0.430292
vt 0.421875 0.454334
vt 0.453125 0.406250
vt 0.468750 0.430292
vt 0.453125 0.454334
vt 0.484375 0.406250
vt 0.500000 0.430292
vt 0.484375 0.454334
vt 0.515625 0.406250
vt 0.531250 0.430292
vt 0.515625 0.454334
vt 0.546875 0.406250
vt 0.562500 0.430292
vt 0.546875 0.454334
vt 0.578125 0.406250
vt 0.593750 0.430292
vt 0.578125 0.454334
vt 0.609375 0.406250
vt 0.625000 0.430292
vt 0.609375 0.454334
vt 0.390625 0.500000
vt 0.406250 0.523713
vt 0.390625 0.547427
vt 0.375000 0.523713
vt 0.421875 0.500000
vt 0.437500 0.523713
vt 0.421875 0.547427
vt 0.453125 0.500000
vt 0.468750 0.523713
vt 0.453125 0.547427
vt 0.484375 0.500000
vt 0.500000 0.523713
vt 0.484375 0.547427
vt 0.515625 0.500000
vt 0.531250 0.523713
vt 0.515625 0.547427
vt 0.546875 0.500000
vt 0.562500 0.523713
vt 0.546875 0.547427
vt 0.578125 0.500000
vt 0.593750 0.523713
vt 0.578125 0.547427
vt 0.609375 0.500000
vt 0.625000 0.523713
vt 0.609375 0.547427
vt 0.390625 0.593750
vt 0.406250 0.619464
vt 0.390625 0.645177
vt 0.375000 0.619464
vt 0.421875 0.593750
vt 0.437500 0.619464
vt 0.421875 0.645177
vt 0.453125 0.593750
vt 0.468750 0.619464
vt 0.453125 0.645177
vt 0.484375 0.593750
vt 0.500000 0.619464
vt 0.484375 0.645177
vt 0.515625 0.593750
vt 0.531250 0.619464
vt 0.515625 0.645177
vt 0.546875 0.593750
vt 0.562500 0.619464
vt 0.546875 0.645177
vt 0.578125 0.593750
vt 0.593750 0.619464
vt 0.578125 0.645177
vt 0.609375 0.593750
vt 0.625000 0.619464
vt 0.609375 0.645177
vt 0.555243 0.022882
vt 0.555243 0.101007
vt 0.500000 0.078125
vt 0.444757 0.022882
vt 0.444757 0.101007
vt 0.366632 0.101007
vt 0.421875 0.156250
vt 0.366632 0.211493
vt 0.444757 0.211493
vt 0.444757 0.289618
vt 0.500000 0.234375
vt 0.555243 0.289618
vt 0.555243 0.211493
vt 0.633368 0.211493
vt 0.578125 0.156250
vt 0.633368 0.101007
vt 0.555243 0.977118
vt 0.500000 0.921875
vt 0.555243 0.898993
vt 0.444757 0.977118
vt 0.444757 0.898993
vt 0.366632 0.898993
vt 0.421875 0.843750
vt 0.366632 0.788507
vt 0.444757 0.788507
vt 0.444757 0.710382
vt 0.500000 0.765625
vt 0.555243 0.710382
vt 0.555243 0.788507
vt 0.633368 0.788507
vt 0.578125 0.843750
vt 0.633368 0.898993
vt 0.562500 0.383441
vt 0.531250 0.383441
vt 0.500000 0.383441
vt 0.468750 0.383441
vt 0.437500 0.383441
vt 0.406250 0.383441
vt 0.375000 0.383441
vt 0.625000 0.383441
vt 0.593750 0.383441
vt 0.562500 0.477167
vt 0.531250 0.477167
vt 0.500000 0.477167
vt 0.468750 0.477167
vt 0.437500 0.477167
vt 0.406250 0.477167
vt 0.375000 0.477167
vt 0.625000 0.477167
vt 0.593750 0.477167
vt 0.562500 0.570588
vt 0.531250 0.570588
vt 0.500000 0.570588
vt 0.468750 0.570588
vt 0.437500 0.570588
vt 0.406250 0.570588
vt 0.375000 0.570588
vt 0.625000 0.570588
vt 0.593750 0.570588
vt 0.531250 0.666339
vt 0.515625 0.687500
vt 0.500000 0.666339
vt 0.484375 0.687500
vt 0.468750 0.666339
vt 0.453125 0.687500
vt 0.437500 0.666339
vt 0.421875 0.687500
vt 0.406250 0.666339
vt 0.390625 0.687500
vt 0.375000 0.666339
vt 0.625000 0.666339
vt 0.609375 0.687500
vt 0.593750 0.666339
vt 0.578125 0.687500
vt 0.562500 0.666339
vt 0.546875 0.687500
vt 0.398438 0.324533
vt 0.398438 0.348600
vt 0.382812 0.348600
vt 0.382812 0.324533
vt 0.429688 0.324533
vt 0.429688 0.348600
vt 0.414062 0.348600
vt 0.414062 0.324533
vt 0.460938 0.324533
vt 0.460938 0.348600
vt 0.445312 0.348600
vt 0.445312 0.324533
vt 0.492188 0.324533
vt 0.492188 0.348600
vt 0.476562 0.348600
vt 0.476562 0.324533
vt 0.523438 0.324533
vt 0.523438 0.348600
vt 0.507812 0.348600
vt 0.507812 0.324533
vt 0.554688 0.324533
vt 0.554688 0.348600
vt 0.539062 0.348600
vt 0.539062 0.324533
vt 0.585938 0.324533
vt 0.585938 0.348600
vt 0.570312 0.348600
vt 0.570312 0.324533
vt 0.617188 0.324533
vt 0.617188 0.348600
vt 0.601562 0.348600
vt 0.601562 0.324533
vt 0.398438 0.418271
vt 0.398438 0.442313
vt 0.382812 0.442313
vt 0.382812 0.418271
vt 0.429688 0.418271
vt 0.429688 0.442313
vt 0.414062 0.442313
vt 0.414062 0.418271
vt 0.460938 0.418271
vt 0.460938 0.442313
vt 0.445312 0.442313
vt 0.445312 0.418271
vt 0.492188 0.418271
vt 0.492188 0.442313
vt 0.476562 0.442313
vt 0.476562 0.418271
vt 0.523438 0.418271
vt 0.523438 0.442313
vt 0.507812 0.442313
vt 0.507812 0.418271
vt 0.554688 0.418271
vt 0.554688 0.442313
vt 0.539062 0.442313
vt 0.539062 0.418271
vt 0.585938 0.418271
vt 0.585938 0.442313
vt 0.570312 0.442313
vt 0.570312 0.418271
vt 0.617188 0.418271
vt 0.617188 0.442313
vt 0.601562 0.442313
vt 0.601562 0.418271
vt 0.398438 0.511857
vt 0.398438 0.535570
vt 0.382812 0.535570
vt 0.382812 0.511857
vt 0.429688 0.511857
vt 0.429688 0.535570
vt 0.414062 0.535570
vt 0.414062 0.511857
vt 0.460938 0.511857
vt 0.460938 0.535570
vt 0.445312 0.535570
vt 0.445312 0.511857
vt 0.492188 0.511857
vt 0.492188 0.535570
vt 0.476562 0.535570
vt 0.476562 0.511857
vt 0.523438 0.511857
vt 0.523438 0.535570
vt 0.507812 0.535570
vt 0.507812 0.511857
vt 0.554688 0.511857
vt 0.554688 0.535570
vt 0.539062 0.535570
vt 0.539062 0.511857
vt 0.585938 0.511857
vt 0.585938 0.535570
vt 0.570312 0.535570
vt 0.570312 0.511857
vt 0.617188 0.511857
vt 0.617188 0.535570
vt 0.601562 0.535570
vt 0.601562 0.511857
vt 0.398438 0.606607
vt 0.398438 0.632320
vt 0.382812 0.632320
vt 0.382812 0.606607
vt 0.429688 0.606607
vt 0.429688 0.632320
vt 0.414062 0.632320
vt 0.414062 0.606607
vt 0.460938 0.606607
vt 0.460938 0.632320
vt 0.445312 0.632320
vt 0.445312 0.606607
vt 0.492188 0.606607
vt 0.492188 0.632320
vt 0.476562 0.632320
vt 0.476562 0.606607
vt 0.523438 0.606607
vt 0.523438 0.632320
vt 0.507812 0.632320
vt 0.507812 0.606607
vt 0.554688 0.606607
vt 0.554688 0.632320
vt 0.539062 0.632320
vt 0.539062 0.606607
vt 0.585938 0.606607
vt 0.585938 0.632320
vt 0.570312 0.632320
vt 0.570312 0.606607
vt 0.617188 0.606607
vt 0.617188 0.632320
vt 0.601562 0.632320
vt 0.601562 0.606607
vt 0.564450 0.059248
vt 0.523018 0.100680
vt 0.523018 0.042086
vt 0.476982 0.042086
vt 0.476982 0.100680
vt 0.435550 0.059248
vt 0.402998 0.091800
vt 0.444430 0.133232
vt 0.385836 0.133232
vt 0.385836 0.179268
vt 0.444430 0.179268
vt 0.402998 0.220700
vt 0.435550 0.253252
vt 0.476982 0.211820
vt 0.476982 0.270414
vt 0.523018 0.270414
vt 0.523018 0.211820
vt 0.564450 0.253252
vt 0.597002 0.220700
vt 0.555570 0.179268
vt 0.614164 0.179268
vt 0.614164 0.133232
vt 0.555570 0.133232
vt 0.597002 0.091800
vt 0.523018 0.957914
vt 0.523018 0.899320
vt 0.564450 0.940752
vt 0.435550 0.940752
vt 0.476982 0.899320
vt 0.476982 0.957914
vt 0.385836 0.866768
vt 0.444430 0.866768
vt 0.402998 0.908200
vt 0.402998 0.779300
vt 0.444430 0.820732
vt 0.385836 0.820732
vt 0.476982 0.729586
vt 0.476982 0.788180
vt 0.435550 0.746748
vt 0.564450 0.746748
vt 0.523018 0.788180
vt 0.523018 0.729586
vt 0.614164 0.820732
vt 0.555570 0.820732
vt 0.597002 0.779300
vt 0.597002 0.908200
vt 0.555570 0.866768
vt 0.614164 0.866768
vt 0.554688 0.372037
vt 0.554688 0.394846
vt 0.539062 0.394846
vt 0.539062 0.372037
vt 0.523438 0.372037
vt 0.523438 0.394846
vt 0.507812 0.394846
vt 0.507812 0.372037
vt 0.492188 0.372037
vt 0.492188 0.394846
vt 0.476562 0.394846
vt 0.476562 0.372037
vt 0.460938 0.372037
vt 0.460938 0.394846
vt 0.445312 0.394846
vt 0.445312 0.372037
vt 0.429688 0.372037
vt 0.429688 0.394846
vt 0.414062 0.394846
vt 0.414062 0.372037
vt 0.398438 0.372037
vt 0.398438 0.394846
vt 0.382812 0.394846
vt 0.382812 0.372037
vt 0.617188 0.372037
vt 0.617188 0.394846
vt 0.601562 0.394846
vt 0.601562 0.372037
vt 0.585938 0.372037
vt 0.585938 0.394846
vt 0.570312 0.394846
vt 0.570312 0.372037
vt 0.554688 0.465750
vt 0.554688 0.488584
vt 0.539062 0.488584
vt 0.539062 0.465750
vt 0.523438 0.465750
vt 0.523438 0.488584
vt 0.507812 0.488584
vt 0.507812 0.465750
vt 0.492188 0.465750
vt 0.492188 0.488584
vt 0.476562 0.488584
vt 0.476562 0.465750
vt 0.460938 0.465750
vt 0.460938 0.488584
vt 0.445312 0.488584
vt 0.445312 0.465750
vt 0.429688 0.465750
vt 0.429688 0.488584
vt 0.414062 0.488584
vt 0.414062 0.465750
vt 0.398438 0.465750
vt 0.398438 0.488584
vt 0.382812 0.488584
vt 0.382812 0.465750
vt 0.617188 0.465750
vt 0.617188 0.488584
vt 0.601562 0.488584
vt 0.601562 0.465750
vt 0.585938 0.465750
vt 0.585938 0.488584
vt 0.570312 0.488584
vt 0.570312 0.465750
vt 0.554688 0.559007
vt 0.554688 0.582169
vt 0.539062 0.582169
vt 0.539062 0.559007
vt 0.523438 0.559007
vt 0.523438 0.582169
vt 0.507812 0.582169
vt 0.507812 0.559007
vt 0.492188 0.559007
vt 0.492188 0.582169
vt 0.476562 0.582169
vt 0.476562 0.559007
vt 0.460938 0.559007
vt 0.460938 0.582169
vt 0.445312 0.582169
vt 0.445312 0.559007
vt 0.429688 0.559007
vt 0.429688 0.582169
vt 0.414062 0.582169
vt 0.414062 0.559007
vt 0.398438 0.559007
vt 0.398438 0.582169
vt 0.382812 0.582169
vt 0.382812 0.559007
vt 0.617188 0.559007
vt 0.617188 0.582169
vt 0.601562 0.582169
vt 0.601562 0.559007
vt 0.585938 0.559007
vt 0.585938 0.582169
vt 0.570312 0.582169
vt 0.570312 0.559007
vt 0.523438 0.655758
vt 0.523438 0.676919
vt 0.507812 0.676919
vt 0.507812 0.655758
vt 0.492188 0.655758
vt 0.492188 0.676919
vt 0.476562 0.676919
vt 0.476562 0.655758
vt 0.460938 0.655758
vt 0.460938 0.676919
vt 0.445312 0.676919
vt 0.445312 0.655758
vt 0.429688 0.655758
vt 0.429688 0.676919
vt 0.414062 0.676919
vt 0.414062 0.655758
vt 0.398438 0.655758
vt 0.398438 0.676919
vt 0.382812 0.676919
vt 0.382812 0.655758
vt 0.617188 0.655758
vt 0.617188 0.676919
vt 0.601562 0.676919
vt 0.601562 0.655758
vt 0.585938 0.655758
vt 0.585938 0.676919
vt 0.570312 0.676919
vt 0.570312 0.655758
vt 0.554688 0.655758
vt 0.554688 0.676919
vt 0.539062 0.676919
vt 0.539062 0.655758
vt 0.398438 0.312500
vt 0.406250 0.324533
vt 0.398438 0.336566
vt 0.390625 0.324533
vt 0.406250 0.348600
vt 0.398438 0.360633
vt 0.390625 0.348600
vt 0.382812 0.360633
vt 0.375000 0.348600
vt 0.382812 0.336566
vt 0.375000 0.324533
vt 0.382812 0.312500
vt 0.429688 0.312500
vt 0.437500 0.324533
vt 0.429688 0.336566
vt 0.421875 0.324533
vt 0.437500 0.348600
vt 0.429688 0.360633
vt 0.421875 0.348600
vt 0.414062 0.360633
vt 0.414062 0.336566
vt 0.414062 0.312500
vt 0.460938 0.312500
vt 0.468750 0.324533
vt 0.460938 0.336566
vt 0.453125 0.324533
vt 0.468750 0.348600
vt 0.460938 0.360633
vt 0.453125 0.348600
vt 0.445312 0.360633
vt 0.445312 0.336566
vt 0.445312 0.312500
vt 0.492188 0.312500
vt 0.500000 0.324533
vt 0.492188 0.336566
vt 0.484375 0.324533
vt 0.500000 0.348600
vt 0.492188 0.360633
vt 0.484375 0.348600
vt 0.476562 0.360633
vt 0.476562 0.336566
vt 0.476562 0.312500
vt 0.523438 0.312500
vt 0.531250 0.324533
vt 0.523438 0.336566
vt 0.515625 0.324533
vt 0.531250 0.348600
vt 0.523438 0.360633
vt 0.515625 0.348600
vt 0.507812 0.360633
vt 0.507812 0.336566
vt 0.507812 0.312500
vt 0.554688 0.312500
vt 0.562500 0.324533
vt 0.554688 0.336566
vt 0.546875 0.324533
vt 0.562500 0.348600
vt 0.554688 0.360633
vt 0.546875 0.348600
vt 0.539062 0.360633
vt 0.539062 0.336566
vt 0.539062 0.312500
vt 0.585938 0.312500
vt 0.593750 0.324533
vt 0.585938 0.336566
vt 0.578125 0.324533
vt 0.593750 0.348600
vt 0.585938 0.360633
vt 0.578125 0.348600
vt 0.570312 0.360633
vt 0.570312 0.336566
vt 0.570312 0.312500
vt 0.617188 0.312500
vt 0.625000 0.324533
vt 0.617188 0.336566
vt 0.609375 0.324533
vt 0.625000 0.348600
vt 0.617188 0.360633
vt 0.609375 0.348600
vt 0.601562 0.360633
vt 0.601562 0.336566
vt 0.601562 0.312500
vt 0.398438 0.406250
vt 0.406250 0.418271
vt 0.398438 0.430292
vt 0.390625 0.418271
vt 0.406250 0.442313
vt 0.398438 0.454334
vt 0.390625 0.442313
vt 0.382812 0.454334
vt 0.375000 0.442313
vt 0.382812 0.430292
vt 0.375000 0.418271
vt 0.382812 0.406250
vt 0.429688 0.406250
vt 0.437500 0.418271
vt 0.429688 0.430292
vt 0.421875 0.418271
vt 0.437500 0.442313
vt 0.429688 0.454334
vt 0.421875 0.442313
vt 0.414062 0.454334
vt 0.414062 0.430292
vt 0.414062 0.406250
vt 0.460938 0.406250
vt 0.468750 0.418271
vt 0.460938 0.430292
vt 0.453125 0.418271
vt 0.468750 0.442313
vt 0.460938 0.454334
vt 0.453125 0.442313
vt 0.445312 0.454334
vt 0.445312 0.430292
vt 0.445312 0.406250
vt 0.492188 0.406250
vt 0.500000 0.418271
vt 0.492188 0.430292
vt 0.484375 0.418271
vt 0.500000 0.442313
vt 0.492188 0.454334
vt 0.484375 0.442313
vt 0.476562 0.454334
vt 0.476562 0.430292
vt 0.476562 0.406250
vt 0.523438 0.406250
vt 0.531250 0.418271
vt 0.523438 0.430292
vt 0.515625 0.418271
vt 0.531250 0.442313
vt 0.523438 0.454334
vt 0.515625 0.442313
vt 0.507812 0.454334
vt 0.507812 0.430292
vt 0.507812 0.406250
vt 0.554688 0.406250
vt 0.562500 0.418271
vt 0.554688 0.430292
vt 0.546875 0.418271
vt 0.562500 0.442313
vt 0.554688 0.454334
vt 0.546875 0.442313
vt 0.539062 0.454334
vt 0.539062 0.430292
vt 0.539062 0.406250
vt 0.585938 0.406250
vt 0.593750 0.418271
vt 0.585938 0.430292
vt 0.578125 0.418271
vt 0.593750 0.442313
vt 0.585938 0.454334
vt 0.578125 0.442313
vt 0.570312 0.454334
vt 0.570312 0.430292
vt 0.570312 0.406250
vt 0.617188 0.406250
vt 0.625000 0.418271
vt 0.617188 0.430292
vt 0.609375 0.418271
vt 0.625000 0.442313
vt 0.617188 0.454334
vt 0.609375 0.442313
vt 0.601562 0.454334
vt 0.601562 0.430292
vt 0.601562 0.406250
vt 0.398438 0.500000
vt 0.406250 0.511857
vt 0.398438 0.523713
vt 0.390625 0.511857
vt 0.406250 0.535570
vt 0.398438 0.547427
vt 0.390625 0.535570
vt 0.382812 0.547427
vt 0.375000 0.535570
vt 0.382812 0.523713
vt 0.375000 0.511857
vt 0.382812 0.500000
vt 0.429688 0.500000
vt 0.437500 0.511857
vt 0.429688 0.523713
vt 0.421875 0.511857
vt 0.437500 0.535570
vt 0.429688 0.547427
vt 0.421875 0.535570
vt 0.414062 0.547427
vt 0.414062 0.523713
vt 0.414062 0.500000
vt 0.460938 0.500000
vt 0.468750 0.511857
vt 0.460938 0.523713
vt 0.453125 0.511857
vt 0.468750 0.535570
vt 0.460938 0.547427
vt 0.453125 0.535570
vt 0.445312 0.547427
vt 0.445312 0.523713
vt 0.445312 0.500000
vt 0.492188 0.500000
vt 0.500000 0.511857
vt 0.492188 0.523713
vt 0.484375 0.511857
vt 0.500000 0.535570
vt 0.492188 0.547427
vt 0.484375 0.535570
vt 0.476562 0.547427
vt 0.476562 0.523713
vt 0.476562 0.500000
vt 0.523438 0.500000
vt 0.531250 0.511857
vt 0.523438 0.523713
vt 0.515625 0.511857
vt 0.531250 0.535570
vt 0.523438 0.547427
vt 0.515625 0.535570
vt 0.507812 0.547427
vt 0.507812 0.523713
vt 0.507812 0.500000
vt 0.554688 0.500000
vt 0.562500 0.511857
vt 0.554688 0.523713
vt 0.546875 0.511857
vt 0.562500 0.535570
vt 0.554688 0.547427
vt 0.546875 0.535570
vt 0.539062 0.547427
vt 0.539062 0.523713
vt 0.539062 0.500000
vt 0.585938 0.500000
vt 0.593750 0.511857
vt 0.585938 0.523713
vt 0.578125 0.511857
vt 0.593750 0.535570
vt 0.585938 0.547427
vt 0.578125 0.535570
vt 0.570312 0.547427
vt 0.570312 0.523713
vt 0.570312 0.500000
vt 0.617188 0.500000
vt 0.625000 0.511857
vt 0.617188 0.523713
vt 0.609375 0.511857
vt 0.625000 0.535570
vt 0.617188 0.547427
vt 0.609375 0.535570
vt 0.601562 0.547427
vt 0.601562 0.523713
vt 0.601562 0.500000
vt 0.398438 0.593750
vt 0.406250 0.606607
vt 0.398438 0.619464
vt 0.390625 0.606607
vt 0.406250 0.632320
vt 0.398438 0.645177
vt 0.390625 0.632320
vt 0.382812 0.645177
vt 0.375000 0.632320
vt 0.382812 0.619464
vt 0.375000 0.606607
vt 0.382812 0.593750
vt 0.429688 0.593750
vt 0.437500 0.606607
vt 0.429688 0.619464
vt 0.421875 0.606607
vt 0.437500 0.632320
vt 0.429688 0.645177
vt 0.421875 0.632320
vt 0.414062 0.645177
vt 0.414062 0.619464
vt 0.414062 0.593750
vt 0.460938 0.593750
vt 0.468750 0.606607
vt 0.460938 0.619464
vt 0.453125 0.606607
vt 0.468750 0.632320
vt 0.460938 0.645177
vt 0.453125 0.632320
vt 0.445312 0.645177
vt 0.445312 0.619464
vt 0.445312 0.593750
vt 0.492188 0.593750
vt 0.500000 0.606607
vt 0.492188 0.619464
vt 0.484375 0.606607
vt 0.500000 0.632320
vt 0.492188 0.645177
vt 0.484375 0.632320
vt 0.476562 0.645177
vt 0.476562 0.619464
vt 0.476562 0.593750
vt 0.523438 0.593750
vt 0.531250 0.606607
vt 0.523438 0.619464
vt 0.515625 0.606607
vt 0.531250 0.632320
vt 0.523438 0.645177
vt 0.515625 0.632320
vt 0.507812 0.645177
vt 0.507812 0.619464
vt 0.507812 0.593750
vt 0.554688 0.593750
vt 0.562500 0.606607
vt 0.554688 0.619464
vt 0.546875 0.606607
vt 0.562500 0.632320
vt 0.554688 0.645177
vt 0.546875 0.632320
vt 0.539062 0.645177
vt 0.539062 0.619464
vt 0.539062 0.593750
vt 0.585938 0.593750
vt 0.593750 0.606607
vt 0.585938 0.619464
vt 0.578125 0.606607
vt 0.593750 0.632320
vt 0.585938 0.645177
vt 0.578125 0.632320
vt 0.570312 0.645177
vt 0.570312 0.619464
vt 0.570312 0.593750
vt 0.617188 0.593750
vt 0.625000 0.606607
vt 0.617188 0.619464
vt 0.609375 0.606607
vt 0.625000 0.632320
vt 0.617188 0.645177
vt 0.609375 0.632320
vt 0.601562 0.645177
vt 0.601562 0.619464
vt 0.601562 0.593750
vt 0.582864 0.034323
vt 0.582864 0.073386
vt 0.546036 0.084173
vt 0.546036 0.045110
vt 0.527621 0.128629
vt 0.500000 0.117188
vt 0.518414 0.072732
vt 0.500000 0.039063
vt 0.527621 0.011441
vt 0.472379 0.011441
vt 0.481586 0.072732
vt 0.453964 0.045110
vt 0.472379 0.128629
vt 0.453964 0.084173
vt 0.417136 0.073386
vt 0.417136 0.034323
vt 0.378073 0.073386
vt 0.427923 0.110214
vt 0.388860 0.110214
vt 0.460938 0.156250
vt 0.416482 0.137836
vt 0.382812 0.156250
vt 0.355191 0.128629
vt 0.355191 0.183871
vt 0.416482 0.174664
vt 0.388860 0.202286
vt 0.472379 0.183871
vt 0.427923 0.202286
vt 0.417136 0.239114
vt 0.378073 0.239114
vt 0.417136 0.278177
vt 0.453964 0.228327
vt 0.453964 0.267390
vt 0.500000 0.195312
vt 0.481586 0.239768
vt 0.500000 0.273438
vt 0.472379 0.301059
vt 0.527621 0.301059
vt 0.518414 0.239768
vt 0.546036 0.267390
vt 0.527621 0.183871
vt 0.546036 0.228327
vt 0.582864 0.239114
vt 0.582864 0.278177
vt 0.621927 0.239114
vt 0.572077 0.202286
vt 0.611140 0.202286
vt 0.539062 0.156250
vt 0.583518 0.174664
vt 0.617188 0.156250
vt 0.644809 0.183871
vt 0.644809 0.128629
vt 0.583518 0.137836
vt 0.611140 0.110214
vt 0.572077 0.110214
vt 0.621927 0.073386
vt 0.527621 0.988559
vt 0.500000 0.960938
vt 0.518414 0.927268
vt 0.546036 0.954890
vt 0.500000 0.882812
vt 0.527621 0.871371
vt 0.546036 0.915827
vt 0.582864 0.926614
vt 0.582864 0.965677
vt 0.417136 0.965677
vt 0.417136 0.926614
vt 0.453964 0.915827
vt 0.453964 0.954890
vt 0.472379 0.871371
vt 0.481586 0.927268
vt 0.472379 0.988559
vt 0.355191 0.871371
vt 0.382812 0.843750
vt 0.416482 0.862164
vt 0.388860 0.889786
vt 0.460938 0.843750
vt 0.427923 0.889786
vt 0.378073 0.926614
vt 0.378073 0.760886
vt 0.417136 0.760886
vt 0.427923 0.797714
vt 0.388860 0.797714
vt 0.472379 0.816129
vt 0.416482 0.825336
vt 0.355191 0.816129
vt 0.472379 0.698941
vt 0.500000 0.726562
vt 0.481586 0.760232
vt 0.453964 0.732610
vt 0.500000 0.804688
vt 0.453964 0.771673
vt 0.417136 0.721823
vt 0.582864 0.721823
vt 0.582864 0.760886
vt 0.546036 0.771673
vt 0.546036 0.732610
vt 0.527621 0.816129
vt 0.518414 0.760232
vt 0.527621 0.698941
vt 0.644809 0.816129
vt 0.617188 0.843750
vt 0.583518 0.825336
vt 0.611140 0.797714
vt 0.539062 0.843750
vt 0.572077 0.797714
vt 0.621927 0.760886
vt 0.621927 0.926614
vt 0.572077 0.889786
vt 0.611140 0.889786
vt 0.583518 0.862164
vt 0.644809 0.871371
vt 0.562500 0.372037
vt 0.554688 0.383441
vt 0.546875 0.372037
vt 0.562500 0.394846
vt 0.546875 0.394846
vt 0.531250 0.394846
vt 0.539062 0.383441
vt 0.531250 0.372037
vt 0.523438 0.383441
vt 0.515625 0.372037
vt 0.515625 0.394846
vt 0.500000 0.394846
vt 0.507812 0.383441
vt 0.500000 0.372037
vt 0.492188 0.383441
vt 0.484375 0.372037
vt 0.484375 0.394846
vt 0.468750 0.394846
vt 0.476562 0.383441
vt 0.468750 0.372037
vt 0.460938 0.383441
vt 0.453125 0.372037
vt 0.453125 0.394846
vt 0.437500 0.394846
vt 0.445312 0.383441
vt 0.437500 0.372037
vt 0.429688 0.383441
vt 0.421875 0.372037
vt 0.421875 0.394846
vt 0.406250 0.394846
vt 0.414062 0.383441
vt 0.406250 0.372037
vt 0.398438 0.383441
vt 0.390625 0.372037
vt 0.390625 0.394846
vt 0.375000 0.394846
vt 0.382812 0.383441
vt 0.375000 0.372037
vt 0.625000 0.372037
vt 0.617188 0.383441
vt 0.609375 0.372037
vt 0.625000 0.394846
vt 0.609375 0.394846
vt 0.593750 0.394846
vt 0.601562 0.383441
vt 0.593750 0.372037
vt 0.585938 0.383441
vt 0.578125 0.372037
vt 0.578125 0.394846
vt 0.570312 0.383441
vt 0.562500 0.465750
vt 0.554688 0.477167
vt 0.546875 0.465750
vt 0.562500 0.488584
vt 0.546875 0.488584
vt 0.531250 0.488584
vt 0.539062 0.477167
vt 0.531250 0.465750
vt 0.523438 0.477167
vt 0.515625 0.465750
vt 0.515625 0.488584
vt 0.500000 0.488584
vt 0.507812 0.477167
vt 0.500000 0.465750
vt 0.492188 0.477167
vt 0.484375 0.465750
vt 0.484375 0.488584
vt 0.468750 0.488584
vt 0.476562 0.477167
vt 0.468750 0.465750
vt 0.460938 0.477167
vt 0.453125 0.465750
vt 0.453125 0.488584
vt 0.437500 0.488584
vt 0.445312 0.477167
vt 0.437500 0.465750
vt 0.429688 0.477167
vt 0.421875 0.465750
vt 0.421875 0.488584
vt 0.406250 0.488584
vt 0.414062 0.477167
vt 0.406250 0.465750
vt 0.398438 0.477167
vt 0.390625 0.465750
vt 0.390625 0.488584
vt 0.375000 0.488584
vt 0.382812 0.477167
vt 0.375000 0.465750
vt 0.625000 0.465750
vt 0.617188 0.477167
vt 0.609375 0.465750
vt 0.625000 0.488584
vt 0.609375 0.488584
vt 0.593750 0.488584
vt 0.601562 0.477167
vt 0.593750 0.465750
vt 0.585938 0.477167
vt 0.578125 0.465750
vt 0.578125 0.488584
vt 0.570312 0.477167
vt 0.562500 0.559007
vt 0.554688 0.570588
vt 0.546875 0.559007
vt 0.562500 0.582169
vt 0.546875 0.582169
vt 0.531250 0.582169
vt 0.539062 0.570588
vt 0.531250 0.559007
vt 0.523438 0.570588
vt 0.515625 0.559007
vt 0.515625 0.582169
vt 0.500000 0.582169
vt 0.507812 0.570588
vt 0.500000 0.559007
vt 0.492188 0.570588
vt 0.484375 0.559007
vt 0.484375 0.582169
vt 0.468750 0.582169
vt 0.476562 0.570588
vt 0.468750 0.559007
vt 0.460938 0.570588
vt 0.453125 0.559007
vt 0.453125 0.582169
vt 0.437500 0.582169
vt 0.445312 0.570588
vt 0.437500 0.559007
vt 0.429688 0.570588
vt 0.421875 0.559007
vt 0.421875 0.582169
vt 0.406250 0.582169
vt 0.414062 0.570588
vt 0.406250 0.559007
vt 0.398438 0.570588
vt 0.390625 0.559007
vt 0.390625 0.582169
vt 0.375000 0.582169
vt 0.382812 0.570588
vt 0.375000 0.559007
vt 0.625000 0.559007
vt 0.617188 0.570588
vt 0.609375 0.559007
vt 0.625000 0.582169
vt 0.609375 0.582169
vt 0.593750 0.582169
vt 0.601562 0.570588
vt 0.593750 0.559007
vt 0.585938 0.570588
vt 0.578125 0.559007
vt 0.578125 0.582169
vt 0.570312 0.570588
vt 0.531250 0.655758
vt 0.523438 0.666339
vt 0.515625 0.655758
vt 0.531250 0.676919
vt 0.523438 0.687500
vt 0.515625 0.676919
vt 0.507812 0.687500
vt 0.500000 0.676919
vt 0.507812 0.666339
vt 0.500000 0.655758
vt 0.492188 0.666339
vt 0.484375 0.655758
vt 0.492188 0.687500
vt 0.484375 0.676919
vt 0.476562 0.687500
vt 0.468750 0.676919
vt 0.476562 0.666339
vt 0.468750 0.655758
vt 0.460938 0.666339
vt 0.453125 0.655758
vt 0.460938 0.687500
vt 0.453125 0.676919
vt 0.445312 0.687500
vt 0.437500 0.676919
vt 0.445312 0.666339
vt 0.437500 0.655758
vt 0.429688 0.666339
vt 0.421875 0.655758
vt 0.429688 0.687500
vt 0.421875 0.676919
vt 0.414062 0.687500
vt 0.406250 0.676919
vt 0.414062 0.666339
vt 0.406250 0.655758
vt 0.398438 0.666339
vt 0.390625 0.655758
vt 0.398438 0.687500
vt 0.390625 0.676919
vt 0.382812 0.687500
vt 0.375000 0.676919
vt 0.382812 0.666339
vt 0.375000 0.655758
vt 0.625000 0.655758
vt 0.617188 0.666339
vt 0.609375 0.655758
vt 0.625000 0.676919
vt 0.617188 0.687500
vt 0.609375 0.676919
vt 0.601562 0.687500
vt 0.593750 0.676919
vt 0.601562 0.666339
vt 0.593750 0.655758
vt 0.585938 0.666339
vt 0.578125 0.655758
vt 0.585938 0.687500
vt 0.578125 0.676919
vt 0.570312 0.687500
vt 0.562500 0.676919
vt 0.570312 0.666339
vt 0.562500 0.655758
vt 0.554688 0.666339
vt 0.546875 0.655758
vt 0.554688 0.687500
vt 0.546875 0.676919
vt 0.539062 0.687500
vt 0.539062 0.666339
vn 0.187429 -0.944636 -0.269319
vn 0.072829 -0.983182 -0.167480
vn 0.036024 -0.976678 -0.211664
vn 0.169890 -0.931060 -0.322901
vn 0.017330 -0.974050 -0.225670
vn 0.169269 -0.925940 -0.337614
vn 0.316791 -0.840502 -0.439545
vn 0.317507 -0.839655 -0.440646
vn 0.346987 -0.847320 -0.402057
vn 0.007288 -0.973196 -0.229862
vn 0.002597 -0.973548 -0.228468
vn 0.185803 -0.933542 -0.306557
vn 0.175034 -0.927384 -0.330637
vn 0.353707 -0.859026 -0.370089
vn 0.330292 -0.847102 -0.416323
vn 0.507554 -0.752633 -0.419443
vn 0.647085 -0.612490 -0.454023
vn 0.601771 -0.590050 -0.538250
vn 0.473477 -0.734495 -0.486145
vn 0.572331 -0.574201 -0.585432
vn 0.455025 -0.719690 -0.524403
vn 0.563635 -0.565840 -0.601781
vn 0.590279 -0.572829 -0.568716
vn 0.500663 -0.695785 -0.514994
vn 0.458616 -0.706022 -0.539634
vn -0.373452 -0.883116 0.283971
vn -0.457141 -0.799419 0.389810
vn -0.508097 -0.796011 0.328943
vn -0.405139 -0.889510 0.211268
vn -0.552829 -0.787496 0.272451
vn -0.434429 -0.887378 0.154373
vn -0.297163 -0.954405 0.028380
vn -0.269380 -0.960644 0.067809
vn -0.227492 -0.966859 0.115895
vn -0.599958 -0.773223 0.205369
vn -0.650711 -0.750462 0.115682
vn -0.508550 -0.860623 0.026560
vn -0.468804 -0.877943 0.097150
vn -0.352157 -0.933998 -0.060281
vn -0.323537 -0.946142 -0.011821
vn -0.182102 -0.972523 -0.145046
vn -0.164256 -0.978919 -0.121401
vn -0.142759 -0.984519 -0.101699
vn -0.054577 -0.997018 -0.054559
vn -0.111263 -0.990315 -0.083048
vn -0.651460 -0.320953 0.687452
vn -0.657009 -0.177842 0.732606
vn -0.719640 -0.163797 0.674751
vn -0.708902 -0.332147 0.622203
vn -0.780653 -0.147429 0.607327
vn -0.766421 -0.329408 0.551443
vn -0.723268 -0.501260 0.474997
vn -0.668566 -0.511535 0.539770
vn -0.612261 -0.519203 0.596292
vn -0.846523 -0.125581 0.517327
vn -0.915820 -0.094734 0.390254
vn -0.897762 -0.283892 0.336793
vn -0.829935 -0.313477 0.461455
vn -0.847327 -0.455324 0.273342
vn -0.783077 -0.483944 0.390626
vn -0.765941 -0.611004 0.200020
vn -0.706978 -0.637850 0.305498
vn -0.650950 -0.656708 0.380788
vn -0.532527 -0.696105 0.481511
vn -0.596107 -0.674074 0.436211
vn -0.532527 0.397868 0.747072
vn -0.457142 0.531725 0.712945
vn -0.508099 0.556601 0.657291
vn -0.596107 0.399058 0.696713
vn -0.552832 0.574933 0.603182
vn -0.650949 0.409035 0.639496
vn -0.723268 0.227693 0.651950
vn -0.668566 0.207131 0.714225
vn -0.612261 0.188030 0.767972
vn -0.599959 0.593008 0.537021
vn -0.650712 0.613900 0.446879
vn -0.765942 0.451295 0.457893
vn -0.706981 0.426791 0.563940
vn -0.847327 0.279326 0.451678
vn -0.783077 0.250988 0.569030
vn -0.897761 0.097883 0.429468
vn -0.829934 0.067024 0.553821
vn -0.766420 0.039923 0.641097
vn -0.651460 -0.029953 0.758092
vn -0.708902 0.009912 0.705237
vn -0.054576 0.911068 0.408628
vn 0.072828 0.950544 0.301930
vn 0.036024 0.965022 0.259681
vn -0.111262 0.918173 0.380235
vn 0.017330 0.969107 0.246030
vn -0.142758 0.921573 0.361003
vn -0.297159 0.835174 0.462796
vn -0.269379 0.822639 0.500699
vn -0.227490 0.806117 0.546281
vn 0.007288 0.970271 0.241913
vn 0.002597 0.969944 0.243313
vn -0.182102 0.930786 0.316980
vn -0.164254 0.925630 0.340925
vn -0.352156 0.857686 0.374648
vn -0.323536 0.846260 0.423283
vn -0.508551 0.752661 0.418184
vn -0.468807 0.735688 0.488859
vn -0.434432 0.717837 0.544040
vn -0.373454 0.654632 0.657259
vn -0.405140 0.693648 0.595579
vn 0.500665 0.854462 -0.138673
vn 0.590279 0.769822 -0.242788
vn 0.563636 0.778769 -0.275379
vn 0.458616 0.874857 -0.155877
vn 0.572330 0.778705 -0.257015
vn 0.455025 0.880020 -0.136075
vn 0.316791 0.948481 -0.005271
vn 0.317506 0.948233 -0.006638
vn 0.346986 0.937352 0.031171
vn 0.601771 0.771157 -0.207819
vn 0.647084 0.752484 -0.122677
vn 0.507553 0.861176 -0.027691
vn 0.473475 0.875638 -0.095285
vn 0.353707 0.933099 0.064947
vn 0.330292 0.943699 0.018392
vn 0.185803 0.970193 0.155573
vn 0.175035 0.975761 0.131349
vn 0.169269 0.977676 0.124487
vn 0.187428 0.962980 0.193753
vn 0.169890 0.975481 0.139910
vn 0.781699 0.289951 -0.552155
vn 0.791602 0.144143 -0.593792
vn 0.769220 0.150736 -0.620951
vn 0.756907 0.318886 -0.570441
vn 0.791683 0.144120 -0.593690
vn 0.777441 0.324877 -0.538555
vn 0.734527 0.497559 -0.461417
vn 0.714369 0.501933 -0.487586
vn 0.736404 0.496287 -0.459791
vn 0.839975 0.128008 -0.527310
vn 0.906682 0.099509 -0.409909
vn 0.889232 0.288451 -0.355052
vn 0.824063 0.314835 -0.470955
vn 0.839935 0.459342 -0.288989
vn 0.778592 0.484761 -0.398499
vn 0.760165 0.614186 -0.211952
vn 0.705049 0.637389 -0.310872
vn 0.665168 0.651089 -0.365559
vn 0.658942 0.672884 -0.336188
vn 0.644996 0.662260 -0.381302
vn 0.658942 -0.443857 -0.607277
vn 0.644996 -0.413734 -0.642499
vn 0.665168 -0.411025 -0.623386
vn 0.734526 -0.230635 -0.638184
vn 0.714368 -0.222522 -0.663447
vn 0.736404 -0.230248 -0.636157
vn 0.760164 -0.448656 -0.469956
vn 0.705050 -0.423920 -0.568504
vn 0.839934 -0.275726 -0.467425
vn 0.778591 -0.248109 -0.576401
vn 0.889232 -0.093563 -0.447785
vn 0.824064 -0.063870 -0.562885
vn 0.777441 -0.041801 -0.627565
vn 0.781699 -0.004528 -0.623640
vn 0.756907 -0.021859 -0.653156
vn 0.208462 -0.968060 -0.139295
vn -0.000629 -0.968010 -0.250910
vn 0.000437 -0.969865 -0.243644
vn 0.203387 -0.975123 -0.088144
vn 0.000645 -0.971623 -0.236534
vn 0.198970 -0.977726 -0.066810
vn 0.367777 -0.925325 0.092267
vn 0.377754 -0.923907 0.060816
vn 0.393100 -0.919130 -0.025947
vn 0.000778 -0.973329 -0.229413
vn 0.001275 -0.975035 -0.222046
vn 0.198550 -0.974201 -0.107282
vn 0.197557 -0.977582 -0.072828
vn 0.373608 -0.927575 0.004641
vn 0.367040 -0.927193 0.074801
vn 0.525657 -0.843247 0.112334
vn 0.654474 -0.725002 0.214558
vn 0.618512 -0.714428 0.327162
vn 0.506913 -0.836387 0.208557
vn 0.610167 -0.707552 0.356464
vn 0.504133 -0.831390 0.233754
vn 0.632322 -0.707453 0.315721
vn 0.680234 -0.708595 0.187553
vn 0.550435 -0.830674 0.083672
vn 0.520268 -0.831194 0.196053
vn -0.551719 -0.703815 -0.447494
vn -0.685830 -0.554390 -0.471475
vn -0.637621 -0.491319 -0.593334
vn -0.521940 -0.652164 -0.549783
vn -0.612602 -0.468851 -0.636315
vn -0.504993 -0.634026 -0.585656
vn -0.367544 -0.781061 -0.504832
vn -0.377466 -0.792320 -0.479321
vn -0.392721 -0.826143 -0.404052
vn -0.618493 -0.485683 -0.617721
vn -0.653373 -0.545485 -0.524928
vn -0.525634 -0.700643 -0.482503
vn -0.507091 -0.649748 -0.566292
vn -0.373450 -0.827907 -0.418455
vn -0.366907 -0.793010 -0.486327
vn -0.197127 -0.922567 -0.331679
vn -0.196646 -0.906174 -0.374405
vn -0.198072 -0.899594 -0.389228
vn -0.208766 -0.917071 -0.339701
vn -0.202598 -0.903241 -0.378297
vn -0.893325 -0.069332 -0.444031
vn -0.907324 0.099179 -0.408567
vn -0.814214 0.136954 -0.564180
vn -0.803636 -0.018328 -0.594839
vn -0.771210 0.150168 -0.618615
vn -0.762014 -0.000341 -0.647560
vn -0.735108 -0.149197 -0.661329
vn -0.773127 -0.170784 -0.610825
vn -0.853577 -0.231623 -0.466645
vn -0.785523 0.145982 -0.601368
vn -0.860845 0.120041 -0.494505
vn -0.848267 -0.049511 -0.527250
vn -0.775850 -0.008868 -0.630855
vn -0.811462 -0.214057 -0.543792
vn -0.747328 -0.161592 -0.644507
vn -0.748748 -0.378406 -0.544230
vn -0.697457 -0.318743 -0.641838
vn -0.687920 -0.303351 -0.659351
vn -0.786657 -0.392366 -0.476676
vn -0.720353 -0.326735 -0.611829
vn -0.786657 0.567244 -0.243731
vn -0.685829 0.708852 -0.164824
vn -0.637621 0.708670 -0.302038
vn -0.720354 0.570882 -0.393934
vn -0.612601 0.708410 -0.350536
vn -0.687920 0.571889 -0.446888
vn -0.735108 0.435798 -0.519323
vn -0.773127 0.431827 -0.464542
vn -0.853577 0.419792 -0.308515
vn -0.618493 0.714842 -0.326294
vn -0.653374 0.725444 -0.216411
vn -0.748748 0.585809 -0.310168
vn -0.697457 0.577539 -0.424266
vn -0.811462 0.439552 -0.385129
vn -0.747328 0.439100 -0.498690
vn -0.848267 0.285735 -0.445869
vn -0.775850 0.297116 -0.556578
vn -0.762015 0.297197 -0.575333
vn -0.893325 0.265196 -0.362825
vn -0.803636 0.289011 -0.520233
vn -0.208765 0.970752 0.118567
vn -0.000629 0.975312 0.220830
vn 0.000437 0.973629 0.228138
vn -0.202597 0.976157 0.077926
vn 0.000645 0.971932 0.235262
vn -0.198073 0.977926 0.066538
vn -0.367542 0.925589 -0.090542
vn -0.377467 0.923897 -0.062712
vn -0.392720 0.919447 0.019688
vn 0.000778 0.970183 0.242373
vn 0.001275 0.968322 0.249702
vn -0.197127 0.971958 0.128215
vn -0.196645 0.976978 0.082728
vn -0.373450 0.927618 0.007697
vn -0.366906 0.927724 -0.068621
vn -0.525634 0.843883 -0.107571
vn -0.507091 0.837068 -0.205368
vn -0.504995 0.831972 -0.229788
vn -0.551719 0.830651 -0.075004
vn -0.521940 0.831646 -0.189590
vn 0.550435 0.699862 0.455208
vn 0.680233 0.543742 0.491556
vn 0.632322 0.483964 0.604936
vn 0.520267 0.648800 0.555320
vn 0.610167 0.465373 0.641190
vn 0.504133 0.631689 0.588914
vn 0.367777 0.780038 0.506242
vn 0.377753 0.793197 0.477640
vn 0.393100 0.828731 0.398344
vn 0.618511 0.484919 0.618302
vn 0.654474 0.545941 0.523079
vn 0.525657 0.697894 0.486444
vn 0.506913 0.647681 0.568813
vn 0.373608 0.822212 0.429400
vn 0.367040 0.789705 0.491577
vn 0.198550 0.914964 0.351311
vn 0.197557 0.902172 0.383481
vn 0.198970 0.899540 0.388894
vn 0.208462 0.924183 0.320046
vn 0.203387 0.907008 0.368741
vn 0.872287 0.054784 0.485915
vn 0.884347 -0.110126 0.453654
vn 0.796900 -0.142510 0.587062
vn 0.787554 0.010125 0.616163
vn 0.764192 -0.152151 0.626786
vn 0.755402 -0.002762 0.655256
vn 0.729512 0.145366 0.668342
vn 0.759798 0.161070 0.629891
vn 0.836730 0.215499 0.503431
vn 0.787109 -0.145505 0.599407
vn 0.867820 -0.117213 0.482855
vn 0.854328 0.053087 0.517015
vn 0.777129 0.009450 0.629270
vn 0.816045 0.217675 0.535432
vn 0.748209 0.162086 0.643359
vn 0.751570 0.381100 0.538428
vn 0.697897 0.318855 0.641304
vn 0.683783 0.299352 0.665454
vn 0.775320 0.377386 0.506417
vn 0.710814 0.317158 0.627817
vn 0.775320 -0.567568 0.277030
vn 0.710814 -0.569702 0.412532
vn 0.683783 -0.571133 0.454144
vn 0.729511 -0.435611 0.527310
vn 0.759798 -0.431939 0.485939
vn 0.836730 -0.422329 0.348599
vn 0.751570 -0.585544 0.303776
vn 0.697897 -0.577394 0.423741
vn 0.816045 -0.438935 0.376041
vn 0.748209 -0.439015 0.497442
vn 0.854328 -0.284221 0.435134
vn 0.777129 -0.296907 0.554902
vn 0.755402 -0.297968 0.583595
vn 0.872287 -0.271473 0.406716
vn 0.787553 -0.291499 0.542944
vn 0.198425 -0.915132 -0.350943
vn 0.001119 -0.968332 -0.249662
vn 0.000396 -0.970101 -0.242703
vn 0.196890 -0.901938 -0.384373
vn 0.000083 -0.971778 -0.235897
vn 0.196382 -0.898765 -0.391989
vn 0.363541 -0.778968 -0.510927
vn 0.366132 -0.789364 -0.492799
vn 0.373560 -0.822558 -0.428778
vn -0.000230 -0.973402 -0.229104
vn -0.000962 -0.975005 -0.222179
vn 0.197420 -0.922861 -0.330685
vn 0.196747 -0.906104 -0.374520
vn 0.373834 -0.828681 -0.416576
vn 0.366575 -0.792756 -0.486991
vn 0.526278 -0.701886 -0.479986
vn 0.654429 -0.547049 -0.521977
vn 0.617328 -0.484975 -0.619440
vn 0.506347 -0.649266 -0.567510
vn 0.604113 -0.464398 -0.647597
vn 0.498734 -0.630618 -0.594630
vn 0.617283 -0.484547 -0.619819
vn 0.654723 -0.546544 -0.522137
vn 0.525737 -0.698397 -0.485636
vn 0.505811 -0.647301 -0.570226
vn -0.525862 -0.843849 0.106717
vn -0.653718 -0.725436 0.215396
vn -0.616775 -0.714868 0.329473
vn -0.505992 -0.837118 0.207862
vn -0.604077 -0.709684 0.362545
vn -0.498664 -0.833117 0.239271
vn -0.363436 -0.926568 0.096880
vn -0.366363 -0.927817 0.070243
vn -0.373608 -0.927549 -0.008313
vn -0.617757 -0.715047 0.327237
vn -0.655331 -0.725265 0.211026
vn -0.526004 -0.843427 0.109320
vn -0.506023 -0.836893 0.208691
vn -0.373580 -0.927595 0.002382
vn -0.366135 -0.927532 0.075034
vn -0.198309 -0.974108 -0.108565
vn -0.196766 -0.977766 -0.072502
vn -0.196241 -0.978483 -0.063728
vn -0.197268 -0.971888 -0.128525
vn -0.196590 -0.977043 -0.082097
vn -0.848915 -0.285576 0.444735
vn -0.861520 -0.119771 0.493395
vn -0.782340 -0.146929 0.605273
vn -0.772788 -0.297719 0.560501
vn -0.758063 -0.153848 0.633775
vn -0.749220 -0.300041 0.590462
vn -0.723239 -0.437921 0.533995
vn -0.744568 -0.439419 0.502523
vn -0.812038 -0.439482 0.383992
vn -0.786917 -0.145563 0.599644
vn -0.870036 -0.116295 0.479075
vn -0.856439 -0.283763 0.431268
vn -0.776882 -0.297216 0.555083
vn -0.817869 -0.438850 0.372156
vn -0.747831 -0.439516 0.497568
vn -0.752963 -0.585712 0.299979
vn -0.697339 -0.578004 0.423826
vn -0.677483 -0.573478 0.460587
vn -0.749218 -0.585793 0.309063
vn -0.695152 -0.577658 0.427874
vn -0.749218 0.378897 0.543240
vn -0.653718 0.545943 0.524022
vn -0.616775 0.484249 0.620558
vn -0.695152 0.317195 0.645098
vn -0.604077 0.464479 0.647572
vn -0.677483 0.298482 0.672254
vn -0.723239 0.144355 0.675342
vn -0.744568 0.160115 0.648060
vn -0.812038 0.214516 0.542750
vn -0.617757 0.485433 0.618653
vn -0.655331 0.547795 0.520060
vn -0.752963 0.382989 0.535131
vn -0.697339 0.319358 0.641660
vn -0.817869 0.219381 0.531941
vn -0.747831 0.162473 0.643701
vn -0.856439 0.054453 0.513369
vn -0.776882 0.009641 0.629573
vn -0.749220 -0.004069 0.662309
vn -0.848915 0.049890 0.526169
vn -0.772788 0.007605 0.634618
vn -0.197268 0.922647 0.331371
vn 0.001119 0.975026 0.222086
vn 0.000396 0.973407 0.229082
vn -0.196590 0.905942 0.374996
vn 0.000083 0.971777 0.235899
vn -0.196241 0.898799 0.391981
vn -0.363436 0.779028 0.510912
vn -0.366363 0.792350 0.487811
vn -0.373608 0.828128 0.417876
vn -0.000230 0.970106 0.242681
vn -0.000962 0.968356 0.249570
vn -0.198309 0.915469 0.350128
vn -0.196767 0.902185 0.383855
vn -0.373580 0.823265 0.427401
vn -0.366135 0.789899 0.491939
vn -0.526005 0.699435 0.483848
vn -0.506022 0.648070 0.569164
vn -0.498664 0.630693 0.594610
vn -0.525862 0.701004 0.481729
vn -0.505992 0.648649 0.568530
vn 0.525737 0.843323 -0.111385
vn 0.654723 0.725106 -0.213446
vn 0.617283 0.714795 -0.328680
vn 0.505811 0.836696 -0.209987
vn 0.604113 0.709624 -0.362604
vn 0.498734 0.833059 -0.239324
vn 0.363541 0.926523 -0.096921
vn 0.366132 0.927451 -0.076044
vn 0.373560 0.927598 -0.003929
vn 0.617328 0.715001 -0.328146
vn 0.654429 0.725482 -0.213071
vn 0.526279 0.843834 -0.104764
vn 0.506346 0.837198 -0.206672
vn 0.373834 0.927445 0.009722
vn 0.366575 0.927802 -0.069327
vn 0.197420 0.971763 0.129234
vn 0.196747 0.976969 0.082594
vn 0.196382 0.978456 0.063705
vn 0.198425 0.974182 0.107686
vn 0.196890 0.977784 0.071928
vn 0.854990 0.284084 -0.433922
vn 0.868517 0.116925 -0.481671
vn 0.785833 0.145889 -0.600986
vn 0.775842 0.297319 -0.556480
vn 0.758026 0.153858 -0.633817
vn 0.749190 0.300028 -0.590507
vn 0.723222 0.437889 -0.534044
vn 0.746913 0.439437 -0.499014
vn 0.816613 0.438921 -0.374822
vn 0.783366 0.146625 -0.604019
vn 0.863050 0.119156 -0.490862
vn 0.850380 0.285235 -0.442148
vn 0.773781 0.297593 -0.559198
vn 0.813326 0.439360 -0.381398
vn 0.745465 0.439437 -0.501177
vn 0.750242 0.585808 -0.306537
vn 0.695898 0.577770 -0.426507
vn 0.677487 0.573430 -0.460640
vn 0.751997 0.585615 -0.302583
vn 0.696611 0.577800 -0.425299
vn 0.751997 -0.381710 -0.537400
vn 0.696611 -0.318502 -0.642876
vn 0.677487 -0.298415 -0.672280
vn 0.723222 -0.144305 -0.675371
vn 0.746913 -0.161741 -0.644950
vn 0.816613 -0.218222 -0.534343
vn 0.750242 -0.380069 -0.541003
vn 0.695898 -0.317921 -0.643935
vn 0.813325 -0.215598 -0.540388
vn 0.745464 -0.160749 -0.646871
vn 0.850380 -0.050773 -0.523714
vn 0.773781 -0.008090 -0.633402
vn 0.749190 0.004101 -0.662343
vn 0.854990 -0.053521 -0.515876
vn 0.775843 -0.009093 -0.630861
vn 0.193813 -0.968528 -0.156177
vn -0.002681 -0.969251 -0.246061
vn -0.000851 -0.970397 -0.241516
vn 0.190021 -0.973817 -0.124792
vn 0.000371 -0.971411 -0.237403
vn 0.185224 -0.976484 -0.110319
vn 0.349966 -0.936645 0.014797
vn 0.360725 -0.932633 -0.008503
vn 0.371753 -0.926152 -0.063572
vn 0.001556 -0.972374 -0.233421
vn 0.002994 -0.973405 -0.229072
vn 0.183507 -0.975807 -0.118856
vn 0.182173 -0.977214 -0.108930
vn 0.346708 -0.937926 -0.009367
vn 0.343887 -0.938912 0.013635
vn 0.493538 -0.864050 0.099187
vn 0.623674 -0.753936 0.206427
vn 0.611022 -0.751752 0.248034
vn 0.486911 -0.863283 0.132888
vn 0.617715 -0.745216 0.251159
vn 0.494198 -0.858703 0.135638
vn 0.639168 -0.738691 0.214009
vn 0.670196 -0.731922 0.122994
vn 0.530708 -0.847037 0.029614
vn 0.510558 -0.853438 0.104760
vn -0.534377 -0.735807 -0.415968
vn -0.674475 -0.592779 -0.440110
vn -0.645492 -0.557727 -0.521805
vn -0.515265 -0.708365 -0.482412
vn -0.625308 -0.546373 -0.557195
vn -0.499699 -0.699759 -0.510526
vn -0.352972 -0.824561 -0.442166
vn -0.363952 -0.829798 -0.423053
vn -0.375387 -0.847263 -0.375807
vn -0.617750 -0.553793 -0.558299
vn -0.626620 -0.576274 -0.524649
vn -0.494954 -0.724775 -0.479293
vn -0.491587 -0.706332 -0.509350
vn -0.345554 -0.841674 -0.414943
vn -0.345662 -0.829246 -0.439168
vn -0.179321 -0.926184 -0.331704
vn -0.180846 -0.920089 -0.347465
vn -0.185822 -0.917546 -0.351538
vn -0.198284 -0.926483 -0.319863
vn -0.192190 -0.919345 -0.343319
vn -0.905503 -0.090336 -0.414613
vn -0.921730 0.091488 -0.376886
vn -0.866353 0.117815 -0.485337
vn -0.852283 -0.057295 -0.519934
vn -0.836367 0.129314 -0.532699
vn -0.823059 -0.044509 -0.566209
vn -0.784936 -0.212608 -0.581956
vn -0.812187 -0.225956 -0.537863
vn -0.859710 -0.263329 -0.437671
vn -0.833055 0.130498 -0.537578
vn -0.858710 0.120889 -0.497999
vn -0.843710 -0.062416 -0.533159
vn -0.819393 -0.046542 -0.571340
vn -0.800858 -0.238006 -0.549526
vn -0.780236 -0.217389 -0.586493
vn -0.730006 -0.408913 -0.547614
vn -0.714786 -0.385836 -0.583276
vn -0.720927 -0.379131 -0.580108
vn -0.784290 -0.430476 -0.446744
vn -0.745145 -0.392097 -0.539462
vn -0.784290 0.587390 -0.199658
vn -0.674475 0.728587 -0.119349
vn -0.645493 0.734891 -0.208024
vn -0.745144 0.595793 -0.299652
vn -0.625308 0.741027 -0.244681
vn -0.720926 0.602904 -0.341720
vn -0.784937 0.455760 -0.419711
vn -0.812187 0.447408 -0.374404
vn -0.859710 0.434685 -0.268229
vn -0.617750 0.748128 -0.242259
vn -0.626622 0.752677 -0.202048
vn -0.730005 0.614475 -0.299187
vn -0.714786 0.610315 -0.341461
vn -0.800859 0.463464 -0.379245
vn -0.780237 0.462089 -0.421550
vn -0.843710 0.299912 -0.445204
vn -0.819393 0.303308 -0.486414
vn -0.823059 0.299151 -0.482786
vn -0.905503 0.270374 -0.327051
vn -0.852283 0.289297 -0.435799
vn -0.198284 0.970021 0.140511
vn -0.002681 0.974191 0.225707
vn -0.000851 0.973126 0.230273
vn -0.192189 0.974431 0.116394
vn 0.000371 0.972142 0.234393
vn -0.185822 0.976601 0.108264
vn -0.352972 0.935515 -0.014909
vn -0.363951 0.931408 0.004479
vn -0.375386 0.925266 0.054473
vn 0.001556 0.971172 0.238373
vn 0.002993 0.970094 0.242711
vn -0.179321 0.975183 0.129851
vn -0.180846 0.976993 0.113050
vn -0.345552 0.938243 0.017131
vn -0.345661 0.938305 -0.010096
vn -0.494954 0.863858 -0.093654
vn -0.491589 0.861246 -0.128822
vn -0.499699 0.855946 -0.132880
vn -0.534377 0.844628 -0.032318
vn -0.515265 0.850704 -0.103949
vn 0.530708 0.739188 0.414669
vn 0.670196 0.594072 0.444878
vn 0.639168 0.558359 0.528867
vn 0.510557 0.710424 0.484385
vn 0.617716 0.547124 0.564874
vn 0.494197 0.700946 0.514241
vn 0.349967 0.825616 0.442585
vn 0.360727 0.832733 0.420039
vn 0.371753 0.852222 0.368127
vn 0.611022 0.554366 0.565093
vn 0.623674 0.575382 0.529118
vn 0.493538 0.722409 0.484299
vn 0.486912 0.706276 0.513898
vn 0.346708 0.837833 0.421697
vn 0.343888 0.828163 0.442592
vn 0.183508 0.921696 0.341761
vn 0.182174 0.918396 0.351227
vn 0.185224 0.918385 0.349659
vn 0.193813 0.932338 0.305257
vn 0.190021 0.922650 0.335573
vn 0.898687 0.086868 0.429902
vn 0.914368 -0.095512 0.393458
vn 0.855816 -0.122026 0.502682
vn 0.842250 0.053763 0.536399
vn 0.824977 -0.133323 0.549216
vn 0.811987 0.041666 0.582186
vn 0.774650 0.210977 0.596159
vn 0.803151 0.223409 0.552301
vn 0.853753 0.260843 0.450628
vn 0.823970 -0.133670 0.550642
vn 0.855252 -0.122246 0.503588
vn 0.839999 0.062105 0.539021
vn 0.810357 0.044855 0.584216
vn 0.796961 0.238311 0.555032
vn 0.771541 0.216948 0.598046
vn 0.726250 0.409095 0.552451
vn 0.706814 0.386219 0.592662
vn 0.711820 0.378744 0.591495
vn 0.779275 0.429543 0.456315
vn 0.737416 0.390937 0.550805
vn 0.779276 -0.590947 0.208592
vn 0.737416 -0.599961 0.310265
vn 0.711820 -0.607780 0.352017
vn 0.774650 -0.460823 0.433080
vn 0.803151 -0.451764 0.388404
vn 0.853754 -0.438416 0.280884
vn 0.726249 -0.616854 0.303403
vn 0.706814 -0.614960 0.349627
vn 0.796962 -0.466258 0.383999
vn 0.771541 -0.466994 0.432020
vn 0.839999 -0.302326 0.450556
vn 0.810357 -0.307716 0.498630
vn 0.811987 -0.303950 0.498288
vn 0.898687 -0.274303 0.342228
vn 0.842250 -0.293710 0.452050
vn 0.677982 -0.598516 -0.426755
vn 0.599265 -0.690254 -0.405500
vn 0.765943 -0.638372 0.076236
vn 0.767094 -0.641353 -0.015233
vn 0.553999 -0.832371 -0.015618
vn 0.442788 -0.843153 -0.305011
vn 0.530801 -0.306386 0.790176
vn 0.452398 -0.210378 0.866647
vn 0.440040 -0.340883 0.830761
vn 0.564991 -0.438310 0.699049
vn 0.295511 -0.862822 0.410135
vn 0.349873 -0.867331 0.354013
vn 0.145700 -0.989210 -0.015324
vn 0.223554 -0.969398 -0.101445
vn 0.052626 -0.998054 0.033443
vn 0.256887 -0.904223 0.341159
vn -0.018287 -0.906640 0.421509
vn -0.143760 -0.967844 0.206426
vn 0.359969 -0.310711 0.879705
vn 0.360682 -0.467351 0.807150
vn -0.089700 -0.664451 0.741929
vn -0.069143 -0.701142 0.709661
vn -0.360369 -0.784832 0.504156
vn -0.315990 -0.846688 0.428100
vn -0.421017 -0.722477 0.548427
vn -0.134305 -0.667695 0.732219
vn -0.347287 -0.502215 0.791941
vn -0.524199 -0.525284 0.670292
vn 0.323880 -0.223182 0.919397
vn 0.232919 -0.328078 0.915485
vn -0.227921 -0.229687 0.946201
vn -0.247310 -0.261513 0.932979
vn -0.545037 -0.197781 0.814750
vn -0.554970 -0.287839 0.780485
vn -0.554970 -0.102036 0.825589
vn -0.247310 -0.195347 0.949040
vn -0.347288 0.083222 0.934058
vn -0.524199 0.159506 0.836524
vn 0.359969 -0.127199 0.924253
vn 0.232918 -0.128175 0.964013
vn -0.089700 0.250325 0.963997
vn -0.134307 0.257667 0.956854
vn -0.360374 0.466329 0.807879
vn -0.421017 0.390625 0.818631
vn -0.315992 0.556173 0.768648
vn -0.069139 0.297736 0.952141
vn -0.018283 0.612491 0.790266
vn -0.143754 0.765488 0.627186
vn 0.440038 -0.077943 0.894590
vn 0.360680 0.045277 0.931590
vn 0.295509 0.578759 0.760074
vn 0.256886 0.647171 0.717760
vn 0.145699 0.886142 0.439914
vn 0.052625 0.871643 0.487309
vn 0.223553 0.908019 0.354295
vn 0.349876 0.608493 0.712266
vn 0.553999 0.746892 0.367746
vn 0.442790 0.889154 0.115504
vn 0.530802 -0.089997 0.842704
vn 0.564992 0.069027 0.822204
vn 0.765944 0.532370 0.360433
vn 0.767095 0.576957 0.280509
vn 0.677983 0.727561 -0.104850
vn 0.599265 0.799346 -0.043902
vn 0.717993 0.678993 -0.153149
vn 0.813754 0.484276 0.321375
vn 0.954272 0.298904 0.004622
vn 0.818743 0.466659 -0.334500
vn 0.582439 -0.191758 0.789933
vn 0.697512 -0.064895 0.713628
vn 0.999411 -0.008096 0.033355
vn 0.999911 0.011093 0.007353
vn 0.883591 0.110461 -0.455044
vn 0.874070 0.211207 -0.437485
vn 0.874070 0.012879 -0.485629
vn 0.999911 -0.013229 0.001449
vn 0.954272 -0.267756 -0.132934
vn 0.818743 -0.261358 -0.511226
vn 0.697510 -0.269517 0.663958
vn 0.813754 -0.577721 0.063578
vn 0.717992 -0.533210 -0.447409
vn 0.216224 -0.935426 -0.279689
vn 0.065471 -0.939966 -0.334930
vn 0.108587 -0.858718 -0.500813
vn 0.211531 -0.868441 -0.448403
vn 0.204231 -0.517915 -0.830695
vn 0.242214 -0.559684 -0.792519
vn 0.499502 -0.630291 -0.594332
vn 0.493948 -0.812318 -0.310088
vn 0.419096 -0.886324 -0.196949
vn 0.287558 0.104462 -0.952049
vn 0.292713 0.225566 -0.929214
vn 0.363120 0.128468 -0.922843
vn 0.380474 -0.014542 -0.924677
vn 0.679291 -0.365022 -0.636649
vn 0.695661 -0.424557 -0.579489
vn 0.755180 -0.616241 -0.223498
vn 0.721581 -0.689996 -0.056805
vn 0.607083 -0.786582 -0.112864
vn 0.693645 -0.681145 -0.234304
vn -0.509556 -0.721054 -0.469504
vn -0.625427 -0.610426 -0.486027
vn -0.545411 -0.540442 -0.640663
vn -0.478766 -0.624159 -0.617421
vn -0.259129 -0.282332 -0.923656
vn -0.257720 -0.340301 -0.904309
vn -0.124570 -0.610403 -0.782234
vn -0.243192 -0.796919 -0.552971
vn -0.312788 -0.847596 -0.428655
vn 0.215498 0.143043 -0.965971
vn 0.206227 -0.006085 -0.978485
vn 0.176956 -0.579039 -0.795864
vn -0.092066 -0.921526 -0.377244
vn 0.008991 -0.862050 -0.506743
vn -0.897828 -0.056750 -0.436675
vn -0.907913 0.098878 -0.407329
vn -0.814336 0.136913 -0.564014
vn -0.821782 0.032259 -0.568888
vn -0.454013 0.210184 -0.865849
vn -0.493509 0.170853 -0.852795
vn -0.570989 -0.136763 -0.809486
vn -0.767454 -0.244112 -0.592811
vn -0.838924 -0.280694 -0.466280
vn 0.180291 0.232034 -0.955853
vn 0.078378 0.138981 -0.987189
vn -0.314913 -0.298171 -0.901068
vn -0.727578 -0.486051 -0.484134
vn -0.621972 -0.472995 -0.624040
vn -0.727579 0.653920 -0.207407
vn -0.625429 0.765320 -0.152066
vn -0.545414 0.774022 -0.321579
vn -0.621975 0.706460 -0.337730
vn -0.259128 0.674389 -0.691413
vn -0.314914 0.678106 -0.664079
vn -0.570988 0.492676 -0.656690
vn -0.767453 0.488736 -0.414912
vn -0.838924 0.463235 -0.285692
vn 0.215496 0.315758 -0.924044
vn 0.078378 0.329098 -0.941038
vn -0.493509 0.239153 -0.836215
vn -0.897828 0.250639 -0.362057
vn -0.821782 0.232154 -0.520364
vn -0.092066 0.991924 0.087244
vn 0.065471 0.988910 0.133303
vn 0.108586 0.992759 -0.051369
vn 0.008989 0.998440 -0.055109
vn 0.204233 0.841130 -0.500788
vn 0.176952 0.879482 -0.441813
vn -0.124565 0.901108 -0.415317
vn -0.243189 0.961753 -0.126054
vn -0.312788 0.949792 0.007659
vn 0.287559 0.343660 -0.893984
vn 0.206222 0.454024 -0.866796
vn -0.257717 0.717033 -0.647646
vn -0.509557 0.856062 -0.086661
vn -0.478766 0.837768 -0.262541
vn 0.607085 0.750784 0.260331
vn 0.721582 0.639245 0.265867
vn 0.755179 0.650126 0.083912
vn 0.693648 0.712758 0.104064
vn 0.679290 0.616292 -0.398433
vn 0.695659 0.642991 -0.320345
vn 0.499504 0.832630 -0.239215
vn 0.493948 0.864080 0.096857
vn 0.419094 0.877978 0.231333
vn 0.363122 0.308936 -0.879034
vn 0.380479 0.436871 -0.815094
vn 0.242219 0.860747 -0.447710
vn 0.216225 0.959549 0.180314
vn 0.211532 0.977371 -0.000333
vn 0.969312 0.104079 0.222715
vn 0.981302 -0.045405 0.187041
vn 0.999954 -0.002258 0.009296
vn 0.995894 0.078509 0.045065
vn 0.885646 0.109541 -0.451255
vn 0.916629 0.121239 -0.380909
vn 0.907721 0.345424 -0.238169
vn 0.945976 0.307383 0.103171
vn 0.908766 0.327716 0.258354
vn 0.402026 0.215995 -0.889787
vn 0.502455 0.294355 -0.812954
vn 0.732435 0.587409 -0.344223
vn 0.807521 0.525491 0.267896
vn 0.821586 0.561742 0.097176
vn 0.807521 -0.589832 -0.002847
vn 0.821586 -0.543775 -0.171187
vn 0.732436 -0.364210 -0.575229
vn 0.907723 -0.197778 -0.370032
vn 0.945977 -0.320473 -0.049241
vn 0.908766 -0.409693 0.079349
vn 0.502456 0.111130 -0.857431
vn 0.916629 0.066898 -0.394102
vn 0.969312 -0.194606 0.150209
vn 0.995894 -0.090433 0.004054
vn 0.693405 0.720547 -0.001265
vn 0.543774 0.836523 0.067368
vn 0.691757 0.705107 0.155875
vn 0.525095 0.829804 0.188945
vn 0.339739 0.915920 0.213700
vn 0.377943 0.916454 0.131419
vn 0.717800 0.618794 0.319151
vn 0.569109 0.760133 0.313547
vn 0.397412 0.868766 0.295482
vn -0.011149 0.974856 0.222556
vn 0.203175 0.942569 0.265110
vn -0.082343 0.967764 0.238018
vn 0.136505 0.963466 0.230433
vn -0.002437 0.969427 0.245367
vn 0.195993 0.961777 0.191235
vn -0.199696 0.937444 0.285168
vn -0.281360 0.930328 0.235216
vn -0.457099 0.860639 0.224412
vn -0.380398 0.870766 0.311551
vn -0.220139 0.959398 0.176335
vn -0.407509 0.904243 0.127598
vn -0.723189 0.690366 0.019814
vn -0.575477 0.814330 0.075448
vn -0.754198 0.631338 0.180547
vn -0.614670 0.761313 0.206355
vn -0.696139 0.637923 0.329309
vn -0.546194 0.771414 0.326486
vn -0.816846 0.480276 0.319527
vn -0.861171 0.485712 0.149896
vn -0.936544 0.330878 0.115782
vn -0.901639 0.312621 0.298856
vn -0.838605 0.543603 -0.035179
vn -0.917818 0.387593 -0.085916
vn -0.982858 0.043492 -0.179163
vn -0.965875 0.221889 -0.133604
vn -0.999303 -0.008804 0.036266
vn -0.982940 0.166534 0.078072
vn -0.972597 -0.054845 0.225935
vn -0.953948 0.134895 0.267928
vn -0.953948 -0.242722 0.176262
vn -0.982940 -0.183794 -0.006970
vn -0.936544 -0.347136 -0.048806
vn -0.901639 -0.414847 0.122264
vn -0.965875 -0.135939 -0.220466
vn -0.917818 -0.305064 -0.254058
vn -0.723189 -0.622615 -0.298911
vn -0.838605 -0.466973 -0.280496
vn -0.754198 -0.643850 -0.129004
vn -0.861170 -0.500379 -0.089477
vn -0.696139 -0.717907 0.000183
vn -0.816846 -0.573320 0.063768
vn -0.546194 -0.835246 -0.063529
vn -0.614670 -0.771192 -0.165659
vn -0.457099 -0.867742 -0.195151
vn -0.380398 -0.916694 -0.122353
vn -0.575477 -0.758290 -0.306304
vn -0.407509 -0.862106 -0.301181
vn -0.011149 -0.968397 -0.249166
vn -0.220139 -0.933467 -0.283156
vn -0.082343 -0.969183 -0.232174
vn -0.281360 -0.934628 -0.217501
vn -0.002437 -0.974030 -0.226405
vn -0.199696 -0.963854 -0.176370
vn 0.195994 -0.942413 -0.271005
vn 0.136505 -0.961886 -0.236944
vn 0.339739 -0.911959 -0.230016
vn 0.377943 -0.874710 -0.303384
vn 0.203175 -0.959213 -0.196546
vn 0.397413 -0.907548 -0.135717
vn 0.717799 -0.696250 -0.000075
vn 0.569109 -0.819289 -0.069856
vn 0.691756 -0.698098 -0.184751
vn 0.525096 -0.824078 -0.212533
vn 0.693406 -0.639773 -0.331481
vn 0.543774 -0.774309 -0.323660
vn 0.814143 -0.480862 -0.325488
vn 0.828300 -0.540309 -0.148272
vn 0.922297 -0.371051 -0.108120
vn 0.898945 -0.312079 -0.307417
vn 0.832526 -0.549916 0.067029
vn 0.909867 -0.395158 0.126461
vn 0.972190 -0.055247 0.227584
vn 0.956105 -0.231460 0.179691
vn 0.999836 0.004273 -0.017609
vn 0.979533 -0.190581 -0.064759
vn 0.969720 0.057611 -0.237329
vn 0.951210 -0.133252 -0.278286
vn 0.951210 0.246009 -0.186220
vn 0.979533 0.199061 0.029827
vn 0.922297 0.379326 0.074034
vn 0.898945 0.418290 -0.130120
vn 0.956105 0.123314 0.265812
vn 0.909867 0.293199 0.293559
vn 0.832525 0.457982 0.311695
vn 0.828300 0.548155 0.115952
vn 0.814144 0.576573 -0.068797
vn 0.693241 0.624274 0.360139
vn 0.546027 0.760063 0.352361
vn 0.743356 0.649757 0.158868
vn 0.602203 0.775599 0.189201
vn 0.446391 0.869426 0.211741
vn 0.382117 0.862602 0.331517
vn 0.693467 0.719776 -0.032023
vn 0.546114 0.836903 0.036778
vn 0.382120 0.918479 0.101883
vn 0.005046 0.975092 0.221743
vn 0.202429 0.965611 0.163152
vn 0.084604 0.968259 0.235196
vn 0.275957 0.933944 0.227150
vn 0.005071 0.968229 0.250014
vn 0.202454 0.932774 0.298235
vn -0.195247 0.963150 0.184990
vn -0.126403 0.964025 0.233832
vn -0.323297 0.919705 0.222762
vn -0.378439 0.918489 0.114724
vn -0.195285 0.940910 0.276681
vn -0.378523 0.869178 0.318198
vn -0.691616 0.625732 0.360731
vn -0.544055 0.764269 0.346260
vn -0.673401 0.718651 0.173412
vn -0.505556 0.838622 0.202795
vn -0.691320 0.721677 -0.035473
vn -0.543888 0.838143 0.041262
vn -0.808552 0.578269 -0.108850
vn -0.815133 0.563212 0.135461
vn -0.915356 0.391603 0.093648
vn -0.889846 0.421936 -0.173621
vn -0.808995 0.464727 0.359940
vn -0.890422 0.296102 0.345648
vn -0.957574 -0.067982 0.280053
vn -0.940121 0.119346 0.319263
vn -0.999999 0.000355 -0.001458
vn -0.977645 0.204669 0.048173
vn -0.956865 0.068536 -0.282333
vn -0.939449 0.252865 -0.231288
vn -0.939449 -0.118680 -0.321481
vn -0.977645 -0.203977 -0.051025
vn -0.915356 -0.390956 -0.096318
vn -0.889846 -0.295375 -0.347747
vn -0.940121 -0.252440 0.229012
vn -0.890422 -0.421620 0.171421
vn -0.691616 -0.721479 0.033697
vn -0.808995 -0.578030 0.106811
vn -0.673401 -0.718175 -0.175376
vn -0.815133 -0.562635 -0.137838
vn -0.691321 -0.625094 -0.362400
vn -0.808552 -0.464005 -0.361861
vn -0.543888 -0.763779 -0.347603
vn -0.505556 -0.838265 -0.204267
vn -0.323296 -0.919477 -0.223698
vn -0.378439 -0.868864 -0.319155
vn -0.544055 -0.837963 -0.042681
vn -0.378522 -0.918330 -0.115719
vn 0.005046 -0.968233 -0.249998
vn -0.195285 -0.963043 -0.185502
vn 0.084604 -0.968328 -0.234909
vn -0.126403 -0.963941 -0.234180
vn 0.005071 -0.975096 -0.221727
vn -0.195247 -0.940769 -0.277185
vn 0.202454 -0.965696 -0.162617
vn 0.275957 -0.934143 -0.226327
vn 0.446392 -0.869741 -0.210440
vn 0.382117 -0.918592 -0.100867
vn 0.202429 -0.932944 -0.297721
vn 0.382121 -0.862967 -0.330562
vn 0.693467 -0.624986 -0.358462
vn 0.546115 -0.760620 -0.351020
vn 0.743355 -0.650279 -0.156715
vn 0.602203 -0.776023 -0.187454
vn 0.693240 -0.719912 0.033839
vn 0.546028 -0.837022 -0.035330
vn 0.810959 -0.576273 0.101272
vn 0.853647 -0.506451 -0.121632
vn 0.932932 -0.350216 -0.083584
vn 0.893170 -0.419530 0.161995
vn 0.811352 -0.466491 -0.352269
vn 0.893710 -0.299343 -0.334179
vn 0.962417 0.064063 -0.263910
vn 0.944345 -0.123245 -0.304998
vn 0.999999 -0.000352 0.001447
vn 0.982426 -0.181725 -0.042608
vn 0.961736 -0.064632 0.266247
vn 0.943701 -0.249781 0.216880
vn 0.943701 0.122546 0.307262
vn 0.982426 0.181034 0.045452
vn 0.932932 0.349560 0.086286
vn 0.893170 0.298567 0.336312
vn 0.944345 0.249363 -0.214547
vn 0.893710 0.419243 -0.159743
vn 0.811352 0.576082 -0.099186
vn 0.853647 0.505852 0.124104
vn 0.810959 0.465705 0.354211
vn 0.691503 0.721427 -0.036979
vn 0.544312 0.837937 0.039834
vn 0.674327 0.722234 0.153825
vn 0.506966 0.841174 0.188178
vn 0.325196 0.921224 0.213529
vn 0.379091 0.918383 0.113415
vn 0.696450 0.646458 0.311527
vn 0.544705 0.780218 0.307501
vn 0.376421 0.879398 0.291491
vn -0.009062 0.974446 0.224440
vn 0.191732 0.945315 0.263853
vn -0.081416 0.967839 0.238032
vn 0.128909 0.964508 0.230451
vn -0.004034 0.968479 0.249064
vn 0.196138 0.963192 0.183826
vn -0.201669 0.933082 0.297806
vn -0.273210 0.932779 0.235117
vn -0.444622 0.867233 0.224096
vn -0.381624 0.862795 0.331584
vn -0.205931 0.961860 0.180049
vn -0.385634 0.913208 0.131673
vn -0.700955 0.712937 0.019564
vn -0.550934 0.830871 0.078260
vn -0.742673 0.645339 0.178814
vn -0.601136 0.772260 0.205550
vn -0.692964 0.624145 0.360892
vn -0.545695 0.760092 0.352812
vn -0.810697 0.465431 0.355170
vn -0.853210 0.500476 0.146820
vn -0.932545 0.343571 0.110989
vn -0.892872 0.298231 0.337398
vn -0.822092 0.567955 -0.039901
vn -0.907526 0.408979 -0.095569
vn -0.979247 0.047809 -0.196951
vn -0.960375 0.236253 -0.147865
vn -0.999590 -0.006755 0.027829
vn -0.982026 0.174722 0.071397
vn -0.961372 -0.064931 0.267484
vn -0.943361 0.122212 0.308437
vn -0.943361 -0.250024 0.218077
vn -0.982026 -0.188010 -0.016656
vn -0.932545 -0.356220 -0.058884
vn -0.892872 -0.419730 0.163113
vn -0.960375 -0.142165 -0.239725
vn -0.907526 -0.319644 -0.272441
vn -0.700955 -0.642560 -0.309482
vn -0.822091 -0.486451 -0.295857
vn -0.742672 -0.655499 -0.136963
vn -0.853210 -0.512089 -0.098979
vn -0.692964 -0.720143 0.034568
vn -0.810697 -0.576468 0.102250
vn -0.545695 -0.837255 -0.034943
vn -0.601136 -0.780551 -0.171393
vn -0.444622 -0.873457 -0.198455
vn -0.381624 -0.918794 -0.100895
vn -0.550934 -0.774279 -0.311389
vn -0.385634 -0.871941 -0.301670
vn -0.009063 -0.968895 -0.247304
vn -0.205932 -0.937358 -0.280985
vn -0.081416 -0.969256 -0.232196
vn -0.273210 -0.936761 -0.218712
vn -0.004034 -0.974882 -0.222685
vn -0.201669 -0.965772 -0.163139
vn 0.196137 -0.940273 -0.278238
vn 0.128909 -0.962819 -0.237406
vn 0.325196 -0.916594 -0.232599
vn 0.379091 -0.868169 -0.320269
vn 0.191732 -0.961077 -0.198922
vn 0.376420 -0.915168 -0.144138
vn 0.696451 -0.717339 -0.019533
vn 0.544705 -0.834366 -0.084438
vn 0.674326 -0.712378 -0.194426
vn 0.506967 -0.833831 -0.218428
vn 0.691503 -0.624181 -0.363624
vn 0.544312 -0.762941 -0.348777
vn 0.808475 -0.463137 -0.363142
vn 0.815503 -0.555884 -0.161083
vn 0.915285 -0.383695 -0.122600
vn 0.889570 -0.294622 -0.349088
vn 0.818843 -0.572237 0.045177
vn 0.904696 -0.413024 0.104580
vn 0.976280 -0.051075 0.210400
vn 0.957566 -0.240010 0.159570
vn 0.999508 0.007402 -0.030494
vn 0.977271 -0.196618 -0.079265
vn 0.956419 0.068881 -0.283756
vn 0.939045 -0.118106 -0.322871
vn 0.939045 0.252991 -0.232787
vn 0.977271 0.211077 0.019703
vn 0.915285 0.397201 0.066961
vn 0.889570 0.421882 -0.175157
vn 0.957566 0.140138 0.251851
vn 0.904695 0.319109 0.282305
vn 0.818843 0.487837 0.302509
vn 0.815503 0.567870 0.111708
vn 0.808475 0.578085 -0.110386
vn 0.007206 0.970854 0.239565
vn -0.177898 0.973305 0.145014
vn 0.017091 0.973410 0.228431
vn -0.169370 0.974151 0.149477
vn -0.349992 0.934652 0.062707
vn -0.349279 0.935809 0.047600
vn 0.035911 0.978792 0.201684
vn -0.145538 0.979724 0.137697
vn -0.342386 0.937833 0.056928
vn -0.648071 0.754572 -0.103077
vn -0.515280 0.856558 -0.028192
vn -0.650098 0.751607 -0.111625
vn -0.511099 0.859144 -0.025491
vn -0.642058 0.752352 -0.147401
vn -0.504129 0.862180 -0.050002
vn -0.753155 0.613400 -0.237694
vn -0.765266 0.613890 -0.193666
vn -0.850151 0.452993 -0.268403
vn -0.831054 0.458505 -0.314838
vn -0.761714 0.623968 -0.174514
vn -0.856549 0.451861 -0.249289
vn -0.926421 0.088812 -0.365863
vn -0.911250 0.263644 -0.316409
vn -0.917935 0.093588 -0.385534
vn -0.901104 0.277469 -0.333201
vn -0.895006 0.105224 -0.433465
vn -0.878459 0.289553 -0.380092
vn -0.878459 -0.083061 -0.470543
vn -0.901104 -0.093821 -0.423332
vn -0.850151 -0.279520 -0.446220
vn -0.831054 -0.263128 -0.490014
vn -0.911250 -0.089236 -0.402070
vn -0.856549 -0.287276 -0.428714
vn -0.648070 -0.623333 -0.437563
vn -0.761714 -0.474511 -0.441169
vn -0.650098 -0.616778 -0.443799
vn -0.765267 -0.456773 -0.453569
vn -0.642059 -0.601038 -0.475935
vn -0.753154 -0.436154 -0.492472
vn -0.504130 -0.743297 -0.439730
vn -0.511099 -0.751837 -0.416555
vn -0.349993 -0.859378 -0.372792
vn -0.349280 -0.853481 -0.386749
vn -0.515280 -0.748301 -0.417770
vn -0.342385 -0.859557 -0.379386
vn 0.035911 -0.962325 -0.269520
vn -0.145538 -0.933816 -0.326813
vn 0.017092 -0.969805 -0.243283
vn -0.169370 -0.934265 -0.313789
vn 0.007206 -0.972638 -0.232216
vn -0.177898 -0.931467 -0.317368
vn 0.188748 -0.971946 -0.140336
vn 0.194708 -0.966461 -0.167459
vn 0.367934 -0.926055 -0.083939
vn 0.356245 -0.933255 -0.046094
vn 0.201530 -0.957234 -0.207579
vn 0.383072 -0.914467 -0.130406
vn 0.693145 -0.720355 0.025271
vn 0.560109 -0.827103 -0.046683
vn 0.669679 -0.737478 0.087496
vn 0.530914 -0.847420 0.003193
vn 0.646780 -0.748689 0.145399
vn 0.509946 -0.858773 0.049643
vn 0.755915 -0.611339 0.234215
vn 0.779965 -0.603091 0.167144
vn 0.862736 -0.444466 0.241116
vn 0.833121 -0.457423 0.310923
vn 0.797366 -0.596071 0.094382
vn 0.887577 -0.428431 0.169273
vn 0.957828 -0.067784 0.279234
vn 0.942444 -0.239186 0.233646
vn 0.930761 -0.086250 0.355311
vn 0.913832 -0.268447 0.304708
vn 0.897403 -0.104080 0.428760
vn 0.880675 -0.288307 0.375887
vn 0.880675 0.083882 0.466236
vn 0.913832 0.098868 0.393874
vn 0.862736 0.284452 0.418060
vn 0.833121 0.263961 0.486039
vn 0.942444 0.105443 0.317304
vn 0.887578 0.303140 0.346861
vn 0.693146 0.628595 0.352728
vn 0.797365 0.486458 0.357165
vn 0.669679 0.615285 0.415878
vn 0.779965 0.459336 0.425048
vn 0.646780 0.598700 0.472477
vn 0.755915 0.435917 0.488436
vn 0.509947 0.740434 0.437849
vn 0.530913 0.751642 0.391363
vn 0.367935 0.861473 0.349982
vn 0.356245 0.850521 0.386916
vn 0.560108 0.756453 0.337724
vn 0.383072 0.872479 0.303374
vn 0.201529 0.945869 0.254398
vn 0.194708 0.935674 0.294283
vn 0.188748 0.928114 0.320902
s 1
g worm2
usemtl lambert2SG
f 308/660/1 2/10/2 389/661/3 915/356/4
f 389/661/3 116/181/5 612/662/6 915/356/4
f 612/662/6 227/100/7 611/663/8 915/356/4
f 611/663/8 75/180/9 308/660/1 915/356/4
f 390/664/10 48/69/11 507/665/12 916/357/13
f 507/665/12 175/182/14 613/666/15 916/357/13
f 613/666/15 227/100/7 612/662/6 916/357/13
f 612/662/6 116/181/5 390/664/10 916/357/13
f 508/667/16 49/71/17 388/668/18 917/358/19
f 388/668/18 115/183/20 614/669/21 917/358/19
f 614/669/21 227/100/7 613/666/15 917/358/19
f 613/666/15 175/182/14 508/667/16 917/358/19
f 387/670/22 1/9/23 307/671/24 918/359/25
f 307/671/24 75/180/9 611/663/8 918/359/25
f 611/663/8 227/100/7 614/669/21 918/359/25
f 614/669/21 115/183/20 387/670/22 918/359/25
f 310/672/26 3/11/27 391/673/28 919/360/29
f 391/673/28 117/185/30 616/674/31 919/360/29
f 616/674/31 228/101/32 615/675/33 919/360/29
f 615/675/33 76/184/34 310/672/26 919/360/29
f 392/676/35 47/68/36 503/677/37 920/361/38
f 503/677/37 173/186/39 617/678/40 920/361/38
f 617/678/40 228/101/32 616/674/31 920/361/38
f 616/674/31 117/185/30 392/676/35 920/361/38
f 504/679/41 48/69/11 390/664/10 921/362/42
f 390/664/10 116/181/5 618/680/43 921/362/42
f 618/680/43 228/101/32 617/678/40 921/362/42
f 617/678/40 173/186/39 504/679/41 921/362/42
f 389/661/3 2/10/2 309/681/44 922/363/45
f 309/681/44 76/184/34 615/675/33 922/363/45
f 615/675/33 228/101/32 618/680/43 922/363/45
f 618/680/43 116/181/5 389/661/3 922/363/45
f 312/682/46 4/12/47 393/683/48 923/364/49
f 393/683/48 118/188/50 620/684/51 923/364/49
f 620/684/51 229/102/52 619/685/53 923/364/49
f 619/685/53 77/187/54 312/682/46 923/364/49
f 394/686/55 46/67/56 499/687/57 924/365/58
f 499/687/57 171/189/59 621/688/60 924/365/58
f 621/688/60 229/102/52 620/684/51 924/365/58
f 620/684/51 118/188/50 394/686/55 924/365/58
f 500/689/61 47/68/36 392/676/35 925/366/62
f 392/676/35 117/185/30 622/690/63 925/366/62
f 622/690/63 229/102/52 621/688/60 925/366/62
f 621/688/60 171/189/59 500/689/61 925/366/62
f 391/673/28 3/11/27 311/691/64 926/367/65
f 311/691/64 77/187/54 619/685/53 926/367/65
f 619/685/53 229/102/52 622/690/63 926/367/65
f 622/690/63 117/185/30 391/673/28 926/367/65
f 314/692/66 5/13/67 395/693/68 927/368/69
f 395/693/68 119/191/70 624/694/71 927/368/69
f 624/694/71 230/103/72 623/695/73 927/368/69
f 623/695/73 78/190/74 314/692/66 927/368/69
f 396/696/75 45/66/76 495/697/77 928/369/78
f 495/697/77 169/192/79 625/698/80 928/369/78
f 625/698/80 230/103/72 624/694/71 928/369/78
f 624/694/71 119/191/70 396/696/75 928/369/78
f 496/699/81 46/67/56 394/686/55 929/370/82
f 394/686/55 118/188/50 626/700/83 929/370/82
f 626/700/83 230/103/72 625/698/80 929/370/82
f 625/698/80 169/192/79 496/699/81 929/370/82
f 393/683/48 4/12/47 313/701/84 930/371/85
f 313/701/84 78/190/74 623/695/73 930/371/85
f 623/695/73 230/103/72 626/700/83 930/371/85
f 626/700/83 118/188/50 393/683/48 930/371/85
f 316/702/86 6/14/87 397/703/88 931/372/89
f 397/703/88 120/194/90 628/704/91 931/372/89
f 628/704/91 231/104/92 627/705/93 931/372/89
f 627/705/93 79/193/94 316/702/86 931/372/89
f 398/706/95 44/65/96 491/707/97 932/373/98
f 491/707/97 167/195/99 629/708/100 932/373/98
f 629/708/100 231/104/92 628/704/91 932/373/98
f 628/704/91 120/194/90 398/706/95 932/373/98
f 492/709/101 45/66/76 396/696/75 933/374/102
f 396/696/75 119/191/70 630/710/103 933/374/102
f 630/710/103 231/104/92 629/708/100 933/374/102
f 629/708/100 167/195/99 492/709/101 933/374/102
f 395/693/68 5/13/67 315/711/104 934/375/105
f 315/711/104 79/193/94 627/705/93 934/375/105
f 627/705/93 231/104/92 630/710/103 934/375/105
f 630/710/103 119/191/70 395/693/68 934/375/105
f 318/712/106 7/15/107 399/713/108 935/376/109
f 399/713/108 121/197/110 632/714/111 935/376/109
f 632/714/111 232/105/112 631/715/113 935/376/109
f 631/715/113 80/196/114 318/712/106 935/376/109
f 400/716/115 43/64/116 487/717/117 936/377/118
f 487/717/117 165/198/119 633/718/120 936/377/118
f 633/718/120 232/105/112 632/714/111 936/377/118
f 632/714/111 121/197/110 400/716/115 936/377/118
f 488/719/121 44/65/96 398/706/95 937/378/122
f 398/706/95 120/194/90 634/720/123 937/378/122
f 634/720/123 232/105/112 633/718/120 937/378/122
f 633/718/120 165/198/119 488/719/121 937/378/122
f 397/703/88 6/14/87 317/721/124 938/379/125
f 317/721/124 80/196/114 631/715/113 938/379/125
f 631/715/113 232/105/112 634/720/123 938/379/125
f 634/720/123 120/194/90 397/703/88 938/379/125
f 320/722/126 8/16/127 401/723/128 939/380/129
f 401/723/128 122/200/130 636/724/131 939/380/129
f 636/724/131 233/106/132 635/725/133 939/380/129
f 635/725/133 81/199/134 320/722/126 939/380/129
f 402/726/135 50/72/136 513/727/137 940/381/138
f 513/727/137 178/201/139 637/728/140 940/381/138
f 637/728/140 233/106/132 636/724/131 940/381/138
f 636/724/131 122/200/130 402/726/135 940/381/138
f 514/729/141 43/64/116 400/716/115 941/382/142
f 400/716/115 121/197/110 638/730/143 941/382/142
f 638/730/143 233/106/132 637/728/140 941/382/142
f 637/728/140 178/201/139 514/729/141 941/382/142
f 399/713/108 7/15/107 319/731/144 942/383/145
f 319/731/144 81/199/134 635/725/133 942/383/145
f 635/725/133 233/106/132 638/730/143 942/383/145
f 638/730/143 121/197/110 399/713/108 942/383/145
f 322/732/146 1/17/23 387/733/22 943/384/147
f 387/733/22 115/203/20 640/734/148 943/384/147
f 640/734/148 234/107/149 639/735/150 943/384/147
f 639/735/150 82/202/151 322/732/146 943/384/147
f 388/736/18 49/70/17 511/737/152 944/385/153
f 511/737/152 177/204/154 641/738/155 944/385/153
f 641/738/155 234/107/149 640/734/148 944/385/153
f 640/734/148 115/203/20 388/736/18 944/385/153
f 512/739/156 50/72/136 402/726/135 945/386/157
f 402/726/135 122/200/130 642/740/158 945/386/157
f 642/740/158 234/107/149 641/738/155 945/386/157
f 641/738/155 177/204/154 512/739/156 945/386/157
f 401/723/128 8/16/127 321/741/159 946/387/160
f 321/741/159 82/202/151 639/735/150 946/387/160
f 639/735/150 234/107/149 642/740/158 946/387/160
f 642/740/158 122/200/130 401/723/128 946/387/160
f 324/742/161 10/19/162 405/743/163 947/388/164
f 405/743/163 124/206/165 644/744/166 947/388/164
f 644/744/166 235/108/167 643/745/168 947/388/164
f 643/745/168 83/205/169 324/742/161 947/388/164
f 406/746/170 56/78/171 539/747/172 948/389/173
f 539/747/172 191/207/174 645/748/175 948/389/173
f 645/748/175 235/108/167 644/744/166 948/389/173
f 644/744/166 124/206/165 406/746/170 948/389/173
f 540/749/176 57/80/177 404/750/178 949/390/179
f 404/750/178 123/208/180 646/751/181 949/390/179
f 646/751/181 235/108/167 645/748/175 949/390/179
f 645/748/175 191/207/174 540/749/176 949/390/179
f 403/752/182 9/18/183 323/753/184 950/391/185
f 323/753/184 83/205/169 643/745/168 950/391/185
f 643/745/168 235/108/167 646/751/181 950/391/185
f 646/751/181 123/208/180 403/752/182 950/391/185
f 326/754/186 11/20/187 407/755/188 951/392/189
f 407/755/188 125/210/190 648/756/191 951/392/189
f 648/756/191 236/109/192 647/757/193 951/392/189
f 647/757/193 84/209/194 326/754/186 951/392/189
f 408/758/195 55/77/196 535/759/197 952/393/198
f 535/759/197 189/211/199 649/760/200 952/393/198
f 649/760/200 236/109/192 648/756/191 952/393/198
f 648/756/191 125/210/190 408/758/195 952/393/198
f 536/761/201 56/78/171 406/746/170 953/394/202
f 406/746/170 124/206/165 650/762/203 953/394/202
f 650/762/203 236/109/192 649/760/200 953/394/202
f 649/760/200 189/211/199 536/761/201 953/394/202
f 405/743/163 10/19/162 325/763/204 954/395/205
f 325/763/204 84/209/194 647/757/193 954/395/205
f 647/757/193 236/109/192 650/762/203 954/395/205
f 650/762/203 124/206/165 405/743/163 954/395/205
f 328/764/206 12/21/207 409/765/208 955/396/209
f 409/765/208 126/213/210 652/766/211 955/396/209
f 652/766/211 237/110/212 651/767/213 955/396/209
f 651/767/213 85/212/214 328/764/206 955/396/209
f 410/768/215 54/76/216 531/769/217 956/397/218
f 531/769/217 187/214/219 653/770/220 956/397/218
f 653/770/220 237/110/212 652/766/211 956/397/218
f 652/766/211 126/213/210 410/768/215 956/397/218
f 532/771/221 55/77/196 408/758/195 957/398/222
f 408/758/195 125/210/190 654/772/223 957/398/222
f 654/772/223 237/110/212 653/770/220 957/398/222
f 653/770/220 187/214/219 532/771/221 957/398/222
f 407/755/188 11/20/187 327/773/224 958/399/225
f 327/773/224 85/212/214 651/767/213 958/399/225
f 651/767/213 237/110/212 654/772/223 958/399/225
f 654/772/223 125/210/190 407/755/188 958/399/225
f 330/774/226 13/22/227 411/775/228 959/400/229
f 411/775/228 127/216/230 656/776/231 959/400/229
f 656/776/231 238/111/232 655/777/233 959/400/229
f 655/777/233 86/215/234 330/774/226 959/400/229
f 412/778/235 53/75/236 527/779/237 960/401/238
f 527/779/237 185/217/239 657/780/240 960/401/238
f 657/780/240 238/111/232 656/776/231 960/401/238
f 656/776/231 127/216/230 412/778/235 960/401/238
f 528/781/241 54/76/216 410/768/215 961/402/242
f 410/768/215 126/213/210 658/782/243 961/402/242
f 658/782/243 238/111/232 657/780/240 961/402/242
f 657/780/240 185/217/239 528/781/241 961/402/242
f 409/765/208 12/21/207 329/783/244 962/403/245
f 329/783/244 86/215/234 655/777/233 962/403/245
f 655/777/233 238/111/232 658/782/243 962/403/245
f 658/782/243 126/213/210 409/765/208 962/403/245
f 332/784/246 14/23/247 413/785/248 963/404/249
f 413/785/248 128/219/250 660/786/251 963/404/249
f 660/786/251 239/112/252 659/787/253 963/404/249
f 659/787/253 87/218/254 332/784/246 963/404/249
f 414/788/255 52/74/256 523/789/257 964/405/258
f 523/789/257 183/220/259 661/790/260 964/405/258
f 661/790/260 239/112/252 660/786/251 964/405/258
f 660/786/251 128/219/250 414/788/255 964/405/258
f 524/791/261 53/75/236 412/778/235 965/406/262
f 412/778/235 127/216/230 662/792/263 965/406/262
f 662/792/263 239/112/252 661/790/260 965/406/262
f 661/790/260 183/220/259 524/791/261 965/406/262
f 411/775/228 13/22/227 331/793/264 966/407/265
f 331/793/264 87/218/254 659/787/253 966/407/265
f 659/787/253 239/112/252 662/792/263 966/407/265
f 662/792/263 127/216/230 411/775/228 966/407/265
f 334/794/266 15/24/267 415/795/268 967/408/269
f 415/795/268 129/222/270 664/796/271 967/408/269
f 664/796/271 240/113/272 663/797/273 967/408/269
f 663/797/273 88/221/274 334/794/266 967/408/269
f 416/798/275 51/73/276 519/799/277 968/409/278
f 519/799/277 181/223/279 665/800/280 968/409/278
f 665/800/280 240/113/272 664/796/271 968/409/278
f 664/796/271 129/222/270 416/798/275 968/409/278
f 520/801/281 52/74/256 414/788/255 969/410/282
f 414/788/255 128/219/250 666/802/283 969/410/282
f 666/802/283 240/113/272 665/800/280 969/410/282
f 665/800/280 181/223/279 520/801/281 969/410/282
f 413/785/248 14/23/247 333/803/284 970/411/285
f 333/803/284 88/221/274 663/797/273 970/411/285
f 663/797/273 240/113/272 666/802/283 970/411/285
f 666/802/283 128/219/250 413/785/248 970/411/285
f 336/804/286 16/25/287 417/805/288 971/412/289
f 417/805/288 130/225/290 668/806/291 971/412/289
f 668/806/291 241/114/292 667/807/293 971/412/289
f 667/807/293 89/224/294 336/804/286 971/412/289
f 418/808/295 58/81/296 545/809/297 972/413/298
f 545/809/297 194/226/299 669/810/300 972/413/298
f 669/810/300 241/114/292 668/806/291 972/413/298
f 668/806/291 130/225/290 418/808/295 972/413/298
f 546/811/301 51/73/276 416/798/275 973/414/302
f 416/798/275 129/222/270 670/812/303 973/414/302
f 670/812/303 241/114/292 669/810/300 973/414/302
f 669/810/300 194/226/299 546/811/301 973/414/302
f 415/795/268 15/24/267 335/813/304 974/415/305
f 335/813/304 89/224/294 667/807/293 974/415/305
f 667/807/293 241/114/292 670/812/303 974/415/305
f 670/812/303 129/222/270 415/795/268 974/415/305
f 338/814/306 9/26/183 403/815/182 975/416/307
f 403/815/182 123/228/180 672/816/308 975/416/307
f 672/816/308 242/115/309 671/817/310 975/416/307
f 671/817/310 90/227/311 338/814/306 975/416/307
f 404/818/178 57/79/177 543/819/312 976/417/313
f 543/819/312 193/229/314 673/820/315 976/417/313
f 673/820/315 242/115/309 672/816/308 976/417/313
f 672/816/308 123/228/180 404/818/178 976/417/313
f 544/821/316 58/81/296 418/808/295 977/418/317
f 418/808/295 130/225/290 674/822/318 977/418/317
f 674/822/318 242/115/309 673/820/315 977/418/317
f 673/820/315 193/229/314 544/821/316 977/418/317
f 417/805/288 16/25/287 337/823/319 978/419/320
f 337/823/319 90/227/311 671/817/310 978/419/320
f 671/817/310 242/115/309 674/822/318 978/419/320
f 674/822/318 130/225/290 417/805/288 978/419/320
f 340/824/321 18/28/322 421/825/323 979/420/324
f 421/825/323 132/231/325 676/826/326 979/420/324
f 676/826/326 243/116/327 675/827/328 979/420/324
f 675/827/328 91/230/329 340/824/321 979/420/324
f 422/828/330 64/87/331 571/829/332 980/421/333
f 571/829/332 207/232/334 677/830/335 980/421/333
f 677/830/335 243/116/327 676/826/326 980/421/333
f 676/826/326 132/231/325 422/828/330 980/421/333
f 572/831/336 65/89/337 420/832/338 981/422/339
f 420/832/338 131/233/340 678/833/341 981/422/339
f 678/833/341 243/116/327 677/830/335 981/422/339
f 677/830/335 207/232/334 572/831/336 981/422/339
f 419/834/342 17/27/343 339/835/344 982/423/345
f 339/835/344 91/230/329 675/827/328 982/423/345
f 675/827/328 243/116/327 678/833/341 982/423/345
f 678/833/341 131/233/340 419/834/342 982/423/345
f 342/836/346 19/29/347 423/837/348 983/424/349
f 423/837/348 133/235/350 680/838/351 983/424/349
f 680/838/351 244/117/352 679/839/353 983/424/349
f 679/839/353 92/234/354 342/836/346 983/424/349
f 424/840/355 63/86/356 567/841/357 984/425/358
f 567/841/357 205/236/359 681/842/360 984/425/358
f 681/842/360 244/117/352 680/838/351 984/425/358
f 680/838/351 133/235/350 424/840/355 984/425/358
f 568/843/361 64/87/331 422/828/330 985/426/362
f 422/828/330 132/231/325 682/844/363 985/426/362
f 682/844/363 244/117/352 681/842/360 985/426/362
f 681/842/360 205/236/359 568/843/361 985/426/362
f 421/825/323 18/28/322 341/845/364 986/427/365
f 341/845/364 92/234/354 679/839/353 986/427/365
f 679/839/353 244/117/352 682/844/363 986/427/365
f 682/844/363 132/231/325 421/825/323 986/427/365
f 344/846/366 20/30/367 425/847/368 987/428/369
f 425/847/368 134/238/370 684/848/371 987/428/369
f 684/848/371 245/118/372 683/849/373 987/428/369
f 683/849/373 93/237/374 344/846/366 987/428/369
f 426/850/375 62/85/376 563/851/377 988/429/378
f 563/851/377 203/239/379 685/852/380 988/429/378
f 685/852/380 245/118/372 684/848/371 988/429/378
f 684/848/371 134/238/370 426/850/375 988/429/378
f 564/853/381 63/86/356 424/840/355 989/430/382
f 424/840/355 133/235/350 686/854/383 989/430/382
f 686/854/383 245/118/372 685/852/380 989/430/382
f 685/852/380 203/239/379 564/853/381 989/430/382
f 423/837/348 19/29/347 343/855/384 990/431/385
f 343/855/384 93/237/374 683/849/373 990/431/385
f 683/849/373 245/118/372 686/854/383 990/431/385
f 686/854/383 133/235/350 423/837/348 990/431/385
f 346/856/386 21/31/387 427/857/388 991/432/389
f 427/857/388 135/241/390 688/858/391 991/432/389
f 688/858/391 246/119/392 687/859/393 991/432/389
f 687/859/393 94/240/394 346/856/386 991/432/389
f 428/860/395 61/84/396 559/861/397 992/433/398
f 559/861/397 201/242/399 689/862/400 992/433/398
f 689/862/400 246/119/392 688/858/391 992/433/398
f 688/858/391 135/241/390 428/860/395 992/433/398
f 560/863/401 62/85/376 426/850/375 993/434/402
f 426/850/375 134/238/370 690/864/403 993/434/402
f 690/864/403 246/119/392 689/862/400 993/434/402
f 689/862/400 201/242/399 560/863/401 993/434/402
f 425/847/368 20/30/367 345/865/404 994/435/405
f 345/865/404 94/240/394 687/859/393 994/435/405
f 687/859/393 246/119/392 690/864/403 994/435/405
f 690/864/403 134/238/370 425/847/368 994/435/405
f 348/866/406 22/32/407 429/867/408 995/436/409
f 429/867/408 136/244/410 692/868/411 995/436/409
f 692/868/411 247/120/412 691/869/413 995/436/409
f 691/869/413 95/243/414 348/866/406 995/436/409
f 430/870/415 60/83/416 555/871/417 996/437/418
f 555/871/417 199/245/419 693/872/420 996/437/418
f 693/872/420 247/120/412 692/868/411 996/437/418
f 692/868/411 136/244/410 430/870/415 996/437/418
f 556/873/421 61/84/396 428/860/395 997/438/422
f 428/860/395 135/241/390 694/874/423 997/438/422
f 694/874/423 247/120/412 693/872/420 997/438/422
f 693/872/420 199/245/419 556/873/421 997/438/422
f 427/857/388 21/31/387 347/875/424 998/439/425
f 347/875/424 95/243/414 691/869/413 998/439/425
f 691/869/413 247/120/412 694/874/423 998/439/425
f 694/874/423 135/241/390 427/857/388 998/439/425
f 350/876/426 23/33/427 431/877/428 999/440/429
f 431/877/428 137/247/430 696/878/431 999/440/429
f 696/878/431 248/121/432 695/879/433 999/440/429
f 695/879/433 96/246/434 350/876/426 999/440/429
f 432/880/435 59/82/436 551/881/437 1000/441/438
f 551/881/437 197/248/439 697/882/440 1000/441/438
f 697/882/440 248/121/432 696/878/431 1000/441/438
f 696/878/431 137/247/430 432/880/435 1000/441/438
f 552/883/441 60/83/416 430/870/415 1001/442/442
f 430/870/415 136/244/410 698/884/443 1001/442/442
f 698/884/443 248/121/432 697/882/440 1001/442/442
f 697/882/440 197/248/439 552/883/441 1001/442/442
f 429/867/408 22/32/407 349/885/444 1002/443/445
f 349/885/444 96/246/434 695/879/433 1002/443/445
f 695/879/433 248/121/432 698/884/443 1002/443/445
f 698/884/443 136/244/410 429/867/408 1002/443/445
f 352/886/446 24/34/447 433/887/448 1003/444/449
f 433/887/448 138/250/450 700/888/451 1003/444/449
f 700/888/451 249/122/452 699/889/453 1003/444/449
f 699/889/453 97/249/454 352/886/446 1003/444/449
f 434/890/455 66/90/456 577/891/457 1004/445/458
f 577/891/457 210/251/459 701/892/460 1004/445/458
f 701/892/460 249/122/452 700/888/451 1004/445/458
f 700/888/451 138/250/450 434/890/455 1004/445/458
f 578/893/461 59/82/436 432/880/435 1005/446/462
f 432/880/435 137/247/430 702/894/463 1005/446/462
f 702/894/463 249/122/452 701/892/460 1005/446/462
f 701/892/460 210/251/459 578/893/461 1005/446/462
f 431/877/428 23/33/427 351/895/464 1006/447/465
f 351/895/464 97/249/454 699/889/453 1006/447/465
f 699/889/453 249/122/452 702/894/463 1006/447/465
f 702/894/463 137/247/430 431/877/428 1006/447/465
f 354/896/466 17/35/343 419/897/342 1007/448/467
f 419/897/342 131/253/340 704/898/468 1007/448/467
f 704/898/468 250/123/469 703/899/470 1007/448/467
f 703/899/470 98/252/471 354/896/466 1007/448/467
f 420/900/338 65/88/337 575/901/472 1008/449/473
f 575/901/472 209/254/474 705/902/475 1008/449/473
f 705/902/475 250/123/469 704/898/468 1008/449/473
f 704/898/468 131/253/340 420/900/338 1008/449/473
f 576/903/476 66/90/456 434/890/455 1009/450/477
f 434/890/455 138/250/450 706/904/478 1009/450/477
f 706/904/478 250/123/469 705/902/475 1009/450/477
f 705/902/475 209/254/474 576/903/476 1009/450/477
f 433/887/448 24/34/447 353/905/479 1010/451/480
f 353/905/479 98/252/471 703/899/470 1010/451/480
f 703/899/470 250/123/469 706/904/478 1010/451/480
f 706/904/478 138/250/450 433/887/448 1010/451/480
f 356/906/481 26/37/482 437/907/483 1011/452/484
f 437/907/483 140/256/485 708/908/486 1011/452/484
f 708/908/486 251/124/487 707/909/488 1011/452/484
f 707/909/488 99/255/489 356/906/481 1011/452/484
f 438/910/490 71/95/491 599/911/492 1012/453/493
f 599/911/492 221/257/494 709/912/495 1012/453/493
f 709/912/495 251/124/487 708/908/486 1012/453/493
f 708/908/486 140/256/485 438/910/490 1012/453/493
f 600/913/496 72/97/497 436/914/498 1013/454/499
f 436/914/498 139/258/500 710/915/501 1013/454/499
f 710/915/501 251/124/487 709/912/495 1013/454/499
f 709/912/495 221/257/494 600/913/496 1013/454/499
f 435/916/502 25/36/503 355/917/504 1014/455/505
f 355/917/504 99/255/489 707/909/488 1014/455/505
f 707/909/488 251/124/487 710/915/501 1014/455/505
f 710/915/501 139/258/500 435/916/502 1014/455/505
f 358/918/506 27/38/507 439/919/508 1015/456/509
f 439/919/508 141/260/510 712/920/511 1015/456/509
f 712/920/511 252/125/512 711/921/513 1015/456/509
f 711/921/513 100/259/514 358/918/506 1015/456/509
f 440/922/515 70/94/516 595/923/517 1016/457/518
f 595/923/517 219/261/519 713/924/520 1016/457/518
f 713/924/520 252/125/512 712/920/511 1016/457/518
f 712/920/511 141/260/510 440/922/515 1016/457/518
f 596/925/521 71/95/491 438/910/490 1017/458/522
f 438/910/490 140/256/485 714/926/523 1017/458/522
f 714/926/523 252/125/512 713/924/520 1017/458/522
f 713/924/520 219/261/519 596/925/521 1017/458/522
f 437/907/483 26/37/482 357/927/524 1018/459/525
f 357/927/524 100/259/514 711/921/513 1018/459/525
f 711/921/513 252/125/512 714/926/523 1018/459/525
f 714/926/523 140/256/485 437/907/483 1018/459/525
f 360/928/526 28/39/527 441/929/528 1019/460/529
f 441/929/528 142/263/530 716/930/531 1019/460/529
f 716/930/531 253/126/532 715/931/533 1019/460/529
f 715/931/533 101/262/534 360/928/526 1019/460/529
f 442/932/535 69/93/536 591/933/537 1020/461/538
f 591/933/537 217/264/539 717/934/540 1020/461/538
f 717/934/540 253/126/532 716/930/531 1020/461/538
f 716/930/531 142/263/530 442/932/535 1020/461/538
f 592/935/541 70/94/516 440/922/515 1021/462/542
f 440/922/515 141/260/510 718/936/543 1021/462/542
f 718/936/543 253/126/532 717/934/540 1021/462/542
f 717/934/540 217/264/539 592/935/541 1021/462/542
f 439/919/508 27/38/507 359/937/544 1022/463/545
f 359/937/544 101/262/534 715/931/533 1022/463/545
f 715/931/533 253/126/532 718/936/543 1022/463/545
f 718/936/543 141/260/510 439/919/508 1022/463/545
f 362/938/546 29/40/547 443/939/548 1023/464/549
f 443/939/548 143/266/550 720/940/551 1023/464/549
f 720/940/551 254/127/552 719/941/553 1023/464/549
f 719/941/553 102/265/554 362/938/546 1023/464/549
f 444/942/555 68/92/556 587/943/557 1024/465/558
f 587/943/557 215/267/559 721/944/560 1024/465/558
f 721/944/560 254/127/552 720/940/551 1024/465/558
f 720/940/551 143/266/550 444/942/555 1024/465/558
f 588/945/561 69/93/536 442/932/535 1025/466/562
f 442/932/535 142/263/530 722/946/563 1025/466/562
f 722/946/563 254/127/552 721/944/560 1025/466/562
f 721/944/560 215/267/559 588/945/561 1025/466/562
f 441/929/528 28/39/527 361/947/564 1026/467/565
f 361/947/564 102/265/554 719/941/553 1026/467/565
f 719/941/553 254/127/552 722/946/563 1026/467/565
f 722/946/563 142/263/530 441/929/528 1026/467/565
f 364/948/566 30/41/567 445/949/568 1027/468/569
f 445/949/568 144/269/570 724/950/571 1027/468/569
f 724/950/571 255/128/572 723/951/573 1027/468/569
f 723/951/573 103/268/574 364/948/566 1027/468/569
f 446/952/575 67/91/576 583/953/577 1028/469/578
f 583/953/577 213/270/579 725/954/580 1028/469/578
f 725/954/580 255/128/572 724/950/571 1028/469/578
f 724/950/571 144/269/570 446/952/575 1028/469/578
f 584/955/581 68/92/556 444/942/555 1029/470/582
f 444/942/555 143/266/550 726/956/583 1029/470/582
f 726/956/583 255/128/572 725/954/580 1029/470/582
f 725/954/580 213/270/579 584/955/581 1029/470/582
f 443/939/548 29/40/547 363/957/584 1030/471/585
f 363/957/584 103/268/574 723/951/573 1030/471/585
f 723/951/573 255/128/572 726/956/583 1030/471/585
f 726/956/583 143/266/550 443/939/548 1030/471/585
f 366/958/586 31/42/587 447/959/588 1031/472/589
f 447/959/588 145/272/590 728/960/591 1031/472/589
f 728/960/591 256/129/592 727/961/593 1031/472/589
f 727/961/593 104/271/594 366/958/586 1031/472/589
f 448/962/595 74/99/596 609/963/597 1032/473/598
f 609/963/597 226/273/599 729/964/600 1032/473/598
f 729/964/600 256/129/592 728/960/591 1032/473/598
f 728/960/591 145/272/590 448/962/595 1032/473/598
f 610/965/601 67/91/576 446/952/575 1033/474/602
f 446/952/575 144/269/570 730/966/603 1033/474/602
f 730/966/603 256/129/592 729/964/600 1033/474/602
f 729/964/600 226/273/599 610/965/601 1033/474/602
f 445/949/568 30/41/567 365/967/604 1034/475/605
f 365/967/604 104/271/594 727/961/593 1034/475/605
f 727/961/593 256/129/592 730/966/603 1034/475/605
f 730/966/603 144/269/570 445/949/568 1034/475/605
f 368/968/606 32/43/607 449/969/608 1035/476/609
f 449/969/608 146/275/610 732/970/611 1035/476/609
f 732/970/611 257/130/612 731/971/613 1035/476/609
f 731/971/613 105/274/614 368/968/606 1035/476/609
f 450/972/615 73/98/616 607/973/617 1036/477/618
f 607/973/617 225/276/619 733/974/620 1036/477/618
f 733/974/620 257/130/612 732/970/611 1036/477/618
f 732/970/611 146/275/610 450/972/615 1036/477/618
f 608/975/621 74/99/596 448/962/595 1037/478/622
f 448/962/595 145/272/590 734/976/623 1037/478/622
f 734/976/623 257/130/612 733/974/620 1037/478/622
f 733/974/620 225/276/619 608/975/621 1037/478/622
f 447/959/588 31/42/587 367/977/624 1038/479/625
f 367/977/624 105/274/614 731/971/613 1038/479/625
f 731/971/613 257/130/612 734/976/623 1038/479/625
f 734/976/623 145/272/590 447/959/588 1038/479/625
f 370/978/626 25/44/503 435/979/502 1039/480/627
f 435/979/502 139/278/500 736/980/628 1039/480/627
f 736/980/628 258/131/629 735/981/630 1039/480/627
f 735/981/630 106/277/631 370/978/626 1039/480/627
f 436/982/498 72/96/497 603/983/632 1040/481/633
f 603/983/632 223/279/634 737/984/635 1040/481/633
f 737/984/635 258/131/629 736/980/628 1040/481/633
f 736/980/628 139/278/500 436/982/498 1040/481/633
f 604/985/636 73/98/616 450/972/615 1041/482/637
f 450/972/615 146/275/610 738/986/638 1041/482/637
f 738/986/638 258/131/629 737/984/635 1041/482/637
f 737/984/635 223/279/634 604/985/636 1041/482/637
f 449/969/608 32/43/607 369/987/639 1042/483/640
f 369/987/639 106/277/631 735/981/630 1042/483/640
f 735/981/630 258/131/629 738/986/638 1042/483/640
f 738/986/638 146/275/610 449/969/608 1042/483/640
f 307/988/24 1/1/23 452/989/641 1043/484/642
f 452/989/641 147/281/643 740/990/644 1043/484/642
f 740/990/644 259/132/645 739/991/646 1043/484/642
f 739/991/646 75/280/9 307/988/24 1043/484/642
f 451/992/647 41/62/648 453/993/649 1044/485/650
f 453/993/649 148/282/651 741/994/652 1044/485/650
f 741/994/652 259/132/645 740/990/644 1044/485/650
f 740/990/644 147/281/643 451/992/647 1044/485/650
f 454/995/653 2/2/2 308/996/1 1045/486/654
f 308/996/1 75/280/9 739/991/646 1045/486/654
f 739/991/646 259/132/645 741/994/652 1045/486/654
f 741/994/652 148/282/651 454/995/653 1045/486/654
f 309/997/44 2/2/2 454/995/653 1046/487/655
f 454/995/653 148/282/651 743/998/656 1046/487/655
f 743/998/656 260/133/657 742/999/658 1046/487/655
f 742/999/658 76/283/34 309/997/44 1046/487/655
f 453/993/649 41/62/648 455/1000/659 1047/488/660
f 455/1000/659 149/284/661 744/1001/662 1047/488/660
f 744/1001/662 260/133/657 743/998/656 1047/488/660
f 743/998/656 148/282/651 453/993/649 1047/488/660
f 456/1002/663 3/3/27 310/1003/26 1048/489/664
f 310/1003/26 76/283/34 742/999/658 1048/489/664
f 742/999/658 260/133/657 744/1001/662 1048/489/664
f 744/1001/662 149/284/661 456/1002/663 1048/489/664
f 311/1004/64 3/3/27 456/1002/663 1049/490/665
f 456/1002/663 149/284/661 746/1005/666 1049/490/665
f 746/1005/666 261/134/667 745/1006/668 1049/490/665
f 745/1006/668 77/285/54 311/1004/64 1049/490/665
f 455/1000/659 41/62/648 457/1007/669 1050/491/670
f 457/1007/669 150/286/671 747/1008/672 1050/491/670
f 747/1008/672 261/134/667 746/1005/666 1050/491/670
f 746/1005/666 149/284/661 455/1000/659 1050/491/670
f 458/1009/673 4/4/47 312/1010/46 1051/492/674
f 312/1010/46 77/285/54 745/1006/668 1051/492/674
f 745/1006/668 261/134/667 747/1008/672 1051/492/674
f 747/1008/672 150/286/671 458/1009/673 1051/492/674
f 313/1011/84 4/4/47 458/1009/673 1052/493/675
f 458/1009/673 150/286/671 749/1012/676 1052/493/675
f 749/1012/676 262/135/677 748/1013/678 1052/493/675
f 748/1013/678 78/287/74 313/1011/84 1052/493/675
f 457/1007/669 41/62/648 459/1014/679 1053/494/680
f 459/1014/679 151/288/681 750/1015/682 1053/494/680
f 750/1015/682 262/135/677 749/1012/676 1053/494/680
f 749/1012/676 150/286/671 457/1007/669 1053/494/680
f 460/1016/683 5/5/67 314/1017/66 1054/495/684
f 314/1017/66 78/287/74 748/1013/678 1054/495/684
f 748/1013/678 262/135/677 750/1015/682 1054/495/684
f 750/1015/682 151/288/681 460/1016/683 1054/495/684
f 315/1018/104 5/5/67 460/1016/683 1055/496/685
f 460/1016/683 151/288/681 752/1019/686 1055/496/685
f 752/1019/686 263/136/687 751/1020/688 1055/496/685
f 751/1020/688 79/289/94 315/1018/104 1055/496/685
f 459/1014/679 41/62/648 461/1021/689 1056/497/690
f 461/1021/689 152/290/691 753/1022/692 1056/497/690
f 753/1022/692 263/136/687 752/1019/686 1056/497/690
f 752/1019/686 151/288/681 459/1014/679 1056/497/690
f 462/1023/693 6/6/87 316/1024/86 1057/498/694
f 316/1024/86 79/289/94 751/1020/688 1057/498/694
f 751/1020/688 263/136/687 753/1022/692 1057/498/694
f 753/1022/692 152/290/691 462/1023/693 1057/498/694
f 317/1025/124 6/6/87 462/1023/693 1058/499/695
f 462/1023/693 152/290/691 755/1026/696 1058/499/695
f 755/1026/696 264/137/697 754/1027/698 1058/499/695
f 754/1027/698 80/291/114 317/1025/124 1058/499/695
f 461/1021/689 41/62/648 463/1028/699 1059/500/700
f 463/1028/699 153/292/701 756/1029/702 1059/500/700
f 756/1029/702 264/137/697 755/1026/696 1059/500/700
f 755/1026/696 152/290/691 461/1021/689 1059/500/700
f 464/1030/703 7/7/107 318/1031/106 1060/501/704
f 318/1031/106 80/291/114 754/1027/698 1060/501/704
f 754/1027/698 264/137/697 756/1029/702 1060/501/704
f 756/1029/702 153/292/701 464/1030/703 1060/501/704
f 319/1032/144 7/7/107 464/1030/703 1061/502/705
f 464/1030/703 153/292/701 758/1033/706 1061/502/705
f 758/1033/706 265/138/707 757/1034/708 1061/502/705
f 757/1034/708 81/293/134 319/1032/144 1061/502/705
f 463/1028/699 41/62/648 465/1035/709 1062/503/710
f 465/1035/709 154/294/711 759/1036/712 1062/503/710
f 759/1036/712 265/138/707 758/1033/706 1062/503/710
f 758/1033/706 153/292/701 463/1028/699 1062/503/710
f 466/1037/713 8/8/127 320/1038/126 1063/504/714
f 320/1038/126 81/293/134 757/1034/708 1063/504/714
f 757/1034/708 265/138/707 759/1036/712 1063/504/714
f 759/1036/712 154/294/711 466/1037/713 1063/504/714
f 321/1039/159 8/8/127 466/1037/713 1064/505/715
f 466/1037/713 154/294/711 761/1040/716 1064/505/715
f 761/1040/716 266/139/717 760/1041/718 1064/505/715
f 760/1041/718 82/295/151 321/1039/159 1064/505/715
f 465/1035/709 41/62/648 451/992/647 1065/506/719
f 451/992/647 147/281/643 762/1042/720 1065/506/719
f 762/1042/720 266/139/717 761/1040/716 1065/506/719
f 761/1040/716 154/294/711 465/1035/709 1065/506/719
f 452/989/641 1/1/23 322/1043/146 1066/507/721
f 322/1043/146 82/295/151 760/1041/718 1066/507/721
f 760/1041/718 266/139/717 762/1042/720 1066/507/721
f 762/1042/720 147/281/643 452/989/641 1066/507/721
f 372/1044/722 34/59/723 469/1045/724 1067/508/725
f 469/1045/724 156/297/726 764/1046/727 1067/508/725
f 764/1046/727 267/140/728 763/1047/729 1067/508/725
f 763/1047/729 107/296/730 372/1044/722 1067/508/725
f 470/1048/731 42/63/732 468/1049/733 1068/509/734
f 468/1049/733 155/298/735 765/1050/736 1068/509/734
f 765/1050/736 267/140/728 764/1046/727 1068/509/734
f 764/1046/727 156/297/726 470/1048/731 1068/509/734
f 467/1051/737 33/60/738 371/1052/739 1069/510/740
f 371/1052/739 107/296/730 763/1047/729 1069/510/740
f 763/1047/729 267/140/728 765/1050/736 1069/510/740
f 765/1050/736 155/298/735 467/1051/737 1069/510/740
f 374/1053/741 35/58/742 471/1054/743 1070/511/744
f 471/1054/743 157/300/745 767/1055/746 1070/511/744
f 767/1055/746 268/141/747 766/1056/748 1070/511/744
f 766/1056/748 108/299/749 374/1053/741 1070/511/744
f 472/1057/750 42/63/732 470/1048/731 1071/512/751
f 470/1048/731 156/297/726 768/1058/752 1071/512/751
f 768/1058/752 268/141/747 767/1055/746 1071/512/751
f 767/1055/746 157/300/745 472/1057/750 1071/512/751
f 469/1045/724 34/59/723 373/1059/753 1072/513/754
f 373/1059/753 108/299/749 766/1056/748 1072/513/754
f 766/1056/748 268/141/747 768/1058/752 1072/513/754
f 768/1058/752 156/297/726 469/1045/724 1072/513/754
f 376/1060/755 36/57/756 473/1061/757 1073/514/758
f 473/1061/757 158/302/759 770/1062/760 1073/514/758
f 770/1062/760 269/142/761 769/1063/762 1073/514/758
f 769/1063/762 109/301/763 376/1060/755 1073/514/758
f 474/1064/764 42/63/732 472/1057/750 1074/515/765
f 472/1057/750 157/300/745 771/1065/766 1074/515/765
f 771/1065/766 269/142/761 770/1062/760 1074/515/765
f 770/1062/760 158/302/759 474/1064/764 1074/515/765
f 471/1054/743 35/58/742 375/1066/767 1075/516/768
f 375/1066/767 109/301/763 769/1063/762 1075/516/768
f 769/1063/762 269/142/761 771/1065/766 1075/516/768
f 771/1065/766 157/300/745 471/1054/743 1075/516/768
f 378/1067/769 37/56/770 475/1068/771 1076/517/772
f 475/1068/771 159/304/773 773/1069/774 1076/517/772
f 773/1069/774 270/143/775 772/1070/776 1076/517/772
f 772/1070/776 110/303/777 378/1067/769 1076/517/772
f 476/1071/778 42/63/732 474/1064/764 1077/518/779
f 474/1064/764 158/302/759 774/1072/780 1077/518/779
f 774/1072/780 270/143/775 773/1069/774 1077/518/779
f 773/1069/774 159/304/773 476/1071/778 1077/518/779
f 473/1061/757 36/57/756 377/1073/781 1078/519/782
f 377/1073/781 110/303/777 772/1070/776 1078/519/782
f 772/1070/776 270/143/775 774/1072/780 1078/519/782
f 774/1072/780 158/302/759 473/1061/757 1078/519/782
f 380/1074/783 38/55/784 477/1075/785 1079/520/786
f 477/1075/785 160/306/787 776/1076/788 1079/520/786
f 776/1076/788 271/144/789 775/1077/790 1079/520/786
f 775/1077/790 111/305/791 380/1074/783 1079/520/786
f 478/1078/792 42/63/732 476/1071/778 1080/521/793
f 476/1071/778 159/304/773 777/1079/794 1080/521/793
f 777/1079/794 271/144/789 776/1076/788 1080/521/793
f 776/1076/788 160/306/787 478/1078/792 1080/521/793
f 475/1068/771 37/56/770 379/1080/795 1081/522/796
f 379/1080/795 111/305/791 775/1077/790 1081/522/796
f 775/1077/790 271/144/789 777/1079/794 1081/522/796
f 777/1079/794 159/304/773 475/1068/771 1081/522/796
f 382/1081/797 39/54/798 479/1082/799 1082/523/800
f 479/1082/799 161/308/801 779/1083/802 1082/523/800
f 779/1083/802 272/145/803 778/1084/804 1082/523/800
f 778/1084/804 112/307/805 382/1081/797 1082/523/800
f 480/1085/806 42/63/732 478/1078/792 1083/524/807
f 478/1078/792 160/306/787 780/1086/808 1083/524/807
f 780/1086/808 272/145/803 779/1083/802 1083/524/807
f 779/1083/802 161/308/801 480/1085/806 1083/524/807
f 477/1075/785 38/55/784 381/1087/809 1084/525/810
f 381/1087/809 112/307/805 778/1084/804 1084/525/810
f 778/1084/804 272/145/803 780/1086/808 1084/525/810
f 780/1086/808 160/306/787 477/1075/785 1084/525/810
f 384/1088/811 40/61/812 481/1089/813 1085/526/814
f 481/1089/813 162/310/815 782/1090/816 1085/526/814
f 782/1090/816 273/146/817 781/1091/818 1085/526/814
f 781/1091/818 113/309/819 384/1088/811 1085/526/814
f 482/1092/820 42/63/732 480/1085/806 1086/527/821
f 480/1085/806 161/308/801 783/1093/822 1086/527/821
f 783/1093/822 273/146/817 782/1090/816 1086/527/821
f 782/1090/816 162/310/815 482/1092/820 1086/527/821
f 479/1082/799 39/54/798 383/1094/823 1087/528/824
f 383/1094/823 113/309/819 781/1091/818 1087/528/824
f 781/1091/818 273/146/817 783/1093/822 1087/528/824
f 783/1093/822 161/308/801 479/1082/799 1087/528/824
f 386/1095/825 33/60/738 467/1051/737 1088/529/826
f 467/1051/737 155/298/735 785/1096/827 1088/529/826
f 785/1096/827 274/147/828 784/1097/829 1088/529/826
f 784/1097/829 114/311/830 386/1095/825 1088/529/826
f 468/1049/733 42/63/732 482/1092/820 1089/530/831
f 482/1092/820 162/310/815 786/1098/832 1089/530/831
f 786/1098/832 274/147/828 785/1096/827 1089/530/831
f 785/1096/827 155/298/735 468/1049/733 1089/530/831
f 481/1089/813 40/61/812 385/1099/833 1090/531/834
f 385/1099/833 114/311/830 784/1097/829 1090/531/834
f 784/1097/829 274/147/828 786/1098/832 1090/531/834
f 786/1098/832 162/310/815 481/1089/813 1090/531/834
f 487/717/117 43/64/116 483/1100/835 1091/532/836
f 483/1100/835 163/312/837 788/1101/838 1091/532/836
f 788/1101/838 275/148/839 787/1102/840 1091/532/836
f 787/1102/840 165/198/119 487/717/117 1091/532/836
f 484/1103/841 15/24/267 334/794/266 1092/533/842
f 334/794/266 88/221/274 789/1104/843 1092/533/842
f 789/1104/843 275/148/839 788/1101/838 1092/533/842
f 788/1101/838 163/312/837 484/1103/841 1092/533/842
f 333/803/284 14/23/247 486/1105/844 1093/534/845
f 486/1105/844 164/313/846 790/1106/847 1093/534/845
f 790/1106/847 275/148/839 789/1104/843 1093/534/845
f 789/1104/843 88/221/274 333/803/284 1093/534/845
f 485/1107/848 44/65/96 488/719/121 1094/535/849
f 488/719/121 165/198/119 787/1102/840 1094/535/849
f 787/1102/840 275/148/839 790/1106/847 1094/535/849
f 790/1106/847 164/313/846 485/1107/848 1094/535/849
f 491/707/97 44/65/96 485/1107/848 1095/536/850
f 485/1107/848 164/313/846 792/1108/851 1095/536/850
f 792/1108/851 276/149/852 791/1109/853 1095/536/850
f 791/1109/853 167/195/99 491/707/97 1095/536/850
f 486/1105/844 14/23/247 332/784/246 1096/537/854
f 332/784/246 87/218/254 793/1110/855 1096/537/854
f 793/1110/855 276/149/852 792/1108/851 1096/537/854
f 792/1108/851 164/313/846 486/1105/844 1096/537/854
f 331/793/264 13/22/227 490/1111/856 1097/538/857
f 490/1111/856 166/314/858 794/1112/859 1097/538/857
f 794/1112/859 276/149/852 793/1110/855 1097/538/857
f 793/1110/855 87/218/254 331/793/264 1097/538/857
f 489/1113/860 45/66/76 492/709/101 1098/539/861
f 492/709/101 167/195/99 791/1109/853 1098/539/861
f 791/1109/853 276/149/852 794/1112/859 1098/539/861
f 794/1112/859 166/314/858 489/1113/860 1098/539/861
f 495/697/77 45/66/76 489/1113/860 1099/540/862
f 489/1113/860 166/314/858 796/1114/863 1099/540/862
f 796/1114/863 277/150/864 795/1115/865 1099/540/862
f 795/1115/865 169/192/79 495/697/77 1099/540/862
f 490/1111/856 13/22/227 330/774/226 1100/541/866
f 330/774/226 86/215/234 797/1116/867 1100/541/866
f 797/1116/867 277/150/864 796/1114/863 1100/541/866
f 796/1114/863 166/314/858 490/1111/856 1100/541/866
f 329/783/244 12/21/207 494/1117/868 1101/542/869
f 494/1117/868 168/315/870 798/1118/871 1101/542/869
f 798/1118/871 277/150/864 797/1116/867 1101/542/869
f 797/1116/867 86/215/234 329/783/244 1101/542/869
f 493/1119/872 46/67/56 496/699/81 1102/543/873
f 496/699/81 169/192/79 795/1115/865 1102/543/873
f 795/1115/865 277/150/864 798/1118/871 1102/543/873
f 798/1118/871 168/315/870 493/1119/872 1102/543/873
f 499/687/57 46/67/56 493/1119/872 1103/544/874
f 493/1119/872 168/315/870 800/1120/875 1103/544/874
f 800/1120/875 278/151/876 799/1121/877 1103/544/874
f 799/1121/877 171/189/59 499/687/57 1103/544/874
f 494/1117/868 12/21/207 328/764/206 1104/545/878
f 328/764/206 85/212/214 801/1122/879 1104/545/878
f 801/1122/879 278/151/876 800/1120/875 1104/545/878
f 800/1120/875 168/315/870 494/1117/868 1104/545/878
f 327/773/224 11/20/187 498/1123/880 1105/546/881
f 498/1123/880 170/316/882 802/1124/883 1105/546/881
f 802/1124/883 278/151/876 801/1122/879 1105/546/881
f 801/1122/879 85/212/214 327/773/224 1105/546/881
f 497/1125/884 47/68/36 500/689/61 1106/547/885
f 500/689/61 171/189/59 799/1121/877 1106/547/885
f 799/1121/877 278/151/876 802/1124/883 1106/547/885
f 802/1124/883 170/316/882 497/1125/884 1106/547/885
f 503/677/37 47/68/36 497/1125/884 1107/548/886
f 497/1125/884 170/316/882 804/1126/887 1107/548/886
f 804/1126/887 279/152/888 803/1127/889 1107/548/886
f 803/1127/889 173/186/39 503/677/37 1107/548/886
f 498/1123/880 11/20/187 326/754/186 1108/549/890
f 326/754/186 84/209/194 805/1128/891 1108/549/890
f 805/1128/891 279/152/888 804/1126/887 1108/549/890
f 804/1126/887 170/316/882 498/1123/880 1108/549/890
f 325/763/204 10/19/162 502/1129/892 1109/550/893
f 502/1129/892 172/317/894 806/1130/895 1109/550/893
f 806/1130/895 279/152/888 805/1128/891 1109/550/893
f 805/1128/891 84/209/194 325/763/204 1109/550/893
f 501/1131/896 48/69/11 504/679/41 1110/551/897
f 504/679/41 173/186/39 803/1127/889 1110/551/897
f 803/1127/889 279/152/888 806/1130/895 1110/551/897
f 806/1130/895 172/317/894 501/1131/896 1110/551/897
f 507/665/12 48/69/11 501/1131/896 1111/552/898
f 501/1131/896 172/317/894 808/1132/899 1111/552/898
f 808/1132/899 280/153/900 807/1133/901 1111/552/898
f 807/1133/901 175/182/14 507/665/12 1111/552/898
f 502/1129/892 10/19/162 324/742/161 1112/553/902
f 324/742/161 83/205/169 809/1134/903 1112/553/902
f 809/1134/903 280/153/900 808/1132/899 1112/553/902
f 808/1132/899 172/317/894 502/1129/892 1112/553/902
f 323/753/184 9/18/183 506/1135/904 1113/554/905
f 506/1135/904 174/318/906 810/1136/907 1113/554/905
f 810/1136/907 280/153/900 809/1134/903 1113/554/905
f 809/1134/903 83/205/169 323/753/184 1113/554/905
f 505/1137/908 49/71/17 508/667/16 1114/555/909
f 508/667/16 175/182/14 807/1133/901 1114/555/909
f 807/1133/901 280/153/900 810/1136/907 1114/555/909
f 810/1136/907 174/318/906 505/1137/908 1114/555/909
f 511/737/152 49/70/17 505/1138/908 1115/556/910
f 505/1138/908 174/319/906 812/1139/911 1115/556/910
f 812/1139/911 281/154/912 811/1140/913 1115/556/910
f 811/1140/913 177/204/154 511/737/152 1115/556/910
f 506/1141/904 9/26/183 338/814/306 1116/557/914
f 338/814/306 90/227/311 813/1142/915 1116/557/914
f 813/1142/915 281/154/912 812/1139/911 1116/557/914
f 812/1139/911 174/319/906 506/1141/904 1116/557/914
f 337/823/319 16/25/287 510/1143/916 1117/558/917
f 510/1143/916 176/320/918 814/1144/919 1117/558/917
f 814/1144/919 281/154/912 813/1142/915 1117/558/917
f 813/1142/915 90/227/311 337/823/319 1117/558/917
f 509/1145/920 50/72/136 512/739/156 1118/559/921
f 512/739/156 177/204/154 811/1140/913 1118/559/921
f 811/1140/913 281/154/912 814/1144/919 1118/559/921
f 814/1144/919 176/320/918 509/1145/920 1118/559/921
f 513/727/137 50/72/136 509/1145/920 1119/560/922
f 509/1145/920 176/320/918 816/1146/923 1119/560/922
f 816/1146/923 282/155/924 815/1147/925 1119/560/922
f 815/1147/925 178/201/139 513/727/137 1119/560/922
f 510/1143/916 16/25/287 336/804/286 1120/561/926
f 336/804/286 89/224/294 817/1148/927 1120/561/926
f 817/1148/927 282/155/924 816/1146/923 1120/561/926
f 816/1146/923 176/320/918 510/1143/916 1120/561/926
f 335/813/304 15/24/267 484/1103/841 1121/562/928
f 484/1103/841 163/312/837 818/1149/929 1121/562/928
f 818/1149/929 282/155/924 817/1148/927 1121/562/928
f 817/1148/927 89/224/294 335/813/304 1121/562/928
f 483/1100/835 43/64/116 514/729/141 1122/563/930
f 514/729/141 178/201/139 815/1147/925 1122/563/930
f 815/1147/925 282/155/924 818/1149/929 1122/563/930
f 818/1149/929 163/312/837 483/1100/835 1122/563/930
f 519/799/277 51/73/276 515/1150/931 1123/564/932
f 515/1150/931 179/321/933 820/1151/934 1123/564/932
f 820/1151/934 283/156/935 819/1152/936 1123/564/932
f 819/1152/936 181/223/279 519/799/277 1123/564/932
f 516/1153/937 23/33/427 350/876/426 1124/565/938
f 350/876/426 96/246/434 821/1154/939 1124/565/938
f 821/1154/939 283/156/935 820/1151/934 1124/565/938
f 820/1151/934 179/321/933 516/1153/937 1124/565/938
f 349/885/444 22/32/407 518/1155/940 1125/566/941
f 518/1155/940 180/322/942 822/1156/943 1125/566/941
f 822/1156/943 283/156/935 821/1154/939 1125/566/941
f 821/1154/939 96/246/434 349/885/444 1125/566/941
f 517/1157/944 52/74/256 520/801/281 1126/567/945
f 520/801/281 181/223/279 819/1152/936 1126/567/945
f 819/1152/936 283/156/935 822/1156/943 1126/567/945
f 822/1156/943 180/322/942 517/1157/944 1126/567/945
f 523/789/257 52/74/256 517/1157/944 1127/568/946
f 517/1157/944 180/322/942 824/1158/947 1127/568/946
f 824/1158/947 284/157/948 823/1159/949 1127/568/946
f 823/1159/949 183/220/259 523/789/257 1127/568/946
f 518/1155/940 22/32/407 348/866/406 1128/569/950
f 348/866/406 95/243/414 825/1160/951 1128/569/950
f 825/1160/951 284/157/948 824/1158/947 1128/569/950
f 824/1158/947 180/322/942 518/1155/940 1128/569/950
f 347/875/424 21/31/387 522/1161/952 1129/570/953
f 522/1161/952 182/323/954 826/1162/955 1129/570/953
f 826/1162/955 284/157/948 825/1160/951 1129/570/953
f 825/1160/951 95/243/414 347/875/424 1129/570/953
f 521/1163/956 53/75/236 524/791/261 1130/571/957
f 524/791/261 183/220/259 823/1159/949 1130/571/957
f 823/1159/949 284/157/948 826/1162/955 1130/571/957
f 826/1162/955 182/323/954 521/1163/956 1130/571/957
f 527/779/237 53/75/236 521/1163/956 1131/572/958
f 521/1163/956 182/323/954 828/1164/959 1131/572/958
f 828/1164/959 285/158/960 827/1165/961 1131/572/958
f 827/1165/961 185/217/239 527/779/237 1131/572/958
f 522/1161/952 21/31/387 346/856/386 1132/573/962
f 346/856/386 94/240/394 829/1166/963 1132/573/962
f 829/1166/963 285/158/960 828/1164/959 1132/573/962
f 828/1164/959 182/323/954 522/1161/952 1132/573/962
f 345/865/404 20/30/367 526/1167/964 1133/574/965
f 526/1167/964 184/324/966 830/1168/967 1133/574/965
f 830/1168/967 285/158/960 829/1166/963 1133/574/965
f 829/1166/963 94/240/394 345/865/404 1133/574/965
f 525/1169/968 54/76/216 528/781/241 1134/575/969
f 528/781/241 185/217/239 827/1165/961 1134/575/969
f 827/1165/961 285/158/960 830/1168/967 1134/575/969
f 830/1168/967 184/324/966 525/1169/968 1134/575/969
f 531/769/217 54/76/216 525/1169/968 1135/576/970
f 525/1169/968 184/324/966 832/1170/971 1135/576/970
f 832/1170/971 286/159/972 831/1171/973 1135/576/970
f 831/1171/973 187/214/219 531/769/217 1135/576/970
f 526/1167/964 20/30/367 344/846/366 1136/577/974
f 344/846/366 93/237/374 833/1172/975 1136/577/974
f 833/1172/975 286/159/972 832/1170/971 1136/577/974
f 832/1170/971 184/324/966 526/1167/964 1136/577/974
f 343/855/384 19/29/347 530/1173/976 1137/578/977
f 530/1173/976 186/325/978 834/1174/979 1137/578/977
f 834/1174/979 286/159/972 833/1172/975 1137/578/977
f 833/1172/975 93/237/374 343/855/384 1137/578/977
f 529/1175/980 55/77/196 532/771/221 1138/579/981
f 532/771/221 187/214/219 831/1171/973 1138/579/981
f 831/1171/973 286/159/972 834/1174/979 1138/579/981
f 834/1174/979 186/325/978 529/1175/980 1138/579/981
f 535/759/197 55/77/196 529/1175/980 1139/580/982
f 529/1175/980 186/325/978 836/1176/983 1139/580/982
f 836/1176/983 287/160/984 835/1177/985 1139/580/982
f 835/1177/985 189/211/199 535/759/197 1139/580/982
f 530/1173/976 19/29/347 342/836/346 1140/581/986
f 342/836/346 92/234/354 837/1178/987 1140/581/986
f 837/1178/987 287/160/984 836/1176/983 1140/581/986
f 836/1176/983 186/325/978 530/1173/976 1140/581/986
f 341/845/364 18/28/322 534/1179/988 1141/582/989
f 534/1179/988 188/326/990 838/1180/991 1141/582/989
f 838/1180/991 287/160/984 837/1178/987 1141/582/989
f 837/1178/987 92/234/354 341/845/364 1141/582/989
f 533/1181/992 56/78/171 536/761/201 1142/583/993
f 536/761/201 189/211/199 835/1177/985 1142/583/993
f 835/1177/985 287/160/984 838/1180/991 1142/583/993
f 838/1180/991 188/326/990 533/1181/992 1142/583/993
f 539/747/172 56/78/171 533/1181/992 1143/584/994
f 533/1181/992 188/326/990 840/1182/995 1143/584/994
f 840/1182/995 288/161/996 839/1183/997 1143/584/994
f 839/1183/997 191/207/174 539/747/172 1143/584/994
f 534/1179/988 18/28/322 340/824/321 1144/585/998
f 340/824/321 91/230/329 841/1184/999 1144/585/998
f 841/1184/999 288/161/996 840/1182/995 1144/585/998
f 840/1182/995 188/326/990 534/1179/988 1144/585/998
f 339/835/344 17/27/343 538/1185/1000 1145/586/1001
f 538/1185/1000 190/327/1002 842/1186/1003 1145/586/1001
f 842/1186/1003 288/161/996 841/1184/999 1145/586/1001
f 841/1184/999 91/230/329 339/835/344 1145/586/1001
f 537/1187/1004 57/80/177 540/749/176 1146/587/1005
f 540/749/176 191/207/174 839/1183/997 1146/587/1005
f 839/1183/997 288/161/996 842/1186/1003 1146/587/1005
f 842/1186/1003 190/327/1002 537/1187/1004 1146/587/1005
f 543/819/312 57/79/177 537/1188/1004 1147/588/1006
f 537/1188/1004 190/328/1002 844/1189/1007 1147/588/1006
f 844/1189/1007 289/162/1008 843/1190/1009 1147/588/1006
f 843/1190/1009 193/229/314 543/819/312 1147/588/1006
f 538/1191/1000 17/35/343 354/896/466 1148/589/1010
f 354/896/466 98/252/471 845/1192/1011 1148/589/1010
f 845/1192/1011 289/162/1008 844/1189/1007 1148/589/1010
f 844/1189/1007 190/328/1002 538/1191/1000 1148/589/1010
f 353/905/479 24/34/447 542/1193/1012 1149/590/1013
f 542/1193/1012 192/329/1014 846/1194/1015 1149/590/1013
f 846/1194/1015 289/162/1008 845/1192/1011 1149/590/1013
f 845/1192/1011 98/252/471 353/905/479 1149/590/1013
f 541/1195/1016 58/81/296 544/821/316 1150/591/1017
f 544/821/316 193/229/314 843/1190/1009 1150/591/1017
f 843/1190/1009 289/162/1008 846/1194/1015 1150/591/1017
f 846/1194/1015 192/329/1014 541/1195/1016 1150/591/1017
f 545/809/297 58/81/296 541/1195/1016 1151/592/1018
f 541/1195/1016 192/329/1014 848/1196/1019 1151/592/1018
f 848/1196/1019 290/163/1020 847/1197/1021 1151/592/1018
f 847/1197/1021 194/226/299 545/809/297 1151/592/1018
f 542/1193/1012 24/34/447 352/886/446 1152/593/1022
f 352/886/446 97/249/454 849/1198/1023 1152/593/1022
f 849/1198/1023 290/163/1020 848/1196/1019 1152/593/1022
f 848/1196/1019 192/329/1014 542/1193/1012 1152/593/1022
f 351/895/464 23/33/427 516/1153/937 1153/594/1024
f 516/1153/937 179/321/933 850/1199/1025 1153/594/1024
f 850/1199/1025 290/163/1020 849/1198/1023 1153/594/1024
f 849/1198/1023 97/249/454 351/895/464 1153/594/1024
f 515/1150/931 51/73/276 546/811/301 1154/595/1026
f 546/811/301 194/226/299 847/1197/1021 1154/595/1026
f 847/1197/1021 290/163/1020 850/1199/1025 1154/595/1026
f 850/1199/1025 179/321/933 515/1150/931 1154/595/1026
f 551/881/437 59/82/436 547/1200/1027 1155/596/1028
f 547/1200/1027 195/330/1029 852/1201/1030 1155/596/1028
f 852/1201/1030 291/164/1031 851/1202/1032 1155/596/1028
f 851/1202/1032 197/248/439 551/881/437 1155/596/1028
f 548/1203/1033 31/42/587 366/958/586 1156/597/1034
f 366/958/586 104/271/594 853/1204/1035 1156/597/1034
f 853/1204/1035 291/164/1031 852/1201/1030 1156/597/1034
f 852/1201/1030 195/330/1029 548/1203/1033 1156/597/1034
f 365/967/604 30/41/567 550/1205/1036 1157/598/1037
f 550/1205/1036 196/331/1038 854/1206/1039 1157/598/1037
f 854/1206/1039 291/164/1031 853/1204/1035 1157/598/1037
f 853/1204/1035 104/271/594 365/967/604 1157/598/1037
f 549/1207/1040 60/83/416 552/883/441 1158/599/1041
f 552/883/441 197/248/439 851/1202/1032 1158/599/1041
f 851/1202/1032 291/164/1031 854/1206/1039 1158/599/1041
f 854/1206/1039 196/331/1038 549/1207/1040 1158/599/1041
f 555/871/417 60/83/416 549/1207/1040 1159/600/1042
f 549/1207/1040 196/331/1038 856/1208/1043 1159/600/1042
f 856/1208/1043 292/165/1044 855/1209/1045 1159/600/1042
f 855/1209/1045 199/245/419 555/871/417 1159/600/1042
f 550/1205/1036 30/41/567 364/948/566 1160/601/1046
f 364/948/566 103/268/574 857/1210/1047 1160/601/1046
f 857/1210/1047 292/165/1044 856/1208/1043 1160/601/1046
f 856/1208/1043 196/331/1038 550/1205/1036 1160/601/1046
f 363/957/584 29/40/547 554/1211/1048 1161/602/1049
f 554/1211/1048 198/332/1050 858/1212/1051 1161/602/1049
f 858/1212/1051 292/165/1044 857/1210/1047 1161/602/1049
f 857/1210/1047 103/268/574 363/957/584 1161/602/1049
f 553/1213/1052 61/84/396 556/873/421 1162/603/1053
f 556/873/421 199/245/419 855/1209/1045 1162/603/1053
f 855/1209/1045 292/165/1044 858/1212/1051 1162/603/1053
f 858/1212/1051 198/332/1050 553/1213/1052 1162/603/1053
f 559/861/397 61/84/396 553/1213/1052 1163/604/1054
f 553/1213/1052 198/332/1050 860/1214/1055 1163/604/1054
f 860/1214/1055 293/166/1056 859/1215/1057 1163/604/1054
f 859/1215/1057 201/242/399 559/861/397 1163/604/1054
f 554/1211/1048 29/40/547 362/938/546 1164/605/1058
f 362/938/546 102/265/554 861/1216/1059 1164/605/1058
f 861/1216/1059 293/166/1056 860/1214/1055 1164/605/1058
f 860/1214/1055 198/332/1050 554/1211/1048 1164/605/1058
f 361/947/564 28/39/527 558/1217/1060 1165/606/1061
f 558/1217/1060 200/333/1062 862/1218/1063 1165/606/1061
f 862/1218/1063 293/166/1056 861/1216/1059 1165/606/1061
f 861/1216/1059 102/265/554 361/947/564 1165/606/1061
f 557/1219/1064 62/85/376 560/863/401 1166/607/1065
f 560/863/401 201/242/399 859/1215/1057 1166/607/1065
f 859/1215/1057 293/166/1056 862/1218/1063 1166/607/1065
f 862/1218/1063 200/333/1062 557/1219/1064 1166/607/1065
f 563/851/377 62/85/376 557/1219/1064 1167/608/1066
f 557/1219/1064 200/333/1062 864/1220/1067 1167/608/1066
f 864/1220/1067 294/167/1068 863/1221/1069 1167/608/1066
f 863/1221/1069 203/239/379 563/851/377 1167/608/1066
f 558/1217/1060 28/39/527 360/928/526 1168/609/1070
f 360/928/526 101/262/534 865/1222/1071 1168/609/1070
f 865/1222/1071 294/167/1068 864/1220/1067 1168/609/1070
f 864/1220/1067 200/333/1062 558/1217/1060 1168/609/1070
f 359/937/544 27/38/507 562/1223/1072 1169/610/1073
f 562/1223/1072 202/334/1074 866/1224/1075 1169/610/1073
f 866/1224/1075 294/167/1068 865/1222/1071 1169/610/1073
f 865/1222/1071 101/262/534 359/937/544 1169/610/1073
f 561/1225/1076 63/86/356 564/853/381 1170/611/1077
f 564/853/381 203/239/379 863/1221/1069 1170/611/1077
f 863/1221/1069 294/167/1068 866/1224/1075 1170/611/1077
f 866/1224/1075 202/334/1074 561/1225/1076 1170/611/1077
f 567/841/357 63/86/356 561/1225/1076 1171/612/1078
f 561/1225/1076 202/334/1074 868/1226/1079 1171/612/1078
f 868/1226/1079 295/168/1080 867/1227/1081 1171/612/1078
f 867/1227/1081 205/236/359 567/841/357 1171/612/1078
f 562/1223/1072 27/38/507 358/918/506 1172/613/1082
f 358/918/506 100/259/514 869/1228/1083 1172/613/1082
f 869/1228/1083 295/168/1080 868/1226/1079 1172/613/1082
f 868/1226/1079 202/334/1074 562/1223/1072 1172/613/1082
f 357/927/524 26/37/482 566/1229/1084 1173/614/1085
f 566/1229/1084 204/335/1086 870/1230/1087 1173/614/1085
f 870/1230/1087 295/168/1080 869/1228/1083 1173/614/1085
f 869/1228/1083 100/259/514 357/927/524 1173/614/1085
f 565/1231/1088 64/87/331 568/843/361 1174/615/1089
f 568/843/361 205/236/359 867/1227/1081 1174/615/1089
f 867/1227/1081 295/168/1080 870/1230/1087 1174/615/1089
f 870/1230/1087 204/335/1086 565/1231/1088 1174/615/1089
f 571/829/332 64/87/331 565/1231/1088 1175/616/1090
f 565/1231/1088 204/335/1086 872/1232/1091 1175/616/1090
f 872/1232/1091 296/169/1092 871/1233/1093 1175/616/1090
f 871/1233/1093 207/232/334 571/829/332 1175/616/1090
f 566/1229/1084 26/37/482 356/906/481 1176/617/1094
f 356/906/481 99/255/489 873/1234/1095 1176/617/1094
f 873/1234/1095 296/169/1092 872/1232/1091 1176/617/1094
f 872/1232/1091 204/335/1086 566/1229/1084 1176/617/1094
f 355/917/504 25/36/503 570/1235/1096 1177/618/1097
f 570/1235/1096 206/336/1098 874/1236/1099 1177/618/1097
f 874/1236/1099 296/169/1092 873/1234/1095 1177/618/1097
f 873/1234/1095 99/255/489 355/917/504 1177/618/1097
f 569/1237/1100 65/89/337 572/831/336 1178/619/1101
f 572/831/336 207/232/334 871/1233/1093 1178/619/1101
f 871/1233/1093 296/169/1092 874/1236/1099 1178/619/1101
f 874/1236/1099 206/336/1098 569/1237/1100 1178/619/1101
f 575/901/472 65/88/337 569/1238/1100 1179/620/1102
f 569/1238/1100 206/337/1098 876/1239/1103 1179/620/1102
f 876/1239/1103 297/170/1104 875/1240/1105 1179/620/1102
f 875/1240/1105 209/254/474 575/901/472 1179/620/1102
f 570/1241/1096 25/44/503 370/978/626 1180/621/1106
f 370/978/626 106/277/631 877/1242/1107 1180/621/1106
f 877/1242/1107 297/170/1104 876/1239/1103 1180/621/1106
f 876/1239/1103 206/337/1098 570/1241/1096 1180/621/1106
f 369/987/639 32/43/607 574/1243/1108 1181/622/1109
f 574/1243/1108 208/338/1110 878/1244/1111 1181/622/1109
f 878/1244/1111 297/170/1104 877/1242/1107 1181/622/1109
f 877/1242/1107 106/277/631 369/987/639 1181/622/1109
f 573/1245/1112 66/90/456 576/903/476 1182/623/1113
f 576/903/476 209/254/474 875/1240/1105 1182/623/1113
f 875/1240/1105 297/170/1104 878/1244/1111 1182/623/1113
f 878/1244/1111 208/338/1110 573/1245/1112 1182/623/1113
f 577/891/457 66/90/456 573/1245/1112 1183/624/1114
f 573/1245/1112 208/338/1110 880/1246/1115 1183/624/1114
f 880/1246/1115 298/171/1116 879/1247/1117 1183/624/1114
f 879/1247/1117 210/251/459 577/891/457 1183/624/1114
f 574/1243/1108 32/43/607 368/968/606 1184/625/1118
f 368/968/606 105/274/614 881/1248/1119 1184/625/1118
f 881/1248/1119 298/171/1116 880/1246/1115 1184/625/1118
f 880/1246/1115 208/338/1110 574/1243/1108 1184/625/1118
f 367/977/624 31/42/587 548/1203/1033 1185/626/1120
f 548/1203/1033 195/330/1029 882/1249/1121 1185/626/1120
f 882/1249/1121 298/171/1116 881/1248/1119 1185/626/1120
f 881/1248/1119 105/274/614 367/977/624 1185/626/1120
f 547/1200/1027 59/82/436 578/893/461 1186/627/1122
f 578/893/461 210/251/459 879/1247/1117 1186/627/1122
f 879/1247/1117 298/171/1116 882/1249/1121 1186/627/1122
f 882/1249/1121 195/330/1029 547/1200/1027 1186/627/1122
f 583/953/577 67/91/576 579/1250/1123 1187/628/1124
f 579/1250/1123 211/339/1125 884/1251/1126 1187/628/1124
f 884/1251/1126 299/172/1127 883/1252/1128 1187/628/1124
f 883/1252/1128 213/270/579 583/953/577 1187/628/1124
f 580/1253/1129 38/50/784 380/1254/783 1188/629/1130
f 380/1254/783 111/340/791 885/1255/1131 1188/629/1130
f 885/1255/1131 299/172/1127 884/1251/1126 1188/629/1130
f 884/1251/1126 211/339/1125 580/1253/1129 1188/629/1130
f 379/1256/795 37/49/770 582/1257/1132 1189/630/1133
f 582/1257/1132 212/341/1134 886/1258/1135 1189/630/1133
f 886/1258/1135 299/172/1127 885/1255/1131 1189/630/1133
f 885/1255/1131 111/340/791 379/1256/795 1189/630/1133
f 581/1259/1136 68/92/556 584/955/581 1190/631/1137
f 584/955/581 213/270/579 883/1252/1128 1190/631/1137
f 883/1252/1128 299/172/1127 886/1258/1135 1190/631/1137
f 886/1258/1135 212/341/1134 581/1259/1136 1190/631/1137
f 587/943/557 68/92/556 581/1259/1136 1191/632/1138
f 581/1259/1136 212/341/1134 888/1260/1139 1191/632/1138
f 888/1260/1139 300/173/1140 887/1261/1141 1191/632/1138
f 887/1261/1141 215/267/559 587/943/557 1191/632/1138
f 582/1257/1132 37/49/770 378/1262/769 1192/633/1142
f 378/1262/769 110/342/777 889/1263/1143 1192/633/1142
f 889/1263/1143 300/173/1140 888/1260/1139 1192/633/1142
f 888/1260/1139 212/341/1134 582/1257/1132 1192/633/1142
f 377/1264/781 36/48/756 586/1265/1144 1193/634/1145
f 586/1265/1144 214/343/1146 890/1266/1147 1193/634/1145
f 890/1266/1147 300/173/1140 889/1263/1143 1193/634/1145
f 889/1263/1143 110/342/777 377/1264/781 1193/634/1145
f 585/1267/1148 69/93/536 588/945/561 1194/635/1149
f 588/945/561 215/267/559 887/1261/1141 1194/635/1149
f 887/1261/1141 300/173/1140 890/1266/1147 1194/635/1149
f 890/1266/1147 214/343/1146 585/1267/1148 1194/635/1149
f 591/933/537 69/93/536 585/1267/1148 1195/636/1150
f 585/1267/1148 214/343/1146 892/1268/1151 1195/636/1150
f 892/1268/1151 301/174/1152 891/1269/1153 1195/636/1150
f 891/1269/1153 217/264/539 591/933/537 1195/636/1150
f 586/1265/1144 36/48/756 376/1270/755 1196/637/1154
f 376/1270/755 109/344/763 893/1271/1155 1196/637/1154
f 893/1271/1155 301/174/1152 892/1268/1151 1196/637/1154
f 892/1268/1151 214/343/1146 586/1265/1144 1196/637/1154
f 375/1272/767 35/47/742 590/1273/1156 1197/638/1157
f 590/1273/1156 216/345/1158 894/1274/1159 1197/638/1157
f 894/1274/1159 301/174/1152 893/1271/1155 1197/638/1157
f 893/1271/1155 109/344/763 375/1272/767 1197/638/1157
f 589/1275/1160 70/94/516 592/935/541 1198/639/1161
f 592/935/541 217/264/539 891/1269/1153 1198/639/1161
f 891/1269/1153 301/174/1152 894/1274/1159 1198/639/1161
f 894/1274/1159 216/345/1158 589/1275/1160 1198/639/1161
f 595/923/517 70/94/516 589/1275/1160 1199/640/1162
f 589/1275/1160 216/345/1158 896/1276/1163 1199/640/1162
f 896/1276/1163 302/175/1164 895/1277/1165 1199/640/1162
f 895/1277/1165 219/261/519 595/923/517 1199/640/1162
f 590/1273/1156 35/47/742 374/1278/741 1200/641/1166
f 374/1278/741 108/346/749 897/1279/1167 1200/641/1166
f 897/1279/1167 302/175/1164 896/1276/1163 1200/641/1166
f 896/1276/1163 216/345/1158 590/1273/1156 1200/641/1166
f 373/1280/753 34/46/723 594/1281/1168 1201/642/1169
f 594/1281/1168 218/347/1170 898/1282/1171 1201/642/1169
f 898/1282/1171 302/175/1164 897/1279/1167 1201/642/1169
f 897/1279/1167 108/346/749 373/1280/753 1201/642/1169
f 593/1283/1172 71/95/491 596/925/521 1202/643/1173
f 596/925/521 219/261/519 895/1277/1165 1202/643/1173
f 895/1277/1165 302/175/1164 898/1282/1171 1202/643/1173
f 898/1282/1171 218/347/1170 593/1283/1172 1202/643/1173
f 599/911/492 71/95/491 593/1283/1172 1203/644/1174
f 593/1283/1172 218/347/1170 900/1284/1175 1203/644/1174
f 900/1284/1175 303/176/1176 899/1285/1177 1203/644/1174
f 899/1285/1177 221/257/494 599/911/492 1203/644/1174
f 594/1281/1168 34/46/723 372/1286/722 1204/645/1178
f 372/1286/722 107/348/730 901/1287/1179 1204/645/1178
f 901/1287/1179 303/176/1176 900/1284/1175 1204/645/1178
f 900/1284/1175 218/347/1170 594/1281/1168 1204/645/1178
f 371/1288/739 33/45/738 598/1289/1180 1205/646/1181
f 598/1289/1180 220/349/1182 902/1290/1183 1205/646/1181
f 902/1290/1183 303/176/1176 901/1287/1179 1205/646/1181
f 901/1287/1179 107/348/730 371/1288/739 1205/646/1181
f 597/1291/1184 72/97/497 600/913/496 1206/647/1185
f 600/913/496 221/257/494 899/1285/1177 1206/647/1185
f 899/1285/1177 303/176/1176 902/1290/1183 1206/647/1185
f 902/1290/1183 220/349/1182 597/1291/1184 1206/647/1185
f 603/983/632 72/96/497 597/1292/1184 1207/648/1186
f 597/1292/1184 220/350/1182 904/1293/1187 1207/648/1186
f 904/1293/1187 304/177/1188 903/1294/1189 1207/648/1186
f 903/1294/1189 223/279/634 603/983/632 1207/648/1186
f 598/1295/1180 33/53/738 386/1296/825 1208/649/1190
f 386/1296/825 114/351/830 905/1297/1191 1208/649/1190
f 905/1297/1191 304/177/1188 904/1293/1187 1208/649/1190
f 904/1293/1187 220/350/1182 598/1295/1180 1208/649/1190
f 385/1298/833 40/52/812 602/1299/1192 1209/650/1193
f 602/1299/1192 222/352/1194 906/1300/1195 1209/650/1193
f 906/1300/1195 304/177/1188 905/1297/1191 1209/650/1193
f 905/1297/1191 114/351/830 385/1298/833 1209/650/1193
f 601/1301/1196 73/98/616 604/985/636 1210/651/1197
f 604/985/636 223/279/634 903/1294/1189 1210/651/1197
f 903/1294/1189 304/177/1188 906/1300/1195 1210/651/1197
f 906/1300/1195 222/352/1194 601/1301/1196 1210/651/1197
f 607/973/617 73/98/616 601/1301/1196 1211/652/1198
f 601/1301/1196 222/352/1194 908/1302/1199 1211/652/1198
f 908/1302/1199 305/178/1200 907/1303/1201 1211/652/1198
f 907/1303/1201 225/276/619 607/973/617 1211/652/1198
f 602/1299/1192 40/52/812 384/1304/811 1212/653/1202
f 384/1304/811 113/353/819 909/1305/1203 1212/653/1202
f 909/1305/1203 305/178/1200 908/1302/1199 1212/653/1202
f 908/1302/1199 222/352/1194 602/1299/1192 1212/653/1202
f 383/1306/823 39/51/798 606/1307/1204 1213/654/1205
f 606/1307/1204 224/354/1206 910/1308/1207 1213/654/1205
f 910/1308/1207 305/178/1200 909/1305/1203 1213/654/1205
f 909/1305/1203 113/353/819 383/1306/823 1213/654/1205
f 605/1309/1208 74/99/596 608/975/621 1214/655/1209
f 608/975/621 225/276/619 907/1303/1201 1214/655/1209
f 907/1303/1201 305/178/1200 910/1308/1207 1214/655/1209
f 910/1308/1207 224/354/1206 605/1309/1208 1214/655/1209
f 609/963/597 74/99/596 605/1309/1208 1215/656/1210
f 605/1309/1208 224/354/1206 912/1310/1211 1215/656/1210
f 912/1310/1211 306/179/1212 911/1311/1213 1215/656/1210
f 911/1311/1213 226/273/599 609/963/597 1215/656/1210
f 606/1307/1204 39/51/798 382/1312/797 1216/657/1214
f 382/1312/797 112/355/805 913/1313/1215 1216/657/1214
f 913/1313/1215 306/179/1212 912/1310/1211 1216/657/1214
f 912/1310/1211 224/354/1206 606/1307/1204 1216/657/1214
f 381/1314/809 38/50/784 580/1253/1129 1217/658/1216
f 580/1253/1129 211/339/1125 914/1315/1217 1217/658/1216
f 914/1315/1217 306/179/1212 913/1313/1215 1217/658/1216
f 913/1313/1215 112/355/805 381/1314/809 1217/658/1216
f 579/1250/1123 67/91/576 610/965/601 1218/659/1218
f 610/965/601 226/273/599 911/1311/1213 1218/659/1218
f 911/1311/1213 306/179/1212 914/1315/1217 1218/659/1218
f 914/1315/1217 211/339/1125 579/1250/1123 1218/659/1218
